ticker,source_symbol,date,open,high,low,close,volume,adj_close
APD,APD,2009-01-02,46.54024124145508,49.52821350097656,46.271968841552734,49.08418273925781,2104167,31.781211853027344
APD,APD,2009-01-05,48.9361686706543,51.45235824584961,48.14060974121094,51.20259094238281,3315643,33.152854919433594
APD,APD,2009-01-06,51.84088897705078,55.171138763427734,51.81313705444336,54.87511444091797,3616594,35.53074645996094
APD,APD,2009-01-07,54.4033317565918,54.4033317565918,52.321922302246094,52.691951751708984,3477793,34.11719512939453
APD,APD,2009-01-08,52.173912048339844,54.46808624267578,51.748382568359375,53.77428436279297,2150433,34.817989349365234
APD,APD,2009-01-09,53.45975875854492,53.728031158447266,52.09065628051758,52.37742614746094,1813810,33.91353225708008
APD,APD,2009-01-12,52.13690948486328,52.701202392578125,51.230342864990234,51.61886978149414,3072094,33.4223747253418
APD,APD,2009-01-13,51.05458068847656,52.88621520996094,50.90656661987305,52.00740051269531,2489111,33.67395782470703
APD,APD,2009-01-14,51.27659606933594,51.27659606933594,49.67622756958008,50.2960205078125,2046874,32.565860748291016
APD,APD,2009-01-15,50.888065338134766,52.192413330078125,49.269195556640625,51.8686408996582,2436682,33.5841064453125
APD,APD,2009-01-16,52.5809440612793,53.29324722290039,51.05458068847656,52.74745559692383,3141062,34.15311813354492
APD,APD,2009-01-20,52.61794662475586,52.72895431518555,48.65864944458008,48.69565200805664,2896215,31.529638290405273
APD,APD,2009-01-21,46.33672332763672,50.15726089477539,46.327476501464844,50.0462532043457,3661996,32.404136657714844
APD,APD,2009-01-22,48.49213790893555,49.01942443847656,46.87326431274414,48.02960205078125,3433688,31.098386764526367
APD,APD,2009-01-23,47.51156234741211,49.4912109375,46.36447525024414,48.908416748046875,2345878,31.66742515563965
APD,APD,2009-01-26,48.908416748046875,51.15633773803711,48.83441162109375,50.092506408691406,3454552,32.43410110473633
APD,APD,2009-01-27,50.95281982421875,51.5633659362793,50.00925064086914,50.64754867553711,3015017,32.793479919433594
APD,APD,2009-01-28,51.57261657714844,52.94172286987305,51.34135055541992,51.84088897705078,3902302,33.566139221191406
APD,APD,2009-01-29,49.9537467956543,50.94356918334961,48.982425689697266,49.29694747924805,3039556,31.918981552124023
APD,APD,2009-01-30,49.22294235229492,49.73173141479492,46.16096115112305,46.53099060058594,3592379,30.12805938720703
APD,APD,2009-02-02,45.5504150390625,47.36355209350586,45.41165542602539,46.419979095458984,2637640,30.056190490722656
APD,APD,2009-02-03,46.780757904052734,48.28862380981445,46.59574508666992,48.02960205078125,2260155,31.098386764526367
APD,APD,2009-02-04,48.28862380981445,50.083255767822266,48.251617431640625,48.612396240234375,2354094,31.475727081298828
APD,APD,2009-02-05,48.908416748046875,50.860313415527344,47.64107131958008,50.074005126953125,3287105,32.4221076965332
APD,APD,2009-02-06,50.2497673034668,51.93339538574219,50.02775192260742,51.248844146728516,3623620,33.182804107666016
APD,APD,2009-02-09,50.02775192260742,52.710453033447266,49.768733978271484,51.66512680053711,2570618,33.45233917236328
APD,APD,2009-02-10,51.517112731933594,52.14616012573242,48.455135345458984,48.84366226196289,3449687,31.625490188598633
APD,APD,2009-02-11,49.01942443847656,49.32469940185547,47.55781555175781,48.33487319946289,3113172,31.29606056213379
APD,APD,2009-02-12,47.73358154296875,50.49953842163086,47.17853927612305,50.444034576416016,3324183,32.66170883178711
APD,APD,2009-02-13,50.231266021728516,50.878814697265625,49.648475646972656,49.98149871826172,1758571,32.362205505371094
APD,APD,2009-02-17,48.085105895996094,48.96392059326172,47.650325775146484,48.112857818603516,2141245,31.152301788330078
APD,APD,2009-02-18,48.40888214111328,49.713226318359375,48.38113021850586,48.88066482543945,2390632,31.649446487426758
APD,APD,2009-02-19,49.4912109375,50.444034576416016,48.760406494140625,49.07493209838867,2176594,31.775245666503906
APD,APD,2009-02-20,46.299720764160156,48.621646881103516,46.262718200683594,47.40055465698242,3318346,30.69109344482422
APD,APD,2009-02-23,47.84458923339844,47.84458923339844,44.26456832885742,44.33857345581055,2772225,28.70852279663086
APD,APD,2009-02-24,44.384830474853516,45.7169303894043,43.58926773071289,45.41165542602539,3082039,29.403305053710938
APD,APD,2009-02-25,45.22664260864258,45.624420166015625,43.32099914550781,43.728031158447266,2637316,28.31318473815918
APD,APD,2009-02-26,44.22756576538086,45.29139709472656,42.99722671508789,43.209991455078125,2362417,27.97777557373047
APD,APD,2009-02-27,42.562442779541016,43.644771575927734,42.14616012573242,42.78445816040039,2588995,27.702241897583008
APD,APD,2009-03-02,41.97039794921875,42.691951751708984,40.582794189453125,40.740055084228516,2386956,26.378538131713867
APD,APD,2009-03-03,41.46160888671875,42.01665115356445,40.18501281738281,40.51803970336914,2240805,26.234777450561523
APD,APD,2009-03-04,41.32284927368164,43.654022216796875,41.07307815551758,43.09898376464844,3108524,27.905887603759766
APD,APD,2009-03-05,41.96114730834961,42.45143508911133,41.526363372802734,41.81313705444336,4225737,27.073331832885742
APD,APD,2009-03-06,42.201663970947266,43.728031158447266,41.85939025878906,42.93246841430664,5070214,27.798078536987305
APD,APD,2009-03-09,42.3311767578125,43.46900939941406,41.81313705444336,42.12765884399414,3121928,27.276979446411133
APD,APD,2009-03-10,43.15448760986328,45.26364517211914,42.22941589355469,44.76410675048828,3106254,28.984037399291992
APD,APD,2009-03-11,45.21739196777344,46.484737396240234,44.828861236572266,46.07770538330078,2423386,29.834569931030273
APD,APD,2009-03-12,45.93894577026367,47.72433090209961,44.88436508178711,47.53931427001953,2554187,30.780929565429688
APD,APD,2009-03-13,47.39130401611328,49.15818786621094,47.38205337524414,48.778907775878906,2428142,31.583553314208984
APD,APD,2009-03-16,49.398704528808594,50.869564056396484,48.88066482543945,49.30619812011719,2770171,31.92496681213379
APD,APD,2009-03-17,49.287696838378906,50.52729034423828,48.94541931152344,50.52729034423828,2631154,32.71562194824219
APD,APD,2009-03-18,50.074005126953125,52.15541076660156,49.787235260009766,51.877891540527344,3400826,33.59010314941406
APD,APD,2009-03-19,52.405181884765625,53.16373825073242,51.50786209106445,52.543941497802734,2725309,34.0213623046875
APD,APD,2009-03-20,51.42460632324219,52.867713928222656,50.573543548583984,51.0638313293457,2998586,33.06301498413086
APD,APD,2009-03-23,52.173912048339844,52.44218444824219,51.258094787597656,51.71137619018555,4160337,33.48228073120117
APD,APD,2009-03-24,52.14616012573242,53.191490173339844,51.50786209106445,52.210914611816406,1993905,33.80573272705078
APD,APD,2009-03-25,52.76595687866211,54.514339447021484,51.81313705444336,53.31174850463867,1718790,34.518497467041016
APD,APD,2009-03-26,53.74653244018555,55.689178466796875,53.644771575927734,55.39315414428711,1965366,35.866172790527344
APD,APD,2009-03-27,54.93061828613281,55.494911193847656,54.21831512451172,54.36632537841797,2386524,35.20131301879883
APD,APD,2009-03-30,52.701202392578125,52.701202392578125,50.740055084228516,51.258094787597656,1983203,33.44487380981445
APD,APD,2009-03-31,51.70212936401367,52.867713928222656,51.45235824584961,52.035152435302734,1572206,33.95188903808594
APD,APD,2009-04-01,51.378353118896484,53.709529876708984,50.62904739379883,53.26549530029297,1620851,34.75466537475586
APD,APD,2009-04-02,54.57909393310547,55.689178466796875,54.181312561035156,54.78260803222656,2074007,35.74457550048828
APD,APD,2009-04-03,54.810359954833984,55.994449615478516,53.996299743652344,55.994449615478516,1560207,36.535247802734375
APD,APD,2009-04-06,55.3006477355957,55.605918884277344,53.191490173339844,54.21831512451172,1822566,35.376365661621094
APD,APD,2009-04-07,53.15448760986328,53.45050811767578,52.28491973876953,52.46068572998047,1105431,34.22954559326172
APD,APD,2009-04-08,52.49768829345703,53.83903884887695,52.192413330078125,53.737281799316406,1134726,35.06248474121094
APD,APD,2009-04-09,55.189640045166016,55.95744705200195,54.70860290527344,55.57816696166992,1170399,36.263648986816406
APD,APD,2009-04-13,54.96762466430664,55.58741760253906,53.9870491027832,55.08788299560547,1227476,35.943729400634766
APD,APD,2009-04-14,54.20906448364258,55.08788299560547,53.709529876708984,54.19981384277344,1244015,35.364295959472656
APD,APD,2009-04-15,54.30157470703125,55.309898376464844,53.848289489746094,55.309898376464844,1244772,36.08860778808594
APD,APD,2009-04-16,55.975948333740234,56.262718200683594,54.85661315917969,55.94819641113281,1286606,36.50508117675781
APD,APD,2009-04-17,56.21646499633789,56.345977783203125,55.171138763427734,56.1054573059082,1521183,36.607688903808594
APD,APD,2009-04-20,55.66142654418945,55.846439361572266,53.30249786376953,53.45975875854492,1740518,34.881412506103516
APD,APD,2009-04-21,52.80295944213867,54.005550384521484,52.10915756225586,53.700279235839844,2928321,35.038360595703125
APD,APD,2009-04-22,53.376502990722656,58.05735397338867,52.81221008300781,56.60499572753906,3956244,36.933624267578125
APD,APD,2009-04-23,58.26087188720703,58.26087188720703,55.846439361572266,56.41073226928711,3017287,36.80686569213867
APD,APD,2009-04-24,56.82701110839844,58.51988983154297,56.790008544921875,57.90934371948242,2860650,37.78468322753906
APD,APD,2009-04-27,57.613319396972656,58.32562255859375,56.69750213623047,57.74283218383789,1642796,37.67604064941406
APD,APD,2009-04-28,57.34505081176758,58.82516098022461,57.00277328491211,58.15911102294922,1492753,37.94764709472656
APD,APD,2009-04-29,58.51063919067383,60.51803970336914,58.51063919067383,59.85198974609375,1908830,39.05221176147461
APD,APD,2009-04-30,60.69380187988281,62.839962005615234,60.02775192260742,60.96207046508789,2363931,39.77652359008789
APD,APD,2009-05-01,60.860313415527344,61.80388641357422,59.96299743652344,60.82331085205078,1277310,39.68598937988281
APD,APD,2009-05-04,61.535614013671875,62.80295944213867,61.13783645629883,62.1646614074707,1838457,40.56119155883789
APD,APD,2009-05-05,62.28491973876953,62.43293380737305,60.064754486083984,61.27659606933594,2051089,39.98175048828125
APD,APD,2009-05-06,62.09990692138672,62.210914611816406,60.12950897216797,60.65679931640625,2044820,39.57735061645508
APD,APD,2009-05-07,61.79463577270508,61.80388641357422,57.456058502197266,58.06660461425781,2609426,37.88729476928711
APD,APD,2009-05-08,58.603145599365234,59.47270965576172,57.03977966308594,57.789085388183594,3700804,37.70621871948242
APD,APD,2009-05-11,57.1230354309082,58.85291290283203,56.8177604675293,57.90009307861328,2242318,37.77865219116211
APD,APD,2009-05-12,58.233116149902344,58.41813278198242,57.33580017089844,58.02960205078125,1419785,37.863155364990234
APD,APD,2009-05-13,57.04903030395508,57.150787353515625,55.13413619995117,55.56891632080078,2161568,36.257606506347656
APD,APD,2009-05-14,55.5504150390625,57.23404312133789,55.5504150390625,56.95652389526367,2781954,37.162986755371094
APD,APD,2009-05-15,56.73450469970703,58.37187957763672,56.660499572753906,56.97502136230469,2484246,37.175052642822266
APD,APD,2009-05-18,57.650325775146484,59.916744232177734,57.40980529785156,59.48196029663086,3054366,38.8107795715332
APD,APD,2009-05-19,59.583717346191406,60.379276275634766,59.00092315673828,59.121185302734375,2373119,38.57537841796875
APD,APD,2009-05-20,59.51896286010742,60.12025833129883,58.482887268066406,58.71415328979492,1902128,38.30980682373047
APD,APD,2009-05-21,58.06660461425781,58.06660461425781,56.21646499633789,56.74375534057617,2063413,37.02415084838867
APD,APD,2009-05-22,56.84551239013672,58.455135345458984,56.72525405883789,57.70582962036133,1397301,37.65191650390625
APD,APD,2009-05-26,57.24329376220703,59.417205810546875,56.72525405883789,59.111934661865234,1758787,38.56935119628906
APD,APD,2009-05-27,58.94541931152344,59.52821350097656,57.50231170654297,57.53006362915039,1547884,37.53721237182617
APD,APD,2009-05-28,57.99259948730469,58.37187957763672,56.87326431274414,57.99259948730469,1373627,37.83900451660156
APD,APD,2009-05-29,58.54764175415039,60.02775192260742,57.964847564697266,59.925994873046875,2262101,39.100494384765625
APD,APD,2009-06-01,60.65679931640625,63.31174850463867,60.65679931640625,63.03422927856445,1818999,41.12856674194336
APD,APD,2009-06-02,62.95096969604492,63.348751068115234,62.43293380737305,63.17298889160156,1656524,41.2191276550293
APD,APD,2009-06-03,63.052730560302734,63.052730560302734,60.64754867553711,61.5633659362793,1669280,40.16886901855469
APD,APD,2009-06-04,61.63737487792969,63.25624465942383,61.3135986328125,63.200740814208984,1940936,41.23721694946289
APD,APD,2009-06-05,63.60777282714844,63.77428436279297,62.025901794433594,63.11748504638672,1824188,41.182899475097656
APD,APD,2009-06-08,63.015724182128906,63.015724182128906,61.110084533691406,62.35892868041992,2172810,40.68793487548828
APD,APD,2009-06-09,62.45143508911133,63.57076644897461,62.31267166137695,63.191490173339844,1236556,41.231170654296875
APD,APD,2009-06-10,63.996299743652344,64.29232025146484,61.33209991455078,62.65494918823242,1410273,40.881080627441406
APD,APD,2009-06-11,62.553192138671875,64.69010162353516,62.534690856933594,63.4782600402832,1610690,41.41829299926758
APD,APD,2009-06-12,62.94172286987305,63.200740814208984,62.09065628051758,62.89546585083008,1673929,41.038028717041016
APD,APD,2009-06-15,62.27566909790039,62.27566909790039,60.40703201293945,60.83256149291992,1623013,39.6920166015625
APD,APD,2009-06-16,61.14708709716797,61.21184158325195,59.777984619140625,59.85198974609375,1459891,39.05221176147461
APD,APD,2009-06-17,59.60221862792969,61.16558837890625,59.121185302734375,59.546714782714844,3007774,38.85304260253906
APD,APD,2009-06-18,59.63922119140625,61.248844146728516,59.20444107055664,60.61979675292969,1628527,39.55318832397461
APD,APD,2009-06-19,60.77705764770508,61.230342864990234,59.4912109375,60.074005126953125,1699981,39.19707107543945
APD,APD,2009-06-22,59.32469940185547,59.63922119140625,57.23404312133789,57.317298889160156,2050441,37.39839172363281
APD,APD,2009-06-23,57.33580017089844,58.83441162109375,56.76225662231445,58.50138854980469,1882562,38.17097091674805
APD,APD,2009-06-24,58.97317123413086,59.80573654174805,58.122108459472656,58.64939880371094,1356547,38.267555236816406
APD,APD,2009-06-25,58.760406494140625,60.02775192260742,58.112857818603516,60.01850128173828,1353520,39.16086959838867
APD,APD,2009-06-26,59.86124038696289,60.65679931640625,59.31544876098633,60.30527114868164,2687258,39.34797668457031
APD,APD,2009-06-29,60.30527114868164,60.91581726074219,59.759483337402344,60.65679931640625,908905,39.85245132446289
APD,APD,2009-06-30,60.26826858520508,60.78630828857422,59.46345901489258,59.7502326965332,1413948,39.2568244934082
APD,APD,2009-07-01,60.03700256347656,61.017574310302734,59.4912109375,59.796485900878906,1251149,39.287200927734375
APD,APD,2009-07-02,59.01942443847656,59.796485900878906,57.69657516479492,57.69657516479492,1164886,37.90753173828125
APD,APD,2009-07-06,56.87326431274414,58.28862380981445,56.72525405883789,58.15911102294922,1483673,38.21141815185547
APD,APD,2009-07-07,57.90934371948242,58.05735397338867,55.985198974609375,56.16096115112305,1312658,36.89861297607422
APD,APD,2009-07-08,57.64107131958008,58.21461486816406,57.05827713012695,57.50231170654297,3352938,37.77989959716797
APD,APD,2009-07-09,58.07585525512695,58.99167251586914,57.816837310791016,58.37187957763672,1549830,38.351200103759766
APD,APD,2009-07-10,57.86309051513672,59.06568145751953,57.40055465698242,58.56614303588867,1180668,38.478843688964844
APD,APD,2009-07-13,58.112857818603516,60.0,57.74283218383789,60.0,1175479,39.420928955078125
APD,APD,2009-07-14,59.98149871826172,60.82331085205078,59.45420837402344,60.17576217651367,972792,39.536399841308594
APD,APD,2009-07-15,60.582794189453125,62.44218444824219,60.582794189453125,62.28491973876953,1583233,40.92215347290039
APD,APD,2009-07-16,62.10915756225586,63.496761322021484,61.93339538574219,63.367252349853516,1470592,41.633262634277344
APD,APD,2009-07-17,63.015724182128906,63.071231842041016,62.28491973876953,62.682701110839844,1162291,41.183494567871094
APD,APD,2009-07-20,62.710453033447266,63.728031158447266,62.22941589355469,63.4320068359375,1238177,41.67579650878906
APD,APD,2009-07-21,64.19056701660156,64.73635864257812,62.66419982910156,64.47733306884766,1876076,42.36259460449219
APD,APD,2009-07-22,63.580020904541016,64.72710418701172,61.535614013671875,64.64384460449219,1739761,42.471988677978516
APD,APD,2009-07-23,64.43108367919922,67.4930648803711,64.38482666015625,66.9565200805664,2829518,43.991458892822266
APD,APD,2009-07-24,66.48473358154297,67.90009307861328,66.09620666503906,67.85383605957031,1408651,44.58101272583008
APD,APD,2009-07-27,67.5855712890625,68.79740905761719,67.41905975341797,68.52913665771484,1380113,45.02468490600586
APD,APD,2009-07-28,68.982421875,68.982421875,66.66974639892578,67.98335266113281,1497617,44.666114807128906
APD,APD,2009-07-29,67.23403930664062,67.52081298828125,66.1517105102539,67.02127838134766,1714466,44.034000396728516
APD,APD,2009-07-30,68.14986419677734,69.60221862792969,67.90933990478516,68.88066864013672,1427569,45.25564956665039
APD,APD,2009-07-31,68.94541931152344,69.9074935913086,68.6864013671875,69.01017761230469,1752085,45.34074783325195
APD,APD,2009-08-03,69.38020324707031,70.12950897216797,68.97317504882812,69.74098205566406,1492861,45.820884704589844
APD,APD,2009-08-04,68.73265838623047,69.75948333740234,68.45513153076172,69.03792572021484,1303794,45.35895538330078
APD,APD,2009-08-05,68.54763793945312,69.33394622802734,68.00184631347656,68.75115966796875,1289309,45.17055130004883
APD,APD,2009-08-06,69.11193084716797,69.38020324707031,68.0851058959961,68.58464050292969,1164129,45.06114196777344
APD,APD,2009-08-07,68.982421875,69.75948333740234,68.2701187133789,69.03792572021484,1462485,45.35895538330078
APD,APD,2009-08-10,68.6864013671875,68.6864013671875,68.15911102294922,68.50138854980469,1490807,45.0064582824707
APD,APD,2009-08-11,68.35337829589844,68.91767120361328,67.73358154296875,68.45513153076172,1282823,44.97605895996094
APD,APD,2009-08-12,68.16836547851562,70.2960205078125,68.02960205078125,69.74098205566406,987926,45.820884704589844
APD,APD,2009-08-13,70.25901794433594,70.79556274414062,69.64847564697266,70.24977111816406,890204,46.1551628112793
APD,APD,2009-08-14,70.24977111816406,70.33302307128906,68.07585906982422,68.74190521240234,1264446,45.16448211669922
APD,APD,2009-08-17,67.14153289794922,68.02035522460938,66.79000854492188,67.55781555175781,2108166,44.38651657104492
APD,APD,2009-08-18,67.69657897949219,68.41812896728516,67.50231170654297,68.31637573242188,1126510,44.8848762512207
APD,APD,2009-08-19,67.53006744384766,69.36170196533203,67.15078735351562,68.91767120361328,1037111,45.279945373535156
APD,APD,2009-08-20,68.92691802978516,69.2876968383789,68.40888214111328,68.87141418457031,851396,45.24956512451172
APD,APD,2009-08-21,69.5837173461914,70.98982238769531,69.48196411132812,70.8973159790039,1434055,46.58061981201172
APD,APD,2009-08-24,71.4338607788086,71.69287872314453,70.12950897216797,70.42552947998047,888150,46.27064895629883
APD,APD,2009-08-25,70.592041015625,71.23033905029297,69.74098205566406,69.9074935913086,811831,45.93028259277344
APD,APD,2009-08-26,69.73172760009766,70.98057556152344,69.23219299316406,69.94449615478516,953874,45.954593658447266
APD,APD,2009-08-27,69.86123657226562,70.31452178955078,68.41812896728516,69.97224426269531,1008357,45.97283172607422
APD,APD,2009-08-28,70.46253204345703,70.91581726074219,69.52821350097656,70.08325958251953,1146941,46.04576873779297
APD,APD,2009-08-31,69.50971221923828,69.86123657226562,68.94541931152344,69.407958984375,886744,45.602081298828125
APD,APD,2009-09-01,69.00092315673828,70.15726470947266,68.1868667602539,68.45513153076172,1670037,44.97605895996094
APD,APD,2009-09-02,68.43663024902344,68.61239624023438,67.79833221435547,68.01110076904297,1721709,44.684326171875
APD,APD,2009-09-03,68.63089752197266,68.7789077758789,68.02035522460938,68.76966094970703,1332224,45.18270492553711
APD,APD,2009-09-04,68.79740905761719,69.52821350097656,68.12210845947266,69.50971221923828,777563,45.668949127197266
APD,APD,2009-09-08,70.5087890625,70.5087890625,69.32469940185547,69.82423400878906,1625716,45.87559127807617
APD,APD,2009-09-09,69.9907455444336,70.7215576171875,69.3987045288086,69.89823913574219,1569288,45.9242057800293
APD,APD,2009-09-10,69.7039794921875,69.87049102783203,68.36262512207031,68.65864562988281,2838490,45.109764099121094
APD,APD,2009-09-11,69.06568145751953,69.33394622802734,68.02960205078125,68.30712127685547,2609102,44.878822326660156
APD,APD,2009-09-14,67.99259948730469,69.4912109375,67.4653091430664,69.43570709228516,1662794,45.62031173706055
APD,APD,2009-09-15,69.6114730834961,71.44310760498047,69.44496154785156,71.30435180664062,1758895,46.84803009033203
APD,APD,2009-09-16,71.64662170410156,73.81128692626953,71.46160888671875,73.26549530029297,2501326,48.13654708862305
APD,APD,2009-09-17,72.98797607421875,74.00554656982422,72.80296325683594,73.57077026367188,1851537,48.33711624145508
APD,APD,2009-09-18,73.96855163574219,74.56059265136719,73.21923828125,74.19056701660156,1775326,48.74433517456055
APD,APD,2009-09-21,73.20073699951172,73.85753631591797,72.2386703491211,73.53376770019531,1470809,48.31282043457031
APD,APD,2009-09-22,74.09806060791016,74.34782409667969,72.89546966552734,73.36725616455078,1300119,48.203392028808594
APD,APD,2009-09-23,73.644775390625,73.644775390625,71.7021255493164,71.74838256835938,1707872,47.139774322509766
APD,APD,2009-09-24,71.92414093017578,72.31267547607422,71.18408966064453,71.5171127319336,1404219,46.987823486328125
APD,APD,2009-09-25,71.07308197021484,72.06290435791016,70.79556274414062,70.95281982421875,1019815,46.61708068847656
APD,APD,2009-09-28,71.47086334228516,73.09898376464844,71.23033905029297,72.67345428466797,1010843,47.747581481933594
APD,APD,2009-09-29,72.6364517211914,73.33025360107422,72.09066009521484,72.25717163085938,1015924,47.747581481933594
APD,APD,2009-09-30,72.18316650390625,72.95097351074219,70.8973159790039,71.76688385009766,1408327,47.42359924316406
APD,APD,2009-10-01,71.85013580322266,71.97039794921875,69.75022888183594,69.75022888183594,1961150,46.090972900390625
APD,APD,2009-10-02,69.1026840209961,70.61054229736328,68.23311614990234,69.87049102783203,1910127,46.17045974731445
APD,APD,2009-10-05,70.19426727294922,71.12858581542969,69.14893341064453,70.42552947998047,1350818,46.53721618652344
APD,APD,2009-10-06,71.29509735107422,72.118408203125,70.78630828857422,71.86863708496094,1494050,47.49080276489258
APD,APD,2009-10-07,72.15541076660156,72.68270111083984,71.77613067626953,72.29417419433594,1421083,47.77201843261719
APD,APD,2009-10-08,73.32099914550781,73.87603759765625,72.9232177734375,73.26549530029297,1908397,48.41385269165039
APD,APD,2009-10-09,73.3395004272461,74.33857727050781,73.3395004272461,74.22756958007812,2265452,49.04960632324219
APD,APD,2009-10-12,74.59759521484375,75.43940734863281,74.153564453125,75.15263366699219,1897263,49.660888671875
APD,APD,2009-10-13,75.06012725830078,76.58649444580078,74.18131256103516,76.1517105102539,2677205,50.32107925415039
APD,APD,2009-10-14,76.91951751708984,77.34505462646484,76.37372589111328,77.31729888916016,2243075,51.09130859375
APD,APD,2009-10-15,77.00277709960938,77.65957641601562,76.54023742675781,77.65957641601562,1493077,51.31747817993164
APD,APD,2009-10-16,77.33580017089844,77.42830657958984,76.45698547363281,76.76226043701172,1799108,50.72452926635742
APD,APD,2009-10-19,76.79926300048828,78.10360717773438,76.69750213623047,77.51156616210938,1245204,51.219669342041016
APD,APD,2009-10-20,77.53006744384766,77.6688232421875,75.66142272949219,77.00277709960938,1824944,50.88344955444336
APD,APD,2009-10-21,76.78076171875,77.47456359863281,75.5504150390625,75.82793426513672,2971237,50.107120513916016
APD,APD,2009-10-22,75.22663879394531,77.51156616210938,74.60684967041016,76.9842758178711,1864293,50.87123107910156
APD,APD,2009-10-23,77.1600341796875,77.1600341796875,74.63459777832031,75.06012725830078,1213531,49.59977722167969
APD,APD,2009-10-26,75.06012725830078,76.49398803710938,73.86679077148438,74.20906829833984,1525507,49.03738784790039
APD,APD,2009-10-27,74.26457214355469,75.4671630859375,74.07030487060547,74.67160034179688,1336116,49.343021392822266
APD,APD,2009-10-28,74.27381896972656,74.41258239746094,71.29509735107422,71.79463195800781,2030442,47.4419059753418
APD,APD,2009-10-29,72.51618957519531,74.10730743408203,72.51618957519531,74.07955932617188,1307578,48.95178985595703
APD,APD,2009-10-30,73.86679077148438,74.09806060791016,70.98057556152344,71.35060119628906,1635445,47.148494720458984
APD,APD,2009-11-02,72.15541076660156,73.59851837158203,71.44310760498047,72.43292999267578,1620527,47.863704681396484
APD,APD,2009-11-03,71.8131332397461,73.0434799194336,71.55411529541016,72.70120239257812,949334,48.04096603393555
APD,APD,2009-11-04,72.89546966552734,73.7372817993164,71.66512298583984,71.83163452148438,1672199,47.466373443603516
APD,APD,2009-11-05,72.38668060302734,73.61701965332031,72.34967803955078,73.5522689819336,1377951,48.603355407714844
APD,APD,2009-11-06,72.97872161865234,74.87511444091797,72.64569854736328,74.1443099975586,1132564,48.99458694458008
APD,APD,2009-11-09,74.77336120605469,76.08695983886719,74.48658752441406,75.88343811035156,1021977,50.14380645751953
APD,APD,2009-11-10,75.74468231201172,76.29972076416016,75.337646484375,76.0592041015625,1179912,50.25994110107422
APD,APD,2009-11-11,76.58649444580078,77.21553802490234,76.03144836425781,76.59574127197266,775834,50.61450958251953
APD,APD,2009-11-12,76.3644790649414,77.08602905273438,75.60591888427734,76.34597778320312,1285633,50.4494514465332
APD,APD,2009-11-13,76.71600341796875,77.60407257080078,76.29047393798828,77.13228607177734,1193856,50.96904754638672
APD,APD,2009-11-16,77.61331939697266,79.03792572021484,77.53931427001953,78.36262512207031,1236880,51.78205490112305
APD,APD,2009-11-17,78.02960205078125,78.22386932373047,77.27104187011719,78.16836547851562,878745,51.653690338134766
APD,APD,2009-11-18,78.23311614990234,78.26087188720703,77.03977966308594,77.53006744384766,793778,51.231895446777344
APD,APD,2009-11-19,76.80850982666016,77.21553802490234,75.12488555908203,76.07770538330078,1230286,50.27219009399414
APD,APD,2009-11-20,75.71692657470703,76.34597778320312,74.82886505126953,76.17021179199219,1128888,50.33329772949219
APD,APD,2009-11-23,76.71600341796875,78.00184631347656,76.3644790649414,76.76226043701172,929768,50.72452926635742
APD,APD,2009-11-24,76.74375915527344,77.24329376220703,75.51341247558594,76.40148162841797,1106728,50.48613357543945
APD,APD,2009-11-25,76.25347137451172,77.12303161621094,76.21646881103516,77.09528350830078,963279,50.94457244873047
APD,APD,2009-11-27,75.26364135742188,76.53099060058594,74.64384460449219,75.95744323730469,885231,50.192710876464844
APD,APD,2009-11-30,75.98519897460938,76.92877197265625,75.35615539550781,76.71600341796875,1496320,50.693973541259766
APD,APD,2009-12-01,77.54856872558594,77.99259948730469,76.6604995727539,77.33580017089844,1336440,51.103519439697266
APD,APD,2009-12-02,77.48381042480469,78.10360717773438,77.1692886352539,77.91859436035156,1307470,51.48863983154297
APD,APD,2009-12-03,77.86309051513672,78.1776123046875,76.22571563720703,76.30897521972656,1143158,50.424991607666016
APD,APD,2009-12-04,77.14153289794922,77.52081298828125,74.51433563232422,75.9389419555664,1886021,50.180484771728516
APD,APD,2009-12-07,75.6706771850586,76.40148162841797,75.20813751220703,75.77243041992188,1775867,50.07044982910156
APD,APD,2009-12-08,74.25531768798828,75.74468231201172,74.17206573486328,74.49583435058594,1345521,49.226863861083984
APD,APD,2009-12-09,74.6530990600586,76.08695983886719,73.58927154541016,76.08695983886719,2173026,50.27830123901367
APD,APD,2009-12-10,76.89176940917969,77.12303161621094,75.53191375732422,75.95744323730469,997655,50.192710876464844
APD,APD,2009-12-11,76.12396240234375,76.30897521972656,75.0416259765625,75.62442016601562,1544965,49.97264099121094
APD,APD,2009-12-14,75.97594451904297,76.31822204589844,75.07862854003906,76.24421691894531,1158616,50.382205963134766
APD,APD,2009-12-15,75.78168487548828,76.864013671875,75.50416564941406,75.79093170166016,943497,50.082672119140625
APD,APD,2009-12-16,75.8556900024414,76.92877197265625,75.54116821289062,76.4477310180664,989439,50.516685485839844
APD,APD,2009-12-17,75.8556900024414,75.8556900024414,74.82886505126953,75.08788299560547,877340,49.61809539794922
APD,APD,2009-12-18,75.6706771850586,75.6706771850586,73.99629974365234,75.21739196777344,1518805,49.703670501708984
APD,APD,2009-12-21,75.01387786865234,75.44866180419922,74.0610580444336,74.2460708618164,1766895,49.06182861328125
APD,APD,2009-12-22,74.46808624267578,75.30989837646484,74.46808624267578,74.9491195678711,1199045,49.52642059326172
APD,APD,2009-12-23,75.23589324951172,75.28214263916016,74.4403305053711,75.19889068603516,1128240,49.69144058227539
APD,APD,2009-12-24,75.4671630859375,76.00370025634766,75.20813751220703,75.68917846679688,253927,50.01544189453125
APD,APD,2009-12-28,75.65217590332031,76.19796752929688,75.43940734863281,75.94819641113281,569795,50.18659591674805
APD,APD,2009-12-29,76.21646881103516,76.8732681274414,75.95744323730469,76.48473358154297,765672,50.541114807128906
APD,APD,2009-12-30,75.80018615722656,76.20721435546875,75.3469009399414,76.07770538330078,955388,50.54728698730469
APD,APD,2009-12-31,75.99445343017578,76.1517105102539,74.91211700439453,74.98612213134766,415428,49.822021484375
APD,APD,2010-01-04,75.95744323730469,77.02127838134766,75.58741760253906,76.92877197265625,1131483,51.11274337768555
APD,APD,2010-01-05,76.6882553100586,76.92877197265625,75.76318359375,76.29047393798828,790103,50.68864822387695
APD,APD,2010-01-06,75.8556900024414,76.48473358154297,75.39315032958984,75.66142272949219,1248663,50.27069854736328
APD,APD,2010-01-07,75.67992401123047,75.92044067382812,74.81036376953125,75.22663879394531,1514481,49.981807708740234
APD,APD,2010-01-08,75.06012725830078,76.0592041015625,74.88436889648438,75.70767974853516,1244880,50.30144500732422
APD,APD,2010-01-11,76.48473358154297,77.28955078125,76.10546112060547,77.09528350830078,1197640,51.223384857177734
APD,APD,2010-01-12,76.24421691894531,76.9565200805664,75.63367462158203,76.11470794677734,949118,50.571868896484375
APD,APD,2010-01-13,76.20721435546875,76.88251495361328,75.63367462158203,76.8732681274414,874637,51.075870513916016
APD,APD,2010-01-14,76.74375915527344,77.52081298828125,75.67992401123047,75.92044067382812,663410,50.44279098510742
APD,APD,2010-01-15,76.0684585571289,76.74375915527344,75.80943298339844,76.5679931640625,1542263,50.87303161621094
APD,APD,2010-01-19,76.73450469970703,76.81776428222656,75.846435546875,76.39222717285156,1415137,50.75625228881836
APD,APD,2010-01-20,75.8556900024414,75.8556900024414,75.0416259765625,75.3746566772461,1315145,50.080177307128906
APD,APD,2010-01-21,75.2451400756836,76.14246368408203,73.82978820800781,73.87603759765625,1546803,49.08446502685547
APD,APD,2010-01-22,73.87603759765625,74.81961059570312,72.1276626586914,72.22016906738281,1953475,47.98427963256836
APD,APD,2010-01-25,73.16373443603516,74.87511444091797,73.16373443603516,74.2460708618164,1942017,49.33030700683594
APD,APD,2010-01-26,73.51526641845703,75.00462341308594,73.08048248291016,73.61701965332031,1482267,48.91237258911133
APD,APD,2010-01-27,73.61701965332031,74.23681640625,71.9056396484375,72.95097351074219,1842240,48.46984100341797
APD,APD,2010-01-28,73.28399658203125,73.5245132446289,71.16558837890625,71.26734161376953,1456539,47.35118865966797
APD,APD,2010-01-29,71.36910247802734,71.77613067626953,70.22201538085938,70.26827239990234,2528135,46.687408447265625
APD,APD,2010-02-01,70.90657043457031,71.30435180664062,69.68547821044922,71.05458068847656,2507271,47.20983123779297
APD,APD,2010-02-02,71.09158325195312,71.8223876953125,70.3052749633789,70.87881469726562,1597394,47.09306335449219
APD,APD,2010-02-03,70.5087890625,71.20259094238281,70.02775573730469,70.48103332519531,1322604,46.828765869140625
APD,APD,2010-02-04,69.86123657226562,70.26827239990234,68.14060974121094,68.16836547851562,1612420,45.29218673706055
APD,APD,2010-02-05,62.5809440612793,63.9870491027832,60.17576217651367,63.496761322021484,10094378,42.188297271728516
APD,APD,2010-02-08,63.56151580810547,64.93061828613281,62.9232177734375,63.228492736816406,3684372,42.01005554199219
APD,APD,2010-02-09,62.80295944213867,63.6910285949707,62.414432525634766,62.858463287353516,4046399,41.76420974731445
APD,APD,2010-02-10,63.92229461669922,63.92229461669922,62.062904357910156,63.10823440551758,4041319,41.93014907836914
APD,APD,2010-02-11,63.200740814208984,63.91304397583008,62.44218444824219,63.27474594116211,3649132,42.04077911376953
APD,APD,2010-02-12,62.59944534301758,64.02405548095703,61.97964859008789,63.39500427246094,3714424,42.120689392089844
APD,APD,2010-02-16,64.11656188964844,65.28214263916016,63.77428436279297,65.1341323852539,2036712,43.27619552612305
APD,APD,2010-02-17,65.19889068603516,66.60499572753906,64.59759521484375,64.92137145996094,3034367,43.13484191894531
APD,APD,2010-02-18,65.03237915039062,65.18038940429688,64.4403305053711,64.70860290527344,2204483,42.993465423583984
APD,APD,2010-02-19,64.662353515625,64.7548599243164,63.91304397583008,64.42182922363281,2036280,42.80294418334961
APD,APD,2010-02-22,64.4495849609375,64.77336120605469,64.29232025146484,64.68085479736328,3554328,42.975040435791016
APD,APD,2010-02-23,64.57909393310547,65.30065155029297,64.4403305053711,64.81961059570312,3593893,43.06722640991211
APD,APD,2010-02-24,65.06938171386719,65.06938171386719,64.47733306884766,64.63459777832031,4476421,42.944297790527344
APD,APD,2010-02-25,64.05180358886719,64.12580871582031,63.200740814208984,63.81128692626953,2542836,42.39727783203125
APD,APD,2010-02-26,63.885292053222656,64.07030487060547,63.33024978637695,63.44125747680664,2203402,42.151432037353516
APD,APD,2010-03-01,63.644771575927734,64.02405548095703,62.94172286987305,63.97779846191406,2357985,42.507911682128906
APD,APD,2010-03-02,64.4495849609375,65.68917846679688,64.21831512451172,65.3746566772461,2641964,43.436012268066406
APD,APD,2010-03-03,65.8556900024414,66.30897521972656,65.23589324951172,65.97594451904297,2241345,43.835514068603516
APD,APD,2010-03-04,66.10546112060547,66.64199829101562,65.68917846679688,66.50323486328125,2690609,44.18585968017578
APD,APD,2010-03-05,66.90101623535156,68.02960205078125,66.60499572753906,67.99259948730469,2875028,45.175418853759766
APD,APD,2010-03-08,68.03885650634766,68.7789077758789,68.03885650634766,68.64014434814453,2971561,45.605655670166016
APD,APD,2010-03-09,68.30712127685547,69.02867889404297,68.05735778808594,68.66790008544922,2672556,45.62407302856445
APD,APD,2010-03-10,68.76040649414062,69.23219299316406,68.06660461425781,68.82516479492188,2353229,45.72856903076172
APD,APD,2010-03-11,68.42738342285156,69.06568145751953,67.83533477783203,69.06568145751953,2279505,45.88836669921875
APD,APD,2010-03-12,69.2876968383789,69.47270965576172,68.81591033935547,68.97317504882812,2073466,45.82693099975586
APD,APD,2010-03-15,68.94541931152344,69.14893341064453,68.1868667602539,68.5661392211914,2309340,45.556480407714844
APD,APD,2010-03-16,68.83441162109375,69.35244750976562,68.70490264892578,69.26919555664062,1980500,46.02360916137695
APD,APD,2010-03-17,69.38945770263672,69.65772247314453,68.60314178466797,68.96392059326172,1815431,45.82077407836914
APD,APD,2010-03-18,69.24143981933594,69.2784423828125,68.53839111328125,69.15818786621094,1578476,45.94984817504883
APD,APD,2010-03-19,68.86216735839844,69.60221862792969,68.5661392211914,68.86216735839844,2503812,45.753170013427734
APD,APD,2010-03-22,68.43663024902344,69.62997436523438,68.43663024902344,69.38945770263672,1159913,46.1035041809082
APD,APD,2010-03-23,69.34320068359375,69.8797378540039,68.7789077758789,69.8797378540039,1114079,46.429256439208984
APD,APD,2010-03-24,69.52821350097656,69.60221862792969,68.82516479492188,69.20443725585938,1757057,45.980567932128906
APD,APD,2010-03-25,69.68547821044922,69.7872314453125,68.14060974121094,68.1776123046875,1313307,45.29832458496094
APD,APD,2010-03-26,68.36262512207031,69.2876968383789,68.19611358642578,68.75115966796875,1183046,45.67940139770508
APD,APD,2010-03-29,68.982421875,69.46346282958984,67.92784118652344,68.73265838623047,1982554,45.6671142578125
APD,APD,2010-03-30,68.21461486816406,68.6864013671875,67.32654571533203,68.53839111328125,1608096,45.84035873413086
APD,APD,2010-03-31,68.53839111328125,68.9916763305664,68.2978744506836,68.40888214111328,1508319,45.75372314453125
APD,APD,2010-04-01,68.86216735839844,68.95467376708984,68.00184631347656,68.33487701416016,1246609,45.70423126220703
APD,APD,2010-04-05,68.44588470458984,68.76040649414062,67.86309051513672,68.61239624023438,1428866,45.88985824584961
APD,APD,2010-04-06,68.34412384033203,69.09342956542969,68.25161743164062,69.03792572021484,936470,46.1744499206543
APD,APD,2010-04-07,68.54763793945312,69.24143981933594,68.31637573242188,68.51063537597656,1635013,45.82177734375
APD,APD,2010-04-08,68.22386932373047,68.62165069580078,67.70582580566406,68.54763793945312,2203186,45.84654235839844
APD,APD,2010-04-09,68.73265838623047,69.77798461914062,68.36262512207031,69.71322631835938,1383572,46.626121520996094
APD,APD,2010-04-12,69.71322631835938,69.9074935913086,69.34320068359375,69.6947250366211,1067704,46.61374282836914
APD,APD,2010-04-13,69.5004653930664,69.6947250366211,68.9916763305664,69.33394622802734,1208126,46.372440338134766
APD,APD,2010-04-14,69.7039794921875,70.39778137207031,69.38020324707031,70.31452178955078,1820945,47.02827835083008
APD,APD,2010-04-15,69.96299743652344,71.30435180664062,69.7872314453125,70.99907684326172,1457729,47.486114501953125
APD,APD,2010-04-16,70.8140640258789,71.46160888671875,70.11100769042969,70.33302307128906,2066656,47.04066467285156
APD,APD,2010-04-19,69.8797378540039,70.37928009033203,69.12118530273438,70.16651153564453,1104998,46.92928695678711
APD,APD,2010-04-20,70.74930572509766,71.05458068847656,70.37928009033203,70.73080444335938,843612,47.30669021606445
APD,APD,2010-04-21,70.94357299804688,71.23033905029297,70.43478393554688,70.9250717163086,1201856,47.4366340637207
APD,APD,2010-04-22,70.54579162597656,71.60037231445312,69.7039794921875,71.5263671875,1416434,47.83880615234375
APD,APD,2010-04-23,71.46160888671875,73.3117446899414,71.46160888671875,73.28399658203125,1800946,49.01434326171875
APD,APD,2010-04-26,74.153564453125,74.22756958007812,73.08048248291016,73.08048248291016,1372546,48.87823486328125
APD,APD,2010-04-27,72.91397094726562,73.2284927368164,71.44310760498047,71.6188735961914,1671118,47.90065383911133
APD,APD,2010-04-28,72.22941589355469,72.44218444824219,70.67530059814453,72.2109146118164,2162649,48.296634674072266
APD,APD,2010-04-29,72.59019470214844,72.97872161865234,71.94264221191406,72.18316650390625,1241853,48.27810287475586
APD,APD,2010-04-30,72.35892486572266,72.65494537353516,71.02682495117188,71.02682495117188,1509292,47.504676818847656
APD,APD,2010-05-03,71.50786590576172,71.56336975097656,70.7215576171875,71.23959350585938,1525507,47.647010803222656
APD,APD,2010-05-04,70.31452178955078,70.73080444335938,68.79740905761719,69.16743469238281,1540209,46.2610969543457
APD,APD,2010-05-05,68.53839111328125,69.08418273925781,67.99259948730469,68.58464050292969,1427028,45.87128448486328
APD,APD,2010-05-06,68.0943603515625,68.8899154663086,63.45050811767578,66.864013671875,2179512,44.72049331665039
APD,APD,2010-05-07,66.73450469970703,67.7613296508789,65.25439453125,65.66142272949219,2316475,43.91616439819336
APD,APD,2010-05-10,67.3635482788086,68.05735778808594,66.42922973632812,67.15078735351562,2835355,44.91229248046875
APD,APD,2010-05-11,66.57723999023438,67.33580017089844,66.20721435546875,66.29972076416016,1934233,44.343082427978516
APD,APD,2010-05-12,66.42922973632812,67.1600341796875,66.16096496582031,67.13228607177734,2665530,44.89991760253906
APD,APD,2010-05-13,66.84551239013672,67.01202392578125,66.10546112060547,66.11470794677734,1928288,44.219329833984375
APD,APD,2010-05-14,65.4579086303711,65.49491119384766,63.63552474975586,64.3570785522461,1980608,43.043792724609375
APD,APD,2010-05-17,64.40332794189453,65.81868743896484,63.96854782104492,65.29139709472656,2503596,43.66866683959961
APD,APD,2010-05-18,65.87419128417969,67.0675277709961,64.58834075927734,64.80110931396484,1559234,43.34075164794922
APD,APD,2010-05-19,64.55133819580078,64.57909393310547,63.4782600402832,64.19056701660156,1527885,42.932411193847656
APD,APD,2010-05-20,62.571693420410156,63.16373825073242,61.05458068847656,61.0638313293457,3725450,40.841156005859375
APD,APD,2010-05-21,59.907493591308594,62.025901794433594,59.73173141479492,61.92414474487305,2812330,41.416568756103516
APD,APD,2010-05-24,61.517112731933594,62.12765884399414,60.99907684326172,61.02682876586914,1668307,40.8164176940918
APD,APD,2010-05-25,59.787235260009766,62.36817932128906,59.63922119140625,62.30342483520508,2694501,41.67023849487305
APD,APD,2010-05-26,62.830711364746094,64.3293228149414,62.405181884765625,63.44125747680664,4056453,42.43125534057617
APD,APD,2010-05-27,64.59759521484375,65.38390350341797,63.348751068115234,65.38390350341797,2357337,43.73054122924805
APD,APD,2010-05-28,65.36540222167969,65.36540222167969,63.57076644897461,63.885292053222656,1830133,42.72822952270508
APD,APD,2010-06-01,63.1822395324707,64.19056701660156,62.31267166137695,62.36817932128906,1515346,41.713531494140625
APD,APD,2010-06-02,62.553192138671875,63.95004653930664,62.395931243896484,63.9407958984375,1214936,42.765342712402344
APD,APD,2010-06-03,64.05180358886719,64.17206573486328,62.72895431518555,63.80203628540039,1314496,42.67253875732422
APD,APD,2010-06-04,62.37742614746094,63.052730560302734,61.48011016845703,61.5633659362793,1625932,41.175270080566406
APD,APD,2010-06-07,61.81313705444336,62.22941589355469,60.62904739379883,60.68455123901367,1685279,40.58749008178711
APD,APD,2010-06-08,60.76780700683594,61.85013961791992,60.601295471191406,61.80388641357422,2086114,41.33613967895508
APD,APD,2010-06-09,62.44218444824219,63.580020904541016,62.14616012573242,62.44218444824219,2199295,41.76304626464844
APD,APD,2010-06-10,63.358001708984375,64.16281127929688,63.04347610473633,63.74653244018555,1807432,42.635433197021484
APD,APD,2010-06-11,63.1822395324707,64.22756958007812,63.135986328125,64.22756958007812,1181101,42.95716094970703
APD,APD,2010-06-14,64.59759521484375,65.21739196777344,63.79278564453125,63.848289489746094,1311469,42.7034797668457
APD,APD,2010-06-15,64.47733306884766,64.97687530517578,64.08880615234375,64.97687530517578,1783001,43.45831298828125
APD,APD,2010-06-16,64.36632537841797,65.49491119384766,64.36632537841797,65.25439453125,1494591,43.6439323425293
APD,APD,2010-06-17,65.59667205810547,65.66142272949219,64.47733306884766,65.35615539550781,1831106,43.712005615234375
APD,APD,2010-06-18,65.57817077636719,66.64199829101562,65.52266693115234,66.1794662475586,1999093,44.26264190673828
APD,APD,2010-06-21,66.93801879882812,67.47456359863281,65.337646484375,65.81868743896484,1324982,44.021339416503906
APD,APD,2010-06-22,65.95744323730469,66.60499572753906,64.92137145996094,64.9583740234375,1090405,43.4459342956543
APD,APD,2010-06-23,64.85661315917969,64.96762084960938,63.26549530029297,63.82978820800781,1822242,42.69110107421875
APD,APD,2010-06-24,63.32099914550781,64.57909393310547,62.10915756225586,62.27566909790039,3510007,41.651676177978516
APD,APD,2010-06-25,62.3311767578125,63.496761322021484,61.84088897705078,63.44125747680664,3659942,42.43125534057617
APD,APD,2010-06-28,63.63552474975586,63.8945426940918,62.47918701171875,62.710453033447266,1604420,41.942474365234375
APD,APD,2010-06-29,61.406105041503906,61.49861145019531,60.31452560424805,60.61054611206055,2042874,40.8331413269043
APD,APD,2010-06-30,60.39778137207031,61.07307815551758,59.777984619140625,59.9537467956543,2227509,40.390663146972656
APD,APD,2010-07-01,59.7039794921875,60.601295471191406,59.7039794921875,60.12950897216797,3009396,40.50907516479492
APD,APD,2010-07-02,60.240516662597656,60.67530059814453,59.32469940185547,60.10175704956055,1613501,40.49037551879883
APD,APD,2010-07-06,60.721553802490234,61.34135055541992,60.212764739990234,60.81406021118164,2016822,40.97024917602539
APD,APD,2010-07-07,60.888065338134766,62.682701110839844,60.712303161621094,62.66419982910156,1605717,42.2166862487793
APD,APD,2010-07-08,63.39500427246094,63.74653244018555,62.75670623779297,63.62627029418945,2230535,42.86482238769531
APD,APD,2010-07-09,64.07955932617188,64.61609649658203,63.857540130615234,64.51433563232422,1639985,43.46311950683594
APD,APD,2010-07-12,64.02405548095703,64.42182922363281,63.60777282714844,63.9870491027832,953226,43.107887268066406
APD,APD,2010-07-13,64.50508880615234,66.03144836425781,64.50508880615234,65.61517333984375,1586043,44.204734802246094
APD,APD,2010-07-14,64.7548599243164,65.49491119384766,64.45883178710938,64.99537658691406,1805378,43.787193298339844
APD,APD,2010-07-15,64.98612213134766,65.21739196777344,64.16281127929688,65.0508804321289,841991,43.82460403442383
APD,APD,2010-07-16,64.87511444091797,64.91211700439453,63.857540130615234,64.12580871582031,2508569,43.201377868652344
APD,APD,2010-07-19,64.28307342529297,64.60684967041016,63.53376388549805,64.12580871582031,903392,43.201377868652344
APD,APD,2010-07-20,63.496761322021484,65.53191375732422,63.40425491333008,65.4671630859375,1101107,44.10503387451172
APD,APD,2010-07-21,65.80018615722656,66.00370025634766,64.19981384277344,64.80110931396484,1204558,43.65631866455078
APD,APD,2010-07-22,65.77243041992188,68.0851058959961,65.6706771850586,66.23497009277344,2560457,44.622310638427734
APD,APD,2010-07-23,64.6530990600586,66.71600341796875,64.6530990600586,66.6882553100586,1297524,44.927669525146484
APD,APD,2010-07-26,66.91027069091797,67.35430145263672,66.6604995727539,67.34505462646484,1369627,45.37016296386719
APD,APD,2010-07-27,67.881591796875,67.99259948730469,66.71600341796875,66.94727325439453,1216233,45.10218811035156
APD,APD,2010-07-28,66.74375915527344,67.31729888916016,66.61424255371094,67.0767822265625,1103377,45.18943405151367
APD,APD,2010-07-29,67.48381042480469,68.44588470458984,66.64199829101562,67.24329376220703,1201099,45.301612854003906
APD,APD,2010-07-30,66.6882553100586,67.4930648803711,66.37372589111328,67.14153289794922,1060461,45.2330436706543
APD,APD,2010-08-02,68.06660461425781,69.5837173461914,67.90933990478516,69.37095642089844,2602940,46.73500442504883
APD,APD,2010-08-03,68.982421875,70.06475830078125,68.71415710449219,70.0092544555664,2098978,47.16501998901367
APD,APD,2010-08-04,69.8797378540039,71.18408966064453,69.75948333740234,70.95281982421875,1637391,47.80070114135742
APD,APD,2010-08-05,70.61054229736328,71.35985565185547,70.36077880859375,71.28584289550781,1605393,48.02507019042969
APD,APD,2010-08-06,70.85106658935547,71.4338607788086,69.81498718261719,70.5087890625,1401517,47.50155258178711
APD,APD,2010-08-09,70.93431854248047,71.32284545898438,70.75856018066406,71.23033905029297,981224,47.98766326904297
APD,APD,2010-08-10,70.46253204345703,71.67437744140625,70.15726470947266,71.16558837890625,1425623,47.94404983520508
APD,APD,2010-08-11,69.85198974609375,69.96299743652344,68.74190521240234,69.75022888183594,1513941,46.990509033203125
APD,APD,2010-08-12,68.72340393066406,69.36170196533203,68.28861999511719,69.1026840209961,1512860,46.55427169799805
APD,APD,2010-08-13,68.74190521240234,70.11100769042969,68.5938949584961,70.0092544555664,1717169,47.16501998901367
APD,APD,2010-08-16,69.23219299316406,70.83256530761719,68.92691802978516,70.2127685546875,1157211,47.302120208740234
APD,APD,2010-08-17,70.97132110595703,72.00740051269531,70.83256530761719,70.97132110595703,1896615,47.813167572021484
APD,APD,2010-08-18,71.05458068847656,71.5263671875,70.57353973388672,71.25809478759766,1110295,48.00635528564453
APD,APD,2010-08-19,70.93431854248047,70.93431854248047,68.62165069580078,69.92599487304688,1982554,47.10893249511719
APD,APD,2010-08-20,69.38020324707031,69.84273529052734,68.73265838623047,69.38945770263672,1126510,46.747467041015625
APD,APD,2010-08-23,69.94449615478516,70.39778137207031,68.9916763305664,69.09342956542969,947713,46.54804611206055
APD,APD,2010-08-24,68.42738342285156,69.1951904296875,67.77983093261719,68.30712127685547,1646039,46.0182991027832
APD,APD,2010-08-25,67.81683349609375,68.33487701416016,67.35430145263672,68.03885650634766,1808945,45.837554931640625
APD,APD,2010-08-26,68.63089752197266,69.00092315673828,68.02960205078125,68.04810333251953,1303146,45.843780517578125
APD,APD,2010-08-27,68.64939880371094,68.94541931152344,67.95559692382812,68.84366607666016,1807108,46.37978744506836
APD,APD,2010-08-30,68.5661392211914,68.95467376708984,68.1776123046875,68.1776123046875,1302497,45.93104934692383
APD,APD,2010-08-31,67.95559692382812,68.76966094970703,67.94634246826172,68.4828872680664,1314820,46.136714935302734
APD,APD,2010-09-01,69.35244750976562,69.35244750976562,68.49213409423828,69.14893341064453,2689096,46.585426330566406
APD,APD,2010-09-02,69.57447052001953,71.50786590576172,69.14893341064453,71.4061050415039,2252047,48.10607147216797
APD,APD,2010-09-03,72.14616394042969,72.19241333007812,71.5171127319336,72.19241333007812,1635553,48.635826110839844
APD,APD,2010-09-07,71.97039794921875,72.15541076660156,71.100830078125,71.58187103271484,1249636,48.2244758605957
APD,APD,2010-09-08,71.50786590576172,72.94171905517578,71.34135437011719,71.96114349365234,1881048,48.47999572753906
APD,APD,2010-09-09,72.627197265625,73.36725616455078,71.99815368652344,72.10916137695312,1339251,48.57972717285156
APD,APD,2010-09-10,72.22016906738281,72.49768829345703,71.97039794921875,72.10916137695312,995493,48.57972717285156
APD,APD,2010-09-13,72.80296325683594,73.05272674560547,72.37742614746094,72.87696838378906,1194721,49.09700393676758
APD,APD,2010-09-14,72.8307113647461,74.77336120605469,72.76596069335938,74.19981384277344,3021179,49.988189697265625
APD,APD,2010-09-15,73.89453887939453,75.48566436767578,73.51526641845703,75.28214263916016,1938774,50.71734619140625
APD,APD,2010-09-16,74.78260803222656,75.8556900024414,74.19056701660156,75.62442016601562,2065359,50.94794845581055
APD,APD,2010-09-17,76.28121948242188,76.40148162841797,75.58741760253906,76.04070281982422,3076418,51.22838592529297
APD,APD,2010-09-20,76.16096496582031,77.02127838134766,75.92969512939453,76.82701110839844,1403246,51.75813674926758
APD,APD,2010-09-21,76.81776428222656,77.19703674316406,76.32747650146484,76.78076171875,1766678,51.72698211669922
APD,APD,2010-09-22,76.84551239013672,77.13228607177734,76.29047393798828,76.94727325439453,1405192,51.83914566040039
APD,APD,2010-09-23,76.19796752929688,77.27104187011719,76.10546112060547,76.72525024414062,1504968,51.689579010009766
APD,APD,2010-09-24,77.5855712890625,78.10360717773438,77.24329376220703,77.89083862304688,1366060,52.47482681274414
APD,APD,2010-09-27,77.77983093261719,77.93709564208984,77.43756103515625,77.5763168334961,1594043,52.26293182373047
APD,APD,2010-09-28,77.70582580566406,77.7613296508789,76.4754867553711,77.6780776977539,1145644,52.33150100708008
APD,APD,2010-09-29,77.03052520751953,77.05828094482422,76.04070281982422,76.64199829101562,1142617,51.936553955078125
APD,APD,2010-09-30,76.92877197265625,77.96484375,76.3644790649414,76.61424255371094,1649714,51.9177360534668
APD,APD,2010-10-01,76.9842758178711,77.70582580566406,76.33672332763672,76.79926300048828,1630472,52.043121337890625
APD,APD,2010-10-04,76.72525024414062,76.78076171875,75.74468231201172,75.92044067382812,1020248,51.447608947753906
APD,APD,2010-10-05,76.70675659179688,77.9740982055664,76.6882553100586,77.89083862304688,1156021,52.782833099365234
APD,APD,2010-10-06,77.77983093261719,78.22386932373047,77.43756103515625,77.72432708740234,1380869,52.67000198364258
APD,APD,2010-10-07,78.07585906982422,78.34412384033203,76.16096496582031,76.23497009277344,1984176,51.66073989868164
APD,APD,2010-10-08,76.21646881103516,76.70675659179688,76.19796752929688,76.50323486328125,1494050,51.84251022338867
APD,APD,2010-10-11,76.67900085449219,77.08602905273438,76.13320922851562,76.34597778320312,1248123,51.7359504699707
APD,APD,2010-10-12,76.02220153808594,76.52173614501953,75.57817077636719,76.39222717285156,1395247,51.76728820800781
APD,APD,2010-10-13,76.76226043701172,76.9842758178711,76.12396240234375,76.69750213623047,1697711,51.97416305541992
APD,APD,2010-10-14,75.89269256591797,76.65125274658203,75.31914520263672,75.94819641113281,1016032,51.466400146484375
APD,APD,2010-10-15,76.65125274658203,76.73450469970703,75.22663879394531,75.54116821289062,1463458,51.190589904785156
APD,APD,2010-10-18,75.66142272949219,76.79000854492188,75.60591888427734,76.73450469970703,960793,51.99923324584961
APD,APD,2010-10-19,75.74468231201172,76.09620666503906,74.8381118774414,75.20813751220703,943713,50.96488952636719
APD,APD,2010-10-20,75.53191375732422,76.9842758178711,75.35615539550781,76.8732681274414,842531,52.0932731628418
APD,APD,2010-10-21,77.48381042480469,78.5938949584961,76.9842758178711,78.5661392211914,2069683,53.24046325683594
APD,APD,2010-10-22,78.39962768554688,78.53839111328125,78.10360717773438,78.390380859375,734864,53.121360778808594
APD,APD,2010-10-25,78.55689239501953,80.01850128173828,78.28861999511719,79.3154525756836,1258933,53.74821472167969
APD,APD,2010-10-26,78.87141418457031,79.35244750976562,78.16836547851562,79.2784423828125,753349,53.7231330871582
APD,APD,2010-10-27,78.69564819335938,78.78816223144531,77.52081298828125,77.86309051513672,1653390,52.76405715942383
APD,APD,2010-10-28,78.41812896728516,79.32469940185547,78.02960205078125,78.76966094970703,801237,53.37837600708008
APD,APD,2010-10-29,78.51988983154297,79.25069427490234,78.11286163330078,78.60314178466797,1076460,53.26555252075195
APD,APD,2010-11-01,79.09342956542969,79.64847564697266,78.22386932373047,78.58464050292969,485801,53.25297927856445
APD,APD,2010-11-02,79.25994110107422,80.35152435302734,79.25994110107422,79.88899230957031,811507,54.136878967285156
APD,APD,2010-11-03,80.01850128173828,80.01850128173828,77.9740982055664,79.05642700195312,900905,53.57270431518555
APD,APD,2010-11-04,80.13876342773438,80.36077880859375,79.62997436523438,80.35152435302734,1078838,54.450347900390625
APD,APD,2010-11-05,80.36077880859375,80.57353973388672,79.75022888183594,80.15726470947266,572173,54.31869888305664
APD,APD,2010-11-08,79.89823913574219,80.86031341552734,79.87049102783203,80.67530059814453,840910,54.669734954833984
APD,APD,2010-11-09,81.03607940673828,81.1100845336914,78.85291290283203,79.16743469238281,819506,53.64790344238281
APD,APD,2010-11-10,79.11193084716797,79.5004653930664,78.0851058959961,78.88066864013672,881447,53.4536018371582
APD,APD,2010-11-11,77.85383605957031,79.17668914794922,77.72432708740234,79.08418273925781,761565,53.591495513916016
APD,APD,2010-11-12,78.11286163330078,78.76040649414062,76.864013671875,77.70582580566406,911715,52.657470703125
APD,APD,2010-11-15,77.90009307861328,78.76040649414062,77.56707000732422,78.1868667602539,757781,52.983463287353516
APD,APD,2010-11-16,77.43756103515625,77.75208282470703,76.71600341796875,76.97502136230469,1007168,52.162235260009766
APD,APD,2010-11-17,77.2525405883789,78.19611358642578,76.90101623535156,77.4653091430664,1130834,52.49447250366211
APD,APD,2010-11-18,78.33487701416016,79.64847564697266,78.32562255859375,79.23219299316406,997331,53.691810607910156
APD,APD,2010-11-19,79.44496154785156,79.57447052001953,78.88066864013672,79.56521606445312,1067812,53.91748046875
APD,APD,2010-11-22,77.26179504394531,79.1951904296875,77.26179504394531,79.09342956542969,717352,53.59779739379883
APD,APD,2010-11-23,78.25161743164062,78.46438598632812,76.864013671875,78.23311614990234,2327069,53.014793395996094
APD,APD,2010-11-24,77.33580017089844,80.19426727294922,77.33580017089844,80.06475830078125,1396544,54.2559928894043
APD,APD,2010-11-26,79.50971221923828,79.50971221923828,79.01017761230469,79.20443725585938,367756,53.673004150390625
APD,APD,2010-11-29,78.5661392211914,79.6114730834961,76.65125274658203,79.38945770263672,1108998,53.79838562011719
APD,APD,2010-11-30,78.35337829589844,79.92599487304688,78.35337829589844,79.75948333740234,949118,54.049137115478516
APD,APD,2010-12-01,81.30435180664062,81.609619140625,79.72248077392578,79.91674041748047,1741599,54.15569305419922
APD,APD,2010-12-02,80.11100769042969,82.0259017944336,80.07400512695312,81.98889923095703,1338386,55.559879302978516
APD,APD,2010-12-03,81.53561401367188,81.67437744140625,80.55503845214844,81.04532623291016,1168777,54.920467376708984
APD,APD,2010-12-06,81.11933135986328,81.36910247802734,80.86956787109375,81.11933135986328,594550,54.97062301635742
APD,APD,2010-12-07,81.86863708496094,82.37742614746094,80.93431854248047,80.96207427978516,993980,54.864051818847656
APD,APD,2010-12-08,80.96207427978516,81.23033905029297,79.73172760009766,80.53653717041016,898203,54.575687408447266
APD,APD,2010-12-09,80.93431854248047,83.18223571777344,79.57447052001953,82.09990692138672,3586218,55.6351203918457
APD,APD,2010-12-10,82.43292999267578,82.79370880126953,81.72062683105469,82.18316650390625,1806243,55.6915397644043
APD,APD,2010-12-13,83.24699401855469,83.24699401855469,81.83163452148438,82.03515625,1565829,55.59123992919922
APD,APD,2010-12-14,81.84088897705078,82.54393768310547,80.9250717163086,81.02682495117188,1372762,54.907958984375
APD,APD,2010-12-15,80.79556274414062,81.80388641357422,80.73080444335938,81.42460632324219,1042084,55.17751693725586
APD,APD,2010-12-16,81.71138000488281,82.03515625,81.1100845336914,81.94264221191406,797454,55.52854537963867
APD,APD,2010-12-17,81.8223876953125,82.70120239257812,81.21183776855469,82.6364517211914,1325306,55.99867630004883
APD,APD,2010-12-20,82.60869598388672,83.25624084472656,82.4236831665039,83.19149017333984,869232,56.374839782714844
APD,APD,2010-12-21,83.25624084472656,84.08880615234375,83.19149017333984,83.74652862548828,852260,56.75094985961914
APD,APD,2010-12-22,83.62627410888672,84.18131256103516,83.39500427246094,83.78353118896484,1003709,56.776023864746094
APD,APD,2010-12-23,83.45050811767578,84.18131256103516,83.45050811767578,83.99629974365234,440399,56.920230865478516
APD,APD,2010-12-27,83.70027923583984,84.1443099975586,83.39500427246094,84.07955932617188,363216,56.97664260864258
APD,APD,2010-12-28,84.32007598876953,84.50508880615234,83.75578308105469,84.38482666015625,514124,57.183502197265625
APD,APD,2010-12-29,84.3570785522461,84.5420913696289,84.05180358886719,84.41258239746094,760484,57.202308654785156
APD,APD,2010-12-30,84.17206573486328,84.41258239746094,83.90379333496094,84.13506317138672,562228,57.322044372558594
APD,APD,2010-12-31,83.90379333496094,84.27381896972656,83.77428436279297,84.13506317138672,439318,57.322044372558594
APD,APD,2011-01-03,84.68085479736328,84.8381118774414,83.54301452636719,83.74652862548828,1188127,57.057350158691406
APD,APD,2011-01-04,83.71878051757812,83.85753631591797,82.28491973876953,82.5069351196289,1185533,56.212791442871094
APD,APD,2011-01-05,82.36817932128906,82.68270111083984,81.96114349365234,82.14616394042969,1312658,55.96699905395508
APD,APD,2011-01-06,82.04440307617188,82.17391204833984,81.12858581542969,81.72062683105469,1683982,55.67707061767578
APD,APD,2011-01-07,81.95189666748047,83.05272674560547,81.36910247802734,81.86863708496094,1168669,55.777931213378906
APD,APD,2011-01-10,82.07215881347656,82.07215881347656,81.20259094238281,81.87789154052734,888798,55.78422546386719
APD,APD,2011-01-11,81.98889923095703,82.22941589355469,81.36910247802734,81.7021255493164,1046408,55.66447448730469
APD,APD,2011-01-12,81.95189666748047,82.3311767578125,81.60037231445312,82.00740051269531,949983,55.872474670410156
APD,APD,2011-01-13,82.4144287109375,82.46993255615234,81.95189666748047,82.20166778564453,2004931,56.00482177734375
APD,APD,2011-01-14,81.92414093017578,82.13690948486328,81.17483520507812,82.08140563964844,1437730,55.922874450683594
APD,APD,2011-01-18,81.32284545898438,82.51618957519531,80.96207427978516,82.4236831665039,1311037,56.15607833862305
APD,APD,2011-01-19,82.89546966552734,82.89546966552734,81.58187103271484,81.87789154052734,946091,55.78422546386719
APD,APD,2011-01-20,81.50786590576172,81.8131332397461,80.44403076171875,80.7215576171875,1555559,54.99641418457031
APD,APD,2011-01-21,80.98982238769531,81.57261657714844,79.76873016357422,80.02775573730469,2188268,54.52369689941406
APD,APD,2011-01-24,79.9074935913086,80.39778137207031,79.83348846435547,80.01850128173828,2062656,54.51742172241211
APD,APD,2011-01-25,80.0,80.6012954711914,79.71322631835938,80.18501281738281,2360688,54.630836486816406
APD,APD,2011-01-26,80.48103332519531,80.67530059814453,80.18501281738281,80.40702819824219,3268512,54.782100677490234
APD,APD,2011-01-27,80.49028778076172,81.11933135986328,79.80573272705078,79.87049102783203,1840078,54.41654968261719
APD,APD,2011-01-28,80.08325958251953,80.75856018066406,79.13043212890625,79.34320068359375,2719364,54.057308197021484
APD,APD,2011-01-31,79.6947250366211,80.79556274414062,79.53746795654297,80.7123031616211,1955853,54.990074157714844
APD,APD,2011-02-01,81.8131332397461,82.97872161865234,81.28584289550781,82.90471649169922,1242285,56.48379898071289
APD,APD,2011-02-02,83.0157241821289,83.0157241821289,81.92414093017578,82.36817932128906,823830,56.11826705932617
APD,APD,2011-02-03,82.36817932128906,82.80296325683594,81.41535949707031,81.95189666748047,1347575,55.83464431762695
APD,APD,2011-02-04,82.05365753173828,82.28491973876953,81.56336975097656,81.97039794921875,950199,55.84722137451172
APD,APD,2011-02-07,82.28491973876953,82.79370880126953,82.05365753173828,82.56243896484375,1026734,56.250587463378906
APD,APD,2011-02-08,82.77520751953125,82.95097351074219,82.22941589355469,82.8399658203125,1570153,56.4396858215332
APD,APD,2011-02-09,82.46068572998047,82.6364517211914,81.62812042236328,81.85939025878906,1030517,55.77161407470703
APD,APD,2011-02-10,81.609619140625,82.3311767578125,81.5171127319336,81.97039794921875,1029869,55.84722137451172
APD,APD,2011-02-11,81.71138000488281,82.59019470214844,81.48936462402344,82.38668060302734,718865,56.130859375
APD,APD,2011-02-14,82.3219223022461,83.3117446899414,82.2386703491211,83.28399658203125,1072784,56.74224090576172
APD,APD,2011-02-15,82.60869598388672,83.53376770019531,82.4236831665039,83.45976257324219,824587,56.8619499206543
APD,APD,2011-02-16,86.39222717285156,87.61331939697266,85.56891632080078,87.52081298828125,4344323,59.62881851196289
APD,APD,2011-02-17,86.89176940917969,87.2802963256836,85.97594451904297,86.90101623535156,2250426,59.20652770996094
APD,APD,2011-02-18,87.64107513427734,87.881591796875,87.3635482788086,87.84458923339844,2151731,59.84941864013672
APD,APD,2011-02-22,85.49491119384766,87.53931427001953,84.78260803222656,84.9491195678711,2471815,57.87666320800781
APD,APD,2011-02-23,85.83718872070312,85.92969512939453,83.02497863769531,84.07955932617188,2640451,57.28423309326172
APD,APD,2011-02-24,84.10730743408203,84.90287017822266,83.26549530029297,84.05180358886719,1988932,57.26530838012695
APD,APD,2011-02-25,84.42182922363281,85.3746566772461,84.39408111572266,84.56983947753906,1869481,57.618282318115234
APD,APD,2011-02-28,85.02312469482422,85.61517333984375,84.78260803222656,85.10638427734375,1938449,57.98385238647461
APD,APD,2011-03-01,85.53191375732422,85.56891632080078,83.15448760986328,83.16373443603516,1787434,56.660274505615234
APD,APD,2011-03-02,83.28399658203125,83.88529205322266,83.11748504638672,83.644775390625,2315934,56.9880256652832
APD,APD,2011-03-03,84.55133819580078,85.10638427734375,84.49583435058594,85.01387786865234,1712196,57.920799255371094
APD,APD,2011-03-04,84.6530990600586,85.1341323852539,83.71878051757812,84.38482666015625,1164129,57.49222946166992
APD,APD,2011-03-07,84.69010162353516,85.11563110351562,82.7474594116211,82.84921264648438,2155082,56.44600296020508
APD,APD,2011-03-08,83.37650299072266,83.37650299072266,82.5069351196289,83.14523315429688,1621068,56.64765167236328
APD,APD,2011-03-09,82.86771392822266,83.18223571777344,82.35892486572266,82.87696838378906,1307902,56.46491241455078
APD,APD,2011-03-10,81.88713836669922,82.4144287109375,81.29509735107422,81.3135986328125,2104275,55.399757385253906
APD,APD,2011-03-11,81.16558837890625,81.85013580322266,80.37002563476562,80.4995346069336,2944536,54.845130920410156
APD,APD,2011-03-14,80.22201538085938,80.76780700683594,79.75948333740234,80.37002563476562,2498515,54.756900787353516
APD,APD,2011-03-15,78.36262512207031,79.85198974609375,77.91859436035156,79.30619812011719,2474841,54.032073974609375
APD,APD,2011-03-16,79.1951904296875,79.2784423828125,76.9842758178711,77.81683349609375,2201997,53.017391204833984
APD,APD,2011-03-17,79.08418273925781,80.77706146240234,78.04810333251953,79.7872314453125,3447958,54.35983657836914
APD,APD,2011-03-18,81.09158325195312,82.10916137695312,80.58279418945312,81.4061050415039,2486408,55.462772369384766
APD,APD,2011-03-21,82.3311767578125,82.78446197509766,81.50786590576172,81.75762939453125,1109214,55.702266693115234
APD,APD,2011-03-22,81.65587615966797,82.00740051269531,80.97132110595703,81.28584289550781,760267,55.380855560302734
APD,APD,2011-03-23,81.07308197021484,82.22941589355469,80.25901794433594,81.9148941040039,1495131,55.80941390991211
APD,APD,2011-03-24,82.35892486572266,83.135986328125,81.80388641357422,83.10823059082031,1170507,56.62242889404297
APD,APD,2011-03-25,83.20999145507812,83.9407958984375,83.08048248291016,83.20073699951172,934200,56.68550491333008
APD,APD,2011-03-28,83.54301452636719,83.89453887939453,83.15448760986328,83.15448760986328,681138,56.65398406982422
APD,APD,2011-03-29,83.09898376464844,83.51526641845703,82.40518188476562,83.51526641845703,1233529,56.899776458740234
APD,APD,2011-03-30,83.70952606201172,83.70952606201172,82.60869598388672,83.4320068359375,1237853,57.21060562133789
APD,APD,2011-03-31,83.11748504638672,84.0333023071289,83.11748504638672,83.42276000976562,970198,57.20426559448242
APD,APD,2011-04-01,83.74652862548828,84.46808624267578,83.38575744628906,83.70027923583984,1037111,57.39454650878906
APD,APD,2011-04-04,84.0610580444336,84.18131256103516,83.32099914550781,83.9407958984375,1100026,57.559471130371094
APD,APD,2011-04-05,83.7372817993164,85.80943298339844,83.60777282714844,85.30989837646484,1436217,58.49830627441406
APD,APD,2011-04-06,85.73542785644531,86.03144836425781,84.60684967041016,85.5596694946289,1048678,58.669559478759766
APD,APD,2011-04-07,85.1341323852539,85.9666976928711,84.19056701660156,84.55133819580078,1081649,57.9781494140625
APD,APD,2011-04-08,85.1341323852539,85.8556900024414,84.42182922363281,85.11563110351562,990412,58.36509704589844
APD,APD,2011-04-11,85.17113494873047,85.35615539550781,83.85753631591797,84.3570785522461,678003,57.84492111206055
APD,APD,2011-04-12,84.08880615234375,84.51433563232422,82.86771392822266,83.05272674560547,973116,56.95050048828125
APD,APD,2011-04-13,83.51526641845703,83.8482894897461,82.76596069335938,83.33025360107422,1022086,57.14081954956055
APD,APD,2011-04-14,82.90471649169922,84.02405548095703,82.49768829345703,83.78353118896484,1336981,57.45166015625
APD,APD,2011-04-15,84.29232025146484,85.21739196777344,83.68177795410156,84.93987274169922,1811972,58.24458312988281
APD,APD,2011-04-18,83.89453887939453,84.12580871582031,83.21923828125,83.72802734375,916904,57.4135856628418
APD,APD,2011-04-19,83.95004272460938,85.17113494873047,83.60777282714844,85.1618881225586,1129969,58.396793365478516
APD,APD,2011-04-20,86.03144836425781,87.22479248046875,86.03144836425781,86.69750213623047,2080060,59.44981384277344
APD,APD,2011-04-21,86.64199829101562,87.01202392578125,85.77243041992188,86.88251495361328,1093432,59.57666778564453
APD,APD,2011-04-25,86.59574127197266,87.32654571533203,86.03144836425781,86.9842758178711,1005654,59.64643478393555
APD,APD,2011-04-26,87.30804443359375,88.1868667602539,87.09528350830078,87.98335266113281,1513400,60.33150863647461
APD,APD,2011-04-27,88.00184631347656,88.07585906982422,86.33672332763672,87.71508026123047,831397,60.1475830078125
APD,APD,2011-04-28,87.80758666992188,88.53839111328125,87.372802734375,88.51063537597656,1060893,60.693077087402344
APD,APD,2011-04-29,88.76966094970703,88.8066635131836,88.07585906982422,88.36262512207031,916688,60.59160232543945
APD,APD,2011-05-02,88.8066635131836,88.8066635131836,87.2802963256836,87.6688232421875,865773,60.115840911865234
APD,APD,2011-05-03,87.55781555175781,87.65957641601562,86.5679931640625,87.28955078125,897014,59.85575485229492
APD,APD,2011-05-04,87.34505462646484,87.4653091430664,85.88343811035156,86.11470794677734,1073757,59.05017852783203
APD,APD,2011-05-05,85.6706771850586,86.60499572753906,84.90287017822266,85.2451400756836,983710,58.453887939453125
APD,APD,2011-05-06,86.28121948242188,87.04902648925781,85.0508804321289,85.56891632080078,863070,58.675907135009766
APD,APD,2011-05-09,85.71692657470703,86.97502136230469,85.51341247558594,86.61424255371094,566768,59.39270782470703
APD,APD,2011-05-10,87.0767822265625,87.95559692382812,86.85476684570312,87.64107513427734,941335,60.09682083129883
APD,APD,2011-05-11,87.55781555175781,87.72432708740234,85.5504150390625,86.01295471191406,835397,58.98038101196289
APD,APD,2011-05-12,85.90193939208984,86.09620666503906,84.49583435058594,85.35615539550781,1693387,58.530006408691406
APD,APD,2011-05-13,85.56891632080078,85.67992401123047,83.76502990722656,83.86679077148438,1055597,57.50870895385742
APD,APD,2011-05-16,83.53376770019531,85.20813751220703,83.45976257324219,84.0610580444336,860584,57.641963958740234
APD,APD,2011-05-17,83.91304016113281,84.0610580444336,82.56243896484375,82.80296325683594,1436433,56.77924728393555
APD,APD,2011-05-18,83.05272674560547,84.58834075927734,82.7197036743164,84.56059265136719,1200126,57.9844856262207
APD,APD,2011-05-19,84.8658676147461,85.5596694946289,84.19981384277344,85.11563110351562,1012465,58.36509704589844
APD,APD,2011-05-20,85.1618881225586,85.18963623046875,83.56151580810547,84.43108367919922,725892,57.895694732666016
APD,APD,2011-05-23,83.25624084472656,84.02405548095703,82.86771392822266,83.83903503417969,967495,57.48973083496094
APD,APD,2011-05-24,84.26457214355469,84.85661315917969,83.7372817993164,84.22756958007812,949767,57.75614547729492
APD,APD,2011-05-25,83.76502990722656,85.846435546875,83.59851837158203,85.49491119384766,1133537,58.62516784667969
APD,APD,2011-05-26,85.27289581298828,86.00370025634766,84.52359008789062,85.80018615722656,826208,58.834503173828125
APD,APD,2011-05-27,86.13320922851562,87.09528350830078,85.89269256591797,86.91951751708984,1049435,59.6020622253418
APD,APD,2011-05-31,87.881591796875,88.01110076904297,86.82701110839844,87.96484375,1625175,60.318824768066406
APD,APD,2011-06-01,87.81683349609375,87.9740982055664,85.06938171386719,85.19889068603516,1268662,58.42216491699219
APD,APD,2011-06-02,85.4671630859375,86.1517105102539,84.46808624267578,84.98612213134766,1104458,58.27629470825195
APD,APD,2011-06-03,83.8205337524414,83.97779846191406,82.84921264648438,82.91397094726562,1436217,56.85539627075195
APD,APD,2011-06-06,82.7474594116211,83.71878051757812,82.56243896484375,82.89546966552734,1185749,56.84267807006836
APD,APD,2011-06-07,83.65402221679688,84.6253433227539,82.96947479248047,83.81128692626953,1609717,57.47068786621094
APD,APD,2011-06-08,83.4320068359375,84.4495849609375,83.05272674560547,83.99629974365234,1448648,57.5975341796875
APD,APD,2011-06-09,84.4403305053711,86.75300598144531,84.08880615234375,85.70767974853516,1689819,58.77104187011719
APD,APD,2011-06-10,85.09712982177734,85.7539291381836,84.29232025146484,84.33857727050781,1429731,57.83222198486328
APD,APD,2011-06-13,84.74560546875,85.91119384765625,84.38482666015625,85.41165924072266,1444540,58.56806945800781
APD,APD,2011-06-14,86.5587387084961,86.85476684570312,85.94819641113281,86.27197265625,1286822,59.158023834228516
APD,APD,2011-06-15,85.63367462158203,86.11470794677734,83.66327667236328,84.08880615234375,1313631,57.66096496582031
APD,APD,2011-06-16,84.19981384277344,84.41258239746094,82.71044921875,83.65402221679688,1784299,57.362857818603516
APD,APD,2011-06-17,84.45883178710938,84.82886505126953,83.02497863769531,83.29324340820312,2008174,57.11542892456055
APD,APD,2011-06-20,82.91397094726562,84.63459777832031,82.91397094726562,84.34782409667969,1003925,57.838600158691406
APD,APD,2011-06-21,85.00462341308594,86.09620666503906,84.69934844970703,85.56891632080078,970089,58.675907135009766
APD,APD,2011-06-22,85.10638427734375,86.37372589111328,84.90287017822266,86.00370025634766,1137969,58.97404861450195
APD,APD,2011-06-23,84.57909393310547,86.07770538330078,83.87603759765625,86.01295471191406,1480321,58.98038101196289
APD,APD,2011-06-24,86.07770538330078,86.43848419189453,85.41165924072266,86.02220153808594,1380545,58.986732482910156
APD,APD,2011-06-27,85.90193939208984,86.23497009277344,85.22663879394531,86.04070281982422,1633823,58.99943542480469
APD,APD,2011-06-28,86.3644790649414,87.74282836914062,86.12396240234375,87.73358154296875,1152238,60.160255432128906
APD,APD,2011-06-29,87.74282836914062,87.8723373413086,86.46623229980469,87.03977966308594,1531777,60.05173873901367
APD,APD,2011-06-30,87.39130401611328,88.74190521240234,86.99352264404297,88.41812896728516,1506374,61.002716064453125
APD,APD,2011-07-01,88.31637573242188,89.48196411132812,87.61331939697266,89.22293853759766,1338710,61.55799102783203
APD,APD,2011-07-05,89.17668914794922,89.54671478271484,88.79740905761719,89.0749282836914,916364,61.45587158203125
APD,APD,2011-07-06,89.05642700195312,89.68547821044922,88.93617248535156,89.54671478271484,1597718,61.78137969970703
APD,APD,2011-07-07,90.0925064086914,90.65679931640625,89.64847564697266,90.46253204345703,936578,62.4132080078125
APD,APD,2011-07-08,89.45420837402344,90.10176086425781,89.00092315673828,89.75022888183594,869016,61.92180252075195
APD,APD,2011-07-11,88.87141418457031,88.982421875,87.75208282470703,88.15911102294922,1256554,60.82400131225586
APD,APD,2011-07-12,87.61331939697266,88.3811264038086,87.54856872558594,87.64107513427734,1970987,60.46660614013672
APD,APD,2011-07-13,88.06660461425781,88.39962768554688,87.54856872558594,87.80758666992188,1485726,60.581512451171875
APD,APD,2011-07-14,87.9740982055664,88.2978744506836,86.66974639892578,86.90101623535156,936362,59.95602035522461
APD,APD,2011-07-15,87.22479248046875,87.29879760742188,86.37372589111328,87.22479248046875,1009438,60.17939376831055
APD,APD,2011-07-18,86.7715072631836,86.9565200805664,85.6429214477539,85.95744323730469,882961,59.30503463745117
APD,APD,2011-07-19,86.41072845458984,87.372802734375,86.41072845458984,87.14153289794922,923498,60.12196731567383
APD,APD,2011-07-20,87.56707000732422,87.56707000732422,86.57723999023438,87.0767822265625,650654,60.077293395996094
APD,APD,2011-07-21,87.42830657958984,88.50138854980469,87.04902648925781,88.26087188720703,1116997,60.894229888916016
APD,APD,2011-07-22,88.04810333251953,88.04810333251953,84.85661315917969,85.01387786865234,2125570,58.65403366088867
APD,APD,2011-07-25,84.61609649658203,85.47640991210938,84.02405548095703,84.92137145996094,1396760,58.59019470214844
APD,APD,2011-07-26,85.03237915039062,85.18963623046875,84.0610580444336,84.153564453125,1209207,58.06046676635742
APD,APD,2011-07-27,83.95004272460938,84.08880615234375,82.81221008300781,83.14523315429688,1793055,57.36477279663086
APD,APD,2011-07-28,83.20073699951172,83.88529205322266,82.31267547607422,82.38668060302734,1023058,56.84141159057617
APD,APD,2011-07-29,81.27659606933594,83.02497863769531,81.17483520507812,82.08140563964844,1896290,56.63080596923828
APD,APD,2011-08-01,83.2284927368164,83.35800170898438,80.97132110595703,81.89639282226562,1463890,56.503173828125
APD,APD,2011-08-02,81.1100845336914,81.4061050415039,78.82516479492188,78.84366607666016,2362742,54.39697265625
APD,APD,2011-08-03,78.86216735839844,80.0,78.00184631347656,79.9074935913086,2058332,55.13093185424805
APD,APD,2011-08-04,79.03792572021484,79.03792572021484,75.86493682861328,75.92969512939453,2659260,52.386531829833984
APD,APD,2011-08-05,76.9565200805664,77.40980529785156,74.25531768798828,76.08695983886719,2425007,52.49501419067383
APD,APD,2011-08-08,74.6253433227539,75.50416564941406,71.45236206054688,71.46160888671875,2748551,49.303855895996094
APD,APD,2011-08-09,72.37742614746094,74.28307342529297,70.2035140991211,74.23681640625,3877763,51.21854019165039
APD,APD,2011-08-10,73.0434799194336,74.97687530517578,71.85939025878906,71.98889923095703,3884249,49.667625427246094
APD,APD,2011-08-11,72.36817932128906,76.17021179199219,71.97039794921875,75.26364135742188,2247183,51.92697525024414
APD,APD,2011-08-12,75.94819641113281,76.70675659179688,74.68085479736328,75.846435546875,1410921,52.32908248901367
APD,APD,2011-08-15,76.50323486328125,76.7715072631836,74.8381118774414,76.10546112060547,1768300,52.50777816772461
APD,APD,2011-08-16,75.3469009399414,76.28121948242188,74.92137145996094,75.5504150390625,1982554,52.12485122680664
APD,APD,2011-08-17,76.09620666503906,76.5679931640625,75.11563110351562,75.43940734863281,1699873,52.048248291015625
APD,APD,2011-08-18,73.42276000976562,73.56151580810547,70.5087890625,71.08232879638672,2385767,49.04216003417969
APD,APD,2011-08-19,70.03700256347656,71.68362426757812,69.30619812011719,69.60221862792969,1984176,48.02098846435547
APD,APD,2011-08-22,71.100830078125,71.20259094238281,68.9916763305664,69.1951904296875,1408543,47.74015808105469
APD,APD,2011-08-23,69.86123657226562,70.91581726074219,69.51896667480469,70.77706146240234,2120057,48.831565856933594
APD,APD,2011-08-24,70.9250717163086,71.83163452148438,70.08325958251953,71.74838256835938,1724195,49.50169372558594
APD,APD,2011-08-25,71.89639282226562,72.40518188476562,71.08232879638672,71.68362426757812,1294498,49.4570198059082
APD,APD,2011-08-26,71.0083236694336,73.05272674560547,69.65772247314453,72.7474594116211,1536317,50.19097900390625
APD,APD,2011-08-29,73.88529205322266,75.26364135742188,73.56151580810547,75.1618881225586,1036030,51.856807708740234
APD,APD,2011-08-30,74.96762084960938,76.3644790649414,74.68085479736328,75.94819641113281,999601,52.39929962158203
APD,APD,2011-08-31,76.71600341796875,77.3820571899414,75.26364135742188,75.73542785644531,1423677,52.25249481201172
APD,APD,2011-09-01,75.52266693115234,76.78076171875,75.22663879394531,75.3746566772461,1989040,52.003578186035156
APD,APD,2011-09-02,73.95929718017578,75.02312469482422,73.4412612915039,74.04255676269531,1581179,51.08452606201172
APD,APD,2011-09-06,72.43292999267578,74.37557983398438,71.64662170410156,74.27381896972656,2381227,51.244075775146484
APD,APD,2011-09-07,75.28214263916016,76.42922973632812,74.88436889648438,76.34597778320312,1762354,52.67373275756836
APD,APD,2011-09-08,76.08695983886719,76.25347137451172,74.6530990600586,75.00462341308594,1959961,51.74827194213867
APD,APD,2011-09-09,73.98704528808594,74.22756958007812,72.17391204833984,72.51618957519531,1696521,50.03144073486328
APD,APD,2011-09-12,71.84088897705078,72.69195556640625,70.62904357910156,71.74838256835938,1602691,49.50169372558594
APD,APD,2011-09-13,72.09066009521484,73.10823059082031,71.48011016845703,72.88621520996094,1072676,50.286720275878906
APD,APD,2011-09-14,73.2284927368164,75.08788299560547,71.85013580322266,74.11656188964844,1711331,51.13557052612305
APD,APD,2011-09-15,74.93061828613281,75.89269256591797,74.19981384277344,75.77243041992188,1635661,52.27800369262695
APD,APD,2011-09-16,76.48473358154297,76.73450469970703,75.41165924072266,76.18871307373047,1529183,52.565216064453125
APD,APD,2011-09-19,74.71785736083984,75.76318359375,73.96855163574219,75.4671630859375,1067488,52.06740951538086
APD,APD,2011-09-20,76.04070281982422,76.91027069091797,75.10638427734375,76.02220153808594,1466917,52.45036315917969
APD,APD,2011-09-21,75.9389419555664,75.9389419555664,72.20166778564453,72.27567291259766,1822998,49.86548614501953
APD,APD,2011-09-22,70.27751922607422,70.99907684326172,69.41720581054688,70.53653717041016,2752767,48.66560363769531
APD,APD,2011-09-23,69.68547821044922,71.16558837890625,69.47270965576172,70.97132110595703,2273019,48.96558380126953
APD,APD,2011-09-26,71.45236206054688,73.02497863769531,70.64755249023438,72.94171905517578,1803324,50.325008392333984
APD,APD,2011-09-27,74.5328369140625,76.21646881103516,74.38482666015625,74.79186248779297,1558802,51.60148620605469
APD,APD,2011-09-28,75.35615539550781,75.36540222167969,72.94171905517578,73.08048248291016,1738032,50.42074966430664
APD,APD,2011-09-29,73.96855163574219,74.23681640625,72.13690948486328,73.34874725341797,1278066,50.98012161254883
APD,APD,2011-09-30,72.118408203125,73.1267318725586,70.63829803466797,70.64755249023438,1708737,49.10267639160156
APD,APD,2011-10-03,70.2127685546875,71.39685821533203,68.31637573242188,68.33487701416016,2237454,47.49528503417969
APD,APD,2011-10-04,67.7890853881836,70.88806915283203,66.84551239013672,70.77706146240234,1729600,49.19272994995117
APD,APD,2011-10-05,70.97132110595703,73.7372817993164,70.35152435302734,73.20073699951172,1321739,50.877254486083984
APD,APD,2011-10-06,73.0157241821289,74.45883178710938,72.35892486572266,74.22756958007812,1088675,51.5909309387207
APD,APD,2011-10-07,74.87511444091797,75.17113494873047,73.07122802734375,74.0333023071289,1131807,51.45590591430664
APD,APD,2011-10-10,75.50416564941406,76.96577453613281,75.42090606689453,76.78076171875,865124,53.36552047729492
APD,APD,2011-10-11,76.39222717285156,77.01202392578125,75.10638427734375,75.60591888427734,1145103,52.5489387512207
APD,APD,2011-10-12,76.0592041015625,77.50231170654297,75.65217590332031,76.61424255371094,1359033,53.249752044677734
APD,APD,2011-10-13,76.29972076416016,77.00277709960938,75.3469009399414,76.6882553100586,769348,53.30121612548828
APD,APD,2011-10-14,77.52081298828125,78.02960205078125,77.11378479003906,77.7613296508789,1061542,54.04703140258789
APD,APD,2011-10-17,77.6780776977539,77.72432708740234,76.17021179199219,76.4477310180664,1730897,53.134033203125
APD,APD,2011-10-18,76.41998291015625,79.29694366455078,75.6706771850586,78.92691802978516,1446594,54.8571662902832
APD,APD,2011-10-19,78.85291290283203,78.85291290283203,76.51248931884766,77.00277709960938,1078622,53.51981735229492
APD,APD,2011-10-20,77.22479248046875,78.15911102294922,75.8556900024414,76.85476684570312,1896939,53.41692352294922
APD,APD,2011-10-21,74.8381118774414,78.14986419677734,72.84921264648438,76.54023742675781,4027806,53.19832229614258
APD,APD,2011-10-24,76.46623229980469,77.24329376220703,75.99445343017578,76.91951751708984,1561937,53.461944580078125
APD,APD,2011-10-25,76.6882553100586,78.14060974121094,75.7539291381836,76.27197265625,1649822,53.01185607910156
APD,APD,2011-10-26,77.4653091430664,78.64014434814453,75.80943298339844,78.20536804199219,1675442,54.35565185546875
APD,APD,2011-10-27,80.35152435302734,82.77520751953125,79.47270965576172,82.09990692138672,2112382,57.06250762939453
APD,APD,2011-10-28,81.48936462402344,83.4412612915039,80.66605377197266,82.71044921875,1707331,57.48682403564453
APD,APD,2011-10-31,81.46160888671875,81.57261657714844,79.65772247314453,79.68547821044922,1461188,55.38438034057617
APD,APD,2011-11-01,76.76226043701172,78.74190521240234,75.9666976928711,76.99352264404297,1682793,53.513370513916016
APD,APD,2011-11-02,78.00184631347656,79.08418273925781,77.47456359863281,78.58464050292969,1058515,54.61927032470703
APD,APD,2011-11-03,79.75948333740234,80.11100769042969,78.390380859375,79.86123657226562,959820,55.506526947021484
APD,APD,2011-11-04,78.90841674804688,79.75022888183594,78.00184631347656,79.34320068359375,864584,55.146488189697266
APD,APD,2011-11-07,79.51896667480469,80.06475830078125,78.07585906982422,79.9907455444336,1088783,55.596553802490234
APD,APD,2011-11-08,79.9907455444336,81.18408966064453,78.97317504882812,80.97132110595703,1109106,56.27809524536133
APD,APD,2011-11-09,79.407958984375,79.407958984375,76.82701110839844,77.15078735351562,1376762,53.622684478759766
APD,APD,2011-11-10,78.10360717773438,78.73265838623047,77.20629119873047,78.14060974121094,802967,54.310646057128906
APD,APD,2011-11-11,79.32469940185547,80.46253204345703,79.2784423828125,79.98149871826172,835397,55.59011459350586
APD,APD,2011-11-14,79.75948333740234,79.96299743652344,78.2701187133789,79.13043212890625,621251,54.99860382080078
APD,APD,2011-11-15,79.01942443847656,79.77798461914062,78.15911102294922,79.1951904296875,709677,55.04361343383789
APD,APD,2011-11-16,78.27937316894531,79.05642700195312,77.03052520751953,77.19703674316406,1046516,53.65483093261719
APD,APD,2011-11-17,76.864013671875,77.13228607177734,74.36632537841797,75.12488555908203,1414489,52.214595794677734
APD,APD,2011-11-18,75.18038940429688,75.3469009399414,74.09806060791016,75.00462341308594,1374059,52.13099670410156
APD,APD,2011-11-21,73.95929718017578,74.18131256103516,73.05272674560547,73.39500427246094,1450918,51.01225662231445
APD,APD,2011-11-22,73.00647735595703,74.10730743408203,72.60869598388672,72.89546966552734,1079379,50.66509246826172
APD,APD,2011-11-23,72.15541076660156,72.34042358398438,71.0083236694336,71.17483520507812,1477619,49.469173431396484
APD,APD,2011-11-25,71.04532623291016,71.79463195800781,70.8973159790039,70.98982238769531,447750,49.34056854248047
APD,APD,2011-11-28,74.18131256103516,74.18131256103516,72.58094024658203,73.19149017333984,1232881,50.87082290649414
APD,APD,2011-11-29,73.54301452636719,74.10730743408203,72.58094024658203,73.0157241821289,1207801,50.74864959716797
APD,APD,2011-11-30,75.02312469482422,77.59481811523438,75.02312469482422,77.47456359863281,1529291,53.84771728515625
APD,APD,2011-12-01,77.43756103515625,78.0851058959961,76.34597778320312,76.4477310180664,1175047,53.134033203125
APD,APD,2011-12-02,77.43756103515625,77.59481811523438,75.1341323852539,75.81868743896484,1413732,52.696815490722656
APD,APD,2011-12-05,77.20629119873047,77.85383605957031,76.38298034667969,77.12303161621094,1229421,53.60337829589844
APD,APD,2011-12-06,77.22479248046875,77.55781555175781,76.54023742675781,76.61424255371094,1100350,53.249752044677734
APD,APD,2011-12-07,76.43848419189453,77.77983093261719,75.80943298339844,77.2802963256836,1799865,53.71269226074219
APD,APD,2011-12-08,76.88251495361328,76.96577453613281,75.44866180419922,76.04070281982422,1377194,52.85112380981445
APD,APD,2011-12-09,75.72618103027344,77.53006744384766,75.1341323852539,76.9842758178711,1565504,53.50695037841797
APD,APD,2011-12-12,75.95744323730469,75.95744323730469,74.23681640625,75.10638427734375,1282498,52.20173645019531
APD,APD,2011-12-13,75.68917846679688,76.79000854492188,74.20906829833984,74.81036376953125,1162724,51.996009826660156
APD,APD,2011-12-14,74.38482666015625,75.47640991210938,74.0333023071289,74.4495849609375,1156021,51.745243072509766
APD,APD,2011-12-15,75.50416564941406,76.20721435546875,74.7548599243164,76.02220153808594,1344224,52.838287353515625
APD,APD,2011-12-16,76.78076171875,77.33580017089844,75.65217590332031,76.355224609375,1563450,53.06974792480469
APD,APD,2011-12-19,76.53099060058594,76.99352264404297,75.09712982177734,75.30065155029297,1141860,52.336769104003906
APD,APD,2011-12-20,76.91951751708984,78.51063537597656,76.73450469970703,78.45513153076172,1082946,54.529266357421875
APD,APD,2011-12-21,78.63089752197266,79.11193084716797,77.17853546142578,77.96484375,931282,54.188472747802734
APD,APD,2011-12-22,78.22386932373047,78.76040649414062,77.63182067871094,78.44588470458984,784049,54.52281188964844
APD,APD,2011-12-23,78.87141418457031,79.63922119140625,78.42738342285156,79.60221862792969,643087,55.32651901245117
APD,APD,2011-12-27,79.43570709228516,80.13876342773438,79.29694366455078,79.94449615478516,359324,55.56439971923828
APD,APD,2011-12-28,80.13876342773438,80.13876342773438,78.51063537597656,78.61239624023438,534014,54.63856887817383
APD,APD,2011-12-29,78.36262512207031,78.92691802978516,78.1776123046875,78.62165069580078,593685,55.02051544189453
APD,APD,2011-12-30,78.74190521240234,79.05642700195312,78.3811264038086,78.8066635131836,505151,55.149993896484375
APD,APD,2012-01-03,80.12950897216797,80.61054229736328,79.65772247314453,79.8797378540039,963712,55.90092086791992
APD,APD,2012-01-04,79.7872314453125,80.94357299804688,79.51896667480469,80.56429290771484,724486,56.37997817993164
APD,APD,2012-01-05,80.2127685546875,80.45328521728516,79.1859359741211,80.01850128173828,750971,55.998046875
APD,APD,2012-01-06,80.34227752685547,80.34227752685547,79.46346282958984,79.85198974609375,543743,55.881507873535156
APD,APD,2012-01-09,79.75022888183594,80.34227752685547,79.1951904296875,79.85198974609375,707298,55.881507873535156
APD,APD,2012-01-10,80.52729034423828,80.94357299804688,80.27751922607422,80.76780700683594,833235,56.52241897583008
APD,APD,2012-01-11,80.49028778076172,81.35985565185547,80.3052749633789,81.35060119628906,1032896,56.930267333984375
APD,APD,2012-01-12,81.86863708496094,83.4320068359375,81.65587615966797,83.37650299072266,1151373,58.3480110168457
APD,APD,2012-01-13,82.46068572998047,83.24699401855469,81.33209991455078,83.17298889160156,1080243,58.20561599731445
APD,APD,2012-01-17,83.35800170898438,84.02405548095703,83.00647735595703,83.66327667236328,1344115,58.5487060546875
APD,APD,2012-01-18,83.91304016113281,84.84736633300781,83.24699401855469,84.69934844970703,1233637,59.273780822753906
APD,APD,2012-01-19,84.23681640625,85.31914520263672,83.59851837158203,84.9583740234375,1324766,59.45503234863281
APD,APD,2012-01-20,84.6530990600586,84.80110931396484,83.53376770019531,83.85753631591797,1941692,58.684661865234375
APD,APD,2012-01-23,83.8205337524414,84.6253433227539,82.90471649169922,83.18223571777344,1951962,58.21208190917969
APD,APD,2012-01-24,81.56336975097656,81.63737487792969,80.19426727294922,81.017578125,2868974,56.697200775146484
APD,APD,2012-01-25,80.46253204345703,81.60037231445312,79.88899230957031,81.16558837890625,1398922,56.800777435302734
APD,APD,2012-01-26,81.62812042236328,82.65494537353516,81.11933135986328,81.55411529541016,949010,57.072689056396484
APD,APD,2012-01-27,81.48011016845703,81.96114349365234,81.100830078125,81.58187103271484,932903,57.09212112426758
APD,APD,2012-01-30,80.88806915283203,81.76688385009766,80.74005889892578,81.71138000488281,800481,57.18275451660156
APD,APD,2012-01-31,82.06290435791016,82.2386703491211,80.90657043457031,81.4338607788086,1275796,56.9885368347168
APD,APD,2012-02-01,82.3219223022461,83.20999145507812,82.2109146118164,82.66419982910156,1224665,57.84955596923828
APD,APD,2012-02-02,82.86771392822266,82.97872161865234,81.88713836669922,81.9148941040039,878313,57.325164794921875
APD,APD,2012-02-03,83.10823059082031,83.71878051757812,82.81221008300781,83.62627410888672,1388761,58.522823333740234
APD,APD,2012-02-06,83.1267318725586,83.27474975585938,82.82146453857422,83.19149017333984,660599,58.21855163574219
APD,APD,2012-02-07,82.84921264648438,83.50601196289062,82.40518188476562,83.29324340820312,649789,58.28976821899414
APD,APD,2012-02-08,83.38575744628906,83.96855163574219,83.14523315429688,83.9407958984375,900365,58.74290466308594
APD,APD,2012-02-09,84.09806060791016,84.43108367919922,83.45976257324219,84.22756958007812,684814,58.943599700927734
APD,APD,2012-02-10,83.17298889160156,83.71878051757812,82.91397094726562,83.62627410888672,836802,58.522823333740234
APD,APD,2012-02-13,84.25531768798828,84.3570785522461,83.48751068115234,83.7372817993164,552715,58.60051345825195
APD,APD,2012-02-14,83.644775390625,83.97779846191406,83.09898376464844,83.97779846191406,860260,58.76881790161133
APD,APD,2012-02-15,84.18131256103516,84.4403305053711,83.62627410888672,83.9315414428711,981332,58.73644256591797
APD,APD,2012-02-16,83.89453887939453,85.01387786865234,83.61701965332031,85.00462341308594,550878,59.487369537353516
APD,APD,2012-02-17,85.10638427734375,85.23589324951172,84.5420913696289,85.1618881225586,970089,59.59744644165039
APD,APD,2012-02-21,85.51341247558594,85.51341247558594,84.52359008789062,84.87511444091797,907716,59.39677810668945
APD,APD,2012-02-22,84.9491195678711,84.9491195678711,83.9315414428711,84.04255676269531,652600,58.81414031982422
APD,APD,2012-02-23,84.153564453125,85.10638427734375,83.58927154541016,85.02312469482422,875826,59.500328063964844
APD,APD,2012-02-24,84.97687530517578,85.48566436767578,84.79186248779297,85.0508804321289,569363,59.51976013183594
APD,APD,2012-02-27,84.76410675048828,85.43940734863281,84.25531768798828,85.11563110351562,837883,59.56508255004883
APD,APD,2012-02-28,85.11563110351562,85.30065155029297,84.0333023071289,84.40332794189453,1012897,59.06660079956055
APD,APD,2012-02-29,84.6530990600586,84.78260803222656,83.20999145507812,83.47826385498047,1075379,58.419227600097656
APD,APD,2012-03-01,83.87603759765625,84.99537658691406,83.80203247070312,84.98612213134766,1154400,59.47442626953125
APD,APD,2012-03-02,85.03237915039062,85.5504150390625,84.68085479736328,84.99537658691406,804696,59.48093032836914
APD,APD,2012-03-05,84.64384460449219,84.64384460449219,83.47826385498047,84.08880615234375,703191,58.84650421142578
APD,APD,2012-03-06,82.69195556640625,82.82146453857422,81.54486846923828,81.9148941040039,1482592,57.325164794921875
APD,APD,2012-03-07,82.31267547607422,82.6179428100586,81.65587615966797,82.22941589355469,1232340,57.5452766418457
APD,APD,2012-03-08,82.69195556640625,83.40425872802734,82.54393768310547,83.26549530029297,834100,58.270328521728516
APD,APD,2012-03-09,83.34874725341797,83.59851837158203,82.6364517211914,82.73820495605469,838424,57.901329040527344
APD,APD,2012-03-12,82.59944152832031,83.20999145507812,82.37742614746094,82.6364517211914,890960,57.830116271972656
APD,APD,2012-03-13,82.8399658203125,84.01480102539062,82.73820495605469,83.9407958984375,806750,58.74290466308594
APD,APD,2012-03-14,83.98704528808594,84.38482666015625,83.68177795410156,84.31082153320312,645898,59.00185775756836
APD,APD,2012-03-15,84.40332794189453,84.82886505126953,83.3395004272461,84.7548599243164,1018951,59.3126106262207
APD,APD,2012-03-16,84.81961059570312,85.39315032958984,84.59759521484375,84.8381118774414,1226611,59.37086868286133
APD,APD,2012-03-19,85.32839965820312,85.47640991210938,84.6253433227539,85.11563110351562,678111,59.56508255004883
APD,APD,2012-03-20,84.32007598876953,84.50508880615234,83.62627410888672,84.33857727050781,678652,59.02127456665039
APD,APD,2012-03-21,84.43108367919922,84.77336120605469,83.67252349853516,84.10730743408203,655843,58.85940170288086
APD,APD,2012-03-22,83.59851837158203,83.78353118896484,82.40518188476562,82.88621520996094,1108998,58.004913330078125
APD,APD,2012-03-23,83.06198120117188,83.61701965332031,82.57169342041016,83.4412612915039,964360,58.39332580566406
APD,APD,2012-03-26,82.18316650390625,84.52359008789062,82.18316650390625,84.48658752441406,1264121,59.1248893737793
APD,APD,2012-03-27,84.82886505126953,85.42090606689453,84.42182922363281,84.8381118774414,771294,59.37086868286133
APD,APD,2012-03-28,84.70860290527344,84.82886505126953,83.49676513671875,84.30157470703125,790211,58.99540328979492
APD,APD,2012-03-29,83.54301452636719,84.81036376953125,83.25624084472656,84.78260803222656,1283363,59.75168991088867
APD,APD,2012-03-30,84.85661315917969,85.36540222167969,84.4495849609375,84.92137145996094,1614365,59.84946060180664
APD,APD,2012-04-02,84.9491195678711,85.83718872070312,84.58834075927734,85.73542785644531,1255257,60.42316818237305
APD,APD,2012-04-03,85.67992401123047,85.70767974853516,84.47733306884766,84.88436889648438,1047705,59.82338333129883
APD,APD,2012-04-04,84.08880615234375,84.18131256103516,83.69102478027344,83.79278564453125,870962,59.05406951904297
APD,APD,2012-04-05,83.56151580810547,84.11656188964844,83.38575744628906,84.00554656982422,1244663,59.204010009765625
APD,APD,2012-04-09,82.59019470214844,83.05272674560547,82.06290435791016,82.28491973876953,947064,57.991371154785156
APD,APD,2012-04-10,82.09990692138672,82.34967803955078,80.39778137207031,80.45328521728516,2862920,56.700523376464844
APD,APD,2012-04-11,81.14708709716797,81.68362426757812,80.5087890625,80.79556274414062,1498266,56.941741943359375
APD,APD,2012-04-12,80.83256530761719,82.94171905517578,80.8140640258789,82.78446197509766,1222935,58.343441009521484
APD,APD,2012-04-13,82.64569854736328,82.85846710205078,81.60037231445312,81.64662170410156,1149860,57.54153060913086
APD,APD,2012-04-16,82.06290435791016,82.58094024658203,81.48936462402344,82.46993255615234,1004249,58.12174606323242
APD,APD,2012-04-17,82.98797607421875,83.72802734375,82.48843383789062,83.36725616455078,804588,58.754188537597656
APD,APD,2012-04-18,82.98797607421875,83.02497863769531,81.77613067626953,81.80388641357422,1292876,57.652381896972656
APD,APD,2012-04-19,81.88713836669922,82.76596069335938,81.36910247802734,82.57169342041016,1355250,58.19349670410156
APD,APD,2012-04-20,82.79370880126953,83.61701965332031,82.52543640136719,83.02497863769531,1188560,58.51294708251953
APD,APD,2012-04-23,81.95189666748047,82.57169342041016,81.87789154052734,82.08140563964844,1549181,57.84794998168945
APD,APD,2012-04-24,79.01942443847656,80.0925064086914,75.4671630859375,78.37187957763672,4912280,55.233638763427734
APD,APD,2012-04-25,78.94541931152344,79.1951904296875,78.5661392211914,79.06568145751953,1984608,55.72256851196289
APD,APD,2012-04-26,79.03792572021484,79.98149871826172,78.91767120361328,79.82423400878906,1217963,56.2572021484375
APD,APD,2012-04-27,79.53746795654297,79.7964859008789,79.01942443847656,79.14893341064453,2509109,55.78126525878906
APD,APD,2012-04-30,79.3154525756836,79.41720581054688,78.67715454101562,79.08418273925781,1840078,55.735626220703125
APD,APD,2012-05-01,78.46438598632812,80.34227752685547,78.390380859375,79.66697692871094,1553181,56.146358489990234
APD,APD,2012-05-02,79.43570709228516,79.87049102783203,78.93617248535156,79.72248077392578,1192884,56.185455322265625
APD,APD,2012-05-03,79.81498718261719,80.0925064086914,79.25069427490234,79.84273529052734,1220773,56.27022933959961
APD,APD,2012-05-04,79.64847564697266,79.65772247314453,78.73265838623047,79.11193084716797,2031956,55.755184173583984
APD,APD,2012-05-07,78.5661392211914,79.75948333740234,78.5661392211914,79.33394622802734,1096999,55.911659240722656
APD,APD,2012-05-08,78.73265838623047,79.01942443847656,77.94634246826172,78.85291290283203,1267473,55.5726318359375
APD,APD,2012-05-09,77.96484375,78.66790008544922,77.19703674316406,77.22479248046875,1720844,54.42517852783203
APD,APD,2012-05-10,77.86309051513672,77.93709564208984,76.70675659179688,76.81776428222656,1406489,54.13833236694336
APD,APD,2012-05-11,76.43848419189453,77.60407257080078,76.33672332763672,76.93801879882812,1101107,54.223079681396484
APD,APD,2012-05-14,76.34597778320312,77.41905975341797,75.88343811035156,76.66974639892578,1073757,54.03403091430664
APD,APD,2012-05-15,76.60499572753906,76.92877197265625,75.53191375732422,75.78168487548828,812480,53.40814208984375
APD,APD,2012-05-16,76.21646881103516,76.52173614501953,74.9491195678711,74.9583740234375,1026301,52.827884674072266
APD,APD,2012-05-17,75.0416259765625,75.29139709472656,73.35800170898438,73.39500427246094,1253636,51.72608947753906
APD,APD,2012-05-18,73.74652862548828,73.9315414428711,71.76688385009766,71.97964477539062,1803649,50.728599548339844
APD,APD,2012-05-21,72.26641845703125,74.2460708618164,72.00740051269531,74.0610580444336,1556100,52.19551086425781
APD,APD,2012-05-22,74.31082153320312,74.87511444091797,73.50601196289062,73.91304016113281,1194397,52.09122085571289
APD,APD,2012-05-23,73.32099914550781,73.78353118896484,72.60869598388672,73.58001708984375,1547127,51.85649108886719
APD,APD,2012-05-24,74.01480102539062,74.43108367919922,73.51526641845703,74.42182922363281,1076352,52.44975662231445
APD,APD,2012-05-25,74.12580871582031,74.60684967041016,73.72802734375,73.95004272460938,629574,52.11726760864258
APD,APD,2012-05-29,74.71785736083984,75.1618881225586,74.2460708618164,75.03237915039062,1044030,52.880069732666016
APD,APD,2012-05-30,74.20906829833984,74.84736633300781,73.05272674560547,73.15448760986328,927498,51.556583404541016
APD,APD,2012-05-31,73.06198120117188,73.644775390625,72.06290435791016,73.11748504638672,1104242,51.53050231933594
APD,APD,2012-06-01,71.95189666748047,72.48843383789062,71.04532623291016,71.11933135986328,1665281,50.12226486206055
APD,APD,2012-06-04,71.30435180664062,71.79463195800781,70.75856018066406,71.67437744140625,1368006,50.513458251953125
APD,APD,2012-06-05,71.36910247802734,72.48843383789062,71.15633392333984,71.84088897705078,2042117,50.630821228027344
APD,APD,2012-06-06,72.30342102050781,73.20073699951172,72.25717163085938,72.84921264648438,1389626,51.34144592285156
APD,APD,2012-06-07,73.8482894897461,74.7548599243164,73.72802734375,74.02405548095703,4313406,52.1694221496582
APD,APD,2012-06-08,73.3117446899414,73.92229461669922,72.8307113647461,73.65402221679688,1534588,51.908653259277344
APD,APD,2012-06-11,74.32007598876953,74.5420913696289,73.14523315429688,73.20073699951172,1042841,51.58920669555664
APD,APD,2012-06-12,73.65402221679688,73.89453887939453,72.85846710205078,73.39500427246094,1237961,51.72608947753906
APD,APD,2012-06-13,73.09898376464844,73.46900939941406,72.19241333007812,72.39592742919922,934200,51.021976470947266
APD,APD,2012-06-14,72.56243896484375,72.85846710205078,71.9056396484375,72.57169342041016,956361,51.145835876464844
APD,APD,2012-06-15,72.84921264648438,73.68177795410156,72.79370880126953,73.5245132446289,1432217,51.817359924316406
APD,APD,2012-06-18,73.32099914550781,73.9315414428711,73.05272674560547,73.6355209350586,755835,51.895599365234375
APD,APD,2012-06-19,74.21831512451172,75.59667205810547,74.18131256103516,75.4671630859375,1291903,53.18647384643555
APD,APD,2012-06-20,75.49491119384766,75.49491119384766,73.67252349853516,74.0333023071289,1149968,52.175926208496094
APD,APD,2012-06-21,74.25531768798828,74.3570785522461,71.97039794921875,72.0259017944336,893771,50.76121139526367
APD,APD,2012-06-22,72.58094024658203,72.68270111083984,71.68362426757812,72.13690948486328,3468280,50.839420318603516
APD,APD,2012-06-25,71.36910247802734,71.62812042236328,70.97132110595703,71.11933135986328,1057218,50.12226486206055
APD,APD,2012-06-26,71.24884033203125,71.64662170410156,70.64755249023438,71.4061050415039,994304,50.32438278198242
APD,APD,2012-06-27,72.19241333007812,72.25717163085938,71.1933364868164,71.41535949707031,1155913,50.33092498779297
APD,APD,2012-06-28,70.73080444335938,72.24791717529297,70.40702819824219,72.20166778564453,1568639,51.31044387817383
APD,APD,2012-06-29,73.65402221679688,74.69934844970703,73.37650299072266,74.68085479736328,1739978,53.07229232788086
APD,APD,2012-07-02,73.95929718017578,74.45883178710938,72.79370880126953,73.65402221679688,1667551,52.342586517333984
APD,APD,2012-07-03,74.81036376953125,74.81036376953125,73.71878051757812,74.21831512451172,915499,52.743587493896484
APD,APD,2012-07-05,74.00554656982422,74.34782409667969,73.42276000976562,74.0610580444336,1117322,52.6318359375
APD,APD,2012-07-06,73.19149017333984,74.00554656982422,72.96022033691406,73.83903503417969,641898,52.474063873291016
APD,APD,2012-07-09,73.80203247070312,74.05180358886719,73.3395004272461,73.66327667236328,793346,52.349159240722656
APD,APD,2012-07-10,74.3293228149414,74.33857727050781,72.38668060302734,72.73820495605469,727513,51.691749572753906
APD,APD,2012-07-11,72.98797607421875,72.99722290039062,72.15541076660156,72.7197036743164,916364,51.678592681884766
APD,APD,2012-07-12,72.15541076660156,72.3311767578125,71.42460632324219,71.89639282226562,684489,51.09349822998047
APD,APD,2012-07-13,72.27567291259766,73.89453887939453,72.18316650390625,73.85753631591797,793346,52.4871940612793
APD,APD,2012-07-16,73.6355209350586,73.72802734375,72.99722290039062,73.49676513671875,903392,52.23081970214844
APD,APD,2012-07-17,73.88529205322266,74.27381896972656,73.36725616455078,74.26457214355469,1107809,52.776458740234375
APD,APD,2012-07-18,74.21831512451172,75.43940734863281,73.85753631591797,75.43016052246094,1319144,53.60480880737305
APD,APD,2012-07-19,75.61517333984375,75.8556900024414,74.92137145996094,75.39315032958984,1214504,53.578487396240234
APD,APD,2012-07-20,74.69934844970703,75.01387786865234,74.3570785522461,74.40332794189453,1368978,52.87506866455078
APD,APD,2012-07-23,73.20073699951172,73.9315414428711,73.09898376464844,73.61701965332031,973873,52.3162841796875
APD,APD,2012-07-24,73.51526641845703,74.08880615234375,71.79463195800781,72.96947479248047,1267905,51.85610580444336
APD,APD,2012-07-25,73.30249786376953,73.85753631591797,72.79370880126953,72.99722290039062,1896290,51.87580490112305
APD,APD,2012-07-26,74.01480102539062,74.61609649658203,73.39500427246094,73.89453887939453,1549722,52.513484954833984
APD,APD,2012-07-27,74.72710418701172,75.3469009399414,73.89453887939453,75.17113494873047,2795142,53.42071533203125
APD,APD,2012-07-30,75.1341323852539,75.70767974853516,74.63459777832031,75.2451400756836,1232881,53.47330093383789
APD,APD,2012-07-31,74.8658676147461,74.9583740234375,74.13506317138672,74.40332794189453,1668740,52.87506866455078
APD,APD,2012-08-01,74.77336120605469,75.65217590332031,74.5420913696289,75.15263366699219,1358925,53.40756607055664
APD,APD,2012-08-02,74.46808624267578,74.81961059570312,73.4412612915039,74.37557983398438,1024139,52.855350494384766
APD,APD,2012-08-03,75.69842529296875,76.39222717285156,75.02312469482422,76.07770538330078,839397,54.064971923828125
APD,APD,2012-08-06,76.50323486328125,76.84551239013672,76.14246368408203,76.52173614501953,576497,54.38053894042969
APD,APD,2012-08-07,76.79000854492188,77.09528350830078,76.37372589111328,76.99352264404297,701353,54.71580123901367
APD,APD,2012-08-08,76.64199829101562,78.06660461425781,76.54023742675781,77.64107513427734,768051,55.17598342895508
APD,APD,2012-08-09,77.42830657958984,78.13136291503906,77.04902648925781,77.74282836914062,1000898,55.24832534790039
APD,APD,2012-08-10,77.56707000732422,77.6780776977539,76.69750213623047,77.45606231689453,978737,55.04451370239258
APD,APD,2012-08-13,77.31729888916016,77.47456359863281,76.80850982666016,77.3635482788086,417590,54.97876739501953
APD,APD,2012-08-14,77.74282836914062,77.9740982055664,76.96577453613281,77.24329376220703,997331,54.8932991027832
APD,APD,2012-08-15,77.10453033447266,77.60407257080078,76.8732681274414,77.30804443359375,681138,54.939327239990234
APD,APD,2012-08-16,77.59481811523438,78.4736328125,77.3635482788086,78.32562255859375,790968,55.66248321533203
APD,APD,2012-08-17,78.57539367675781,78.78816223144531,77.89083862304688,78.0943603515625,1037652,55.498130798339844
APD,APD,2012-08-20,77.93709564208984,78.28861999511719,77.79833221435547,78.23311614990234,776050,55.59672927856445
APD,APD,2012-08-21,78.40888214111328,78.63089752197266,77.82608795166016,78.11286163330078,838424,55.51125717163086
APD,APD,2012-08-22,77.7613296508789,78.63089752197266,77.15078735351562,78.63089752197266,1116457,55.879398345947266
APD,APD,2012-08-23,78.52913665771484,78.52913665771484,77.13228607177734,77.2525405883789,640493,54.89986038208008
APD,APD,2012-08-24,77.15078735351562,77.24329376220703,76.69750213623047,77.08602905273438,668815,54.78154754638672
APD,APD,2012-08-27,77.2802963256836,77.43756103515625,76.2627182006836,76.355224609375,626980,54.262210845947266
APD,APD,2012-08-28,76.1794662475586,76.41998291015625,75.83718872070312,76.09620666503906,708271,54.07813262939453
APD,APD,2012-08-29,76.22571563720703,76.49398803710938,75.66142272949219,75.88343811035156,1315793,53.926910400390625
APD,APD,2012-08-30,75.77243041992188,75.97594451904297,75.29139709472656,75.63367462158203,767186,53.74942398071289
APD,APD,2012-08-31,76.13320922851562,76.5587387084961,75.70767974853516,76.39222717285156,741242,54.288482666015625
APD,APD,2012-09-04,76.28121948242188,76.60499572753906,75.07862854003906,75.38390350341797,1151049,53.57191848754883
APD,APD,2012-09-05,75.30065155029297,76.13320922851562,75.30065155029297,75.95744323730469,962306,53.97950744628906
APD,APD,2012-09-06,76.33672332763672,77.5855712890625,76.33672332763672,77.26179504394531,999168,54.90645217895508
APD,APD,2012-09-07,77.43756103515625,77.85383605957031,76.89176940917969,77.34505462646484,1018734,54.96562576293945
APD,APD,2012-09-10,77.28955078125,77.65957641601562,76.96577453613281,76.99352264404297,778428,54.71580123901367
APD,APD,2012-09-11,77.19703674316406,78.02035522460938,77.08602905273438,77.69657897949219,898203,55.2154541015625
APD,APD,2012-09-12,77.70582580566406,77.8723373413086,76.81776428222656,77.14153289794922,1053326,54.82099151611328
APD,APD,2012-09-13,77.0675277709961,78.4828872680664,76.6604995727539,77.9740982055664,1067488,55.41265869140625
APD,APD,2012-09-14,77.92784118652344,79.25994110107422,77.53931427001953,79.08418273925781,1156346,56.20151901245117
APD,APD,2012-09-17,79.04718017578125,79.3987045288086,78.87141418457031,79.20443725585938,867394,56.287010192871094
APD,APD,2012-09-18,79.12118530273438,79.25994110107422,78.4828872680664,78.93617248535156,592280,56.09636688232422
APD,APD,2012-09-19,79.04718017578125,79.09342956542969,78.46438598632812,78.85291290283203,695732,56.03719711303711
APD,APD,2012-09-20,78.42738342285156,78.74190521240234,78.05735778808594,78.67715454101562,786319,55.91227722167969
APD,APD,2012-09-21,78.90841674804688,78.95467376708984,78.11286163330078,78.1776123046875,1442919,55.55729293823242
APD,APD,2012-09-24,77.881591796875,77.98335266113281,77.26179504394531,77.65032196044922,709893,55.182559967041016
APD,APD,2012-09-25,77.83533477783203,78.23311614990234,77.0675277709961,77.10453033447266,743728,54.79469299316406
APD,APD,2012-09-26,76.80850982666016,77.04902648925781,76.1517105102539,76.94727325439453,1291363,54.68293762207031
APD,APD,2012-09-27,76.74375915527344,76.91027069091797,76.19796752929688,76.45698547363281,869556,54.75581359863281
APD,APD,2012-09-28,76.22571563720703,76.58649444580078,75.846435546875,76.50323486328125,851288,54.7889289855957
APD,APD,2012-10-01,76.34597778320312,77.47456359863281,76.08695983886719,76.64199829101562,957874,54.8883171081543
APD,APD,2012-10-02,76.73450469970703,77.19703674316406,76.08695983886719,76.4754867553711,678976,54.7690544128418
APD,APD,2012-10-03,76.43848419189453,76.67900085449219,76.04070281982422,76.53099060058594,585686,54.808799743652344
APD,APD,2012-10-04,76.9842758178711,77.33580017089844,76.54023742675781,77.14153289794922,675301,55.24607467651367
APD,APD,2012-10-05,77.71508026123047,78.25161743164062,77.28955078125,77.61331939697266,754214,55.58393478393555
APD,APD,2012-10-08,77.24329376220703,77.74282836914062,76.9842758178711,77.59481811523438,463317,55.5706901550293
APD,APD,2012-10-09,77.68732452392578,77.80758666992188,76.73450469970703,76.74375915527344,675517,54.96117401123047
APD,APD,2012-10-10,76.75300598144531,76.75300598144531,75.67992401123047,75.87419128417969,940902,54.338443756103516
APD,APD,2012-10-11,76.31822204589844,76.53099060058594,75.81868743896484,75.82793426513672,421374,54.305301666259766
APD,APD,2012-10-12,75.8556900024414,76.63274383544922,75.48566436767578,75.8556900024414,694326,54.32516860961914
APD,APD,2012-10-15,76.27197265625,76.37372589111328,75.8556900024414,76.12396240234375,776482,54.51730728149414
APD,APD,2012-10-16,76.7715072631836,78.30712127685547,76.40148162841797,78.2701187133789,791076,56.05431365966797
APD,APD,2012-10-17,78.0851058959961,78.93617248535156,78.0851058959961,78.58464050292969,1029869,56.27957534790039
APD,APD,2012-10-18,78.49213409423828,79.50971221923828,78.0851058959961,78.95467376708984,1598475,56.5445556640625
APD,APD,2012-10-19,76.73450469970703,77.01202392578125,73.74652862548828,73.99629974365234,5500236,52.993534088134766
APD,APD,2012-10-22,73.39500427246094,73.4412612915039,71.48011016845703,73.0434799194336,3355748,52.31120681762695
APD,APD,2012-10-23,71.8131332397461,72.43292999267578,71.27659606933594,71.48936462402344,2968102,51.19816970825195
APD,APD,2012-10-24,71.83163452148438,72.118408203125,71.02682495117188,71.3135986328125,2018551,51.072303771972656
APD,APD,2012-10-25,72.10916137695312,72.3219223022461,71.23959350585938,71.9056396484375,905446,51.496280670166016
APD,APD,2012-10-26,71.60037231445312,72.2386703491211,71.26734161376953,72.08140563964844,939281,51.622161865234375
APD,APD,2012-10-31,72.5069351196289,72.72895812988281,71.33209991455078,71.72062683105469,1424109,51.363792419433594
APD,APD,2012-11-01,72.22016906738281,73.42276000976562,71.33209991455078,72.3311767578125,2581104,51.801048278808594
APD,APD,2012-11-02,72.39592742919922,73.24699401855469,71.23033905029297,72.29417419433594,2536891,51.774559020996094
APD,APD,2012-11-05,72.06290435791016,73.00647735595703,71.87789154052734,72.84921264648438,1564964,52.17203903198242
APD,APD,2012-11-06,72.94171905517578,74.4495849609375,72.6179428100586,73.77428436279297,1544317,52.834537506103516
APD,APD,2012-11-07,72.98797607421875,73.83903503417969,72.73820495605469,73.50601196289062,2091843,52.64241027832031
APD,APD,2012-11-08,73.49676513671875,74.10730743408203,73.1267318725586,73.21923828125,2308151,52.43703842163086
APD,APD,2012-11-09,73.08972930908203,74.16281127929688,73.08972930908203,73.75578308105469,1447459,52.82131576538086
APD,APD,2012-11-12,73.9407958984375,74.30157470703125,73.62627410888672,73.95929718017578,987926,52.96704864501953
APD,APD,2012-11-13,74.51433563232422,75.15263366699219,74.27381896972656,74.50508880615234,1924829,53.35792541503906
APD,APD,2012-11-14,74.68085479736328,74.76410675048828,73.85753631591797,74.21831512451172,1724087,53.152557373046875
APD,APD,2012-11-15,74.16281127929688,74.61609649658203,73.54301452636719,73.86679077148438,1408975,52.90079879760742
APD,APD,2012-11-16,73.95004272460938,74.30157470703125,73.35800170898438,74.00554656982422,1819107,53.00015640258789
APD,APD,2012-11-19,74.5328369140625,74.8658676147461,74.26457214355469,74.81036376953125,1765057,53.5765495300293
APD,APD,2012-11-20,74.56059265136719,75.51341247558594,74.56059265136719,75.49491119384766,871827,54.066810607910156
APD,APD,2012-11-21,75.91119384765625,75.94819641113281,75.51341247558594,75.80018615722656,820263,54.285438537597656
APD,APD,2012-11-23,76.1794662475586,76.84551239013672,76.03144836425781,76.81776428222656,391430,55.014198303222656
APD,APD,2012-11-26,76.53099060058594,77.09528350830078,76.48473358154297,77.09528350830078,1051164,55.21293640136719
APD,APD,2012-11-27,77.04902648925781,77.09528350830078,76.48473358154297,76.6604995727539,1373302,54.90157699584961
APD,APD,2012-11-28,76.21646881103516,76.6604995727539,75.7539291381836,76.27197265625,1703440,54.623294830322266
APD,APD,2012-11-29,76.4477310180664,77.01202392578125,75.94819641113281,76.1794662475586,1720628,54.55705642700195
APD,APD,2012-11-30,76.31822204589844,76.9565200805664,76.23497009277344,76.72525024414062,1490915,54.94792556762695
APD,APD,2012-12-03,76.96577453613281,77.14153289794922,75.32839965820312,75.4579086303711,1171264,54.04032516479492
APD,APD,2012-12-04,75.07862854003906,76.02220153808594,75.07862854003906,75.57817077636719,1011276,54.126434326171875
APD,APD,2012-12-05,75.50416564941406,76.04070281982422,75.25439453125,75.846435546875,1064785,54.318546295166016
APD,APD,2012-12-06,75.86493682861328,76.04995727539062,75.337646484375,75.99445343017578,1344440,54.424556732177734
APD,APD,2012-12-07,75.90193939208984,76.85476684570312,75.43940734863281,76.83626556396484,1203477,55.027435302734375
APD,APD,2012-12-10,76.79926300048828,76.96577453613281,76.5587387084961,76.88251495361328,658113,55.06058120727539
APD,APD,2012-12-11,77.02127838134766,77.53006744384766,76.79000854492188,77.00277709960938,966090,55.146697998046875
APD,APD,2012-12-12,77.43756103515625,77.52081298828125,76.22571563720703,76.37372589111328,976792,54.69617462158203
APD,APD,2012-12-13,76.45698547363281,76.91951751708984,76.30897521972656,76.73450469970703,746106,54.95456314086914
APD,APD,2012-12-14,76.79926300048828,77.05828094482422,76.29047393798828,76.3644790649414,856476,54.68956756591797
APD,APD,2012-12-17,76.45698547363281,77.28955078125,76.39222717285156,77.11378479003906,821560,55.22618865966797
APD,APD,2012-12-18,77.2802963256836,78.3811264038086,76.79000854492188,78.14060974121094,959928,55.9615592956543
APD,APD,2012-12-19,78.25161743164062,78.49213409423828,77.4930648803711,77.4930648803711,1035814,55.49781799316406
APD,APD,2012-12-20,77.62257385253906,78.67715454101562,77.55781555175781,78.67715454101562,1088243,56.3458137512207
APD,APD,2012-12-21,78.2978744506836,78.67715454101562,77.7613296508789,77.96484375,1779218,55.835697174072266
APD,APD,2012-12-24,78.22386932373047,78.91767120361328,77.73358154296875,78.87141418457031,527528,56.48494338989258
APD,APD,2012-12-26,78.982421875,79.84273529052734,78.8066635131836,79.32469940185547,1097647,56.80955123901367
APD,APD,2012-12-27,79.45420837402344,79.47270965576172,77.42830657958984,78.44588470458984,1314820,56.1801872253418
APD,APD,2012-12-28,77.7613296508789,77.79833221435547,76.67900085449219,76.71600341796875,877232,55.359107971191406
APD,APD,2012-12-31,76.21646881103516,77.75208282470703,75.8556900024414,77.72432708740234,874853,56.08673095703125
APD,APD,2013-01-02,79.05642700195312,79.5004653930664,78.66790008544922,79.42646026611328,1312875,57.315006256103516
APD,APD,2013-01-03,79.51896667480469,79.92599487304688,78.93617248535156,79.14893341064453,766321,57.114742279052734
APD,APD,2013-01-04,79.42646026611328,80.3052749633789,79.26919555664062,80.2127685546875,1051813,57.88242721557617
APD,APD,2013-01-07,79.9074935913086,80.22201538085938,79.3154525756836,80.13876342773438,898743,57.82902145385742
APD,APD,2013-01-08,80.0925064086914,80.3052749633789,79.12118530273438,80.28677368164062,1425839,57.935829162597656
APD,APD,2013-01-09,80.39778137207031,81.50786590576172,80.12950897216797,81.36910247802734,1547235,58.71684646606445
APD,APD,2013-01-10,81.63737487792969,81.63737487792969,80.62904357910156,81.29509735107422,728270,58.66342544555664
APD,APD,2013-01-11,81.46160888671875,81.77613067626953,80.8973159790039,81.74838256835938,808048,58.99053955078125
APD,APD,2013-01-14,81.62812042236328,81.77613067626953,81.09158325195312,81.39685821533203,578119,58.73685836791992
APD,APD,2013-01-15,81.02682495117188,81.4061050415039,80.77706146240234,81.12858581542969,514016,58.54329299926758
APD,APD,2013-01-16,80.75856018066406,81.23033905029297,80.18501281738281,80.74930572509766,750106,58.26958084106445
APD,APD,2013-01-17,81.09158325195312,82.29417419433594,80.9250717163086,81.79463195800781,912148,59.02389144897461
APD,APD,2013-01-18,81.93339538574219,82.20166778564453,81.21183776855469,82.04440307617188,1255473,59.20415496826172
APD,APD,2013-01-22,82.09066009521484,82.89546966552734,81.66512298583984,82.70120239257812,1126510,59.678096771240234
APD,APD,2013-01-23,82.7474594116211,83.24699401855469,81.017578125,81.8131332397461,2117571,59.037261962890625
APD,APD,2013-01-24,81.48011016845703,82.04440307617188,80.8048095703125,81.6188735961914,1272121,58.89707565307617
APD,APD,2013-01-25,81.86863708496094,82.08140563964844,81.35060119628906,81.73912811279297,1107160,58.983856201171875
APD,APD,2013-01-28,81.71138000488281,81.79463195800781,81.100830078125,81.41535949707031,1028463,58.75021743774414
APD,APD,2013-01-29,81.53561401367188,82.46993255615234,81.39685821533203,82.22016906738281,1096999,59.330970764160156
APD,APD,2013-01-30,82.05365753173828,82.29417419433594,81.29509735107422,81.39685821533203,737026,58.73685836791992
APD,APD,2013-01-31,81.14708709716797,81.59111785888672,80.82331085205078,80.87881469726562,1185208,58.36305236816406
APD,APD,2013-02-01,81.54486846923828,82.31267547607422,81.45236206054688,82.08140563964844,960360,59.230831146240234
APD,APD,2013-02-04,81.53561401367188,81.7298812866211,80.55503845214844,80.61054229736328,861233,58.16946029663086
APD,APD,2013-02-05,81.05458068847656,81.5171127319336,80.85106658935547,80.93431854248047,886096,58.40310287475586
APD,APD,2013-02-06,80.76780700683594,81.08232879638672,80.44403076171875,80.94357299804688,1093972,58.409767150878906
APD,APD,2013-02-07,81.09158325195312,81.09158325195312,80.26827239990234,80.8140640258789,660059,58.316322326660156
APD,APD,2013-02-08,80.98982238769531,81.85939025878906,80.78630828857422,81.7298812866211,845342,58.97718811035156
APD,APD,2013-02-11,81.84088897705078,82.09066009521484,81.50786590576172,81.79463195800781,804913,59.02389144897461
APD,APD,2013-02-12,81.80388641357422,82.22016906738281,81.21183776855469,82.17391204833984,1004357,59.297607421875
APD,APD,2013-02-13,82.27567291259766,82.37742614746094,81.7298812866211,82.1276626586914,925985,59.26421356201172
APD,APD,2013-02-14,81.85939025878906,82.2109146118164,81.4338607788086,82.04440307617188,714433,59.20415496826172
APD,APD,2013-02-15,82.06290435791016,82.14616394042969,81.36910247802734,81.6188735961914,865232,58.89707565307617
APD,APD,2013-02-19,81.98889923095703,82.45143127441406,81.57261657714844,82.05365753173828,604171,59.2108154296875
APD,APD,2013-02-20,81.99815368652344,82.14616394042969,80.98982238769531,81.04532623291016,1379356,58.48318099975586
APD,APD,2013-02-21,80.67530059814453,81.17483520507812,78.63089752197266,79.25069427490234,2165135,57.188175201416016
APD,APD,2013-02-22,79.57447052001953,79.64847564697266,78.92691802978516,79.63922119140625,1479349,57.46855163574219
APD,APD,2013-02-25,80.0092544555664,80.02775573730469,77.90933990478516,77.91859436035156,1078406,56.22690963745117
APD,APD,2013-02-26,78.25161743164062,78.5661392211914,77.84458923339844,78.02035522460938,1335576,56.30033874511719
APD,APD,2013-02-27,78.10360717773438,79.5004653930664,77.95559692382812,79.14893341064453,1123700,57.114742279052734
APD,APD,2013-02-28,79.0749282836914,80.32377624511719,79.03792572021484,79.87049102783203,1291903,57.63541030883789
APD,APD,2013-03-01,79.41720581054688,80.15726470947266,78.92691802978516,79.87049102783203,799832,57.63541030883789
APD,APD,2013-03-04,79.66697692871094,80.04624938964844,79.15818786621094,79.87049102783203,624602,57.63541030883789
APD,APD,2013-03-05,80.24977111816406,81.14708709716797,80.13876342773438,80.3885269165039,937227,58.009246826171875
APD,APD,2013-03-06,80.66605377197266,80.74005889892578,80.12950897216797,80.2127685546875,702218,57.88242721557617
APD,APD,2013-03-07,80.36077880859375,81.35060119628906,80.18501281738281,81.26734161376953,977440,58.64341735839844
APD,APD,2013-03-08,81.65587615966797,82.54393768310547,81.50786590576172,82.4236831665039,1303146,59.477821350097656
APD,APD,2013-03-11,82.18316650390625,82.35892486572266,81.55411529541016,82.17391204833984,960577,59.297607421875
APD,APD,2013-03-12,82.17391204833984,82.6179428100586,81.8131332397461,82.24791717529297,759403,59.351009368896484
APD,APD,2013-03-13,82.24791717529297,82.44218444824219,81.48011016845703,82.3311767578125,736918,59.41109085083008
APD,APD,2013-03-14,82.51618957519531,83.16373443603516,82.3311767578125,83.16373443603516,711839,60.011871337890625
APD,APD,2013-03-15,82.84921264648438,83.57077026367188,82.64569854736328,83.41350555419922,2058548,60.192081451416016
APD,APD,2013-03-18,82.54393768310547,82.59019470214844,81.86863708496094,82.25717163085938,1019059,59.357696533203125
APD,APD,2013-03-19,82.28491973876953,82.59019470214844,81.09158325195312,81.60037231445312,907608,58.88372039794922
APD,APD,2013-03-20,81.95189666748047,82.4144287109375,81.71138000488281,82.18316650390625,961225,59.30427551269531
APD,APD,2013-03-21,81.29509735107422,81.35985565185547,80.0925064086914,80.57353973388672,1510049,58.14276123046875
APD,APD,2013-03-22,81.1933364868164,81.44310760498047,80.69380187988281,80.96207427978516,904689,58.42312240600586
APD,APD,2013-03-25,81.39685821533203,81.53561401367188,80.61979675292969,80.91581726074219,1057110,58.389747619628906
APD,APD,2013-03-26,81.21183776855469,81.47086334228516,80.8973159790039,81.33209991455078,809453,58.69016647338867
APD,APD,2013-03-27,80.05550384521484,80.06475830078125,79.23219299316406,79.81498718261719,1063055,58.064273834228516
APD,APD,2013-03-28,79.83348846435547,80.73080444335938,79.6114730834961,80.592041015625,1448432,58.62958908081055
APD,APD,2013-04-01,80.19426727294922,80.32377624511719,78.85291290283203,79.1026840209961,1380545,57.546104431152344
APD,APD,2013-04-02,79.51896667480469,79.62071990966797,78.35337829589844,78.64014434814453,1044138,57.2095947265625
APD,APD,2013-04-03,78.76040649414062,78.81591033935547,77.74282836914062,77.96484375,1194289,56.718318939208984
APD,APD,2013-04-04,78.12210845947266,79.00092315673828,78.00184631347656,78.97317504882812,844261,57.45186233520508
APD,APD,2013-04-05,78.24237060546875,78.79740905761719,77.7613296508789,78.75115966796875,719622,57.290340423583984
APD,APD,2013-04-08,78.81591033935547,79.25994110107422,78.36262512207031,79.23219299316406,539095,57.64030075073242
APD,APD,2013-04-09,79.52821350097656,79.92599487304688,78.982421875,79.55596923828125,721676,57.8758544921875
APD,APD,2013-04-10,79.74098205566406,79.95375061035156,79.42646026611328,79.87049102783203,1381410,58.10464096069336
APD,APD,2013-04-11,79.95375061035156,80.77706146240234,79.76873016357422,80.70305633544922,1331360,58.71034240722656
APD,APD,2013-04-12,80.4995346069336,80.66605377197266,79.95375061035156,80.4162826538086,1172345,58.5016975402832
APD,APD,2013-04-15,79.97224426269531,80.13876342773438,78.49213409423828,78.50138854980469,2176918,57.1086540222168
APD,APD,2013-04-16,78.7789077758789,80.0925064086914,78.7789077758789,80.01850128173828,1006303,58.21234130859375
APD,APD,2013-04-17,79.6114730834961,79.98149871826172,79.0749282836914,79.35244750976562,1319036,57.7277946472168
APD,APD,2013-04-18,79.62997436523438,79.9074935913086,78.31637573242188,78.49213409423828,1146509,57.10191345214844
APD,APD,2013-04-19,78.70490264892578,79.48196411132812,78.70490264892578,79.2876968383789,1744194,57.680667877197266
APD,APD,2013-04-22,79.2876968383789,80.02775573730469,79.22293853759766,79.82423400878906,905229,58.07099151611328
APD,APD,2013-04-23,79.29694366455078,79.92599487304688,78.19611358642578,78.79740905761719,2301773,57.3239860534668
APD,APD,2013-04-24,79.01017761230469,79.72248077392578,78.91767120361328,79.37095642089844,1844510,57.741275787353516
APD,APD,2013-04-25,79.20443725585938,80.19426727294922,78.93617248535156,79.56521606445312,903608,57.882564544677734
APD,APD,2013-04-26,79.55596923828125,79.62997436523438,79.04718017578125,79.17668914794922,628602,57.59992599487305
APD,APD,2013-04-29,79.4912109375,80.17576599121094,79.17668914794922,80.05550384521484,752160,58.23923110961914
APD,APD,2013-04-30,80.03700256347656,80.44403076171875,79.5837173461914,80.44403076171875,830208,58.52189636230469
APD,APD,2013-05-01,80.19426727294922,80.26827239990234,79.21369171142578,79.26919555664062,707731,57.6672248840332
APD,APD,2013-05-02,82.28491973876953,84.08880615234375,80.98057556152344,82.36817932128906,5636010,59.921669006347656
APD,APD,2013-05-03,83.24699401855469,83.45976257324219,82.80296325683594,83.07122802734375,2065899,60.43312454223633
APD,APD,2013-05-06,83.25624084472656,83.25624084472656,81.89639282226562,82.68270111083984,1309956,60.15049743652344
APD,APD,2013-05-07,82.87696838378906,83.4320068359375,82.59944152832031,83.28399658203125,1014843,60.58794403076172
APD,APD,2013-05-08,83.14523315429688,84.33857727050781,82.97872161865234,84.32007598876953,1069541,61.341670989990234
APD,APD,2013-05-09,84.09806060791016,84.5328369140625,83.88529205322266,84.19056701660156,1235151,61.24745178222656
APD,APD,2013-05-10,84.34782409667969,84.56983947753906,83.7372817993164,84.37557983398438,1033868,61.38203811645508
APD,APD,2013-05-13,84.153564453125,84.37557983398438,83.71878051757812,84.0333023071289,692597,61.133026123046875
APD,APD,2013-05-14,84.153564453125,84.77336120605469,83.78353118896484,84.72710418701172,962522,61.63777160644531
APD,APD,2013-05-15,84.56983947753906,85.52266693115234,84.10730743408203,85.4579086303711,1349412,62.16943359375
APD,APD,2013-05-16,85.19889068603516,85.99445343017578,85.1341323852539,85.81868743896484,1050732,62.4318733215332
APD,APD,2013-05-17,86.03144836425781,87.40980529785156,85.91119384765625,87.26179504394531,1146076,63.481712341308594
APD,APD,2013-05-20,87.03052520751953,88.26087188720703,87.01202392578125,87.70582580566406,1215152,63.80474853515625
APD,APD,2013-05-21,87.881591796875,88.33487701416016,87.45606231689453,87.75208282470703,727621,63.83838653564453
APD,APD,2013-05-22,87.65032196044922,88.94541931152344,87.44680786132812,87.99259948730469,2133570,64.01335906982422
APD,APD,2013-05-23,86.46623229980469,87.30804443359375,86.13320922851562,87.11378479003906,1490699,63.374061584472656
APD,APD,2013-05-24,86.6882553100586,87.01202392578125,86.27197265625,86.89176940917969,991169,63.2125244140625
APD,APD,2013-05-28,87.85383605957031,88.02960205078125,87.27104187011719,87.61331939697266,902527,63.737457275390625
APD,APD,2013-05-29,87.1692886352539,87.93709564208984,86.97502136230469,87.53931427001953,963820,63.68362045288086
APD,APD,2013-05-30,87.74282836914062,87.9740982055664,87.35430145263672,87.77983093261719,760592,63.858585357666016
APD,APD,2013-05-31,87.42830657958984,88.13136291503906,87.15078735351562,87.33580017089844,1775110,63.53556823730469
APD,APD,2013-06-03,87.31729888916016,87.69657897949219,86.93801879882812,87.6688232421875,1537723,63.777835845947266
APD,APD,2013-06-04,87.41905975341797,88.3811264038086,87.27104187011719,88.24237060546875,1560424,64.19508361816406
APD,APD,2013-06-05,87.94634246826172,88.36262512207031,87.04902648925781,87.04902648925781,2327609,63.32694625854492
APD,APD,2013-06-06,87.13228607177734,87.56707000732422,86.73450469970703,87.4653091430664,1950773,63.62976837158203
APD,APD,2013-06-07,87.77058410644531,88.01110076904297,86.9565200805664,87.96484375,1530480,63.993160247802734
APD,APD,2013-06-10,87.9740982055664,88.15911102294922,87.65032196044922,87.8723373413086,1198721,63.92588424682617
APD,APD,2013-06-11,87.05828094482422,88.20536804199219,86.72525024414062,87.7890853881836,1600529,63.86532974243164
APD,APD,2013-06-12,88.21461486816406,88.34412384033203,87.61331939697266,87.68732452392578,2317232,63.791282653808594
APD,APD,2013-06-13,87.5855712890625,88.43663024902344,87.24329376220703,88.19611358642578,1505293,64.16141510009766
APD,APD,2013-06-14,88.55689239501953,89.35244750976562,88.11286163330078,89.13043212890625,2486949,64.84113311767578
APD,APD,2013-06-17,89.3987045288086,89.62071990966797,89.03792572021484,89.33394622802734,1894453,64.98918151855469
APD,APD,2013-06-18,89.3154525756836,89.4912109375,88.93617248535156,89.34320068359375,1403570,64.99590301513672
APD,APD,2013-06-19,89.47270965576172,89.84273529052734,88.91767120361328,88.95467376708984,1428650,64.7132568359375
APD,APD,2013-06-20,88.23311614990234,88.53839111328125,87.08602905273438,87.21553802490234,2121571,63.448081970214844
APD,APD,2013-06-21,87.22479248046875,87.69657897949219,86.60499572753906,87.50231170654297,2584563,63.65668487548828
APD,APD,2013-06-24,86.62349700927734,86.99352264404297,85.6706771850586,86.54023742675781,2047306,62.956817626953125
APD,APD,2013-06-25,87.1600341796875,87.72432708740234,86.88251495361328,87.52081298828125,2012930,63.67013931274414
APD,APD,2013-06-26,88.51063537597656,89.17668914794922,88.25161743164062,88.92691802978516,1520318,64.69304656982422
APD,APD,2013-06-27,87.40055847167969,87.6688232421875,85.44866180419922,85.82793426513672,3111659,62.9031867980957
APD,APD,2013-06-28,85.72618103027344,86.18871307373047,84.46808624267578,84.70860290527344,3278349,62.082820892333984
APD,APD,2013-07-01,84.6530990600586,87.90009307861328,83.81128692626953,86.50323486328125,3655942,63.398128509521484
APD,APD,2013-07-02,85.22663879394531,86.58649444580078,83.69102478027344,83.95004272460938,4806558,61.526878356933594
APD,APD,2013-07-03,83.8205337524414,85.26364135742188,83.36725616455078,84.5420913696289,1552857,61.9608039855957
APD,APD,2013-07-05,85.3469009399414,85.50416564941406,84.4403305053711,84.99537658691406,1067920,62.29301834106445
APD,APD,2013-07-08,84.87511444091797,85.62442016601562,84.5328369140625,85.43016052246094,1707440,62.6117057800293
APD,APD,2013-07-09,85.846435546875,88.96392059326172,85.81868743896484,88.76966094970703,4595547,65.0591812133789
APD,APD,2013-07-10,88.52913665771484,89.45420837402344,87.75208282470703,89.29694366455078,2540134,65.44563293457031
APD,APD,2013-07-11,90.2960205078125,90.34227752685547,89.36170196533203,89.74098205566406,1761814,65.77105712890625
APD,APD,2013-07-12,89.76873016357422,89.81498718261719,88.8899154663086,89.407958984375,1338927,65.5270004272461
APD,APD,2013-07-15,89.38020324707031,89.5004653930664,88.94541931152344,89.37095642089844,1233637,65.49986267089844
APD,APD,2013-07-16,88.79740905761719,88.79740905761719,87.69657897949219,88.34412384033203,1846348,64.74730682373047
APD,APD,2013-07-17,88.8066635131836,89.24143981933594,88.63089752197266,89.14893341064453,1344872,65.33714294433594
APD,APD,2013-07-18,89.53746795654297,90.16651153564453,88.97317504882812,89.62071990966797,1313199,65.68294525146484
APD,APD,2013-07-19,89.62997436523438,89.91674041748047,88.83441162109375,89.72248077392578,1731654,65.75751495361328
APD,APD,2013-07-22,89.48196411132812,90.56429290771484,89.47270965576172,90.54579162597656,3806201,66.3609390258789
APD,APD,2013-07-23,93.45976257324219,93.45976257324219,90.55503845214844,93.10823059082031,4532741,68.23892974853516
APD,APD,2013-07-24,92.91397094726562,93.10823059082031,92.22016906738281,93.02497863769531,1849483,68.17787170410156
APD,APD,2013-07-25,94.37557983398438,100.51803588867188,94.25531768798828,99.08418273925781,8743020,72.61866760253906
APD,APD,2013-07-26,98.62165069580078,98.97317504882812,96.10546112060547,96.31822204589844,8340456,70.59154510498047
APD,APD,2013-07-29,96.46623229980469,96.85476684570312,95.0508804321289,96.79926300048828,2503812,70.94408416748047
APD,APD,2013-07-30,96.97502136230469,97.82608795166016,96.34597778320312,97.69657897949219,1665172,71.60171508789062
APD,APD,2013-07-31,100.62904357910156,101.73912811279297,99.46346282958984,100.4995346069336,7253078,73.65597534179688
APD,APD,2013-08-01,101.28584289550781,102.68270111083984,98.41812896728516,99.21369171142578,4922766,72.7136001586914
APD,APD,2013-08-02,98.79740905761719,99.00092315673828,97.77058410644531,98.93617248535156,2363390,72.51021575927734
APD,APD,2013-08-05,99.98149871826172,99.98149871826172,98.82516479492188,99.75022888183594,1210936,73.10685729980469
APD,APD,2013-08-06,99.05642700195312,99.88899230957031,98.72340393066406,98.86216735839844,1447243,72.45599365234375
APD,APD,2013-08-07,98.69564819335938,99.36170196533203,98.0943603515625,98.76040649414062,1381842,72.38140869140625
APD,APD,2013-08-08,99.1859359741211,99.83348846435547,98.2701187133789,98.63089752197266,1351466,72.2864761352539
APD,APD,2013-08-09,98.40888214111328,99.43570709228516,98.36262512207031,98.70490264892578,799400,72.3407211303711
APD,APD,2013-08-12,97.9740982055664,97.9740982055664,94.9491195678711,95.4671630859375,2800655,69.96776580810547
APD,APD,2013-08-13,95.80943298339844,96.42922973632812,95.65217590332031,96.16096496582031,1290714,70.47628784179688
APD,APD,2013-08-14,96.04070281982422,96.39222717285156,94.81036376953125,95.07862854003906,1121646,69.68302154541016
APD,APD,2013-08-15,94.32007598876953,94.39408111572266,93.29324340820312,93.83903503417969,1579125,68.77452850341797
APD,APD,2013-08-16,93.4320068359375,93.75578308105469,92.28491973876953,93.33025360107422,2444141,68.40162658691406
APD,APD,2013-08-19,93.06198120117188,94.19056701660156,93.0434799194336,93.91304016113281,2208915,68.82875061035156
APD,APD,2013-08-20,93.72802734375,94.73635864257812,93.37650299072266,94.56983947753906,1773921,69.31011962890625
APD,APD,2013-08-21,94.3570785522461,94.69934844970703,93.72802734375,94.07955932617188,1520751,68.95079803466797
APD,APD,2013-08-22,94.48658752441406,95.9389419555664,93.96855163574219,95.26364135742188,827506,69.81861114501953
APD,APD,2013-08-23,95.30065155029297,96.355224609375,94.93061828613281,96.20721435546875,890852,70.51016998291016
APD,APD,2013-08-26,96.33672332763672,96.66974639892578,95.4579086303711,95.57817077636719,720378,70.04913330078125
APD,APD,2013-08-27,94.96762084960938,95.3746566772461,94.12580871582031,94.22756958007812,893338,69.05928039550781
APD,APD,2013-08-28,93.99629974365234,94.3570785522461,93.58927154541016,93.86679077148438,745458,68.79486083984375
APD,APD,2013-08-29,93.70952606201172,95.92969512939453,93.56151580810547,94.76410675048828,749025,69.45250701904297
APD,APD,2013-08-30,94.84736633300781,94.99537658691406,93.88529205322266,94.48658752441406,1021869,69.24913024902344
APD,APD,2013-09-03,95.5596694946289,95.90193939208984,94.38482666015625,95.19889068603516,830424,69.77117156982422
APD,APD,2013-09-04,95.1618881225586,96.17021179199219,94.72710418701172,96.08695983886719,721243,70.42202758789062
APD,APD,2013-09-05,96.04995727539062,96.42922973632812,95.52266693115234,96.0592041015625,670544,70.40168762207031
APD,APD,2013-09-06,96.21646881103516,96.54949188232422,95.1618881225586,95.27289581298828,987602,69.82537841796875
APD,APD,2013-09-09,95.72618103027344,97.86309051513672,95.39315032958984,97.81683349609375,972900,71.68987274169922
APD,APD,2013-09-10,98.16836547851562,98.70490264892578,97.74282836914062,98.24237060546875,818317,72.00170135498047
APD,APD,2013-09-11,98.25161743164062,98.61239624023438,97.6688232421875,98.31637573242188,572173,72.05597686767578
APD,APD,2013-09-12,98.06660461425781,98.70490264892578,97.65032196044922,97.80758666992188,546986,71.6830825805664
APD,APD,2013-09-13,97.92784118652344,98.39962768554688,97.59481811523438,98.19611358642578,570768,71.96781921386719
APD,APD,2013-09-16,99.36170196533203,100.6012954711914,98.73265838623047,99.89823913574219,1310172,73.2153091430664
APD,APD,2013-09-17,99.65772247314453,99.80573272705078,98.2978744506836,98.55689239501953,2314637,72.23225402832031
APD,APD,2013-09-18,98.65864562988281,101.29509735107422,98.20536804199219,101.17483520507812,1215693,74.15093994140625
APD,APD,2013-09-19,101.26734161376953,103.05272674560547,101.26734161376953,101.77613067626953,1194721,74.59161376953125
APD,APD,2013-09-20,101.77613067626953,102.64569854736328,100.43478393554688,100.43478393554688,2080060,73.60853576660156
APD,APD,2013-09-23,100.03700256347656,100.74005889892578,99.03792572021484,99.37095642089844,998304,72.82886505126953
APD,APD,2013-09-24,99.25994110107422,99.96299743652344,99.02867889404297,99.17668914794922,739188,72.68649291992188
APD,APD,2013-09-25,99.62997436523438,99.9907455444336,98.899169921875,99.2784423828125,707190,72.76106262207031
APD,APD,2013-09-26,101.60037231445312,106.1517105102539,100.85106658935547,101.55411529541016,3767501,74.42888641357422
APD,APD,2013-09-27,99.57447052001953,100.14801025390625,98.93617248535156,98.982421875,1446919,73.0163345336914
APD,APD,2013-09-30,98.20536804199219,99.13043212890625,98.05735778808594,98.58464050292969,1108998,72.72293090820312
APD,APD,2013-10-01,97.79833221435547,99.83348846435547,97.31729888916016,99.08418273925781,1548641,73.09139251708984
APD,APD,2013-10-02,98.87141418457031,99.57447052001953,97.85383605957031,99.13043212890625,1359141,73.12551879882812
APD,APD,2013-10-03,99.13043212890625,99.30619812011719,97.2802963256836,97.53006744384766,1814675,71.94498443603516
APD,APD,2013-10-04,97.54856872558594,98.57539367675781,97.22479248046875,98.34412384033203,1328225,72.54547119140625
APD,APD,2013-10-07,97.86309051513672,98.22386932373047,96.71600341796875,96.78076171875,1234394,71.3922348022461
APD,APD,2013-10-08,96.8732681274414,96.91027069091797,94.56983947753906,94.89361572265625,1791541,70.0001449584961
APD,APD,2013-10-09,95.12488555908203,96.58649444580078,94.74560546875,96.19796752929688,1420110,70.96233367919922
APD,APD,2013-10-10,97.23403930664062,99.9074935913086,97.13228607177734,99.72248077392578,1997256,73.56227111816406
APD,APD,2013-10-11,100.17576599121094,100.6012954711914,99.29694366455078,100.57353973388672,1228989,74.19007873535156
APD,APD,2013-10-14,99.55596923828125,101.13783264160156,99.46346282958984,100.98982238769531,738107,74.49713897705078
APD,APD,2013-10-15,100.57353973388672,101.06382751464844,99.75022888183594,100.0,1123916,73.76697540283203
APD,APD,2013-10-16,100.87881469726562,101.47086334228516,100.3052749633789,100.91581726074219,889231,74.44255065917969
APD,APD,2013-10-17,100.73080444335938,101.85013580322266,100.43478393554688,101.63737487792969,958415,74.9748306274414
APD,APD,2013-10-18,101.95189666748047,102.22941589355469,101.27659606933594,101.93339538574219,1665713,75.19317626953125
APD,APD,2013-10-21,101.73912811279297,102.67345428466797,101.67437744140625,102.36817932128906,589469,75.51390838623047
APD,APD,2013-10-22,102.89546966552734,103.56151580810547,102.75670623779297,103.35800170898438,804588,76.24407958984375
APD,APD,2013-10-23,103.3117446899414,103.5522689819336,101.8131332397461,102.35892486572266,778212,75.507080078125
APD,APD,2013-10-24,102.35892486572266,103.35800170898438,102.24791717529297,103.03422546386719,773672,76.0052490234375
APD,APD,2013-10-25,102.8307113647461,103.48751068115234,102.35892486572266,103.35800170898438,969333,76.24407958984375
APD,APD,2013-10-28,103.17298889160156,103.21923828125,100.63829803466797,101.33209991455078,1758138,74.74962615966797
APD,APD,2013-10-29,100.10176086425781,101.20259094238281,98.982421875,99.41720581054688,2526838,73.33706665039062
APD,APD,2013-10-30,99.75022888183594,101.53561401367188,98.97317504882812,99.16743469238281,1887858,73.15282440185547
APD,APD,2013-10-31,99.25994110107422,101.1933364868164,98.42738342285156,100.84181213378906,1650363,74.38794708251953
APD,APD,2013-11-01,100.78630828857422,101.5263671875,99.52821350097656,99.9074935913086,1232772,73.69876098632812
APD,APD,2013-11-04,100.01850128173828,100.74005889892578,99.71322631835938,100.61979675292969,836154,74.2241439819336
APD,APD,2013-11-05,100.31452178955078,101.1933364868164,99.66697692871094,100.94357299804688,695732,74.4630355834961
APD,APD,2013-11-06,101.25809478759766,101.85013580322266,100.97132110595703,101.68362426757812,769348,75.00897216796875
APD,APD,2013-11-07,101.55411529541016,101.64662170410156,99.92599487304688,100.14801025390625,1625392,73.87615966796875
APD,APD,2013-11-08,100.13876342773438,101.41535949707031,100.0,101.24884033203125,962739,74.6882095336914
APD,APD,2013-11-11,101.29509735107422,101.64662170410156,100.69380187988281,100.91581726074219,945335,74.44255065917969
APD,APD,2013-11-12,100.9250717163086,101.0083236694336,99.82423400878906,99.8797378540039,1108349,73.67826843261719
APD,APD,2013-11-13,99.65772247314453,100.28677368164062,99.38020324707031,99.94449615478516,1311685,73.72604370117188
APD,APD,2013-11-14,100.24051666259766,100.62904357910156,99.71322631835938,100.52729034423828,1133537,74.15592193603516
APD,APD,2013-11-15,100.85106658935547,102.39592742919922,100.65679931640625,102.30342102050781,1134401,75.46613311767578
APD,APD,2013-11-18,102.25717163085938,102.6179428100586,101.39685821533203,101.7021255493164,907391,75.02257537841797
APD,APD,2013-11-19,101.7021255493164,102.34967803955078,101.29509735107422,101.84088897705078,970846,75.12493896484375
APD,APD,2013-11-20,101.74838256835938,102.08140563964844,101.06382751464844,101.38760375976562,931714,74.79057312011719
APD,APD,2013-11-21,101.7298812866211,101.9056396484375,100.95281982421875,101.48936462402344,1091486,74.8656234741211
APD,APD,2013-11-22,101.75762939453125,103.07122802734375,101.06382751464844,102.8399658203125,1196343,75.8619155883789
APD,APD,2013-11-25,102.8399658203125,103.24699401855469,101.30435180664062,101.49861145019531,724702,74.87246704101562
APD,APD,2013-11-26,101.07308197021484,101.48011016845703,100.57353973388672,100.69380187988281,1166507,74.27876281738281
APD,APD,2013-11-27,100.87881469726562,101.4061050415039,100.5087890625,100.94357299804688,780914,74.4630355834961
APD,APD,2013-11-29,100.9250717163086,101.5263671875,100.44403076171875,100.67530059814453,305274,74.2651138305664
APD,APD,2013-12-02,100.78630828857422,100.99907684326172,99.44496154785156,99.62071990966797,1199586,73.48719024658203
APD,APD,2013-12-03,99.44496154785156,99.44496154785156,98.34412384033203,99.13043212890625,1071271,73.12551879882812
APD,APD,2013-12-04,98.982421875,99.72248077392578,98.4736328125,99.3987045288086,784374,73.32342529296875
APD,APD,2013-12-05,98.982421875,99.30619812011719,98.22386932373047,98.52913665771484,728702,72.68196868896484
APD,APD,2013-12-06,99.73172760009766,101.34135437011719,99.3987045288086,101.30435180664062,823938,74.7291488647461
APD,APD,2013-12-09,101.16558837890625,101.30435180664062,100.52729034423828,100.99907684326172,900581,74.50398254394531
APD,APD,2013-12-10,100.36077880859375,101.54486846923828,100.31452178955078,100.9250717163086,676166,74.4493637084961
APD,APD,2013-12-11,100.77706146240234,100.8048095703125,98.74190521240234,98.82516479492188,759727,72.90033721923828
APD,APD,2013-12-12,98.72340393066406,99.67622375488281,98.1776123046875,99.42646026611328,754322,73.34388732910156
APD,APD,2013-12-13,99.52821350097656,100.14801025390625,99.34320068359375,99.64847564697266,741674,73.50767517089844
APD,APD,2013-12-16,99.91674041748047,100.5087890625,99.04718017578125,99.25994110107422,930092,73.2210464477539
APD,APD,2013-12-17,99.44496154785156,100.23126983642578,98.78816223144531,99.35244750976562,1421947,73.28929901123047
APD,APD,2013-12-18,99.7964859008789,99.89823913574219,97.81683349609375,99.24143981933594,2035307,73.20743560791016
APD,APD,2013-12-19,99.02867889404297,102.72895812988281,98.52913665771484,102.60869598388672,2425872,75.69134521484375
APD,APD,2013-12-20,102.87696838378906,103.8482894897461,102.77520751953125,102.96022033691406,1570693,75.95063781738281
APD,APD,2013-12-23,103.36725616455078,104.17206573486328,102.8307113647461,104.08880615234375,748484,76.78317260742188
APD,APD,2013-12-24,104.17206573486328,105.03237915039062,103.9315414428711,104.33857727050781,488612,76.9674072265625
APD,APD,2013-12-26,104.46808624267578,105.30065155029297,104.32007598876953,105.14338684082031,522231,77.56108856201172
APD,APD,2013-12-27,105.337646484375,105.44866180419922,104.48658752441406,104.93061828613281,515313,77.40411376953125
APD,APD,2013-12-30,104.05180358886719,104.82886505126953,104.04255676269531,104.153564453125,456939,77.31487274169922
APD,APD,2013-12-31,104.09806060791016,104.63459777832031,103.05272674560547,103.40425872802734,1274283,76.7586669921875
APD,APD,2014-01-02,103.20073699951172,103.56151580810547,102.78446197509766,103.08972930908203,907067,76.52516174316406
APD,APD,2014-01-03,103.5522689819336,103.67252349853516,102.43292999267578,102.88621520996094,1143482,76.37410736083984
APD,APD,2014-01-06,103.20999145507812,103.60777282714844,102.46993255615234,103.135986328125,836586,76.55952453613281
APD,APD,2014-01-07,103.79278564453125,103.79278564453125,101.75762939453125,101.85939025878906,1396760,75.61186981201172
APD,APD,2014-01-08,102.01664733886719,102.14616394042969,100.9250717163086,101.84088897705078,1511562,75.59813690185547
APD,APD,2014-01-09,101.97964477539062,102.64569854736328,101.07308197021484,101.44310760498047,1219260,75.30287170410156
APD,APD,2014-01-10,101.84088897705078,102.34967803955078,101.2210922241211,101.41535949707031,1252879,75.28226470947266
APD,APD,2014-01-13,101.23959350585938,102.25717163085938,100.24051666259766,100.44403076171875,1116781,74.56124114990234
APD,APD,2014-01-14,100.74930572509766,102.04440307617188,100.06475830078125,101.9148941040039,869448,75.65308380126953
APD,APD,2014-01-15,101.94264221191406,103.7372817993164,101.85939025878906,102.91397094726562,1420002,76.39469146728516
APD,APD,2014-01-16,102.71044921875,103.47826385498047,102.66419982910156,103.32099914550781,1209855,76.69686889648438
APD,APD,2014-01-17,103.47826385498047,104.09806060791016,102.94171905517578,103.61701965332031,1479240,76.91661071777344
APD,APD,2014-01-21,103.95929718017578,104.46808624267578,103.19149017333984,103.65402221679688,862962,76.94406127929688
APD,APD,2014-01-22,104.26457214355469,104.73635864257812,103.30249786376953,103.88529205322266,1155589,77.11573791503906
APD,APD,2014-01-23,103.03422546386719,103.56151580810547,102.51618957519531,102.69195556640625,896581,76.22989654541016
APD,APD,2014-01-24,101.79463195800781,102.08140563964844,98.65864562988281,98.71415710449219,1252014,73.27713012695312
APD,APD,2014-01-27,99.04718017578125,99.33394622802734,97.56707000732422,98.27937316894531,1206504,72.95437622070312
APD,APD,2014-01-28,98.94541931152344,99.86123657226562,97.82608795166016,99.71322631835938,1588421,74.01873016357422
APD,APD,2014-01-29,98.49213409423828,99.56521606445312,97.50231170654297,98.05735778808594,1779110,72.78955841064453
APD,APD,2014-01-30,98.52913665771484,98.55689239501953,97.89083862304688,97.98335266113281,980143,72.7346420288086
APD,APD,2014-01-31,96.97502136230469,98.19611358642578,96.03144836425781,97.26179504394531,1882994,72.1989974975586
APD,APD,2014-02-03,97.56707000732422,98.14060974121094,95.65217590332031,95.97594451904297,1921261,71.24449157714844
APD,APD,2014-02-04,96.49398803710938,97.41905975341797,96.01295471191406,96.18871307373047,1311685,71.4024429321289
APD,APD,2014-02-05,95.92969512939453,96.75300598144531,95.03237915039062,96.4477310180664,916039,71.59471893310547
APD,APD,2014-02-06,96.23497009277344,99.29694366455078,95.98519897460938,99.20443725585938,1634148,73.64105224609375
APD,APD,2014-02-07,100.19426727294922,101.14708709716797,99.62071990966797,101.04532623291016,1822242,75.00759887695312
APD,APD,2014-02-10,100.83256530761719,102.3219223022461,100.83256530761719,101.58187103271484,1728951,75.40584564208984
APD,APD,2014-02-11,102.00740051269531,103.71878051757812,101.60037231445312,103.5522689819336,1738032,76.86853790283203
APD,APD,2014-02-12,103.45976257324219,103.8482894897461,103.29324340820312,103.48751068115234,2209996,76.82046508789062
APD,APD,2014-02-13,102.48843383789062,108.2701187133789,102.3219223022461,108.16836547851562,3282565,80.29512023925781
APD,APD,2014-02-14,108.02960205078125,108.74190521240234,107.20629119873047,108.58464050292969,1474916,80.6041259765625
APD,APD,2014-02-18,108.69564819335938,109.98149871826172,108.66790008544922,109.1951904296875,1415786,81.057373046875
APD,APD,2014-02-19,109.34320068359375,109.72248077392578,108.27937316894531,108.30712127685547,1520427,80.39813232421875
APD,APD,2014-02-20,108.70490264892578,109.20443725585938,107.44680786132812,108.8899154663086,1468214,80.83074188232422
APD,APD,2014-02-21,109.5004653930664,110.2960205078125,109.09342956542969,109.407958984375,1429406,81.2153091430664
APD,APD,2014-02-24,109.13968658447266,110.13876342773438,109.13968658447266,109.83348846435547,1681604,81.53118133544922
APD,APD,2014-02-25,109.55596923828125,111.0083236694336,109.43570709228516,110.70305633544922,1639985,82.17666625976562
APD,APD,2014-02-26,110.57353973388672,111.34135437011719,108.58464050292969,108.66790008544922,3178248,80.66593933105469
APD,APD,2014-02-27,109.89823913574219,110.66605377197266,109.43570709228516,110.39778137207031,1553938,81.95006561279297
APD,APD,2014-02-28,110.54579162597656,113.08048248291016,110.52729034423828,112.22941589355469,1757382,83.3097152709961
APD,APD,2014-03-03,111.55411529541016,112.00740051269531,110.6845474243164,111.48936462402344,921120,82.76036071777344
APD,APD,2014-03-04,112.85846710205078,113.92229461669922,112.54393768310547,113.33025360107422,1236340,84.12686920166016
APD,APD,2014-03-05,113.33025360107422,113.33025360107422,112.34967803955078,112.46993255615234,782536,83.48826599121094
APD,APD,2014-03-06,112.46993255615234,114.33857727050781,112.40518188476562,113.27474975585938,1171696,84.08567810058594
APD,APD,2014-03-07,113.90379333496094,114.02405548095703,112.27567291259766,112.55319213867188,1005114,83.55006408691406
APD,APD,2014-03-10,112.48843383789062,112.67345428466797,111.0083236694336,112.0259017944336,1386923,83.15863037109375
APD,APD,2014-03-11,112.35892486572266,113.06198120117188,111.44310760498047,111.50786590576172,1661281,82.77412414550781
APD,APD,2014-03-12,110.95281982421875,111.2210922241211,110.49028778076172,110.77706146240234,1558153,82.23161315917969
APD,APD,2014-03-13,111.09158325195312,111.86863708496094,109.96299743652344,110.37002563476562,1062515,81.92945098876953
APD,APD,2014-03-14,110.45328521728516,111.12858581542969,110.24051666259766,110.79556274414062,1113322,82.24535369873047
APD,APD,2014-03-17,111.15633392333984,112.22941589355469,110.9250717163086,111.79463195800781,1009330,82.98695373535156
APD,APD,2014-03-18,112.28491973876953,112.7197036743164,111.49861145019531,112.70120239257812,1279364,83.65992736816406
APD,APD,2014-03-19,112.48843383789062,113.27474975585938,111.49861145019531,111.97039794921875,1651768,83.11743927001953
APD,APD,2014-03-20,111.60037231445312,113.09898376464844,111.60037231445312,113.05272674560547,1116457,83.92086029052734
APD,APD,2014-03-21,114.59759521484375,115.07862854003906,112.8399658203125,112.99722290039062,2150001,83.87968444824219
APD,APD,2014-03-24,113.02497863769531,113.99629974365234,110.97132110595703,111.18408966064453,1551559,82.53376007080078
APD,APD,2014-03-25,112.01664733886719,112.34042358398438,111.0083236694336,111.88713836669922,1049002,83.05563354492188
APD,APD,2014-03-26,112.45143127441406,112.57169342041016,110.44403076171875,110.47178649902344,767726,82.00499725341797
APD,APD,2014-03-27,110.33302307128906,110.4162826538086,109.15818786621094,109.56521606445312,1043273,81.33203887939453
APD,APD,2014-03-28,109.51896667480469,109.62071990966797,108.49213409423828,108.51063537597656,1730249,81.0762939453125
APD,APD,2014-03-31,109.6114730834961,110.3052749633789,108.67715454101562,110.1202621459961,1995202,82.27897644042969
APD,APD,2014-04-01,110.01850128173828,111.017578125,110.01850128173828,111.0083236694336,845342,82.94247436523438
APD,APD,2014-04-02,111.36910247802734,112.68270111083984,110.7215576171875,112.6364517211914,1147373,84.15901184082031
APD,APD,2014-04-03,113.08972930908203,113.70952606201172,111.69287872314453,112.07215881347656,1087486,83.73735046386719
APD,APD,2014-04-04,112.64569854736328,113.06198120117188,110.1202621459961,110.17576599121094,1173317,82.32044219970703
APD,APD,2014-04-07,110.2960205078125,110.2960205078125,107.83533477783203,108.02960205078125,1142293,80.7168960571289
APD,APD,2014-04-08,108.04810333251953,108.8899154663086,107.84458923339844,108.34412384033203,1162616,80.9518814086914
APD,APD,2014-04-09,108.65864562988281,110.0,108.43663024902344,109.57447052001953,1495347,81.87117767333984
APD,APD,2014-04-10,109.62071990966797,110.61054229736328,107.13228607177734,107.1692886352539,2290315,80.07408905029297
APD,APD,2014-04-11,106.84551239013672,107.95559692382812,106.46623229980469,106.51248931884766,1818458,79.58332824707031
APD,APD,2014-04-14,107.18778991699219,107.44680786132812,105.9389419555664,106.5587387084961,1106187,79.61791229248047
APD,APD,2014-04-15,106.72525024414062,107.64107513427734,105.71692657470703,107.59481811523438,952361,80.39201354980469
APD,APD,2014-04-16,108.3811264038086,109.81498718261719,108.0943603515625,109.7872314453125,1834457,82.0301284790039
APD,APD,2014-04-17,109.56521606445312,110.05550384521484,109.06568145751953,109.1026840209961,1313631,81.5186538696289
APD,APD,2014-04-21,108.84366607666016,109.81498718261719,108.4828872680664,108.74190521240234,1395247,81.24909210205078
APD,APD,2014-04-22,108.86216735839844,110.91581726074219,108.4828872680664,110.24051666259766,1572531,82.36882019042969
APD,APD,2014-04-23,110.67530059814453,111.12858581542969,108.52913665771484,109.59297180175781,1245636,81.88500213623047
APD,APD,2014-04-24,110.11100769042969,110.11100769042969,109.09342956542969,109.57447052001953,798319,81.87117767333984
APD,APD,2014-04-25,109.51896667480469,109.51896667480469,107.70582580566406,108.34412384033203,795508,80.9518814086914
APD,APD,2014-04-28,108.02960205078125,108.7789077758789,106.96577453613281,108.25161743164062,1409840,80.88275909423828
APD,APD,2014-04-29,108.81591033935547,109.17668914794922,108.14986419677734,108.35337829589844,870529,80.95878601074219
APD,APD,2014-04-30,107.9740982055664,108.899169921875,107.79833221435547,108.71415710449219,710649,81.22834014892578
APD,APD,2014-05-01,108.76040649414062,109.60221862792969,108.00184631347656,108.62165069580078,959171,81.15925598144531
APD,APD,2014-05-02,108.61239624023438,109.59297180175781,108.06660461425781,109.36170196533203,905986,81.71218872070312
APD,APD,2014-05-05,108.97317504882812,110.65679931640625,108.57539367675781,110.40702819824219,807831,82.49323272705078
APD,APD,2014-05-06,110.07400512695312,111.35985565185547,109.52821350097656,109.88899230957031,1197532,82.10617065429688
APD,APD,2014-05-07,110.32377624511719,110.99907684326172,109.04718017578125,110.93431854248047,775509,82.88723754882812
APD,APD,2014-05-08,110.76780700683594,111.79463195800781,109.81498718261719,110.1202621459961,601468,82.27897644042969
APD,APD,2014-05-09,110.13876342773438,110.42552947998047,109.38020324707031,109.82423400878906,572281,82.05779266357422
APD,APD,2014-05-12,110.46253204345703,111.54486846923828,110.05550384521484,110.8973159790039,1060245,82.85957336425781
APD,APD,2014-05-13,111.0083236694336,111.28584289550781,110.24977111816406,110.36077880859375,565363,82.45865631103516
APD,APD,2014-05-14,110.2960205078125,111.23959350585938,109.89823913574219,110.73080444335938,569147,82.73513793945312
APD,APD,2014-05-15,110.40702819824219,110.40702819824219,107.91859436035156,108.21461486816406,1088135,80.85511016845703
APD,APD,2014-05-16,108.30712127685547,109.65772247314453,107.92784118652344,109.62071990966797,1104242,81.90570831298828
APD,APD,2014-05-19,109.6114730834961,110.47178649902344,109.08418273925781,109.37095642089844,590658,81.71908569335938
APD,APD,2014-05-20,108.9916763305664,109.3987045288086,107.5763168334961,108.00184631347656,790319,80.6961441040039
APD,APD,2014-05-21,108.390380859375,109.85198974609375,107.8723373413086,109.62997436523438,833127,81.91265106201172
APD,APD,2014-05-22,109.47270965576172,110.08325958251953,109.04718017578125,109.33394622802734,426563,81.69146728515625
APD,APD,2014-05-23,109.32469940185547,109.94449615478516,108.82516479492188,109.84273529052734,635520,82.07160186767578
APD,APD,2014-05-27,110.2960205078125,110.74930572509766,109.73172760009766,109.88899230957031,495422,82.10617065429688
APD,APD,2014-05-28,109.89823913574219,110.2127685546875,109.38945770263672,109.44496154785156,401375,81.77440643310547
APD,APD,2014-05-29,110.28677368164062,111.30435180664062,109.1026840209961,111.21183776855469,576497,83.09457397460938
APD,APD,2014-05-30,110.86956787109375,111.09158325195312,110.24051666259766,110.98057556152344,536284,82.92176818847656
APD,APD,2014-06-02,111.0083236694336,112.91397094726562,110.76780700683594,112.70120239257812,928147,84.2073745727539
APD,APD,2014-06-03,112.4236831665039,112.71044921875,111.79463195800781,112.43292999267578,715082,84.00692749023438
APD,APD,2014-06-04,112.14616394042969,112.60869598388672,111.36910247802734,111.42460632324219,896257,83.2535400390625
APD,APD,2014-06-05,112.118408203125,113.79278564453125,110.6012954711914,113.65402221679688,1083703,84.9192886352539
APD,APD,2014-06-06,113.75578308105469,114.32007598876953,113.41350555419922,114.29232025146484,609035,85.3962173461914
APD,APD,2014-06-09,114.153564453125,114.16281127929688,113.32099914550781,113.7372817993164,771942,84.98149108886719
APD,APD,2014-06-10,113.45050811767578,114.09806060791016,112.68270111083984,114.07955932617188,1333089,85.23723602294922
APD,APD,2014-06-11,113.41350555419922,113.7372817993164,112.71044921875,112.84921264648438,652275,84.31794738769531
APD,APD,2014-06-12,112.78446197509766,112.78446197509766,110.37928009033203,110.58279418945312,1075595,82.62458038330078
APD,APD,2014-06-13,110.62904357910156,112.37742614746094,110.45328521728516,112.05365753173828,757024,83.72357177734375
APD,APD,2014-06-16,111.99815368652344,111.99815368652344,110.64755249023438,111.48936462402344,884258,83.30191040039062
APD,APD,2014-06-17,111.17483520507812,112.51618957519531,110.82331085205078,112.48843383789062,869232,84.04842376708984
APD,APD,2014-06-18,119.05642700195312,121.62812042236328,118.93617248535156,120.9250717163086,9937849,90.35205841064453
APD,APD,2014-06-19,120.52729034423828,121.13783264160156,119.6947250366211,119.98149871826172,2269343,89.64704132080078
APD,APD,2014-06-20,120.49028778076172,121.02682495117188,120.0,120.95281982421875,2659368,90.37276458740234
APD,APD,2014-06-23,120.79556274414062,120.83256530761719,119.93524169921875,120.37928009033203,814858,89.94422149658203
APD,APD,2014-06-24,120.3052749633789,120.40702819824219,119.2784423828125,119.53746795654297,1487564,89.31526184082031
APD,APD,2014-06-25,119.52821350097656,120.44403076171875,118.52913665771484,119.83348846435547,1024248,89.53643035888672
APD,APD,2014-06-26,120.0,120.2035140991211,118.42738342285156,119.17668914794922,995169,89.04570770263672
APD,APD,2014-06-27,117.3635482788086,119.01017761230469,117.13228607177734,118.97317504882812,1637499,89.4281234741211
APD,APD,2014-06-30,118.78816223144531,119.65772247314453,117.79833221435547,118.982421875,1519346,89.4350814819336
APD,APD,2014-07-01,118.6864013671875,119.77798461914062,117.72432708740234,119.57447052001953,1688306,89.88011169433594
APD,APD,2014-07-02,119.94449615478516,119.94449615478516,118.82516479492188,118.9916763305664,897122,89.44204711914062
APD,APD,2014-07-03,119.7039794921875,119.82423400878906,119.33394622802734,119.72248077392578,561471,89.9913558959961
APD,APD,2014-07-07,119.11193084716797,119.51896667480469,118.72340393066406,119.25069427490234,764699,89.63668823242188
APD,APD,2014-07-08,118.55689239501953,119.54671478271484,118.35337829589844,118.94541931152344,910202,89.40725708007812
APD,APD,2014-07-09,119.67622375488281,119.77798461914062,118.86216735839844,119.59297180175781,904581,89.89401245117188
APD,APD,2014-07-10,118.40888214111328,119.42646026611328,118.11286163330078,119.04718017578125,764051,89.48375701904297
APD,APD,2014-07-11,118.87141418457031,119.75022888183594,118.71415710449219,119.72248077392578,682760,89.9913558959961
APD,APD,2014-07-14,120.24051666259766,120.24051666259766,119.50971221923828,119.89823913574219,999385,90.12347412109375
APD,APD,2014-07-15,120.24051666259766,120.95281982421875,119.5837173461914,119.88899230957031,1550370,90.11653137207031
APD,APD,2014-07-16,120.24977111816406,120.61054229736328,119.56521606445312,120.07400512695312,894528,90.25560760498047
APD,APD,2014-07-17,119.68547821044922,120.1202621459961,118.88066864013672,119.09342956542969,1040354,89.51851654052734
APD,APD,2014-07-18,119.51896667480469,120.40702819824219,118.74190521240234,120.24051666259766,1257311,90.38076782226562
APD,APD,2014-07-21,119.63922119140625,120.40702819824219,119.38020324707031,120.31452178955078,998844,90.43635559082031
APD,APD,2014-07-22,120.2960205078125,120.77706146240234,120.0,120.56429290771484,1068136,90.62411499023438
APD,APD,2014-07-23,120.44403076171875,126.09620666503906,120.3052749633789,125.89269256591797,4648084,94.62928771972656
APD,APD,2014-07-24,125.14338684082031,126.20721435546875,124.662353515625,125.03237915039062,1802676,93.9826431274414
APD,APD,2014-07-25,124.63459777832031,125.80943298339844,124.58834075927734,125.68917846679688,1319577,94.476318359375
APD,APD,2014-07-28,125.57817077636719,126.11470794677734,124.71785736083984,126.10546112060547,1408435,94.78919982910156
APD,APD,2014-07-29,126.27197265625,126.54949188232422,125.67992401123047,125.67992401123047,1575558,94.4693832397461
APD,APD,2014-07-30,125.9666976928711,126.65125274658203,124.58834075927734,125.19889068603516,1060569,94.10777282714844
APD,APD,2014-07-31,124.153564453125,124.90287017822266,122.05365753173828,122.06290435791016,1590259,91.75060272216797
APD,APD,2014-08-01,121.609619140625,123.58927154541016,121.38760375976562,123.14523315429688,1800946,92.56411743164062
APD,APD,2014-08-04,124.12580871582031,125.3746566772461,123.09898376464844,125.18038940429688,934957,94.0938949584961
APD,APD,2014-08-05,125.06938171386719,125.06938171386719,122.20166778564453,122.7197036743164,3120198,92.24425506591797
APD,APD,2014-08-06,122.45143127441406,123.17298889160156,121.97964477539062,122.40518188476562,1589935,92.00785827636719
APD,APD,2014-08-07,122.97872161865234,122.97872161865234,120.88806915283203,121.33209991455078,1129969,91.20126342773438
APD,APD,2014-08-08,121.62812042236328,122.81221008300781,121.14708709716797,122.72895812988281,1013654,92.25122833251953
APD,APD,2014-08-11,123.3117446899414,123.53376770019531,122.01664733886719,122.13690948486328,961117,91.80619812011719
APD,APD,2014-08-12,122.24791717529297,122.4236831665039,121.24884033203125,122.09990692138672,631088,91.77840423583984
APD,APD,2014-08-13,122.76596069335938,122.8399658203125,122.17391204833984,122.51618957519531,1233313,92.09130859375
APD,APD,2014-08-14,122.67345428466797,123.135986328125,122.28491973876953,122.6179428100586,586983,92.16775512695312
APD,APD,2014-08-15,122.88621520996094,123.79278564453125,121.7021255493164,122.8307113647461,908905,92.32772827148438
APD,APD,2014-08-18,123.39500427246094,124.2460708618164,123.39500427246094,124.08880615234375,1069650,93.27336883544922
APD,APD,2014-08-19,124.16281127929688,124.69934844970703,123.56151580810547,124.31082153320312,1450486,93.44026947021484
APD,APD,2014-08-20,124.25531768798828,124.3293228149414,123.3395004272461,123.78353118896484,811182,93.04388427734375
APD,APD,2014-08-21,123.85753631591797,123.97779846191406,122.96947479248047,123.15448760986328,1229205,92.57110595703125
APD,APD,2014-08-22,123.18223571777344,123.3117446899414,122.56243896484375,122.80296325683594,842748,92.30683898925781
APD,APD,2014-08-25,123.3395004272461,123.81128692626953,122.7197036743164,123.20073699951172,758862,92.60585021972656
APD,APD,2014-08-26,123.79278564453125,123.79278564453125,123.05272674560547,123.40425872802734,749890,92.75883483886719
APD,APD,2014-08-27,123.06198120117188,123.76502990722656,122.46993255615234,123.03422546386719,1188343,92.4806900024414
APD,APD,2014-08-28,122.57169342041016,123.86679077148438,122.00740051269531,123.34874725341797,1988716,92.71709442138672
APD,APD,2014-08-29,123.68177795410156,123.83903503417969,122.69195556640625,123.2284927368164,1037976,92.62670135498047
APD,APD,2014-09-02,123.19149017333984,123.50601196289062,121.84088897705078,122.37742614746094,1355790,91.98702239990234
APD,APD,2014-09-03,122.36817932128906,123.4412612915039,122.36817932128906,122.9232177734375,1103701,92.39725494384766
APD,APD,2014-09-04,122.9324722290039,123.40425872802734,122.28491973876953,122.5069351196289,840694,92.0843276977539
APD,APD,2014-09-05,122.30342102050781,122.64569854736328,121.66512298583984,122.60869598388672,914850,92.16082000732422
APD,APD,2014-09-08,122.38668060302734,123.39500427246094,121.79463195800781,122.09990692138672,1006735,91.77840423583984
APD,APD,2014-09-09,122.14616394042969,122.14616394042969,119.81498718261719,120.36077880859375,1364114,90.47115325927734
APD,APD,2014-09-10,120.19426727294922,121.85939025878906,119.48196411132812,121.74838256835938,4122069,91.5141830444336
APD,APD,2014-09-11,120.69380187988281,120.73080444335938,118.43663024902344,118.8066635131836,3394448,89.302978515625
APD,APD,2014-09-12,118.76966094970703,119.38020324707031,117.90933990478516,118.61239624023438,2206970,89.15693664550781
APD,APD,2014-09-15,118.25161743164062,119.38945770263672,117.31729888916016,119.2876968383789,2624776,89.66455841064453
APD,APD,2014-09-16,119.08418273925781,122.36817932128906,118.73265838623047,121.62812042236328,3674319,91.42375183105469
APD,APD,2014-09-17,122.09990692138672,123.05272674560547,120.46253204345703,121.1100845336914,2487705,91.03437042236328
APD,APD,2014-09-18,121.85013580322266,127.15078735351562,121.23959350585938,123.07122802734375,5134101,92.50851440429688
APD,APD,2014-09-19,123.67252349853516,125.77243041992188,123.37650299072266,124.42182922363281,7178272,93.5237045288086
APD,APD,2014-09-22,124.42182922363281,124.60684967041016,123.7372817993164,124.1443099975586,2073899,93.3150863647461
APD,APD,2014-09-23,124.1443099975586,124.34782409667969,123.35800170898438,123.41350555419922,2203727,92.76578521728516
APD,APD,2014-09-24,123.77428436279297,125.80943298339844,123.32099914550781,125.51341247558594,1919964,94.3442153930664
APD,APD,2014-09-25,124.74560546875,124.99537658691406,122.8399658203125,123.05272674560547,1952178,92.49459075927734
APD,APD,2014-09-26,123.03422546386719,125.14338684082031,123.03422546386719,124.67160034179688,1395031,93.71145629882812
APD,APD,2014-09-29,123.02497863769531,123.83903503417969,122.87696838378906,123.15448760986328,1232664,93.10303497314453
APD,APD,2014-09-30,123.135986328125,123.3117446899414,120.42552947998047,120.42552947998047,1947422,91.03998565673828
APD,APD,2014-10-01,119.74098205566406,119.9907455444336,116.74375915527344,117.00277709960938,3268728,88.45243072509766
APD,APD,2014-10-02,116.8732681274414,118.61239624023438,115.1618881225586,117.8723373413086,2629208,89.10984802246094
APD,APD,2014-10-03,119.3987045288086,119.7964859008789,118.11286163330078,118.92691802978516,1470052,89.90703582763672
APD,APD,2014-10-06,119.29694366455078,119.30619812011719,118.35337829589844,119.02867889404297,1446810,89.9839859008789
APD,APD,2014-10-07,118.2701187133789,118.3811264038086,116.24421691894531,116.41998291015625,2271397,88.01182556152344
APD,APD,2014-10-08,116.37372589111328,117.40055847167969,114.19056701660156,117.20629119873047,2490084,88.60626220703125
APD,APD,2014-10-09,117.02127838134766,117.13228607177734,113.00647735595703,114.07030487060547,2865082,86.23550415039062
APD,APD,2014-10-10,113.35800170898438,114.64384460449219,112.34042358398438,113.74652862548828,2840868,85.99072265625
APD,APD,2014-10-13,113.46900939941406,114.09806060791016,109.88899230957031,110.11100769042969,2521973,83.24232482910156
APD,APD,2014-10-14,110.63829803466797,113.50601196289062,109.34320068359375,111.94264221191406,3184302,84.62703704833984
APD,APD,2014-10-15,110.3052749633789,117.35430145263672,109.38020324707031,116.80850982666016,3938083,88.30554962158203
APD,APD,2014-10-16,115.846435546875,119.52821350097656,115.22663879394531,118.14060974121094,3267647,89.31261444091797
APD,APD,2014-10-17,119.14893341064453,120.0092544555664,118.33487701416016,119.34320068359375,2205456,90.22174835205078
APD,APD,2014-10-20,119.26919555664062,120.23126983642578,118.75115966796875,120.23126983642578,1428866,90.89310455322266
APD,APD,2014-10-21,120.07400512695312,121.83163452148438,119.81498718261719,120.95281982421875,2381984,91.43859100341797
APD,APD,2014-10-22,121.54486846923828,122.5346908569336,119.77798461914062,119.88899230957031,1581395,90.63435363769531
APD,APD,2014-10-23,121.14708709716797,121.26734161376953,119.3987045288086,119.81498718261719,1699548,90.57842254638672
APD,APD,2014-10-24,119.7964859008789,122.09990692138672,119.23219299316406,121.64662170410156,1414597,91.96308898925781
APD,APD,2014-10-27,120.65679931640625,120.65679931640625,118.25161743164062,118.91767120361328,2190322,89.9000473022461
APD,APD,2014-10-28,119.44496154785156,120.4995346069336,119.00092315673828,120.0,1663659,90.71827697753906
APD,APD,2014-10-29,120.0092544555664,120.02775573730469,117.32654571533203,119.1951904296875,4039048,90.10987854003906
APD,APD,2014-10-30,121.18408966064453,125.88343811035156,121.18408966064453,123.57077026367188,3396394,93.417724609375
APD,APD,2014-10-31,124.32007598876953,125.27289581298828,123.17298889160156,124.56983947753906,3084742,94.1729965209961
APD,APD,2014-11-03,124.52359008789062,126.02220153808594,123.33025360107422,125.2451400756836,1837268,94.68351745605469
APD,APD,2014-11-04,124.88436889648438,125.0416259765625,123.09898376464844,123.65402221679688,2091951,93.48065185546875
APD,APD,2014-11-05,124.88436889648438,124.96762084960938,123.56151580810547,123.9315414428711,1599664,93.69046020507812
APD,APD,2014-11-06,124.26457214355469,125.03237915039062,123.4412612915039,124.89361572265625,1277202,94.41777038574219
APD,APD,2014-11-07,125.22663879394531,125.56891632080078,124.3293228149414,124.82886505126953,1050300,94.36883544921875
APD,APD,2014-11-10,124.88436889648438,125.01387786865234,124.19981384277344,124.79186248779297,733891,94.34086608886719
APD,APD,2014-11-11,124.81961059570312,125.20813751220703,124.41258239746094,124.81036376953125,867503,94.3548355102539
APD,APD,2014-11-12,124.88436889648438,125.20813751220703,124.42182922363281,124.69010162353516,1524751,94.26393127441406
APD,APD,2014-11-13,124.8658676147461,125.68917846679688,124.5420913696289,125.3746566772461,887501,94.78144836425781
APD,APD,2014-11-14,125.09712982177734,125.99445343017578,124.37557983398438,124.61609649658203,787617,94.20799255371094
APD,APD,2014-11-17,124.74560546875,125.70767974853516,124.42182922363281,125.63367462158203,1525291,94.97727966308594
APD,APD,2014-11-18,125.80943298339844,128.80665588378906,125.61517333984375,128.4921417236328,1339035,97.13822174072266
APD,APD,2014-11-19,129.41720581054688,131.81314086914062,129.35244750976562,131.48936462402344,1997580,99.404052734375
APD,APD,2014-11-20,130.66604614257812,132.0906524658203,130.41627502441406,131.9888916015625,1214504,99.78170776367188
APD,APD,2014-11-21,133.12673950195312,134.49583435058594,132.8677215576172,134.27381896972656,1831755,101.50909423828125
APD,APD,2014-11-24,134.27381896972656,134.70860290527344,133.4505157470703,133.90379333496094,1139806,101.2293472290039
APD,APD,2014-11-25,134.00555419921875,135.48565673828125,134.00555419921875,134.45883178710938,1889912,101.6489486694336
APD,APD,2014-11-26,134.0240478515625,134.40333557128906,133.08973693847656,134.32933044433594,1000033,101.551025390625
APD,APD,2014-11-28,133.97779846191406,134.1350555419922,132.66419982910156,133.052734375,595739,100.5859603881836
APD,APD,2014-12-01,132.8677215576172,133.72802734375,132.25717163085938,133.29324340820312,1033112,100.76775360107422
APD,APD,2014-12-02,133.08047485351562,133.6262664794922,132.5994415283203,133.0342254638672,1072568,100.57196044921875
APD,APD,2014-12-03,132.88621520996094,134.78260803222656,132.67344665527344,134.48658752441406,1019059,101.66991424560547
APD,APD,2014-12-04,134.1258087158203,135.34690856933594,133.42276000976562,134.8751220703125,892906,101.96366882324219
APD,APD,2014-12-05,134.99537658691406,136.47547912597656,134.89361572265625,135.7354278564453,851612,102.6140365600586
APD,APD,2014-12-08,135.61517333984375,135.69842529296875,134.23681640625,134.68084716796875,1020680,101.81676483154297
APD,APD,2014-12-09,133.811279296875,134.17205810546875,132.63644409179688,133.9222869873047,993871,101.24334716796875
APD,APD,2014-12-10,133.5337677001953,133.9685516357422,130.8880615234375,131.36911010742188,1276337,99.31315612792969
APD,APD,2014-12-11,132.2201690673828,133.7002716064453,131.48011779785156,132.53468322753906,1254392,100.1943130493164
APD,APD,2014-12-12,131.24884033203125,131.94264221191406,127.63182067871094,127.71508026123047,1942665,96.55076599121094
APD,APD,2014-12-15,128.51063537597656,128.69564819335938,125.26364135742188,127.03052520751953,2156919,96.03324890136719
APD,APD,2014-12-16,126.29047393798828,129.3894500732422,126.16096496582031,126.5679931640625,1336981,95.68357849121094
APD,APD,2014-12-17,127.23403930664062,130.75856018066406,126.864013671875,130.3977813720703,1695873,98.57884216308594
APD,APD,2014-12-18,131.94264221191406,133.84828186035156,131.72987365722656,133.6262664794922,2438520,101.0195541381836
APD,APD,2014-12-19,134.1258087158203,137.59481811523438,133.6262664794922,136.02220153808594,2471274,102.83080291748047
APD,APD,2014-12-22,135.98519897460938,136.78076171875,135.54116821289062,136.7530059814453,1072460,103.38333129882812
APD,APD,2014-12-23,137.22479248046875,138.0943603515625,137.03977966308594,137.44680786132812,720270,103.90782928466797
APD,APD,2014-12-24,137.44680786132812,137.9093475341797,136.95652770996094,137.44680786132812,294356,103.90782928466797
APD,APD,2014-12-26,137.57632446289062,138.39962768554688,136.947265625,137.94635009765625,349379,104.28544616699219
APD,APD,2014-12-29,137.57632446289062,138.11285400390625,136.68824768066406,137.22479248046875,575741,103.739990234375
APD,APD,2014-12-30,135.92044067382812,136.84552001953125,135.2266387939453,135.4671630859375,702218,102.94561004638672
APD,APD,2014-12-31,134.7641143798828,135.846435546875,133.3209991455078,133.42276000976562,1121321,101.39200592041016
APD,APD,2015-01-02,132.64569091796875,134.91212463378906,132.17391967773438,134.5328369140625,1453513,102.23558807373047
APD,APD,2015-01-05,133.5430145263672,133.5430145263672,129.2506866455078,130.23126220703125,1905371,98.96668243408203
APD,APD,2015-01-06,130.8880615234375,132.05364990234375,129.24143981933594,130.1850128173828,1280120,98.93152618408203
APD,APD,2015-01-07,131.2025909423828,131.96115112304688,130.1850128173828,131.59112548828125,731945,100.00007629394531
APD,APD,2015-01-08,132.19241333007812,134.96762084960938,132.19241333007812,134.6345977783203,1077865,102.31288146972656
APD,APD,2015-01-09,134.94912719726562,134.94912719726562,132.46994018554688,132.61795043945312,803399,100.78038787841797
APD,APD,2015-01-12,132.5161895751953,132.5994415283203,130.92506408691406,131.70213317871094,573362,100.08442687988281
APD,APD,2015-01-13,132.53468322753906,133.47825622558594,129.6022186279297,131.00833129882812,744917,99.55721282958984
APD,APD,2015-01-14,129.03793334960938,129.71322631835938,127.30804443359375,129.44496154785156,1106728,98.3691177368164
APD,APD,2015-01-15,130.7493133544922,131.40609741210938,128.67715454101562,129.0101776123047,992034,98.0387191772461
APD,APD,2015-01-16,129.04718017578125,129.87974548339844,126.79926300048828,129.24143981933594,1582584,98.21446990966797
APD,APD,2015-01-20,130.4070281982422,131.100830078125,128.56614685058594,130.78631591796875,1045868,99.38848876953125
APD,APD,2015-01-21,130.74005126953125,132.8954620361328,130.09251403808594,132.37742614746094,807615,100.59760284423828
APD,APD,2015-01-22,133.01573181152344,133.63552856445312,131.017578125,133.50601196289062,954955,101.45526885986328
APD,APD,2015-01-23,133.20999145507812,133.28399658203125,131.5541229248047,132.71044921875,916580,100.85070037841797
APD,APD,2015-01-26,132.34042358398438,132.79371643066406,131.06382751464844,132.3589324951172,1316766,100.5835189819336
APD,APD,2015-01-27,130.95281982421875,132.4421844482422,129.96299743652344,131.22108459472656,1340981,99.71891784667969
APD,APD,2015-01-28,131.59112548828125,132.19241333007812,128.02035522460938,128.42738342285156,2004282,97.59586334228516
APD,APD,2015-01-29,132.28492736816406,136.95652770996094,132.28492736816406,135.9759521484375,3730747,103.3322525024414
APD,APD,2015-01-30,134.73635864257812,137.83534240722656,134.1350555419922,134.69935607910156,2864974,102.36212158203125
APD,APD,2015-02-02,133.55226135253906,137.0582733154297,131.24884033203125,136.61424255371094,1470268,103.81729888916016
APD,APD,2015-02-03,137.36355590820312,137.97409057617188,135.5781707763672,137.28955078125,1420326,104.33047485351562
APD,APD,2015-02-04,136.9657745361328,138.29786682128906,136.19796752929688,137.29879760742188,1068244,104.33753967285156
APD,APD,2015-02-05,138.0943603515625,140.2127685546875,137.78907775878906,140.16651916503906,1305524,106.51678466796875
APD,APD,2015-02-06,139.93524169921875,140.4070281982422,138.54763793945312,139.05642700195312,809237,105.67320251464844
APD,APD,2015-02-09,138.94541931152344,139.77798461914062,138.1498565673828,138.54763793945312,934525,105.28655242919922
APD,APD,2015-02-10,138.77891540527344,139.55596923828125,137.51156616210938,139.02867126464844,989656,105.65208435058594
APD,APD,2015-02-11,138.6586456298828,139.25994873046875,137.59481811523438,138.7696533203125,817236,105.45523834228516
APD,APD,2015-02-12,139.66697692871094,141.13783264160156,138.8714141845703,140.81405639648438,1556856,107.00885009765625
APD,APD,2015-02-13,140.66604614257812,142.07215881347656,140.41627502441406,141.35984802246094,786860,107.42365264892578
APD,APD,2015-02-17,141.09158325195312,142.63644409179688,140.79556274414062,141.96115112304688,894311,107.88056945800781
APD,APD,2015-02-18,141.96115112304688,142.48843383789062,141.16558837890625,142.34042358398438,773564,108.1688003540039
APD,APD,2015-02-19,142.9232177734375,145.337646484375,142.50694274902344,144.38482666015625,1037760,109.72242736816406
APD,APD,2015-02-20,144.1350555419922,145.91119384765625,143.0249786376953,145.846435546875,971170,110.8331527709961
APD,APD,2015-02-23,145.0693817138672,145.5689239501953,144.16281127929688,144.40333557128906,897230,109.7364730834961
APD,APD,2015-02-24,144.7178497314453,145.7354278564453,144.2645721435547,145.21739196777344,801129,110.35511016845703
APD,APD,2015-02-25,145.21739196777344,145.82794189453125,145.0601348876953,145.2821502685547,487315,110.40432739257812
APD,APD,2015-02-26,144.99537658691406,145.4949188232422,144.17205810546875,144.89361572265625,555850,110.10903930664062
APD,APD,2015-02-27,145.03237915039062,145.11563110351562,144.2645721435547,144.44033813476562,701245,109.76458740234375
APD,APD,2015-03-02,144.44033813476562,146.34597778320312,144.31082153320312,146.28121948242188,954523,111.16354370117188
APD,APD,2015-03-03,146.01295471191406,146.34597778320312,144.1813201904297,144.3663330078125,741674,109.70835876464844
APD,APD,2015-03-04,144.21832275390625,144.9583740234375,142.85845947265625,143.14523315429688,1212774,108.78038024902344
APD,APD,2015-03-05,143.20074462890625,143.44125366210938,142.64569091796875,143.25624084472656,660707,108.86474609375
APD,APD,2015-03-06,142.2294158935547,142.6549530029297,140.89732360839844,141.17483520507812,1074406,107.28300476074219
APD,APD,2015-03-09,141.78538513183594,142.69195556640625,141.5078582763672,142.3589324951172,639303,108.18285369873047
APD,APD,2015-03-10,141.03607177734375,141.30435180664062,139.94448852539062,140.7030487060547,1045003,106.9245376586914
APD,APD,2015-03-11,141.2118377685547,141.3413543701172,139.95375061035156,139.96299743652344,863611,106.36213684082031
APD,APD,2015-03-12,140.7215576171875,141.97039794921875,140.6105499267578,141.8038787841797,790752,107.7610855102539
APD,APD,2015-03-13,141.24884033203125,141.66513061523438,139.79647827148438,140.6105499267578,733350,106.85419464111328
APD,APD,2015-03-16,141.443115234375,141.94264221191406,140.5642852783203,141.19334411621094,706542,107.29708862304688
APD,APD,2015-03-17,140.89732360839844,141.75762939453125,140.03700256347656,141.2025909423828,854855,107.30413055419922
APD,APD,2015-03-18,140.38853454589844,144.11656188964844,139.0841827392578,143.08973693847656,1284552,108.7382583618164
APD,APD,2015-03-19,142.2479248046875,142.48843383789062,140.22201538085938,140.8325653076172,842207,107.02289581298828
APD,APD,2015-03-20,140.5642852783203,142.1369171142578,139.63922119140625,141.26734924316406,2017687,107.35335540771484
APD,APD,2015-03-23,141.26734924316406,141.7206268310547,140.5087890625,140.5087890625,879394,106.77689361572266
APD,APD,2015-03-24,140.6105499267578,141.35060119628906,140.27752685546875,140.7770538330078,683516,106.9807357788086
APD,APD,2015-03-25,140.89732360839844,142.10916137695312,139.34320068359375,139.37095642089844,898203,105.9122314453125
APD,APD,2015-03-26,138.6864013671875,140.57354736328125,137.7520751953125,139.83348083496094,911391,106.2636947631836
APD,APD,2015-03-27,139.95375061035156,141.69287109375,139.0934295654297,141.30435180664062,1147806,107.3814468383789
APD,APD,2015-03-30,142.46994018554688,142.96946716308594,141.54486083984375,142.27566528320312,1728411,108.69596099853516
APD,APD,2015-03-31,141.74838256835938,142.56243896484375,139.83348083496094,139.94448852539062,1750896,106.91498565673828
APD,APD,2015-04-01,139.58372497558594,140.44403076171875,138.1498565673828,138.84365844726562,1523561,106.07402801513672
APD,APD,2015-04-02,138.6031494140625,140.35153198242188,138.390380859375,139.72247314453125,635520,106.74539184570312
APD,APD,2015-04-06,139.75022888183594,141.100830078125,139.33395385742188,140.6938018798828,945335,107.48748779296875
APD,APD,2015-04-07,140.34226989746094,141.94264221191406,139.79647827148438,139.85198974609375,716163,106.8443832397461
APD,APD,2015-04-08,140.083251953125,140.8233184814453,138.96392822265625,139.65773010253906,692813,106.69591522216797
APD,APD,2015-04-09,139.65773010253906,140.79556274414062,139.24143981933594,140.65679931640625,585145,107.45921325683594
APD,APD,2015-04-10,140.8325653076172,141.08233642578125,139.6762237548828,140.5365447998047,551202,107.36731719970703
APD,APD,2015-04-13,140.20352172851562,141.0730743408203,139.25994873046875,139.2969512939453,881664,106.42028045654297
APD,APD,2015-04-14,139.7039794921875,140.98057556152344,139.23219299316406,140.46253967285156,1032679,107.31080627441406
APD,APD,2015-04-15,140.94357299804688,142.39593505859375,140.57354736328125,140.934326171875,874637,107.67120361328125
APD,APD,2015-04-16,140.6105499267578,140.6105499267578,139.45420837402344,140.23126220703125,671842,107.13410186767578
APD,APD,2015-04-17,139.45420837402344,140.04624938964844,137.49305725097656,138.62164306640625,1061866,105.90436553955078
APD,APD,2015-04-20,139.2229461669922,140.23126220703125,138.63088989257812,140.0277557373047,715622,106.97859954833984
APD,APD,2015-04-21,140.6105499267578,140.97132873535156,139.75022888183594,140.54579162597656,730648,107.37435913085938
APD,APD,2015-04-22,140.43478393554688,140.7215576171875,139.0934295654297,140.12025451660156,582443,107.04927062988281
APD,APD,2015-04-23,139.8889923095703,140.13876342773438,138.7881622314453,139.31544494628906,668815,106.43441009521484
APD,APD,2015-04-24,139.37095642089844,139.7594757080078,138.1776123046875,138.81591796875,1158616,106.05278778076172
APD,APD,2015-04-27,138.7141571044922,140.7770538330078,137.54856872558594,139.74098205566406,2177891,106.75956726074219
APD,APD,2015-04-28,139.54672241210938,142.07215881347656,138.5846405029297,141.4986114501953,2680880,108.1023178100586
APD,APD,2015-04-29,140.44403076171875,141.5263671875,140.0277557373047,140.4902801513672,1503671,107.33200073242188
APD,APD,2015-04-30,141.85939025878906,141.85939025878906,131.609619140625,132.6826934814453,5185017,101.36713409423828
APD,APD,2015-05-01,132.97872924804688,136.81776428222656,132.7567138671875,135.61517333984375,2106977,103.60746765136719
APD,APD,2015-05-04,136.84552001953125,137.9093475341797,136.0869598388672,136.52174377441406,1213098,104.30008697509766
APD,APD,2015-05-05,137.08602905273438,137.82608032226562,134.09805297851562,134.51434326171875,1100890,102.7664566040039
APD,APD,2015-05-06,135.42091369628906,136.10545349121094,133.86679077148438,134.6438446044922,789779,102.86540985107422
APD,APD,2015-05-07,134.39407348632812,135.58741760253906,133.57077026367188,135.2358856201172,854531,103.31771850585938
APD,APD,2015-05-08,136.79000854492188,137.8538360595703,136.53099060058594,136.8825225830078,995169,104.57574462890625
APD,APD,2015-05-11,136.34597778320312,137.16928100585938,135.02313232421875,135.0693817138672,981872,103.19054412841797
APD,APD,2015-05-12,134.08880615234375,134.81036376953125,133.3487548828125,133.65402221679688,824371,102.10920715332031
APD,APD,2015-05-13,133.82054138183594,135.10638427734375,132.8677215576172,134.08880615234375,2067953,102.44136810302734
APD,APD,2015-05-14,135.0601348876953,136.66050720214844,133.97779846191406,136.55874633789062,1076784,104.328369140625
APD,APD,2015-05-15,136.864013671875,137.79833984375,136.15171813964844,137.35430908203125,981548,104.9361343383789
APD,APD,2015-05-18,137.28955078125,137.4560546875,136.30897521972656,136.84552001953125,569687,104.54741668701172
APD,APD,2015-05-19,136.8917694091797,138.1776123046875,136.12396240234375,136.4569854736328,822209,104.2506103515625
APD,APD,2015-05-20,136.6512451171875,136.91952514648438,135.80943298339844,136.09620666503906,692597,103.97501373291016
APD,APD,2015-05-21,135.71693420410156,137.28955078125,135.60592651367188,136.90101623535156,657897,104.58985137939453
APD,APD,2015-05-22,136.4662322998047,136.9750213623047,135.40240478515625,135.77243041992188,810101,103.7276382446289
APD,APD,2015-05-26,135.08787536621094,135.4486541748047,134.41258239746094,135.09713745117188,723838,103.21173095703125
APD,APD,2015-05-27,135.0601348876953,136.95652770996094,134.6438446044922,136.4847412109375,666761,104.27179718017578
APD,APD,2015-05-28,135.9574432373047,137.19703674316406,135.846435546875,137.09527587890625,562336,104.73826599121094
APD,APD,2015-05-29,136.77151489257812,137.28955078125,135.4394073486328,135.76318359375,1153211,103.72055053710938
APD,APD,2015-06-01,136.58648681640625,137.00277709960938,135.32839965820312,136.40147399902344,713892,104.20820617675781
APD,APD,2015-06-02,136.11471557617188,137.60406494140625,135.3098907470703,137.0490264892578,1083162,104.70288848876953
APD,APD,2015-06-03,137.03977966308594,137.91859436035156,136.91952514648438,137.22479248046875,1291146,104.83721923828125
APD,APD,2015-06-04,134.19981384277344,136.17945861816406,133.8297882080078,134.99537658691406,1521291,103.13397979736328
APD,APD,2015-06-05,134.45883178710938,135.03237915039062,133.7557830810547,134.67160034179688,915499,102.8866195678711
APD,APD,2015-06-08,134.5605926513672,134.8473663330078,133.69102478027344,133.70953369140625,613792,102.151611328125
APD,APD,2015-06-09,134.24606323242188,134.67160034179688,132.8954620361328,133.60777282714844,1000790,102.07386779785156
APD,APD,2015-06-10,134.56983947753906,135.3839111328125,134.07955932617188,135.00462341308594,712271,103.14102172851562
APD,APD,2015-06-11,135.19888305664062,136.4384765625,135.0416259765625,135.24514770507812,708055,103.32477569580078
APD,APD,2015-06-12,134.7641143798828,135.43016052246094,133.8575439453125,134.08880615234375,654437,102.44136810302734
APD,APD,2015-06-15,133.35800170898438,134.29232788085938,132.4144287109375,133.3302459716797,842207,101.8618392944336
APD,APD,2015-06-16,133.39500427246094,135.16188049316406,133.39500427246094,134.79185485839844,699299,102.97846984863281
APD,APD,2015-06-17,135.2821502685547,135.77243041992188,134.3385772705078,135.21739196777344,817128,103.3035659790039
APD,APD,2015-06-18,135.89268493652344,136.64199829101562,135.62442016601562,135.9296875,968036,103.84778594970703
APD,APD,2015-06-19,135.5781707763672,136.0869598388672,134.2090606689453,134.29232788085938,910094,102.59689331054688
APD,APD,2015-06-22,135.02313232421875,135.61517333984375,134.2553253173828,134.92137145996094,969765,103.0774154663086
APD,APD,2015-06-23,134.86585998535156,135.59666442871094,133.77427673339844,134.01480102539062,1098080,102.38481903076172
APD,APD,2015-06-24,133.48751831054688,133.5337677001953,132.2294158935547,132.9509735107422,937119,101.57205200195312
APD,APD,2015-06-25,133.6262664794922,133.9407958984375,131.5263671875,132.12765502929688,927066,100.94310760498047
APD,APD,2015-06-26,132.4329376220703,132.84921264648438,130.87881469726562,131.43385314941406,2797304,100.41303253173828
APD,APD,2015-06-29,130.07400512695312,130.52728271484375,126.64199829101562,126.85476684570312,1894885,97.47038269042969
APD,APD,2015-06-30,127.53931427001953,128.05735778808594,126.4477310180664,126.57723999023438,1287255,97.25714111328125
APD,APD,2015-07-01,126.7715072631836,128.2886199951172,126.7715072631836,128.14060974121094,1261311,98.4583740234375
APD,APD,2015-07-02,128.77891540527344,128.94541931152344,125.9666976928711,127.08602905273438,1471133,97.6480941772461
APD,APD,2015-07-06,125.92044067382812,126.90101623535156,125.3469009399414,125.91119384765625,931173,96.7453842163086
APD,APD,2015-07-07,125.97594451904297,126.97502136230469,124.81036376953125,126.6604995727539,1226070,97.32108306884766
APD,APD,2015-07-08,125.31914520263672,125.83718872070312,122.97872161865234,123.02497863769531,1675442,94.52770233154297
APD,APD,2015-07-09,124.50508880615234,125.17113494873047,122.31267547607422,122.34967803955078,1771435,94.00882720947266
APD,APD,2015-07-10,123.97779846191406,126.07770538330078,123.6355209350586,125.74468231201172,1117970,96.61741638183594
APD,APD,2015-07-13,126.78076171875,127.18778991699219,125.89269256591797,126.2627182006836,778969,97.01549530029297
APD,APD,2015-07-14,126.14246368408203,127.51156616210938,126.02220153808594,126.91027069091797,835937,97.51301574707031
APD,APD,2015-07-15,126.71600341796875,128.05735778808594,126.29047393798828,127.19703674316406,1222179,97.73336029052734
APD,APD,2015-07-16,127.4930648803711,127.77983093261719,126.12396240234375,126.79926300048828,2713202,97.427734375
APD,APD,2015-07-17,126.79926300048828,126.80850982666016,125.30989837646484,126.00370025634766,724702,96.81645202636719
APD,APD,2015-07-20,125.88343811035156,125.95744323730469,124.93061828613281,125.10638427734375,787292,96.12698364257812
APD,APD,2015-07-21,125.30989837646484,125.48566436767578,122.76596069335938,123.4412612915039,969657,94.84754943847656
APD,APD,2015-07-22,123.25624084472656,124.02405548095703,122.68270111083984,122.84921264648438,1704088,94.39263153076172
APD,APD,2015-07-23,123.00647735595703,123.00647735595703,121.38760375976562,122.76596069335938,2109572,94.32868194580078
APD,APD,2015-07-24,122.46068572998047,122.76596069335938,119.74098205566406,120.31452178955078,1666470,92.44509887695312
APD,APD,2015-07-27,119.34320068359375,119.95375061035156,118.76966094970703,119.16743469238281,1746464,91.56371307373047
APD,APD,2015-07-28,119.80573272705078,123.76502990722656,118.88066864013672,122.86771392822266,2013146,94.40687561035156
APD,APD,2015-07-29,122.57169342041016,124.51433563232422,121.75762939453125,124.08880615234375,1851537,95.3451156616211
APD,APD,2015-07-30,131.8223876953125,133.20999145507812,129.9722442626953,131.67437744140625,3858846,101.17359924316406
APD,APD,2015-07-31,132.4976806640625,133.31175231933594,130.8325653076172,131.83163452148438,2539161,101.29441833496094
APD,APD,2015-08-03,131.5263671875,136.2534637451172,131.27659606933594,134.94912719726562,3044312,103.68978118896484
APD,APD,2015-08-04,135.24514770507812,136.68824768066406,134.7733612060547,135.1433868408203,1295795,103.83905792236328
APD,APD,2015-08-05,136.6790008544922,137.42831420898438,134.46807861328125,136.40147399902344,1439027,104.80569458007812
APD,APD,2015-08-06,136.41998291015625,137.23403930664062,135.53192138671875,136.00369262695312,2524784,104.50006103515625
APD,APD,2015-08-07,135.69842529296875,136.55874633789062,134.62535095214844,135.2358856201172,1868941,103.91009521484375
APD,APD,2015-08-10,136.5679931640625,137.2432861328125,136.06845092773438,137.23403930664062,1085756,105.44541931152344
APD,APD,2015-08-11,135.7446746826172,136.10545349121094,134.52359008789062,135.70767211914062,1257960,104.2726058959961
APD,APD,2015-08-12,135.0138702392578,135.2358856201172,132.8677215576172,134.48658752441406,1472754,103.3343734741211
APD,APD,2015-08-13,134.07955932617188,135.45791625976562,133.6725311279297,134.81961059570312,836262,103.59026336669922
APD,APD,2015-08-14,135.0601348876953,136.0592041015625,134.7178497314453,135.7446746826172,547743,104.30104064941406
APD,APD,2015-08-17,135.68917846679688,136.12396240234375,134.90286254882812,135.76318359375,454993,104.31527709960938
APD,APD,2015-08-18,135.42091369628906,135.89268493652344,134.79185485839844,135.08787536621094,918093,103.79637145996094
APD,APD,2015-08-19,134.40333557128906,134.79185485839844,133.4505157470703,133.811279296875,1081757,102.81549072265625
APD,APD,2015-08-20,132.69195556640625,133.35800170898438,129.76873779296875,129.86123657226562,1457512,99.78040313720703
APD,APD,2015-08-21,129.0934295654297,129.34320068359375,126.67900085449219,127.18778991699219,1912938,97.72628021240234
APD,APD,2015-08-24,120.26827239990234,126.3644790649414,115.63367462158203,122.40518188476562,2731363,94.05150604248047
APD,APD,2015-08-25,126.89176940917969,127.75208282470703,124.57909393310547,124.70860290527344,2857732,95.82135772705078
APD,APD,2015-08-26,127.59481811523438,128.31637573242188,124.4495849609375,127.4653091430664,1727546,97.93949127197266
APD,APD,2015-08-27,128.77891540527344,130.7770538330078,127.2802963256836,130.1110076904297,1292227,99.97235107421875
APD,APD,2015-08-28,129.24143981933594,130.79556274414062,128.6031494140625,130.1295166015625,1107809,99.98657989501953
APD,APD,2015-08-31,129.065673828125,129.8982391357422,127.8723373413086,129.07493591308594,715082,99.17625427246094
APD,APD,2015-09-01,126.43848419189453,127.22479248046875,124.90287017822266,125.73542785644531,1317307,96.61030578613281
APD,APD,2015-09-02,127.13228607177734,128.53839111328125,126.10546112060547,128.53839111328125,1448648,98.7640151977539
APD,APD,2015-09-03,129.3061981201172,130.23126220703125,128.64015197753906,129.13967895507812,951280,99.22602081298828
APD,APD,2015-09-04,127.14153289794922,127.72432708740234,125.36540222167969,125.71692657470703,1073433,96.59610748291016
APD,APD,2015-09-08,127.44680786132812,128.94541931152344,126.97502136230469,128.81591796875,1006303,98.97722625732422
APD,APD,2015-09-09,129.85198974609375,130.3145294189453,126.75300598144531,126.93801879882812,1283579,97.53434753417969
APD,APD,2015-09-10,125.21739196777344,127.7890853881836,125.21739196777344,126.28121948242188,2272154,97.02969360351562
APD,APD,2015-09-11,125.52266693115234,126.50323486328125,124.93061828613281,126.19796752929688,1522805,96.96570587158203
APD,APD,2015-09-14,126.32747650146484,126.32747650146484,125.07862854003906,125.32839965820312,854747,96.29756927490234
APD,APD,2015-09-15,125.92969512939453,125.92969512939453,124.60684967041016,125.4579086303711,1011384,96.3970718383789
APD,APD,2015-09-16,125.43940734863281,128.39962768554688,125.26364135742188,128.2886199951172,1184560,98.57209014892578
APD,APD,2015-09-17,128.82516479492188,130.89732360839844,127.26179504394531,128.61239624023438,2381659,98.8208999633789
APD,APD,2015-09-18,126.57723999023438,127.24329376220703,124.3293228149414,124.51433563232422,1858563,95.67208099365234
APD,APD,2015-09-21,125.18963623046875,125.92044067382812,123.82978820800781,124.76410675048828,1144887,95.86397552490234
APD,APD,2015-09-22,123.70027923583984,123.77428436279297,121.58187103271484,122.68270111083984,1770678,94.26472473144531
APD,APD,2015-09-23,122.71044921875,122.98797607421875,120.48103332519531,120.70305633544922,1161426,92.74363708496094
APD,APD,2015-09-24,119.50971221923828,120.27751922607422,117.69657897949219,119.75948333740234,1398057,92.0186538696289
APD,APD,2015-09-25,120.75856018066406,120.88806915283203,117.48381042480469,118.06660461425781,1854672,90.71788024902344
APD,APD,2015-09-28,117.15078735351562,117.30804443359375,115.18038940429688,115.86493682861328,1595988,89.02620697021484
APD,APD,2015-09-29,115.09712982177734,116.66974639892578,114.39408111572266,116.39222717285156,1614906,90.01346588134766
APD,APD,2015-09-30,117.74282836914062,118.61239624023438,116.54949188232422,118.02035522460938,1856293,91.2726058959961
APD,APD,2015-10-01,118.06660461425781,119.75022888183594,117.1600341796875,119.5837173461914,2438736,92.48165893554688
APD,APD,2015-10-02,118.36262512207031,120.76780700683594,117.31729888916016,120.74005889892578,1877157,93.37594604492188
APD,APD,2015-10-05,122.04440307617188,123.02497863769531,121.56336975097656,122.96022033691406,2109680,95.09293365478516
APD,APD,2015-10-06,122.88621520996094,123.92229461669922,122.58094024658203,122.8399658203125,1002844,94.99994659423828
APD,APD,2015-10-07,123.19149017333984,124.3293228149414,122.06290435791016,124.11656188964844,1425082,95.9872055053711
APD,APD,2015-10-08,125.3746566772461,127.84458923339844,124.36632537841797,127.5763168334961,1672739,98.66284942626953
APD,APD,2015-10-09,128.0111083984375,130.1017608642578,127.33580017089844,129.4634552001953,1763760,100.12227630615234
APD,APD,2015-10-12,129.1951904296875,129.6207275390625,127.6688232421875,128.40887451171875,659842,99.30670166015625
APD,APD,2015-10-13,127.33580017089844,128.90841674804688,126.53099060058594,127.92784118652344,1619446,98.9347152709961
APD,APD,2015-10-14,127.8723373413086,128.64015197753906,127.3635482788086,128.1498565673828,662869,99.10638427734375
APD,APD,2015-10-15,129.0101776123047,129.5097198486328,127.91859436035156,129.28770446777344,878853,99.98637390136719
APD,APD,2015-10-16,129.9722442626953,130.13876342773438,127.64107513427734,128.45513916015625,791616,99.3425064086914
APD,APD,2015-10-19,127.75208282470703,128.3718719482422,127.10453033447266,127.68732452392578,490666,98.74869537353516
APD,APD,2015-10-20,127.63182067871094,128.3718719482422,126.94727325439453,127.05828094482422,911607,98.26222229003906
APD,APD,2015-10-21,127.53006744384766,127.7613296508789,122.8307113647461,125.38390350341797,2152055,96.96732330322266
APD,APD,2015-10-22,126.31822204589844,127.59481811523438,125.7539291381836,127.50231170654297,1626256,98.60560607910156
APD,APD,2015-10-23,129.10267639160156,130.34226989746094,127.70582580566406,129.50045776367188,1733059,100.15089416503906
APD,APD,2015-10-26,129.48196411132812,129.8889923095703,129.0934295654297,129.2969512939453,947713,99.99354553222656
APD,APD,2015-10-27,128.34413146972656,129.20443725585938,128.1776123046875,128.7974090576172,1120457,99.60720825195312
APD,APD,2015-10-28,128.7974090576172,131.48936462402344,128.51063537597656,131.48011779785156,1557072,101.68190002441406
APD,APD,2015-10-29,127.21553802490234,131.61886596679688,125.57817077636719,127.0675277709961,2775900,98.2693862915039
APD,APD,2015-10-30,127.59481811523438,129.7594757080078,127.59481811523438,128.56614685058594,1940611,99.42832946777344
APD,APD,2015-11-02,128.46438598632812,129.50045776367188,127.90933990478516,128.1776123046875,1358277,99.12786102294922
APD,APD,2015-11-03,127.89083862304688,129.24143981933594,127.39130401611328,128.31637573242188,815723,99.23519134521484
APD,APD,2015-11-04,129.41720581054688,129.5097198486328,127.4930648803711,127.83533477783203,963820,98.86317443847656
APD,APD,2015-11-05,127.45606231689453,128.25161743164062,125.35615539550781,127.01202392578125,1375032,98.22640991210938
APD,APD,2015-11-06,125.99445343017578,128.27012634277344,125.80943298339844,128.23312377929688,972251,99.17079162597656
APD,APD,2015-11-09,127.75208282470703,128.0666046142578,125.07862854003906,126.11470794677734,1042084,97.53248596191406
APD,APD,2015-11-10,125.80943298339844,126.6882553100586,124.80110931396484,126.4754867553711,895068,97.81149291992188
APD,APD,2015-11-11,127.03977966308594,127.03977966308594,125.74468231201172,126.54949188232422,674436,97.86872863769531
APD,APD,2015-11-12,125.23589324951172,125.80943298339844,124.6530990600586,125.1618881225586,1202288,96.79562377929688
APD,APD,2015-11-13,125.30065155029297,128.29786682128906,124.12580871582031,127.08602905273438,1692738,98.2836685180664
APD,APD,2015-11-16,127.0767822265625,129.90748596191406,126.97502136230469,129.83348083496094,1498807,100.40843963623047
APD,APD,2015-11-17,129.61146545410156,133.052734375,128.64939880371094,129.01942443847656,2823032,99.7789077758789
APD,APD,2015-11-18,129.12118530273438,129.54672241210938,126.61424255371094,128.982421875,1422380,99.75029754638672
APD,APD,2015-11-19,129.0101776123047,129.86123657226562,128.21461486816406,129.47271728515625,1043706,100.12944030761719
APD,APD,2015-11-20,129.5929718017578,130.2405242919922,128.64015197753906,128.85292053222656,692056,99.65011596679688
APD,APD,2015-11-23,129.14894104003906,130.74005126953125,129.14894104003906,129.6762237548828,860692,100.28683471679688
APD,APD,2015-11-24,128.7974090576172,129.6022186279297,128.16836547851562,129.01942443847656,1001114,99.7789077758789
APD,APD,2015-11-25,128.76040649414062,129.8149871826172,127.95559692382812,127.98335266113281,888366,98.97763061523438
APD,APD,2015-11-27,127.7890853881836,128.59390258789062,127.00277709960938,127.56707000732422,581470,98.65567016601562
APD,APD,2015-11-30,127.52081298828125,128.11285400390625,126.60499572753906,126.63274383544922,1150184,97.93313598632812
APD,APD,2015-12-01,126.49398803710938,127.9740982055664,125.19889068603516,127.65957641601562,1633283,98.72724151611328
APD,APD,2015-12-02,127.20629119873047,128.62164306640625,126.40148162841797,128.1221160888672,4050075,99.08495330810547
APD,APD,2015-12-03,128.54763793945312,129.01942443847656,125.18038940429688,125.59667205810547,2163838,97.13186645507812
APD,APD,2015-12-04,126.13320922851562,128.24237060546875,125.91119384765625,128.0666046142578,1171912,99.0419921875
APD,APD,2015-12-07,127.32654571533203,127.42830657958984,125.92044067382812,126.5587387084961,1623770,97.87589263916016
APD,APD,2015-12-08,125.30989837646484,126.4477310180664,122.7474594116211,123.00647735595703,1835106,95.12870025634766
APD,APD,2015-12-09,123.45976257324219,125.2451400756836,122.46068572998047,123.8205337524414,1883859,95.75824737548828
APD,APD,2015-12-10,123.49676513671875,123.97779846191406,122.13690948486328,122.58094024658203,2196700,94.79959106445312
APD,APD,2015-12-11,120.592041015625,121.20259094238281,119.43570709228516,120.70305633544922,2375822,93.34732055664062
APD,APD,2015-12-14,120.53653717041016,120.93431854248047,118.40888214111328,119.29694366455078,2389551,92.25987243652344
APD,APD,2015-12-15,120.32377624511719,122.01664733886719,120.17576599121094,121.64662170410156,1880075,94.0770263671875
APD,APD,2015-12-16,122.76596069335938,122.8399658203125,119.81498718261719,122.30342102050781,2374957,94.58497619628906
APD,APD,2015-12-17,122.59944152832031,122.9324722290039,120.0,120.592041015625,2659692,93.261474609375
APD,APD,2015-12-18,119.7964859008789,120.27751922607422,118.22386932373047,118.2701187133789,2443384,91.46578979492188
APD,APD,2015-12-21,119.62997436523438,120.37928009033203,118.57539367675781,120.2127685546875,2103518,92.96814727783203
APD,APD,2015-12-22,120.78630828857422,122.16466522216797,120.39778137207031,121.69287872314453,968576,94.1128158569336
APD,APD,2015-12-23,122.69195556640625,123.36725616455078,122.1276626586914,123.20073699951172,619629,95.2789306640625
APD,APD,2015-12-24,122.95097351074219,123.83903503417969,122.75670623779297,123.20999145507812,366351,95.28608703613281
APD,APD,2015-12-28,122.59019470214844,123.00647735595703,122.13690948486328,122.66419982910156,686543,94.86398315429688
APD,APD,2015-12-29,123.68177795410156,124.63459777832031,122.48843383789062,123.21923828125,712487,95.29325103759766
APD,APD,2015-12-30,122.19241333007812,123.15448760986328,121.99815368652344,122.34967803955078,870854,95.19967651367188
APD,APD,2015-12-31,121.60037231445312,122.22941589355469,120.23126983642578,120.36077880859375,916364,93.652099609375
APD,APD,2016-01-04,118.60314178466797,119.59297180175781,117.54856872558594,119.50971221923828,1427244,92.98989868164062
APD,APD,2016-01-05,118.84366607666016,119.5837173461914,116.4754867553711,117.372802734375,1465512,91.32718658447266
APD,APD,2016-01-06,115.50416564941406,115.70767974853516,113.644775390625,114.51433563232422,1610690,89.10301208496094
APD,APD,2016-01-07,112.18316650390625,113.53376770019531,110.24977111816406,110.67530059814453,4264329,86.11589813232422
APD,APD,2016-01-08,111.28584289550781,111.83163452148438,109.92599487304688,110.10176086425781,2785953,85.66962432861328
APD,APD,2016-01-11,112.05365753173828,112.16466522216797,109.75022888183594,110.53653717041016,2459275,86.00791931152344
APD,APD,2016-01-12,111.64662170410156,112.18316650390625,110.5087890625,112.1276626586914,2574510,87.24595642089844
APD,APD,2016-01-13,112.79370880126953,113.18223571777344,109.51896667480469,109.66697692871094,1449513,85.33130645751953
APD,APD,2016-01-14,110.3052749633789,110.62904357910156,106.97502136230469,109.50971221923828,3459849,85.20893096923828
APD,APD,2016-01-15,106.99352264404297,109.2876968383789,106.25347137451172,108.9916763305664,2512676,84.80587768554688
APD,APD,2016-01-19,109.88899230957031,111.13783264160156,108.53839111328125,110.62904357910156,1939422,86.07991027832031
APD,APD,2016-01-20,108.78816223144531,109.72248077392578,106.04995727539062,108.75115966796875,1875643,84.61872863769531
APD,APD,2016-01-21,109.32469940185547,110.0092544555664,107.65957641601562,108.390380859375,1307145,84.3380126953125
APD,APD,2016-01-22,110.17576599121094,111.64662170410156,109.09342956542969,110.05550384521484,1120132,85.6336441040039
APD,APD,2016-01-25,110.0,110.26827239990234,107.44680786132812,107.59481811523438,1198829,83.71900177001953
APD,APD,2016-01-26,108.50138854980469,110.61979675292969,107.72432708740234,109.53746795654297,1310929,85.23055267333984
APD,APD,2016-01-27,109.26919555664062,111.46160888671875,108.71415710449219,109.22293853759766,1639769,84.9858169555664
APD,APD,2016-01-28,109.83348846435547,111.41535949707031,109.22293853759766,110.0925064086914,1976717,85.66242218017578
APD,APD,2016-01-29,113.1267318725586,117.2802963256836,112.22016906738281,117.21553802490234,3542545,91.20482635498047
APD,APD,2016-02-01,116.04070281982422,121.8131332397461,115.65217590332031,121.42460632324219,3554652,94.4798812866211
APD,APD,2016-02-02,121.23959350585938,122.4236831665039,119.37095642089844,121.0083236694336,3983485,94.15599060058594
APD,APD,2016-02-03,122.8399658203125,123.85753631591797,121.02682495117188,123.38575744628906,3191004,96.00584411621094
APD,APD,2016-02-04,123.30249786376953,126.73450469970703,122.99722290039062,125.95744323730469,3494873,98.0068588256836
APD,APD,2016-02-05,125.95744323730469,126.65125274658203,124.84736633300781,125.43940734863281,2230860,97.60377502441406
APD,APD,2016-02-08,123.96855163574219,124.11656188964844,119.13968658447266,120.95281982421875,2774062,94.11279296875
APD,APD,2016-02-09,119.59297180175781,123.45976257324219,119.16743469238281,122.5346908569336,1791649,95.34364318847656
APD,APD,2016-02-10,122.89546966552734,124.42182922363281,120.37002563476562,120.67530059814453,1500644,93.8968505859375
APD,APD,2016-02-11,118.92691802978516,120.25901794433594,116.6604995727539,117.6780776977539,2280694,91.56472778320312
APD,APD,2016-02-12,119.15818786621094,121.14708709716797,117.73358154296875,120.58279418945312,1199586,93.82487487792969
APD,APD,2016-02-16,122.05365753173828,122.09990692138672,119.97224426269531,121.50786590576172,995277,94.54464721679688
APD,APD,2016-02-17,122.7474594116211,123.18223571777344,121.4338607788086,122.58094024658203,1281742,95.37960815429688
APD,APD,2016-02-18,122.46993255615234,122.99722290039062,120.79556274414062,121.34135437011719,1165102,94.41510772705078
APD,APD,2016-02-19,120.90657043457031,122.01664733886719,119.22293853759766,121.67437744140625,1260554,94.67423248291016
APD,APD,2016-02-22,122.91397094726562,123.87603759765625,122.36817932128906,122.96022033691406,968036,95.67475128173828
APD,APD,2016-02-23,122.15541076660156,122.67345428466797,120.78630828857422,121.37834930419922,1054624,94.4438705444336
APD,APD,2016-02-24,119.13968658447266,121.85939025878906,116.91027069091797,121.69287872314453,807723,94.68862915039062
APD,APD,2016-02-25,122.20166778564453,123.03422546386719,120.67530059814453,123.02497863769531,684489,95.72511291503906
APD,APD,2016-02-26,123.644775390625,124.39408111572266,123.0434799194336,123.62627410888672,892798,96.19298553466797
APD,APD,2016-02-29,123.4320068359375,124.662353515625,122.48843383789062,122.54393768310547,1984608,95.350830078125
APD,APD,2016-03-01,123.75578308105469,125.09712982177734,122.0259017944336,124.32007598876953,1415570,96.73283386230469
APD,APD,2016-03-02,123.41350555419922,124.8658676147461,122.71044921875,124.16281127929688,1008033,96.6104736328125
APD,APD,2016-03-03,124.43108367919922,125.76318359375,123.96855163574219,124.77336120605469,1179263,97.08551788330078
APD,APD,2016-03-04,125.50416564941406,126.03144836425781,123.57077026367188,124.69010162353516,1332873,97.0207290649414
APD,APD,2016-03-07,124.59759521484375,125.80943298339844,123.75578308105469,124.88436889648438,970198,97.17189025878906
APD,APD,2016-03-08,123.88529205322266,124.96762084960938,122.05365753173828,124.16281127929688,15012928,96.6104736328125
APD,APD,2016-03-09,124.98612213134766,125.3469009399414,123.67252349853516,124.58834075927734,10709251,96.94158172607422
APD,APD,2016-03-10,125.31914520263672,125.89269256591797,123.05272674560547,124.51433563232422,4562036,96.88399505615234
APD,APD,2016-03-11,125.79093170166016,127.45606231689453,124.88436889648438,126.24421691894531,1387464,98.22998046875
APD,APD,2016-03-14,125.79093170166016,126.42922973632812,125.12488555908203,126.04070281982422,2841733,98.07164001464844
APD,APD,2016-03-15,124.9491195678711,125.32839965820312,123.61701965332031,124.00554656982422,1850780,96.48809051513672
APD,APD,2016-03-16,123.30249786376953,126.22571563720703,123.18223571777344,125.86493682861328,1680415,97.93486785888672
APD,APD,2016-03-17,126.82701110839844,130.8048095703125,125.99445343017578,130.3977813720703,2432250,101.46187591552734
APD,APD,2016-03-18,130.52728271484375,132.04440307617188,129.79647827148438,130.98057556152344,3136305,101.91532897949219
APD,APD,2016-03-21,130.67530822753906,131.2303466796875,129.25994873046875,130.14801025390625,2057467,101.26750946044922
APD,APD,2016-03-22,129.5097198486328,133.1082305908203,129.26919555664062,132.34967041015625,2962697,102.98060607910156
APD,APD,2016-03-23,131.78538513183594,133.14523315429688,130.92506408691406,133.14523315429688,2711905,103.59964752197266
APD,APD,2016-03-24,133.2469940185547,133.5430145263672,130.73080444335938,131.13783264160156,1255257,102.03768157958984
APD,APD,2016-03-28,131.69287109375,132.87696838378906,131.32284545898438,132.40518188476562,1863104,103.0238037109375
APD,APD,2016-03-29,131.59112548828125,135.03237915039062,130.92506408691406,134.16281127929688,2144920,104.39140319824219
APD,APD,2016-03-30,134.1350555419922,136.13320922851562,133.55226135253906,134.3663330078125,1459674,105.17344665527344
APD,APD,2016-03-31,134.2553253173828,134.7641143798828,132.58094787597656,133.25624084472656,1333954,104.30451965332031
APD,APD,2016-04-01,132.74745178222656,134.6345977783203,131.26734924316406,134.4218292236328,1440973,105.21688842773438
APD,APD,2016-04-04,132.96022033691406,133.28399658203125,131.35984802246094,132.0074005126953,1654038,103.32699584960938
APD,APD,2016-04-05,131.35984802246094,132.64569091796875,130.9158172607422,132.0074005126953,1016897,103.32699584960938
APD,APD,2016-04-06,131.7113800048828,132.9509735107422,131.03607177734375,132.9232177734375,780698,104.04386901855469
APD,APD,2016-04-07,132.37742614746094,132.46994018554688,130.95281982421875,131.22108459472656,789887,102.71154022216797
APD,APD,2016-04-08,132.6549530029297,133.15447998046875,131.43385314941406,131.84088134765625,555634,103.1966323852539
APD,APD,2016-04-11,132.71971130371094,133.5430145263672,132.40518188476562,132.61795043945312,1011384,103.8049087524414
APD,APD,2016-04-12,133.0064697265625,133.98704528808594,132.1369171142578,133.42276000976562,662329,104.43485260009766
APD,APD,2016-04-13,134.10731506347656,134.32933044433594,132.88621520996094,133.58001708984375,942848,104.5579605102539
APD,APD,2016-04-14,134.0703125,134.30157470703125,133.38575744628906,134.2090606689453,1102620,105.0503158569336
APD,APD,2016-04-15,134.2553253173828,134.32933044433594,133.44125366210938,134.16281127929688,737350,105.01412200927734
APD,APD,2016-04-18,133.82054138183594,135.54116821289062,133.3302459716797,135.4949188232422,738864,106.05682373046875
APD,APD,2016-04-19,136.39222717285156,138.02035522460938,135.6521759033203,138.02035522460938,1177101,108.03351593017578
APD,APD,2016-04-20,138.14060974121094,138.14060974121094,137.09527587890625,137.67807006835938,991493,107.765625
APD,APD,2016-04-21,137.62257385253906,138.23312377929688,136.8362579345703,137.20628356933594,719514,107.39636993408203
APD,APD,2016-04-22,137.881591796875,138.29786682128906,136.50323486328125,137.02127075195312,777023,107.25155639648438
APD,APD,2016-04-25,136.26272583007812,136.93801879882812,135.679931640625,136.87326049804688,933119,107.13568115234375
APD,APD,2016-04-26,137.09527587890625,137.5855712890625,135.9759521484375,136.4384765625,1017870,106.79536437988281
APD,APD,2016-04-27,136.53099060058594,137.6410675048828,135.07862854003906,137.19703674316406,1484862,107.3891372680664
APD,APD,2016-04-28,136.73451232910156,140.75856018066406,135.8649444580078,137.40980529785156,2242210,107.5556640625
APD,APD,2016-04-29,136.53099060058594,137.51156616210938,134.54208374023438,134.9583740234375,1780299,105.6368637084961
APD,APD,2016-05-02,133.9685516357422,136.0592041015625,133.9685516357422,134.9398651123047,1470160,105.62234497070312
APD,APD,2016-05-03,133.4042510986328,134.14431762695312,131.35060119628906,132.4144287109375,4028130,103.64557647705078
APD,APD,2016-05-04,131.7113800048828,132.50694274902344,131.38760375976562,132.1461639404297,2060170,103.43563842773438
APD,APD,2016-05-05,132.78445434570312,133.5615234375,132.02590942382812,132.5161895751953,1394382,103.72528076171875
APD,APD,2016-05-06,132.90472412109375,134.72711181640625,132.28492736816406,133.73727416992188,1651660,104.68106079101562
APD,APD,2016-05-09,133.26548767089844,134.1258087158203,131.64662170410156,131.9241485595703,938416,103.26185607910156
APD,APD,2016-05-10,132.4329376220703,133.5615234375,131.66513061523438,133.50601196289062,990088,104.50003051757812
APD,APD,2016-05-11,133.4597625732422,133.86679077148438,131.67437744140625,131.74838256835938,763402,103.124267578125
APD,APD,2016-05-12,133.39500427246094,133.6262664794922,131.96115112304688,132.5994415283203,1097756,103.7904052734375
APD,APD,2016-05-13,132.28492736816406,132.88621520996094,130.62904357910156,131.2025909423828,730432,102.69705200195312
APD,APD,2016-05-16,131.35060119628906,133.14523315429688,131.24884033203125,132.79371643066406,903500,103.94248962402344
APD,APD,2016-05-17,132.74745178222656,133.46900939941406,131.56336975097656,132.17391967773438,1761490,103.45732116699219
APD,APD,2016-05-18,131.35984802246094,132.83071899414062,130.54579162597656,131.08233642578125,729675,102.60294342041016
APD,APD,2016-05-19,131.1193389892578,131.94264221191406,129.96299743652344,131.08233642578125,717892,102.60294342041016
APD,APD,2016-05-20,131.85939025878906,132.15541076660156,130.51803588867188,130.84181213378906,681787,102.4146728515625
APD,APD,2016-05-23,131.1193389892578,131.76687622070312,130.95281982421875,131.05458068847656,899068,102.5811996459961
APD,APD,2016-05-24,131.2858428955078,132.8214569091797,130.96206665039062,132.56243896484375,652384,103.76145935058594
APD,APD,2016-05-25,133.06198120117188,133.93154907226562,132.7382049560547,132.91397094726562,725027,104.03660583496094
APD,APD,2016-05-26,133.20999145507812,133.4320068359375,132.29417419433594,132.34967041015625,475532,103.59490966796875
APD,APD,2016-05-27,132.3866729736328,132.77520751953125,132.1461639404297,132.34042358398438,474775,103.58765411376953
APD,APD,2016-05-31,132.91397094726562,132.91397094726562,131.609619140625,131.95188903808594,740377,103.2835464477539
APD,APD,2016-06-01,131.5078582763672,133.35800170898438,130.66604614257812,133.20999145507812,887609,104.26831817626953
APD,APD,2016-06-02,132.69195556640625,132.74745178222656,131.61886596679688,132.74745178222656,726540,103.9062728881836
APD,APD,2016-06-03,132.64569091796875,132.74745178222656,131.609619140625,132.5161895751953,549256,103.72528076171875
APD,APD,2016-06-06,133.08973693847656,134.94912719726562,133.08973693847656,134.65309143066406,781347,105.39787292480469
APD,APD,2016-06-07,134.5050811767578,135.00462341308594,134.153564453125,134.3663330078125,962198,105.17344665527344
APD,APD,2016-06-08,134.828857421875,136.1702117919922,134.14431762695312,135.88343811035156,865016,106.36094665527344
APD,APD,2016-06-09,134.9398651123047,135.846435546875,134.22756958007812,135.61517333984375,632926,106.15093994140625
APD,APD,2016-06-10,134.8751220703125,135.60592651367188,134.19056701660156,135.42091369628906,772699,105.99884796142578
APD,APD,2016-06-13,134.99537658691406,135.39315795898438,133.1174774169922,133.2377471923828,893555,104.29005432128906
APD,APD,2016-06-14,133.17298889160156,133.59852600097656,132.1461639404297,133.1174774169922,956036,104.19590759277344
APD,APD,2016-06-15,133.9130401611328,134.83811950683594,132.77520751953125,132.88621520996094,838532,104.01490783691406
APD,APD,2016-06-16,132.42367553710938,133.69102478027344,130.7770538330078,133.5430145263672,748052,104.52899932861328
APD,APD,2016-06-17,133.69102478027344,133.69102478027344,132.0074005126953,132.57168579101562,1181965,103.7686767578125
APD,APD,2016-06-20,133.95004272460938,135.1248779296875,133.08973693847656,133.2469940185547,1346602,104.29727935791016
APD,APD,2016-06-21,133.4505157470703,133.63552856445312,131.85939025878906,132.42367553710938,1201748,103.6528549194336
APD,APD,2016-06-22,132.84921264648438,133.0064697265625,132.1461639404297,132.74745178222656,1038409,103.9062728881836
APD,APD,2016-06-23,134.2090606689453,135.26364135742188,134.14431762695312,135.07862854003906,1337089,105.73098754882812
APD,APD,2016-06-24,130.45327758789062,132.03515625,128.83441162109375,129.6207275390625,2061791,101.45885467529297
APD,APD,2016-06-27,128.53839111328125,128.7141571044922,124.09806060791016,124.71785736083984,1610582,97.62120819091797
APD,APD,2016-06-28,125.89269256591797,126.54949188232422,124.27381896972656,126.4754867553711,1594799,98.99697875976562
APD,APD,2016-06-29,126.54023742675781,129.13043212890625,125.97594451904297,128.82516479492188,1536750,101.47444915771484
APD,APD,2016-06-30,129.12118530273438,131.443115234375,128.42738342285156,131.3968505859375,1635229,103.50013732910156
APD,APD,2016-07-01,130.9990692138672,131.99815368652344,130.03700256347656,130.3792724609375,1184127,102.6986083984375
APD,APD,2016-07-05,129.52821350097656,130.1017608642578,127.54856872558594,128.11285400390625,972143,100.91337585449219
APD,APD,2016-07-06,128.0111083984375,129.03793334960938,127.02127838134766,128.91766357421875,913877,101.54732513427734
APD,APD,2016-07-07,129.3802032470703,129.916748046875,128.54763793945312,129.20443725585938,722000,101.77320861816406
APD,APD,2016-07-08,130.4070281982422,133.87603759765625,129.87974548339844,133.5337677001953,1580530,105.18338012695312
APD,APD,2016-07-11,134.56983947753906,134.65309143066406,132.7567138671875,134.00555419921875,1119159,105.55500030517578
APD,APD,2016-07-12,134.62535095214844,136.79925537109375,134.44033813476562,136.63275146484375,2352256,107.62442016601562
APD,APD,2016-07-13,136.87326049804688,136.91026306152344,135.72618103027344,136.8362579345703,854855,107.78474426269531
APD,APD,2016-07-14,137.30804443359375,138.43663024902344,136.947265625,137.74282836914062,1152346,108.49879455566406
APD,APD,2016-07-15,138.2053680419922,138.4736328125,137.3173065185547,138.15911865234375,877772,108.82672882080078
APD,APD,2016-07-18,138.16836547851562,138.46438598632812,137.51156616210938,138.0111083984375,1031058,108.71013641357422
APD,APD,2016-07-19,137.4745635986328,138.22386169433594,137.15078735351562,138.18685913085938,878313,108.84860229492188
APD,APD,2016-07-20,138.04811096191406,138.76040649414062,137.83534240722656,138.15911865234375,662869,108.82672882080078
APD,APD,2016-07-21,138.29786682128906,138.29786682128906,136.74375915527344,137.1877899169922,499530,108.0616226196289
APD,APD,2016-07-22,137.36355590820312,137.72433471679688,136.73451232910156,137.49305725097656,390241,108.30208587646484
APD,APD,2016-07-25,137.3173065185547,137.65032958984375,136.70675659179688,137.39129638671875,671301,108.22195434570312
APD,APD,2016-07-26,137.83534240722656,139.26919555664062,137.09527587890625,138.62164306640625,1366925,109.19108581542969
APD,APD,2016-07-27,138.7141571044922,138.83441162109375,137.5023193359375,137.84458923339844,1219584,108.5789794921875
APD,APD,2016-07-28,140.13876342773438,141.24884033203125,137.35430908203125,137.82608032226562,1635769,108.56438446044922
APD,APD,2016-07-29,137.65957641601562,139.45420837402344,137.1600341796875,138.22386169433594,1621068,108.8777084350586
APD,APD,2016-08-01,136.6790008544922,138.16836547851562,136.09620666503906,137.97409057617188,1042084,108.68098449707031
APD,APD,2016-08-02,137.8538360595703,137.97409057617188,136.4847412109375,137.12303161621094,672814,108.01061248779297
APD,APD,2016-08-03,137.60406494140625,137.60406494140625,136.71600341796875,137.1045379638672,928039,107.99607849121094
APD,APD,2016-08-04,137.06753540039062,138.32562255859375,136.51248168945312,137.83534240722656,889339,108.57167053222656
APD,APD,2016-08-05,138.2886199951172,138.76040649414062,137.57632446289062,138.02960205078125,1009870,108.72469329833984
APD,APD,2016-08-08,138.48287963867188,138.48287963867188,137.23403930664062,137.6133270263672,679300,108.39681243896484
APD,APD,2016-08-09,137.6873321533203,138.0943603515625,137.36355590820312,137.92784118652344,756484,108.64456176757812
APD,APD,2016-08-10,138.0666046142578,138.0666046142578,137.41905212402344,137.8630828857422,571525,108.5935287475586
APD,APD,2016-08-11,138.38113403320312,138.64015197753906,137.51156616210938,137.881591796875,666328,108.60813903808594
APD,APD,2016-08-12,138.76040649414062,140.68455505371094,138.2053680419922,138.61239624023438,1406922,109.18379211425781
APD,APD,2016-08-15,138.91766357421875,140.36077880859375,138.7696533203125,140.16651916503906,794967,110.40795135498047
APD,APD,2016-08-16,141.22108459472656,143.30250549316406,141.08233642578125,141.32284545898438,2038442,111.31875610351562
APD,APD,2016-08-17,141.3968505859375,142.50694274902344,140.24977111816406,142.20166015625,1160237,112.01104736328125
APD,APD,2016-08-18,142.18316650390625,143.38575744628906,141.89639282226562,143.35800170898438,1077433,112.92182922363281
APD,APD,2016-08-19,142.5994415283203,144.2553253173828,142.17391967773438,144.01480102539062,1061434,113.4391860961914
APD,APD,2016-08-22,143.5152587890625,144.22756958007812,143.1082305908203,143.8297882080078,621251,113.29347229003906
APD,APD,2016-08-23,144.31082153320312,145.09713745117188,143.73727416992188,143.78353881835938,870637,113.25702667236328
APD,APD,2016-08-24,143.5615234375,144.11656188964844,143.135986328125,143.58001708984375,949875,113.09671020507812
APD,APD,2016-08-25,143.46900939941406,144.45883178710938,143.46900939941406,144.06105041503906,866097,113.47565460205078
APD,APD,2016-08-26,144.1350555419922,144.31082153320312,142.0629119873047,142.69195556640625,1184992,112.39718627929688
APD,APD,2016-08-29,142.98797607421875,145.70767211914062,142.98797607421875,144.2090606689453,936146,113.59219360351562
APD,APD,2016-08-30,144.0703125,145.45791625976562,143.6725311279297,144.91212463378906,1229529,114.14600372314453
APD,APD,2016-08-31,144.37557983398438,144.99537658691406,143.7002716064453,143.95928955078125,1119808,113.39550018310547
APD,APD,2016-09-01,144.4310760498047,144.81961059570312,143.89454650878906,144.58834838867188,1408759,113.89096069335938
APD,APD,2016-09-02,145.2358856201172,145.5689239501953,144.6160888671875,145.31915283203125,1143806,114.46664428710938
APD,APD,2016-09-06,145.5689239501953,146.01295471191406,144.65309143066406,145.60592651367188,1272229,114.69253540039062
APD,APD,2016-09-07,144.97686767578125,145.80943298339844,144.62535095214844,145.60592651367188,759511,114.69253540039062
APD,APD,2016-09-08,145.64292907714844,145.8741912841797,144.14431762695312,144.2090606689453,1287471,113.59219360351562
APD,APD,2016-09-09,143.4505157470703,143.4505157470703,140.15725708007812,140.17576599121094,2449438,110.41525268554688
APD,APD,2016-09-12,139.61146545410156,141.23959350585938,138.0666046142578,139.2969512939453,9047430,109.72299194335938
APD,APD,2016-09-13,138.6031494140625,139.3061981201172,135.31915283203125,136.64199829101562,3827713,107.6317367553711
APD,APD,2016-09-14,136.6512451171875,137.46531677246094,134.60684204101562,135.8186798095703,3098146,106.98318481445312
APD,APD,2016-09-15,135.5689239501953,136.04995727539062,135.08787536621094,135.59666442871094,3190139,106.80831909179688
APD,APD,2016-09-16,134.81961059570312,135.5781707763672,134.0240478515625,134.8751220703125,5836860,106.23991394042969
APD,APD,2016-09-19,135.679931640625,136.73451232910156,135.5226593017578,135.80018615722656,1380005,106.9686279296875
APD,APD,2016-09-20,136.70675659179688,137.1877899169922,135.9759521484375,136.04995727539062,1158292,107.16532135009766
APD,APD,2016-09-21,136.41073608398438,137.7798309326172,136.21646118164062,137.59481811523438,1152022,108.38224029541016
APD,APD,2016-09-22,138.8806610107422,139.2784423828125,136.72525024414062,137.0490264892578,1342062,107.95233917236328
APD,APD,2016-09-23,136.33673095703125,137.01202392578125,136.10545349121094,136.41073608398438,935173,107.44953918457031
APD,APD,2016-09-26,136.36447143554688,137.72433471679688,135.98519897460938,137.23403930664062,1277850,108.0980453491211
APD,APD,2016-09-27,137.28028869628906,138.25161743164062,136.9657745361328,137.6873321533203,1373194,108.4551010131836
APD,APD,2016-09-28,138.14060974121094,138.97317504882812,137.6410675048828,138.556884765625,1445189,109.14006805419922
APD,APD,2016-09-29,138.54763793945312,140.2405242919922,138.48287963867188,139.23219299316406,2203186,109.67200469970703
APD,APD,2016-09-30,140.01849365234375,140.4902801513672,138.6586456298828,139.07493591308594,2345013,109.5481185913086
APD,APD,2016-10-03,139.83999633789062,141.02000427246094,138.85000610351562,140.57000732421875,3017900,110.72574615478516
APD,APD,2016-10-04,140.67999267578125,141.07000732421875,136.99000549316406,137.32000732421875,2202700,108.16580200195312
APD,APD,2016-10-05,137.32000732421875,138.13999938964844,136.5399932861328,136.97999572753906,1701500,107.8979263305664
APD,APD,2016-10-06,135.99000549316406,137.14999389648438,135.89999389648438,137.02999877929688,1182700,108.61927795410156
APD,APD,2016-10-07,137.22999572753906,137.22999572753906,133.74000549316406,135.0800018310547,1886700,107.07355499267578
APD,APD,2016-10-10,135.94000244140625,135.94000244140625,135.07000732421875,135.39999389648438,1871800,107.32721710205078
APD,APD,2016-10-11,135.00999450683594,135.02999877929688,131.72999572753906,132.64999389648438,1932800,105.14740753173828
APD,APD,2016-10-12,132.27000427246094,133.14999389648438,131.99000549316406,132.80999755859375,1188300,105.2742691040039
APD,APD,2016-10-13,131.33999633789062,132.55999755859375,129.89999389648438,132.25999450683594,1484300,104.8382568359375
APD,APD,2016-10-14,133.27000427246094,133.27000427246094,132.0,132.64999389648438,1193700,105.14740753173828
APD,APD,2016-10-17,132.64999389648438,133.22999572753906,132.17999267578125,132.27999877929688,797400,104.85411834716797
APD,APD,2016-10-18,133.91000366210938,134.52000427246094,133.4600067138672,133.82000732421875,905200,106.07482147216797
APD,APD,2016-10-19,134.22999572753906,134.3800048828125,133.22000122070312,133.91000366210938,850700,106.14615631103516
APD,APD,2016-10-20,133.67999267578125,134.77000427246094,133.2100067138672,134.38999938964844,1184400,106.52664184570312
APD,APD,2016-10-21,133.35000610351562,134.63999938964844,132.77000427246094,134.44000244140625,999600,106.56629180908203
APD,APD,2016-10-24,135.0800018310547,136.07000732421875,134.4499969482422,134.80999755859375,884300,106.85954284667969
APD,APD,2016-10-25,135.38999938964844,135.38999938964844,133.47999572753906,133.50999450683594,1510100,105.82908630371094
APD,APD,2016-10-26,132.77999877929688,133.0500030517578,131.75,132.97999572753906,2757600,105.4089584350586
APD,APD,2016-10-27,133.5,135.0500030517578,129.0,133.39999389648438,3602800,105.74188995361328
APD,APD,2016-10-28,133.39999389648438,135.13999938964844,132.6699981689453,133.80999755859375,2100600,106.06687927246094
APD,APD,2016-10-31,134.25999450683594,134.49000549316406,133.3800048828125,133.4199981689453,1624800,105.75773620605469
APD,APD,2016-11-01,133.74000549316406,134.50999450683594,131.1199951171875,132.25999450683594,1695600,104.8382568359375
APD,APD,2016-11-02,132.3300018310547,133.8699951171875,131.8000030517578,133.5500030517578,2102300,105.86080169677734
APD,APD,2016-11-03,134.0,134.72000122070312,133.0500030517578,133.08999633789062,1375700,105.49616241455078
APD,APD,2016-11-04,132.99000549316406,134.05999755859375,132.07000732421875,133.3699951171875,1147200,105.7181396484375
APD,APD,2016-11-07,135.35000610351562,137.25999450683594,134.83999633789062,137.0800018310547,2233500,108.6589126586914
APD,APD,2016-11-08,136.8800048828125,137.8800048828125,136.3800048828125,136.92999267578125,1505500,108.54000854492188
APD,APD,2016-11-09,134.97999572753906,137.9199981689453,134.17999267578125,137.22000122070312,2378300,108.7698745727539
APD,APD,2016-11-10,138.11000061035156,141.0,137.88999938964844,139.97999572753906,2003300,110.95763397216797
APD,APD,2016-11-11,140.0800018310547,141.13999938964844,138.16000366210938,138.5399932861328,1641900,109.81620025634766
APD,APD,2016-11-14,138.5500030517578,139.19000244140625,137.8800048828125,137.97999572753906,1304300,109.3722915649414
APD,APD,2016-11-15,137.7899932861328,138.35000610351562,136.86000061035156,138.13999938964844,856100,109.49913787841797
APD,APD,2016-11-16,138.0800018310547,138.7899932861328,137.42999267578125,138.74000549316406,1052900,109.97473907470703
APD,APD,2016-11-17,138.92999267578125,139.33999633789062,137.88999938964844,138.0,1157700,109.3881607055664
APD,APD,2016-11-18,138.0,138.52999877929688,137.60000610351562,137.9600067138672,1559200,109.3564453125
APD,APD,2016-11-21,142.8000030517578,142.8000030517578,139.00999450683594,139.74000549316406,1232400,110.76738739013672
APD,APD,2016-11-22,140.24000549316406,140.8800048828125,138.77999877929688,139.7100067138672,1372500,110.74364471435547
APD,APD,2016-11-23,139.3699951171875,140.7899932861328,139.3699951171875,140.75,672400,111.56802368164062
APD,APD,2016-11-25,141.0,141.5399932861328,140.72000122070312,141.5399932861328,283600,112.19422912597656
APD,APD,2016-11-28,141.42999267578125,142.38999938964844,140.75999450683594,141.77999877929688,1447700,112.38443756103516
APD,APD,2016-11-29,140.97000122070312,144.1699981689453,140.52999877929688,143.47000122070312,2055300,113.72407531738281
APD,APD,2016-11-30,143.64999389648438,145.25999450683594,142.89999389648438,144.4600067138672,2697900,114.50882720947266
APD,APD,2016-12-01,144.4199981689453,145.3699951171875,143.7899932861328,144.07000732421875,1355400,114.19966888427734
APD,APD,2016-12-02,144.0,145.05999755859375,143.4499969482422,144.5500030517578,1301700,114.58015441894531
APD,APD,2016-12-05,146.2100067138672,147.85000610351562,145.75999450683594,147.3300018310547,1783700,116.78374481201172
APD,APD,2016-12-06,147.19000244140625,147.5,146.02000427246094,146.57000732421875,866200,116.18133544921875
APD,APD,2016-12-07,146.80999755859375,148.58999633789062,145.88999938964844,148.5399932861328,1159400,117.74285125732422
APD,APD,2016-12-08,148.61000061035156,149.14999389648438,148.08999633789062,149.05999755859375,836300,118.15508270263672
APD,APD,2016-12-09,148.83999633789062,149.6999969482422,147.97000122070312,149.5500030517578,669800,118.54348754882812
APD,APD,2016-12-12,149.86000061035156,150.38999938964844,148.97000122070312,149.63999938964844,802800,118.6148452758789
APD,APD,2016-12-13,150.02999877929688,150.4499969482422,148.27000427246094,149.1199951171875,1025400,118.20264434814453
APD,APD,2016-12-14,148.97999572753906,149.8300018310547,147.11000061035156,148.17999267578125,1526200,117.45751953125
APD,APD,2016-12-15,147.86000061035156,149.39999389648438,147.4499969482422,149.08999633789062,1069800,118.17886352539062
APD,APD,2016-12-16,149.27000427246094,149.52000427246094,147.25999450683594,147.42999267578125,2204700,116.8630142211914
APD,APD,2016-12-19,147.35000610351562,148.0,146.88999938964844,147.72000122070312,761600,117.09290313720703
APD,APD,2016-12-20,147.89999389648438,149.80999755859375,147.0500030517578,147.5,1793800,116.91852569580078
APD,APD,2016-12-21,148.32000732421875,148.50999450683594,147.00999450683594,147.35000610351562,970400,116.79960632324219
APD,APD,2016-12-22,147.11000061035156,147.9600067138672,145.69000244140625,146.08999633789062,1091300,115.80083465576172
APD,APD,2016-12-23,146.02999877929688,146.60000610351562,145.63999938964844,146.47999572753906,587400,116.1099853515625
APD,APD,2016-12-27,146.6199951171875,147.55999755859375,146.6199951171875,147.3800048828125,1029600,116.82344055175781
APD,APD,2016-12-28,147.6699981689453,147.6699981689453,145.02000427246094,145.1199951171875,630000,115.03197479248047
APD,APD,2016-12-29,144.4499969482422,145.0500030517578,144.1699981689453,144.3699951171875,479300,115.11969757080078
APD,APD,2016-12-30,144.52999877929688,144.82000732421875,143.22999572753906,143.82000732421875,725900,114.68112182617188
APD,APD,2017-01-03,143.55999755859375,144.72999572753906,142.83999633789062,143.39999389648438,1402100,114.34619140625
APD,APD,2017-01-04,144.0399932861328,144.83999633789062,143.69000244140625,144.64999389648438,2012200,115.34293365478516
APD,APD,2017-01-05,144.3800048828125,144.4199981689453,142.83999633789062,143.22000122070312,1260300,114.2026596069336
APD,APD,2017-01-06,143.24000549316406,144.8000030517578,142.9499969482422,144.36000061035156,1745900,115.11170196533203
APD,APD,2017-01-09,144.3000030517578,147.58999633789062,144.2899932861328,146.30999755859375,2370400,116.66661834716797
APD,APD,2017-01-10,146.49000549316406,146.88999938964844,145.2100067138672,145.25999450683594,1038800,115.8293228149414
APD,APD,2017-01-11,144.7899932861328,146.10000610351562,144.7899932861328,146.00999450683594,1000800,116.42737579345703
APD,APD,2017-01-12,145.9600067138672,145.9600067138672,144.1999969482422,145.83999633789062,654000,116.2918701171875
APD,APD,2017-01-13,145.6999969482422,146.0800018310547,145.0500030517578,145.35000610351562,996500,115.90108489990234
APD,APD,2017-01-17,145.07000732421875,145.83999633789062,144.6699981689453,145.33999633789062,1268700,115.89315795898438
APD,APD,2017-01-18,145.55999755859375,146.35000610351562,144.55999755859375,146.3300018310547,1147600,116.68253326416016
APD,APD,2017-01-19,146.36000061035156,146.63999938964844,145.1699981689453,145.47000122070312,1239400,115.99678039550781
APD,APD,2017-01-20,145.6999969482422,146.77999877929688,145.58999633789062,146.6199951171875,1150000,116.91378021240234
APD,APD,2017-01-23,146.38999938964844,146.8800048828125,144.77000427246094,146.07000732421875,1268400,116.47526550292969
APD,APD,2017-01-24,146.5500030517578,147.41000366210938,146.25999450683594,147.1300048828125,2016400,117.32050323486328
APD,APD,2017-01-25,147.5,148.72999572753906,147.14999389648438,148.52999877929688,1597800,118.43681335449219
APD,APD,2017-01-26,148.24000549316406,149.4600067138672,147.67999267578125,148.80999755859375,1856100,118.66010284423828
APD,APD,2017-01-27,140.0,142.47000122070312,137.0500030517578,142.00999450683594,5469500,113.23782348632812
APD,APD,2017-01-30,140.10000610351562,141.8300018310547,139.91000366210938,140.99000549316406,2724900,112.42448425292969
APD,APD,2017-01-31,140.99000549316406,141.22000122070312,139.13999938964844,139.75999450683594,2483800,111.44365692138672
APD,APD,2017-02-01,139.32000732421875,140.24000549316406,138.0,138.67999267578125,1652300,110.58248138427734
APD,APD,2017-02-02,138.67999267578125,139.85000610351562,137.4600067138672,139.27999877929688,1438500,111.06094360351562
APD,APD,2017-02-03,139.77000427246094,140.2899932861328,139.14999389648438,140.16000366210938,1300200,111.76262664794922
APD,APD,2017-02-06,140.0,140.27000427246094,138.63999938964844,139.0500030517578,808600,110.8775405883789
APD,APD,2017-02-07,139.08999633789062,139.49000549316406,137.8800048828125,138.8000030517578,1466900,110.67821502685547
APD,APD,2017-02-08,138.17999267578125,138.80999755859375,137.72000122070312,138.58999633789062,1649000,110.51074981689453
APD,APD,2017-02-09,138.58999633789062,139.4600067138672,138.22000122070312,138.5399932861328,1298000,110.47087097167969
APD,APD,2017-02-10,138.89999389648438,140.44000244140625,138.5399932861328,140.1300048828125,2272600,111.73872375488281
APD,APD,2017-02-13,140.75,141.25,139.85000610351562,140.5,1670500,112.03378295898438
APD,APD,2017-02-14,140.39999389648438,142.25999450683594,139.75,142.1300048828125,2001500,113.33355712890625
APD,APD,2017-02-15,141.6699981689453,142.99000549316406,141.19000244140625,142.3800048828125,1429000,113.53289031982422
APD,APD,2017-02-16,142.57000732421875,143.1199951171875,141.05999755859375,141.8699951171875,860900,113.12621307373047
APD,APD,2017-02-17,141.97000122070312,142.13999938964844,141.10000610351562,141.5,717400,112.83113098144531
APD,APD,2017-02-21,140.97999572753906,141.8000030517578,140.8300018310547,141.47000122070312,1148200,112.80725860595703
APD,APD,2017-02-22,140.77000427246094,141.3699951171875,140.27999877929688,140.33999633789062,992600,111.90620422363281
APD,APD,2017-02-23,140.97000122070312,141.2100067138672,139.32000732421875,140.36000061035156,1434200,111.9221420288086
APD,APD,2017-02-24,140.07000732421875,141.00999450683594,139.61000061035156,140.86000061035156,890300,112.32081604003906
APD,APD,2017-02-27,140.92999267578125,141.22999572753906,139.1199951171875,139.3800048828125,1079200,111.14065551757812
APD,APD,2017-02-28,138.92999267578125,140.6999969482422,138.8000030517578,140.47000122070312,1677800,112.00984191894531
APD,APD,2017-03-01,142.1300048828125,144.05999755859375,141.97999572753906,143.69000244140625,1707000,114.57748413085938
APD,APD,2017-03-02,143.41000366210938,143.41000366210938,140.41000366210938,140.57000732421875,1267500,112.08956909179688
APD,APD,2017-03-03,140.33999633789062,140.8699951171875,139.1300048828125,139.52000427246094,923200,111.2523193359375
APD,APD,2017-03-06,139.02000427246094,140.11000061035156,138.66000366210938,139.30999755859375,973500,111.08485412597656
APD,APD,2017-03-07,139.22000122070312,139.83999633789062,138.85000610351562,139.63999938964844,870700,111.34797668457031
APD,APD,2017-03-08,139.72999572753906,140.4199981689453,139.14999389648438,139.55999755859375,1183400,111.28421020507812
APD,APD,2017-03-09,139.60000610351562,140.50999450683594,138.02999877929688,138.5800018310547,1570800,110.50276947021484
APD,APD,2017-03-10,139.41000366210938,139.60000610351562,138.25,138.77000427246094,1475500,110.65426635742188
APD,APD,2017-03-13,138.89999389648438,139.2899932861328,136.92999267578125,137.82000732421875,1443000,109.8967514038086
APD,APD,2017-03-14,137.5399932861328,137.5800018310547,135.8800048828125,136.17999267578125,1747500,108.58900451660156
APD,APD,2017-03-15,136.88999938964844,138.42999267578125,136.1699981689453,137.99000549316406,2460600,110.03231811523438
APD,APD,2017-03-16,138.25,138.25,137.02999877929688,137.97000122070312,1462700,110.0163345336914
APD,APD,2017-03-17,138.55999755859375,139.61000061035156,138.49000549316406,139.52999877929688,2174000,111.26029205322266
APD,APD,2017-03-20,139.49000549316406,139.6999969482422,138.32000732421875,138.69000244140625,1248700,110.59049224853516
APD,APD,2017-03-21,138.69000244140625,138.9499969482422,136.0,136.4499969482422,1548100,108.8043212890625
APD,APD,2017-03-22,136.3699951171875,137.0,135.00999450683594,136.41000366210938,841400,108.77242279052734
APD,APD,2017-03-23,136.16000366210938,138.00999450683594,135.3000030517578,137.0500030517578,1188700,109.28275299072266
APD,APD,2017-03-24,136.8300018310547,137.42999267578125,134.6699981689453,134.94000244140625,1313400,107.60025787353516
APD,APD,2017-03-27,133.8699951171875,136.2100067138672,133.6300048828125,135.9199981689453,2522700,108.3817138671875
APD,APD,2017-03-28,135.83999633789062,137.5800018310547,135.83999633789062,137.25,1014000,109.44223022460938
APD,APD,2017-03-29,136.75999450683594,137.3000030517578,136.22999572753906,136.77999877929688,740000,109.06746673583984
APD,APD,2017-03-30,135.8000030517578,136.85000610351562,135.60000610351562,135.60000610351562,2069300,108.88276672363281
APD,APD,2017-03-31,135.1300048828125,136.3300018310547,135.1199951171875,135.2899932861328,1844700,108.63383483886719
APD,APD,2017-04-03,135.6999969482422,136.44000244140625,134.08999633789062,134.9499969482422,1624200,108.36084747314453
APD,APD,2017-04-04,135.0800018310547,135.38999938964844,134.67999267578125,135.35000610351562,1109800,108.68203735351562
APD,APD,2017-04-05,135.83999633789062,137.10000610351562,135.02000427246094,135.24000549316406,930800,108.59370422363281
APD,APD,2017-04-06,135.47999572753906,135.8300018310547,135.0,135.19000244140625,860400,108.55354309082031
APD,APD,2017-04-07,134.77999877929688,135.5500030517578,134.3300018310547,135.00999450683594,2908200,108.40901947021484
APD,APD,2017-04-10,135.22000122070312,136.11000061035156,135.07000732421875,135.75999450683594,859000,109.01124572753906
APD,APD,2017-04-11,135.7899932861328,136.47000122070312,135.39999389648438,136.4199981689453,1004000,109.54121398925781
APD,APD,2017-04-12,136.4600067138672,136.47999572753906,135.35000610351562,135.50999450683594,899300,108.81053161621094
APD,APD,2017-04-13,135.3300018310547,135.5800018310547,134.1699981689453,134.3000030517578,626900,107.8388900756836
APD,APD,2017-04-17,134.77999877929688,135.89999389648438,134.4199981689453,135.86000061035156,1092400,109.091552734375
APD,APD,2017-04-18,135.0399932861328,136.02000427246094,134.72000122070312,135.27000427246094,701000,108.6178207397461
APD,APD,2017-04-19,135.72999572753906,136.0399932861328,134.77999877929688,134.9600067138672,577400,108.36888885498047
APD,APD,2017-04-20,135.6199951171875,137.33999633789062,135.1999969482422,136.89999389648438,985300,109.92662048339844
APD,APD,2017-04-21,136.8699951171875,137.66000366210938,136.82000732421875,137.3000030517578,1121300,110.24783325195312
APD,APD,2017-04-24,137.91000366210938,139.89999389648438,137.91000366210938,139.75999450683594,1006800,112.22312927246094
APD,APD,2017-04-25,140.22000122070312,141.86000061035156,140.13999938964844,141.72999572753906,1189400,113.80499267578125
APD,APD,2017-04-26,141.3300018310547,142.4499969482422,140.75,141.5800018310547,1511300,113.68453979492188
APD,APD,2017-04-27,141.27999877929688,141.85000610351562,137.72000122070312,141.10000610351562,1855100,113.29910278320312
APD,APD,2017-04-28,141.0,141.19000244140625,139.35000610351562,140.5,1910900,112.81732177734375
APD,APD,2017-05-01,141.5500030517578,142.13999938964844,140.00999450683594,142.02999877929688,1671200,114.04586791992188
APD,APD,2017-05-02,142.5,143.5800018310547,142.00999450683594,143.52000427246094,2492300,115.2423095703125
APD,APD,2017-05-03,143.49000549316406,144.32000732421875,143.25999450683594,143.82000732421875,1906500,115.48323059082031
APD,APD,2017-05-04,143.91000366210938,145.5800018310547,143.89999389648438,144.75999450683594,2303200,116.23796844482422
APD,APD,2017-05-05,145.0,147.66000366210938,145.0,147.22000122070312,2316900,118.21329498291016
APD,APD,2017-05-08,146.82000732421875,147.38999938964844,145.92999267578125,146.19000244140625,1589900,117.38626861572266
APD,APD,2017-05-09,146.1999969482422,146.44000244140625,144.97999572753906,145.3000030517578,943200,116.67161560058594
APD,APD,2017-05-10,145.4499969482422,145.60000610351562,144.63999938964844,145.25,928300,116.63143157958984
APD,APD,2017-05-11,144.99000549316406,145.0500030517578,143.2899932861328,143.86000061035156,1065800,115.5152816772461
APD,APD,2017-05-12,143.86000061035156,145.11000061035156,143.72000122070312,144.07000732421875,1288100,115.68392944335938
APD,APD,2017-05-15,144.50999450683594,145.22000122070312,144.1199951171875,145.0800018310547,710600,116.49490356445312
APD,APD,2017-05-16,142.72999572753906,145.24000549316406,142.63999938964844,144.35000610351562,2118700,115.90878295898438
APD,APD,2017-05-17,144.35000610351562,144.35000610351562,142.5399932861328,142.57000732421875,1349800,114.4794692993164
APD,APD,2017-05-18,142.64999389648438,143.52999877929688,141.33999633789062,142.7100067138672,1271300,114.5919189453125
APD,APD,2017-05-19,142.99000549316406,143.9600067138672,142.55999755859375,143.10000610351562,1339500,114.90505981445312
APD,APD,2017-05-22,143.85000610351562,143.88999938964844,142.86000061035156,143.30999755859375,820900,115.07365417480469
APD,APD,2017-05-23,143.5800018310547,143.5800018310547,142.58999633789062,142.8300018310547,639100,114.6882553100586
APD,APD,2017-05-24,143.27999877929688,144.9199981689453,142.8800048828125,144.13999938964844,1081000,115.7401351928711
APD,APD,2017-05-25,144.14999389648438,144.50999450683594,143.32000732421875,144.1199951171875,781300,115.72407531738281
APD,APD,2017-05-26,143.83999633789062,144.27000427246094,143.5500030517578,143.91000366210938,694200,115.55547332763672
APD,APD,2017-05-30,143.64999389648438,144.3000030517578,143.33999633789062,143.97000122070312,885200,115.60360717773438
APD,APD,2017-05-31,143.8300018310547,144.30999755859375,142.97999572753906,144.05999755859375,1494000,115.67587280273438
APD,APD,2017-06-01,144.4600067138672,145.92999267578125,144.0,145.0800018310547,1085100,116.49490356445312
APD,APD,2017-06-02,145.47000122070312,147.5,144.77999877929688,146.7899932861328,1192100,117.86802673339844
APD,APD,2017-06-05,146.61000061035156,146.8300018310547,144.8699951171875,144.9600067138672,1291900,116.39856719970703
APD,APD,2017-06-06,144.47999572753906,144.8300018310547,143.85000610351562,144.1199951171875,770800,115.72407531738281
APD,APD,2017-06-07,144.5800018310547,144.67999267578125,143.17999267578125,143.36000061035156,883000,115.11382293701172
APD,APD,2017-06-08,143.36000061035156,144.16000366210938,142.52999877929688,143.5,1065800,115.22623443603516
APD,APD,2017-06-09,143.6699981689453,146.08999633789062,143.6699981689453,145.85000610351562,1152400,117.11321258544922
APD,APD,2017-06-12,145.5,146.17999267578125,144.22999572753906,144.42999267578125,1199700,115.9729995727539
APD,APD,2017-06-13,144.4199981689453,146.32000732421875,144.0399932861328,146.27000427246094,831400,117.45046997070312
APD,APD,2017-06-14,146.27000427246094,146.35000610351562,144.80999755859375,145.55999755859375,774100,116.88035583496094
APD,APD,2017-06-15,144.7899932861328,146.5399932861328,144.7100067138672,145.2100067138672,2037700,116.59930419921875
APD,APD,2017-06-16,145.66000366210938,146.0,144.64999389648438,145.50999450683594,1735700,116.8401870727539
APD,APD,2017-06-19,146.3699951171875,147.3800048828125,145.82000732421875,146.14999389648438,1268600,117.3541030883789
APD,APD,2017-06-20,145.24000549316406,145.8000030517578,144.6199951171875,144.74000549316406,801400,116.221923828125
APD,APD,2017-06-21,144.91000366210938,145.64999389648438,143.30999755859375,143.47999572753906,749900,115.21018981933594
APD,APD,2017-06-22,143.32000732421875,144.52999877929688,143.1999969482422,144.25,1007800,115.82848358154297
APD,APD,2017-06-23,144.60000610351562,145.02999877929688,143.80999755859375,144.94000244140625,4010200,116.38251495361328
APD,APD,2017-06-26,145.02999877929688,145.5399932861328,144.5800018310547,144.91000366210938,1150900,116.35841369628906
APD,APD,2017-06-27,145.0500030517578,145.50999450683594,143.8300018310547,143.8300018310547,796500,115.4912109375
APD,APD,2017-06-28,145.1699981689453,145.25,144.39999389648438,144.83999633789062,869700,116.30218505859375
APD,APD,2017-06-29,144.19000244140625,144.4600067138672,140.77999877929688,141.77000427246094,891700,114.58866119384766
APD,APD,2017-06-30,141.97000122070312,143.86000061035156,141.88999938964844,143.05999755859375,938100,115.63135528564453
APD,APD,2017-07-03,143.72999572753906,144.74000549316406,143.5,144.2899932861328,411600,116.62554168701172
APD,APD,2017-07-05,144.14999389648438,144.49000549316406,142.4499969482422,142.61000061035156,718700,115.26763153076172
APD,APD,2017-07-06,142.30999755859375,143.44000244140625,141.99000549316406,142.1300048828125,533600,114.879638671875
APD,APD,2017-07-07,142.42999267578125,144.1300048828125,142.07000732421875,144.00999450683594,708700,116.3991928100586
APD,APD,2017-07-10,143.5399932861328,144.52000427246094,143.0800018310547,143.5,591100,115.98698425292969
APD,APD,2017-07-11,143.6199951171875,143.72000122070312,142.19000244140625,142.77000427246094,645400,115.3969497680664
APD,APD,2017-07-12,143.25,144.24000549316406,143.17999267578125,143.72999572753906,948700,116.17292022705078
APD,APD,2017-07-13,143.89999389648438,144.67999267578125,143.2899932861328,144.3699951171875,1004800,116.69022369384766
APD,APD,2017-07-14,144.66000366210938,145.77999877929688,144.35000610351562,145.57000732421875,1013600,117.66011047363281
APD,APD,2017-07-17,145.42999267578125,146.0800018310547,145.24000549316406,145.5500030517578,1195100,117.64397430419922
APD,APD,2017-07-18,144.58999633789062,145.5,144.58999633789062,145.24000549316406,757300,117.39338684082031
APD,APD,2017-07-19,145.17999267578125,146.2100067138672,144.82000732421875,146.2100067138672,1478500,118.17741394042969
APD,APD,2017-07-20,146.02000427246094,146.33999633789062,145.1300048828125,146.00999450683594,1299900,118.0157699584961
APD,APD,2017-07-21,145.88999938964844,145.88999938964844,144.64999389648438,145.63999938964844,1226600,117.71668243408203
APD,APD,2017-07-24,145.3300018310547,145.3300018310547,144.32000732421875,144.94000244140625,1308200,117.15091705322266
APD,APD,2017-07-25,145.99000549316406,146.5500030517578,144.72999572753906,145.0399932861328,1284700,117.2317123413086
APD,APD,2017-07-26,144.9600067138672,145.16000366210938,143.82000732421875,143.89999389648438,1108100,116.31026458740234
APD,APD,2017-07-27,144.0800018310547,144.3000030517578,142.7100067138672,143.64999389648438,1243200,116.10820770263672
APD,APD,2017-07-28,143.97999572753906,144.19000244140625,142.6199951171875,143.49000549316406,928900,115.97894287109375
APD,APD,2017-07-31,144.17999267578125,144.22999572753906,141.8800048828125,142.14999389648438,1826700,114.89582061767578
APD,APD,2017-08-01,148.0,149.63999938964844,146.14999389648438,148.9199981689453,4473400,120.3678207397461
APD,APD,2017-08-02,148.33999633789062,148.89999389648438,146.97999572753906,148.11000061035156,3983700,119.71308898925781
APD,APD,2017-08-03,148.47000122070312,148.60000610351562,146.6999969482422,146.9199981689453,1860000,118.75130462646484
APD,APD,2017-08-04,147.41000366210938,148.0399932861328,147.02000427246094,147.22000122070312,804500,118.99376678466797
APD,APD,2017-08-07,147.94000244140625,147.94000244140625,146.92999267578125,147.3000030517578,866600,119.0584487915039
APD,APD,2017-08-08,147.2100067138672,147.2899932861328,145.6300048828125,145.85000610351562,866100,117.88642120361328
APD,APD,2017-08-09,145.83999633789062,146.36000061035156,145.57000732421875,146.25,1162800,118.20975494384766
APD,APD,2017-08-10,145.52000427246094,146.0,144.88999938964844,145.02000427246094,1054200,117.21556854248047
APD,APD,2017-08-11,143.80999755859375,145.7899932861328,143.80999755859375,144.60000610351562,1068600,116.87606811523438
APD,APD,2017-08-14,145.47999572753906,147.42999267578125,145.3699951171875,146.63999938964844,1337800,118.52497863769531
APD,APD,2017-08-15,146.5,146.91000366210938,145.8000030517578,146.80999755859375,1319200,118.6623764038086
APD,APD,2017-08-16,147.0,148.16000366210938,146.91000366210938,148.0800018310547,1232300,119.6888427734375
APD,APD,2017-08-17,147.8800048828125,148.10000610351562,145.52999877929688,145.5399932861328,1207600,117.6358871459961
APD,APD,2017-08-18,145.42999267578125,146.35000610351562,144.8000030517578,145.75999450683594,1402400,117.81368255615234
APD,APD,2017-08-21,145.74000549316406,145.75,144.9199981689453,145.14999389648438,1584700,117.32061767578125
APD,APD,2017-08-22,145.83999633789062,146.8000030517578,145.39999389648438,145.9499969482422,1232400,117.96725463867188
APD,APD,2017-08-23,145.36000061035156,145.75999450683594,144.9499969482422,145.16000366210938,2214400,117.32872772216797
APD,APD,2017-08-24,145.47000122070312,145.80999755859375,144.91000366210938,145.22999572753906,953800,117.38529968261719
APD,APD,2017-08-25,145.0500030517578,146.47000122070312,145.0500030517578,146.00999450683594,953200,118.0157699584961
APD,APD,2017-08-28,146.67999267578125,146.6999969482422,145.35000610351562,145.77999877929688,540600,117.82982635498047
APD,APD,2017-08-29,144.7899932861328,145.47999572753906,144.63999938964844,145.3699951171875,458600,117.49845123291016
APD,APD,2017-08-30,145.35000610351562,145.83999633789062,145.1199951171875,145.50999450683594,879200,117.61160278320312
APD,APD,2017-08-31,146.0,146.0,145.24000549316406,145.3699951171875,1192700,117.49845123291016
APD,APD,2017-09-01,145.66000366210938,146.11000061035156,145.0399932861328,145.64999389648438,992800,117.72476196289062
APD,APD,2017-09-05,145.14999389648438,145.80999755859375,143.8699951171875,144.47000122070312,1748700,116.77098083496094
APD,APD,2017-09-06,144.3699951171875,144.89999389648438,143.86000061035156,144.5,2832400,116.79527282714844
APD,APD,2017-09-07,144.5,144.5800018310547,143.7899932861328,144.3699951171875,2214300,116.69022369384766
APD,APD,2017-09-08,144.3300018310547,145.3699951171875,144.02999877929688,144.97000122070312,1715400,117.17513275146484
APD,APD,2017-09-11,146.00999450683594,149.3800048828125,145.3699951171875,149.17999267578125,3024700,120.57795715332031
APD,APD,2017-09-12,149.85000610351562,151.4199981689453,149.0800018310547,149.27999877929688,2061200,120.65879821777344
APD,APD,2017-09-13,149.00999450683594,149.55999755859375,148.52000427246094,149.1999969482422,1540700,120.59407806396484
APD,APD,2017-09-14,149.61000061035156,150.4499969482422,148.77000427246094,150.07000732421875,1558800,121.2973403930664
APD,APD,2017-09-15,150.02000427246094,150.36000061035156,149.47999572753906,150.1300048828125,1750600,121.3458480834961
APD,APD,2017-09-18,150.14999389648438,150.9499969482422,149.67999267578125,150.9499969482422,2531000,122.0086669921875
APD,APD,2017-09-19,150.91000366210938,151.3000030517578,150.0800018310547,150.5,2621900,121.64488983154297
APD,APD,2017-09-20,150.8300018310547,151.13999938964844,150.05999755859375,150.97999572753906,2491400,122.03287506103516
APD,APD,2017-09-21,150.74000549316406,151.47000122070312,150.25,151.0500030517578,1587000,122.08942413330078
APD,APD,2017-09-22,151.0,151.22000122070312,150.16000366210938,150.25999450683594,2424600,121.45088195800781
APD,APD,2017-09-25,150.3000030517578,151.5800018310547,149.94000244140625,151.52999877929688,1273500,122.47742462158203
APD,APD,2017-09-26,151.77000427246094,151.97999572753906,150.89999389648438,150.97999572753906,698100,122.03287506103516
APD,APD,2017-09-27,151.3000030517578,151.5800018310547,150.10000610351562,151.32000732421875,942100,122.30767059326172
APD,APD,2017-09-28,151.4499969482422,152.25999450683594,151.17999267578125,151.33999633789062,1089200,122.32384490966797
APD,APD,2017-09-29,151.5,151.60000610351562,150.4600067138672,151.22000122070312,971200,122.22684478759766
APD,APD,2017-10-02,151.0399932861328,152.75999450683594,150.5500030517578,152.1999969482422,1081000,123.01893615722656
APD,APD,2017-10-03,152.5399932861328,153.49000549316406,151.72000122070312,153.19000244140625,791200,123.819091796875
APD,APD,2017-10-04,153.0500030517578,153.57000732421875,152.72999572753906,152.89999389648438,774800,123.58474731445312
APD,APD,2017-10-05,153.22999572753906,153.33999633789062,152.42999267578125,153.30999755859375,807000,123.91613006591797
APD,APD,2017-10-06,152.36000061035156,153.3300018310547,152.02000427246094,153.3000030517578,1315000,124.6806411743164
APD,APD,2017-10-09,153.36000061035156,153.36000061035156,152.55999755859375,152.74000549316406,690800,124.22520446777344
APD,APD,2017-10-10,152.80999755859375,153.27999877929688,152.1699981689453,153.19000244140625,1068100,124.5911865234375
APD,APD,2017-10-11,153.1699981689453,153.1699981689453,151.92999267578125,152.92999267578125,696400,124.37973022460938
APD,APD,2017-10-12,152.57000732421875,153.39999389648438,152.49000549316406,153.33999633789062,588000,124.71324157714844
APD,APD,2017-10-13,153.5,154.41000366210938,153.41000366210938,153.4600067138672,1388000,124.81076049804688
APD,APD,2017-10-16,153.88999938964844,154.25999450683594,152.25,153.22000122070312,926600,124.61556243896484
APD,APD,2017-10-17,153.67999267578125,153.9499969482422,152.8000030517578,153.47000122070312,585700,124.81893920898438
APD,APD,2017-10-18,153.58999633789062,153.82000732421875,152.0500030517578,153.1999969482422,1114600,124.59932708740234
APD,APD,2017-10-19,152.82000732421875,153.22999572753906,152.02000427246094,152.86000061035156,929200,124.32279968261719
APD,APD,2017-10-20,153.64999389648438,154.74000549316406,153.60000610351562,154.22000122070312,812200,125.42889404296875
APD,APD,2017-10-23,154.14999389648438,154.41000366210938,153.25,153.60000610351562,883600,124.92465209960938
APD,APD,2017-10-24,153.47000122070312,154.27000427246094,153.47000122070312,153.85000610351562,802000,125.12796783447266
APD,APD,2017-10-25,153.8800048828125,154.82000732421875,153.17999267578125,154.58999633789062,1694800,125.7298355102539
APD,APD,2017-10-26,159.85000610351562,161.9600067138672,158.6199951171875,161.38999938964844,2326500,131.26036071777344
APD,APD,2017-10-27,161.3000030517578,162.86000061035156,160.72000122070312,160.8800048828125,1047600,130.84552001953125
APD,APD,2017-10-30,160.9600067138672,161.1199951171875,159.44000244140625,159.9499969482422,852100,130.0891876220703
APD,APD,2017-10-31,160.77999877929688,160.77999877929688,159.19000244140625,159.42999267578125,866100,129.66627502441406
APD,APD,2017-11-01,159.69000244140625,160.63999938964844,158.52999877929688,159.9199981689453,899400,130.0647430419922
APD,APD,2017-11-02,160.19000244140625,160.77999877929688,158.1699981689453,159.41000366210938,881700,129.6499786376953
APD,APD,2017-11-03,159.67999267578125,159.67999267578125,158.3800048828125,159.25,460700,129.5198516845703
APD,APD,2017-11-06,159.47999572753906,159.9600067138672,158.57000732421875,158.8000030517578,434700,129.15386962890625
APD,APD,2017-11-07,159.3800048828125,159.97999572753906,158.97000122070312,159.77000427246094,638600,129.94273376464844
APD,APD,2017-11-08,159.77999877929688,161.10000610351562,159.7100067138672,160.94000244140625,672600,130.89434814453125
APD,APD,2017-11-09,160.02000427246094,162.30999755859375,159.6699981689453,160.5500030517578,1257100,130.57716369628906
APD,APD,2017-11-10,160.1999969482422,160.94000244140625,159.80999755859375,160.3000030517578,585300,130.37387084960938
APD,APD,2017-11-13,162.52999877929688,163.55999755859375,161.36000061035156,162.75999450683594,1935100,132.37454223632812
APD,APD,2017-11-14,161.77000427246094,162.27000427246094,161.00999450683594,162.14999389648438,1232100,131.8784637451172
APD,APD,2017-11-15,161.25999450683594,161.6300048828125,160.24000549316406,160.86000061035156,770300,130.8292999267578
APD,APD,2017-11-16,161.10000610351562,161.97999572753906,160.8699951171875,161.17999267578125,1206100,131.08953857421875
APD,APD,2017-11-17,160.8300018310547,162.3699951171875,160.35000610351562,161.5800018310547,923300,131.4148406982422
APD,APD,2017-11-20,161.5500030517578,162.49000549316406,161.25999450683594,161.57000732421875,695900,131.40673828125
APD,APD,2017-11-21,162.10000610351562,162.67999267578125,161.75999450683594,162.2899932861328,474000,131.99232482910156
APD,APD,2017-11-22,162.58999633789062,162.58999633789062,161.5500030517578,161.6199951171875,455300,131.44735717773438
APD,APD,2017-11-24,161.88999938964844,162.60000610351562,161.14999389648438,161.55999755859375,295600,131.39857482910156
APD,APD,2017-11-27,161.77999877929688,161.92999267578125,160.80999755859375,160.94000244140625,819500,130.89434814453125
APD,APD,2017-11-28,160.88999938964844,163.27000427246094,160.8300018310547,163.24000549316406,826100,132.76499938964844
APD,APD,2017-11-29,163.0800018310547,163.32000732421875,162.0,162.6199951171875,618200,132.2606964111328
APD,APD,2017-11-30,163.3300018310547,164.64999389648438,162.5800018310547,163.0399932861328,1275500,132.60231018066406
APD,APD,2017-12-01,163.2899932861328,163.57000732421875,160.83999633789062,161.63999938964844,749000,131.46368408203125
APD,APD,2017-12-04,162.19000244140625,164.36000061035156,161.9499969482422,162.39999389648438,864700,132.081787109375
APD,APD,2017-12-05,162.50999450683594,162.8800048828125,160.99000549316406,161.97999572753906,581600,131.74021911621094
APD,APD,2017-12-06,161.0800018310547,161.8000030517578,160.10000610351562,160.4199981689453,815400,130.47146606445312
APD,APD,2017-12-07,160.00999450683594,161.14999389648438,159.89999389648438,160.97999572753906,1090100,130.9269256591797
APD,APD,2017-12-08,161.3000030517578,161.47999572753906,160.1999969482422,160.9199981689453,1010200,130.87806701660156
APD,APD,2017-12-11,163.3699951171875,163.6199951171875,162.52000427246094,163.1199951171875,1233000,132.66738891601562
APD,APD,2017-12-12,163.36000061035156,163.36000061035156,162.42999267578125,162.88999938964844,710900,132.48028564453125
APD,APD,2017-12-13,163.10000610351562,163.39999389648438,161.92999267578125,162.49000549316406,860000,132.15496826171875
APD,APD,2017-12-14,162.1699981689453,162.47000122070312,160.50999450683594,160.52999877929688,702200,130.56089782714844
APD,APD,2017-12-15,161.50999450683594,161.6300048828125,160.00999450683594,160.4199981689453,1799800,130.47146606445312
APD,APD,2017-12-18,160.55999755859375,162.4199981689453,160.49000549316406,162.13999938964844,1057200,131.87030029296875
APD,APD,2017-12-19,162.1699981689453,163.1699981689453,161.77999877929688,162.52000427246094,957100,132.1793975830078
APD,APD,2017-12-20,163.3699951171875,163.7100067138672,162.5800018310547,162.8300018310547,583400,132.43148803710938
APD,APD,2017-12-21,163.22999572753906,163.49000549316406,162.35000610351562,163.16000366210938,581200,132.69989013671875
APD,APD,2017-12-22,163.47999572753906,163.60000610351562,163.02999877929688,163.4199981689453,833800,132.911376953125
APD,APD,2017-12-26,163.47000122070312,163.47000122070312,162.4199981689453,163.0,626400,132.56979370117188
APD,APD,2017-12-27,163.4499969482422,163.88999938964844,162.91000366210938,163.6699981689453,936400,133.11471557617188
APD,APD,2017-12-28,164.19000244140625,164.77999877929688,163.5,164.6199951171875,711300,133.8873291015625
APD,APD,2017-12-29,164.0399932861328,164.6699981689453,163.82000732421875,164.0800018310547,835000,134.2227325439453
APD,APD,2018-01-02,164.8800048828125,165.5399932861328,163.8000030517578,165.50999450683594,1051900,135.39248657226562
APD,APD,2018-01-03,165.55999755859375,166.6199951171875,165.0,166.41000366210938,798200,136.12872314453125
APD,APD,2018-01-04,167.30999755859375,167.85000610351562,166.67999267578125,167.0500030517578,932400,136.65228271484375
APD,APD,2018-01-05,167.9600067138672,168.97000122070312,167.08999633789062,168.4499969482422,742200,137.7975311279297
APD,APD,2018-01-08,168.25999450683594,168.80999755859375,167.1199951171875,168.6300048828125,802100,137.9447784423828
APD,APD,2018-01-09,169.07000732421875,170.49000549316406,168.3800048828125,169.05999755859375,834500,138.2965545654297
APD,APD,2018-01-10,169.0800018310547,169.19000244140625,167.77000427246094,168.35000610351562,902700,137.71568298339844
APD,APD,2018-01-11,169.0399932861328,170.52999877929688,168.75999450683594,169.97000122070312,695200,139.04098510742188
APD,APD,2018-01-12,170.0,170.30999755859375,168.9199981689453,170.14999389648438,648700,139.1881866455078
APD,APD,2018-01-16,171.42999267578125,171.49000549316406,165.75999450683594,166.75,1115500,136.40687561035156
APD,APD,2018-01-17,168.25,169.16000366210938,167.1999969482422,168.55999755859375,806400,137.88754272460938
APD,APD,2018-01-18,167.8000030517578,168.99000549316406,166.25,166.89999389648438,1032500,136.5295867919922
APD,APD,2018-01-19,167.0,167.97999572753906,166.75999450683594,167.8000030517578,1057400,137.26580810546875
APD,APD,2018-01-22,167.63999938964844,168.67999267578125,166.5500030517578,168.60000610351562,976800,137.9202423095703
APD,APD,2018-01-23,167.99000549316406,169.7100067138672,167.64999389648438,169.60000610351562,1058600,138.73825073242188
APD,APD,2018-01-24,169.75,171.11000061035156,169.74000549316406,170.80999755859375,877700,139.7280731201172
APD,APD,2018-01-25,171.69000244140625,175.1699981689453,171.69000244140625,174.0,2585900,142.33755493164062
APD,APD,2018-01-26,164.22999572753906,171.27999877929688,162.69000244140625,169.85000610351562,2700900,138.9428253173828
APD,APD,2018-01-29,166.9499969482422,170.30999755859375,165.9600067138672,166.6699981689453,2032500,136.34140014648438
APD,APD,2018-01-30,166.6999969482422,168.92999267578125,165.88999938964844,168.3000030517578,1790600,137.67486572265625
APD,APD,2018-01-31,168.97999572753906,169.33999633789062,167.1699981689453,168.3699951171875,1867800,137.73211669921875
APD,APD,2018-02-01,167.2100067138672,168.3000030517578,165.35000610351562,166.7899932861328,1477000,136.43959045410156
APD,APD,2018-02-02,166.39999389648438,166.39999389648438,162.5800018310547,162.83999633789062,1356900,133.20835876464844
APD,APD,2018-02-05,162.41000366210938,163.5399932861328,155.5500030517578,156.3300018310547,1707500,127.88301086425781
APD,APD,2018-02-06,154.35000610351562,160.7899932861328,153.50999450683594,160.22000122070312,2396600,131.06512451171875
APD,APD,2018-02-07,159.58999633789062,161.8300018310547,158.11000061035156,158.2100067138672,1650000,129.42086791992188
APD,APD,2018-02-08,158.11000061035156,158.64999389648438,152.7100067138672,152.8000030517578,1218700,124.99530792236328
APD,APD,2018-02-09,155.16000366210938,159.00999450683594,152.8800048828125,158.08999633789062,1787000,129.32269287109375
APD,APD,2018-02-12,159.0399932861328,160.6999969482422,158.35000610351562,159.67999267578125,1266300,130.62342834472656
APD,APD,2018-02-13,159.27000427246094,160.05999755859375,157.63999938964844,159.44000244140625,1189300,130.42706298828125
APD,APD,2018-02-14,157.8699951171875,161.6699981689453,157.49000549316406,161.27000427246094,1115500,131.92408752441406
APD,APD,2018-02-15,162.00999450683594,164.0399932861328,160.0,163.60000610351562,1092700,133.83004760742188
APD,APD,2018-02-16,163.1699981689453,164.4199981689453,161.9199981689453,163.6300048828125,1194900,133.8546142578125
APD,APD,2018-02-20,162.82000732421875,164.00999450683594,162.30999755859375,162.91000366210938,1248700,133.26564025878906
APD,APD,2018-02-21,163.05999755859375,164.8800048828125,160.7100067138672,160.75999450683594,711700,131.5068359375
APD,APD,2018-02-22,161.61000061035156,163.52000427246094,160.7100067138672,162.57000732421875,771900,132.98753356933594
APD,APD,2018-02-23,163.77999877929688,164.30999755859375,162.8000030517578,164.27000427246094,632600,134.37814331054688
APD,APD,2018-02-26,164.49000549316406,165.83999633789062,163.57000732421875,165.44000244140625,891700,135.33526611328125
APD,APD,2018-02-27,165.74000549316406,166.47000122070312,163.61000061035156,163.61000061035156,757200,133.83824157714844
APD,APD,2018-02-28,163.72000122070312,164.97000122070312,160.75,160.7899932861328,816400,131.5314178466797
APD,APD,2018-03-01,160.69000244140625,161.57000732421875,159.1699981689453,160.8300018310547,1453100,131.56411743164062
APD,APD,2018-03-02,160.25999450683594,160.58999633789062,157.9199981689453,159.77000427246094,1560300,130.69696044921875
APD,APD,2018-03-05,159.1300048828125,163.6199951171875,158.85000610351562,163.27999877929688,990500,133.5682830810547
APD,APD,2018-03-06,163.5500030517578,165.52999877929688,161.99000549316406,164.1999969482422,771700,134.32089233398438
APD,APD,2018-03-07,162.5399932861328,165.00999450683594,162.38999938964844,164.52999877929688,893700,134.5908660888672
APD,APD,2018-03-08,166.05999755859375,168.44000244140625,165.02999877929688,167.0800018310547,1990700,136.67678833007812
APD,APD,2018-03-09,168.41000366210938,171.41000366210938,167.63999938964844,171.10000610351562,1369900,139.96527099609375
APD,APD,2018-03-12,171.1300048828125,171.94000244140625,170.1999969482422,170.8800048828125,1210500,139.78541564941406
APD,APD,2018-03-13,172.0,172.38999938964844,170.66000366210938,170.92999267578125,1533500,139.82626342773438
APD,APD,2018-03-14,171.19000244140625,171.4199981689453,168.7100067138672,168.97999572753906,1374300,138.23109436035156
APD,APD,2018-03-15,169.58999633789062,169.97000122070312,168.86000061035156,169.0800018310547,1091100,138.31289672851562
APD,APD,2018-03-16,169.36000061035156,170.0,168.10000610351562,169.55999755859375,1808000,138.70553588867188
APD,APD,2018-03-19,168.75,168.92999267578125,165.64999389648438,166.67999267578125,1935600,136.34962463378906
APD,APD,2018-03-20,167.17999267578125,167.92999267578125,165.22000122070312,165.66000366210938,806800,135.51524353027344
APD,APD,2018-03-21,165.5399932861328,167.7899932861328,164.74000549316406,166.24000549316406,879800,135.98965454101562
APD,APD,2018-03-22,164.67999267578125,165.27999877929688,160.86000061035156,161.19000244140625,1101000,131.85861206054688
APD,APD,2018-03-23,161.88999938964844,161.88999938964844,157.7100067138672,158.0399932861328,762400,129.28179931640625
APD,APD,2018-03-26,160.17999267578125,161.27999877929688,158.50999450683594,160.94000244140625,793600,131.65411376953125
APD,APD,2018-03-27,161.3300018310547,161.83999633789062,158.0500030517578,158.6300048828125,872100,129.76451110839844
APD,APD,2018-03-28,159.75999450683594,160.63999938964844,157.61000061035156,158.17999267578125,1083400,129.39633178710938
APD,APD,2018-03-29,157.7100067138672,160.02000427246094,157.14999389648438,159.02999877929688,1040500,131.002685546875
APD,APD,2018-04-02,158.9499969482422,159.64999389648438,155.1999969482422,156.5500030517578,1197400,128.959716796875
APD,APD,2018-04-03,157.0,159.4499969482422,156.02000427246094,159.27999877929688,896600,131.20860290527344
APD,APD,2018-04-04,157.08999633789062,162.2899932861328,155.83999633789062,162.1300048828125,1244200,133.55630493164062
APD,APD,2018-04-05,162.77000427246094,164.85000610351562,162.3000030517578,164.11000061035156,874700,135.1873779296875
APD,APD,2018-04-06,162.47000122070312,163.32000732421875,158.5,159.9600067138672,797900,131.76881408691406
APD,APD,2018-04-09,161.22999572753906,162.1199951171875,160.11000061035156,160.22999572753906,880100,131.9911651611328
APD,APD,2018-04-10,162.02999877929688,164.35000610351562,161.47999572753906,163.19000244140625,742000,134.42950439453125
APD,APD,2018-04-11,161.83999633789062,162.1699981689453,160.4199981689453,161.61000061035156,826400,133.1279754638672
APD,APD,2018-04-12,162.22000122070312,163.85000610351562,162.1300048828125,163.0399932861328,545200,134.30596923828125
APD,APD,2018-04-13,164.22000122070312,164.6699981689453,162.3800048828125,162.97000122070312,570300,134.24830627441406
APD,APD,2018-04-16,164.5500030517578,165.60000610351562,163.86000061035156,165.42999267578125,707400,136.2747344970703
APD,APD,2018-04-17,166.5,168.8800048828125,165.6699981689453,168.13999938964844,782800,138.50711059570312
APD,APD,2018-04-18,168.8800048828125,169.14999389648438,167.99000549316406,168.3699951171875,683100,138.69662475585938
APD,APD,2018-04-19,167.9499969482422,168.35000610351562,165.30999755859375,166.8000030517578,711800,137.40335083007812
APD,APD,2018-04-20,166.61000061035156,166.97000122070312,164.80999755859375,166.27000427246094,549300,136.96673583984375
APD,APD,2018-04-23,166.02999877929688,166.7100067138672,165.16000366210938,166.11000061035156,585400,136.83485412597656
APD,APD,2018-04-24,166.55999755859375,167.22999572753906,161.80999755859375,164.0,948800,135.09678649902344
APD,APD,2018-04-25,164.35000610351562,165.6999969482422,162.9199981689453,165.57000732421875,1230900,136.39002990722656
APD,APD,2018-04-26,164.5800018310547,167.13999938964844,161.6999969482422,166.2899932861328,1744800,136.98312377929688
APD,APD,2018-04-27,166.14999389648438,167.0,163.47999572753906,165.02000427246094,1031700,135.93702697753906
APD,APD,2018-04-30,165.94000244140625,166.1199951171875,162.25999450683594,162.2899932861328,998200,133.6881103515625
APD,APD,2018-05-01,161.44000244140625,162.52000427246094,159.49000549316406,162.49000549316406,1225700,133.85287475585938
APD,APD,2018-05-02,162.61000061035156,163.22999572753906,161.22000122070312,161.69000244140625,1057700,133.1938934326172
APD,APD,2018-05-03,161.38999938964844,161.77999877929688,159.07000732421875,160.42999267578125,1142200,132.15589904785156
APD,APD,2018-05-04,159.85000610351562,163.44000244140625,159.2100067138672,162.75999450683594,1038300,134.07525634765625
APD,APD,2018-05-07,162.97000122070312,164.6199951171875,162.85000610351562,163.4499969482422,1068300,134.64373779296875
APD,APD,2018-05-08,163.64999389648438,164.10000610351562,162.52999877929688,163.50999450683594,812700,134.69313049316406
APD,APD,2018-05-09,164.32000732421875,165.1199951171875,163.2100067138672,164.88999938964844,760700,135.82992553710938
APD,APD,2018-05-10,165.1300048828125,166.05999755859375,164.77000427246094,165.58999633789062,1024100,136.40647888183594
APD,APD,2018-05-11,166.1300048828125,167.5,165.69000244140625,166.2899932861328,1035400,136.98312377929688
APD,APD,2018-05-14,166.27000427246094,167.9499969482422,165.67999267578125,166.75999450683594,964400,137.3703155517578
APD,APD,2018-05-15,166.1300048828125,166.55999755859375,164.6699981689453,166.0800018310547,1181400,136.81019592285156
APD,APD,2018-05-16,166.4499969482422,167.80999755859375,165.94000244140625,166.5399932861328,935300,137.1890869140625
APD,APD,2018-05-17,165.7899932861328,167.42999267578125,165.72999572753906,166.77000427246094,781500,137.3785400390625
APD,APD,2018-05-18,166.77000427246094,168.83999633789062,166.67999267578125,168.24000549316406,1017500,138.5895233154297
APD,APD,2018-05-21,168.9499969482422,170.2899932861328,168.41000366210938,169.44000244140625,886600,139.57801818847656
APD,APD,2018-05-22,169.72999572753906,170.22999572753906,167.52000427246094,167.7100067138672,864000,138.15293884277344
APD,APD,2018-05-23,166.64999389648438,167.30999755859375,165.1300048828125,166.99000549316406,840900,137.55982971191406
APD,APD,2018-05-24,167.0,167.2100067138672,165.02999877929688,166.08999633789062,591700,136.81842041015625
APD,APD,2018-05-25,165.60000610351562,165.80999755859375,164.24000549316406,165.0,607300,135.92050170898438
APD,APD,2018-05-29,163.74000549316406,164.2100067138672,160.9199981689453,161.8000030517578,735300,133.2845001220703
APD,APD,2018-05-30,163.0800018310547,163.57000732421875,162.1999969482422,163.02999877929688,602300,134.29769897460938
APD,APD,2018-05-31,162.67999267578125,163.17999267578125,161.0500030517578,161.41000366210938,1293300,132.96324157714844
APD,APD,2018-06-01,162.72999572753906,163.80999755859375,162.6999969482422,163.5399932861328,578900,134.7178497314453
APD,APD,2018-06-04,164.30999755859375,164.82000732421875,163.07000732421875,163.52999877929688,637200,134.70957946777344
APD,APD,2018-06-05,163.58999633789062,165.0399932861328,163.52999877929688,164.8699951171875,734600,135.8134307861328
APD,APD,2018-06-06,165.16000366210938,167.82000732421875,164.63999938964844,167.72999572753906,1169300,138.1693878173828
APD,APD,2018-06-07,167.50999450683594,168.0,166.39999389648438,167.72000122070312,1102600,138.1611785888672
APD,APD,2018-06-08,167.72999572753906,168.66000366210938,166.5800018310547,168.50999450683594,764100,138.81192016601562
APD,APD,2018-06-11,168.64999389648438,169.47000122070312,168.02000427246094,168.44000244140625,852300,138.7542724609375
APD,APD,2018-06-12,168.4600067138672,169.4499969482422,167.61000061035156,168.0,1150200,138.39183044433594
APD,APD,2018-06-13,168.38999938964844,168.49000549316406,164.75,166.08999633789062,1074800,136.81842041015625
APD,APD,2018-06-14,166.49000549316406,166.9600067138672,165.10000610351562,165.72000122070312,706800,136.5136260986328
APD,APD,2018-06-15,165.19000244140625,165.19000244140625,162.63999938964844,164.17999267578125,1810400,135.24502563476562
APD,APD,2018-06-18,162.9199981689453,163.3699951171875,161.92999267578125,163.33999633789062,887300,134.55307006835938
APD,APD,2018-06-19,161.02000427246094,161.17999267578125,159.27999877929688,159.5500030517578,1279700,131.4310302734375
APD,APD,2018-06-20,159.8300018310547,159.8300018310547,157.02999877929688,157.5800018310547,1352500,129.80825805664062
APD,APD,2018-06-21,157.60000610351562,157.61000061035156,155.41000366210938,156.47000122070312,1542100,128.89390563964844
APD,APD,2018-06-22,157.72000122070312,158.74000549316406,157.00999450683594,158.0800018310547,1258700,130.22006225585938
APD,APD,2018-06-25,157.60000610351562,157.72000122070312,154.6699981689453,155.75999450683594,1175100,128.30897521972656
APD,APD,2018-06-26,155.8300018310547,157.16000366210938,155.66000366210938,155.86000061035156,829400,128.39129638671875
APD,APD,2018-06-27,156.47999572753906,157.77999877929688,155.1300048828125,155.16000366210938,889300,127.81470489501953
APD,APD,2018-06-28,155.57000732421875,156.69000244140625,154.88999938964844,156.02999877929688,1180100,128.5313262939453
APD,APD,2018-06-29,155.39999389648438,158.2899932861328,155.25999450683594,155.72999572753906,998800,129.19509887695312
APD,APD,2018-07-02,155.07000732421875,155.8699951171875,154.2899932861328,155.49000549316406,1110100,128.99595642089844
APD,APD,2018-07-03,156.5500030517578,157.2899932861328,154.77999877929688,155.0,346800,128.58946228027344
APD,APD,2018-07-05,156.19000244140625,156.82000732421875,155.24000549316406,155.7899932861328,1140600,129.24484252929688
APD,APD,2018-07-06,155.4600067138672,157.5399932861328,154.75999450683594,156.63999938964844,718800,129.95001220703125
APD,APD,2018-07-09,157.66000366210938,158.47000122070312,157.5500030517578,157.88999938964844,744100,130.98704528808594
APD,APD,2018-07-10,157.86000061035156,159.6699981689453,157.64999389648438,159.66000366210938,718500,132.4554443359375
APD,APD,2018-07-11,158.41000366210938,158.61000061035156,156.50999450683594,157.41000366210938,696300,130.5888214111328
APD,APD,2018-07-12,157.94000244140625,158.35000610351562,156.94000244140625,157.9199981689453,732000,131.0118865966797
APD,APD,2018-07-13,157.55999755859375,158.24000549316406,157.1300048828125,157.3300018310547,573100,130.52244567871094
APD,APD,2018-07-16,156.9499969482422,157.6199951171875,155.47999572753906,155.5500030517578,674600,129.04574584960938
APD,APD,2018-07-17,155.38999938964844,156.50999450683594,154.72999572753906,156.1999969482422,812800,129.58502197265625
APD,APD,2018-07-18,156.0,156.8000030517578,155.74000549316406,155.94000244140625,732100,129.3693084716797
APD,APD,2018-07-19,155.10000610351562,155.6699981689453,154.24000549316406,154.39999389648438,1429800,128.09170532226562
APD,APD,2018-07-20,153.52000427246094,155.4600067138672,153.00999450683594,154.35000610351562,2490300,128.05018615722656
APD,APD,2018-07-23,154.3800048828125,154.66000366210938,153.52999877929688,153.8699951171875,1166500,127.6519775390625
APD,APD,2018-07-24,155.4499969482422,156.5,154.8300018310547,155.2899932861328,1932600,128.8300323486328
APD,APD,2018-07-25,155.2899932861328,157.47000122070312,154.52999877929688,157.3000030517578,1348100,130.49755859375
APD,APD,2018-07-26,158.80999755859375,162.9499969482422,158.80999755859375,161.5500030517578,1715200,134.02342224121094
APD,APD,2018-07-27,161.57000732421875,162.6699981689453,160.5800018310547,161.24000549316406,1252700,133.76622009277344
APD,APD,2018-07-30,161.77999877929688,163.64999389648438,160.9600067138672,161.22999572753906,1055500,133.75791931152344
APD,APD,2018-07-31,161.5,165.08999633789062,161.3000030517578,164.1699981689453,1655200,136.19699096679688
APD,APD,2018-08-01,163.92999267578125,164.11000061035156,161.19000244140625,162.0399932861328,1266700,134.4298553466797
APD,APD,2018-08-02,160.89999389648438,161.0,159.30999755859375,159.99000549316406,907300,132.72918701171875
APD,APD,2018-08-03,160.97999572753906,161.77999877929688,159.63999938964844,159.9600067138672,903400,132.704345703125
APD,APD,2018-08-06,158.9199981689453,161.55999755859375,157.00999450683594,160.9600067138672,1031100,133.53392028808594
APD,APD,2018-08-07,161.32000732421875,162.14999389648438,160.77999877929688,160.9199981689453,740400,133.50076293945312
APD,APD,2018-08-08,161.27000427246094,161.82000732421875,160.10000610351562,160.64999389648438,573600,133.27676391601562
APD,APD,2018-08-09,160.63999938964844,161.75,160.25,160.47999572753906,588100,133.13568115234375
APD,APD,2018-08-10,159.91000366210938,159.94000244140625,157.35000610351562,157.8699951171875,923800,130.970458984375
APD,APD,2018-08-13,162.1999969482422,165.24000549316406,161.30999755859375,162.44000244140625,1862400,134.76170349121094
APD,APD,2018-08-14,162.89999389648438,165.77999877929688,162.77999877929688,164.3300018310547,1617700,136.32969665527344
APD,APD,2018-08-15,163.1199951171875,164.52000427246094,161.7899932861328,164.2100067138672,1381400,136.23016357421875
APD,APD,2018-08-16,164.92999267578125,165.4199981689453,164.0800018310547,164.72000122070312,1169200,136.65328979492188
APD,APD,2018-08-17,164.2899932861328,166.63999938964844,164.05999755859375,166.61000061035156,1290400,138.22122192382812
APD,APD,2018-08-20,166.3000030517578,167.86000061035156,166.3000030517578,166.99000549316406,1342700,138.53648376464844
APD,APD,2018-08-21,167.60000610351562,167.72000122070312,165.99000549316406,166.10000610351562,892400,137.79811096191406
APD,APD,2018-08-22,166.1199951171875,166.1199951171875,164.2899932861328,164.36000061035156,842800,136.35459899902344
APD,APD,2018-08-23,164.35000610351562,164.64999389648438,163.60000610351562,164.4199981689453,672800,136.40435791015625
APD,APD,2018-08-24,164.7899932861328,166.49000549316406,164.17999267578125,165.97000122070312,512800,137.6903076171875
APD,APD,2018-08-27,166.52999877929688,167.77999877929688,166.08999633789062,167.2899932861328,650000,138.7853240966797
APD,APD,2018-08-28,167.4199981689453,168.11000061035156,166.3800048828125,167.00999450683594,706700,138.55300903320312
APD,APD,2018-08-29,168.36000061035156,169.0,166.02999877929688,168.2899932861328,801300,139.614990234375
APD,APD,2018-08-30,167.55999755859375,168.27999877929688,165.8699951171875,166.72999572753906,583000,138.3207244873047
APD,APD,2018-08-31,166.75,167.44000244140625,165.8300018310547,166.2899932861328,762100,137.95578002929688
APD,APD,2018-09-04,166.11000061035156,166.36000061035156,163.4199981689453,164.33999633789062,925800,136.33799743652344
APD,APD,2018-09-05,164.55999755859375,166.27000427246094,164.1999969482422,165.38999938964844,840100,137.20904541015625
APD,APD,2018-09-06,165.3000030517578,166.39999389648438,164.5800018310547,166.05999755859375,598700,137.76495361328125
APD,APD,2018-09-07,165.64999389648438,165.85000610351562,163.9499969482422,164.85000610351562,641100,136.76112365722656
APD,APD,2018-09-10,165.85000610351562,166.75999450683594,165.11000061035156,166.05999755859375,568200,137.76495361328125
APD,APD,2018-09-11,165.60000610351562,167.64999389648438,165.33999633789062,166.63999938964844,620500,138.24610900878906
APD,APD,2018-09-12,166.36000061035156,167.0500030517578,165.72000122070312,166.24000549316406,459900,137.9142608642578
APD,APD,2018-09-13,167.0399932861328,168.00999450683594,166.5399932861328,167.6300048828125,515500,139.0674591064453
APD,APD,2018-09-14,168.2899932861328,170.0,167.8300018310547,168.61000061035156,823800,139.88046264648438
APD,APD,2018-09-17,168.50999450683594,169.35000610351562,167.02000427246094,168.75,731200,139.99658203125
APD,APD,2018-09-18,169.22000122070312,169.72000122070312,168.25999450683594,168.69000244140625,612600,139.9468231201172
APD,APD,2018-09-19,169.4499969482422,170.77000427246094,168.8300018310547,169.1699981689453,1047000,140.3450469970703
APD,APD,2018-09-20,169.60000610351562,171.3300018310547,169.58999633789062,170.4199981689453,666100,141.3820343017578
APD,APD,2018-09-21,171.1699981689453,171.66000366210938,170.17999267578125,170.61000061035156,2393200,141.5396728515625
APD,APD,2018-09-24,170.49000549316406,171.02000427246094,169.17999267578125,169.85000610351562,791000,140.90919494628906
APD,APD,2018-09-25,169.8699951171875,170.13999938964844,168.5399932861328,168.83999633789062,498700,140.0712432861328
APD,APD,2018-09-26,168.64999389648438,169.02999877929688,167.36000061035156,167.8000030517578,913900,139.20849609375
APD,APD,2018-09-27,168.13999938964844,169.3300018310547,167.58999633789062,168.52000427246094,763200,139.8057861328125
APD,APD,2018-09-28,167.0,167.72000122070312,166.1699981689453,167.0500030517578,884700,139.49681091308594
APD,APD,2018-10-01,168.07000732421875,169.8000030517578,167.94000244140625,169.42999267578125,595600,141.48419189453125
APD,APD,2018-10-02,169.6999969482422,170.38999938964844,169.1199951171875,170.22000122070312,661400,142.14398193359375
APD,APD,2018-10-03,170.75,171.5500030517578,169.5,169.72999572753906,816100,141.7348175048828
APD,APD,2018-10-04,169.05999755859375,169.89999389648438,167.83999633789062,169.6999969482422,772500,141.70970153808594
APD,APD,2018-10-05,169.36000061035156,170.50999450683594,168.25,168.8800048828125,837000,141.02499389648438
APD,APD,2018-10-08,168.47999572753906,169.47999572753906,168.07000732421875,169.27999877929688,864100,141.35894775390625
APD,APD,2018-10-09,168.6199951171875,168.6199951171875,163.8000030517578,164.32000732421875,1051000,137.2170867919922
APD,APD,2018-10-10,164.52999877929688,164.91000366210938,160.47000122070312,160.60000610351562,1234900,134.11065673828125
APD,APD,2018-10-11,160.52999877929688,161.33999633789062,157.0,157.08999633789062,1075000,131.17958068847656
APD,APD,2018-10-12,159.30999755859375,159.5399932861328,157.36000061035156,158.27000427246094,1195400,132.16497802734375
APD,APD,2018-10-15,157.94000244140625,158.85000610351562,156.64999389648438,156.6999969482422,817300,130.85394287109375
APD,APD,2018-10-16,157.10000610351562,159.7899932861328,156.25999450683594,159.69000244140625,970400,133.3507537841797
APD,APD,2018-10-17,159.60000610351562,160.5399932861328,158.64999389648438,159.47999572753906,730200,133.17539978027344
APD,APD,2018-10-18,159.97000122070312,160.52000427246094,155.91000366210938,156.69000244140625,988400,130.84556579589844
APD,APD,2018-10-19,156.74000549316406,157.8800048828125,155.1199951171875,155.39999389648438,935700,129.76837158203125
APD,APD,2018-10-22,156.0,156.30999755859375,153.22000122070312,153.3000030517578,1545100,128.01475524902344
APD,APD,2018-10-23,151.22999572753906,152.86000061035156,148.6300048828125,152.0399932861328,1345200,126.96253204345703
APD,APD,2018-10-24,151.63999938964844,153.22000122070312,148.6699981689453,148.91000366210938,1933000,124.34881591796875
APD,APD,2018-10-25,150.47999572753906,153.05999755859375,149.50999450683594,151.47999572753906,1293800,126.49493408203125
APD,APD,2018-10-26,149.74000549316406,150.8699951171875,148.44000244140625,149.42999267578125,2298600,124.78307342529297
APD,APD,2018-10-29,151.3300018310547,153.49000549316406,149.4199981689453,150.9600067138672,1417000,126.06072235107422
APD,APD,2018-10-30,151.05999755859375,154.2899932861328,150.50999450683594,153.77999877929688,1774500,128.41558837890625
APD,APD,2018-10-31,154.9600067138672,156.47999572753906,154.33999633789062,154.35000610351562,1490700,128.89151000976562
APD,APD,2018-11-01,155.25,156.7899932861328,153.55999755859375,155.3699951171875,1466800,129.7433319091797
APD,APD,2018-11-02,157.1999969482422,158.05999755859375,154.38999938964844,155.83999633789062,1427300,130.1357879638672
APD,APD,2018-11-05,156.32000732421875,158.3800048828125,155.60000610351562,157.3699951171875,1467100,131.41342163085938
APD,APD,2018-11-06,155.41000366210938,158.27999877929688,151.85000610351562,158.08999633789062,1813800,132.01463317871094
APD,APD,2018-11-07,159.25999450683594,161.19000244140625,157.27999877929688,160.97999572753906,1068000,134.427978515625
APD,APD,2018-11-08,160.64999389648438,161.86000061035156,159.77000427246094,161.25,954300,134.6534881591797
APD,APD,2018-11-09,160.41000366210938,160.44000244140625,157.9499969482422,159.89999389648438,797600,133.526123046875
APD,APD,2018-11-12,159.86000061035156,160.55999755859375,157.17999267578125,157.49000549316406,719700,131.51370239257812
APD,APD,2018-11-13,157.92999267578125,160.42999267578125,157.22000122070312,158.0500030517578,920300,131.98130798339844
APD,APD,2018-11-14,158.80999755859375,160.82000732421875,156.8000030517578,157.2100067138672,1018500,131.2798614501953
APD,APD,2018-11-15,156.0800018310547,162.11000061035156,155.89999389648438,160.63999938964844,1299000,134.14405822753906
APD,APD,2018-11-16,160.0399932861328,164.57000732421875,160.0399932861328,163.86000061035156,1370800,136.83299255371094
APD,APD,2018-11-19,163.50999450683594,165.49000549316406,159.38999938964844,159.88999938964844,1602200,133.5177764892578
APD,APD,2018-11-20,158.92999267578125,159.61000061035156,157.30999755859375,157.55999755859375,1312600,131.57208251953125
APD,APD,2018-11-21,158.69000244140625,160.85000610351562,157.82000732421875,159.17999267578125,862900,132.9248504638672
APD,APD,2018-11-23,157.39999389648438,158.6300048828125,157.27000427246094,157.49000549316406,310300,131.51370239257812
APD,APD,2018-11-26,158.6699981689453,159.58999633789062,157.05999755859375,158.5800018310547,867000,132.42385864257812
APD,APD,2018-11-27,157.75,158.75,155.42999267578125,156.27000427246094,1144500,130.49484252929688
APD,APD,2018-11-28,157.05999755859375,158.67999267578125,154.11000061035156,158.66000366210938,1124900,132.49063110351562
APD,APD,2018-11-29,158.38999938964844,160.3300018310547,158.38999938964844,159.2100067138672,860600,132.94992065429688
APD,APD,2018-11-30,158.7100067138672,160.97000122070312,158.5800018310547,160.8699951171875,1153100,134.33609008789062
APD,APD,2018-12-03,163.75999450683594,167.0,162.75999450683594,166.6199951171875,1856300,139.1376953125
APD,APD,2018-12-04,165.58999633789062,166.72000122070312,162.33999633789062,163.9199981689453,1824200,136.88304138183594
APD,APD,2018-12-06,161.3699951171875,162.16000366210938,156.85000610351562,161.3699951171875,1826700,134.75364685058594
APD,APD,2018-12-07,161.47999572753906,164.17999267578125,156.74000549316406,157.16000366210938,1169400,131.23800659179688
APD,APD,2018-12-10,157.77999877929688,157.92999267578125,154.4600067138672,157.0800018310547,1038000,131.17129516601562
APD,APD,2018-12-11,159.44000244140625,160.64999389648438,155.14999389648438,155.92999267578125,975500,130.21095275878906
APD,APD,2018-12-12,158.22000122070312,159.38999938964844,156.5800018310547,157.7100067138672,1159200,131.6973114013672
APD,APD,2018-12-13,158.02999877929688,159.47000122070312,156.92999267578125,157.27999877929688,1153200,131.33828735351562
APD,APD,2018-12-14,155.97999572753906,157.0,154.0399932861328,155.41000366210938,996600,129.77670288085938
APD,APD,2018-12-17,155.6699981689453,158.25,152.7100067138672,153.80999755859375,1756000,128.44061279296875
APD,APD,2018-12-18,155.05999755859375,157.14999389648438,153.99000549316406,154.75999450683594,1403900,129.23391723632812
APD,APD,2018-12-19,154.7899932861328,158.82000732421875,153.42999267578125,154.10000610351562,1596500,128.68275451660156
APD,APD,2018-12-20,153.97000122070312,158.24000549316406,153.1199951171875,154.5399932861328,2107900,129.05023193359375
APD,APD,2018-12-21,154.5399932861328,159.4499969482422,153.8300018310547,155.19000244140625,3393600,129.59295654296875
APD,APD,2018-12-24,154.69000244140625,154.92999267578125,149.67999267578125,149.8800048828125,880200,125.15880584716797
APD,APD,2018-12-26,150.57000732421875,156.97999572753906,149.63999938964844,156.9199981689453,1218800,131.03765869140625
APD,APD,2018-12-27,155.0,159.77000427246094,154.0399932861328,159.75,1386800,133.40087890625
APD,APD,2018-12-28,160.8800048828125,162.77000427246094,159.30999755859375,160.6999969482422,1324400,134.19419860839844
APD,APD,2018-12-31,159.9499969482422,160.9600067138672,158.75999450683594,160.0500030517578,1065400,134.57252502441406
APD,APD,2019-01-02,157.38999938964844,160.77000427246094,155.91000366210938,159.58999633789062,956900,134.185791015625
APD,APD,2019-01-03,159.13999938964844,159.19000244140625,154.2899932861328,155.30999755859375,1114800,130.5870819091797
APD,APD,2019-01-04,158.07000732421875,161.91000366210938,157.38999938964844,161.61000061035156,1082200,135.8842010498047
APD,APD,2019-01-07,161.55999755859375,163.4199981689453,159.80999755859375,159.92999267578125,1349500,134.47164916992188
APD,APD,2019-01-08,158.35000610351562,160.63999938964844,156.55999755859375,158.08999633789062,2100300,132.9245147705078
APD,APD,2019-01-09,157.39999389648438,158.25,154.97000122070312,156.7899932861328,2292400,131.83148193359375
APD,APD,2019-01-10,156.5500030517578,157.35000610351562,155.33999633789062,157.1999969482422,1502000,132.17623901367188
APD,APD,2019-01-11,156.80999755859375,157.50999450683594,155.55999755859375,156.7899932861328,1047300,131.83148193359375
APD,APD,2019-01-14,155.75999450683594,156.30999755859375,154.14999389648438,155.1199951171875,1047900,130.42735290527344
APD,APD,2019-01-15,154.3699951171875,155.39999389648438,153.6300048828125,155.0800018310547,845700,130.39369201660156
APD,APD,2019-01-16,155.07000732421875,155.77999877929688,154.0,154.6199951171875,1151600,130.0069122314453
APD,APD,2019-01-17,154.19000244140625,156.0,154.10000610351562,155.97999572753906,1898900,131.15045166015625
APD,APD,2019-01-18,157.00999450683594,159.35000610351562,156.25999450683594,158.6199951171875,1447300,133.3701629638672
APD,APD,2019-01-22,157.8699951171875,158.49000549316406,156.80999755859375,157.7100067138672,982900,132.60501098632812
APD,APD,2019-01-23,157.72999572753906,158.39999389648438,155.0399932861328,156.14999389648438,1358800,131.29335021972656
APD,APD,2019-01-24,155.47000122070312,156.80999755859375,154.77999877929688,156.5,1007800,131.58763122558594
APD,APD,2019-01-25,160.0,161.89999389648438,158.0,160.91000366210938,2060000,135.29563903808594
APD,APD,2019-01-28,160.6699981689453,161.08999633789062,158.72999572753906,159.88999938964844,1364400,134.43804931640625
APD,APD,2019-01-29,160.4199981689453,163.4199981689453,160.4199981689453,163.24000549316406,1354500,137.25477600097656
APD,APD,2019-01-30,163.72999572753906,165.0,161.97000122070312,163.97999572753906,1037800,137.87692260742188
APD,APD,2019-01-31,161.77000427246094,165.52000427246094,161.05999755859375,164.38999938964844,1305600,138.22169494628906
APD,APD,2019-02-01,165.0,166.86000061035156,163.80999755859375,165.88999938964844,1102100,139.48287963867188
APD,APD,2019-02-04,165.75,166.88999938964844,164.97000122070312,166.8800048828125,754600,140.31533813476562
APD,APD,2019-02-05,167.52999877929688,168.16000366210938,166.67999267578125,167.9199981689453,1140500,141.18975830078125
APD,APD,2019-02-06,168.00999450683594,169.92999267578125,167.0,169.91000366210938,1533500,142.8629608154297
APD,APD,2019-02-07,169.60000610351562,169.83999633789062,164.99000549316406,166.22000122070312,1157400,139.76039123535156
APD,APD,2019-02-08,165.16000366210938,165.89999389648438,163.52999877929688,165.89999389648438,855400,139.49131774902344
APD,APD,2019-02-11,166.24000549316406,167.69000244140625,165.85000610351562,167.5399932861328,1206500,140.87022399902344
APD,APD,2019-02-12,169.25999450683594,171.47000122070312,168.6199951171875,171.32000732421875,1462300,144.04856872558594
APD,APD,2019-02-13,172.0,173.39999389648438,171.44000244140625,171.97000122070312,1095200,144.5950927734375
APD,APD,2019-02-14,170.9199981689453,172.1199951171875,169.88999938964844,171.6199951171875,882500,144.30078125
APD,APD,2019-02-15,173.4600067138672,174.33999633789062,172.99000549316406,174.0800018310547,1326300,146.36923217773438
APD,APD,2019-02-19,173.27999877929688,175.94000244140625,173.0,175.11000061035156,1074600,147.23521423339844
APD,APD,2019-02-20,175.3000030517578,178.5800018310547,174.6199951171875,177.63999938964844,1789100,149.3625030517578
APD,APD,2019-02-21,177.52999877929688,178.82000732421875,177.52999877929688,178.6699981689453,1243700,150.2285614013672
APD,APD,2019-02-22,179.82000732421875,180.72000122070312,179.24000549316406,180.1199951171875,1401400,151.44775390625
APD,APD,2019-02-25,180.49000549316406,182.25,179.91000366210938,181.1699981689453,1145600,152.33056640625
APD,APD,2019-02-26,181.1199951171875,182.14999389648438,180.63999938964844,181.4499969482422,821200,152.56600952148438
APD,APD,2019-02-27,181.17999267578125,182.07000732421875,180.42999267578125,181.60000610351562,673800,152.692138671875
APD,APD,2019-02-28,181.3000030517578,181.85000610351562,180.17999267578125,181.17999267578125,1324200,152.33897399902344
APD,APD,2019-03-01,182.4600067138672,183.50999450683594,179.17999267578125,180.10000610351562,1362800,151.43087768554688
APD,APD,2019-03-04,181.1300048828125,181.1300048828125,178.0,180.6999969482422,1018800,151.9353790283203
APD,APD,2019-03-05,179.8699951171875,181.0,179.17999267578125,179.2100067138672,796800,150.6825408935547
APD,APD,2019-03-06,180.67999267578125,181.0,179.3000030517578,180.3000030517578,802400,151.5990447998047
APD,APD,2019-03-07,180.4499969482422,180.69000244140625,178.30999755859375,179.64999389648438,1059800,151.05255126953125
APD,APD,2019-03-08,179.19000244140625,181.5399932861328,178.4499969482422,181.36000061035156,923900,152.4903106689453
APD,APD,2019-03-11,182.2100067138672,184.07000732421875,181.25,183.9499969482422,884200,154.6680450439453
APD,APD,2019-03-12,184.4199981689453,185.4499969482422,183.92999267578125,184.0500030517578,820100,154.7521209716797
APD,APD,2019-03-13,184.5800018310547,186.25999450683594,184.5800018310547,185.10000610351562,843500,155.635009765625
APD,APD,2019-03-14,184.5,185.64999389648438,183.66000366210938,185.2100067138672,1012300,155.7274932861328
APD,APD,2019-03-15,185.19000244140625,186.7899932861328,184.22999572753906,184.85000610351562,1558200,155.4247589111328
APD,APD,2019-03-18,185.02000427246094,185.7100067138672,183.80999755859375,185.3699951171875,871400,155.8620147705078
APD,APD,2019-03-19,186.44000244140625,186.75,184.02000427246094,184.89999389648438,850800,155.46682739257812
APD,APD,2019-03-20,184.97000122070312,185.47999572753906,183.67999267578125,184.64999389648438,944900,155.25662231445312
APD,APD,2019-03-21,184.2100067138672,187.47999572753906,184.2100067138672,187.19000244140625,691800,157.39227294921875
APD,APD,2019-03-22,186.02999877929688,187.5800018310547,185.97999572753906,186.3000030517578,1573500,156.64395141601562
APD,APD,2019-03-25,186.35000610351562,187.0,185.72999572753906,185.9199981689453,1178500,156.324462890625
APD,APD,2019-03-26,187.02999877929688,187.22000122070312,185.99000549316406,187.16000366210938,948600,157.3670654296875
APD,APD,2019-03-27,187.39999389648438,188.1699981689453,186.22999572753906,187.64999389648438,1168400,157.77906799316406
APD,APD,2019-03-28,188.72000122070312,190.2100067138672,187.80999755859375,190.1699981689453,1066400,159.8979034423828
APD,APD,2019-03-29,189.0800018310547,191.16000366210938,188.94000244140625,190.9600067138672,1551100,161.54754638671875
APD,APD,2019-04-01,192.14999389648438,192.9199981689453,190.38999938964844,191.49000549316406,1134700,161.99594116210938
APD,APD,2019-04-02,191.3000030517578,191.6999969482422,189.14999389648438,190.47999572753906,1198700,161.1414794921875
APD,APD,2019-04-03,191.86000061035156,192.94000244140625,190.3300018310547,191.72000122070312,1080800,162.19052124023438
APD,APD,2019-04-04,192.19000244140625,192.8699951171875,190.4199981689453,191.77000427246094,852200,162.23280334472656
APD,APD,2019-04-05,192.25,193.60000610351562,191.6199951171875,193.19000244140625,769200,163.43406677246094
APD,APD,2019-04-08,193.5500030517578,194.3000030517578,192.19000244140625,193.02999877929688,844100,163.29869079589844
APD,APD,2019-04-09,191.92999267578125,192.9199981689453,191.08999633789062,192.27999877929688,600100,162.6642608642578
APD,APD,2019-04-10,192.8800048828125,193.19000244140625,192.14999389648438,193.0399932861328,594300,163.30718994140625
APD,APD,2019-04-11,192.49000549316406,193.9499969482422,191.47999572753906,193.5500030517578,765800,163.73863220214844
APD,APD,2019-04-12,194.44000244140625,195.36000061035156,193.74000549316406,194.16000366210938,1349200,164.25466918945312
APD,APD,2019-04-15,193.3000030517578,194.1199951171875,192.27999877929688,193.92999267578125,1209400,164.06007385253906
APD,APD,2019-04-16,194.52999877929688,197.3300018310547,193.91000366210938,197.10000610351562,1156800,166.7418670654297
APD,APD,2019-04-17,198.13999938964844,198.66000366210938,197.1199951171875,197.75,1091000,167.29173278808594
APD,APD,2019-04-18,198.07000732421875,198.3300018310547,197.10000610351562,198.10000610351562,1322900,167.58786010742188
APD,APD,2019-04-22,197.42999267578125,197.8000030517578,196.33999633789062,196.6199951171875,750900,166.3358154296875
APD,APD,2019-04-23,196.58999633789062,197.2100067138672,195.6699981689453,196.6699981689453,992100,166.37811279296875
APD,APD,2019-04-24,197.4499969482422,201.97000122070312,196.16000366210938,199.4199981689453,1741300,168.70449829101562
APD,APD,2019-04-25,199.41000366210938,200.02999877929688,196.97000122070312,199.60000610351562,1118900,168.8568115234375
APD,APD,2019-04-26,200.3300018310547,203.41000366210938,199.3300018310547,202.57000732421875,1055900,171.36935424804688
APD,APD,2019-04-29,203.0,204.1699981689453,202.4199981689453,203.57000732421875,928900,172.21533203125
APD,APD,2019-04-30,204.35000610351562,206.07000732421875,203.69000244140625,205.7899932861328,1425600,174.09336853027344
APD,APD,2019-05-01,206.72000122070312,206.94000244140625,202.14999389648438,202.14999389648438,974500,171.01402282714844
APD,APD,2019-05-02,202.4600067138672,207.72000122070312,201.39999389648438,207.64999389648438,1404500,175.66690063476562
APD,APD,2019-05-03,207.5,209.86000061035156,207.08999633789062,209.5800018310547,1268000,177.29962158203125
APD,APD,2019-05-06,207.2899932861328,207.52999877929688,205.24000549316406,205.99000549316406,2010900,174.26255798339844
APD,APD,2019-05-07,204.07000732421875,204.42999267578125,199.4600067138672,201.1699981689453,1556700,170.1850128173828
APD,APD,2019-05-08,200.2899932861328,206.39999389648438,200.05999755859375,205.30999755859375,1500100,173.6873016357422
APD,APD,2019-05-09,203.0,205.05999755859375,200.64999389648438,204.44000244140625,1271200,172.95132446289062
APD,APD,2019-05-10,204.1999969482422,208.6300048828125,203.6699981689453,208.2899932861328,1329400,176.2083282470703
APD,APD,2019-05-13,203.8000030517578,205.9499969482422,201.6999969482422,204.5500030517578,1422400,173.0443572998047
APD,APD,2019-05-14,205.38999938964844,207.36000061035156,204.77999877929688,205.77000427246094,1218500,174.0764617919922
APD,APD,2019-05-15,203.88999938964844,206.52999877929688,203.22000122070312,205.02000427246094,920800,173.4420166015625
APD,APD,2019-05-16,207.0500030517578,209.75999450683594,206.49000549316406,209.42999267578125,974200,177.17274475097656
APD,APD,2019-05-17,208.57000732421875,210.14999389648438,207.86000061035156,209.9199981689453,1130600,177.58726501464844
APD,APD,2019-05-20,208.9199981689453,210.13999938964844,205.0,205.41000366210938,1391800,173.77191162109375
APD,APD,2019-05-21,206.75,207.85000610351562,205.42999267578125,206.97999572753906,1294900,175.10008239746094
APD,APD,2019-05-22,206.3000030517578,207.6999969482422,205.27999877929688,206.25999450683594,976900,174.490966796875
APD,APD,2019-05-23,204.80999755859375,205.3699951171875,202.50999450683594,204.2100067138672,1065600,172.75674438476562
APD,APD,2019-05-24,206.8699951171875,206.8699951171875,204.10000610351562,204.49000549316406,776000,172.99366760253906
APD,APD,2019-05-28,205.22000122070312,205.8800048828125,202.08999633789062,202.24000549316406,2362700,171.09019470214844
APD,APD,2019-05-29,200.7100067138672,203.47999572753906,200.0,202.97999572753906,1183700,171.71621704101562
APD,APD,2019-05-30,203.05999755859375,204.33999633789062,202.82000732421875,204.24000549316406,752000,172.78213500976562
APD,APD,2019-05-31,202.47000122070312,204.85000610351562,201.77000427246094,203.58999633789062,926800,172.2322540283203
APD,APD,2019-06-03,204.17999267578125,208.9600067138672,203.50999450683594,208.9600067138672,1815700,176.775146484375
APD,APD,2019-06-04,209.9499969482422,213.67999267578125,209.5,213.64999389648438,1874700,180.7427215576172
APD,APD,2019-06-05,214.89999389648438,217.27999877929688,212.63999938964844,217.27999877929688,1544000,183.8136444091797
APD,APD,2019-06-06,217.82000732421875,221.91000366210938,216.19000244140625,221.49000549316406,1839900,187.375244140625
APD,APD,2019-06-07,221.94000244140625,224.4600067138672,221.77000427246094,223.05999755859375,1659000,188.70339965820312
APD,APD,2019-06-10,224.2899932861328,224.61000061035156,221.07000732421875,221.3300018310547,1109900,187.23985290527344
APD,APD,2019-06-11,222.99000549316406,223.33999633789062,218.1300048828125,219.0500030517578,1552900,185.31101989746094
APD,APD,2019-06-12,219.2899932861328,220.52999877929688,219.02999877929688,219.9499969482422,1101000,186.07241821289062
APD,APD,2019-06-13,220.5500030517578,221.39999389648438,218.91000366210938,220.17999267578125,921800,186.26693725585938
APD,APD,2019-06-14,220.27999877929688,220.39999389648438,218.91000366210938,219.25,721000,185.48023986816406
APD,APD,2019-06-17,219.39999389648438,219.49000549316406,215.5800018310547,216.8699951171875,838000,183.46681213378906
APD,APD,2019-06-18,218.3800048828125,219.77000427246094,217.08999633789062,218.9199981689453,941700,185.2010498046875
APD,APD,2019-06-19,218.77999877929688,220.6300048828125,214.67999267578125,220.38999938964844,1342500,186.44464111328125
APD,APD,2019-06-20,222.10000610351562,222.85000610351562,220.38999938964844,222.0500030517578,1397200,187.8489532470703
APD,APD,2019-06-21,222.42999267578125,223.91000366210938,221.27000427246094,222.13999938964844,1542200,187.9251251220703
APD,APD,2019-06-24,222.77000427246094,225.27999877929688,222.14999389648438,223.63999938964844,765100,189.19403076171875
APD,APD,2019-06-25,224.1999969482422,225.35000610351562,223.5800018310547,224.6999969482422,926300,190.0907745361328
APD,APD,2019-06-26,224.9499969482422,224.97999572753906,221.38999938964844,223.92999267578125,843700,189.43939208984375
APD,APD,2019-06-27,224.3699951171875,225.10000610351562,222.92999267578125,223.5,738700,189.07562255859375
APD,APD,2019-06-28,223.47999572753906,226.64999389648438,222.61000061035156,226.3699951171875,1522000,192.502685546875
APD,APD,2019-07-01,227.50999450683594,228.97000122070312,225.11000061035156,228.82000732421875,810700,194.58612060546875
APD,APD,2019-07-02,228.58999633789062,230.27000427246094,227.5,230.27000427246094,729500,195.8192138671875
APD,APD,2019-07-03,229.82000732421875,231.4499969482422,228.8800048828125,231.39999389648438,696600,196.78012084960938
APD,APD,2019-07-05,229.60000610351562,230.60000610351562,227.6300048828125,230.5800018310547,569700,196.0828094482422
APD,APD,2019-07-08,230.36000061035156,230.49000549316406,227.92999267578125,228.30999755859375,1006200,194.1524658203125
APD,APD,2019-07-09,228.33999633789062,228.33999633789062,225.22999572753906,226.0500030517578,1124600,192.23056030273438
APD,APD,2019-07-10,227.83999633789062,228.49000549316406,225.67999267578125,226.25999450683594,848600,192.40916442871094
APD,APD,2019-07-11,225.5,227.75999450683594,224.3699951171875,227.75999450683594,763100,193.68475341796875
APD,APD,2019-07-12,226.52000427246094,228.32000732421875,225.36000061035156,227.16000366210938,653100,193.17449951171875
APD,APD,2019-07-15,227.42999267578125,228.1999969482422,226.77000427246094,227.66000366210938,701900,193.59967041015625
APD,APD,2019-07-16,227.6699981689453,228.72000122070312,226.9499969482422,227.10000610351562,599500,193.12350463867188
APD,APD,2019-07-17,227.86000061035156,228.11000061035156,226.16000366210938,226.42999267578125,1000900,192.5537109375
APD,APD,2019-07-18,224.6199951171875,226.22000122070312,223.80999755859375,225.5399932861328,1160300,191.796875
APD,APD,2019-07-19,225.94000244140625,226.88999938964844,224.4199981689453,224.52999877929688,1245000,190.93798828125
APD,APD,2019-07-22,225.5399932861328,226.4199981689453,224.86000061035156,226.00999450683594,855500,192.19654846191406
APD,APD,2019-07-23,226.6999969482422,229.27000427246094,225.5399932861328,228.86000061035156,939000,194.62020874023438
APD,APD,2019-07-24,227.57000732421875,228.5399932861328,224.5800018310547,224.86000061035156,1106400,191.2186279296875
APD,APD,2019-07-25,224.0,227.83999633789062,219.5800018310547,227.64999389648438,1292400,193.5911865234375
APD,APD,2019-07-26,227.72000122070312,230.58999633789062,226.11000061035156,230.5500030517578,2272400,196.05734252929688
APD,APD,2019-07-29,230.66000366210938,231.92999267578125,229.0,231.19000244140625,921600,196.60154724121094
APD,APD,2019-07-30,230.3300018310547,232.47000122070312,229.25,231.80999755859375,968200,197.1288299560547
APD,APD,2019-07-31,230.91000366210938,231.60000610351562,225.41000366210938,228.27000427246094,2174000,194.11842346191406
APD,APD,2019-08-01,226.25999450683594,230.85000610351562,225.5,226.3699951171875,1486600,192.502685546875
APD,APD,2019-08-02,225.02999877929688,225.05999755859375,220.72999572753906,222.83999633789062,1011000,189.50079345703125
APD,APD,2019-08-05,221.08999633789062,222.49000549316406,217.61000061035156,220.05999755859375,1369700,187.13673400878906
APD,APD,2019-08-06,221.0,221.9499969482422,218.00999450683594,221.4199981689453,851000,188.293212890625
APD,APD,2019-08-07,220.13999938964844,223.99000549316406,218.50999450683594,223.47000122070312,1030600,190.0365447998047
APD,APD,2019-08-08,225.2899932861328,229.07000732421875,224.63999938964844,227.97999572753906,951900,193.87184143066406
APD,APD,2019-08-09,228.35000610351562,231.2100067138672,227.63999938964844,229.8699951171875,1063300,195.47901916503906
APD,APD,2019-08-12,229.30999755859375,231.49000549316406,226.8800048828125,227.1300048828125,906800,193.14898681640625
APD,APD,2019-08-13,227.75,232.17999267578125,226.0,229.6699981689453,772500,195.3089599609375
APD,APD,2019-08-14,226.6999969482422,229.9199981689453,222.5,222.58999633789062,971600,189.2882080078125
APD,APD,2019-08-15,223.5800018310547,227.25999450683594,222.67999267578125,226.33999633789062,1132200,192.47718811035156
APD,APD,2019-08-16,227.17999267578125,229.39999389648438,225.9600067138672,228.75999450683594,713800,194.5351104736328
APD,APD,2019-08-19,229.33999633789062,230.33999633789062,227.38999938964844,228.57000732421875,747900,194.37353515625
APD,APD,2019-08-20,226.64999389648438,227.36000061035156,225.0500030517578,225.72999572753906,592000,191.9584503173828
APD,APD,2019-08-21,227.6699981689453,228.94000244140625,226.97999572753906,228.63999938964844,584400,194.43304443359375
APD,APD,2019-08-22,228.58999633789062,229.5399932861328,224.9600067138672,225.27999877929688,733100,191.57577514648438
APD,APD,2019-08-23,225.4499969482422,225.8300018310547,219.4199981689453,220.63999938964844,942300,187.62997436523438
APD,APD,2019-08-26,222.5500030517578,223.42999267578125,221.8300018310547,222.7899932861328,641500,189.45828247070312
APD,APD,2019-08-27,224.4600067138672,225.89999389648438,223.5,225.5399932861328,644500,191.796875
APD,APD,2019-08-28,225.22999572753906,226.60000610351562,224.0,225.7899932861328,489000,192.00941467285156
APD,APD,2019-08-29,228.5,228.92999267578125,224.02999877929688,224.44000244140625,948100,190.8614044189453
APD,APD,2019-08-30,226.64999389648438,226.64999389648438,223.77999877929688,225.9199981689453,875100,192.12002563476562
APD,APD,2019-09-03,223.97000122070312,226.25999450683594,223.69000244140625,225.55999755859375,728600,191.81385803222656
APD,APD,2019-09-04,227.3800048828125,228.3800048828125,226.44000244140625,227.4199981689453,647200,193.39559936523438
APD,APD,2019-09-05,228.9600067138672,229.5,223.89999389648438,224.57000732421875,1233100,190.97201538085938
APD,APD,2019-09-06,225.2100067138672,226.25999450683594,224.00999450683594,225.58999633789062,822900,191.83935546875
APD,APD,2019-09-09,225.9499969482422,225.9499969482422,214.82000732421875,216.36000061035156,1580100,183.99026489257812
APD,APD,2019-09-10,216.27000427246094,216.55999755859375,211.99000549316406,213.77999877929688,2356400,181.7962646484375
APD,APD,2019-09-11,213.02000427246094,216.44000244140625,210.3699951171875,216.33999633789062,1494100,183.97329711914062
APD,APD,2019-09-12,218.22999572753906,222.25999450683594,217.8300018310547,220.6699981689453,1203500,187.65545654296875
APD,APD,2019-09-13,220.66000366210938,222.5800018310547,219.97000122070312,222.24000549316406,1042500,188.99057006835938
APD,APD,2019-09-16,221.9600067138672,222.1999969482422,215.14999389648438,215.24000549316406,1033800,183.037841796875
APD,APD,2019-09-17,216.8699951171875,222.50999450683594,215.4600067138672,221.57000732421875,1008900,188.42080688476562
APD,APD,2019-09-18,222.17999267578125,222.25999450683594,219.5500030517578,221.6199951171875,546100,188.46331787109375
APD,APD,2019-09-19,222.69000244140625,224.19000244140625,221.86000061035156,222.27999877929688,858200,189.0245819091797
APD,APD,2019-09-20,223.3300018310547,223.74000549316406,220.07000732421875,221.5500030517578,1149400,188.40379333496094
APD,APD,2019-09-23,220.24000549316406,222.1199951171875,219.72999572753906,220.4600067138672,632500,187.47689819335938
APD,APD,2019-09-24,220.64999389648438,222.85000610351562,219.7899932861328,220.41000366210938,929600,187.4343719482422
APD,APD,2019-09-25,219.7899932861328,221.0500030517578,218.7100067138672,220.6300048828125,573500,187.62149047851562
APD,APD,2019-09-26,221.33999633789062,224.30999755859375,219.85000610351562,223.2899932861328,561300,189.8834991455078
APD,APD,2019-09-27,224.22999572753906,224.83999633789062,219.8800048828125,221.05999755859375,509500,187.9871368408203
APD,APD,2019-09-30,219.2100067138672,222.10000610351562,218.36000061035156,221.86000061035156,659500,189.66265869140625
APD,APD,2019-10-01,222.52999877929688,223.0,215.9600067138672,216.47999572753906,741700,185.0634002685547
APD,APD,2019-10-02,213.66000366210938,214.0,206.9600067138672,210.47000122070312,1362500,179.92562866210938
APD,APD,2019-10-03,210.3300018310547,212.27999877929688,208.58999633789062,210.8300018310547,833000,180.23338317871094
APD,APD,2019-10-04,212.1300048828125,214.89999389648438,211.5800018310547,213.8800048828125,770700,182.84078979492188
APD,APD,2019-10-07,213.3300018310547,215.89999389648438,212.5,213.9600067138672,727800,182.90916442871094
APD,APD,2019-10-08,213.35000610351562,213.35000610351562,207.66000366210938,207.75999450683594,1025300,177.60890197753906
APD,APD,2019-10-09,210.1199951171875,212.66000366210938,208.82000732421875,211.74000549316406,810100,181.01136779785156
APD,APD,2019-10-10,212.44000244140625,215.77000427246094,211.77000427246094,214.6699981689453,741500,183.5161590576172
APD,APD,2019-10-11,217.52999877929688,219.86000061035156,216.7100067138672,217.2899932861328,737600,185.7559051513672
APD,APD,2019-10-14,216.58999633789062,217.9199981689453,213.74000549316406,213.86000061035156,650600,182.82369995117188
APD,APD,2019-10-15,215.7100067138672,216.75999450683594,214.72000122070312,215.22000122070312,679400,183.9862518310547
APD,APD,2019-10-16,215.0399932861328,215.64999389648438,213.5,214.2100067138672,523900,183.12289428710938
APD,APD,2019-10-17,214.25999450683594,215.72999572753906,214.17999267578125,214.3699951171875,463700,183.25967407226562
APD,APD,2019-10-18,214.3000030517578,215.64999389648438,213.77999877929688,214.8800048828125,633100,183.69561767578125
APD,APD,2019-10-21,215.72000122070312,215.94000244140625,213.3000030517578,213.5,726300,182.5159454345703
APD,APD,2019-10-22,213.0,213.6300048828125,206.6999969482422,206.97000122070312,1482600,176.93357849121094
APD,APD,2019-10-23,208.67999267578125,211.2899932861328,207.42999267578125,210.05999755859375,1179800,179.57516479492188
APD,APD,2019-10-24,211.32000732421875,212.52999877929688,210.7100067138672,211.47000122070312,669800,180.780517578125
APD,APD,2019-10-25,211.47999572753906,214.1199951171875,210.2100067138672,213.25999450683594,570100,182.31077575683594
APD,APD,2019-10-28,214.08999633789062,214.47000122070312,211.27000427246094,211.47999572753906,980200,180.78907775878906
APD,APD,2019-10-29,211.74000549316406,221.27000427246094,210.9499969482422,217.82000732421875,1177000,186.208984375
APD,APD,2019-10-30,216.8000030517578,217.1999969482422,215.02999877929688,216.72999572753906,604800,185.2771759033203
APD,APD,2019-10-31,216.13999938964844,217.2899932861328,212.44000244140625,213.25999450683594,1011900,182.31077575683594
APD,APD,2019-11-01,214.7100067138672,215.66000366210938,213.0399932861328,213.55999755859375,738700,182.56719970703125
APD,APD,2019-11-04,214.92999267578125,215.92999267578125,212.82000732421875,214.4199981689453,962200,183.3024139404297
APD,APD,2019-11-05,213.82000732421875,218.36000061035156,212.9600067138672,216.5800018310547,980600,185.14891052246094
APD,APD,2019-11-06,216.83999633789062,219.1699981689453,215.2899932861328,218.85000610351562,1019700,187.08946228027344
APD,APD,2019-11-07,221.0,228.42999267578125,218.50999450683594,227.5800018310547,1935900,194.55258178710938
APD,APD,2019-11-08,231.7100067138672,234.61000061035156,230.2899932861328,233.8699951171875,1810100,199.92971801757812
APD,APD,2019-11-11,233.02999877929688,235.49000549316406,232.57000732421875,235.02999877929688,906100,200.92138671875
APD,APD,2019-11-12,236.1300048828125,237.74000549316406,235.25,237.00999450683594,1152000,202.614013671875
APD,APD,2019-11-13,236.72000122070312,238.08999633789062,236.0399932861328,237.52000427246094,1175400,203.0500946044922
APD,APD,2019-11-14,236.3800048828125,238.5399932861328,236.25999450683594,238.17999267578125,949500,203.61424255371094
APD,APD,2019-11-15,239.52000427246094,241.0,238.6300048828125,240.9199981689453,1259800,205.95660400390625
APD,APD,2019-11-18,239.08999633789062,241.77999877929688,239.08999633789062,241.19000244140625,976200,206.18743896484375
APD,APD,2019-11-19,241.22999572753906,241.89999389648438,240.22000122070312,241.30999755859375,816000,206.2900390625
APD,APD,2019-11-20,241.05999755859375,241.77999877929688,236.99000549316406,237.89999389648438,1199500,203.37486267089844
APD,APD,2019-11-21,237.27999877929688,238.0800018310547,235.5800018310547,237.63999938964844,774000,203.1526336669922
APD,APD,2019-11-22,237.86000061035156,239.0,235.25,237.60000610351562,979200,203.118408203125
APD,APD,2019-11-25,238.24000549316406,239.1199951171875,233.13999938964844,234.74000549316406,1316500,200.67349243164062
APD,APD,2019-11-26,234.1999969482422,235.82000732421875,232.27999877929688,234.39999389648438,1438200,200.38278198242188
APD,APD,2019-11-27,234.39999389648438,236.30999755859375,233.10000610351562,236.0399932861328,685100,201.78480529785156
APD,APD,2019-11-29,236.3800048828125,238.17999267578125,235.32000732421875,236.3300018310547,653400,202.03273010253906
APD,APD,2019-12-02,236.0,236.1999969482422,230.7100067138672,230.97000122070312,1150700,197.4506072998047
APD,APD,2019-12-03,229.9199981689453,231.4199981689453,227.97999572753906,229.69000244140625,1162400,196.35635375976562
APD,APD,2019-12-04,230.5,231.3699951171875,228.9199981689453,228.9199981689453,972800,195.69808959960938
APD,APD,2019-12-05,229.16000366210938,231.22999572753906,229.07000732421875,230.4600067138672,1029200,197.01463317871094
APD,APD,2019-12-06,232.8000030517578,232.88999938964844,231.5500030517578,232.02999877929688,618700,198.35679626464844
APD,APD,2019-12-09,232.35000610351562,233.14999389648438,230.82000732421875,230.82000732421875,978500,197.32235717773438
APD,APD,2019-12-10,230.77000427246094,231.7100067138672,229.3699951171875,229.5,928900,196.19395446777344
APD,APD,2019-12-11,230.39999389648438,230.47000122070312,228.4199981689453,229.5,1248100,196.19395446777344
APD,APD,2019-12-12,229.7899932861328,232.80999755859375,229.35000610351562,232.39999389648438,2177400,198.67306518554688
APD,APD,2019-12-13,231.58999633789062,234.49000549316406,230.55999755859375,230.74000549316406,881100,197.2539825439453
APD,APD,2019-12-16,232.11000061035156,234.5800018310547,231.7899932861328,234.44000244140625,1089200,200.41702270507812
APD,APD,2019-12-17,234.77999877929688,236.6999969482422,233.8300018310547,235.61000061035156,1220800,201.41722106933594
APD,APD,2019-12-18,235.08999633789062,235.52000427246094,230.5800018310547,233.11000061035156,1056100,199.280029296875
APD,APD,2019-12-19,232.8300018310547,235.22999572753906,232.8300018310547,233.05999755859375,912800,199.23727416992188
APD,APD,2019-12-20,233.9600067138672,235.82000732421875,233.16000366210938,235.0,1738200,200.89576721191406
APD,APD,2019-12-23,236.07000732421875,236.3699951171875,234.3800048828125,235.13999938964844,831000,201.0154266357422
APD,APD,2019-12-24,234.97999572753906,236.1199951171875,234.0,235.0500030517578,162700,200.93846130371094
APD,APD,2019-12-26,236.30999755859375,236.30999755859375,234.8000030517578,236.0800018310547,344800,201.8190460205078
APD,APD,2019-12-27,237.13999938964844,237.30999755859375,235.00999450683594,235.49000549316406,416100,201.31460571289062
APD,APD,2019-12-30,235.80999755859375,236.0800018310547,234.3300018310547,235.3300018310547,470800,201.17787170410156
APD,APD,2019-12-31,234.6699981689453,235.1300048828125,233.42999267578125,234.99000549316406,527100,201.88232421875
APD,APD,2020-01-02,235.25,236.8000030517578,230.83999633789062,231.13999938964844,1320500,198.5747833251953
APD,APD,2020-01-03,228.64999389648438,230.27000427246094,225.97999572753906,226.0,1710400,194.15890502929688
APD,APD,2020-01-06,225.14999389648438,228.14999389648438,224.94000244140625,225.89999389648438,1737400,194.07296752929688
APD,APD,2020-01-07,225.41000366210938,228.8300018310547,224.91000366210938,226.86000061035156,1518900,194.89776611328125
APD,APD,2020-01-08,227.7100067138672,228.9499969482422,225.86000061035156,228.08999633789062,965700,195.9544677734375
APD,APD,2020-01-09,230.07000732421875,233.72999572753906,229.27999877929688,233.5,1320900,200.60226440429688
APD,APD,2020-01-10,234.5,235.2899932861328,231.25,232.0,949000,199.31356811523438
APD,APD,2020-01-13,232.36000061035156,237.27000427246094,232.27999877929688,236.86000061035156,1376800,203.4888458251953
APD,APD,2020-01-14,236.02999877929688,236.99000549316406,233.88999938964844,234.52000427246094,944200,201.47857666015625
APD,APD,2020-01-15,235.0800018310547,236.72999572753906,233.75999450683594,235.4600067138672,779500,202.28610229492188
APD,APD,2020-01-16,236.8699951171875,237.22999572753906,235.47999572753906,235.77000427246094,756600,202.5524444580078
APD,APD,2020-01-17,236.0500030517578,237.35000610351562,235.1699981689453,237.0,1857000,203.60911560058594
APD,APD,2020-01-21,236.4600067138672,239.1199951171875,235.33999633789062,237.17999267578125,1699900,203.7637939453125
APD,APD,2020-01-22,238.61000061035156,239.13999938964844,236.9199981689453,238.0399932861328,927800,204.50265502929688
APD,APD,2020-01-23,235.82000732421875,237.72000122070312,233.63999938964844,237.2899932861328,1072300,203.85829162597656
APD,APD,2020-01-24,237.5399932861328,244.61000061035156,237.5399932861328,243.9499969482422,1763500,209.57997131347656
APD,APD,2020-01-27,240.39999389648438,240.8699951171875,233.36000061035156,233.47000122070312,1368900,200.57644653320312
APD,APD,2020-01-28,234.08999633789062,237.4199981689453,233.74000549316406,236.4499969482422,1338500,203.1366424560547
APD,APD,2020-01-29,237.92999267578125,237.92999267578125,235.55999755859375,237.27000427246094,709000,203.84107971191406
APD,APD,2020-01-30,236.32000732421875,241.74000549316406,236.13999938964844,241.41000366210938,1074100,207.39781188964844
APD,APD,2020-01-31,240.33999633789062,240.64999389648438,237.80999755859375,238.7100067138672,1596400,205.07821655273438
APD,APD,2020-02-03,239.88999938964844,243.6699981689453,238.3699951171875,243.00999450683594,1639600,208.77236938476562
APD,APD,2020-02-04,244.91000366210938,248.0,243.27999877929688,247.08999633789062,1447300,212.2775115966797
APD,APD,2020-02-05,248.72000122070312,250.58999633789062,243.13999938964844,250.27999877929688,1590800,215.01812744140625
APD,APD,2020-02-06,250.72999572753906,251.6199951171875,248.82000732421875,251.05999755859375,1517600,215.68820190429688
APD,APD,2020-02-07,250.39999389648438,251.3699951171875,249.1300048828125,249.9199981689453,730800,214.70880126953125
APD,APD,2020-02-10,251.5,252.0,250.32000732421875,251.7100067138672,861600,216.24664306640625
APD,APD,2020-02-11,253.27999877929688,254.30999755859375,252.22000122070312,252.41000366210938,965400,216.84805297851562
APD,APD,2020-02-12,252.8000030517578,254.7100067138672,252.61000061035156,254.10000610351562,690000,218.29994201660156
APD,APD,2020-02-13,253.88999938964844,256.32000732421875,253.25999450683594,254.8800048828125,666200,218.97000122070312
APD,APD,2020-02-14,255.22000122070312,256.04998779296875,254.64999389648438,256.010009765625,650800,219.94085693359375
APD,APD,2020-02-18,255.91000366210938,256.5899963378906,254.97000122070312,255.74000549316406,857900,219.70889282226562
APD,APD,2020-02-19,256.4100036621094,257.010009765625,255.00999450683594,255.82000732421875,931000,219.77755737304688
APD,APD,2020-02-20,254.89999389648438,256.010009765625,252.11000061035156,255.39999389648438,922900,219.41677856445312
APD,APD,2020-02-21,255.24000549316406,255.58999633789062,253.6999969482422,254.97000122070312,1587000,219.04733276367188
APD,APD,2020-02-24,249.75999450683594,251.08999633789062,244.67999267578125,245.52999877929688,1330700,210.93736267089844
APD,APD,2020-02-25,245.5399932861328,246.38999938964844,234.82000732421875,235.49000549316406,1423700,202.31187438964844
APD,APD,2020-02-26,235.9499969482422,240.1699981689453,235.11000061035156,235.52000427246094,1310200,202.33766174316406
APD,APD,2020-02-27,231.8800048828125,233.27999877929688,223.99000549316406,224.08999633789062,1410300,192.51805114746094
APD,APD,2020-02-28,217.38999938964844,222.77999877929688,213.80999755859375,219.61000061035156,2353600,188.66917419433594
APD,APD,2020-03-02,221.08999633789062,230.83999633789062,220.6300048828125,230.64999389648438,1625400,198.15379333496094
APD,APD,2020-03-03,231.08999633789062,237.22000122070312,224.5500030517578,227.36000061035156,1607800,195.32730102539062
APD,APD,2020-03-04,231.4199981689453,237.44000244140625,229.7899932861328,237.1999969482422,1213900,203.7809295654297
APD,APD,2020-03-05,230.5,234.72999572753906,229.16000366210938,234.0,1548200,201.03182983398438
APD,APD,2020-03-06,226.22999572753906,231.52999877929688,225.44000244140625,229.7100067138672,2175000,197.34620666503906
APD,APD,2020-03-09,214.99000549316406,214.99000549316406,204.74000549316406,205.14999389648438,2393700,176.24644470214844
APD,APD,2020-03-10,210.92999267578125,214.5800018310547,204.6199951171875,214.5800018310547,1962500,184.34788513183594
APD,APD,2020-03-11,210.0,213.1300048828125,203.4499969482422,207.8000030517578,1470600,178.52313232421875
APD,APD,2020-03-12,197.89999389648438,206.1699981689453,178.47999572753906,187.72999572753906,2288700,161.28079223632812
APD,APD,2020-03-13,197.14999389648438,206.52000427246094,188.6699981689453,206.36000061035156,2180400,177.28602600097656
APD,APD,2020-03-16,170.14999389648438,191.1999969482422,167.42999267578125,180.35000610351562,1809000,154.9405517578125
APD,APD,2020-03-17,185.35000610351562,205.75999450683594,181.58999633789062,205.10000610351562,2284700,176.20347595214844
APD,APD,2020-03-18,190.7100067138672,211.52999877929688,182.8300018310547,201.57000732421875,2582200,173.17088317871094
APD,APD,2020-03-19,199.5,204.86000061035156,188.5800018310547,191.0399932861328,1818200,164.12442016601562
APD,APD,2020-03-20,190.97000122070312,193.85000610351562,182.2899932861328,189.14999389648438,2155600,162.50070190429688
APD,APD,2020-03-23,186.41000366210938,194.61000061035156,173.91000366210938,176.72999572753906,2162800,151.83058166503906
APD,APD,2020-03-24,185.55999755859375,200.72000122070312,179.27000427246094,194.4199981689453,2161600,167.02821350097656
APD,APD,2020-03-25,193.36000061035156,204.6199951171875,189.72000122070312,191.14999389648438,2165300,164.2189178466797
APD,APD,2020-03-26,192.97999572753906,202.8000030517578,189.97999572753906,201.33999633789062,1512800,172.97325134277344
APD,APD,2020-03-27,195.30999755859375,199.14999389648438,191.33999633789062,193.1699981689453,1173100,165.954345703125
APD,APD,2020-03-30,198.47000122070312,208.58999633789062,197.10000610351562,206.52999877929688,1281800,177.43203735351562
APD,APD,2020-03-31,202.6999969482422,205.8800048828125,197.47000122070312,199.61000061035156,2372800,172.60690307617188
APD,APD,2020-04-01,192.0,197.39999389648438,188.5399932861328,189.27999877929688,1566500,163.6743621826172
APD,APD,2020-04-02,187.6300048828125,199.24000549316406,186.4499969482422,194.5,1963500,168.1881866455078
APD,APD,2020-04-03,193.38999938964844,194.99000549316406,185.25,186.60000610351562,1943700,161.3568572998047
APD,APD,2020-04-06,194.6199951171875,198.1999969482422,190.61000061035156,193.86000061035156,2090400,167.6347198486328
APD,APD,2020-04-07,198.61000061035156,205.74000549316406,198.25,202.02999877929688,1383800,174.69955444335938
APD,APD,2020-04-08,203.47000122070312,217.5800018310547,201.07000732421875,215.75999450683594,1804000,186.5721435546875
APD,APD,2020-04-09,215.1300048828125,222.60000610351562,215.1300048828125,219.32000732421875,1744000,189.6505126953125
APD,APD,2020-04-13,218.1999969482422,219.99000549316406,213.50999450683594,216.19000244140625,1096700,186.94395446777344
APD,APD,2020-04-14,221.63999938964844,224.27999877929688,218.49000549316406,220.7899932861328,965400,190.92169189453125
APD,APD,2020-04-15,219.27000427246094,219.27000427246094,212.02999877929688,213.82000732421875,1042400,184.89454650878906
APD,APD,2020-04-16,214.44000244140625,215.27000427246094,211.5500030517578,212.8800048828125,974400,184.0817413330078
APD,APD,2020-04-17,217.4600067138672,223.83999633789062,214.61000061035156,221.5,1755600,191.53562927246094
APD,APD,2020-04-20,219.49000549316406,221.17999267578125,213.22000122070312,214.3699951171875,800500,185.37017822265625
APD,APD,2020-04-21,209.9600067138672,210.1199951171875,205.41000366210938,207.38999938964844,1498500,179.3344268798828
APD,APD,2020-04-22,213.64999389648438,215.38999938964844,210.77999877929688,214.44000244140625,1318100,185.43069458007812
APD,APD,2020-04-23,218.22000122070312,219.7899932861328,209.6699981689453,211.27000427246094,1113900,182.68954467773438
APD,APD,2020-04-24,213.3000030517578,217.3300018310547,212.22999572753906,216.77999877929688,811900,187.4541778564453
APD,APD,2020-04-27,216.4499969482422,222.4499969482422,215.50999450683594,222.25999450683594,1194300,192.1927947998047
APD,APD,2020-04-28,225.4199981689453,227.1999969482422,221.1199951171875,223.6199951171875,1093400,193.36883544921875
APD,APD,2020-04-29,225.97999572753906,231.8800048828125,225.0399932861328,230.6699981689453,1323800,199.46511840820312
APD,APD,2020-04-30,225.91000366210938,228.5,224.14999389648438,225.5800018310547,1284000,195.06369018554688
APD,APD,2020-05-01,220.38999938964844,222.89999389648438,218.8699951171875,222.25,827200,192.18417358398438
APD,APD,2020-05-04,221.5500030517578,224.50999450683594,219.52000427246094,223.35000610351562,1345100,193.13536071777344
APD,APD,2020-05-05,225.0,227.80999755859375,223.52999877929688,224.3000030517578,1106400,193.95684814453125
APD,APD,2020-05-06,223.72999572753906,226.5,222.92999267578125,223.3800048828125,1314400,193.1613311767578
APD,APD,2020-05-07,226.14999389648438,228.42999267578125,223.16000366210938,226.8000030517578,761700,196.11868286132812
APD,APD,2020-05-08,231.0800018310547,233.55999755859375,229.19000244140625,233.47999572753906,808700,201.89498901367188
APD,APD,2020-05-11,229.0,233.52999877929688,227.88999938964844,232.6699981689453,852300,201.1945343017578
APD,APD,2020-05-12,232.63999938964844,234.14999389648438,230.07000732421875,230.25999450683594,1062800,199.11061096191406
APD,APD,2020-05-13,229.85000610351562,232.85000610351562,223.2899932861328,225.83999633789062,1128400,195.28851318359375
APD,APD,2020-05-14,221.7100067138672,225.77000427246094,219.52000427246094,225.6199951171875,958900,195.0983123779297
APD,APD,2020-05-15,224.72000122070312,228.1199951171875,222.52000427246094,228.0399932861328,1441300,197.19093322753906
APD,APD,2020-05-18,235.92999267578125,241.32000732421875,235.85000610351562,238.9499969482422,1159300,206.62501525878906
APD,APD,2020-05-19,237.69000244140625,239.22000122070312,235.7899932861328,236.02999877929688,720400,204.1000213623047
APD,APD,2020-05-20,239.66000366210938,242.27000427246094,238.52999877929688,239.8000030517578,781700,207.36001586914062
APD,APD,2020-05-21,238.97999572753906,240.25,235.19000244140625,235.5399932861328,736200,203.6763153076172
APD,APD,2020-05-22,234.4600067138672,235.88999938964844,233.1699981689453,234.35000610351562,775100,202.6472930908203
APD,APD,2020-05-26,238.94000244140625,240.52000427246094,237.24000549316406,237.8000030517578,1043100,205.63059997558594
APD,APD,2020-05-27,240.25,240.64999389648438,232.41000366210938,235.16000366210938,1025700,203.3477020263672
APD,APD,2020-05-28,239.08999633789062,242.86000061035156,236.6699981689453,240.67999267578125,930100,208.12100219726562
APD,APD,2020-05-29,241.3000030517578,242.97000122070312,239.5500030517578,241.64999389648438,1241800,208.95974731445312
APD,APD,2020-06-01,242.11000061035156,244.61000061035156,239.42999267578125,242.60000610351562,711700,209.78123474121094
APD,APD,2020-06-02,242.5399932861328,245.42999267578125,241.80999755859375,245.3000030517578,933700,212.115966796875
APD,APD,2020-06-03,246.9499969482422,250.61000061035156,245.3800048828125,248.4600067138672,849100,214.84854125976562
APD,APD,2020-06-04,247.35000610351562,248.82000732421875,243.11000061035156,243.97000122070312,1210300,210.9658966064453
APD,APD,2020-06-05,249.8300018310547,250.33999633789062,247.42999267578125,248.5800018310547,1243100,214.95230102539062
APD,APD,2020-06-08,246.92999267578125,249.82000732421875,245.99000549316406,249.5800018310547,889400,215.81700134277344
APD,APD,2020-06-09,247.3800048828125,251.3000030517578,245.8300018310547,250.8699951171875,1014400,216.93251037597656
APD,APD,2020-06-10,251.9499969482422,252.5399932861328,247.49000549316406,247.86000061035156,625900,214.32968139648438
APD,APD,2020-06-11,243.3800048828125,244.47000122070312,232.6300048828125,233.0800018310547,1370100,201.5491180419922
APD,APD,2020-06-12,238.8800048828125,240.00999450683594,230.6300048828125,235.0399932861328,854300,203.24395751953125
APD,APD,2020-06-15,230.0,238.39999389648438,229.1699981689453,237.00999450683594,709300,204.94741821289062
APD,APD,2020-06-16,241.22000122070312,242.7100067138672,236.61000061035156,238.0399932861328,961600,205.83810424804688
APD,APD,2020-06-17,240.1300048828125,240.5399932861328,236.75,237.4499969482422,513900,205.32794189453125
APD,APD,2020-06-18,237.57000732421875,239.55999755859375,236.24000549316406,238.11000061035156,678400,205.89865112304688
APD,APD,2020-06-19,241.9499969482422,241.9499969482422,235.38999938964844,235.50999450683594,1386600,203.65036010742188
APD,APD,2020-06-22,235.10000610351562,237.6300048828125,233.60000610351562,236.47000122070312,667200,204.48049926757812
APD,APD,2020-06-23,239.38999938964844,240.32000732421875,236.50999450683594,239.08999633789062,975900,206.74607849121094
APD,APD,2020-06-24,236.97999572753906,238.99000549316406,230.0,233.13999938964844,1164400,201.6009979248047
APD,APD,2020-06-25,232.94000244140625,237.64999389648438,230.72999572753906,237.3000030517578,860400,205.1982421875
APD,APD,2020-06-26,236.55999755859375,238.02999877929688,234.42999267578125,236.02000427246094,1243700,204.09133911132812
APD,APD,2020-06-29,238.61000061035156,239.92999267578125,235.8000030517578,238.61000061035156,993300,206.33102416992188
APD,APD,2020-06-30,236.16000366210938,243.0500030517578,236.0,241.4600067138672,1544500,209.97463989257812
APD,APD,2020-07-01,241.89999389648438,244.85000610351562,239.36000061035156,243.75,1049100,211.9660186767578
APD,APD,2020-07-02,245.1699981689453,247.75999450683594,244.9199981689453,247.4199981689453,1333000,215.15748596191406
APD,APD,2020-07-06,250.3300018310547,250.97999572753906,244.86000061035156,248.91000366210938,1131600,216.4531707763672
APD,APD,2020-07-07,251.85000610351562,265.2699890136719,251.6699981689453,265.1300048828125,2682600,230.5581817626953
APD,APD,2020-07-08,266.3999938964844,276.8599853515625,265.9800109863281,269.7900085449219,2793000,234.61058044433594
APD,APD,2020-07-09,271.0199890136719,272.010009765625,265.94000244140625,271.6000061035156,1504300,236.1845245361328
APD,APD,2020-07-10,272.4100036621094,273.8399963378906,269.8399963378906,273.19000244140625,951600,237.56724548339844
APD,APD,2020-07-13,276.07000732421875,280.70001220703125,273.5400085449219,274.3500061035156,1180900,238.57595825195312
APD,APD,2020-07-14,274.0,281.54998779296875,273.0299987792969,280.989990234375,1990300,244.35009765625
APD,APD,2020-07-15,282.75,285.29998779296875,281.1000061035156,281.9700012207031,1327100,245.20230102539062
APD,APD,2020-07-16,283.17999267578125,288.0,282.760009765625,287.19000244140625,2252300,249.7416229248047
APD,APD,2020-07-17,289.0,295.3699951171875,287.6199951171875,294.0,1961500,255.6636505126953
APD,APD,2020-07-20,293.4599914550781,295.8999938964844,288.0,290.8699951171875,1037600,252.94186401367188
APD,APD,2020-07-21,291.0,292.6700134277344,289.9100036621094,290.3900146484375,1057500,252.52435302734375
APD,APD,2020-07-22,290.42999267578125,296.2799987792969,289.6600036621094,295.510009765625,820600,256.9767761230469
APD,APD,2020-07-23,289.44000244140625,299.82000732421875,289.44000244140625,293.25,1318700,255.01141357421875
APD,APD,2020-07-24,291.9700012207031,293.3500061035156,289.3500061035156,291.5199890136719,1064000,253.50704956054688
APD,APD,2020-07-27,293.6499938964844,297.0899963378906,292.260009765625,294.7099914550781,1077300,256.2810974121094
APD,APD,2020-07-28,294.489990234375,294.7200012207031,289.1400146484375,289.2699890136719,775400,251.55044555664062
APD,APD,2020-07-29,289.2099914550781,292.7300109863281,288.42999267578125,288.8500061035156,1131200,251.18516540527344
APD,APD,2020-07-30,286.0199890136719,287.4100036621094,283.17999267578125,284.80999755859375,1042200,247.67198181152344
APD,APD,2020-07-31,285.6199951171875,286.739990234375,281.05999755859375,286.6300048828125,1546200,249.25466918945312
APD,APD,2020-08-03,288.0799865722656,288.6300048828125,278.3299865722656,278.4100036621094,1731000,242.1065216064453
APD,APD,2020-08-04,276.3299865722656,280.9599914550781,274.55999755859375,279.5799865722656,2065300,243.1239471435547
APD,APD,2020-08-05,281.1499938964844,288.0400085449219,281.0799865722656,284.6199951171875,1624700,247.50680541992188
APD,APD,2020-08-06,283.6600036621094,284.9700012207031,281.05999755859375,282.989990234375,1293700,246.08926391601562
APD,APD,2020-08-07,283.3299865722656,283.3299865722656,279.20001220703125,281.69000244140625,861700,244.9587860107422
APD,APD,2020-08-10,280.7799987792969,281.7900085449219,278.8999938964844,281.239990234375,980600,244.56747436523438
APD,APD,2020-08-11,282.1099853515625,284.69000244140625,280.8500061035156,281.6000061035156,967000,244.88055419921875
APD,APD,2020-08-12,284.0,287.3599853515625,282.6099853515625,285.3999938964844,755400,248.18505859375
APD,APD,2020-08-13,284.2799987792969,288.489990234375,284.1700134277344,288.30999755859375,758200,250.71560668945312
APD,APD,2020-08-14,288.4200134277344,292.04998779296875,287.67999267578125,289.82000732421875,1017200,252.02877807617188
APD,APD,2020-08-17,291.7799987792969,293.30999755859375,289.0899963378906,289.55999755859375,846100,251.80262756347656
APD,APD,2020-08-18,290.55999755859375,291.4800109863281,285.94000244140625,286.3500061035156,763900,249.01119995117188
APD,APD,2020-08-19,289.2099914550781,289.2099914550781,286.4200134277344,286.95001220703125,482800,249.532958984375
APD,APD,2020-08-20,284.0799865722656,286.3900146484375,283.489990234375,286.07000732421875,430400,248.7676544189453
APD,APD,2020-08-21,285.44000244140625,286.989990234375,282.8500061035156,286.44000244140625,583500,249.08944702148438
APD,APD,2020-08-24,289.5899963378906,289.75,287.19000244140625,287.6499938964844,466100,250.14170837402344
APD,APD,2020-08-25,289.17999267578125,291.1400146484375,287.8500061035156,289.4200134277344,485400,251.680908203125
APD,APD,2020-08-26,288.42999267578125,295.5299987792969,287.8800048828125,293.9599914550781,578000,255.6288299560547
APD,APD,2020-08-27,294.8999938964844,295.1600036621094,292.04998779296875,292.75,426400,254.57667541503906
APD,APD,2020-08-28,293.3800048828125,297.1099853515625,293.1600036621094,296.760009765625,502700,258.0637512207031
APD,APD,2020-08-31,295.3500061035156,299.4599914550781,292.0899963378906,292.260009765625,601900,254.15060424804688
APD,APD,2020-09-01,291.0,303.1700134277344,290.69000244140625,302.7300109863281,1071700,263.25531005859375
APD,APD,2020-09-02,302.489990234375,310.739990234375,301.82000732421875,310.30999755859375,1296600,269.846923828125
APD,APD,2020-09-03,307.9800109863281,308.94000244140625,292.9100036621094,297.17999267578125,1320600,258.4289855957031
APD,APD,2020-09-04,298.9100036621094,300.7099914550781,291.05999755859375,298.42999267578125,1375400,259.5159912109375
APD,APD,2020-09-08,294.8900146484375,298.30999755859375,292.0,294.5199890136719,1109400,256.1158447265625
APD,APD,2020-09-09,298.17999267578125,306.8299865722656,297.95001220703125,303.2699890136719,1025400,263.7248840332031
APD,APD,2020-09-10,302.70001220703125,306.0400085449219,294.1000061035156,295.2300109863281,1181300,256.7332763671875
APD,APD,2020-09-11,297.80999755859375,302.1300048828125,297.1000061035156,300.32000732421875,625800,261.1595458984375
APD,APD,2020-09-14,303.5799865722656,306.79998779296875,301.2699890136719,303.9700012207031,611000,264.3336181640625
APD,APD,2020-09-15,305.8800048828125,307.92999267578125,303.9599914550781,304.0400085449219,700700,264.3944396972656
APD,APD,2020-09-16,304.260009765625,306.760009765625,302.2900085449219,302.4599914550781,810000,263.0205993652344
APD,APD,2020-09-17,298.70001220703125,302.8399963378906,297.1700134277344,301.9800109863281,739700,262.6030578613281
APD,APD,2020-09-18,299.79998779296875,303.29998779296875,294.8399963378906,295.80999755859375,1150800,257.2375793457031
APD,APD,2020-09-21,291.3699951171875,291.6000061035156,284.6400146484375,290.7799987792969,762600,252.86349487304688
APD,APD,2020-09-22,292.6600036621094,293.739990234375,289.44000244140625,293.45001220703125,671700,255.1853485107422
APD,APD,2020-09-23,292.82000732421875,293.5400085449219,284.5899963378906,285.42999267578125,885100,248.211181640625
APD,APD,2020-09-24,285.510009765625,291.8599853515625,284.2300109863281,289.989990234375,795400,252.17657470703125
APD,APD,2020-09-25,286.25,291.69000244140625,285.0,290.7099914550781,566700,252.80262756347656
APD,APD,2020-09-28,294.1199951171875,295.80999755859375,292.1300048828125,292.6700134277344,742200,254.50711059570312
APD,APD,2020-09-29,294.6300048828125,296.7799987792969,291.80999755859375,293.8599853515625,603100,255.54197692871094
APD,APD,2020-09-30,293.6700134277344,299.32000732421875,293.05999755859375,297.8599853515625,1152700,260.2068176269531
APD,APD,2020-10-01,299.05999755859375,301.739990234375,293.57000732421875,294.6700134277344,1316700,257.4201965332031
APD,APD,2020-10-02,291.32000732421875,298.4700012207031,290.20001220703125,296.0400085449219,1030000,258.616943359375
APD,APD,2020-10-05,298.2900085449219,304.6700134277344,296.19000244140625,300.32000732421875,1091900,262.35589599609375
APD,APD,2020-10-06,301.5299987792969,304.239990234375,295.9200134277344,296.20001220703125,1418600,258.7566833496094
APD,APD,2020-10-07,300.70001220703125,304.7300109863281,299.69000244140625,302.1099853515625,645800,263.91961669921875
APD,APD,2020-10-08,303.0199890136719,304.67999267578125,299.0899963378906,299.6600036621094,745500,261.77935791015625
APD,APD,2020-10-09,302.2900085449219,303.4599914550781,299.2300109863281,300.6000061035156,962600,262.60052490234375
APD,APD,2020-10-12,303.8800048828125,304.8599853515625,301.8800048828125,302.8800048828125,706000,264.5922546386719
APD,APD,2020-10-13,302.42999267578125,306.82000732421875,300.3999938964844,301.1000061035156,798900,263.037353515625
APD,APD,2020-10-14,299.989990234375,301.57000732421875,297.7099914550781,297.9100036621094,975400,260.2505187988281
APD,APD,2020-10-15,296.8500061035156,297.6700134277344,294.3500061035156,295.9599914550781,1054300,258.5470275878906
APD,APD,2020-10-16,297.69000244140625,300.3699951171875,296.1300048828125,298.1400146484375,1398700,260.45147705078125
APD,APD,2020-10-19,299.9599914550781,300.6000061035156,293.2200012207031,294.1600036621094,922900,256.9745788574219
APD,APD,2020-10-20,295.510009765625,297.3900146484375,294.1000061035156,294.489990234375,532000,257.2628479003906
APD,APD,2020-10-21,294.0400085449219,298.0299987792969,293.1099853515625,293.260009765625,429800,256.1884460449219
APD,APD,2020-10-22,292.5400085449219,294.1300048828125,289.010009765625,292.25,547400,255.30604553222656
APD,APD,2020-10-23,294.9800109863281,295.6000061035156,292.2300109863281,294.0,477500,256.8348083496094
APD,APD,2020-10-26,289.94000244140625,291.260009765625,283.0400085449219,286.3999938964844,636200,250.195556640625
APD,APD,2020-10-27,287.1300048828125,288.3399963378906,283.3699951171875,283.5,538600,247.66213989257812
APD,APD,2020-10-28,277.0,279.6499938964844,272.75,272.9800109863281,903900,238.4720001220703
APD,APD,2020-10-29,272.80999755859375,279.6499938964844,271.2699890136719,276.7699890136719,715600,241.78289794921875
APD,APD,2020-10-30,274.9200134277344,278.04998779296875,271.67999267578125,276.239990234375,827400,241.31988525390625
APD,APD,2020-11-02,280.7200012207031,287.6000061035156,279.1000061035156,286.69000244140625,690200,250.44891357421875
APD,APD,2020-11-03,289.9700012207031,292.7099914550781,286.9700012207031,289.0400085449219,842300,252.5017852783203
APD,APD,2020-11-04,289.9700012207031,291.8900146484375,284.6400146484375,289.2900085449219,924200,252.7202911376953
APD,APD,2020-11-05,295.260009765625,306.510009765625,295.07000732421875,303.3399963378906,856400,264.994140625
APD,APD,2020-11-06,303.42999267578125,307.7799987792969,302.1400146484375,306.7200012207031,745400,267.9468078613281
APD,APD,2020-11-09,318.9100036621094,327.8900146484375,312.510009765625,312.6700134277344,1261700,273.14471435546875
APD,APD,2020-11-10,315.0799865722656,315.57000732421875,309.5199890136719,309.9700012207031,1279600,270.7859802246094
APD,APD,2020-11-11,297.0,300.1600036621094,277.1600036621094,280.8399963378906,4733200,245.33840942382812
APD,APD,2020-11-12,277.8900146484375,279.9700012207031,263.6099853515625,265.30999755859375,4849000,231.77157592773438
APD,APD,2020-11-13,268.0299987792969,269.55999755859375,262.260009765625,263.8699951171875,2553700,230.51361083984375
APD,APD,2020-11-16,267.5799865722656,269.7200012207031,262.79998779296875,266.44000244140625,2201800,232.7587432861328
APD,APD,2020-11-17,264.5899963378906,266.6700134277344,262.239990234375,266.2900085449219,2218700,232.62770080566406
APD,APD,2020-11-18,266.82000732421875,272.1000061035156,266.0199890136719,267.70001220703125,2028800,233.85946655273438
APD,APD,2020-11-19,266.75,272.6300048828125,263.7900085449219,270.3599853515625,1340500,236.18324279785156
APD,APD,2020-11-20,269.94000244140625,271.1499938964844,265.3800048828125,270.4800109863281,1102900,236.2880401611328
APD,APD,2020-11-23,272.7699890136719,276.6700134277344,270.8999938964844,275.260009765625,1265900,240.46377563476562
APD,APD,2020-11-24,278.0,286.3800048828125,276.260009765625,284.0199890136719,1921400,248.11636352539062
APD,APD,2020-11-25,283.6600036621094,286.2200012207031,277.260009765625,278.1199951171875,1177700,242.96221923828125
APD,APD,2020-11-27,279.010009765625,279.9700012207031,276.55999755859375,277.8299865722656,674700,242.7089080810547
APD,APD,2020-11-30,278.0,280.1499938964844,275.7900085449219,280.1400146484375,1312900,244.7269287109375
APD,APD,2020-12-01,285.0,286.0,279.2699890136719,283.17999267578125,1259700,247.38259887695312
APD,APD,2020-12-02,281.69000244140625,282.5,273.8699951171875,273.8800048828125,1373200,239.2582550048828
APD,APD,2020-12-03,274.3800048828125,275.20001220703125,266.07000732421875,267.25,2035600,233.4663543701172
APD,APD,2020-12-04,267.010009765625,273.8500061035156,264.6300048828125,273.760009765625,1587100,239.1533660888672
APD,APD,2020-12-07,274.4800109863281,276.42999267578125,268.1600036621094,269.17999267578125,1114200,235.15232849121094
APD,APD,2020-12-08,269.0,270.0400085449219,267.1000061035156,268.2300109863281,1358500,234.32247924804688
APD,APD,2020-12-09,269.3800048828125,271.6099853515625,267.8599853515625,270.57000732421875,1038100,236.3666534423828
APD,APD,2020-12-10,269.2099914550781,270.2200012207031,266.69000244140625,268.82000732421875,1065000,234.83787536621094
APD,APD,2020-12-11,266.5899963378906,268.6300048828125,265.70001220703125,267.3599853515625,751800,233.56239318847656
APD,APD,2020-12-14,269.0799865722656,270.3299865722656,265.32000732421875,265.3999938964844,894200,231.85020446777344
APD,APD,2020-12-15,270.1000061035156,272.07000732421875,268.05999755859375,270.010009765625,1655400,235.87741088867188
APD,APD,2020-12-16,270.04998779296875,271.07000732421875,267.3999938964844,268.8999938964844,1154900,234.9077606201172
APD,APD,2020-12-17,269.989990234375,271.42999267578125,268.5,268.6000061035156,940000,234.64564514160156
APD,APD,2020-12-18,267.6199951171875,270.4599914550781,265.32000732421875,269.54998779296875,2605100,235.47560119628906
APD,APD,2020-12-21,265.3699951171875,266.57000732421875,260.6099853515625,264.489990234375,1387100,231.05520629882812
APD,APD,2020-12-22,264.010009765625,264.67999267578125,261.6099853515625,264.010009765625,1266900,230.6359405517578
APD,APD,2020-12-23,266.0400085449219,268.9800109863281,265.0,266.25,840500,232.5927734375
APD,APD,2020-12-24,266.0799865722656,268.3599853515625,265.1300048828125,268.3500061035156,227600,234.4272918701172
APD,APD,2020-12-28,271.5199890136719,272.6000061035156,268.3999938964844,268.6000061035156,630600,234.64564514160156
APD,APD,2020-12-29,271.1700134277344,274.3699951171875,267.3800048828125,268.7300109863281,777200,234.75926208496094
APD,APD,2020-12-30,269.9800109863281,273.0,269.4100036621094,271.1000061035156,611300,236.82968139648438
APD,APD,2020-12-31,269.4200134277344,273.5799865722656,268.29998779296875,273.2200012207031,795600,239.86729431152344
APD,APD,2021-01-04,275.3900146484375,276.4700012207031,267.1700134277344,268.20001220703125,1286200,235.4601287841797
APD,APD,2021-01-05,268.25,283.4800109863281,268.25,282.3900146484375,1882400,247.91790771484375
APD,APD,2021-01-06,283.0,293.25,282.7200012207031,289.9700012207031,1883700,254.57257080078125
APD,APD,2021-01-07,289.55999755859375,290.5,283.8399963378906,285.2900085449219,1147900,250.46388244628906
APD,APD,2021-01-08,286.3500061035156,287.8299865722656,281.3500061035156,285.739990234375,1229700,250.85885620117188
APD,APD,2021-01-11,284.57000732421875,286.29998779296875,281.8999938964844,283.1300048828125,751300,248.56761169433594
APD,APD,2021-01-12,283.1300048828125,283.9200134277344,280.25,283.05999755859375,1097400,248.506103515625
APD,APD,2021-01-13,283.8399963378906,292.3800048828125,283.8399963378906,290.6700134277344,1608800,255.18710327148438
APD,APD,2021-01-14,290.8699951171875,291.8900146484375,285.9700012207031,286.25,1108100,251.306640625
APD,APD,2021-01-15,284.7799987792969,288.3800048828125,281.67999267578125,286.9100036621094,1908600,251.88609313964844
APD,APD,2021-01-19,289.92999267578125,289.989990234375,283.70001220703125,285.6600036621094,1368200,250.7887420654297
APD,APD,2021-01-20,287.3299865722656,288.7799987792969,286.2200012207031,286.55999755859375,692500,251.5788116455078
APD,APD,2021-01-21,286.5,287.4100036621094,281.760009765625,282.6099853515625,918500,248.1110076904297
APD,APD,2021-01-22,281.3800048828125,287.3599853515625,281.0,283.6000061035156,791200,248.98019409179688
APD,APD,2021-01-25,283.2699890136719,283.6499938964844,276.4200134277344,279.0199890136719,1129700,244.95925903320312
APD,APD,2021-01-26,279.9599914550781,281.80999755859375,277.95001220703125,277.989990234375,962500,244.05499267578125
APD,APD,2021-01-27,274.95001220703125,274.9599914550781,266.6700134277344,269.9800109863281,1124500,237.02279663085938
APD,APD,2021-01-28,273.6700134277344,279.0,270.0,275.8599853515625,982800,242.1850128173828
APD,APD,2021-01-29,273.7900085449219,275.69000244140625,266.1400146484375,266.760009765625,1458600,234.1958770751953
APD,APD,2021-02-01,268.7099914550781,271.2900085449219,265.3900146484375,268.95001220703125,1360400,236.1185760498047
APD,APD,2021-02-02,271.0,276.239990234375,270.0199890136719,273.95001220703125,1061400,240.5082244873047
APD,APD,2021-02-03,274.8599853515625,279.9200134277344,274.1199951171875,276.6000061035156,1065700,242.83468627929688
APD,APD,2021-02-04,261.8599853515625,266.0,245.75,256.70001220703125,6284200,225.36398315429688
APD,APD,2021-02-05,256.010009765625,257.6700134277344,249.8800048828125,253.14999389648438,3167300,222.24728393554688
APD,APD,2021-02-08,259.95001220703125,260.989990234375,251.8800048828125,253.63999938964844,2056000,222.67747497558594
APD,APD,2021-02-09,253.77999877929688,256.2099914550781,249.7899932861328,254.44000244140625,1347100,223.37982177734375
APD,APD,2021-02-10,255.07000732421875,256.0,251.11000061035156,253.5800018310547,1463000,222.62478637695312
APD,APD,2021-02-11,255.0,258.989990234375,254.17999267578125,257.69000244140625,1183800,226.23309326171875
APD,APD,2021-02-12,256.75,263.3299865722656,256.75,260.54998779296875,1157500,228.74398803710938
APD,APD,2021-02-16,262.2300109863281,263.5299987792969,259.7099914550781,260.7300109863281,1095700,228.90194702148438
APD,APD,2021-02-17,259.8800048828125,261.739990234375,256.7799987792969,260.010009765625,873800,228.26986694335938
APD,APD,2021-02-18,260.0,263.8900146484375,258.4700012207031,262.6499938964844,913500,230.5876007080078
APD,APD,2021-02-19,262.57000732421875,265.4800109863281,262.57000732421875,263.8800048828125,1215500,231.66746520996094
APD,APD,2021-02-22,262.739990234375,265.6499938964844,261.04998779296875,265.4800109863281,1001500,233.07217407226562
APD,APD,2021-02-23,265.6499938964844,267.489990234375,259.5899963378906,263.3299865722656,1335600,231.1845703125
APD,APD,2021-02-24,262.7799987792969,265.82000732421875,262.1099853515625,263.260009765625,971300,231.12313842773438
APD,APD,2021-02-25,262.9800109863281,264.7799987792969,259.7200012207031,260.3800048828125,843300,228.59466552734375
APD,APD,2021-02-26,259.3699951171875,261.1099853515625,255.57000732421875,255.6199951171875,1285500,224.415771484375
APD,APD,2021-03-01,258.3999938964844,263.2699890136719,258.3999938964844,261.19000244140625,827700,229.30580139160156
APD,APD,2021-03-02,261.70001220703125,266.9700012207031,261.3900146484375,266.0,1158200,233.52865600585938
APD,APD,2021-03-03,262.8800048828125,265.6700134277344,261.5199890136719,262.3399963378906,1193700,230.3154296875
APD,APD,2021-03-04,261.57000732421875,262.8599853515625,253.25,256.42999267578125,1126500,225.12686157226562
APD,APD,2021-03-05,258.1199951171875,264.6300048828125,255.41000366210938,263.82000732421875,861900,231.61476135253906
APD,APD,2021-03-08,265.75,270.67999267578125,263.5400085449219,266.8800048828125,1021800,234.30125427246094
APD,APD,2021-03-09,269.3999938964844,271.2699890136719,267.3699951171875,267.510009765625,744400,234.8543243408203
APD,APD,2021-03-10,269.2699890136719,275.0,267.6300048828125,271.6199951171875,806600,238.462646484375
APD,APD,2021-03-11,274.4100036621094,276.69000244140625,272.260009765625,272.69000244140625,839100,239.40200805664062
APD,APD,2021-03-12,272.7900085449219,275.42999267578125,272.1600036621094,273.260009765625,741500,239.90240478515625
APD,APD,2021-03-15,272.739990234375,273.32000732421875,270.2300109863281,272.9599914550781,721500,239.6389923095703
APD,APD,2021-03-16,272.3900146484375,275.3699951171875,270.70001220703125,274.510009765625,650200,240.99981689453125
APD,APD,2021-03-17,274.7200012207031,275.8299865722656,270.4700012207031,270.6700134277344,735800,237.6286163330078
APD,APD,2021-03-18,269.6700134277344,271.8299865722656,267.05999755859375,269.0299987792969,742700,236.18881225585938
APD,APD,2021-03-19,269.5400085449219,277.07000732421875,267.1000061035156,275.3999938964844,2431800,241.7811279296875
APD,APD,2021-03-22,275.1400146484375,281.2699890136719,273.45001220703125,278.82000732421875,1818700,244.78370666503906
APD,APD,2021-03-23,278.4100036621094,279.05999755859375,273.7900085449219,274.69000244140625,1147700,241.1578369140625
APD,APD,2021-03-24,274.3500061035156,281.1400146484375,274.0799865722656,278.010009765625,778700,244.0725555419922
APD,APD,2021-03-25,277.8500061035156,278.8500061035156,274.6499938964844,277.2699890136719,1340900,243.42286682128906
APD,APD,2021-03-26,279.79998779296875,287.4700012207031,279.2300109863281,287.2200012207031,1269800,252.1583251953125
APD,APD,2021-03-29,286.3699951171875,290.32000732421875,283.70001220703125,283.9700012207031,1118300,249.30499267578125
APD,APD,2021-03-30,283.6099853515625,286.25,281.6600036621094,282.6099853515625,896200,248.1110076904297
APD,APD,2021-03-31,280.0199890136719,284.239990234375,280.0199890136719,281.3399963378906,831600,248.3140106201172
APD,APD,2021-04-01,282.20001220703125,285.2200012207031,279.17999267578125,284.8999938964844,927700,251.4561004638672
APD,APD,2021-04-05,286.6499938964844,289.9700012207031,285.489990234375,289.510009765625,780100,255.52496337890625
APD,APD,2021-04-06,289.2900085449219,290.9599914550781,286.1600036621094,288.0199890136719,743900,254.20985412597656
APD,APD,2021-04-07,286.44000244140625,287.6099853515625,281.4200134277344,282.489990234375,853600,249.32899475097656
APD,APD,2021-04-08,284.79998779296875,286.0199890136719,282.8900146484375,283.1099853515625,707000,249.876220703125
APD,APD,2021-04-09,282.989990234375,284.8399963378906,280.760009765625,284.3599853515625,953200,250.9794921875
APD,APD,2021-04-12,283.3599853515625,285.25,282.4100036621094,282.8800048828125,681900,249.6732940673828
APD,APD,2021-04-13,282.510009765625,287.0799865722656,281.45001220703125,285.1099853515625,893500,251.64144897460938
APD,APD,2021-04-14,284.739990234375,285.3500061035156,281.7300109863281,282.8800048828125,631700,249.6732940673828
APD,APD,2021-04-15,284.3999938964844,287.79998779296875,283.510009765625,287.1499938964844,778200,253.4419403076172
APD,APD,2021-04-16,289.4599914550781,289.760009765625,286.2300109863281,287.4800109863281,1013500,253.73324584960938
APD,APD,2021-04-19,287.9700012207031,288.4200134277344,281.3900146484375,284.3999938964844,898400,251.01478576660156
APD,APD,2021-04-20,283.8699951171875,286.7699890136719,283.69000244140625,284.5400085449219,755500,251.13839721679688
APD,APD,2021-04-21,285.7699890136719,289.7099914550781,284.6099853515625,288.6300048828125,626200,254.7483367919922
APD,APD,2021-04-22,287.44000244140625,288.510009765625,284.7099914550781,284.739990234375,849200,251.31492614746094
APD,APD,2021-04-23,285.5199890136719,291.1099853515625,284.7099914550781,290.29998779296875,885600,256.22216796875
APD,APD,2021-04-26,290.2200012207031,292.8699951171875,288.5,290.17999267578125,828800,256.1163330078125
APD,APD,2021-04-27,289.7300109863281,290.69000244140625,287.0,289.7900085449219,519300,255.7720947265625
APD,APD,2021-04-28,290.0899963378906,291.6499938964844,288.8699951171875,289.5899963378906,543000,255.59561157226562
APD,APD,2021-04-29,290.80999755859375,292.5799865722656,290.17999267578125,292.29998779296875,553600,257.9874572753906
APD,APD,2021-04-30,291.8299865722656,292.3699951171875,287.8399963378906,288.4800109863281,906400,254.61595153808594
APD,APD,2021-05-03,289.6700134277344,291.8299865722656,288.5299987792969,290.19000244140625,952300,256.1251525878906
APD,APD,2021-05-04,288.54998779296875,291.6199951171875,288.510009765625,290.2699890136719,1178600,256.1957092285156
APD,APD,2021-05-05,291.1400146484375,293.6600036621094,289.2799987792969,292.5899963378906,1131400,258.24346923828125
APD,APD,2021-05-06,293.4100036621094,295.8399963378906,291.1199951171875,293.6499938964844,1178700,259.1789855957031
APD,APD,2021-05-07,292.5400085449219,295.32000732421875,290.3500061035156,290.54998779296875,1214900,256.4429016113281
APD,APD,2021-05-10,297.489990234375,302.8500061035156,293.2200012207031,293.5299987792969,1245600,259.0731201171875
APD,APD,2021-05-11,292.6000061035156,300.989990234375,291.0400085449219,300.739990234375,1217100,265.4366149902344
APD,APD,2021-05-12,298.42999267578125,299.5899963378906,292.54998779296875,293.1600036621094,935500,258.74652099609375
APD,APD,2021-05-13,293.1400146484375,300.3500061035156,293.1000061035156,299.7799987792969,850700,264.58935546875
APD,APD,2021-05-14,301.5,303.2799987792969,300.4700012207031,301.04998779296875,698500,265.7102966308594
APD,APD,2021-05-17,301.0,303.32000732421875,299.5899963378906,301.6499938964844,592500,266.2398986816406
APD,APD,2021-05-18,300.8900146484375,302.7300109863281,299.1300048828125,299.6300048828125,817600,264.4570617675781
APD,APD,2021-05-19,297.6700134277344,299.3599853515625,295.3299865722656,298.2699890136719,800200,263.2566223144531
APD,APD,2021-05-20,297.94000244140625,300.0899963378906,296.8999938964844,297.05999755859375,542300,262.1886291503906
APD,APD,2021-05-21,298.1499938964844,301.19000244140625,297.8999938964844,298.19000244140625,672900,263.18603515625
APD,APD,2021-05-24,300.4599914550781,300.4599914550781,297.82000732421875,299.57000732421875,679100,264.4040832519531
APD,APD,2021-05-25,300.7900085449219,302.5799865722656,298.3500061035156,301.04998779296875,908900,265.7102966308594
APD,APD,2021-05-26,301.1499938964844,301.57000732421875,295.010009765625,297.3999938964844,748000,262.48876953125
APD,APD,2021-05-27,298.7900085449219,300.19000244140625,297.54998779296875,298.2799987792969,1155300,263.2654724121094
APD,APD,2021-05-28,300.5299987792969,302.2300109863281,298.6400146484375,299.6600036621094,549300,264.4835205078125
APD,APD,2021-06-01,303.6499938964844,303.9599914550781,300.5,302.5400085449219,736200,267.02545166015625
APD,APD,2021-06-02,303.9599914550781,306.05999755859375,301.82000732421875,305.6600036621094,1003400,269.7790832519531
APD,APD,2021-06-03,303.4800109863281,304.260009765625,300.69000244140625,304.1099853515625,858700,268.4111022949219
APD,APD,2021-06-04,304.6499938964844,305.8299865722656,303.7699890136719,304.760009765625,820000,268.9848327636719
APD,APD,2021-06-07,304.92999267578125,305.3599853515625,299.3900146484375,301.80999755859375,670400,266.3810729980469
APD,APD,2021-06-08,301.2200012207031,301.7900085449219,297.82000732421875,299.6199951171875,807800,264.4481506347656
APD,APD,2021-06-09,300.489990234375,301.75,297.2099914550781,297.3500061035156,778600,262.4447021484375
APD,APD,2021-06-10,300.5199890136719,301.1099853515625,298.3299865722656,298.6000061035156,563100,263.5479431152344
APD,APD,2021-06-11,299.6700134277344,302.1700134277344,299.260009765625,300.45001220703125,710400,265.1807861328125
APD,APD,2021-06-14,300.45001220703125,300.45001220703125,297.3999938964844,299.1199951171875,567700,264.00689697265625
APD,APD,2021-06-15,301.8900146484375,302.2300109863281,298.44000244140625,301.0799865722656,1068600,265.73681640625
APD,APD,2021-06-16,302.4700012207031,304.75,299.29998779296875,300.0400085449219,958800,264.81884765625
APD,APD,2021-06-17,299.32000732421875,299.79998779296875,295.0299987792969,299.0899963378906,786500,263.9803466796875
APD,APD,2021-06-18,295.6400146484375,297.80999755859375,292.0,292.70001220703125,1702000,258.34051513671875
APD,APD,2021-06-21,295.3999938964844,298.1300048828125,294.30999755859375,296.55999755859375,640700,261.7474060058594
APD,APD,2021-06-22,297.5799865722656,299.3599853515625,296.9599914550781,298.010009765625,566400,263.0271301269531
APD,APD,2021-06-23,297.1400146484375,298.19000244140625,290.6400146484375,290.8299865722656,936100,256.69000244140625
APD,APD,2021-06-24,292.82000732421875,293.9800109863281,289.30999755859375,289.92999267578125,999800,255.89561462402344
APD,APD,2021-06-25,289.8299865722656,291.5199890136719,288.4200134277344,288.5400085449219,1413600,254.6688232421875
APD,APD,2021-06-28,289.6000061035156,290.54998779296875,287.1199951171875,289.04998779296875,921100,255.11898803710938
APD,APD,2021-06-29,290.45001220703125,291.2200012207031,286.8900146484375,288.2900085449219,984600,254.4481658935547
APD,APD,2021-06-30,287.1199951171875,288.510009765625,286.2900085449219,287.67999267578125,673500,255.2378692626953
APD,APD,2021-07-01,289.4100036621094,290.3399963378906,287.4100036621094,288.79998779296875,619400,256.2314453125
APD,APD,2021-07-02,288.7300109863281,291.6400146484375,287.6700134277344,290.7699890136719,541500,257.9794006347656
APD,APD,2021-07-06,291.75,291.7900085449219,285.20001220703125,286.7200012207031,1034800,254.3860626220703
APD,APD,2021-07-07,287.20001220703125,291.1099853515625,287.20001220703125,290.7900085449219,639700,257.9971008300781
APD,APD,2021-07-08,286.8900146484375,289.0899963378906,284.0,287.3599853515625,807300,254.95391845703125
APD,APD,2021-07-09,289.07000732421875,291.82000732421875,289.07000732421875,291.6700134277344,734300,258.77783203125
APD,APD,2021-07-12,291.6400146484375,293.45001220703125,290.989990234375,291.04998779296875,1041300,258.22772216796875
APD,APD,2021-07-13,290.6700134277344,291.70001220703125,287.989990234375,288.8599853515625,580300,256.28466796875
APD,APD,2021-07-14,288.79998779296875,291.2699890136719,287.760009765625,288.1400146484375,597700,255.6459197998047
APD,APD,2021-07-15,286.6499938964844,290.239990234375,286.6499938964844,288.1000061035156,733700,255.61036682128906
APD,APD,2021-07-16,288.7799987792969,289.3500061035156,284.1600036621094,285.5400085449219,1496200,253.339111328125
APD,APD,2021-07-19,282.6000061035156,283.69000244140625,279.0,282.1000061035156,1102700,250.2870330810547
APD,APD,2021-07-20,283.0199890136719,289.8599853515625,282.20001220703125,285.95001220703125,1065600,253.70294189453125
APD,APD,2021-07-21,286.7699890136719,287.9599914550781,285.82000732421875,286.7200012207031,721800,254.3860626220703
APD,APD,2021-07-22,287.95001220703125,289.79998779296875,286.760009765625,288.4599914550781,896900,255.92987060546875
APD,APD,2021-07-23,290.0,290.5299987792969,286.9200134277344,290.2900085449219,635100,257.55352783203125
APD,APD,2021-07-26,290.8299865722656,291.489990234375,287.7200012207031,289.1199951171875,524900,256.5154724121094
APD,APD,2021-07-27,287.7099914550781,291.45001220703125,285.05999755859375,288.8999938964844,680200,256.3202209472656
APD,APD,2021-07-28,288.6099853515625,289.4599914550781,286.6700134277344,287.8299865722656,654400,255.37086486816406
APD,APD,2021-07-29,289.8399963378906,290.8399963378906,288.1000061035156,289.6700134277344,422500,257.00341796875
APD,APD,2021-07-30,289.54998779296875,292.6499938964844,289.54998779296875,291.0299987792969,570600,258.2099914550781
APD,APD,2021-08-02,292.3699951171875,293.6600036621094,288.32000732421875,288.7300109863281,550500,256.1693420410156
APD,APD,2021-08-03,289.5799865722656,291.2099914550781,288.0,290.6499938964844,520500,257.8728332519531
APD,APD,2021-08-04,287.7300109863281,290.7799987792969,287.54998779296875,287.6700134277344,595800,255.22894287109375
APD,APD,2021-08-05,289.6000061035156,292.07000732421875,288.29998779296875,288.7200012207031,1039100,256.1604919433594
APD,APD,2021-08-06,290.29998779296875,293.1099853515625,288.67999267578125,290.82000732421875,809500,258.02374267578125
APD,APD,2021-08-09,290.32000732421875,291.5,270.7699890136719,275.75,2273400,244.65316772460938
APD,APD,2021-08-10,274.5899963378906,278.70001220703125,274.5899963378906,277.8699951171875,1301100,246.5341033935547
APD,APD,2021-08-11,278.0799865722656,279.69000244140625,274.3500061035156,278.7300109863281,978600,247.29713439941406
APD,APD,2021-08-12,279.70001220703125,280.3599853515625,276.2699890136719,277.6099853515625,862600,246.30340576171875
APD,APD,2021-08-13,277.3500061035156,279.7799987792969,276.57000732421875,279.739990234375,604800,248.19317626953125
APD,APD,2021-08-16,280.0,282.7300109863281,279.0,281.54998779296875,1334400,249.79910278320312
APD,APD,2021-08-17,280.7799987792969,281.6300048828125,277.7099914550781,281.4100036621094,933800,249.67483520507812
APD,APD,2021-08-18,280.6000061035156,281.75,271.17999267578125,272.1499938964844,1184100,241.4591064453125
APD,APD,2021-08-19,270.2699890136719,272.8299865722656,269.19000244140625,271.3900146484375,1131000,240.78489685058594
APD,APD,2021-08-20,270.7300109863281,271.2900085449219,265.04998779296875,267.44000244140625,1624100,237.28030395507812
APD,APD,2021-08-23,268.07000732421875,271.0,267.1000061035156,270.489990234375,1643100,239.98635864257812
APD,APD,2021-08-24,272.4200134277344,273.4200134277344,269.4200134277344,270.5199890136719,954500,240.01296997070312
APD,APD,2021-08-25,268.9700012207031,269.6700134277344,267.5,269.1700134277344,1305200,238.8152313232422
APD,APD,2021-08-26,269.3800048828125,271.95001220703125,267.6000061035156,268.4200134277344,774500,238.1498260498047
APD,APD,2021-08-27,269.4599914550781,269.989990234375,268.32000732421875,268.5,551400,238.22076416015625
APD,APD,2021-08-30,269.05999755859375,271.17999267578125,268.6400146484375,270.20001220703125,563000,239.72903442382812
APD,APD,2021-08-31,269.79998779296875,271.9800109863281,269.07000732421875,269.510009765625,876900,239.1168212890625
APD,APD,2021-09-01,269.510009765625,270.5899963378906,267.5,269.3399963378906,543400,238.96597290039062
APD,APD,2021-09-02,269.95001220703125,271.3399963378906,268.5299987792969,270.0,453000,239.5515899658203
APD,APD,2021-09-03,269.92999267578125,270.5899963378906,267.8800048828125,268.2799987792969,821400,238.0255889892578
APD,APD,2021-09-07,267.8500061035156,268.54998779296875,266.1099853515625,267.1000061035156,666400,236.9786376953125
APD,APD,2021-09-08,267.5,268.6400146484375,266.1000061035156,267.7300109863281,864200,237.53762817382812
APD,APD,2021-09-09,267.3599853515625,269.4700012207031,266.6199951171875,267.1199951171875,752700,236.99642944335938
APD,APD,2021-09-10,267.6700134277344,269.44000244140625,266.79998779296875,268.0,1000300,237.7771453857422
APD,APD,2021-09-13,270.3599853515625,272.0299987792969,267.2799987792969,269.5,1258900,239.10800170898438
APD,APD,2021-09-14,270.6400146484375,270.9800109863281,267.8699951171875,268.8599853515625,775600,238.54014587402344
APD,APD,2021-09-15,269.29998779296875,270.7799987792969,267.79998779296875,269.5,1166400,239.10800170898438
APD,APD,2021-09-16,268.2699890136719,269.0,265.8900146484375,266.4200134277344,1138500,236.37538146972656
APD,APD,2021-09-17,263.489990234375,264.44000244140625,259.6199951171875,261.8299865722656,1702700,232.30294799804688
APD,APD,2021-09-20,258.0,259.75,253.91000366210938,258.17999267578125,1113200,229.0645751953125
APD,APD,2021-09-21,259.70001220703125,260.2799987792969,257.2300109863281,257.3900146484375,718300,228.36366271972656
APD,APD,2021-09-22,258.6400146484375,260.2099914550781,257.5799865722656,257.94000244140625,631200,228.85165405273438
APD,APD,2021-09-23,259.4800109863281,261.260009765625,259.0899963378906,260.4100036621094,879200,231.04310607910156
APD,APD,2021-09-24,259.44000244140625,261.7099914550781,258.6600036621094,259.55999755859375,738900,230.28897094726562
APD,APD,2021-09-27,269.0,269.0,261.6499938964844,261.9100036621094,1219600,232.37393188476562
APD,APD,2021-09-28,261.6199951171875,264.0899963378906,259.7699890136719,262.30999755859375,1195500,232.7288360595703
APD,APD,2021-09-29,261.8999938964844,263.07000732421875,260.1400146484375,260.2200012207031,917100,230.87449645996094
APD,APD,2021-09-30,260.2200012207031,260.8599853515625,256.05999755859375,256.1099853515625,762400,228.54541015625
APD,APD,2021-10-01,257.7699890136719,259.29998779296875,253.91000366210938,257.42999267578125,877000,229.7233428955078
APD,APD,2021-10-04,256.94000244140625,258.739990234375,253.47999572753906,255.99000549316406,1007000,228.43833923339844
APD,APD,2021-10-05,256.1099853515625,258.54998779296875,254.47999572753906,257.0199890136719,970900,229.3574676513672
APD,APD,2021-10-06,255.0,261.010009765625,251.97000122070312,260.75,1310200,232.68606567382812
APD,APD,2021-10-07,262.3699951171875,266.5299987792969,262.0400085449219,263.3500061035156,1359600,235.00619506835938
APD,APD,2021-10-08,264.9800109863281,266.3699951171875,263.7900085449219,265.42999267578125,1162300,236.86233520507812
APD,APD,2021-10-11,267.7099914550781,272.1700134277344,266.6199951171875,268.7300109863281,1070200,239.80715942382812
APD,APD,2021-10-12,268.7300109863281,273.55999755859375,268.6400146484375,272.3999938964844,1266500,243.08218383789062
APD,APD,2021-10-13,275.05999755859375,279.5899963378906,274.8800048828125,278.4200134277344,1285100,248.4542694091797
APD,APD,2021-10-14,281.55999755859375,288.67999267578125,281.55999755859375,287.9700012207031,1575100,256.97637939453125
APD,APD,2021-10-15,289.42999267578125,294.8299865722656,288.1000061035156,292.70001220703125,1637300,261.1973571777344
APD,APD,2021-10-18,291.9599914550781,294.0,290.3500061035156,292.5400085449219,977100,261.0545654296875
APD,APD,2021-10-19,293.0,295.4599914550781,291.7300109863281,294.489990234375,896800,262.794677734375
APD,APD,2021-10-20,295.04998779296875,295.82000732421875,292.07000732421875,293.70001220703125,751100,262.0897216796875
APD,APD,2021-10-21,293.44000244140625,294.0,291.7300109863281,293.8900146484375,620000,262.2591857910156
APD,APD,2021-10-22,294.29998779296875,296.2200012207031,290.8500061035156,291.2300109863281,898500,259.8855895996094
APD,APD,2021-10-25,292.7799987792969,295.5299987792969,291.3599853515625,293.9200134277344,633300,262.2860107421875
APD,APD,2021-10-26,294.5,295.989990234375,293.7200012207031,294.3800048828125,460100,262.6965026855469
APD,APD,2021-10-27,294.30999755859375,296.0,293.32000732421875,294.8500061035156,748500,263.11590576171875
APD,APD,2021-10-28,295.2799987792969,301.4599914550781,295.2799987792969,301.44000244140625,1256800,268.9967041015625
APD,APD,2021-10-29,300.0199890136719,301.29998779296875,298.04998779296875,299.80999755859375,924700,267.5420837402344
APD,APD,2021-11-01,299.6099853515625,300.94000244140625,297.79998779296875,297.989990234375,653000,265.9179382324219
APD,APD,2021-11-02,298.489990234375,299.69000244140625,296.94000244140625,298.0799865722656,932400,265.9983215332031
APD,APD,2021-11-03,298.6199951171875,303.2099914550781,298.1600036621094,302.1300048828125,1270200,269.6123962402344
APD,APD,2021-11-04,294.2900085449219,301.57000732421875,292.0199890136719,301.2099914550781,1121000,268.7914123535156
APD,APD,2021-11-05,302.75,309.7300109863281,302.0799865722656,309.30999755859375,1646700,276.0196838378906
APD,APD,2021-11-08,309.7799987792969,313.8299865722656,307.5,312.6000061035156,1634200,278.9555358886719
APD,APD,2021-11-09,312.80999755859375,315.0199890136719,311.4800109863281,313.8399963378906,1174000,280.06207275390625
APD,APD,2021-11-10,313.2799987792969,314.8599853515625,312.80999755859375,314.2699890136719,988700,280.4457702636719
APD,APD,2021-11-11,314.5899963378906,316.3900146484375,310.3900146484375,310.5199890136719,1297200,277.099365234375
APD,APD,2021-11-12,310.8699951171875,310.8699951171875,309.2200012207031,310.0,1234200,276.6353759765625
APD,APD,2021-11-15,308.5,308.6300048828125,303.05999755859375,303.79998779296875,1510000,271.1026306152344
APD,APD,2021-11-16,304.7300109863281,304.7799987792969,301.3299865722656,301.5,1610600,269.05023193359375
APD,APD,2021-11-17,301.5,302.0799865722656,297.3699951171875,299.489990234375,1404300,267.2564697265625
APD,APD,2021-11-18,300.7200012207031,300.7200012207031,295.989990234375,296.239990234375,846300,264.35626220703125
APD,APD,2021-11-19,296.239990234375,299.54998779296875,294.4800109863281,297.739990234375,1091200,265.6949157714844
APD,APD,2021-11-22,299.4599914550781,300.1400146484375,297.1000061035156,297.5199890136719,1099500,265.4985656738281
APD,APD,2021-11-23,298.5400085449219,302.4200134277344,297.8999938964844,299.0,1072500,266.81927490234375
APD,APD,2021-11-24,298.3299865722656,300.1700134277344,297.4100036621094,297.8399963378906,603300,265.7840881347656
APD,APD,2021-11-26,293.57000732421875,294.4100036621094,290.69000244140625,293.6400146484375,619600,262.0361633300781
APD,APD,2021-11-29,295.0199890136719,295.7300109863281,291.20001220703125,291.3500061035156,853500,259.99261474609375
APD,APD,2021-11-30,289.5299987792969,291.0199890136719,286.1199951171875,287.44000244140625,2396100,256.5034484863281
APD,APD,2021-12-01,292.1000061035156,294.2900085449219,284.7900085449219,284.94000244140625,1184000,254.27252197265625
APD,APD,2021-12-02,285.8399963378906,289.8399963378906,285.8299865722656,287.42999267578125,1350900,256.4944763183594
APD,APD,2021-12-03,287.8800048828125,290.70001220703125,285.82000732421875,288.6199951171875,1199100,257.5564270019531
APD,APD,2021-12-06,292.0899963378906,294.6300048828125,290.8399963378906,292.8900146484375,962500,261.36688232421875
APD,APD,2021-12-07,294.0400085449219,297.760009765625,293.4800109863281,295.92999267578125,859100,264.07965087890625
APD,APD,2021-12-08,297.0,297.2200012207031,292.32000732421875,295.6700134277344,1098900,263.84765625
APD,APD,2021-12-09,290.3399963378906,294.010009765625,290.3399963378906,293.17999267578125,1239500,261.6256408691406
APD,APD,2021-12-10,295.9100036621094,295.9100036621094,292.8399963378906,295.3500061035156,695700,263.5621337890625
APD,APD,2021-12-13,294.8399963378906,299.489990234375,294.0899963378906,297.55999755859375,1008500,265.5343017578125
APD,APD,2021-12-14,297.92999267578125,299.4599914550781,295.9200134277344,298.20001220703125,808500,266.10540771484375
APD,APD,2021-12-15,299.0799865722656,307.42999267578125,298.1199951171875,305.0799865722656,1461000,272.24493408203125
APD,APD,2021-12-16,305.0,307.010009765625,302.1700134277344,303.1499938964844,636800,270.5226135253906
APD,APD,2021-12-17,302.7699890136719,302.7699890136719,298.010009765625,298.3299865722656,1768400,266.22137451171875
APD,APD,2021-12-20,294.7900085449219,295.2099914550781,290.8900146484375,295.010009765625,779400,263.2586975097656
APD,APD,2021-12-21,297.1000061035156,298.7099914550781,293.8500061035156,295.75,636600,263.9189758300781
APD,APD,2021-12-22,295.04998779296875,297.260009765625,294.20001220703125,297.1600036621094,430300,265.1772766113281
APD,APD,2021-12-23,297.3999938964844,300.57000732421875,297.3999938964844,299.4800109863281,344700,267.24755859375
APD,APD,2021-12-27,301.4200134277344,302.3599853515625,298.7799987792969,302.2200012207031,413600,269.69268798828125
APD,APD,2021-12-28,303.1499938964844,304.3500061035156,301.80999755859375,303.989990234375,354500,271.27215576171875
APD,APD,2021-12-29,305.9800109863281,306.1600036621094,304.0400085449219,305.3999938964844,499700,272.5304870605469
APD,APD,2021-12-30,306.0,306.489990234375,302.010009765625,303.8900146484375,433300,271.1829528808594
APD,APD,2021-12-31,301.9700012207031,305.69000244140625,301.9700012207031,304.260009765625,586600,272.8600158691406
APD,APD,2022-01-03,304.5199890136719,305.0,295.7200012207031,295.80999755859375,1130100,265.2819519042969
APD,APD,2022-01-04,300.0,300.7099914550781,298.30999755859375,299.4200134277344,1667400,268.51953125
APD,APD,2022-01-05,302.17999267578125,309.2900085449219,302.0899963378906,304.239990234375,926100,272.8420104980469
APD,APD,2022-01-06,304.2099914550781,304.239990234375,297.5,298.0199890136719,808500,267.2639465332031
APD,APD,2022-01-07,298.739990234375,298.739990234375,294.1499938964844,297.4100036621094,945000,266.7169189453125
APD,APD,2022-01-10,295.30999755859375,296.5199890136719,293.30999755859375,295.1000061035156,1019100,264.6452941894531
APD,APD,2022-01-11,295.5799865722656,297.6000061035156,294.2099914550781,297.5400085449219,542000,266.83343505859375
APD,APD,2022-01-12,298.5400085449219,300.0899963378906,296.1400146484375,299.75,959700,268.8153991699219
APD,APD,2022-01-13,299.1199951171875,300.17999267578125,293.9200134277344,294.2900085449219,788400,263.91888427734375
APD,APD,2022-01-14,292.19000244140625,292.7699890136719,289.20001220703125,291.3500061035156,1478500,261.2823181152344
APD,APD,2022-01-18,288.9200134277344,288.9200134277344,284.239990234375,286.6000061035156,1086600,257.0225830078125
APD,APD,2022-01-19,287.32000732421875,289.989990234375,285.29998779296875,285.57000732421875,814500,256.09881591796875
APD,APD,2022-01-20,285.55999755859375,290.7699890136719,285.55999755859375,286.9800109863281,1073700,257.36328125
APD,APD,2022-01-21,287.1700134277344,287.32000732421875,281.9599914550781,282.4700012207031,1503900,253.3187713623047
APD,APD,2022-01-24,279.1400146484375,284.0,274.0400085449219,282.80999755859375,1351800,253.62364196777344
APD,APD,2022-01-25,278.739990234375,281.20001220703125,274.6300048828125,279.42999267578125,788100,250.59249877929688
APD,APD,2022-01-26,281.29998779296875,282.0899963378906,273.8699951171875,276.4100036621094,1171100,247.88417053222656
APD,APD,2022-01-27,278.4700012207031,280.7099914550781,272.6000061035156,275.8500061035156,1062100,247.38197326660156
APD,APD,2022-01-28,274.9700012207031,277.6499938964844,272.05999755859375,277.6300048828125,1025200,248.97825622558594
APD,APD,2022-01-31,276.67999267578125,282.489990234375,276.2099914550781,282.1199951171875,1234300,253.00486755371094
APD,APD,2022-02-01,283.0,285.0400085449219,281.2099914550781,284.6300048828125,990800,255.25584411621094
APD,APD,2022-02-02,284.42999267578125,286.5199890136719,283.25,284.3500061035156,930000,255.0047149658203
APD,APD,2022-02-03,282.2200012207031,284.45001220703125,279.9100036621094,280.8800048828125,1089500,251.89283752441406
APD,APD,2022-02-04,268.3800048828125,269.0,260.6700134277344,263.0799865722656,2883400,235.92977905273438
APD,APD,2022-02-07,257.6700134277344,260.8299865722656,254.17999267578125,254.3800048828125,2333700,228.12765502929688
APD,APD,2022-02-08,252.0,256.0199890136719,251.25,252.80999755859375,2899200,226.7196807861328
APD,APD,2022-02-09,256.1600036621094,260.04998779296875,255.1999969482422,259.3599853515625,1482800,232.5937042236328
APD,APD,2022-02-10,258.0299987792969,260.9800109863281,251.14999389648438,252.3800048828125,1739100,226.33409118652344
APD,APD,2022-02-11,251.00999450683594,251.66000366210938,243.8000030517578,244.38999938964844,1691500,219.1686248779297
APD,APD,2022-02-14,245.05999755859375,245.91000366210938,240.3800048828125,243.49000549316406,1730500,218.36154174804688
APD,APD,2022-02-15,245.8300018310547,248.9199981689453,245.41000366210938,247.8300018310547,1317400,222.2536163330078
APD,APD,2022-02-16,246.97000122070312,248.30999755859375,243.52000427246094,245.33999633789062,1470600,220.02059936523438
APD,APD,2022-02-17,243.49000549316406,245.0,239.7100067138672,240.61000061035156,1005000,215.7787628173828
APD,APD,2022-02-18,239.83999633789062,244.3800048828125,239.5,241.97000122070312,2170700,216.99839782714844
APD,APD,2022-02-22,241.94000244140625,241.94000244140625,235.97000122070312,238.11000061035156,1191100,213.53675842285156
APD,APD,2022-02-23,239.42999267578125,240.0,234.4199981689453,234.6699981689453,955500,210.45175170898438
APD,APD,2022-02-24,229.0,235.99000549316406,228.44000244140625,235.1300048828125,1634500,210.86427307128906
APD,APD,2022-02-25,236.4199981689453,241.38999938964844,236.24000549316406,240.3800048828125,1241200,215.57244873046875
APD,APD,2022-02-28,237.32000732421875,239.00999450683594,233.9199981689453,236.3000030517578,1762500,211.91351318359375
APD,APD,2022-03-01,235.9499969482422,236.88999938964844,229.24000549316406,230.52999877929688,2109200,206.739013671875
APD,APD,2022-03-02,232.25999450683594,234.5500030517578,229.77999877929688,233.3300018310547,2961600,209.25006103515625
APD,APD,2022-03-03,235.61000061035156,235.75999450683594,230.5,231.86000061035156,1743700,207.93174743652344
APD,APD,2022-03-04,229.5,231.8699951171875,225.13999938964844,228.42999267578125,1414300,204.855712890625
APD,APD,2022-03-07,229.27999877929688,229.6699981689453,221.0,221.5,1796000,198.64089965820312
APD,APD,2022-03-08,221.50999450683594,225.11000061035156,216.24000549316406,218.77000427246094,1867300,196.19264221191406
APD,APD,2022-03-09,225.25999450683594,229.72000122070312,224.4499969482422,227.0,1433800,203.5733184814453
APD,APD,2022-03-10,223.47000122070312,227.9499969482422,222.5399932861328,227.60000610351562,1538800,204.1114044189453
APD,APD,2022-03-11,229.94000244140625,230.8699951171875,219.2899932861328,219.3800048828125,1488900,196.73971557617188
APD,APD,2022-03-14,220.1699981689453,222.3699951171875,216.41000366210938,218.27000427246094,2595400,195.7442626953125
APD,APD,2022-03-15,220.02999877929688,222.80999755859375,216.44000244140625,222.6300048828125,2133500,199.654296875
APD,APD,2022-03-16,226.3699951171875,228.5,220.25999450683594,224.60000610351562,1498200,201.42100524902344
APD,APD,2022-03-17,224.39999389648438,228.58999633789062,223.3300018310547,228.5500030517578,1431800,204.96334838867188
APD,APD,2022-03-18,228.77000427246094,232.4600067138672,226.8000030517578,231.6699981689453,3187600,207.76136779785156
APD,APD,2022-03-21,237.0,239.11000061035156,232.57000732421875,234.1999969482422,1642200,210.03025817871094
APD,APD,2022-03-22,235.4499969482422,237.5,235.0800018310547,236.5399932861328,1192400,212.1287841796875
APD,APD,2022-03-23,235.60000610351562,239.4499969482422,234.4199981689453,235.24000549316406,1393500,210.9629364013672
APD,APD,2022-03-24,236.8800048828125,242.44000244140625,235.80999755859375,242.41000366210938,1296700,217.39295959472656
APD,APD,2022-03-25,242.64999389648438,247.41000366210938,242.64999389648438,246.55999755859375,1782000,221.11468505859375
APD,APD,2022-03-28,246.60000610351562,249.97000122070312,245.63999938964844,248.30999755859375,1565200,222.68408203125
APD,APD,2022-03-29,251.1199951171875,253.27000427246094,248.36000061035156,252.33999633789062,1750700,226.2982177734375
APD,APD,2022-03-30,251.2100067138672,253.5399932861328,250.6199951171875,253.16000366210938,1234100,227.03355407714844
APD,APD,2022-03-31,250.74000549316406,252.57000732421875,249.0399932861328,249.91000366210938,1179100,225.56236267089844
APD,APD,2022-04-01,251.05999755859375,253.25,247.6199951171875,248.99000549316406,1473300,224.7320098876953
APD,APD,2022-04-04,249.97999572753906,253.11000061035156,247.0500030517578,252.64999389648438,1224100,228.03538513183594
APD,APD,2022-04-05,251.63999938964844,253.72999572753906,251.10000610351562,251.67999267578125,1132700,227.15988159179688
APD,APD,2022-04-06,250.0,251.42999267578125,246.75999450683594,250.10000610351562,1100000,225.7338409423828
APD,APD,2022-04-07,249.6300048828125,252.07000732421875,248.4600067138672,251.3699951171875,1062700,226.88014221191406
APD,APD,2022-04-08,252.0,254.2899932861328,250.77999877929688,251.1999969482422,905800,226.72666931152344
APD,APD,2022-04-11,251.1999969482422,252.24000549316406,249.57000732421875,249.8300018310547,1000500,225.4901885986328
APD,APD,2022-04-12,250.63999938964844,253.13999938964844,247.36000061035156,247.77999877929688,1417700,223.6398468017578
APD,APD,2022-04-13,248.1999969482422,250.0,246.19000244140625,249.9199981689453,729300,225.5713653564453
APD,APD,2022-04-14,250.17999267578125,251.75999450683594,246.52000427246094,246.83999633789062,1208200,222.7914581298828
APD,APD,2022-04-18,245.67999267578125,246.83999633789062,242.42999267578125,246.0,1583400,222.03330993652344
APD,APD,2022-04-19,246.14999389648438,250.5399932861328,245.39999389648438,249.57000732421875,1157400,225.2554473876953
APD,APD,2022-04-20,250.02999877929688,251.77999877929688,246.2899932861328,248.74000549316406,1414100,224.50634765625
APD,APD,2022-04-21,251.3300018310547,254.38999938964844,249.99000549316406,251.13999938964844,1267000,226.6724853515625
APD,APD,2022-04-22,249.92999267578125,250.0,242.52999877929688,242.9199981689453,1203800,219.2533721923828
APD,APD,2022-04-25,242.22000122070312,244.33999633789062,237.72000122070312,242.75999450683594,1202600,219.1089630126953
APD,APD,2022-04-26,242.3699951171875,244.22000122070312,235.22000122070312,235.6300048828125,988500,212.67359924316406
APD,APD,2022-04-27,236.4199981689453,241.42999267578125,236.4199981689453,238.25,1080700,215.03836059570312
APD,APD,2022-04-28,239.8300018310547,242.07000732421875,234.8300018310547,240.47999572753906,1516400,217.0510711669922
APD,APD,2022-04-29,240.3000030517578,241.5800018310547,233.27000427246094,234.07000732421875,1888000,211.26560974121094
APD,APD,2022-05-02,235.61000061035156,238.14999389648438,230.9199981689453,235.39999389648438,972400,212.46595764160156
APD,APD,2022-05-03,235.39999389648438,240.35000610351562,235.17999267578125,239.10000610351562,1028500,215.8055419921875
APD,APD,2022-05-04,238.14999389648438,247.49000549316406,238.14999389648438,247.49000549316406,1142700,223.3781280517578
APD,APD,2022-05-05,247.55999755859375,254.0,233.77000427246094,235.97999572753906,1446900,212.98948669433594
APD,APD,2022-05-06,235.86000061035156,237.47000122070312,230.19000244140625,235.82000732421875,1293800,212.84507751464844
APD,APD,2022-05-09,231.8699951171875,236.52999877929688,231.0399932861328,233.22000122070312,1272700,210.49838256835938
APD,APD,2022-05-10,234.7100067138672,236.82000732421875,225.27999877929688,230.67999267578125,1504300,208.2058563232422
APD,APD,2022-05-11,229.91000366210938,235.91000366210938,228.39999389648438,232.88999938964844,1276000,210.20053100585938
APD,APD,2022-05-12,228.2899932861328,234.63999938964844,227.3800048828125,231.41000366210938,1391500,208.86473083496094
APD,APD,2022-05-13,232.89999389648438,234.99000549316406,231.07000732421875,233.7100067138672,661800,210.94065856933594
APD,APD,2022-05-16,232.92999267578125,234.63999938964844,229.3800048828125,232.9199981689453,880900,210.22760009765625
APD,APD,2022-05-17,238.24000549316406,239.94000244140625,233.63999938964844,239.5800018310547,893500,216.23878479003906
APD,APD,2022-05-18,237.05999755859375,237.5,233.3800048828125,234.47000122070312,874300,211.62661743164062
APD,APD,2022-05-19,232.74000549316406,236.80999755859375,231.69000244140625,234.22000122070312,725200,211.40098571777344
APD,APD,2022-05-20,237.36000061035156,237.74000549316406,231.1300048828125,237.58999633789062,1032800,214.442626953125
APD,APD,2022-05-23,240.22000122070312,241.00999450683594,235.19000244140625,237.9499969482422,747600,214.767578125
APD,APD,2022-05-24,238.86000061035156,239.02000427246094,233.4499969482422,236.82000732421875,729700,213.7476806640625
APD,APD,2022-05-25,239.19000244140625,239.52999877929688,233.9600067138672,236.4199981689453,884400,213.3866424560547
APD,APD,2022-05-26,236.6699981689453,243.41000366210938,236.6699981689453,242.49000549316406,866100,218.865234375
APD,APD,2022-05-27,245.9499969482422,250.64999389648438,244.49000549316406,250.64999389648438,957200,226.2302703857422
APD,APD,2022-05-31,247.66000366210938,250.0500030517578,245.6699981689453,246.16000366210938,1407100,222.17770385742188
APD,APD,2022-06-01,247.42999267578125,248.22999572753906,241.3699951171875,243.50999450683594,911900,219.78590393066406
APD,APD,2022-06-02,246.25,253.0500030517578,246.0500030517578,252.85000610351562,941700,228.21597290039062
APD,APD,2022-06-03,250.05999755859375,254.30999755859375,250.05999755859375,252.27000427246094,935700,227.6924591064453
APD,APD,2022-06-06,255.0,259.0,254.30999755859375,257.45001220703125,1149200,232.36781311035156
APD,APD,2022-06-07,256.42999267578125,261.1199951171875,254.82000732421875,260.7900085449219,1377600,235.3823699951172
APD,APD,2022-06-08,258.5899963378906,262.07000732421875,252.24000549316406,252.3800048828125,1647300,227.79176330566406
APD,APD,2022-06-09,250.0,257.1700134277344,249.66000366210938,253.6199951171875,1444600,228.910888671875
APD,APD,2022-06-10,249.0800018310547,251.97999572753906,246.6199951171875,248.1999969482422,1584000,224.01895141601562
APD,APD,2022-06-13,244.17999267578125,244.86000061035156,239.88999938964844,242.69000244140625,1615400,219.0457763671875
APD,APD,2022-06-14,242.0,243.6999969482422,237.5399932861328,239.22000122070312,1097900,215.9138641357422
APD,APD,2022-06-15,241.52000427246094,244.41000366210938,236.11000061035156,239.2899932861328,1085800,215.97698974609375
APD,APD,2022-06-16,234.61000061035156,236.6699981689453,231.61000061035156,235.10000610351562,1014600,212.19525146484375
APD,APD,2022-06-17,236.07000732421875,237.97000122070312,230.50999450683594,235.97000122070312,2127000,212.98048400878906
APD,APD,2022-06-21,238.39999389648438,241.3699951171875,237.52000427246094,241.00999450683594,1147400,217.52944946289062
APD,APD,2022-06-22,236.3800048828125,241.8699951171875,235.24000549316406,241.0,953400,217.5204315185547
APD,APD,2022-06-23,240.47000122070312,242.77999877929688,238.50999450683594,242.05999755859375,1177300,218.47715759277344
APD,APD,2022-06-24,244.8800048828125,252.60000610351562,243.9499969482422,252.0800018310547,1529400,227.52096557617188
APD,APD,2022-06-27,251.4199981689453,252.6999969482422,245.67999267578125,246.17999267578125,916300,222.19577026367188
APD,APD,2022-06-28,245.88999938964844,248.5,241.9199981689453,242.50999450683594,778700,218.88331604003906
APD,APD,2022-06-29,242.1300048828125,244.07000732421875,240.11000061035156,243.1300048828125,794400,219.4429168701172
APD,APD,2022-06-30,237.64999389648438,242.00999450683594,233.82000732421875,240.47999572753906,1199400,218.5070037841797
APD,APD,2022-07-01,238.94000244140625,242.7899932861328,237.66000366210938,242.75,1021300,220.56961059570312
APD,APD,2022-07-05,238.0,239.97999572753906,236.3300018310547,239.97000122070312,1232700,218.04364013671875
APD,APD,2022-07-06,240.25999450683594,240.25999450683594,234.3300018310547,237.22000122070312,1396100,215.54490661621094
APD,APD,2022-07-07,237.61000061035156,239.82000732421875,234.0800018310547,235.82000732421875,1016600,214.2727813720703
APD,APD,2022-07-08,234.89999389648438,235.75,231.38999938964844,232.2100067138672,1049500,210.99266052246094
APD,APD,2022-07-11,231.3300018310547,235.36000061035156,230.24000549316406,234.08999633789062,801400,212.7008819580078
APD,APD,2022-07-12,234.67999267578125,235.1699981689453,229.85000610351562,231.92999267578125,2143400,210.73825073242188
APD,APD,2022-07-13,228.3300018310547,230.22999572753906,226.41000366210938,227.99000549316406,891700,207.15826416015625
APD,APD,2022-07-14,225.0,225.33999633789062,218.8800048828125,221.97999572753906,2059600,201.6973876953125
APD,APD,2022-07-15,225.66000366210938,226.44000244140625,223.85000610351562,225.1999969482422,1444800,204.62318420410156
APD,APD,2022-07-18,226.75,228.3800048828125,222.7899932861328,223.55999755859375,1074800,203.13299560546875
APD,APD,2022-07-19,226.07000732421875,230.02000427246094,224.9600067138672,230.0,1255500,208.984619140625
APD,APD,2022-07-20,229.7100067138672,232.17999267578125,228.77999877929688,231.6300048828125,914900,210.46563720703125
APD,APD,2022-07-21,232.1999969482422,234.74000549316406,231.19000244140625,234.58999633789062,853500,213.1551971435547
APD,APD,2022-07-22,235.6999969482422,236.02000427246094,233.7899932861328,234.55999755859375,540300,213.12789916992188
APD,APD,2022-07-25,235.38999938964844,235.58999633789062,233.6999969482422,235.2100067138672,581100,213.71856689453125
APD,APD,2022-07-26,233.7899932861328,235.42999267578125,233.05999755859375,234.6300048828125,652100,213.19154357910156
APD,APD,2022-07-27,234.6300048828125,238.83999633789062,232.47999572753906,237.88999938964844,782500,216.15367126464844
APD,APD,2022-07-28,239.41000366210938,244.33999633789062,238.74000549316406,244.22999572753906,792900,221.91439819335938
APD,APD,2022-07-29,245.86000061035156,249.69000244140625,245.85000610351562,248.22999572753906,1034300,225.5488739013672
APD,APD,2022-08-01,247.0,247.83999633789062,244.60000610351562,247.25,1075500,224.65843200683594
APD,APD,2022-08-02,245.74000549316406,246.9199981689453,240.4199981689453,244.1199951171875,1026900,221.81439208984375
APD,APD,2022-08-03,245.35000610351562,246.27999877929688,242.52000427246094,245.7100067138672,1401100,223.25914001464844
APD,APD,2022-08-04,248.10000610351562,260.1700134277344,248.10000610351562,257.7300109863281,1785800,234.18084716796875
APD,APD,2022-08-05,256.7200012207031,262.94000244140625,256.1600036621094,262.6400146484375,1406400,238.6422576904297
APD,APD,2022-08-08,264.0,266.45001220703125,261.6000061035156,261.7699890136719,1158100,237.8517303466797
APD,APD,2022-08-09,261.760009765625,261.8599853515625,258.3500061035156,258.760009765625,826300,235.1167755126953
APD,APD,2022-08-10,265.8699951171875,268.19000244140625,265.0199890136719,265.6300048828125,838600,241.35899353027344
APD,APD,2022-08-11,267.20001220703125,268.2900085449219,264.1600036621094,264.80999755859375,829400,240.61398315429688
APD,APD,2022-08-12,266.8599853515625,271.70001220703125,265.54998779296875,270.8800048828125,893900,246.12933349609375
APD,APD,2022-08-15,270.8800048828125,274.8900146484375,270.1600036621094,274.1099853515625,1115300,249.064208984375
APD,APD,2022-08-16,272.20001220703125,274.6300048828125,271.7099914550781,273.5400085449219,879100,248.54627990722656
APD,APD,2022-08-17,270.3800048828125,272.17999267578125,266.82000732421875,268.0,1169900,243.5124969482422
APD,APD,2022-08-18,268.8599853515625,268.9599914550781,266.95001220703125,267.6000061035156,727000,243.1490478515625
APD,APD,2022-08-19,267.0,267.6000061035156,262.3900146484375,263.70001220703125,932700,239.6053924560547
APD,APD,2022-08-22,260.30999755859375,261.760009765625,259.2799987792969,260.9100036621094,674000,237.07028198242188
APD,APD,2022-08-23,259.4599914550781,262.3699951171875,259.3599853515625,261.32000732421875,810300,237.44285583496094
APD,APD,2022-08-24,261.7900085449219,263.8399963378906,260.8299865722656,262.7200012207031,568300,238.7149200439453
APD,APD,2022-08-25,263.92999267578125,266.67999267578125,262.1600036621094,266.5899963378906,619600,242.23130798339844
APD,APD,2022-08-26,267.29998779296875,267.9800109863281,262.1099853515625,262.2300109863281,1064100,238.2697296142578
APD,APD,2022-08-29,259.989990234375,263.010009765625,259.3399963378906,260.70001220703125,635700,236.8795166015625
APD,APD,2022-08-30,262.29998779296875,262.29998779296875,255.5500030517578,255.85000610351562,864500,232.47265625
APD,APD,2022-08-31,257.4700012207031,257.6499938964844,252.35000610351562,252.4499969482422,1164900,229.38327026367188
APD,APD,2022-09-01,250.50999450683594,251.38999938964844,248.5,250.0,918100,227.15713500976562
APD,APD,2022-09-02,253.5800018310547,253.9600067138672,245.8300018310547,246.52999877929688,1311700,224.00424194335938
APD,APD,2022-09-06,248.05999755859375,248.27999877929688,244.69000244140625,246.1699981689453,1179100,223.67710876464844
APD,APD,2022-09-07,246.44000244140625,254.0500030517578,246.1699981689453,253.77999877929688,1037000,230.5917510986328
APD,APD,2022-09-08,251.14999389648438,254.24000549316406,250.05999755859375,253.8300018310547,549500,230.63722229003906
APD,APD,2022-09-09,255.3800048828125,257.3500061035156,254.38999938964844,256.9700012207031,704800,233.4903106689453
APD,APD,2022-09-12,259.010009765625,264.010009765625,258.1400146484375,263.5,877000,239.42369079589844
APD,APD,2022-09-13,258.0,260.3900146484375,255.5500030517578,256.0799865722656,831300,232.68161010742188
APD,APD,2022-09-14,255.52999877929688,256.1499938964844,252.6300048828125,255.17999267578125,690100,231.86386108398438
APD,APD,2022-09-15,254.83999633789062,255.0399932861328,248.17999267578125,248.47000122070312,706800,225.7669677734375
APD,APD,2022-09-16,248.08999633789062,248.1999969482422,244.08999633789062,247.36000061035156,1497600,224.7583770751953
APD,APD,2022-09-19,244.8000030517578,249.64999389648438,244.77000427246094,249.3800048828125,714900,226.5937957763672
APD,APD,2022-09-20,246.42999267578125,247.0,243.33999633789062,244.88999938964844,605900,222.5140838623047
APD,APD,2022-09-21,246.47999572753906,248.02999877929688,241.39999389648438,241.4600067138672,573300,219.3975067138672
APD,APD,2022-09-22,241.92999267578125,242.39999389648438,238.42999267578125,238.52000427246094,877600,216.72610473632812
APD,APD,2022-09-23,235.7899932861328,237.30999755859375,233.41000366210938,237.07000732421875,1135000,215.4085693359375
APD,APD,2022-09-26,235.2899932861328,236.42999267578125,230.5399932861328,231.5,1171700,210.3475341796875
APD,APD,2022-09-27,234.27999877929688,235.8699951171875,228.36000061035156,230.75999450683594,1088500,209.67515563964844
APD,APD,2022-09-28,232.30999755859375,236.49000549316406,230.92999267578125,234.97000122070312,948500,213.50050354003906
APD,APD,2022-09-29,232.80999755859375,233.89999389648438,229.22000122070312,231.75999450683594,1114300,210.58377075195312
APD,APD,2022-09-30,231.38999938964844,235.72000122070312,230.5,232.72999572753906,1520600,212.9536895751953
APD,APD,2022-10-03,234.91000366210938,240.22000122070312,233.2899932861328,238.3300018310547,1027500,218.0778350830078
APD,APD,2022-10-04,241.44000244140625,248.80999755859375,240.7899932861328,247.9600067138672,1334500,226.88954162597656
APD,APD,2022-10-05,245.66000366210938,246.33999633789062,242.6699981689453,242.8000030517578,1097800,222.16798400878906
APD,APD,2022-10-06,241.1699981689453,242.75999450683594,237.88999938964844,238.58999633789062,965400,218.31573486328125
APD,APD,2022-10-07,235.89999389648438,236.9499969482422,230.00999450683594,231.75,1046900,212.05697631835938
APD,APD,2022-10-10,233.19000244140625,234.60000610351562,231.22000122070312,232.44000244140625,748700,212.6883544921875
APD,APD,2022-10-11,231.91000366210938,233.63999938964844,229.77999877929688,231.2100067138672,618100,211.5628662109375
APD,APD,2022-10-12,231.92999267578125,233.97999572753906,229.1699981689453,229.32000732421875,893900,209.83346557617188
APD,APD,2022-10-13,225.9499969482422,239.05999755859375,224.75,237.99000549316406,898900,217.76670837402344
APD,APD,2022-10-14,239.35000610351562,240.8300018310547,232.16000366210938,232.52999877929688,711200,212.77069091796875
APD,APD,2022-10-17,237.22000122070312,239.42999267578125,236.25,237.36000061035156,728500,217.19027709960938
APD,APD,2022-10-18,244.77000427246094,245.22000122070312,240.50999450683594,242.3699951171875,823000,221.77452087402344
APD,APD,2022-10-19,241.6699981689453,244.2100067138672,239.9499969482422,241.4499969482422,710200,220.9327392578125
APD,APD,2022-10-20,241.6699981689453,243.5,237.92999267578125,238.32000732421875,716200,218.06869506835938
APD,APD,2022-10-21,238.17999267578125,242.27999877929688,235.6999969482422,241.2899932861328,1157200,220.78631591796875
APD,APD,2022-10-24,243.38999938964844,245.91000366210938,241.8800048828125,243.9199981689453,1758000,223.19281005859375
APD,APD,2022-10-25,245.07000732421875,251.55999755859375,243.4199981689453,251.55999755859375,1350900,230.18360900878906
APD,APD,2022-10-26,252.75,254.83999633789062,251.4600067138672,252.02000427246094,1242200,230.60455322265625
APD,APD,2022-10-27,251.94000244140625,252.6999969482422,248.6300048828125,249.05999755859375,987100,227.8960418701172
APD,APD,2022-10-28,249.05999755859375,255.41000366210938,248.11000061035156,254.44000244140625,921000,232.81890869140625
APD,APD,2022-10-31,252.49000549316406,254.0,249.08999633789062,250.39999389648438,1342200,229.12216186523438
APD,APD,2022-11-01,252.94000244140625,254.77999877929688,249.97000122070312,252.1199951171875,872600,230.6959991455078
APD,APD,2022-11-02,252.83999633789062,254.8000030517578,244.82000732421875,245.1699981689453,1471500,224.3365936279297
APD,APD,2022-11-03,248.74000549316406,266.239990234375,247.1300048828125,264.0199890136719,2524600,241.58480834960938
APD,APD,2022-11-04,269.25,276.4700012207031,266.82000732421875,276.05999755859375,2038000,252.6016845703125
APD,APD,2022-11-07,277.82000732421875,280.07000732421875,275.8299865722656,277.6300048828125,1367800,254.03829956054688
APD,APD,2022-11-08,278.9599914550781,284.7799987792969,277.7699890136719,283.0,1406200,258.95196533203125
APD,APD,2022-11-09,282.8900146484375,285.42999267578125,279.80999755859375,280.1300048828125,1100800,256.3258972167969
APD,APD,2022-11-10,289.7300109863281,289.8500061035156,285.57000732421875,289.5899963378906,1063800,264.9820861816406
APD,APD,2022-11-11,290.6700134277344,292.4599914550781,287.8299865722656,288.4599914550781,1107500,263.947998046875
APD,APD,2022-11-14,288.0,297.7699890136719,288.0,294.8900146484375,1738700,269.8316955566406
APD,APD,2022-11-15,296.4100036621094,297.9100036621094,291.55999755859375,294.5400085449219,942200,269.5113830566406
APD,APD,2022-11-16,294.5400085449219,297.0799865722656,293.29998779296875,295.1199951171875,807400,270.0420837402344
APD,APD,2022-11-17,291.3800048828125,293.44000244140625,290.1400146484375,293.29998779296875,721400,268.3767395019531
APD,APD,2022-11-18,296.0,296.9800109863281,293.55999755859375,296.4800109863281,1328200,271.2864990234375
APD,APD,2022-11-21,294.57000732421875,297.55999755859375,294.17999267578125,296.4100036621094,735300,271.2224426269531
APD,APD,2022-11-22,298.0,309.57000732421875,297.1700134277344,309.1600036621094,1412700,282.8890686035156
APD,APD,2022-11-23,309.0,310.3800048828125,305.8900146484375,308.1499938964844,1150800,281.9648742675781
APD,APD,2022-11-25,308.7200012207031,311.1300048828125,307.7099914550781,309.9100036621094,299700,283.5753173828125
APD,APD,2022-11-28,307.7200012207031,309.3800048828125,303.3299865722656,304.4599914550781,932100,278.58837890625
APD,APD,2022-11-29,304.8299865722656,306.17999267578125,300.9700012207031,302.17999267578125,954600,276.5021057128906
APD,APD,2022-11-30,300.9800109863281,310.3900146484375,298.7799987792969,310.1600036621094,1901100,283.8040771484375
APD,APD,2022-12-01,310.3500061035156,313.04998779296875,308.760009765625,312.0400085449219,995300,285.5243225097656
APD,APD,2022-12-02,310.6300048828125,320.6199951171875,310.0,318.44000244140625,1314200,291.38043212890625
APD,APD,2022-12-05,315.739990234375,318.0,313.3599853515625,314.9700012207031,1192300,288.205322265625
APD,APD,2022-12-06,313.760009765625,315.2799987792969,309.8699951171875,312.1000061035156,1295700,285.5791931152344
APD,APD,2022-12-07,312.55999755859375,315.7699890136719,312.0,315.5799865722656,1130700,288.76348876953125
APD,APD,2022-12-08,316.8399963378906,320.9599914550781,316.70001220703125,319.8599853515625,1059100,292.6797180175781
APD,APD,2022-12-09,319.739990234375,320.45001220703125,313.5799865722656,314.4100036621094,1150000,287.69293212890625
APD,APD,2022-12-12,313.05999755859375,320.17999267578125,313.05999755859375,319.510009765625,1163000,292.3594970703125
APD,APD,2022-12-13,327.8299865722656,328.55999755859375,321.80999755859375,325.25,1075400,297.61175537109375
APD,APD,2022-12-14,324.6600036621094,327.92999267578125,321.8699951171875,325.1199951171875,1191700,297.4927978515625
APD,APD,2022-12-15,319.510009765625,320.3999938964844,314.2699890136719,316.239990234375,1014800,289.367431640625
APD,APD,2022-12-16,316.2699890136719,317.6099853515625,311.75,316.4200134277344,2425800,289.5321044921875
APD,APD,2022-12-19,314.7099914550781,317.0400085449219,311.8599853515625,313.7200012207031,835300,287.0615539550781
APD,APD,2022-12-20,314.3299865722656,314.8900146484375,310.82000732421875,312.5400085449219,779100,285.9818420410156
APD,APD,2022-12-21,314.489990234375,317.1499938964844,313.5,314.489990234375,860600,287.7660827636719
APD,APD,2022-12-22,312.4200134277344,312.760009765625,307.6400146484375,312.6000061035156,953500,286.0367126464844
APD,APD,2022-12-23,311.8999938964844,312.6000061035156,309.8599853515625,312.0400085449219,544200,285.5243225097656
APD,APD,2022-12-27,313.2699890136719,314.20001220703125,311.5199890136719,312.20001220703125,1438000,285.6707763671875
APD,APD,2022-12-28,312.5,313.760009765625,309.2799987792969,309.6400146484375,439700,283.3282775878906
APD,APD,2022-12-29,311.0,312.6400146484375,310.20001220703125,311.4100036621094,564400,284.9478454589844
APD,APD,2022-12-30,308.3900146484375,309.489990234375,304.67999267578125,308.260009765625,534700,283.5405578613281
APD,APD,2023-01-03,310.05999755859375,311.7699890136719,303.8999938964844,306.57000732421875,1020300,281.9860534667969
APD,APD,2023-01-04,305.94000244140625,308.4100036621094,304.0,306.5899963378906,966000,282.00445556640625
APD,APD,2023-01-05,302.6400146484375,304.69000244140625,300.30999755859375,301.82000732421875,1715500,277.6169738769531
APD,APD,2023-01-06,305.1700134277344,311.6600036621094,303.0199890136719,310.17999267578125,873400,285.3065490722656
APD,APD,2023-01-09,309.8900146484375,314.4700012207031,306.0299987792969,311.6700134277344,1436500,286.67706298828125
APD,APD,2023-01-10,309.9800109863281,312.8299865722656,308.1499938964844,312.6700134277344,608400,287.5968933105469
APD,APD,2023-01-11,315.1499938964844,316.5899963378906,312.1600036621094,312.7699890136719,835100,287.6888732910156
APD,APD,2023-01-12,312.7699890136719,314.010009765625,308.8999938964844,310.2099914550781,1194800,285.33416748046875
APD,APD,2023-01-13,307.8599853515625,311.9100036621094,307.07000732421875,311.3999938964844,787900,286.4287109375
APD,APD,2023-01-17,312.0,312.0,306.010009765625,306.3800048828125,1252900,281.811279296875
APD,APD,2023-01-18,308.25,308.25,302.04998779296875,302.8900146484375,793200,278.6011962890625
APD,APD,2023-01-19,302.5899963378906,303.3900146484375,298.19000244140625,299.8900146484375,889000,275.8417663574219
APD,APD,2023-01-20,301.25,304.5799865722656,298.3599853515625,304.3999938964844,1197900,279.9900817871094
APD,APD,2023-01-23,303.8699951171875,309.55999755859375,302.7300109863281,308.7200012207031,881700,283.9636535644531
APD,APD,2023-01-24,308.3699951171875,313.9800109863281,306.9100036621094,313.3399963378906,745000,288.2131652832031
APD,APD,2023-01-25,308.9700012207031,313.1499938964844,308.3399963378906,312.04998779296875,707300,287.026611328125
APD,APD,2023-01-26,311.44000244140625,316.8999938964844,310.0,316.6099853515625,733600,291.2209167480469
APD,APD,2023-01-27,314.05999755859375,316.3999938964844,312.010009765625,314.1499938964844,876600,288.958251953125
APD,APD,2023-01-30,313.55999755859375,318.1400146484375,313.3699951171875,313.8999938964844,846000,288.728271484375
APD,APD,2023-01-31,314.9200134277344,320.8999938964844,314.1700134277344,320.510009765625,1911700,294.8082275390625
APD,APD,2023-02-01,319.1099853515625,320.4200134277344,314.3900146484375,318.1300048828125,1357900,292.61907958984375
APD,APD,2023-02-02,295.3599853515625,299.3399963378906,288.5400085449219,295.5,2988400,271.80377197265625
APD,APD,2023-02-03,291.989990234375,293.489990234375,283.239990234375,285.0199890136719,2876300,262.1640625
APD,APD,2023-02-06,284.0199890136719,286.54998779296875,280.1700134277344,283.0299987792969,1259900,260.333740234375
APD,APD,2023-02-07,281.7099914550781,285.7900085449219,280.55999755859375,285.07000732421875,1329200,262.2101745605469
APD,APD,2023-02-08,284.45001220703125,291.0400085449219,284.45001220703125,287.239990234375,1349700,264.2061462402344
APD,APD,2023-02-09,289.9100036621094,290.32000732421875,286.1400146484375,286.8900146484375,945400,263.88421630859375
APD,APD,2023-02-10,286.2900085449219,289.0299987792969,283.6199951171875,287.82000732421875,859500,264.7395935058594
APD,APD,2023-02-13,288.7200012207031,289.3500061035156,285.7699890136719,286.70001220703125,698000,263.70947265625
APD,APD,2023-02-14,286.2300109863281,286.6199951171875,278.79998779296875,281.489990234375,1689100,258.9172058105469
APD,APD,2023-02-15,280.0,285.57000732421875,278.0400085449219,284.4599914550781,2623500,261.6490173339844
APD,APD,2023-02-16,280.42999267578125,284.2699890136719,279.3999938964844,280.7300109863281,650800,258.21820068359375
APD,APD,2023-02-17,279.2900085449219,280.8299865722656,277.510009765625,279.7099914550781,1141000,257.2799987792969
APD,APD,2023-02-21,279.54998779296875,280.1499938964844,276.57000732421875,277.510009765625,880900,255.25631713867188
APD,APD,2023-02-22,278.989990234375,280.1499938964844,274.1099853515625,278.2900085449219,1148600,255.97384643554688
APD,APD,2023-02-23,279.1700134277344,280.7099914550781,273.9200134277344,279.7200012207031,1377300,257.2891845703125
APD,APD,2023-02-24,275.7699890136719,282.2900085449219,275.0,280.9800109863281,1507900,258.44818115234375
APD,APD,2023-02-27,282.44000244140625,287.6499938964844,282.44000244140625,285.4200134277344,1017900,262.5321350097656
APD,APD,2023-02-28,285.0,287.0799865722656,284.8999938964844,285.9800109863281,1038200,263.04718017578125
APD,APD,2023-03-01,285.07000732421875,291.5799865722656,284.69000244140625,288.2799987792969,1038100,265.1627197265625
APD,APD,2023-03-02,287.5799865722656,293.57000732421875,286.6000061035156,292.0299987792969,1092800,268.6120300292969
APD,APD,2023-03-03,293.0899963378906,294.8999938964844,290.7200012207031,294.7799987792969,929100,271.1415100097656
APD,APD,2023-03-06,292.7099914550781,295.05999755859375,292.4800109863281,293.1199951171875,631100,269.61456298828125
APD,APD,2023-03-07,294.260009765625,295.6000061035156,289.760009765625,291.3900146484375,893300,268.0234069824219
APD,APD,2023-03-08,291.79998779296875,291.94000244140625,288.1700134277344,290.0400085449219,695600,266.7816162109375
APD,APD,2023-03-09,291.20001220703125,291.80999755859375,282.7699890136719,284.0799865722656,756700,261.2995300292969
APD,APD,2023-03-10,284.17999267578125,286.30999755859375,280.0,281.2699890136719,860900,258.71484375
APD,APD,2023-03-13,281.989990234375,285.489990234375,280.3299865722656,280.989990234375,980700,258.457275390625
APD,APD,2023-03-14,284.6400146484375,289.989990234375,283.0400085449219,285.8999938964844,1814500,262.9735412597656
APD,APD,2023-03-15,281.010009765625,281.8900146484375,274.20001220703125,277.0400085449219,1293200,254.82411193847656
APD,APD,2023-03-16,275.3999938964844,281.2099914550781,275.010009765625,279.6499938964844,900000,257.2247009277344
APD,APD,2023-03-17,280.2900085449219,280.2900085449219,273.8399963378906,274.739990234375,1545600,252.70848083496094
APD,APD,2023-03-20,276.4700012207031,280.4599914550781,275.69000244140625,279.2099914550781,726400,256.82000732421875
APD,APD,2023-03-21,282.3599853515625,283.2099914550781,275.3999938964844,278.80999755859375,967000,256.4521789550781
APD,APD,2023-03-22,279.45001220703125,280.8699951171875,275.1400146484375,275.3599853515625,1023300,253.27880859375
APD,APD,2023-03-23,275.7099914550781,276.4100036621094,265.8999938964844,266.94000244140625,2001900,245.5340118408203
APD,APD,2023-03-24,265.42999267578125,268.5899963378906,263.8900146484375,267.6700134277344,1329500,246.20547485351562
APD,APD,2023-03-27,271.05999755859375,274.1099853515625,268.3500061035156,270.19000244140625,1078500,248.52340698242188
APD,APD,2023-03-28,270.1400146484375,274.8500061035156,269.6099853515625,273.5400085449219,743400,251.60475158691406
APD,APD,2023-03-29,276.29998779296875,277.260009765625,275.0,276.3299865722656,751800,254.17095947265625
APD,APD,2023-03-30,278.30999755859375,280.3800048828125,277.07000732421875,279.7200012207031,808600,257.2891845703125
APD,APD,2023-03-31,278.8699951171875,287.54998779296875,278.1400146484375,287.2099914550781,1487400,265.84173583984375
APD,APD,2023-04-03,286.57000732421875,289.32000732421875,285.5199890136719,289.0400085449219,1173700,267.5355224609375
APD,APD,2023-04-04,288.0,288.9100036621094,283.989990234375,285.25,1256600,264.02752685546875
APD,APD,2023-04-05,283.7300109863281,286.8900146484375,281.8500061035156,283.8800048828125,943800,262.75946044921875
APD,APD,2023-04-06,282.3399963378906,283.6499938964844,280.6199951171875,282.0,869200,261.01934814453125
APD,APD,2023-04-10,280.9800109863281,283.44000244140625,279.4800109863281,283.42999267578125,768400,262.3429260253906
APD,APD,2023-04-11,284.29998779296875,287.5299987792969,283.239990234375,285.3299865722656,598400,264.1015625
APD,APD,2023-04-12,287.1199951171875,288.989990234375,286.2200012207031,287.1700134277344,464400,265.8047180175781
APD,APD,2023-04-13,287.45001220703125,290.1300048828125,285.0899963378906,288.1400146484375,552500,266.70257568359375
APD,APD,2023-04-14,287.0199890136719,289.3299865722656,284.95001220703125,286.2099914550781,485500,264.9161071777344
APD,APD,2023-04-17,287.0299987792969,287.8999938964844,283.9599914550781,286.20001220703125,500600,264.9068603515625
APD,APD,2023-04-18,287.3599853515625,288.010009765625,286.4700012207031,287.7799987792969,598400,266.3692932128906
APD,APD,2023-04-19,287.04998779296875,290.57000732421875,286.1199951171875,290.5,521100,268.8869934082031
APD,APD,2023-04-20,289.3999938964844,293.42999267578125,288.32000732421875,292.4599914550781,691700,270.701171875
APD,APD,2023-04-21,291.7099914550781,293.510009765625,289.67999267578125,290.57000732421875,1026500,268.9516906738281
APD,APD,2023-04-24,291.29998779296875,293.3500061035156,290.6099853515625,293.29998779296875,626800,271.4786376953125
APD,APD,2023-04-25,292.19000244140625,292.3999938964844,289.1000061035156,289.94000244140625,550800,268.3686218261719
APD,APD,2023-04-26,288.3500061035156,289.7699890136719,283.5400085449219,285.67999267578125,847300,264.4255676269531
APD,APD,2023-04-27,288.1499938964844,292.25,286.8500061035156,291.3800048828125,977500,269.7015075683594
APD,APD,2023-04-28,291.010009765625,295.17999267578125,290.20001220703125,294.3599853515625,930900,272.4598083496094
APD,APD,2023-05-01,294.8999938964844,297.5,294.8999938964844,296.17999267578125,450200,274.1443786621094
APD,APD,2023-05-02,293.55999755859375,294.7699890136719,288.92999267578125,292.6300048828125,818700,270.8585205078125
APD,APD,2023-05-03,293.54998779296875,297.7300109863281,292.2300109863281,293.8900146484375,703400,272.0247497558594
APD,APD,2023-05-04,294.04998779296875,295.20001220703125,290.19000244140625,291.07000732421875,710500,269.4145812988281
APD,APD,2023-05-05,292.80999755859375,297.8999938964844,291.9200134277344,296.70001220703125,730900,274.6257019042969
APD,APD,2023-05-08,297.989990234375,299.8800048828125,294.3299865722656,295.5799865722656,1027100,273.5889587402344
APD,APD,2023-05-09,295.989990234375,297.0,278.739990234375,279.94000244140625,1863000,259.11260986328125
APD,APD,2023-05-10,281.0799865722656,285.5199890136719,278.6199951171875,280.95001220703125,1199800,260.0474853515625
APD,APD,2023-05-11,278.3900146484375,278.6199951171875,274.3699951171875,276.54998779296875,1234500,255.974853515625
APD,APD,2023-05-12,277.6099853515625,279.1600036621094,275.1099853515625,278.0,694900,257.31695556640625
APD,APD,2023-05-15,278.6099853515625,279.8399963378906,276.3900146484375,279.2900085449219,678300,258.51092529296875
APD,APD,2023-05-16,277.92999267578125,279.3800048828125,273.1499938964844,275.5899963378906,663500,255.0862274169922
APD,APD,2023-05-17,276.07000732421875,277.45001220703125,275.07000732421875,276.20001220703125,770200,255.65089416503906
APD,APD,2023-05-18,275.69000244140625,276.1400146484375,270.7300109863281,275.45001220703125,788700,254.95669555664062
APD,APD,2023-05-19,276.739990234375,280.3800048828125,276.19000244140625,278.9100036621094,1072000,258.1592712402344
APD,APD,2023-05-22,279.45001220703125,281.3399963378906,274.6700134277344,275.0,608100,254.5401611328125
APD,APD,2023-05-23,273.1099853515625,274.010009765625,270.9200134277344,271.5,713600,251.30055236816406
APD,APD,2023-05-24,270.32000732421875,271.32000732421875,269.010009765625,270.8399963378906,648600,250.68963623046875
APD,APD,2023-05-25,272.7200012207031,273.1700134277344,270.8500061035156,272.1199951171875,779600,251.87440490722656
APD,APD,2023-05-26,273.3399963378906,274.8900146484375,272.1000061035156,273.8299865722656,940900,253.45716857910156
APD,APD,2023-05-30,276.2200012207031,276.3800048828125,271.6300048828125,274.07000732421875,765100,253.67933654785156
APD,APD,2023-05-31,273.3599853515625,273.8900146484375,269.07000732421875,269.1400146484375,1078300,249.11611938476562
APD,APD,2023-06-01,267.70001220703125,274.3800048828125,267.2799987792969,273.1700134277344,826700,252.84634399414062
APD,APD,2023-06-02,275.9200134277344,281.8399963378906,275.69000244140625,281.0400085449219,912100,260.1307678222656
APD,APD,2023-06-05,283.3500061035156,283.5,279.7300109863281,279.7799987792969,1093500,258.9645080566406
APD,APD,2023-06-06,278.5899963378906,281.54998779296875,276.5899963378906,278.5,740700,257.7796936035156
APD,APD,2023-06-07,276.79998779296875,282.79998779296875,274.4700012207031,282.4200134277344,755200,261.40814208984375
APD,APD,2023-06-08,276.3500061035156,283.9100036621094,276.3500061035156,283.3800048828125,642100,262.29669189453125
APD,APD,2023-06-09,282.5400085449219,282.5400085449219,277.8500061035156,278.5899963378906,881900,257.8630676269531
APD,APD,2023-06-12,279.5,279.6400146484375,276.80999755859375,278.92999267578125,663600,258.177734375
APD,APD,2023-06-13,278.29998779296875,285.5899963378906,277.69000244140625,284.8500061035156,1005000,263.65728759765625
APD,APD,2023-06-14,288.260009765625,291.4599914550781,287.2799987792969,288.8399963378906,911400,267.3504333496094
APD,APD,2023-06-15,288.9800109863281,292.25,287.05999755859375,290.760009765625,649700,269.1275634765625
APD,APD,2023-06-16,291.30999755859375,294.6000061035156,290.8299865722656,293.1700134277344,1811000,271.3583068847656
APD,APD,2023-06-20,289.95001220703125,290.4200134277344,287.29998779296875,289.29998779296875,674200,267.7762451171875
APD,APD,2023-06-21,287.69000244140625,290.17999267578125,285.4599914550781,289.1400146484375,674900,267.628173828125
APD,APD,2023-06-22,287.1400146484375,289.0,284.4800109863281,288.010009765625,636500,266.5821838378906
APD,APD,2023-06-23,286.6300048828125,288.1199951171875,284.6700134277344,286.260009765625,712500,264.96240234375
APD,APD,2023-06-26,287.1199951171875,288.1600036621094,285.04998779296875,286.3900146484375,721500,265.0827331542969
APD,APD,2023-06-27,286.5799865722656,291.55999755859375,286.5799865722656,291.4100036621094,546000,269.7292785644531
APD,APD,2023-06-28,290.3699951171875,291.8500061035156,288.3900146484375,291.32000732421875,606600,269.64593505859375
APD,APD,2023-06-29,289.94000244140625,295.2900085449219,288.6000061035156,294.75,567800,272.82073974609375
APD,APD,2023-06-30,295.8800048828125,300.510009765625,295.1700134277344,299.5299987792969,1031700,278.90106201171875
APD,APD,2023-07-03,298.1499938964844,299.20001220703125,295.739990234375,297.07000732421875,456600,276.6104431152344
APD,APD,2023-07-05,294.6300048828125,295.67999267578125,285.8800048828125,287.9700012207031,1387600,268.1371154785156
APD,APD,2023-07-06,285.92999267578125,288.2699890136719,281.7699890136719,287.8399963378906,883400,268.01611328125
APD,APD,2023-07-07,286.3999938964844,290.4800109863281,285.5400085449219,286.8399963378906,890600,267.0849914550781
APD,APD,2023-07-10,286.8399963378906,291.7799987792969,286.6099853515625,290.0199890136719,562700,270.0460205078125
APD,APD,2023-07-11,291.2799987792969,292.55999755859375,287.1499938964844,288.6499938964844,625300,268.77032470703125
APD,APD,2023-07-12,291.70001220703125,294.5799865722656,287.5199890136719,294.25,1024900,273.98468017578125
APD,APD,2023-07-13,294.6300048828125,299.8999938964844,294.0,298.95001220703125,843800,278.36102294921875
APD,APD,2023-07-14,298.8999938964844,299.5299987792969,297.29998779296875,298.6300048828125,711500,278.0629577636719
APD,APD,2023-07-17,298.2200012207031,299.8399963378906,296.3699951171875,299.2799987792969,809300,278.66827392578125
APD,APD,2023-07-18,298.7099914550781,300.5899963378906,295.92999267578125,298.260009765625,544200,277.71844482421875
APD,APD,2023-07-19,297.739990234375,300.1199951171875,296.44000244140625,298.5899963378906,675600,278.0257568359375
APD,APD,2023-07-20,300.30999755859375,301.8599853515625,298.04998779296875,301.3399963378906,752700,280.58636474609375
APD,APD,2023-07-21,300.7300109863281,303.2099914550781,300.1300048828125,302.739990234375,667900,281.889892578125
APD,APD,2023-07-24,303.2699890136719,304.1000061035156,299.9200134277344,302.1000061035156,653600,281.29400634765625
APD,APD,2023-07-25,303.5,306.5899963378906,302.239990234375,305.8500061035156,739800,284.7857360839844
APD,APD,2023-07-26,303.54998779296875,305.3399963378906,301.4700012207031,303.010009765625,1109100,282.141357421875
APD,APD,2023-07-27,303.0,304.8800048828125,302.0,302.8900146484375,994100,282.0296630859375
APD,APD,2023-07-28,304.9599914550781,304.9599914550781,302.5899963378906,303.42999267578125,560300,282.53240966796875
APD,APD,2023-07-31,303.0,305.7300109863281,302.6099853515625,305.3299865722656,1146600,284.3015441894531
APD,APD,2023-08-01,303.69000244140625,305.8299865722656,302.20001220703125,302.4100036621094,886900,281.5826721191406
APD,APD,2023-08-02,300.1099853515625,302.8900146484375,298.6499938964844,299.32000732421875,992400,278.70550537109375
APD,APD,2023-08-03,290.0,293.1600036621094,281.29998779296875,281.82000732421875,2357700,262.4107666015625
APD,APD,2023-08-04,285.7699890136719,291.1300048828125,283.79998779296875,284.42999267578125,1263000,264.8409423828125
APD,APD,2023-08-07,284.2900085449219,288.2099914550781,284.1199951171875,287.29998779296875,863900,267.5133361816406
APD,APD,2023-08-08,284.7300109863281,284.7300109863281,280.7699890136719,283.5400085449219,645700,264.01226806640625
APD,APD,2023-08-09,284.1600036621094,287.5400085449219,282.6199951171875,285.3999938964844,617700,265.744140625
APD,APD,2023-08-10,286.6700134277344,288.4599914550781,284.1300048828125,286.30999755859375,856000,266.5915222167969
APD,APD,2023-08-11,285.5199890136719,288.9700012207031,285.4700012207031,288.7900085449219,646600,268.90069580078125
APD,APD,2023-08-14,287.82000732421875,291.75,287.1700134277344,290.7300109863281,694000,270.7071228027344
APD,APD,2023-08-15,288.6499938964844,289.04998779296875,284.1600036621094,285.1400146484375,624400,265.5021057128906
APD,APD,2023-08-16,285.1400146484375,287.2200012207031,284.3399963378906,285.9200134277344,640900,266.2283935546875
APD,APD,2023-08-17,286.92999267578125,288.260009765625,283.45001220703125,284.5,735500,264.90618896484375
APD,APD,2023-08-18,282.4100036621094,286.3800048828125,281.4700012207031,284.82000732421875,716600,265.2041015625
APD,APD,2023-08-21,285.2300109863281,287.510009765625,284.05999755859375,285.2099914550781,477700,265.56719970703125
APD,APD,2023-08-22,286.6300048828125,286.6300048828125,283.94000244140625,285.07000732421875,353600,265.4368896484375
APD,APD,2023-08-23,284.3500061035156,286.4700012207031,282.7900085449219,285.75,446300,266.0700378417969
APD,APD,2023-08-24,284.42999267578125,288.1300048828125,283.7099914550781,286.6300048828125,391600,266.8894348144531
APD,APD,2023-08-25,288.4800109863281,289.3800048828125,286.0400085449219,288.29998779296875,381200,268.4444274902344
APD,APD,2023-08-28,288.9700012207031,291.3599853515625,288.6600036621094,289.8599853515625,694900,269.89703369140625
APD,APD,2023-08-29,289.92999267578125,293.760009765625,289.3599853515625,293.6600036621094,389500,273.4353332519531
APD,APD,2023-08-30,294.0299987792969,296.45001220703125,293.489990234375,295.5199890136719,404800,275.1672058105469
APD,APD,2023-08-31,296.4800109863281,297.0,294.6700134277344,295.489990234375,662400,275.13922119140625
APD,APD,2023-09-01,298.55999755859375,300.6000061035156,297.82000732421875,298.0199890136719,520000,277.4949645996094
APD,APD,2023-09-05,298.3399963378906,298.3399963378906,292.6499938964844,292.70001220703125,716400,272.54144287109375
APD,APD,2023-09-06,292.6199951171875,294.1499938964844,291.1400146484375,293.3500061035156,422900,273.1466369628906
APD,APD,2023-09-07,292.8999938964844,294.79998779296875,290.6499938964844,292.1099853515625,566300,271.9920959472656
APD,APD,2023-09-08,292.5,299.8599853515625,291.54998779296875,298.510009765625,786600,277.9512939453125
APD,APD,2023-09-11,299.82000732421875,303.75,299.54998779296875,302.79998779296875,669600,281.94580078125
APD,APD,2023-09-12,301.57000732421875,304.19000244140625,300.1499938964844,302.1400146484375,646000,281.3313293457031
APD,APD,2023-09-13,302.239990234375,304.8900146484375,300.8500061035156,303.1300048828125,627300,282.2530822753906
APD,APD,2023-09-14,305.0,306.79998779296875,303.510009765625,306.1000061035156,550900,285.0185241699219
APD,APD,2023-09-15,306.3999938964844,307.7099914550781,301.1499938964844,302.1099853515625,1354600,281.3033142089844
APD,APD,2023-09-18,301.6300048828125,301.8999938964844,299.29998779296875,299.5299987792969,665500,278.90106201171875
APD,APD,2023-09-19,299.29998779296875,300.1499938964844,295.5,299.2300109863281,579100,278.6217041015625
APD,APD,2023-09-20,299.7300109863281,301.0299987792969,294.20001220703125,294.82000732421875,593600,274.51544189453125
APD,APD,2023-09-21,293.1600036621094,295.1099853515625,286.8900146484375,287.07000732421875,768300,267.2991943359375
APD,APD,2023-09-22,286.9800109863281,289.67999267578125,285.8500061035156,286.6400146484375,612600,266.8987731933594
APD,APD,2023-09-25,285.3599853515625,290.4800109863281,285.0299987792969,289.6099853515625,586400,269.66424560546875
APD,APD,2023-09-26,287.29998779296875,289.5799865722656,285.7900085449219,286.70001220703125,741600,266.95465087890625
APD,APD,2023-09-27,286.8800048828125,288.1099853515625,283.92999267578125,285.260009765625,670000,265.61376953125
APD,APD,2023-09-28,285.8900146484375,290.1199951171875,284.9100036621094,286.8699951171875,1100200,267.1129455566406
APD,APD,2023-09-29,287.75,288.8500061035156,282.6199951171875,283.3999938964844,695100,265.50152587890625
APD,APD,2023-10-02,281.3299865722656,282.7099914550781,275.6099853515625,279.0799865722656,1015400,261.4543762207031
APD,APD,2023-10-03,277.32000732421875,283.6400146484375,277.32000732421875,281.7900085449219,1265900,263.9932556152344
APD,APD,2023-10-04,284.8699951171875,286.3299865722656,282.0,284.8800048828125,1086700,266.8880615234375
APD,APD,2023-10-05,284.4800109863281,286.25,276.92999267578125,279.8599853515625,827600,262.1850891113281
APD,APD,2023-10-06,279.3900146484375,282.2200012207031,276.3599853515625,281.05999755859375,875800,263.3093566894531
APD,APD,2023-10-09,281.0799865722656,284.510009765625,279.6700134277344,284.2699890136719,584400,266.3165588378906
APD,APD,2023-10-10,286.6700134277344,290.42999267578125,285.8999938964844,287.9100036621094,906200,269.7267150878906
APD,APD,2023-10-11,288.8500061035156,291.1300048828125,288.1400146484375,290.8900146484375,845800,272.5185241699219
APD,APD,2023-10-12,292.4100036621094,292.5199890136719,282.5899963378906,285.7900085449219,1256300,267.7406311035156
APD,APD,2023-10-13,288.20001220703125,290.7099914550781,284.7099914550781,285.4599914550781,577400,267.4314270019531
APD,APD,2023-10-16,287.6300048828125,290.32000732421875,286.6300048828125,287.1199951171875,551500,268.98663330078125
APD,APD,2023-10-17,287.29998779296875,292.55999755859375,286.54998779296875,290.8999938964844,780600,272.52789306640625
APD,APD,2023-10-18,289.80999755859375,289.80999755859375,282.9700012207031,283.3800048828125,520600,265.4828186035156
APD,APD,2023-10-19,282.1700134277344,284.5899963378906,280.0199890136719,280.6099853515625,471900,262.88775634765625
APD,APD,2023-10-20,279.4599914550781,281.25,277.82000732421875,278.57000732421875,669200,260.97662353515625
APD,APD,2023-10-23,276.79998779296875,278.79998779296875,274.2699890136719,274.6700134277344,722600,257.3229064941406
APD,APD,2023-10-24,275.8999938964844,278.3599853515625,274.6300048828125,277.239990234375,673200,259.7306213378906
APD,APD,2023-10-25,276.9599914550781,277.92999267578125,274.3599853515625,274.4800109863281,687300,257.1449279785156
APD,APD,2023-10-26,276.1000061035156,279.75,275.6000061035156,277.6600036621094,745100,260.1240234375
APD,APD,2023-10-27,276.95001220703125,279.69000244140625,275.20001220703125,276.1499938964844,648200,258.7094421386719
APD,APD,2023-10-30,278.0,280.95001220703125,277.0199890136719,280.70001220703125,668000,262.9720764160156
APD,APD,2023-10-31,280.8699951171875,283.8299865722656,278.5899963378906,282.44000244140625,871700,264.6022033691406
APD,APD,2023-11-01,283.0400085449219,284.3299865722656,279.54998779296875,283.4100036621094,1121000,265.51092529296875
APD,APD,2023-11-02,284.45001220703125,289.8299865722656,283.2699890136719,289.6199951171875,856700,271.3287048339844
APD,APD,2023-11-03,292.25,295.9599914550781,291.5199890136719,293.20001220703125,1011600,274.68267822265625
APD,APD,2023-11-06,293.20001220703125,294.1600036621094,289.54998779296875,291.29998779296875,1242300,272.9025573730469
APD,APD,2023-11-07,271.739990234375,273.05999755859375,254.02000427246094,254.4600067138672,4484500,238.3892822265625
APD,APD,2023-11-08,256.7699890136719,260.4200134277344,251.6300048828125,259.92999267578125,2465000,243.51382446289062
APD,APD,2023-11-09,262.5299987792969,264.30999755859375,258.6600036621094,263.989990234375,1909200,247.31741333007812
APD,APD,2023-11-10,263.7099914550781,267.3399963378906,263.010009765625,265.4599914550781,1554500,248.6945343017578
APD,APD,2023-11-13,263.7699890136719,265.6300048828125,262.20001220703125,265.0299987792969,1110300,248.29168701171875
APD,APD,2023-11-14,267.0,271.6199951171875,266.0,268.4100036621094,1759300,251.45828247070312
APD,APD,2023-11-15,268.3699951171875,274.3299865722656,267.8500061035156,273.6199951171875,1262000,256.3392639160156
APD,APD,2023-11-16,273.489990234375,274.45001220703125,271.07000732421875,273.6000061035156,1537100,256.3204650878906
APD,APD,2023-11-17,273.489990234375,273.989990234375,269.2799987792969,269.989990234375,1537400,252.9384307861328
APD,APD,2023-11-20,269.989990234375,273.7200012207031,269.1600036621094,272.1499938964844,1540100,254.96202087402344
APD,APD,2023-11-21,273.5,277.4700012207031,273.0199890136719,276.3399963378906,1245200,258.8874206542969
APD,APD,2023-11-22,277.4100036621094,277.4599914550781,273.70001220703125,274.2699890136719,1004800,256.94818115234375
APD,APD,2023-11-24,275.0799865722656,276.6499938964844,274.5,274.5,399800,257.1636047363281
APD,APD,2023-11-27,273.70001220703125,274.0400085449219,269.3999938964844,271.6700134277344,1159000,254.51239013671875
APD,APD,2023-11-28,271.0,271.7300109863281,267.9599914550781,268.3999938964844,893800,251.4488983154297
APD,APD,2023-11-29,269.739990234375,270.79998779296875,265.8999938964844,266.4800109863281,1096200,249.65020751953125
APD,APD,2023-11-30,266.4800109863281,271.1199951171875,265.7300109863281,270.54998779296875,2341800,253.4630584716797
APD,APD,2023-12-01,270.6000061035156,275.1099853515625,269.8399963378906,272.6400146484375,1706200,255.42112731933594
APD,APD,2023-12-04,270.94000244140625,272.55999755859375,268.760009765625,270.1499938964844,1782300,253.08837890625
APD,APD,2023-12-05,269.260009765625,269.760009765625,261.07000732421875,262.0199890136719,2196300,245.4718475341797
APD,APD,2023-12-06,262.3900146484375,264.1000061035156,260.2900085449219,261.2799987792969,1313000,244.778564453125
APD,APD,2023-12-07,262.1400146484375,264.0299987792969,261.010009765625,262.010009765625,1408500,245.46246337890625
APD,APD,2023-12-08,262.7799987792969,264.7200012207031,262.5400085449219,263.2699890136719,744100,246.64288330078125
APD,APD,2023-12-11,263.25,265.0799865722656,262.4700012207031,264.55999755859375,1120800,247.8513946533203
APD,APD,2023-12-12,265.3900146484375,267.3999938964844,262.9200134277344,267.3399963378906,1284300,250.45582580566406
APD,APD,2023-12-13,266.70001220703125,270.4700012207031,263.7300109863281,269.32000732421875,1367600,252.310791015625
APD,APD,2023-12-14,270.3999938964844,273.3999938964844,270.0,270.80999755859375,1372800,253.7066650390625
APD,APD,2023-12-15,270.2799987792969,272.7300109863281,269.69000244140625,270.8599853515625,3312900,253.75350952148438
APD,APD,2023-12-18,273.5799865722656,274.95001220703125,271.1199951171875,271.20001220703125,1384700,254.07208251953125
APD,APD,2023-12-19,273.2300109863281,273.9100036621094,270.6300048828125,272.5199890136719,1340400,255.30868530273438
APD,APD,2023-12-20,271.6000061035156,273.510009765625,268.010009765625,268.1499938964844,905100,251.21469116210938
APD,APD,2023-12-21,270.2200012207031,271.8299865722656,268.4700012207031,271.739990234375,790100,254.57797241210938
APD,APD,2023-12-22,272.75,274.32000732421875,272.1400146484375,272.8399963378906,756200,255.6084442138672
APD,APD,2023-12-26,273.45001220703125,275.82000732421875,273.25,274.8699951171875,446100,257.5102233886719
APD,APD,2023-12-27,274.2099914550781,275.79998779296875,273.3399963378906,275.69000244140625,759800,258.2785339355469
APD,APD,2023-12-28,275.6300048828125,275.6700134277344,274.010009765625,274.2300109863281,531800,256.9106750488281
APD,APD,2023-12-29,272.6400146484375,274.8900146484375,272.0,273.79998779296875,886000,258.1552429199219
APD,APD,2024-01-02,272.3299865722656,274.8699951171875,272.3299865722656,273.4700012207031,1109200,257.8441162109375
APD,APD,2024-01-03,272.0,273.05999755859375,269.7900085449219,270.8599853515625,1117600,255.38328552246094
APD,APD,2024-01-04,270.8500061035156,273.2900085449219,270.1300048828125,270.25,956800,254.80813598632812
APD,APD,2024-01-05,270.95001220703125,273.0,268.4200134277344,270.1499938964844,777400,254.7137908935547
APD,APD,2024-01-08,268.57000732421875,272.94000244140625,266.8999938964844,272.8399963378906,912200,257.2500915527344
APD,APD,2024-01-09,271.010009765625,271.010009765625,266.5899963378906,268.0899963378906,831600,252.7715301513672
APD,APD,2024-01-10,267.30999755859375,267.30999755859375,263.8500061035156,266.9599914550781,922000,251.70611572265625
APD,APD,2024-01-11,267.3900146484375,268.07000732421875,263.010009765625,264.5899963378906,1046200,249.47152709960938
APD,APD,2024-01-12,265.9599914550781,267.6600036621094,263.4100036621094,264.1300048828125,1201600,249.0377960205078
APD,APD,2024-01-16,262.5299987792969,263.989990234375,260.0,260.45001220703125,1435200,245.5680694580078
APD,APD,2024-01-17,258.05999755859375,260.2300109863281,257.0,260.1400146484375,1201300,245.2758026123047
APD,APD,2024-01-18,259.239990234375,260.4599914550781,257.0,260.0299987792969,1157300,245.17205810546875
APD,APD,2024-01-19,260.1600036621094,261.0,257.239990234375,260.6400146484375,2509600,245.74720764160156
APD,APD,2024-01-22,258.4800109863281,262.80999755859375,257.760009765625,260.92999267578125,1501100,246.02064514160156
APD,APD,2024-01-23,262.3500061035156,264.0,260.42999267578125,263.239990234375,1539800,248.19862365722656
APD,APD,2024-01-24,263.2300109863281,264.4800109863281,257.1099853515625,257.1600036621094,1768600,242.466064453125
APD,APD,2024-01-25,259.1199951171875,263.7300109863281,258.3599853515625,263.6499938964844,1936400,248.5852508544922
APD,APD,2024-01-26,266.1700134277344,266.1700134277344,261.2699890136719,261.8999938964844,873200,246.93521118164062
APD,APD,2024-01-29,261.8999938964844,262.2300109863281,259.760009765625,261.1300048828125,1192400,246.209228515625
APD,APD,2024-01-30,259.92999267578125,262.2699890136719,259.1499938964844,259.2799987792969,2053700,244.46493530273438
APD,APD,2024-01-31,261.1099853515625,261.25,255.4199981689453,255.7100067138672,1941500,241.0989227294922
APD,APD,2024-02-01,257.82000732421875,260.20001220703125,256.1499938964844,259.55999755859375,1517100,244.72894287109375
APD,APD,2024-02-02,257.1099853515625,260.0,255.5,258.1700134277344,1934600,243.41836547851562
APD,APD,2024-02-05,227.0,228.0399932861328,217.02999877929688,218.02000427246094,7998200,205.56253051757812
APD,APD,2024-02-06,218.7100067138672,219.97999572753906,212.24000549316406,218.0500030517578,4983100,205.5907745361328
APD,APD,2024-02-07,218.33999633789062,219.6199951171875,213.07000732421875,215.3800048828125,3469400,203.07334899902344
APD,APD,2024-02-08,214.02999877929688,220.75999450683594,213.8000030517578,219.91000366210938,3243700,207.34449768066406
APD,APD,2024-02-09,219.49000549316406,219.94000244140625,216.5,219.83999633789062,2381700,207.27850341796875
APD,APD,2024-02-12,220.3800048828125,223.3800048828125,219.1199951171875,222.58999633789062,1946400,209.87135314941406
APD,APD,2024-02-13,220.72000122070312,222.6199951171875,216.33999633789062,217.61000061035156,2769700,205.17591857910156
APD,APD,2024-02-14,217.92999267578125,219.3800048828125,216.3000030517578,217.00999450683594,2117100,204.61021423339844
APD,APD,2024-02-15,221.13999938964844,228.4600067138672,220.25999450683594,226.9499969482422,2429400,213.98223876953125
APD,APD,2024-02-16,226.8699951171875,227.83999633789062,225.91000366210938,226.85000610351562,1694100,213.88796997070312
APD,APD,2024-02-20,226.4499969482422,228.22999572753906,225.25999450683594,228.08999633789062,1927100,215.05706787109375
APD,APD,2024-02-21,229.0,229.8699951171875,226.9499969482422,228.10000610351562,1582300,215.0665283203125
APD,APD,2024-02-22,227.6699981689453,231.85000610351562,227.10000610351562,231.5,2181200,218.27224731445312
APD,APD,2024-02-23,231.1999969482422,233.3000030517578,229.64999389648438,232.7899932861328,1795400,219.48854064941406
APD,APD,2024-02-26,230.08999633789062,231.92999267578125,228.50999450683594,229.36000061035156,1657100,216.25454711914062
APD,APD,2024-02-27,230.0,233.91000366210938,229.60000610351562,231.72999572753906,2338100,218.48912048339844
APD,APD,2024-02-28,231.0,234.55999755859375,229.75,232.41000366210938,1793600,219.1302490234375
APD,APD,2024-02-29,233.88999938964844,237.64999389648438,233.44000244140625,234.0399932861328,1726300,220.66712951660156
APD,APD,2024-03-01,233.7100067138672,236.49000549316406,232.41000366210938,236.0,1292400,222.51513671875
APD,APD,2024-03-04,235.39999389648438,239.50999450683594,235.39999389648438,238.41000366210938,1861700,224.7874298095703
APD,APD,2024-03-05,238.02000427246094,240.36000061035156,237.72999572753906,239.5800018310547,2566600,225.89056396484375
APD,APD,2024-03-06,242.07000732421875,243.88999938964844,240.6999969482422,243.10000610351562,2325400,229.20945739746094
APD,APD,2024-03-07,246.0,248.0,244.27999877929688,245.1699981689453,1993000,231.1611785888672
APD,APD,2024-03-08,245.5399932861328,245.99000549316406,241.4199981689453,241.61000061035156,1726700,227.80458068847656
APD,APD,2024-03-11,243.25,249.33999633789062,242.4199981689453,247.94000244140625,1452000,233.7728729248047
APD,APD,2024-03-12,247.52999877929688,248.1999969482422,243.92999267578125,244.8699951171875,1632600,230.87832641601562
APD,APD,2024-03-13,245.47000122070312,249.11000061035156,244.9600067138672,247.2899932861328,1144500,233.16001892089844
APD,APD,2024-03-14,246.64999389648438,247.39999389648438,244.7100067138672,245.13999938964844,1416100,231.1328887939453
APD,APD,2024-03-15,243.36000061035156,246.61000061035156,243.0,244.6300048828125,2369600,230.6520538330078
APD,APD,2024-03-18,244.57000732421875,248.8699951171875,244.57000732421875,245.61000061035156,1172400,231.57601928710938
APD,APD,2024-03-19,245.89999389648438,246.25,241.05999755859375,241.82000732421875,1156600,228.00259399414062
APD,APD,2024-03-20,239.8000030517578,240.52000427246094,237.63999938964844,238.9499969482422,2848600,225.2965850830078
APD,APD,2024-03-21,239.17999267578125,239.57000732421875,235.41000366210938,235.49000549316406,2328600,222.03427124023438
APD,APD,2024-03-22,235.0,237.49000549316406,234.9600067138672,236.7100067138672,1153800,223.18455505371094
APD,APD,2024-03-25,235.97000122070312,238.80999755859375,235.1999969482422,237.55999755859375,944200,223.9860076904297
APD,APD,2024-03-26,239.13999938964844,239.13999938964844,236.2100067138672,237.8300018310547,1097100,224.2405548095703
APD,APD,2024-03-27,238.8800048828125,243.11000061035156,238.5800018310547,243.10000610351562,926600,229.20945739746094
APD,APD,2024-03-28,241.72999572753906,243.4499969482422,240.77999877929688,242.27000427246094,1439900,230.10223388671875
APD,APD,2024-04-01,242.92999267578125,244.64999389648438,241.52999877929688,243.4199981689453,851300,231.19447326660156
APD,APD,2024-04-02,243.0800018310547,243.72000122070312,237.27999877929688,239.83999633789062,1227300,227.7942657470703
APD,APD,2024-04-03,240.1199951171875,241.3000030517578,238.89999389648438,239.60000610351562,1009000,227.56631469726562
APD,APD,2024-04-04,241.1199951171875,241.44000244140625,236.58999633789062,237.11000061035156,829600,225.20138549804688
APD,APD,2024-04-05,236.8800048828125,239.7899932861328,236.6300048828125,238.67999267578125,1588700,226.69253540039062
APD,APD,2024-04-08,239.52000427246094,240.82000732421875,237.30999755859375,237.6300048828125,1013600,225.69528198242188
APD,APD,2024-04-09,238.8699951171875,239.7100067138672,237.02000427246094,239.66000366210938,890800,227.62332153320312
APD,APD,2024-04-10,235.60000610351562,236.8300018310547,234.67999267578125,235.91000366210938,1407400,224.06166076660156
APD,APD,2024-04-11,236.5,238.22999572753906,234.9499969482422,236.25,1737600,224.38458251953125
APD,APD,2024-04-12,234.32000732421875,235.3699951171875,230.67999267578125,231.52999877929688,1520100,219.90167236328125
APD,APD,2024-04-15,233.1300048828125,234.25999450683594,229.66000366210938,231.16000366210938,1307400,219.5502166748047
APD,APD,2024-04-16,230.60000610351562,231.1199951171875,227.52999877929688,227.75999450683594,2590000,216.32098388671875
APD,APD,2024-04-17,229.1699981689453,230.14999389648438,227.75999450683594,229.00999450683594,1452500,217.50820922851562
APD,APD,2024-04-18,230.9199981689453,233.52999877929688,228.47999572753906,233.02000427246094,1302000,221.3168182373047
APD,APD,2024-04-19,233.07000732421875,235.72000122070312,230.89999389648438,231.63999938964844,1797200,220.00613403320312
APD,APD,2024-04-22,231.92999267578125,234.5800018310547,229.19000244140625,234.36000061035156,1591200,222.58949279785156
APD,APD,2024-04-23,233.47000122070312,235.19000244140625,232.08999633789062,233.7100067138672,1175200,221.97213745117188
APD,APD,2024-04-24,232.42999267578125,235.0800018310547,231.75,234.67999267578125,1297300,222.8934326171875
APD,APD,2024-04-25,234.47999572753906,235.97999572753906,233.47000122070312,235.0800018310547,1037600,223.27334594726562
APD,APD,2024-04-26,234.8800048828125,238.39999389648438,234.4600067138672,236.0800018310547,1251400,224.22312927246094
APD,APD,2024-04-29,237.0,239.5399932861328,236.60000610351562,238.1199951171875,1623400,226.16064453125
APD,APD,2024-04-30,232.5800018310547,237.14999389648438,228.80999755859375,236.33999633789062,3555900,224.47007751464844
APD,APD,2024-05-01,233.97999572753906,240.8699951171875,233.52000427246094,237.49000549316406,1845100,225.5623016357422
APD,APD,2024-05-02,238.6699981689453,244.1300048828125,235.13999938964844,243.69000244140625,1811400,231.45091247558594
APD,APD,2024-05-03,244.22999572753906,247.38999938964844,244.0800018310547,245.8699951171875,1559500,233.5214385986328
APD,APD,2024-05-06,247.42999267578125,247.75,244.88999938964844,247.60000610351562,936900,235.16453552246094
APD,APD,2024-05-07,248.6199951171875,248.9600067138672,246.52999877929688,248.64999389648438,1099800,236.1617889404297
APD,APD,2024-05-08,248.60000610351562,248.99000549316406,245.75,246.27000427246094,891300,233.90133666992188
APD,APD,2024-05-09,247.36000061035156,250.8000030517578,246.6999969482422,250.61000061035156,840300,238.02337646484375
APD,APD,2024-05-10,251.86000061035156,252.9199981689453,249.8800048828125,250.5500030517578,1555100,237.9663848876953
APD,APD,2024-05-13,251.5800018310547,253.72999572753906,250.0500030517578,250.25999450683594,2289400,237.69093322753906
APD,APD,2024-05-14,251.77000427246094,252.19000244140625,248.3699951171875,248.55999755859375,1613400,236.07632446289062
APD,APD,2024-05-15,250.1199951171875,251.77000427246094,248.60000610351562,251.60000610351562,1068100,238.96363830566406
APD,APD,2024-05-16,252.52999877929688,258.1300048828125,252.13999938964844,257.0400085449219,2746000,244.1304168701172
APD,APD,2024-05-17,258.0,262.9800109863281,255.86000061035156,262.70001220703125,2877900,249.50613403320312
APD,APD,2024-05-20,261.57000732421875,266.42999267578125,261.1400146484375,266.2099914550781,2246000,252.83990478515625
APD,APD,2024-05-21,266.1099853515625,267.25,263.7200012207031,264.6600036621094,1900200,251.36770629882812
APD,APD,2024-05-22,263.2300109863281,264.70001220703125,261.2699890136719,264.6499938964844,1060000,251.3582000732422
APD,APD,2024-05-23,264.5,265.20001220703125,261.4100036621094,263.0,1466500,249.7910919189453
APD,APD,2024-05-24,264.6199951171875,266.44000244140625,263.45001220703125,264.6099853515625,1070600,251.32022094726562
APD,APD,2024-05-28,264.20001220703125,265.3399963378906,263.010009765625,264.6300048828125,1207700,251.33921813964844
APD,APD,2024-05-29,262.510009765625,264.1700134277344,259.55999755859375,260.2699890136719,1109100,247.19821166992188
APD,APD,2024-05-30,260.8599853515625,261.5,258.32000732421875,260.5,1185600,247.41664123535156
APD,APD,2024-05-31,261.5,266.92999267578125,260.5400085449219,266.70001220703125,2569000,253.3052520751953
APD,APD,2024-06-03,266.260009765625,271.54998779296875,265.7200012207031,270.9100036621094,2101800,257.3038330078125
APD,APD,2024-06-04,269.79998779296875,271.19000244140625,267.3900146484375,270.29998779296875,1453800,256.72442626953125
APD,APD,2024-06-05,270.9700012207031,271.9800109863281,268.95001220703125,270.3299865722656,804100,256.7529296875
APD,APD,2024-06-06,269.7699890136719,270.1000061035156,267.17999267578125,269.7200012207031,1341300,256.173583984375
APD,APD,2024-06-07,270.32000732421875,281.20001220703125,268.44000244140625,279.5299987792969,2225300,265.4908447265625
APD,APD,2024-06-10,280.95001220703125,282.80999755859375,278.42999267578125,282.30999755859375,1942000,268.1312561035156
APD,APD,2024-06-11,281.0400085449219,283.1600036621094,280.0199890136719,280.80999755859375,1700700,266.7066345214844
APD,APD,2024-06-12,282.6300048828125,283.6000061035156,280.7099914550781,283.04998779296875,1400200,268.8340759277344
APD,APD,2024-06-13,282.9100036621094,286.6099853515625,282.4599914550781,285.30999755859375,2049400,270.98052978515625
APD,APD,2024-06-14,283.5299987792969,284.57000732421875,274.8599853515625,275.1400146484375,1503300,261.3213806152344
APD,APD,2024-06-17,273.42999267578125,275.1400146484375,271.1300048828125,273.1099853515625,1217500,259.3932800292969
APD,APD,2024-06-18,272.70001220703125,276.2300109863281,271.55999755859375,274.70001220703125,1160600,260.9034729003906
APD,APD,2024-06-20,273.9200134277344,275.3699951171875,272.0,272.07000732421875,1146600,258.4055480957031
APD,APD,2024-06-21,268.80999755859375,275.2799987792969,268.3500061035156,272.9100036621094,2500400,259.203369140625
APD,APD,2024-06-24,273.92999267578125,273.92999267578125,270.4700012207031,270.8999938964844,2891100,257.2943115234375
APD,APD,2024-06-25,270.1400146484375,270.2900085449219,265.3900146484375,267.0899963378906,3646000,253.67564392089844
APD,APD,2024-06-26,265.9200134277344,266.0199890136719,258.94000244140625,263.70001220703125,6456100,250.4559783935547
APD,APD,2024-06-27,264.9800109863281,265.0,261.3699951171875,263.07000732421875,2748000,249.85755920410156
APD,APD,2024-06-28,261.57000732421875,262.45001220703125,257.3900146484375,258.04998779296875,2606700,245.08969116210938
APD,APD,2024-07-01,256.5299987792969,257.8999938964844,246.69000244140625,247.33999633789062,1974700,236.5400390625
APD,APD,2024-07-02,248.57000732421875,251.8800048828125,246.0,251.0,2832500,240.0402374267578
APD,APD,2024-07-03,251.36000061035156,254.42999267578125,251.22999572753906,253.0,763700,241.95294189453125
APD,APD,2024-07-05,252.66000366210938,254.2899932861328,251.97000122070312,252.6699981689453,1381400,241.63731384277344
APD,APD,2024-07-08,254.05999755859375,255.3800048828125,253.7899932861328,254.89999389648438,1182000,243.76995849609375
APD,APD,2024-07-09,254.27000427246094,255.89999389648438,253.8699951171875,254.6999969482422,1740800,243.57867431640625
APD,APD,2024-07-10,256.70001220703125,257.7200012207031,254.11000061035156,255.66000366210938,2172300,244.49676513671875
APD,APD,2024-07-11,256.1400146484375,262.5400085449219,255.74000549316406,258.0,1410500,246.73458862304688
APD,APD,2024-07-12,260.8900146484375,263.7300109863281,258.3599853515625,261.30999755859375,1054700,249.90003967285156
APD,APD,2024-07-15,260.1600036621094,261.4700012207031,258.8599853515625,259.8399963378906,998500,248.49424743652344
APD,APD,2024-07-16,260.32000732421875,269.2799987792969,259.2300109863281,267.5299987792969,1210800,255.84848022460938
APD,APD,2024-07-17,267.7799987792969,271.9200134277344,267.7200012207031,270.4700012207031,725300,258.66009521484375
APD,APD,2024-07-18,267.7200012207031,272.7699890136719,266.489990234375,266.5899963378906,696900,254.9495086669922
APD,APD,2024-07-19,267.1600036621094,267.1600036621094,261.9100036621094,262.9100036621094,762600,251.43020629882812
APD,APD,2024-07-22,262.8699951171875,263.0,248.02999877929688,248.5500030517578,3865900,237.69723510742188
APD,APD,2024-07-23,249.39999389648438,256.0,248.42999267578125,256.0,3224100,244.82191467285156
APD,APD,2024-07-24,256.4100036621094,260.260009765625,256.2300109863281,260.20001220703125,2826900,248.8385467529297
APD,APD,2024-07-25,257.6000061035156,260.75,257.3599853515625,258.6400146484375,1760200,247.34666442871094
APD,APD,2024-07-26,259.95001220703125,263.4700012207031,258.69000244140625,260.9800109863281,1042900,249.58450317382812
APD,APD,2024-07-29,261.5199890136719,266.3699951171875,261.0,265.739990234375,1539600,254.13661193847656
APD,APD,2024-07-30,264.6600036621094,267.3299865722656,263.9599914550781,264.2300109863281,964600,252.69259643554688
APD,APD,2024-07-31,265.8999938964844,268.04998779296875,263.44000244140625,263.8500061035156,1813000,252.3291473388672
APD,APD,2024-08-01,288.6099853515625,296.0,282.0,287.4700012207031,3842800,274.91778564453125
APD,APD,2024-08-02,282.79998779296875,285.9700012207031,277.3900146484375,281.739990234375,1832100,269.43798828125
APD,APD,2024-08-05,275.6199951171875,281.05999755859375,275.4100036621094,278.4700012207031,1111500,266.310791015625
APD,APD,2024-08-06,278.760009765625,282.1400146484375,277.7900085449219,278.55999755859375,838500,266.3968811035156
APD,APD,2024-08-07,280.6499938964844,283.30999755859375,277.3800048828125,277.44000244140625,1167900,265.32574462890625
APD,APD,2024-08-08,277.0,280.1000061035156,276.9100036621094,279.2099914550781,940800,267.01849365234375
APD,APD,2024-08-09,278.989990234375,280.1199951171875,276.7699890136719,278.2300109863281,1228700,266.0812683105469
APD,APD,2024-08-12,277.6400146484375,277.760009765625,273.0,273.92999267578125,1375600,261.968994140625
APD,APD,2024-08-13,274.7699890136719,277.3399963378906,273.67999267578125,276.54998779296875,695300,264.4745788574219
APD,APD,2024-08-14,276.2200012207031,277.25,273.29998779296875,276.489990234375,706600,264.4172668457031
APD,APD,2024-08-15,277.510009765625,278.0,271.7900085449219,273.8800048828125,846400,261.9211730957031
APD,APD,2024-08-16,274.3599853515625,276.1000061035156,273.32000732421875,276.0400085449219,764900,263.9869079589844
APD,APD,2024-08-19,275.3299865722656,277.3800048828125,273.7200012207031,274.1700134277344,548000,262.19854736328125
APD,APD,2024-08-20,273.2699890136719,275.3999938964844,272.1199951171875,273.4200134277344,564400,261.4813232421875
APD,APD,2024-08-21,273.04998779296875,276.54998779296875,271.8699951171875,275.5199890136719,598600,263.48956298828125
APD,APD,2024-08-22,275.7099914550781,276.0400085449219,273.3399963378906,274.42999267578125,545800,262.4471740722656
APD,APD,2024-08-23,275.5899963378906,276.4100036621094,274.0299987792969,275.8599853515625,514200,263.8147277832031
APD,APD,2024-08-26,275.75,279.6400146484375,275.75,278.760009765625,1058500,266.588134765625
APD,APD,2024-08-27,278.8500061035156,279.80999755859375,274.9100036621094,277.9100036621094,1595300,265.7752380371094
APD,APD,2024-08-28,278.1499938964844,279.7300109863281,275.3999938964844,276.7900085449219,670200,264.7041320800781
APD,APD,2024-08-29,277.57000732421875,279.44000244140625,275.6400146484375,277.1000061035156,506700,265.0006408691406
APD,APD,2024-08-30,277.8900146484375,279.2699890136719,274.3800048828125,278.8500061035156,919000,266.6741943359375
APD,APD,2024-09-03,276.5299987792969,278.489990234375,273.8599853515625,275.19000244140625,1600000,263.17401123046875
APD,APD,2024-09-04,275.8399963378906,279.0,274.3900146484375,274.6700134277344,718500,262.67669677734375
APD,APD,2024-09-05,274.6400146484375,275.4100036621094,270.8699951171875,273.54998779296875,1008700,261.6055603027344
APD,APD,2024-09-06,272.8299865722656,275.010009765625,267.3500061035156,268.7099914550781,1066100,256.9769287109375
APD,APD,2024-09-09,269.19000244140625,273.95001220703125,268.4599914550781,273.82000732421875,1244900,261.86383056640625
APD,APD,2024-09-10,274.3599853515625,275.9800109863281,271.9599914550781,275.2300109863281,771400,263.2122497558594
APD,APD,2024-09-11,277.010009765625,278.489990234375,270.1300048828125,277.7099914550781,914400,265.583984375
APD,APD,2024-09-12,277.3500061035156,280.4200134277344,273.760009765625,280.0199890136719,1400400,267.7930603027344
APD,APD,2024-09-13,280.94000244140625,286.489990234375,279.739990234375,284.1300048828125,1044800,271.7236633300781
APD,APD,2024-09-16,287.0,289.9700012207031,286.32000732421875,288.8699951171875,1311500,276.25665283203125
APD,APD,2024-09-17,289.6099853515625,291.8699951171875,289.1199951171875,291.1300048828125,1056300,278.41796875
APD,APD,2024-09-18,291.79998779296875,291.9800109863281,286.7099914550781,287.29998779296875,1016900,274.7552185058594
APD,APD,2024-09-19,290.2300109863281,291.5400085449219,287.5199890136719,287.7200012207031,958300,275.1568603515625
APD,APD,2024-09-20,286.7900085449219,288.94000244140625,285.7300109863281,287.9800109863281,4148400,275.4055480957031
APD,APD,2024-09-23,289.1400146484375,293.0899963378906,288.2099914550781,292.04998779296875,1539100,279.2978515625
APD,APD,2024-09-24,293.489990234375,297.5299987792969,293.489990234375,295.5899963378906,1294600,282.6832275390625
APD,APD,2024-09-25,297.1300048828125,297.1300048828125,293.5,295.7200012207031,1349400,282.8075866699219
APD,APD,2024-09-26,296.0400085449219,300.45001220703125,296.0199890136719,299.4599914550781,1798700,286.38427734375
APD,APD,2024-09-27,301.010009765625,302.0299987792969,298.5,300.3599853515625,1057100,287.2449951171875
APD,APD,2024-09-30,300.0,301.6000061035156,296.5899963378906,297.739990234375,1031000,284.7393493652344
APD,APD,2024-10-01,295.7200012207031,295.7200012207031,291.1199951171875,291.42999267578125,1267400,280.37164306640625
APD,APD,2024-10-02,291.0,292.3299865722656,288.6199951171875,290.0,1347000,278.9959411621094
APD,APD,2024-10-03,289.2699890136719,290.1400146484375,284.9700012207031,285.5799865722656,982200,274.74359130859375
APD,APD,2024-10-04,286.04998779296875,287.1499938964844,283.9700012207031,285.5,919000,274.6666564941406
APD,APD,2024-10-07,306.0,313.0,301.29998779296875,312.69000244140625,4243100,300.824951171875
APD,APD,2024-10-08,309.260009765625,312.42999267578125,305.79998779296875,310.3599853515625,1556600,298.58331298828125
APD,APD,2024-10-09,311.5400085449219,318.32000732421875,310.2099914550781,313.9700012207031,2375200,302.05633544921875
APD,APD,2024-10-10,313.9800109863281,323.8699951171875,313.17999267578125,314.6099853515625,2574100,302.67205810546875
APD,APD,2024-10-11,315.75,317.9800109863281,315.489990234375,316.6600036621094,775700,304.6442565917969
APD,APD,2024-10-14,316.8800048828125,320.6099853515625,316.010009765625,320.3399963378906,1058000,308.1846618652344
APD,APD,2024-10-15,321.4200134277344,324.5199890136719,320.0899963378906,323.2300109863281,2092400,310.9649963378906
APD,APD,2024-10-16,323.8800048828125,328.7200012207031,323.07000732421875,326.70001220703125,1886500,314.3033447265625
APD,APD,2024-10-17,326.70001220703125,329.0299987792969,324.510009765625,328.7699890136719,1182000,316.2947692871094
APD,APD,2024-10-18,329.95001220703125,332.1700134277344,328.0400085449219,332.1000061035156,1074100,319.4984436035156
APD,APD,2024-10-21,330.4200134277344,332.42999267578125,328.9800109863281,331.55999755859375,857800,318.9788513183594
APD,APD,2024-10-22,330.0899963378906,330.5899963378906,326.9200134277344,330.3699951171875,1246900,317.83404541015625
APD,APD,2024-10-23,329.7300109863281,330.3699951171875,325.04998779296875,326.6199951171875,1045100,314.22637939453125
APD,APD,2024-10-24,325.3999938964844,325.79998779296875,320.3900146484375,322.1000061035156,1588200,309.87786865234375
APD,APD,2024-10-25,322.75,322.75,317.8900146484375,318.0199890136719,1294800,305.95263671875
APD,APD,2024-10-28,319.9599914550781,319.9599914550781,315.4800109863281,318.260009765625,1185600,306.18359375
APD,APD,2024-10-29,316.7799987792969,317.1099853515625,314.5799865722656,315.29998779296875,1579400,303.3358459472656
APD,APD,2024-10-30,315.57000732421875,315.57000732421875,311.9200134277344,312.7699890136719,1042900,300.90185546875
APD,APD,2024-10-31,308.75,314.30999755859375,307.1300048828125,310.5299987792969,2280900,298.7468566894531
APD,APD,2024-11-01,309.8399963378906,312.6000061035156,308.9100036621094,309.2099914550781,794500,297.4769592285156
APD,APD,2024-11-04,310.6199951171875,311.29998779296875,305.1600036621094,306.0899963378906,1608000,294.4753723144531
APD,APD,2024-11-05,305.5400085449219,308.45001220703125,303.2200012207031,306.3699951171875,1502800,294.7447509765625
APD,APD,2024-11-06,311.5400085449219,311.5400085449219,301.82000732421875,306.7300109863281,1871400,295.0910949707031
APD,APD,2024-11-07,309.760009765625,318.6300048828125,302.5,312.82000732421875,2141700,300.9499816894531
APD,APD,2024-11-08,310.95001220703125,314.6199951171875,308.4800109863281,312.989990234375,2585100,301.1135559082031
APD,APD,2024-11-11,312.7799987792969,315.0400085449219,310.1400146484375,313.9100036621094,1940800,301.9986267089844
APD,APD,2024-11-12,314.2300109863281,315.6499938964844,309.4100036621094,311.1199951171875,1021000,299.31451416015625
APD,APD,2024-11-13,310.5,313.0400085449219,308.8599853515625,312.8900146484375,955200,301.01739501953125
APD,APD,2024-11-14,312.6099853515625,318.3999938964844,311.1300048828125,315.8800048828125,1081200,303.8938903808594
APD,APD,2024-11-15,315.4700012207031,317.4200134277344,314.05999755859375,317.1000061035156,1113000,305.0675964355469
APD,APD,2024-11-18,320.5799865722656,328.0899963378906,319.5899963378906,327.8900146484375,1898400,315.44818115234375
APD,APD,2024-11-19,325.9200134277344,328.0400085449219,322.4599914550781,328.0,1881500,315.5539855957031
APD,APD,2024-11-20,328.32000732421875,330.6499938964844,325.5199890136719,327.8500061035156,1694300,315.4096984863281
APD,APD,2024-11-21,326.8599853515625,330.19000244140625,325.9100036621094,328.8800048828125,1972000,316.4006042480469
APD,APD,2024-11-22,329.7300109863281,332.69000244140625,328.95001220703125,331.8299865722656,2200200,319.2386779785156
APD,APD,2024-11-25,333.0,336.4200134277344,333.0,333.9700012207031,2640600,321.2974548339844
APD,APD,2024-11-26,333.8900146484375,335.67999267578125,330.3800048828125,334.7799987792969,1785000,322.07672119140625
APD,APD,2024-11-27,333.9100036621094,336.2200012207031,332.7799987792969,333.2200012207031,1293800,320.5758972167969
APD,APD,2024-11-29,332.8999938964844,334.6199951171875,331.30999755859375,334.3299865722656,769800,321.643798828125
APD,APD,2024-12-02,335.8999938964844,335.8999938964844,331.3999938964844,335.6199951171875,766200,322.88482666015625
APD,APD,2024-12-03,336.7200012207031,337.0,329.1700134277344,330.6400146484375,1441900,318.0938720703125
APD,APD,2024-12-04,329.95001220703125,329.95001220703125,325.6199951171875,327.4800109863281,974900,315.0537109375
APD,APD,2024-12-05,314.489990234375,323.3599853515625,312.6000061035156,321.9700012207031,1730000,309.75274658203125
APD,APD,2024-12-06,323.1400146484375,324.3999938964844,320.0400085449219,320.1099853515625,1020300,307.9633483886719
APD,APD,2024-12-09,322.44000244140625,322.44000244140625,315.8999938964844,316.6199951171875,1216000,304.6058044433594
APD,APD,2024-12-10,315.6300048828125,316.2799987792969,311.4800109863281,315.2099914550781,742100,303.2492980957031
APD,APD,2024-12-11,314.9800109863281,316.0799865722656,311.5299987792969,312.3599853515625,858300,300.5074157714844
APD,APD,2024-12-12,312.20001220703125,313.1600036621094,310.2200012207031,310.8900146484375,653100,299.09326171875
APD,APD,2024-12-13,310.8699951171875,312.4100036621094,307.3900146484375,312.29998779296875,1025300,300.44970703125
APD,APD,2024-12-16,311.32000732421875,312.0400085449219,306.30999755859375,306.7200012207031,984800,295.08148193359375
APD,APD,2024-12-17,305.7699890136719,307.1000061035156,303.7799987792969,304.7099914550781,924200,293.147705078125
APD,APD,2024-12-18,304.69000244140625,305.2300109863281,294.6700134277344,295.30999755859375,1043200,284.1044006347656
APD,APD,2024-12-19,296.1499938964844,297.80999755859375,292.6199951171875,293.1700134277344,1041300,282.0456237792969
APD,APD,2024-12-20,292.9100036621094,297.3500061035156,292.510009765625,294.989990234375,2258700,283.79656982421875
APD,APD,2024-12-23,293.4200134277344,295.0,290.739990234375,293.54998779296875,797200,282.41119384765625
APD,APD,2024-12-24,293.1199951171875,296.0199890136719,292.29998779296875,296.0199890136719,296100,284.7874755859375
APD,APD,2024-12-26,294.8399963378906,296.20001220703125,294.1600036621094,295.0799865722656,418500,283.88311767578125
APD,APD,2024-12-27,293.1700134277344,295.8299865722656,291.4200134277344,292.80999755859375,457000,281.69927978515625
APD,APD,2024-12-30,291.9800109863281,291.9800109863281,287.8900146484375,288.69000244140625,816100,277.7356262207031
APD,APD,2024-12-31,289.9100036621094,290.92999267578125,288.17999267578125,290.0400085449219,777900,279.0343933105469
APD,APD,2025-01-02,286.55999755859375,290.2099914550781,282.8599853515625,283.2900085449219,918100,274.21392822265625
APD,APD,2025-01-03,283.7699890136719,287.45001220703125,282.5199890136719,283.9100036621094,1581600,274.8141174316406
APD,APD,2025-01-06,284.32000732421875,285.25,281.9700012207031,283.239990234375,1458200,274.16552734375
APD,APD,2025-01-07,285.8500061035156,292.3800048828125,285.0899963378906,286.3299865722656,1260200,277.1565246582031
APD,APD,2025-01-08,286.2900085449219,287.2699890136719,284.2300109863281,285.25,1041700,276.1111755371094
APD,APD,2025-01-10,293.7200012207031,295.2200012207031,290.0,293.0799865722656,2423500,283.6902770996094
APD,APD,2025-01-13,293.75,302.0299987792969,292.92999267578125,301.739990234375,2290700,292.07281494140625
APD,APD,2025-01-14,306.29998779296875,309.2300109863281,304.4100036621094,307.9599914550781,1949300,298.09356689453125
APD,APD,2025-01-15,308.4599914550781,311.32000732421875,300.20001220703125,306.8999938964844,2212000,297.0675354003906
APD,APD,2025-01-16,309.2099914550781,312.20001220703125,306.29998779296875,312.05999755859375,1237800,302.0622253417969
APD,APD,2025-01-17,314.5,318.0899963378906,311.3299865722656,317.79998779296875,2315400,307.6182861328125
APD,APD,2025-01-21,318.9200134277344,321.010009765625,318.25,319.760009765625,1975100,309.5155029296875
APD,APD,2025-01-22,320.6600036621094,320.6600036621094,314.55999755859375,316.989990234375,1621300,306.8342590332031
APD,APD,2025-01-23,319.5400085449219,324.20001220703125,314.2900085449219,324.0,2269800,313.61968994140625
APD,APD,2025-01-24,326.0899963378906,329.94000244140625,325.4200134277344,329.260009765625,2052100,318.7111511230469
APD,APD,2025-01-27,325.69000244140625,328.0400085449219,320.44000244140625,326.6199951171875,2109300,316.15570068359375
APD,APD,2025-01-28,328.7099914550781,328.7099914550781,324.739990234375,327.0,1699600,316.5235595703125
APD,APD,2025-01-29,327.3500061035156,327.8500061035156,324.1499938964844,327.30999755859375,1650100,316.8236083984375
APD,APD,2025-01-30,326.6700134277344,335.2300109863281,325.6300048828125,335.1000061035156,1381400,324.36407470703125
APD,APD,2025-01-31,336.4100036621094,338.0,333.3299865722656,335.260009765625,2367600,324.5189208984375
APD,APD,2025-02-03,330.8800048828125,339.1000061035156,329.19000244140625,338.07000732421875,1789800,327.23895263671875
APD,APD,2025-02-04,337.29998779296875,341.1400146484375,335.1300048828125,335.6700134277344,2022100,324.9158020019531
APD,APD,2025-02-05,333.8999938964844,336.07000732421875,330.4800109863281,333.1499938964844,2117800,322.47650146484375
APD,APD,2025-02-06,329.92999267578125,336.6400146484375,317.9700012207031,328.1300048828125,2662800,317.61737060546875
APD,APD,2025-02-07,319.8999938964844,320.05999755859375,307.5199890136719,310.44000244140625,2902800,300.4941101074219
APD,APD,2025-02-10,310.70001220703125,311.2900085449219,303.9200134277344,310.54998779296875,2782700,300.6005859375
APD,APD,2025-02-11,309.3900146484375,311.75,307.54998779296875,309.489990234375,1265900,299.5745544433594
APD,APD,2025-02-12,306.510009765625,311.4200134277344,306.510009765625,310.3500061035156,1372800,300.4070129394531
APD,APD,2025-02-13,312.260009765625,316.1199951171875,310.25,315.1600036621094,900300,305.0628967285156
APD,APD,2025-02-14,316.3999938964844,318.4100036621094,315.07000732421875,316.1199951171875,1171400,305.9921569824219
APD,APD,2025-02-18,316.0,317.3500061035156,311.67999267578125,317.0,1260200,306.8439636230469
APD,APD,2025-02-19,314.82000732421875,317.2200012207031,313.4100036621094,317.04998779296875,971500,306.892333984375
APD,APD,2025-02-20,316.1700134277344,317.70001220703125,313.4599914550781,314.2799987792969,1073500,304.2110900878906
APD,APD,2025-02-21,314.04998779296875,314.760009765625,306.4800109863281,309.8900146484375,1392900,299.9617614746094
APD,APD,2025-02-24,308.8699951171875,311.32000732421875,305.69000244140625,309.3900146484375,933100,299.477783203125
APD,APD,2025-02-25,309.75,318.25,309.75,317.3599853515625,1257300,307.1923828125
APD,APD,2025-02-26,317.29998779296875,317.3800048828125,313.0400085449219,313.8500061035156,950000,303.79486083984375
APD,APD,2025-02-27,312.7099914550781,315.8999938964844,311.3299865722656,312.4100036621094,1048100,302.4010009765625
APD,APD,2025-02-28,313.2699890136719,316.739990234375,311.25,316.1499938964844,1375100,306.0211486816406
APD,APD,2025-03-03,319.07000732421875,321.4700012207031,309.42999267578125,310.6499938964844,1222500,300.6973571777344
APD,APD,2025-03-04,311.25,312.3399963378906,304.6700134277344,305.3500061035156,1618600,295.56719970703125
APD,APD,2025-03-05,307.05999755859375,314.9200134277344,305.57000732421875,311.5799865722656,2285900,301.5975646972656
APD,APD,2025-03-06,310.5299987792969,312.6499938964844,307.989990234375,310.9599914550781,1378200,300.9974365234375
APD,APD,2025-03-07,309.9700012207031,318.6600036621094,309.80999755859375,316.4100036621094,1383800,306.2728576660156
APD,APD,2025-03-10,312.94000244140625,316.3900146484375,301.42999267578125,303.7099914550781,1591400,293.9797058105469
APD,APD,2025-03-11,303.6400146484375,304.6300048828125,296.8900146484375,298.0799865722656,1128400,288.5300598144531
APD,APD,2025-03-12,298.5899963378906,299.1000061035156,292.6700134277344,294.6499938964844,859500,285.2099914550781
APD,APD,2025-03-13,294.6499938964844,296.3399963378906,291.7300109863281,292.8500061035156,1081700,283.4676513671875
APD,APD,2025-03-14,293.8999938964844,294.6300048828125,290.1000061035156,291.9200134277344,1143900,282.56744384765625
APD,APD,2025-03-17,291.75,297.0199890136719,289.9599914550781,295.6199951171875,1178800,286.1488952636719
APD,APD,2025-03-18,296.3999938964844,296.3999938964844,289.3900146484375,291.82000732421875,1356200,282.4706726074219
APD,APD,2025-03-19,291.82000732421875,295.07000732421875,290.6400146484375,294.0,1028500,284.580810546875
APD,APD,2025-03-20,292.2900085449219,294.45001220703125,290.260009765625,292.9200134277344,860600,283.535400390625
APD,APD,2025-03-21,290.760009765625,291.67999267578125,287.3500061035156,291.6499938964844,2875100,282.30609130859375
APD,APD,2025-03-24,293.80999755859375,294.94000244140625,291.7200012207031,293.45001220703125,1023000,284.0484924316406
APD,APD,2025-03-25,294.5799865722656,294.5799865722656,291.07000732421875,293.1600036621094,791000,283.7677307128906
APD,APD,2025-03-26,293.3999938964844,295.989990234375,292.25,295.260009765625,789000,285.80047607421875
APD,APD,2025-03-27,294.95001220703125,297.4100036621094,292.29998779296875,295.1199951171875,627800,285.6649169921875
APD,APD,2025-03-28,296.07000732421875,297.0,292.0899963378906,292.2699890136719,604700,282.90625
APD,APD,2025-03-31,290.69000244140625,296.3900146484375,288.5899963378906,294.9200134277344,1150100,285.4713439941406
APD,APD,2025-04-01,290.8599853515625,294.5799865722656,289.0899963378906,293.45001220703125,702100,285.78302001953125
APD,APD,2025-04-02,291.3999938964844,295.3699951171875,290.3500061035156,294.9599914550781,751400,287.2535095214844
APD,APD,2025-04-03,289.25,291.4599914550781,282.1700134277344,283.20001220703125,1067300,275.8008117675781
APD,APD,2025-04-04,278.6700134277344,279.2300109863281,262.69000244140625,263.4700012207031,1762300,256.5862731933594
APD,APD,2025-04-07,259.04998779296875,267.1400146484375,249.11000061035156,259.1000061035156,2081000,252.33045959472656
APD,APD,2025-04-08,266.760009765625,266.760009765625,243.69000244140625,248.61000061035156,1670700,242.114501953125
APD,APD,2025-04-09,247.1300048828125,270.9599914550781,244.6300048828125,270.20001220703125,2285500,263.14044189453125
APD,APD,2025-04-10,267.7699890136719,268.6600036621094,257.05999755859375,262.0400085449219,1854500,255.19361877441406
APD,APD,2025-04-11,263.7099914550781,271.2099914550781,260.3299865722656,269.010009765625,1003100,261.9815673828125
APD,APD,2025-04-14,272.07000732421875,274.510009765625,269.2200012207031,272.5799865722656,818000,265.4582214355469
APD,APD,2025-04-15,267.0199890136719,271.0,265.239990234375,265.29998779296875,1305300,258.36846923828125
APD,APD,2025-04-16,265.9100036621094,268.1400146484375,259.0,261.32000732421875,1556800,254.492431640625
APD,APD,2025-04-17,263.4200134277344,265.739990234375,262.3599853515625,262.8999938964844,2233300,256.0311584472656
APD,APD,2025-04-21,261.3900146484375,262.8999938964844,254.0399932861328,257.5799865722656,1082900,250.85015869140625
APD,APD,2025-04-22,259.8999938964844,267.3900146484375,259.0799865722656,265.3599853515625,1463900,258.4268798828125
APD,APD,2025-04-23,269.70001220703125,273.5899963378906,262.9200134277344,264.739990234375,1001400,257.8230895996094
APD,APD,2025-04-24,265.8999938964844,269.3299865722656,263.1099853515625,268.8500061035156,813600,261.82568359375
APD,APD,2025-04-25,266.6499938964844,268.6000061035156,264.739990234375,267.1099853515625,668500,260.13116455078125
APD,APD,2025-04-28,267.6600036621094,270.05999755859375,265.1099853515625,269.45001220703125,916100,262.4100341796875
APD,APD,2025-04-29,270.1600036621094,273.0799865722656,268.5,270.92999267578125,1145900,263.8513488769531
APD,APD,2025-04-30,267.7200012207031,272.0799865722656,264.760009765625,271.0899963378906,2560300,264.0071716308594
APD,APD,2025-05-01,258.6199951171875,277.1000061035156,254.00999450683594,272.1600036621094,3669700,265.0492248535156
APD,APD,2025-05-02,272.5,281.6199951171875,272.260009765625,277.6199951171875,1446900,270.3665771484375
APD,APD,2025-05-05,274.1600036621094,276.8399963378906,271.8999938964844,272.2099914550781,960400,265.097900390625
APD,APD,2025-05-06,272.1700134277344,274.8299865722656,266.6600036621094,267.6199951171875,1185200,260.6278076171875
APD,APD,2025-05-07,267.6400146484375,268.989990234375,262.989990234375,264.6099853515625,1379200,257.69647216796875
APD,APD,2025-05-08,266.5400085449219,271.9599914550781,264.510009765625,269.6400146484375,1073400,262.5950622558594
APD,APD,2025-05-09,270.30999755859375,272.4800109863281,269.3599853515625,271.1300048828125,913100,264.046142578125
APD,APD,2025-05-12,278.2300109863281,281.760009765625,273.8500061035156,276.2099914550781,1358300,268.9933776855469
APD,APD,2025-05-13,276.20001220703125,277.05999755859375,273.2799987792969,273.6400146484375,868300,266.49053955078125
APD,APD,2025-05-14,272.4200134277344,272.6700134277344,268.1400146484375,271.4800109863281,944300,264.386962890625
APD,APD,2025-05-15,271.0,275.4599914550781,270.3900146484375,274.4200134277344,1253500,267.25018310546875
APD,APD,2025-05-16,274.1700134277344,278.9700012207031,272.3900146484375,278.92999267578125,918200,271.642333984375
APD,APD,2025-05-19,276.19000244140625,278.6400146484375,276.1300048828125,277.3299865722656,732600,270.0841064453125
APD,APD,2025-05-20,276.7200012207031,277.67999267578125,274.8999938964844,275.6700134277344,1050700,268.4674987792969
APD,APD,2025-05-21,273.8999938964844,274.8900146484375,269.4100036621094,269.6700134277344,605000,262.624267578125
APD,APD,2025-05-22,268.7900085449219,270.05999755859375,265.57000732421875,269.239990234375,1016700,262.20550537109375
APD,APD,2025-05-23,267.0400085449219,270.8500061035156,266.8399963378906,269.8399963378906,527600,262.7898254394531
APD,APD,2025-05-27,271.6199951171875,274.82000732421875,271.489990234375,274.55999755859375,788100,267.38653564453125
APD,APD,2025-05-28,275.0,276.6300048828125,271.42999267578125,271.760009765625,1454900,264.65966796875
APD,APD,2025-05-29,272.30999755859375,273.6700134277344,268.5199890136719,273.1700134277344,1291800,266.0328674316406
APD,APD,2025-05-30,274.6199951171875,279.45001220703125,271.1099853515625,278.9100036621094,2872900,271.62286376953125
APD,APD,2025-06-02,278.6400146484375,279.0,275.54998779296875,278.70001220703125,1346400,271.4183654785156
APD,APD,2025-06-03,278.1700134277344,283.6300048828125,276.5400085449219,283.2900085449219,1395600,275.888427734375
APD,APD,2025-06-04,283.70001220703125,284.8999938964844,279.739990234375,280.2099914550781,1401300,272.8888854980469
APD,APD,2025-06-05,280.8399963378906,283.1199951171875,275.9200134277344,276.2200012207031,1151300,269.0031433105469
APD,APD,2025-06-06,279.260009765625,281.5199890136719,277.6700134277344,279.7799987792969,1078600,272.4701232910156
APD,APD,2025-06-09,279.3999938964844,281.760009765625,277.7200012207031,279.9200134277344,1101200,272.6064758300781
APD,APD,2025-06-10,280.260009765625,282.2200012207031,278.2900085449219,281.8800048828125,1340900,274.5152893066406
APD,APD,2025-06-11,281.6700134277344,283.7200012207031,279.70001220703125,282.2099914550781,1069800,274.83660888671875
APD,APD,2025-06-12,280.7900085449219,284.1000061035156,279.1400146484375,283.2799987792969,678400,275.878662109375
APD,APD,2025-06-13,283.8999938964844,285.0299987792969,279.2699890136719,280.3699951171875,932900,273.044677734375
APD,APD,2025-06-16,283.07000732421875,284.0,278.760009765625,280.42999267578125,889400,273.1031188964844
APD,APD,2025-06-17,279.67999267578125,280.3900146484375,277.010009765625,277.04998779296875,1154600,269.81146240234375
APD,APD,2025-06-18,277.3500061035156,279.2200012207031,275.20001220703125,275.3800048828125,718800,268.1850891113281
APD,APD,2025-06-20,276.04998779296875,276.25,270.4700012207031,270.5,2050300,263.4325866699219
APD,APD,2025-06-23,270.0,273.3699951171875,266.5400085449219,273.17999267578125,1133000,266.0425720214844
APD,APD,2025-06-24,274.42999267578125,281.0199890136719,273.1300048828125,281.0,1580700,273.6582336425781
APD,APD,2025-06-25,281.0,282.70001220703125,280.2099914550781,282.0,1617300,274.6321105957031
APD,APD,2025-06-26,282.75,283.3399963378906,280.9599914550781,283.0,1462800,275.6059875488281
APD,APD,2025-06-27,282.1499938964844,284.75,281.4200134277344,282.3500061035156,2433400,274.9729919433594
APD,APD,2025-06-30,281.1300048828125,283.32000732421875,278.1000061035156,282.05999755859375,1286100,274.6905822753906
APD,APD,2025-07-01,278.44000244140625,287.2300109863281,276.489990234375,285.4700012207031,1324400,279.7870178222656
APD,APD,2025-07-02,286.0400085449219,290.510009765625,285.05999755859375,290.29998779296875,1113800,284.5208435058594
APD,APD,2025-07-03,288.4599914550781,292.6700134277344,288.4599914550781,291.8399963378906,682400,286.03021240234375
APD,APD,2025-07-07,290.3800048828125,291.29998779296875,287.54998779296875,289.0199890136719,979700,283.266357421875
APD,APD,2025-07-08,290.3399963378906,292.9599914550781,287.8800048828125,292.3500061035156,968300,286.53009033203125
APD,APD,2025-07-09,292.82000732421875,295.54998779296875,290.4700012207031,294.239990234375,1040400,288.3824462890625
APD,APD,2025-07-10,294.6199951171875,297.3800048828125,293.6000061035156,294.1000061035156,982100,288.2452392578125
APD,APD,2025-07-11,291.6099853515625,292.4200134277344,288.75,291.9700012207031,1042300,286.15765380859375
APD,APD,2025-07-14,290.3800048828125,292.1000061035156,288.8999938964844,290.79998779296875,617600,285.01092529296875
APD,APD,2025-07-15,292.0400085449219,292.0400085449219,284.25,286.6499938964844,816900,280.94354248046875
APD,APD,2025-07-16,286.6400146484375,289.8800048828125,284.8900146484375,288.989990234375,959400,283.2369689941406
APD,APD,2025-07-17,288.2699890136719,294.0,288.2699890136719,293.5799865722656,1254300,287.735595703125
APD,APD,2025-07-18,292.9200134277344,296.07000732421875,291.5,295.30999755859375,2097600,289.43115234375
APD,APD,2025-07-21,296.0899963378906,297.0199890136719,293.6000061035156,293.7200012207031,727900,287.8727722167969
APD,APD,2025-07-22,294.0299987792969,298.25,293.8299865722656,298.1300048828125,739400,292.19500732421875
APD,APD,2025-07-23,299.5400085449219,300.5199890136719,297.0299987792969,297.8900146484375,654600,291.9598083496094
APD,APD,2025-07-24,297.29998779296875,298.4599914550781,295.2099914550781,297.2200012207031,686600,291.3031311035156
APD,APD,2025-07-25,297.4800109863281,299.5299987792969,294.54998779296875,299.239990234375,713000,293.28289794921875
APD,APD,2025-07-28,297.8299865722656,297.8699951171875,294.69000244140625,295.55999755859375,661900,289.6761779785156
APD,APD,2025-07-29,296.04998779296875,296.489990234375,293.4599914550781,295.19000244140625,654100,289.31353759765625
APD,APD,2025-07-30,294.7799987792969,294.7799987792969,288.32000732421875,290.1300048828125,1539800,284.3542785644531
APD,APD,2025-07-31,292.5400085449219,296.510009765625,285.989990234375,287.8800048828125,1544300,282.1490783691406
APD,APD,2025-08-01,285.1700134277344,285.1700134277344,278.3999938964844,281.75,1072200,276.1410827636719
APD,APD,2025-08-04,282.2799987792969,287.6400146484375,282.2799987792969,287.4800109863281,855500,281.7570495605469
APD,APD,2025-08-05,289.0,293.0199890136719,289.0,292.4800109863281,773500,286.65753173828125
APD,APD,2025-08-06,293.1700134277344,293.2799987792969,288.9599914550781,289.04998779296875,560600,283.2957458496094
APD,APD,2025-08-07,292.0,293.1400146484375,287.7699890136719,288.55999755859375,670700,282.8155212402344
APD,APD,2025-08-08,288.8399963378906,290.2900085449219,287.3800048828125,288.739990234375,1372200,282.991943359375
APD,APD,2025-08-11,288.8699951171875,290.0199890136719,280.760009765625,283.95001220703125,1115100,278.2973327636719
APD,APD,2025-08-12,285.3399963378906,289.6000061035156,284.1499938964844,289.2699890136719,1061400,283.5113830566406
APD,APD,2025-08-13,289.8399963378906,294.25,288.760009765625,294.2099914550781,902500,288.3530578613281
APD,APD,2025-08-14,291.9200134277344,292.4100036621094,288.3599853515625,292.1700134277344,1208300,286.3536376953125
APD,APD,2025-08-15,293.19000244140625,293.2900085449219,289.9800109863281,290.4599914550781,1033300,284.6777038574219
APD,APD,2025-08-18,288.1000061035156,290.3800048828125,287.1099853515625,288.1400146484375,607200,282.40386962890625
APD,APD,2025-08-19,288.5799865722656,291.7300109863281,288.1700134277344,290.2200012207031,962400,284.4424743652344
APD,APD,2025-08-20,290.57000732421875,294.3900146484375,289.2699890136719,292.3699951171875,534100,286.5496826171875
APD,APD,2025-08-21,290.9599914550781,293.6700134277344,290.260009765625,293.5199890136719,777200,287.6767883300781
APD,APD,2025-08-22,295.0,301.1099853515625,294.57000732421875,299.29998779296875,765200,293.3417053222656
APD,APD,2025-08-25,298.80999755859375,300.0,293.54998779296875,294.1700134277344,403800,288.3138732910156
APD,APD,2025-08-26,293.739990234375,294.6000061035156,292.8399963378906,293.9700012207031,660700,288.1178283691406
APD,APD,2025-08-27,293.05999755859375,295.6199951171875,293.05999755859375,294.5899963378906,543300,288.7254943847656
APD,APD,2025-08-28,295.4200134277344,297.29998779296875,293.25,295.0199890136719,541700,289.1469421386719
APD,APD,2025-08-29,295.510009765625,296.3900146484375,293.1700134277344,294.1099853515625,510800,288.2550354003906
APD,APD,2025-09-02,292.1300048828125,293.4599914550781,290.9599914550781,292.19000244140625,868500,286.3732604980469
APD,APD,2025-09-03,291.2300109863281,292.6000061035156,290.42999267578125,291.2799987792969,606700,285.48138427734375
APD,APD,2025-09-04,291.6600036621094,291.989990234375,286.2200012207031,289.9700012207031,579600,284.19744873046875
APD,APD,2025-09-05,290.9599914550781,292.69000244140625,287.9700012207031,289.8599853515625,544500,284.08966064453125
APD,APD,2025-09-08,289.3699951171875,289.3699951171875,286.1600036621094,288.9100036621094,717200,283.1585693359375
APD,APD,2025-09-09,288.29998779296875,289.010009765625,285.3699951171875,287.1400146484375,440300,281.423828125
APD,APD,2025-09-10,285.5299987792969,288.30999755859375,283.7300109863281,287.5,801600,281.776611328125
APD,APD,2025-09-11,288.0,294.8900146484375,286.7699890136719,294.5199890136719,716400,288.6568603515625
APD,APD,2025-09-12,295.70001220703125,298.30999755859375,292.75,292.82000732421875,985800,286.99072265625
APD,APD,2025-09-15,294.05999755859375,296.69000244140625,289.42999267578125,289.5199890136719,1002600,283.7564392089844
APD,APD,2025-09-16,288.42999267578125,290.3599853515625,282.6400146484375,284.95001220703125,735900,279.27740478515625
APD,APD,2025-09-17,286.4800109863281,294.7099914550781,284.3699951171875,290.6300048828125,957100,284.8443298339844
APD,APD,2025-09-18,290.2799987792969,293.05999755859375,288.010009765625,292.45001220703125,678000,286.62811279296875
APD,APD,2025-09-19,293.0,293.07000732421875,288.6700134277344,290.1499938964844,1374400,284.3738708496094
APD,APD,2025-09-22,287.9100036621094,290.9599914550781,286.29998779296875,287.489990234375,834800,281.7668151855469
APD,APD,2025-09-23,288.05999755859375,288.55999755859375,274.7099914550781,276.5799865722656,1911900,271.073974609375
APD,APD,2025-09-24,278.1000061035156,278.1000061035156,271.29998779296875,272.2799987792969,1284300,266.859619140625
APD,APD,2025-09-25,271.260009765625,271.7099914550781,265.32000732421875,265.7799987792969,1973500,260.489013671875
APD,APD,2025-09-26,267.1199951171875,269.2099914550781,265.1000061035156,266.7799987792969,1178700,261.4691162109375
APD,APD,2025-09-29,267.760009765625,273.5199890136719,266.4200134277344,270.4800109863281,1949200,265.0954895019531
APD,APD,2025-09-30,269.94000244140625,272.8800048828125,268.6099853515625,272.7200012207031,1616100,267.2908630371094
APD,APD,2025-10-01,269.4599914550781,272.3599853515625,265.9100036621094,268.70001220703125,1216000,265.0908203125
APD,APD,2025-10-02,267.67999267578125,274.8299865722656,267.67999267578125,270.6000061035156,1421300,266.96527099609375
APD,APD,2025-10-03,269.8299865722656,272.0199890136719,268.2699890136719,271.4700012207031,841900,267.8236083984375
APD,APD,2025-10-06,271.3500061035156,273.6099853515625,270.1499938964844,270.95001220703125,909000,267.31060791015625
APD,APD,2025-10-07,270.29998779296875,273.1600036621094,269.2900085449219,270.8900146484375,745500,267.25140380859375
APD,APD,2025-10-08,269.79998779296875,270.1000061035156,267.739990234375,268.5799865722656,853800,264.972412109375
APD,APD,2025-10-09,268.1400146484375,269.4599914550781,261.6000061035156,262.7099914550781,1069500,259.1812744140625
APD,APD,2025-10-10,262.92999267578125,264.07000732421875,256.9599914550781,257.0799865722656,896100,253.6268768310547
APD,APD,2025-10-13,259.42999267578125,262.489990234375,258.739990234375,260.8599853515625,856000,257.3561096191406
APD,APD,2025-10-14,258.1000061035156,266.1000061035156,258.010009765625,262.0,1343400,258.4808044433594
APD,APD,2025-10-15,262.7900085449219,264.55999755859375,255.44000244140625,257.4100036621094,1161800,253.95245361328125
APD,APD,2025-10-16,256.0899963378906,257.0,251.75999450683594,253.17999267578125,2119300,249.77926635742188
APD,APD,2025-10-17,254.02000427246094,255.4600067138672,251.16000366210938,253.1999969482422,1324500,249.79901123046875
APD,APD,2025-10-20,254.22999572753906,255.32000732421875,252.83999633789062,254.2100067138672,969100,250.79544067382812
APD,APD,2025-10-21,254.2100067138672,256.8399963378906,253.55999755859375,254.7100067138672,1058700,251.28872680664062
APD,APD,2025-10-22,254.0399932861328,255.22000122070312,252.30999755859375,253.14999389648438,1098300,249.74966430664062
APD,APD,2025-10-23,254.5399932861328,255.7899932861328,251.72999572753906,254.92999267578125,956400,251.50575256347656
APD,APD,2025-10-24,255.3800048828125,256.8999938964844,253.5800018310547,254.91000366210938,829500,251.4860382080078
APD,APD,2025-10-27,255.75,257.45001220703125,254.60000610351562,255.75999450683594,914700,252.32461547851562
APD,APD,2025-10-28,255.75,256.94000244140625,253.80999755859375,254.42999267578125,996600,251.01248168945312
APD,APD,2025-10-29,253.6300048828125,254.1300048828125,247.8300018310547,248.33999633789062,1142900,245.00428771972656
APD,APD,2025-10-30,246.8300018310547,248.69000244140625,244.39999389648438,244.66000366210938,1090500,241.37371826171875
APD,APD,2025-10-31,244.02000427246094,244.02000427246094,239.02999877929688,242.58999633789062,2161500,239.33151245117188
APD,APD,2025-11-03,241.91000366210938,242.07000732421875,235.97000122070312,239.36000061035156,1472900,236.1448974609375
APD,APD,2025-11-04,238.50999450683594,241.3000030517578,237.11000061035156,240.77000427246094,1720000,237.53598022460938
APD,APD,2025-11-05,240.77000427246094,241.47999572753906,235.5500030517578,237.55999755859375,2160000,234.36907958984375
APD,APD,2025-11-06,249.38999938964844,264.30999755859375,249.2899932861328,258.7900085449219,4254500,255.31393432617188
APD,APD,2025-11-07,256.6400146484375,260.739990234375,255.0,259.739990234375,1666900,256.25115966796875
APD,APD,2025-11-10,260.54998779296875,261.0199890136719,256.4599914550781,258.42999267578125,1208400,254.958740234375
APD,APD,2025-11-11,259.5,265.0799865722656,257.9100036621094,262.2300109863281,1113700,258.7077331542969
APD,APD,2025-11-12,262.5199890136719,265.7900085449219,261.1600036621094,261.54998779296875,983100,258.0368347167969
APD,APD,2025-11-13,260.0,264.29998779296875,260.0,263.0299987792969,1255600,259.4969787597656
APD,APD,2025-11-14,261.989990234375,263.1499938964844,258.67999267578125,259.3399963378906,843100,255.85653686523438
APD,APD,2025-11-17,258.2799987792969,258.6400146484375,252.63999938964844,253.08999633789062,1200100,249.6904754638672
APD,APD,2025-11-18,251.32000732421875,254.0,249.1999969482422,252.16000366210938,1008100,248.77297973632812
APD,APD,2025-11-19,252.6199951171875,253.75,250.02999877929688,253.25,965500,249.84832763671875
APD,APD,2025-11-20,254.07000732421875,258.55999755859375,250.88999938964844,251.08999633789062,1156400,247.71734619140625
APD,APD,2025-11-21,252.22000122070312,257.7699890136719,251.3800048828125,257.3699951171875,1780800,253.91297912597656
APD,APD,2025-11-24,256.3800048828125,257.32000732421875,252.7100067138672,256.5799865722656,1633600,253.1335906982422
APD,APD,2025-11-25,258.4800109863281,259.8800048828125,257.0,258.92999267578125,1234000,255.4520263671875
APD,APD,2025-11-26,258.29998779296875,260.8299865722656,257.57000732421875,258.9599914550781,725700,255.48162841796875
APD,APD,2025-11-28,260.1600036621094,262.2900085449219,258.9700012207031,261.04998779296875,457300,257.5435485839844
APD,APD,2025-12-01,260.0,263.07000732421875,259.5,260.8599853515625,1284800,257.3561096191406
APD,APD,2025-12-02,260.8399963378906,261.1000061035156,256.2300109863281,256.7699890136719,1044500,253.32102966308594
APD,APD,2025-12-03,257.82000732421875,261.54998779296875,257.6600036621094,260.3500061035156,1465400,256.85296630859375
APD,APD,2025-12-04,260.3699951171875,262.5400085449219,258.0,261.6199951171875,1354100,258.1059265136719
APD,APD,2025-12-05,261.5199890136719,265.5199890136719,260.3299865722656,260.69000244140625,1315500,257.1883850097656
APD,APD,2025-12-08,255.02000427246094,256.7200012207031,230.35000610351562,236.0500030517578,4138200,232.87936401367188
APD,APD,2025-12-09,236.50999450683594,240.19000244140625,230.0500030517578,230.75999450683594,3329700,227.660400390625
APD,APD,2025-12-10,229.82000732421875,237.24000549316406,229.11000061035156,236.7100067138672,3623000,233.53050231933594
APD,APD,2025-12-11,239.0,243.80999755859375,238.11000061035156,243.72999572753906,1911200,240.45620727539062
APD,APD,2025-12-12,242.8800048828125,244.5,239.92999267578125,243.0,3053500,239.73602294921875
APD,APD,2025-12-15,240.9199981689453,245.11000061035156,239.92999267578125,245.00999450683594,2099000,241.71900939941406
APD,APD,2025-12-16,243.2899932861328,245.24000549316406,238.89999389648438,242.25,2690300,238.99609375
APD,APD,2025-12-17,242.25,247.72000122070312,241.61000061035156,246.3800048828125,2454100,243.07061767578125
APD,APD,2025-12-18,247.85000610351562,249.1699981689453,243.66000366210938,243.75,1892300,240.47593688964844
APD,APD,2025-12-19,241.61000061035156,243.47999572753906,238.60000610351562,239.9600067138672,2972700,236.73684692382812
APD,APD,2025-12-22,239.9600067138672,245.7100067138672,239.49000549316406,244.77999877929688,1926500,241.49209594726562
APD,APD,2025-12-23,244.3800048828125,245.50999450683594,242.22000122070312,244.77000427246094,919800,241.48223876953125
APD,APD,2025-12-24,244.77999877929688,246.25999450683594,244.14999389648438,245.83999633789062,645500,242.53785705566406
APD,APD,2025-12-26,246.91000366210938,247.94000244140625,245.0,247.4199981689453,950800,244.09664916992188
APD,APD,2025-12-29,247.0,248.8000030517578,246.0500030517578,247.85000610351562,1303200,244.52085876464844
APD,APD,2025-12-30,247.85000610351562,249.58999633789062,246.55999755859375,248.82000732421875,1077700,245.47784423828125
APD,APD,2025-12-31,248.47999572753906,249.61000061035156,246.9199981689453,247.02000427246094,876800,243.7020263671875
APD,APD,2026-01-02,245.27999877929688,251.44000244140625,242.33999633789062,250.47000122070312,1407600,248.90936279296875
APD,APD,2026-01-05,247.8000030517578,255.97000122070312,247.4499969482422,253.83999633789062,1606300,252.25836181640625
APD,APD,2026-01-06,254.22000122070312,260.1600036621094,252.4499969482422,258.3599853515625,1531000,256.75018310546875
APD,APD,2026-01-07,257.9599914550781,262.7699890136719,255.22999572753906,261.8699951171875,2065700,260.23834228515625
APD,APD,2026-01-08,262.82000732421875,265.1600036621094,259.05999755859375,261.2200012207031,1543500,259.5923767089844
APD,APD,2026-01-09,260.2699890136719,265.70001220703125,260.05999755859375,263.7200012207031,1505500,262.0768127441406
APD,APD,2026-01-12,263.5,267.67999267578125,261.7900085449219,267.0400085449219,1475400,265.3761291503906
APD,APD,2026-01-13,266.760009765625,268.5799865722656,264.45001220703125,266.17999267578125,1045200,264.521484375
APD,APD,2026-01-14,266.2799987792969,270.8800048828125,265.9100036621094,267.25,1417400,265.5848083496094
APD,APD,2026-01-15,268.0,269.67999267578125,264.45001220703125,265.9800109863281,1229900,264.3227233886719
APD,APD,2026-01-16,264.0,267.8500061035156,264.0,267.5299987792969,1459800,265.8630676269531
APD,APD,2026-01-20,263.989990234375,265.8500061035156,256.5899963378906,258.17999267578125,1987000,256.5713195800781
APD,APD,2026-01-21,261.19000244140625,264.3699951171875,258.55999755859375,263.1099853515625,1233500,261.4705810546875
APD,APD,2026-01-22,263.79998779296875,267.2200012207031,262.739990234375,264.0400085449219,1357200,262.3948059082031
APD,APD,2026-01-23,264.07000732421875,264.2099914550781,259.6000061035156,261.3500061035156,1294800,259.7215881347656
APD,APD,2026-01-26,263.0,264.8699951171875,261.95001220703125,262.6199951171875,1229800,260.983642578125
APD,APD,2026-01-27,261.5,263.5,258.5199890136719,259.1199951171875,899800,257.5054626464844
APD,APD,2026-01-28,259.3299865722656,260.5299987792969,253.94000244140625,255.88999938964844,2067400,254.29559326171875
APD,APD,2026-01-29,256.3599853515625,258.3500061035156,254.1999969482422,256.0199890136719,2621900,254.42477416992188
APD,APD,2026-01-30,267.3500061035156,273.8999938964844,262.6700134277344,272.5,2571400,270.8020935058594
APD,APD,2026-02-02,270.010009765625,275.1700134277344,267.92999267578125,270.989990234375,1490000,269.3014831542969
APD,APD,2026-02-03,271.7900085449219,278.0400085449219,271.510009765625,277.9599914550781,1683200,276.2280578613281
APD,APD,2026-02-04,279.989990234375,286.7099914550781,279.6300048828125,286.5899963378906,1634500,284.8042907714844
APD,APD,2026-02-05,287.2300109863281,287.80999755859375,282.1700134277344,283.5,1240400,281.7335510253906
APD,APD,2026-02-06,282.6400146484375,286.739990234375,281.3999938964844,283.1199951171875,995400,281.3559265136719
APD,APD,2026-02-09,282.07000732421875,286.8399963378906,280.6600036621094,286.3699951171875,1032600,284.5856628417969
APD,APD,2026-02-10,286.25,293.1300048828125,286.25,290.7699890136719,915400,288.958251953125
APD,APD,2026-02-11,290.1099853515625,294.67999267578125,289.07000732421875,293.1400146484375,856000,291.3135070800781
APD,APD,2026-02-12,294.0899963378906,296.4599914550781,289.760009765625,291.5,1182400,289.6837158203125
APD,APD,2026-02-13,283.8999938964844,286.8399963378906,274.0899963378906,279.739990234375,3299300,277.9969787597656
APD,APD,2026-02-17,281.75,281.75,275.7300109863281,277.69000244140625,1601600,275.95977783203125
APD,APD,2026-02-18,279.45001220703125,282.82000732421875,278.6199951171875,282.3900146484375,1896200,280.6304931640625
APD,APD,2026-02-19,281.3599853515625,282.5,278.8299865722656,280.7200012207031,1140500,278.97088623046875
APD,APD,2026-02-20,279.92999267578125,283.7900085449219,278.79998779296875,281.17999267578125,1851000,279.4280090332031
APD,APD,2026-02-23,281.510009765625,284.5,280.95001220703125,283.25,1370400,281.485107421875
APD,APD,2026-02-24,284.54998779296875,284.8299865722656,278.79998779296875,279.4700012207031,1226400,277.7286682128906
APD,APD,2026-02-25,281.1300048828125,282.9200134277344,276.4800109863281,280.29998779296875,1920200,278.5534973144531
APD,APD,2026-02-26,281.2799987792969,282.5400085449219,274.2099914550781,276.2300109863281,1524400,274.5088806152344
APD,APD,2026-02-27,276.2300109863281,278.04998779296875,273.1300048828125,275.6700134277344,2034000,273.9523620605469
APD,APD,2026-03-02,273.8999938964844,277.2699890136719,271.1700134277344,276.42999267578125,1816600,274.7076110839844
APD,APD,2026-03-03,271.0,274.55999755859375,268.1199951171875,273.0400085449219,1217200,271.3387451171875
APD,APD,2026-03-04,273.55999755859375,274.95001220703125,270.8599853515625,274.20001220703125,1175200,272.49151611328125
APD,APD,2026-03-05,272.6700134277344,278.1400146484375,272.5,276.3500061035156,1722200,274.62811279296875
APD,APD,2026-03-06,276.2699890136719,276.2699890136719,271.30999755859375,272.17999267578125,1479800,270.4841003417969
APD,APD,2026-03-09,273.5,276.25,272.1700134277344,274.3999938964844,1791200,272.69024658203125
APD,APD,2026-03-10,273.7300109863281,277.1499938964844,270.54998779296875,275.1199951171875,1167900,273.40576171875
APD,APD,2026-03-11,274.6099853515625,278.260009765625,271.17999267578125,277.69000244140625,950200,275.95977783203125
APD,APD,2026-03-12,281.7799987792969,292.5899963378906,280.3299865722656,290.4800109863281,2780800,288.6700744628906
APD,APD,2026-03-13,295.75,296.82000732421875,286.8699951171875,287.9800109863281,1403100,286.1856689453125
APD,APD,2026-03-16,290.20001220703125,290.2900085449219,285.5299987792969,289.1600036621094,1225100,287.3583068847656
APD,APD,2026-03-17,291.6600036621094,292.010009765625,285.57000732421875,286.1499938964844,1019300,284.3670349121094
APD,APD,2026-03-18,285.75,288.70001220703125,281.3299865722656,281.4200134277344,1272800,279.6665344238281
APD,APD,2026-03-19,279.6600036621094,287.7699890136719,279.0,284.1499938964844,1508800,282.3795166015625
APD,APD,2026-03-20,287.07000732421875,287.07000732421875,279.1499938964844,281.010009765625,2422400,279.25909423828125
APD,APD,2026-03-23,284.1400146484375,284.9599914550781,277.5,278.6600036621094,1622300,276.9237060546875
APD,APD,2026-03-24,276.82000732421875,288.0400085449219,276.760009765625,286.25,1177200,284.4664306640625
APD,APD,2026-03-25,288.0,290.67999267578125,283.7099914550781,290.0899963378906,1004300,288.2825012207031
APD,APD,2026-03-26,289.7300109863281,295.25,289.7300109863281,293.1700134277344,1665900,291.34332275390625
APD,APD,2026-03-27,292.69000244140625,294.7300109863281,290.3800048828125,292.19000244140625,981700,290.3694152832031
APD,APD,2026-03-30,294.1000061035156,296.3999938964844,291.4200134277344,291.55999755859375,1244900,289.74334716796875
APD,APD,2026-03-31,292.45001220703125,294.9700012207031,287.6400146484375,290.489990234375,1351300,288.67999267578125
APD,APD,2026-04-01,288.1400146484375,290.0899963378906,284.4100036621094,289.42999267578125,1727800,289.42999267578125
APD,APD,2026-04-02,291.5,296.4599914550781,290.6499938964844,293.54998779296875,1487200,293.54998779296875
APD,APD,2026-04-06,292.07000732421875,294.1700134277344,289.5,294.1199951171875,812000,294.1199951171875
APD,APD,2026-04-07,294.6400146484375,296.3900146484375,291.3399963378906,292.3900146484375,1262000,292.3900146484375
APD,APD,2026-04-08,285.6099853515625,296.6199951171875,281.25,296.6099853515625,1588900,296.6099853515625
APD,APD,2026-04-09,295.0,301.25,293.7200012207031,297.739990234375,1047100,297.739990234375
APD,APD,2026-04-10,299.0,299.6700134277344,295.69000244140625,298.7099914550781,863300,298.7099914550781
APD,APD,2026-04-13,299.1099853515625,301.0,296.9599914550781,298.6499938964844,1011400,298.6499938964844
APD,APD,2026-04-14,297.5,297.5,292.5299987792969,296.6300048828125,972800,296.6300048828125
APD,APD,2026-04-15,296.2099914550781,296.9800109863281,293.2900085449219,295.2099914550781,1044100,295.2099914550781
APD,APD,2026-04-16,295.989990234375,298.6000061035156,295.8299865722656,297.239990234375,826400,297.239990234375
APD,APD,2026-04-17,289.8800048828125,294.8999938964844,288.6499938964844,291.80999755859375,1203700,291.80999755859375
APD,APD,2026-04-20,294.9700012207031,298.6199951171875,294.0,296.1499938964844,907500,296.1499938964844
APD,APD,2026-04-21,296.0,298.9599914550781,293.4599914550781,294.7799987792969,969100,294.7799987792969
APD,APD,2026-04-22,296.29998779296875,297.510009765625,294.3699951171875,296.760009765625,933000,296.760009765625
APD,APD,2026-04-23,299.5299987792969,304.0,297.32000732421875,303.6499938964844,869200,303.6499938964844
APD,APD,2026-04-24,302.79998779296875,304.57000732421875,300.8900146484375,301.760009765625,744100,301.760009765625
APD,APD,2026-04-27,305.5,307.2900085449219,301.2200012207031,302.3800048828125,897300,302.3800048828125
APD,APD,2026-04-28,305.07000732421875,306.1099853515625,299.3800048828125,303.3500061035156,771700,303.3500061035156
APD,APD,2026-04-29,303.3500061035156,304.6300048828125,298.3999938964844,302.5,984000,302.5
APD,APD,2026-04-30,299.0,302.5,294.1300048828125,300.04998779296875,2304900,300.04998779296875
APD,APD,2026-05-01,304.0,304.42999267578125,298.6499938964844,301.07000732421875,1028400,301.07000732421875
APD,APD,2026-05-04,300.0199890136719,300.75,295.3999938964844,298.3500061035156,1154000,298.3500061035156
APD,APD,2026-05-05,298.69000244140625,305.3900146484375,297.1499938964844,303.92999267578125,801000,303.92999267578125
APD,APD,2026-05-06,301.54998779296875,303.82000732421875,299.739990234375,300.2099914550781,877700,300.2099914550781
APD,APD,2026-05-07,298.3800048828125,299.04998779296875,291.5199890136719,294.989990234375,1216400,294.989990234375
APD,APD,2026-05-08,295.7699890136719,299.5,295.25,295.4100036621094,607200,295.4100036621094
APD,APD,2026-05-11,297.4599914550781,304.9200134277344,297.4599914550781,304.5,781900,304.5
APD,APD,2026-05-12,305.0,305.8800048828125,298.4100036621094,303.6000061035156,925100,303.6000061035156
APD,APD,2026-05-13,304.8299865722656,307.9599914550781,302.260009765625,306.20001220703125,1149200,306.20001220703125
APD,APD,2026-05-14,306.80999755859375,306.9599914550781,298.0,299.8699951171875,1416300,299.8699951171875
APD,APD,2026-05-15,300.44000244140625,302.5,292.6099853515625,295.3800048828125,1244800,295.3800048828125
APD,APD,2026-05-18,295.20001220703125,296.67999267578125,292.5,293.30999755859375,1133800,293.30999755859375
APD,APD,2026-05-19,293.0299987792969,293.42999267578125,289.6300048828125,291.7699890136719,843000,291.7699890136719
APD,APD,2026-05-20,289.1199951171875,293.3999938964844,285.4599914550781,289.19000244140625,1668100,289.19000244140625
APD,APD,2026-05-21,289.1600036621094,291.9100036621094,286.1300048828125,290.19000244140625,1273000,290.19000244140625
APD,APD,2026-05-22,291.9800109863281,293.989990234375,288.3900146484375,289.4700012207031,1038000,289.4700012207031
APD,APD,2026-05-26,289.010009765625,290.9200134277344,287.07000732421875,289.6000061035156,1043300,289.6000061035156
APD,APD,2026-05-27,288.5799865722656,288.5799865722656,284.82000732421875,285.7300109863281,861600,285.7300109863281
APD,APD,2026-05-28,285.1300048828125,287.75,281.7799987792969,283.6499938964844,971900,283.6499938964844
APD,APD,2026-05-29,282.1300048828125,284.3800048828125,277.9800109863281,278.6199951171875,2030500,278.6199951171875
APD,APD,2026-06-01,278.6300048828125,279.5299987792969,275.20001220703125,278.8900146484375,1253400,278.8900146484375
APD,APD,2026-06-02,279.17999267578125,281.1199951171875,277.70001220703125,279.2900085449219,961900,279.2900085449219
APD,APD,2026-06-03,278.3500061035156,285.1700134277344,277.1499938964844,282.2699890136719,900000,282.2699890136719
APD,APD,2026-06-04,282.7900085449219,285.5,281.8599853515625,282.8500061035156,1041700,282.8500061035156
APD,APD,2026-06-05,283.0899963378906,287.6000061035156,282.1199951171875,282.3500061035156,1154000,282.3500061035156
APD,APD,2026-06-08,281.9200134277344,284.4800109863281,274.3699951171875,276.7699890136719,1326700,276.7699890136719
APD,APD,2026-06-09,278.82000732421875,283.1400146484375,278.0199890136719,282.9800109863281,1314200,282.9800109863281
APD,APD,2026-06-10,284.69000244140625,286.239990234375,276.3800048828125,276.510009765625,1247900,276.510009765625
APD,APD,2026-06-11,279.3999938964844,281.760009765625,277.7699890136719,278.1199951171875,979000,278.1199951171875
APD,APD,2026-06-12,280.0,287.07000732421875,279.57000732421875,281.6199951171875,1239500,281.6199951171875
APD,APD,2026-06-15,280.010009765625,283.989990234375,276.6600036621094,282.9599914550781,1164500,282.9599914550781
APD,APD,2026-06-16,283.07000732421875,284.8500061035156,278.2900085449219,280.4800109863281,1859200,280.4800109863281
APD,APD,2026-06-17,279.489990234375,283.5799865722656,279.3599853515625,281.75,1748100,281.75
APD,APD,2026-06-18,283.3999938964844,283.8399963378906,278.6199951171875,280.2099914550781,2568800,280.2099914550781
