ticker,source_symbol,date,open,high,low,close,volume,adj_close
ETN,ETN,2009-01-02,24.850000381469727,26.040000915527344,24.53499984741211,25.90999984741211,2734200,16.493099212646484
ETN,ETN,2009-01-05,25.709999084472656,26.299999237060547,25.709999084472656,25.959999084472656,4755600,16.524930953979492
ETN,ETN,2009-01-06,26.110000610351562,26.670000076293945,25.860000610351562,26.155000686645508,3453400,16.649044036865234
ETN,ETN,2009-01-07,25.985000610351562,26.049999237060547,24.825000762939453,25.040000915527344,4482400,15.93929672241211
ETN,ETN,2009-01-08,24.90999984741211,25.4950008392334,24.645000457763672,25.450000762939453,2587000,16.20028305053711
ETN,ETN,2009-01-09,25.540000915527344,25.594999313354492,24.924999237060547,25.084999084472656,2592000,15.967939376831055
ETN,ETN,2009-01-12,25.079999923706055,25.079999923706055,24.540000915527344,24.725000381469727,5282400,15.738784790039062
ETN,ETN,2009-01-13,24.565000534057617,24.885000228881836,24.315000534057617,24.579999923706055,4494600,15.646480560302734
ETN,ETN,2009-01-14,24.149999618530273,24.21500015258789,23.540000915527344,23.719999313354492,5081000,15.099047660827637
ETN,ETN,2009-01-15,23.530000686645508,24.545000076293945,23.469999313354492,24.350000381469727,4201800,15.500070571899414
ETN,ETN,2009-01-16,24.639999389648438,24.719999313354492,23.645000457763672,24.280000686645508,5369800,15.455517768859863
ETN,ETN,2009-01-20,23.875,23.90999984741211,23.2549991607666,23.5,5083800,14.958999633789062
ETN,ETN,2009-01-21,23.860000610351562,23.860000610351562,23.065000534057617,23.600000381469727,5397600,15.022664070129395
ETN,ETN,2009-01-22,23.225000381469727,23.55500030517578,22.56999969482422,22.934999465942383,5307000,14.599349021911621
ETN,ETN,2009-01-23,22.315000534057617,23.219999313354492,22.065000534057617,22.665000915527344,4052000,14.427483558654785
ETN,ETN,2009-01-26,22.28499984741211,22.94499969482422,21.75,22.274999618530273,5603800,14.17922592163086
ETN,ETN,2009-01-27,22.3799991607666,22.8799991607666,22.125,22.704999923706055,3350800,14.452940940856934
ETN,ETN,2009-01-28,23.05500030517578,23.850000381469727,22.979999542236328,23.399999618530273,2975000,14.895349502563477
ETN,ETN,2009-01-29,23.135000228881836,23.235000610351562,22.399999618530273,22.625,3207800,14.402022361755371
ETN,ETN,2009-01-30,22.649999618530273,22.725000381469727,21.84000015258789,22.010000228881836,4286600,14.010549545288086
ETN,ETN,2009-02-02,21.545000076293945,21.875,21.1299991607666,21.459999084472656,4916600,13.66043758392334
ETN,ETN,2009-02-03,21.4950008392334,21.540000915527344,21.014999389648438,21.43000030517578,4502600,13.641334533691406
ETN,ETN,2009-02-04,21.670000076293945,21.885000228881836,21.40999984741211,21.625,3650600,13.765469551086426
ETN,ETN,2009-02-05,21.415000915527344,21.94499969482422,20.96500015258789,21.795000076293945,3746600,14.035943984985352
ETN,ETN,2009-02-06,21.854999542236328,22.56999969482422,21.7450008392334,22.434999465942383,2738200,14.448104858398438
ETN,ETN,2009-02-09,22.290000915527344,22.71500015258789,22.135000228881836,22.5049991607666,2938200,14.493188858032227
ETN,ETN,2009-02-10,22.309999465942383,22.614999771118164,21.34000015258789,21.510000228881836,3635800,13.852401733398438
ETN,ETN,2009-02-11,22.219999313354492,22.489999771118164,21.860000610351562,22.135000228881836,4457000,14.254905700683594
ETN,ETN,2009-02-12,21.920000076293945,22.0,21.2549991607666,21.96500015258789,4076600,14.145421028137207
ETN,ETN,2009-02-13,21.940000534057617,22.524999618530273,21.864999771118164,21.899999618530273,3254800,14.103567123413086
ETN,ETN,2009-02-17,21.2549991607666,21.459999084472656,20.815000534057617,21.020000457763672,3725200,13.536843299865723
ETN,ETN,2009-02-18,21.204999923706055,21.520000457763672,20.875,20.96500015258789,3902600,13.50142765045166
ETN,ETN,2009-02-19,21.104999542236328,21.264999389648438,20.260000228881836,20.360000610351562,4881000,13.11180305480957
ETN,ETN,2009-02-20,20.235000610351562,20.434999465942383,19.71500015258789,20.139999389648438,4792400,12.970131874084473
ETN,ETN,2009-02-23,20.260000228881836,20.31999969482422,19.0,19.020000457763672,5362000,12.248848915100098
ETN,ETN,2009-02-24,19.045000076293945,20.03499984741211,18.690000534057617,19.864999771118164,4812600,12.7930326461792
ETN,ETN,2009-02-25,19.790000915527344,19.899999618530273,19.114999771118164,19.229999542236328,3778400,12.384090423583984
ETN,ETN,2009-02-26,19.440000534057617,19.520000457763672,18.079999923706055,18.135000228881836,8350400,11.678909301757812
ETN,ETN,2009-02-27,17.829999923706055,18.665000915527344,17.3700008392334,18.075000762939453,8754200,11.640268325805664
ETN,ETN,2009-03-02,17.799999237060547,17.850000381469727,16.655000686645508,16.71500015258789,6606600,10.764430046081543
ETN,ETN,2009-03-03,16.905000686645508,17.739999771118164,16.46500015258789,17.19499969482422,8778400,11.073551177978516
ETN,ETN,2009-03-04,17.485000610351562,17.575000762939453,16.850000381469727,16.959999084472656,7172200,10.922215461730957
ETN,ETN,2009-03-05,16.174999237060547,16.350000381469727,15.4350004196167,15.854999542236328,7248400,10.210593223571777
ETN,ETN,2009-03-06,15.994999885559082,16.295000076293945,15.010000228881836,15.555000305175781,5518400,10.017396926879883
ETN,ETN,2009-03-09,15.279999732971191,15.84000015258789,15.015000343322754,15.135000228881836,4520000,9.746916770935059
ETN,ETN,2009-03-10,15.4399995803833,16.260000228881836,15.255000114440918,16.049999237060547,6901200,10.336174964904785
ETN,ETN,2009-03-11,16.274999618530273,16.420000076293945,15.9350004196167,16.03499984741211,7776000,10.32651424407959
ETN,ETN,2009-03-12,16.145000457763672,16.704999923706055,15.635000228881836,16.600000381469727,5151200,10.690373420715332
ETN,ETN,2009-03-13,16.71500015258789,17.075000762939453,16.46500015258789,16.80500030517578,3365600,10.822391510009766
ETN,ETN,2009-03-16,17.09000015258789,17.1200008392334,16.40999984741211,16.540000915527344,4553000,10.651734352111816
ETN,ETN,2009-03-17,16.55500030517578,16.989999771118164,16.18000030517578,16.920000076293945,4570600,10.896451950073242
ETN,ETN,2009-03-18,16.924999237060547,17.700000762939453,16.610000610351562,17.524999618530273,4504800,11.286073684692383
ETN,ETN,2009-03-19,17.844999313354492,18.059999465942383,17.5,17.65999984741211,4349600,11.373007774353027
ETN,ETN,2009-03-20,17.75,17.8799991607666,16.899999618530273,17.059999465942383,3885800,10.986613273620605
ETN,ETN,2009-03-23,17.53499984741211,18.59000015258789,17.440000534057617,18.575000762939453,5309000,11.962271690368652
ETN,ETN,2009-03-24,18.395000457763672,19.155000686645508,18.139999389648438,18.704999923706055,4791800,12.045990943908691
ETN,ETN,2009-03-25,18.885000228881836,19.21500015258789,18.260000228881836,18.815000534057617,5014600,12.116825103759766
ETN,ETN,2009-03-26,18.94499969482422,19.725000381469727,18.875,19.69499969482422,4039400,12.683548927307129
ETN,ETN,2009-03-27,19.475000381469727,19.81999969482422,19.18000030517578,19.450000762939453,3638400,12.52577018737793
ETN,ETN,2009-03-30,18.53499984741211,18.6299991607666,17.75,18.104999542236328,4500400,11.659588813781738
ETN,ETN,2009-03-31,18.299999237060547,18.704999923706055,18.045000076293945,18.43000030517578,7708200,11.868890762329102
ETN,ETN,2009-04-01,18.075000762939453,18.850000381469727,18.020000457763672,18.75,3980800,12.074967384338379
ETN,ETN,2009-04-02,19.170000076293945,21.045000076293945,19.170000076293945,20.700000762939453,6973600,13.330768585205078
ETN,ETN,2009-04-03,20.540000915527344,21.325000762939453,20.540000915527344,21.0049991607666,4829200,13.527188301086426
ETN,ETN,2009-04-06,20.764999389648438,20.875,20.219999313354492,20.719999313354492,3668800,13.343643188476562
ETN,ETN,2009-04-07,20.530000686645508,20.530000686645508,19.770000457763672,19.809999465942383,3618000,12.757603645324707
ETN,ETN,2009-04-08,19.975000381469727,20.280000686645508,19.614999771118164,20.03499984741211,4371400,12.902508735656738
ETN,ETN,2009-04-09,20.514999389648438,22.174999237060547,20.450000762939453,21.915000915527344,6142200,14.11322021484375
ETN,ETN,2009-04-13,21.05500030517578,21.44499969482422,20.299999237060547,21.190000534057617,5098000,13.646326065063477
ETN,ETN,2009-04-14,20.895000457763672,21.28499984741211,20.530000686645508,20.969999313354492,3959800,13.504645347595215
ETN,ETN,2009-04-15,20.829999923706055,21.325000762939453,20.71500015258789,21.190000534057617,3769000,13.646326065063477
ETN,ETN,2009-04-16,21.274999618530273,21.8700008392334,20.94499969482422,21.729999542236328,5163000,13.994081497192383
ETN,ETN,2009-04-17,21.834999084472656,22.540000915527344,21.600000381469727,22.375,4144800,14.409466743469238
ETN,ETN,2009-04-20,20.600000381469727,20.93000030517578,19.924999237060547,20.209999084472656,7869800,13.015212059020996
ETN,ETN,2009-04-21,20.200000762939453,20.8700008392334,19.889999389648438,20.770000457763672,4346200,13.375847816467285
ETN,ETN,2009-04-22,20.6299991607666,21.975000381469727,19.71500015258789,21.360000610351562,4981200,13.755814552307129
ETN,ETN,2009-04-23,21.459999084472656,21.459999084472656,20.774999618530273,21.3700008392334,3644000,13.762246131896973
ETN,ETN,2009-04-24,21.510000228881836,22.25,21.25,22.0,2966400,14.167962074279785
ETN,ETN,2009-04-27,21.795000076293945,21.809999465942383,21.174999237060547,21.524999618530273,3353000,13.862067222595215
ETN,ETN,2009-04-28,21.100000381469727,21.545000076293945,20.94499969482422,21.045000076293945,2473800,13.552946090698242
ETN,ETN,2009-04-29,21.204999923706055,22.399999618530273,21.204999923706055,22.19499969482422,4660400,14.293540000915527
ETN,ETN,2009-04-30,22.344999313354492,23.084999084472656,21.8799991607666,21.899999618530273,4368200,14.264238357543945
ETN,ETN,2009-05-01,21.625,21.924999237060547,21.190000534057617,21.809999465942383,4596000,14.20561408996582
ETN,ETN,2009-05-04,21.920000076293945,22.885000228881836,21.770000457763672,22.875,4077800,14.899284362792969
ETN,ETN,2009-05-05,22.844999313354492,23.125,22.56999969482422,22.864999771118164,3419600,14.892772674560547
ETN,ETN,2009-05-06,23.239999771118164,23.360000610351562,22.6299991607666,22.8799991607666,6163800,14.902544975280762
ETN,ETN,2009-05-07,23.110000610351562,23.125,22.364999771118164,22.834999084472656,4986600,14.873231887817383
ETN,ETN,2009-05-08,23.30500030517578,23.959999084472656,22.920000076293945,23.844999313354492,4851200,15.531082153320312
ETN,ETN,2009-05-11,23.579999923706055,23.579999923706055,22.90999984741211,23.084999084472656,4206200,15.036062240600586
ETN,ETN,2009-05-12,23.155000686645508,23.25,22.6299991607666,23.065000534057617,4859000,15.023042678833008
ETN,ETN,2009-05-13,22.6200008392334,22.6200008392334,22.225000381469727,22.389999389648438,6917400,14.583389282226562
ETN,ETN,2009-05-14,22.43000030517578,22.854999542236328,22.34000015258789,22.434999465942383,6415200,14.612699508666992
ETN,ETN,2009-05-15,22.405000686645508,22.969999313354492,22.364999771118164,22.655000686645508,5127000,14.755995750427246
ETN,ETN,2009-05-18,22.829999923706055,23.309999465942383,22.760000228881836,23.25,4162800,15.143540382385254
ETN,ETN,2009-05-19,23.190000534057617,23.844999313354492,22.75,23.174999237060547,7982200,15.094686508178711
ETN,ETN,2009-05-20,23.645000457763672,23.975000381469727,23.114999771118164,23.165000915527344,5428000,15.088178634643555
ETN,ETN,2009-05-21,22.684999465942383,22.860000610351562,21.96500015258789,22.2549991607666,7623200,14.49545955657959
ETN,ETN,2009-05-22,22.325000762939453,22.420000076293945,21.979999542236328,22.075000762939453,3693200,14.378217697143555
ETN,ETN,2009-05-26,21.96500015258789,22.985000610351562,21.875,22.915000915527344,3524200,14.925334930419922
ETN,ETN,2009-05-27,22.485000610351562,22.719999313354492,21.924999237060547,22.0049991607666,4179000,14.332622528076172
ETN,ETN,2009-05-28,21.559999465942383,21.959999084472656,21.1299991607666,21.799999237060547,5278600,14.19910717010498
ETN,ETN,2009-05-29,21.93000030517578,22.155000686645508,21.56999969482422,21.75,5116000,14.166537284851074
ETN,ETN,2009-06-01,22.31999969482422,23.684999465942383,22.239999771118164,23.579999923706055,6939600,15.358474731445312
ETN,ETN,2009-06-02,23.709999084472656,24.290000915527344,23.610000610351562,24.125,5530000,15.713455200195312
ETN,ETN,2009-06-03,23.8700008392334,24.049999237060547,23.399999618530273,23.594999313354492,4016000,15.368245124816895
ETN,ETN,2009-06-04,23.719999313354492,24.0,23.415000915527344,23.940000534057617,3882600,15.592962265014648
ETN,ETN,2009-06-05,24.065000534057617,24.5,23.7549991607666,24.03499984741211,4217000,15.654833793640137
ETN,ETN,2009-06-08,23.920000076293945,24.489999771118164,23.405000686645508,24.31999969482422,4810400,15.840460777282715
ETN,ETN,2009-06-09,24.459999084472656,24.565000534057617,23.84000015258789,24.459999084472656,3505800,15.93165397644043
ETN,ETN,2009-06-10,24.780000686645508,24.875,23.950000762939453,24.479999542236328,3240600,15.944677352905273
ETN,ETN,2009-06-11,24.31999969482422,24.739999771118164,24.229999542236328,24.364999771118164,3825800,15.86977767944336
ETN,ETN,2009-06-12,24.25,24.610000610351562,24.020000457763672,24.59000015258789,2049600,16.016326904296875
ETN,ETN,2009-06-15,24.145000457763672,24.145000457763672,23.309999465942383,23.53499984741211,3297400,15.329172134399414
ETN,ETN,2009-06-16,23.665000915527344,23.969999313354492,23.110000610351562,23.170000076293945,4411400,15.091434478759766
ETN,ETN,2009-06-17,23.135000228881836,23.225000381469727,22.684999465942383,22.934999465942383,4781600,14.938372611999512
ETN,ETN,2009-06-18,22.950000762939453,23.145000457763672,22.55500030517578,22.854999542236328,3530400,14.88625717163086
ETN,ETN,2009-06-19,23.104999542236328,23.25,22.700000762939453,22.78499984741211,4236200,14.840670585632324
ETN,ETN,2009-06-22,22.405000686645508,22.40999984741211,21.625,21.625,4104800,14.085112571716309
ETN,ETN,2009-06-23,21.645000457763672,21.834999084472656,21.225000381469727,21.405000686645508,4727600,13.941827774047852
ETN,ETN,2009-06-24,21.545000076293945,22.19499969482422,21.415000915527344,21.565000534057617,3296000,14.046031951904297
ETN,ETN,2009-06-25,21.545000076293945,22.200000762939453,21.270000457763672,22.114999771118164,5707400,14.404274940490723
ETN,ETN,2009-06-26,22.084999084472656,22.80500030517578,21.93000030517578,22.59000015258789,7440200,14.713655471801758
ETN,ETN,2009-06-29,22.55500030517578,22.920000076293945,22.309999465942383,22.809999465942383,3350400,14.856949806213379
ETN,ETN,2009-06-30,22.739999771118164,22.950000762939453,22.18000030517578,22.30500030517578,3448600,14.528029441833496
ETN,ETN,2009-07-01,22.385000228881836,23.045000076293945,22.354999542236328,22.639999389648438,3636200,14.746224403381348
ETN,ETN,2009-07-02,22.395000457763672,22.395000457763672,21.4950008392334,21.4950008392334,3658800,14.000445365905762
ETN,ETN,2009-07-06,21.3799991607666,21.524999618530273,20.905000686645508,21.2450008392334,4136800,13.83760929107666
ETN,ETN,2009-07-07,21.155000686645508,21.260000228881836,20.454999923706055,20.479999542236328,4804400,13.339339256286621
ETN,ETN,2009-07-08,20.520000457763672,20.684999465942383,20.209999084472656,20.489999771118164,4067200,13.34585189819336
ETN,ETN,2009-07-09,20.59000015258789,20.665000915527344,20.30500030517578,20.40999984741211,3211000,13.293746948242188
ETN,ETN,2009-07-10,20.31999969482422,20.584999084472656,20.139999389648438,20.469999313354492,3049800,13.3328218460083
ETN,ETN,2009-07-13,20.594999313354492,21.06999969482422,20.290000915527344,21.065000534057617,3427000,13.720370292663574
ETN,ETN,2009-07-14,21.184999465942383,21.3700008392334,20.864999771118164,21.360000610351562,3115200,13.912513732910156
ETN,ETN,2009-07-15,21.579999923706055,22.350000381469727,21.56999969482422,22.19499969482422,3902400,14.456374168395996
ETN,ETN,2009-07-16,22.079999923706055,22.75,21.979999542236328,22.719999313354492,4172000,14.79832935333252
ETN,ETN,2009-07-17,22.639999389648438,22.739999771118164,22.290000915527344,22.475000381469727,5059400,14.638749122619629
ETN,ETN,2009-07-20,23.764999389648438,25.2450008392334,23.3700008392334,24.469999313354492,15665000,15.9381685256958
ETN,ETN,2009-07-21,24.825000762939453,25.0,24.145000457763672,24.4950008392334,7183000,15.954444885253906
ETN,ETN,2009-07-22,24.344999313354492,24.975000381469727,24.18000030517578,24.709999084472656,4926000,16.094484329223633
ETN,ETN,2009-07-23,24.75,25.440000534057617,24.645000457763672,25.309999465942383,5881000,16.485280990600586
ETN,ETN,2009-07-24,25.0,25.614999771118164,24.875,25.600000381469727,3780000,16.67418098449707
ETN,ETN,2009-07-27,25.610000610351562,26.489999771118164,25.510000228881836,26.19499969482422,7388400,17.061717987060547
ETN,ETN,2009-07-28,25.809999465942383,25.989999771118164,25.354999542236328,25.719999313354492,4263000,16.752338409423828
ETN,ETN,2009-07-29,25.5,25.649999618530273,25.09000015258789,25.424999237060547,4187400,16.56018829345703
ETN,ETN,2009-07-30,25.55500030517578,26.200000762939453,25.520000457763672,25.825000762939453,4644600,16.987762451171875
ETN,ETN,2009-07-31,25.885000228881836,26.25,25.885000228881836,25.959999084472656,2893600,17.07656478881836
ETN,ETN,2009-08-03,26.46500015258789,26.940000534057617,26.28499984741211,26.825000762939453,4712000,17.64556884765625
ETN,ETN,2009-08-04,26.825000762939453,27.190000534057617,26.579999923706055,26.959999084472656,2991600,17.734365463256836
ETN,ETN,2009-08-05,27.100000381469727,27.135000228881836,26.405000686645508,26.639999389648438,2746800,17.523868560791016
ETN,ETN,2009-08-06,26.69499969482422,26.915000915527344,26.469999313354492,26.56999969482422,1957200,17.477825164794922
ETN,ETN,2009-08-07,26.834999084472656,27.46500015258789,26.790000915527344,27.3799991607666,2875200,18.010650634765625
ETN,ETN,2009-08-10,27.34000015258789,27.5,27.049999237060547,27.34000015258789,1926600,17.984333038330078
ETN,ETN,2009-08-11,27.2549991607666,27.2549991607666,26.530000686645508,26.8799991607666,2679000,17.681743621826172
ETN,ETN,2009-08-12,27.0049991607666,27.80500030517578,26.979999542236328,27.524999618530273,2440400,18.106027603149414
ETN,ETN,2009-08-13,27.770000457763672,27.875,27.28499984741211,27.65999984741211,2042600,18.194835662841797
ETN,ETN,2009-08-14,27.71500015258789,27.875,26.790000915527344,27.05500030517578,2063400,17.796863555908203
ETN,ETN,2009-08-17,26.59000015258789,26.700000762939453,25.93000030517578,26.05500030517578,2328200,17.13905906677246
ETN,ETN,2009-08-18,26.110000610351562,26.809999465942383,26.05500030517578,26.7549991607666,2223000,17.599517822265625
ETN,ETN,2009-08-19,26.299999237060547,26.84000015258789,26.21500015258789,26.700000762939453,1236400,17.563335418701172
ETN,ETN,2009-08-20,26.815000534057617,26.985000610351562,26.6299991607666,26.924999237060547,1433200,17.71134376525879
ETN,ETN,2009-08-21,27.104999542236328,27.7450008392334,26.780000686645508,27.684999465942383,2711800,18.211280822753906
ETN,ETN,2009-08-24,27.735000610351562,27.969999313354492,27.43000030517578,27.530000686645508,1487800,18.10932159423828
ETN,ETN,2009-08-25,27.7450008392334,28.229999542236328,27.625,27.889999389648438,2172800,18.34613037109375
ETN,ETN,2009-08-26,27.864999771118164,27.8799991607666,27.440000534057617,27.684999465942383,1805200,18.211280822753906
ETN,ETN,2009-08-27,27.625,27.850000381469727,27.18000030517578,27.770000457763672,1413400,18.267187118530273
ETN,ETN,2009-08-28,28.020000457763672,28.06999969482422,27.270000457763672,27.405000686645508,2967800,18.027084350585938
ETN,ETN,2009-08-31,27.145000457763672,27.18000030517578,26.684999465942383,26.975000381469727,2557200,17.744232177734375
ETN,ETN,2009-09-01,26.84000015258789,27.639999389648438,26.450000762939453,26.549999237060547,3001000,17.464670181274414
ETN,ETN,2009-09-02,26.614999771118164,26.614999771118164,26.200000762939453,26.395000457763672,2533600,17.362716674804688
ETN,ETN,2009-09-03,26.469999313354492,26.850000381469727,26.165000915527344,26.834999084472656,2167200,17.65213966369629
ETN,ETN,2009-09-04,26.8700008392334,27.2450008392334,26.614999771118164,27.219999313354492,1357000,17.9054012298584
ETN,ETN,2009-09-08,27.530000686645508,27.665000915527344,27.309999465942383,27.514999389648438,2055800,18.099449157714844
ETN,ETN,2009-09-09,27.405000686645508,28.389999389648438,27.385000228881836,28.21500015258789,2787600,18.55991554260254
ETN,ETN,2009-09-10,28.15999984741211,28.65999984741211,27.905000686645508,28.6299991607666,3008000,18.83289337158203
ETN,ETN,2009-09-11,28.665000915527344,29.274999618530273,28.56999969482422,29.030000686645508,3720800,19.09601593017578
ETN,ETN,2009-09-14,28.80500030517578,29.184999465942383,28.545000076293945,28.924999237060547,3215000,19.026945114135742
ETN,ETN,2009-09-15,29.104999542236328,29.635000228881836,28.649999618530273,29.540000915527344,4140600,19.431507110595703
ETN,ETN,2009-09-16,29.75,30.094999313354492,29.299999237060547,30.040000915527344,3124400,19.760406494140625
ETN,ETN,2009-09-17,29.8799991607666,30.325000762939453,29.790000915527344,29.969999313354492,4186000,19.71434783935547
ETN,ETN,2009-09-18,30.18000030517578,30.21500015258789,29.459999084472656,29.8799991607666,4798800,19.655155181884766
ETN,ETN,2009-09-21,29.540000915527344,29.584999084472656,29.15999984741211,29.264999389648438,3398400,19.250606536865234
ETN,ETN,2009-09-22,29.405000686645508,29.540000915527344,29.065000534057617,29.260000228881836,1938600,19.2473201751709
ETN,ETN,2009-09-23,29.3799991607666,29.520000457763672,28.875,28.934999465942383,1897800,19.03352928161621
ETN,ETN,2009-09-24,28.96500015258789,29.15999984741211,28.325000762939453,28.469999313354492,1651800,18.727649688720703
ETN,ETN,2009-09-25,28.385000228881836,28.479999542236328,28.059999465942383,28.200000762939453,1792800,18.550048828125
ETN,ETN,2009-09-28,28.315000534057617,28.594999313354492,28.25,28.489999771118164,1862000,18.740798950195312
ETN,ETN,2009-09-29,29.045000076293945,29.440000534057617,28.700000762939453,28.75,3680800,18.911832809448242
ETN,ETN,2009-09-30,28.69499969482422,28.8700008392334,27.969999313354492,28.295000076293945,3810200,18.612537384033203
ETN,ETN,2009-10-01,27.770000457763672,28.280000686645508,27.274999618530273,27.459999084472656,4800400,18.06326675415039
ETN,ETN,2009-10-02,27.170000076293945,27.450000762939453,26.975000381469727,27.030000686645508,2988600,17.780418395996094
ETN,ETN,2009-10-05,27.104999542236328,27.625,27.104999542236328,27.600000381469727,2290200,18.155363082885742
ETN,ETN,2009-10-06,27.875,28.065000534057617,27.395000457763672,27.700000762939453,3313800,18.221145629882812
ETN,ETN,2009-10-07,27.649999618530273,27.940000534057617,27.450000762939453,27.940000534057617,2950400,18.379013061523438
ETN,ETN,2009-10-08,28.295000076293945,28.575000762939453,28.110000610351562,28.350000381469727,3421200,18.648714065551758
ETN,ETN,2009-10-09,28.454999923706055,28.68000030517578,28.229999542236328,28.68000030517578,1498000,18.865785598754883
ETN,ETN,2009-10-12,28.735000610351562,28.969999313354492,28.71500015258789,28.81999969482422,1640000,18.957876205444336
ETN,ETN,2009-10-13,28.614999771118164,28.850000381469727,28.309999465942383,28.7450008392334,1632000,18.908554077148438
ETN,ETN,2009-10-14,29.010000228881836,29.854999542236328,29.010000228881836,29.81999969482422,2718200,19.615680694580078
ETN,ETN,2009-10-15,29.649999618530273,30.114999771118164,29.524999618530273,30.094999313354492,3381200,19.796579360961914
ETN,ETN,2009-10-16,29.825000762939453,30.350000381469727,29.6200008392334,30.209999084472656,4606600,19.872222900390625
ETN,ETN,2009-10-19,31.78499984741211,32.65999984741211,31.264999389648438,31.94499969482422,11795000,21.01351547241211
ETN,ETN,2009-10-20,32.09000015258789,32.5,31.790000915527344,31.954999923706055,4537200,21.020103454589844
ETN,ETN,2009-10-21,31.905000686645508,32.85499954223633,31.780000686645508,31.895000457763672,5878800,20.98062515258789
ETN,ETN,2009-10-22,31.895000457763672,32.04499816894531,31.25,31.915000915527344,3538800,20.993785858154297
ETN,ETN,2009-10-23,32.064998626708984,32.130001068115234,31.440000534057617,31.549999237060547,2284200,20.753679275512695
ETN,ETN,2009-10-26,31.610000610351562,32.060001373291016,31.010000228881836,31.139999389648438,2788000,20.483985900878906
ETN,ETN,2009-10-27,31.114999771118164,31.5,30.709999084472656,30.844999313354492,2251600,20.289934158325195
ETN,ETN,2009-10-28,30.665000915527344,30.989999771118164,30.014999389648438,30.100000381469727,2779400,19.79987335205078
ETN,ETN,2009-10-29,30.219999313354492,31.014999389648438,30.170000076293945,30.985000610351562,2705000,20.38202476501465
ETN,ETN,2009-10-30,30.954999923706055,31.100000381469727,30.024999618530273,30.225000381469727,4440800,19.882089614868164
ETN,ETN,2009-11-02,30.264999389648438,31.0,30.204999923706055,30.815000534057617,4365800,20.27019500732422
ETN,ETN,2009-11-03,30.5,32.08000183105469,30.5,31.56999969482422,6512600,20.76683807373047
ETN,ETN,2009-11-04,31.9950008392334,32.15999984741211,31.3700008392334,31.44499969482422,3247600,20.684614181518555
ETN,ETN,2009-11-05,31.354999542236328,32.43000030517578,31.354999542236328,32.2599983215332,3787200,21.390790939331055
ETN,ETN,2009-11-06,32.21500015258789,32.595001220703125,31.90999984741211,32.154998779296875,3391400,21.3211669921875
ETN,ETN,2009-11-09,32.459999084472656,32.71500015258789,32.3650016784668,32.494998931884766,4260600,21.546611785888672
ETN,ETN,2009-11-10,32.29999923706055,32.95500183105469,32.29999923706055,32.80500030517578,4749000,21.75217056274414
ETN,ETN,2009-11-11,32.880001068115234,33.16999816894531,32.380001068115234,32.5099983215332,3412600,21.556556701660156
ETN,ETN,2009-11-12,32.560001373291016,32.93000030517578,32.165000915527344,32.255001068115234,4121000,21.387474060058594
ETN,ETN,2009-11-13,32.334999084472656,32.5,32.10499954223633,32.26499938964844,2740000,21.394100189208984
ETN,ETN,2009-11-16,32.42499923706055,33.529998779296875,32.42499923706055,32.994998931884766,5980200,21.878150939941406
ETN,ETN,2009-11-17,32.630001068115234,32.790000915527344,32.14500045776367,32.29999923706055,4427000,21.417306900024414
ETN,ETN,2009-11-18,32.310001373291016,32.5099983215332,31.709999084472656,31.920000076293945,5391800,21.165348052978516
ETN,ETN,2009-11-19,31.809999465942383,31.809999465942383,31.219999313354492,31.600000381469727,4338200,20.953166961669922
ETN,ETN,2009-11-20,31.514999389648438,31.75,31.385000228881836,31.594999313354492,3589800,20.949848175048828
ETN,ETN,2009-11-23,32.03499984741211,32.83000183105469,32.005001068115234,32.2599983215332,4666600,21.390790939331055
ETN,ETN,2009-11-24,32.154998779296875,32.47999954223633,31.799999237060547,31.975000381469727,3728600,21.201812744140625
ETN,ETN,2009-11-25,32.09000015258789,32.80500030517578,31.8799991607666,32.70500183105469,2779400,21.685863494873047
ETN,ETN,2009-11-27,31.719999313354492,32.60499954223633,31.5,32.1349983215332,1853400,21.307905197143555
ETN,ETN,2009-11-30,31.825000762939453,32.119998931884766,31.434999465942383,31.950000762939453,2878600,21.185243606567383
ETN,ETN,2009-12-01,32.26499938964844,32.880001068115234,31.950000762939453,32.71500015258789,3351800,21.692487716674805
ETN,ETN,2009-12-02,32.755001068115234,32.79999923706055,32.23500061035156,32.33000183105469,2850800,21.437204360961914
ETN,ETN,2009-12-03,32.5,32.845001220703125,32.279998779296875,32.310001373291016,2228400,21.42394256591797
ETN,ETN,2009-12-04,32.69499969482422,33.19499969482422,32.42499923706055,33.10499954223633,3707600,21.95108985900879
ETN,ETN,2009-12-07,33.20000076293945,33.244998931884766,32.564998626708984,32.630001068115234,3197200,21.636125564575195
ETN,ETN,2009-12-08,32.33000183105469,32.400001525878906,31.834999084472656,32.029998779296875,2463200,21.238283157348633
ETN,ETN,2009-12-09,32.2400016784668,32.279998779296875,31.69499969482422,32.029998779296875,2540800,21.238283157348633
ETN,ETN,2009-12-10,32.209999084472656,32.3849983215332,32.07500076293945,32.19499969482422,2072200,21.34769058227539
ETN,ETN,2009-12-11,32.494998931884766,32.505001068115234,32.07500076293945,32.23500061035156,1934800,21.374216079711914
ETN,ETN,2009-12-14,32.3650016784668,32.8650016784668,32.314998626708984,32.8650016784668,1945600,21.791950225830078
ETN,ETN,2009-12-15,32.810001373291016,33.0,32.685001373291016,32.814998626708984,1962000,21.758792877197266
ETN,ETN,2009-12-16,32.915000915527344,33.03499984741211,32.619998931884766,32.779998779296875,2127800,21.735593795776367
ETN,ETN,2009-12-17,32.459999084472656,32.459999084472656,32.0,32.029998779296875,1644600,21.238283157348633
ETN,ETN,2009-12-18,32.375,32.375,31.53499984741211,31.635000228881836,3832400,20.976369857788086
ETN,ETN,2009-12-21,31.959999084472656,32.119998931884766,31.8700008392334,31.9950008392334,1969400,21.21507453918457
ETN,ETN,2009-12-22,31.954999923706055,32.189998626708984,31.81999969482422,31.9950008392334,1543200,21.21507453918457
ETN,ETN,2009-12-23,32.0,32.1150016784668,31.71500015258789,31.899999618530273,1458000,21.152084350585938
ETN,ETN,2009-12-24,32.099998474121094,32.28499984741211,31.90999984741211,32.244998931884766,366200,21.38083839416504
ETN,ETN,2009-12-28,32.20000076293945,32.310001373291016,31.915000915527344,32.02000045776367,981400,21.231653213500977
ETN,ETN,2009-12-29,32.03499984741211,32.125,31.915000915527344,32.01499938964844,1165400,21.22833824157715
ETN,ETN,2009-12-30,31.850000381469727,32.14500045776367,31.725000381469727,32.040000915527344,1348000,21.24491310119629
ETN,ETN,2009-12-31,32.0,32.025001525878906,31.795000076293945,31.809999465942383,1685400,21.092403411865234
ETN,ETN,2010-01-04,32.10499954223633,32.56999969482422,31.940000534057617,32.15999984741211,2347600,21.324480056762695
ETN,ETN,2010-01-05,32.224998474121094,32.224998474121094,31.614999771118164,31.969999313354492,2946600,21.19849967956543
ETN,ETN,2010-01-06,31.774999618530273,32.005001068115234,31.540000915527344,31.829999923706055,4188000,21.105667114257812
ETN,ETN,2010-01-07,31.684999465942383,32.31999969482422,31.614999771118164,32.29999923706055,2993000,21.417306900024414
ETN,ETN,2010-01-08,32.10499954223633,33.04499816894531,31.96500015258789,33.025001525878906,2767800,21.89805030822754
ETN,ETN,2010-01-11,33.060001373291016,34.650001525878906,33.060001373291016,34.53499984741211,5802400,22.899274826049805
ETN,ETN,2010-01-12,34.22999954223633,34.775001525878906,33.98500061035156,34.095001220703125,3668000,22.607532501220703
ETN,ETN,2010-01-13,34.130001068115234,34.5,33.8650016784668,34.44499969482422,3168800,22.839601516723633
ETN,ETN,2010-01-14,34.31999969482422,34.69499969482422,34.25,34.505001068115234,2061600,22.879390716552734
ETN,ETN,2010-01-15,34.51499938964844,34.560001373291016,33.845001220703125,33.875,3069600,22.461654663085938
ETN,ETN,2010-01-19,34.03499984741211,35.07500076293945,34.03499984741211,34.900001525878906,4371000,23.14130401611328
ETN,ETN,2010-01-20,34.3849983215332,34.529998779296875,33.8650016784668,34.19499969482422,2905400,22.673839569091797
ETN,ETN,2010-01-21,34.06999969482422,34.39500045776367,33.2400016784668,33.369998931884766,3435400,22.126802444458008
ETN,ETN,2010-01-22,33.314998626708984,33.560001373291016,32.84000015258789,32.939998626708984,3770800,21.841672897338867
ETN,ETN,2010-01-25,33.96500015258789,34.0,32.244998931884766,32.290000915527344,8600000,21.410682678222656
ETN,ETN,2010-01-26,32.43000030517578,32.619998931884766,31.790000915527344,32.064998626708984,4987800,21.261493682861328
ETN,ETN,2010-01-27,32.060001373291016,32.22999954223633,30.954999923706055,31.65999984741211,6130600,20.992948532104492
ETN,ETN,2010-01-28,31.854999542236328,31.854999542236328,31.0,31.264999389648438,3246200,20.73103141784668
ETN,ETN,2010-01-29,31.399999618530273,31.59000015258789,30.545000076293945,30.6200008392334,4108200,20.3033504486084
ETN,ETN,2010-02-01,30.81999969482422,32.224998474121094,30.739999771118164,32.185001373291016,5801000,21.34105682373047
ETN,ETN,2010-02-02,32.099998474121094,32.61000061035156,32.040000915527344,32.57500076293945,3712200,21.599658966064453
ETN,ETN,2010-02-03,32.47999954223633,32.869998931884766,32.310001373291016,32.3849983215332,2241000,21.473670959472656
ETN,ETN,2010-02-04,31.84000015258789,31.84000015258789,30.905000686645508,30.959999084472656,3923600,20.688493728637695
ETN,ETN,2010-02-05,30.899999618530273,31.225000381469727,30.415000915527344,31.0,4306800,20.715225219726562
ETN,ETN,2010-02-08,31.104999542236328,31.600000381469727,30.825000762939453,30.989999771118164,4362000,20.70854377746582
ETN,ETN,2010-02-09,31.375,32.20500183105469,31.065000534057617,31.93000030517578,5204800,21.336687088012695
ETN,ETN,2010-02-10,31.96500015258789,32.1150016784668,31.454999923706055,31.764999389648438,2352800,21.22643280029297
ETN,ETN,2010-02-11,31.739999771118164,32.45500183105469,31.5,32.41999816894531,2612800,21.66412353515625
ETN,ETN,2010-02-12,31.979999542236328,32.61000061035156,31.635000228881836,32.5099983215332,3581800,21.724260330200195
ETN,ETN,2010-02-16,32.90999984741211,33.3849983215332,32.470001220703125,33.31999969482422,3749800,22.26552963256836
ETN,ETN,2010-02-17,33.43000030517578,33.709999084472656,33.064998626708984,33.52000045776367,3524400,22.399173736572266
ETN,ETN,2010-02-18,33.4900016784668,33.90999984741211,33.44499969482422,33.80500030517578,2185400,22.589618682861328
ETN,ETN,2010-02-19,33.73500061035156,34.0099983215332,33.56999969482422,33.86000061035156,3417800,22.62637710571289
ETN,ETN,2010-02-22,34.03499984741211,34.03499984741211,33.60499954223633,33.71500015258789,2425000,22.52948570251465
ETN,ETN,2010-02-23,33.654998779296875,33.86000061035156,33.060001373291016,33.185001373291016,2576600,22.17531967163086
ETN,ETN,2010-02-24,33.21500015258789,33.52000045776367,33.11000061035156,33.404998779296875,2153800,22.32233238220215
ETN,ETN,2010-02-25,32.71500015258789,33.52000045776367,32.290000915527344,33.474998474121094,4099600,22.36910629272461
ETN,ETN,2010-02-26,33.900001525878906,34.650001525878906,33.564998626708984,34.060001373291016,4776200,22.76003646850586
ETN,ETN,2010-03-01,34.06999969482422,35.0,34.04499816894531,35.0,3980800,23.388158798217773
ETN,ETN,2010-03-02,35.224998474121094,35.345001220703125,34.904998779296875,35.0099983215332,2890000,23.394838333129883
ETN,ETN,2010-03-03,35.92499923706055,36.290000915527344,35.5,35.77000045776367,4761000,23.902694702148438
ETN,ETN,2010-03-04,35.82500076293945,36.125,35.47999954223633,35.77000045776367,4145400,23.902694702148438
ETN,ETN,2010-03-05,36.31999969482422,36.67499923706055,36.064998626708984,36.56999969482422,3531800,24.43729019165039
ETN,ETN,2010-03-08,36.650001525878906,36.689998626708984,36.20500183105469,36.29999923706055,1560200,24.256866455078125
ETN,ETN,2010-03-09,36.20500183105469,36.38999938964844,36.005001068115234,36.209999084472656,2566200,24.19672203063965
ETN,ETN,2010-03-10,36.38999938964844,36.404998779296875,35.95500183105469,36.22999954223633,3627000,24.210092544555664
ETN,ETN,2010-03-11,36.165000915527344,36.27000045776367,35.650001525878906,36.27000045776367,3032400,24.236814498901367
ETN,ETN,2010-03-12,36.5099983215332,37.209999084472656,36.5099983215332,37.209999084472656,4880600,24.864953994750977
ETN,ETN,2010-03-15,37.224998474121094,37.314998626708984,36.625,36.97999954223633,2474200,24.71126365661621
ETN,ETN,2010-03-16,37.060001373291016,37.36000061035156,36.94499969482422,37.28499984741211,1813600,24.915075302124023
ETN,ETN,2010-03-17,37.349998474121094,37.8650016784668,37.19499969482422,37.45000076293945,2647400,25.02533531188965
ETN,ETN,2010-03-18,37.42499923706055,37.71500015258789,37.290000915527344,37.54999923706055,1321600,25.092164993286133
ETN,ETN,2010-03-19,37.07500076293945,37.98500061035156,36.970001220703125,37.07500076293945,4379800,24.77473258972168
ETN,ETN,2010-03-22,36.779998779296875,37.92499923706055,36.720001220703125,37.83000183105469,3088200,25.279268264770508
ETN,ETN,2010-03-23,37.96500015258789,38.20500183105469,37.619998931884766,38.15999984741211,2794000,25.49977684020996
ETN,ETN,2010-03-24,38.13999938964844,38.13999938964844,37.369998931884766,37.40999984741211,2633200,24.99860191345215
ETN,ETN,2010-03-25,37.7599983215332,37.869998931884766,37.16999816894531,37.22999954223633,3442000,24.87831687927246
ETN,ETN,2010-03-26,37.31999969482422,37.650001525878906,37.03499984741211,37.28499984741211,2515800,24.915075302124023
ETN,ETN,2010-03-29,37.42499923706055,38.10499954223633,37.42499923706055,38.04499816894531,2686200,25.422929763793945
ETN,ETN,2010-03-30,38.165000915527344,38.470001220703125,38.01499938964844,38.209999084472656,2243200,25.533193588256836
ETN,ETN,2010-03-31,38.16999816894531,38.25,37.76499938964844,37.8849983215332,2522400,25.316017150878906
ETN,ETN,2010-04-01,38.10499954223633,38.435001373291016,37.84000015258789,38.025001525878906,2888600,25.40956687927246
ETN,ETN,2010-04-05,38.05500030517578,38.654998779296875,38.05500030517578,38.44499969482422,2395800,25.690217971801758
ETN,ETN,2010-04-06,38.404998779296875,38.869998931884766,38.14500045776367,38.83000183105469,2558400,25.947490692138672
ETN,ETN,2010-04-07,38.63999938964844,39.435001373291016,38.63999938964844,39.220001220703125,6605000,26.20810890197754
ETN,ETN,2010-04-08,39.06999969482422,39.47999954223633,38.72999954223633,39.244998931884766,5373400,26.22480583190918
ETN,ETN,2010-04-09,39.349998474121094,40.334999084472656,39.349998474121094,40.10499954223633,5263000,26.799497604370117
ETN,ETN,2010-04-12,40.10499954223633,40.45500183105469,39.875,39.96500015258789,4460800,26.705942153930664
ETN,ETN,2010-04-13,39.775001525878906,39.89500045776367,39.35499954223633,39.689998626708984,4362200,26.522174835205078
ETN,ETN,2010-04-14,39.900001525878906,40.02000045776367,39.560001373291016,39.95500183105469,3438000,26.699254989624023
ETN,ETN,2010-04-15,39.95000076293945,40.599998474121094,39.834999084472656,40.15999984741211,3450600,26.83625030517578
ETN,ETN,2010-04-16,40.13999938964844,40.32500076293945,39.2599983215332,39.69499969482422,2930000,26.525510787963867
ETN,ETN,2010-04-19,39.41999816894531,39.81999969482422,38.564998626708984,39.57500076293945,5345200,26.445337295532227
ETN,ETN,2010-04-20,40.564998626708984,40.88999938964844,38.959999084472656,39.154998779296875,9405800,26.164653778076172
ETN,ETN,2010-04-21,39.334999084472656,39.595001220703125,38.65999984741211,39.04499816894531,4731600,26.09116554260254
ETN,ETN,2010-04-22,38.79499816894531,39.470001220703125,38.20000076293945,39.36000061035156,5609200,26.30166244506836
ETN,ETN,2010-04-23,39.45500183105469,39.69499969482422,39.209999084472656,39.60499954223633,3185600,26.465375900268555
ETN,ETN,2010-04-26,39.779998779296875,39.939998626708984,39.3650016784668,39.41999816894531,3644600,26.341745376586914
ETN,ETN,2010-04-27,39.275001525878906,39.775001525878906,38.3849983215332,38.52000045776367,3830600,25.740341186523438
ETN,ETN,2010-04-28,38.82500076293945,38.849998474121094,38.314998626708984,38.55500030517578,3523000,25.763731002807617
ETN,ETN,2010-04-29,38.91999816894531,39.51499938964844,38.7599983215332,39.505001068115234,5681600,26.3985652923584
ETN,ETN,2010-04-30,39.47999954223633,39.56999969482422,38.560001373291016,38.58000183105469,7803400,25.780445098876953
ETN,ETN,2010-05-03,38.94499969482422,39.54499816894531,38.58000183105469,39.22999954223633,4200000,26.21478843688965
ETN,ETN,2010-05-04,38.6349983215332,38.6349983215332,37.21500015258789,37.45000076293945,5786000,25.02533531188965
ETN,ETN,2010-05-05,36.970001220703125,37.70500183105469,36.290000915527344,37.5099983215332,6049600,25.065427780151367
ETN,ETN,2010-05-06,37.334999084472656,37.46500015258789,33.1349983215332,35.619998931884766,6323600,23.962169647216797
ETN,ETN,2010-05-07,35.439998626708984,35.709999084472656,34.14500045776367,35.125,7921000,23.62917709350586
ETN,ETN,2010-05-10,37.22999954223633,37.55500030517578,36.84000015258789,37.40999984741211,4815200,25.16634178161621
ETN,ETN,2010-05-11,36.900001525878906,37.875,36.869998931884766,37.5099983215332,4191000,25.23360824584961
ETN,ETN,2010-05-12,37.66999816894531,38.6349983215332,37.66999816894531,38.5,3307000,25.89960479736328
ETN,ETN,2010-05-13,38.30500030517578,38.7599983215332,37.95000076293945,38.08000183105469,2428600,25.61705207824707
ETN,ETN,2010-05-14,37.650001525878906,37.80500030517578,36.56999969482422,36.959999084472656,3256800,24.86360740661621
ETN,ETN,2010-05-17,37.21500015258789,37.459999084472656,36.060001373291016,36.92499923706055,3441000,24.840072631835938
ETN,ETN,2010-05-18,37.314998626708984,37.880001068115234,36.09000015258789,36.30500030517578,3739400,24.422985076904297
ETN,ETN,2010-05-19,35.88999938964844,36.0,34.470001220703125,35.185001373291016,5288800,23.669540405273438
ETN,ETN,2010-05-20,34.119998931884766,34.75,33.619998931884766,33.79499816894531,5303600,22.73446273803711
ETN,ETN,2010-05-21,33.01499938964844,34.70000076293945,33.0,34.65999984741211,7544800,23.316368103027344
ETN,ETN,2010-05-24,34.51499938964844,34.810001373291016,34.30500030517578,34.53499984741211,5071600,23.232267379760742
ETN,ETN,2010-05-25,33.6349983215332,34.474998474121094,33.084999084472656,34.44499969482422,6558200,23.17172622680664
ETN,ETN,2010-05-26,34.84000015258789,35.345001220703125,34.0099983215332,34.1349983215332,5098400,22.963180541992188
ETN,ETN,2010-05-27,34.91999816894531,35.26499938964844,34.540000915527344,35.244998931884766,4410000,23.70990753173828
ETN,ETN,2010-05-28,35.849998474121094,35.849998474121094,34.689998626708984,34.974998474121094,4009800,23.52826499938965
ETN,ETN,2010-06-01,34.64500045776367,35.349998474121094,34.005001068115234,34.060001373291016,2962200,22.91272735595703
ETN,ETN,2010-06-02,34.20500183105469,35.36000061035156,34.040000915527344,35.31999969482422,3372400,23.760353088378906
ETN,ETN,2010-06-03,35.2599983215332,35.88999938964844,35.2599983215332,35.81999969482422,3143400,24.09671974182129
ETN,ETN,2010-06-04,34.85499954223633,35.09000015258789,33.43000030517578,33.59000015258789,3341800,22.5965576171875
ETN,ETN,2010-06-07,33.59000015258789,33.82500076293945,33.084999084472656,33.209999084472656,5194400,22.340923309326172
ETN,ETN,2010-06-08,33.29999923706055,33.80500030517578,33.17499923706055,33.73500061035156,5563400,22.694101333618164
ETN,ETN,2010-06-09,33.91999816894531,34.7599983215332,33.45000076293945,33.60499954223633,3108200,22.606647491455078
ETN,ETN,2010-06-10,34.314998626708984,35.48500061035156,34.314998626708984,35.43000030517578,3838800,23.834354400634766
ETN,ETN,2010-06-11,34.935001373291016,35.64500045776367,34.7599983215332,35.26499938964844,2554400,23.723350524902344
ETN,ETN,2010-06-14,35.650001525878906,36.290000915527344,35.57500076293945,35.70000076293945,3060000,24.0159969329834
ETN,ETN,2010-06-15,35.935001373291016,37.28499984741211,35.935001373291016,37.224998474121094,3815200,25.041881561279297
ETN,ETN,2010-06-16,36.96500015258789,37.380001068115234,36.54999923706055,36.779998779296875,2947600,24.742528915405273
ETN,ETN,2010-06-17,37.154998779296875,37.154998779296875,36.345001220703125,37.099998474121094,2952800,24.95779037475586
ETN,ETN,2010-06-18,37.084999084472656,37.345001220703125,36.84000015258789,37.15999984741211,2874200,24.998153686523438
ETN,ETN,2010-06-21,37.57500076293945,38.14500045776367,36.89500045776367,37.15999984741211,2770000,24.998153686523438
ETN,ETN,2010-06-22,37.15999984741211,37.42499923706055,35.69499969482422,35.790000915527344,3006200,24.076536178588867
ETN,ETN,2010-06-23,35.7599983215332,35.845001220703125,34.904998779296875,35.53499984741211,3034400,23.90499496459961
ETN,ETN,2010-06-24,35.3849983215332,35.540000915527344,34.625,34.709999084472656,2085600,23.350000381469727
ETN,ETN,2010-06-25,34.77000045776367,35.19499969482422,34.310001373291016,35.099998474121094,4234800,23.612361907958984
ETN,ETN,2010-06-28,35.36000061035156,35.36000061035156,34.560001373291016,34.6150016784668,2996400,23.286087036132812
ETN,ETN,2010-06-29,33.80500030517578,34.060001373291016,32.689998626708984,32.994998931884766,4434000,22.196290969848633
ETN,ETN,2010-06-30,32.904998779296875,33.584999084472656,32.654998779296875,32.720001220703125,6160200,22.011295318603516
ETN,ETN,2010-07-01,32.64500045776367,32.78499984741211,31.864999771118164,32.279998779296875,4869600,21.715290069580078
ETN,ETN,2010-07-02,32.43000030517578,32.73500061035156,31.68000030517578,31.850000381469727,4042200,21.4260311126709
ETN,ETN,2010-07-06,32.599998474121094,32.71500015258789,31.475000381469727,31.790000915527344,3380000,21.385663986206055
ETN,ETN,2010-07-07,31.950000762939453,32.88999938964844,31.764999389648438,32.880001068115234,3589200,22.118927001953125
ETN,ETN,2010-07-08,33.13999938964844,33.404998779296875,32.720001220703125,33.275001525878906,2571000,22.384654998779297
ETN,ETN,2010-07-09,33.369998931884766,33.77000045776367,33.185001373291016,33.75,1697600,22.70419692993164
ETN,ETN,2010-07-12,33.54999923706055,33.65999984741211,33.125,33.29999923706055,3168000,22.401473999023438
ETN,ETN,2010-07-13,33.79499816894531,34.439998626708984,33.744998931884766,34.2599983215332,3032600,23.047273635864258
ETN,ETN,2010-07-14,34.060001373291016,34.47999954223633,33.83000183105469,34.349998474121094,2870800,23.107824325561523
ETN,ETN,2010-07-15,34.39500045776367,34.540000915527344,33.85499954223633,34.474998474121094,3340600,23.191911697387695
ETN,ETN,2010-07-16,34.1150016784668,34.40999984741211,33.47999954223633,33.599998474121094,3232800,22.603281021118164
ETN,ETN,2010-07-19,33.70000076293945,33.91999816894531,33.1349983215332,33.755001068115234,2183600,22.707563400268555
ETN,ETN,2010-07-20,33.150001525878906,34.6150016784668,33.04999923706055,34.529998779296875,3304200,23.228910446166992
ETN,ETN,2010-07-21,36.130001068115234,36.994998931884766,35.75,36.56999969482422,9396800,24.601259231567383
ETN,ETN,2010-07-22,37.220001220703125,37.810001373291016,36.849998474121094,37.375,6797000,25.142797470092773
ETN,ETN,2010-07-23,37.29999923706055,38.73500061035156,37.14500045776367,38.6150016784668,5592800,25.97695541381836
ETN,ETN,2010-07-26,38.8849983215332,39.125,38.22999954223633,38.709999084472656,5382600,26.040863037109375
ETN,ETN,2010-07-27,39.05500030517578,39.125,38.560001373291016,38.79499816894531,4448400,26.09804916381836
ETN,ETN,2010-07-28,38.79499816894531,39.279998779296875,38.279998779296875,38.529998779296875,4298800,25.919767379760742
ETN,ETN,2010-07-29,38.92499923706055,39.099998474121094,38.064998626708984,38.724998474121094,3270600,26.05097198486328
ETN,ETN,2010-07-30,38.07500076293945,39.45000076293945,37.915000915527344,39.22999954223633,4328800,26.39068031311035
ETN,ETN,2010-08-02,39.970001220703125,39.9900016784668,39.3849983215332,39.82500076293945,3974800,26.79093360900879
ETN,ETN,2010-08-03,39.869998931884766,39.939998626708984,39.29999923706055,39.70000076293945,3667000,26.706859588623047
ETN,ETN,2010-08-04,39.7400016784668,40.375,39.70000076293945,40.32500076293945,2983800,27.12729835510254
ETN,ETN,2010-08-05,39.904998779296875,39.94499969482422,39.53499984741211,39.875,3534000,27.018898010253906
ETN,ETN,2010-08-06,39.57500076293945,39.81999969482422,38.939998626708984,39.57500076293945,2627400,26.81561279296875
ETN,ETN,2010-08-09,39.9900016784668,39.9900016784668,39.380001068115234,39.560001373291016,1789000,26.805444717407227
ETN,ETN,2010-08-10,39.15999984741211,39.79999923706055,38.97999954223633,39.53499984741211,3928600,26.788501739501953
ETN,ETN,2010-08-11,38.970001220703125,38.970001220703125,38.16999816894531,38.224998474121094,4338000,25.900863647460938
ETN,ETN,2010-08-12,37.45000076293945,38.08000183105469,37.26499938964844,37.84000015258789,3080400,25.640005111694336
ETN,ETN,2010-08-13,37.599998474121094,37.98500061035156,37.5,37.6349983215332,1835000,25.50109100341797
ETN,ETN,2010-08-16,37.41999816894531,38.0099983215332,36.970001220703125,37.70500183105469,1752800,25.548524856567383
ETN,ETN,2010-08-17,38.130001068115234,38.91999816894531,38.130001068115234,38.380001068115234,2687600,26.005889892578125
ETN,ETN,2010-08-18,38.39500045776367,38.46500015258789,37.720001220703125,37.72999954223633,4129600,25.565458297729492
ETN,ETN,2010-08-19,37.529998779296875,37.77000045776367,36.529998779296875,36.689998626708984,4007400,24.860761642456055
ETN,ETN,2010-08-20,36.33000183105469,36.56999969482422,35.875,36.52000045776367,3063400,24.745582580566406
ETN,ETN,2010-08-23,36.650001525878906,36.775001525878906,36.1150016784668,36.244998931884766,3812200,24.559242248535156
ETN,ETN,2010-08-24,35.7400016784668,35.974998474121094,35.099998474121094,35.32500076293945,4620000,23.93585205078125
ETN,ETN,2010-08-25,35.005001068115234,35.32500076293945,34.529998779296875,34.98500061035156,4556400,23.705474853515625
ETN,ETN,2010-08-26,35.13999938964844,35.685001373291016,34.88999938964844,35.08000183105469,5152800,23.769847869873047
ETN,ETN,2010-08-27,35.39500045776367,36.06999969482422,35.03499984741211,35.93000030517578,3996600,24.34580421447754
ETN,ETN,2010-08-30,35.875,35.970001220703125,35.03499984741211,35.03499984741211,2085800,23.739351272583008
ETN,ETN,2010-08-31,34.76499938964844,35.13999938964844,34.3650016784668,34.7400016784668,3659600,23.539474487304688
ETN,ETN,2010-09-01,35.33000183105469,37.599998474121094,35.30500030517578,37.43000030517578,6994200,25.362178802490234
ETN,ETN,2010-09-02,37.435001373291016,38.029998779296875,37.27000045776367,38.029998779296875,3787000,25.76873016357422
ETN,ETN,2010-09-03,38.64500045776367,38.900001525878906,37.80500030517578,38.25,3920400,25.917804718017578
ETN,ETN,2010-09-07,37.880001068115234,38.15999984741211,37.654998779296875,37.685001373291016,2475600,25.534963607788086
ETN,ETN,2010-09-08,37.720001220703125,38.724998474121094,37.720001220703125,38.529998779296875,2811000,26.107528686523438
ETN,ETN,2010-09-09,38.93000030517578,39.0,38.470001220703125,38.654998779296875,3007800,26.192228317260742
ETN,ETN,2010-09-10,38.845001220703125,39.3650016784668,38.73500061035156,39.279998779296875,2404400,26.615711212158203
ETN,ETN,2010-09-13,39.45000076293945,40.33000183105469,39.45000076293945,40.095001220703125,4122600,27.167966842651367
ETN,ETN,2010-09-14,40.154998779296875,40.84000015258789,39.755001068115234,40.21500015258789,4415800,27.249267578125
ETN,ETN,2010-09-15,39.92499923706055,40.07500076293945,39.334999084472656,39.6150016784668,3497400,26.84271812438965
ETN,ETN,2010-09-16,39.31999969482422,40.1150016784668,39.29499816894531,39.86000061035156,2367200,27.00872230529785
ETN,ETN,2010-09-17,39.994998931884766,40.26499938964844,39.689998626708984,39.92499923706055,2493200,27.05275535583496
ETN,ETN,2010-09-20,40.17499923706055,40.75,39.96500015258789,40.6150016784668,2802400,27.520309448242188
ETN,ETN,2010-09-21,40.654998779296875,41.369998931884766,40.654998779296875,40.91999816894531,3722800,27.726980209350586
ETN,ETN,2010-09-22,40.744998931884766,41.154998779296875,40.290000915527344,40.56999969482422,4005000,27.48981285095215
ETN,ETN,2010-09-23,40.23500061035156,40.54499816894531,39.875,40.01499938964844,3299200,27.113746643066406
ETN,ETN,2010-09-24,40.6349983215332,41.42499923706055,40.6349983215332,41.209999084472656,2707800,27.923471450805664
ETN,ETN,2010-09-27,40.7599983215332,41.25,40.60499954223633,40.95500183105469,2150600,27.750696182250977
ETN,ETN,2010-09-28,41.125,41.314998626708984,40.415000915527344,41.2400016784668,3468200,27.94379997253418
ETN,ETN,2010-09-29,41.0,41.45000076293945,40.900001525878906,41.334999084472656,2735400,28.00817108154297
ETN,ETN,2010-09-30,41.70500183105469,42.16999816894531,41.040000915527344,41.244998931884766,3267400,27.947193145751953
ETN,ETN,2010-10-01,42.20500183105469,42.290000915527344,41.125,41.26499938964844,4228400,27.96072769165039
ETN,ETN,2010-10-04,41.154998779296875,41.39500045776367,40.54999923706055,40.64500045776367,2792400,27.540626525878906
ETN,ETN,2010-10-05,41.224998474121094,41.9900016784668,41.154998779296875,41.709999084472656,3880400,28.26226234436035
ETN,ETN,2010-10-06,41.650001525878906,41.95000076293945,41.18000030517578,41.54499816894531,2945200,28.150461196899414
ETN,ETN,2010-10-07,41.73500061035156,41.845001220703125,41.1349983215332,41.4900016784668,1802800,28.11321449279785
ETN,ETN,2010-10-08,41.56999969482422,41.790000915527344,41.29499816894531,41.60499954223633,2009000,28.191131591796875
ETN,ETN,2010-10-11,41.564998626708984,41.6150016784668,41.154998779296875,41.34000015258789,1694400,28.011558532714844
ETN,ETN,2010-10-12,41.30500030517578,41.48500061035156,40.48500061035156,41.39500045776367,2495000,28.048824310302734
ETN,ETN,2010-10-13,41.560001373291016,42.474998474121094,41.560001373291016,42.04499816894531,2870000,28.48926544189453
ETN,ETN,2010-10-14,42.04499816894531,42.20000076293945,41.60499954223633,41.81999969482422,1817200,28.336809158325195
ETN,ETN,2010-10-15,42.314998626708984,42.46500015258789,41.45000076293945,41.939998626708984,2149400,28.418106079101562
ETN,ETN,2010-10-18,41.79999923706055,42.21500015258789,41.650001525878906,42.150001525878906,2441600,28.560405731201172
ETN,ETN,2010-10-19,42.625,42.625,41.435001373291016,41.70500183105469,6074600,28.258886337280273
ETN,ETN,2010-10-20,42.599998474121094,43.47999954223633,41.57500076293945,43.40999984741211,6528800,29.414165496826172
ETN,ETN,2010-10-21,43.33000183105469,44.22999954223633,43.209999084472656,44.04499816894531,3861600,29.84444236755371
ETN,ETN,2010-10-22,44.21500015258789,44.25,43.71500015258789,43.935001373291016,2609600,29.769906997680664
ETN,ETN,2010-10-25,44.09000015258789,44.75,44.064998626708984,44.125,2977800,29.89864158630371
ETN,ETN,2010-10-26,43.82500076293945,43.89500045776367,43.35499954223633,43.76499938964844,2490400,29.65471839904785
ETN,ETN,2010-10-27,43.45500183105469,43.72999954223633,42.939998626708984,43.66999816894531,1687600,29.59033966064453
ETN,ETN,2010-10-28,44.11000061035156,44.19499969482422,43.56999969482422,44.029998779296875,2824800,29.83428192138672
ETN,ETN,2010-10-29,43.89500045776367,44.439998626708984,43.779998779296875,44.415000915527344,2859800,30.09514617919922
ETN,ETN,2010-11-01,44.625,44.95000076293945,43.939998626708984,44.23500061035156,2291000,29.973188400268555
ETN,ETN,2010-11-02,44.75,45.34000015258789,44.65999984741211,45.25,3309000,30.660926818847656
ETN,ETN,2010-11-03,45.27000045776367,45.974998474121094,45.165000915527344,45.85499954223633,4162400,31.070878982543945
ETN,ETN,2010-11-04,46.07500076293945,46.779998779296875,45.95000076293945,46.625,3806200,31.793691635131836
ETN,ETN,2010-11-05,45.779998779296875,47.01499938964844,45.779998779296875,46.939998626708984,3469400,32.008480072021484
ETN,ETN,2010-11-08,46.61000061035156,46.90999984741211,46.41999816894531,46.68000030517578,2386400,31.831192016601562
ETN,ETN,2010-11-09,46.849998474121094,46.939998626708984,46.314998626708984,46.57500076293945,2948600,31.75958824157715
ETN,ETN,2010-11-10,46.73500061035156,47.060001373291016,46.345001220703125,46.79999923706055,2357400,31.91303253173828
ETN,ETN,2010-11-11,46.334999084472656,47.07500076293945,46.334999084472656,47.05500030517578,2240800,32.086910247802734
ETN,ETN,2010-11-12,47.35499954223633,47.7400016784668,46.3849983215332,47.130001068115234,5821200,32.138065338134766
ETN,ETN,2010-11-15,47.150001525878906,47.65999984741211,46.775001525878906,47.099998474121094,3634800,32.11759567260742
ETN,ETN,2010-11-16,46.875,47.17499923706055,45.939998626708984,46.619998931884766,3533600,31.7902889251709
ETN,ETN,2010-11-17,46.70000076293945,46.83000183105469,46.04999923706055,46.21500015258789,3033200,31.514110565185547
ETN,ETN,2010-11-18,46.98500061035156,48.150001525878906,46.875,47.8849983215332,4666400,32.65288543701172
ETN,ETN,2010-11-19,48.095001220703125,48.25,47.685001373291016,48.2400016784668,3546800,32.89498519897461
ETN,ETN,2010-11-22,47.8650016784668,48.779998779296875,47.79999923706055,48.720001220703125,2489000,33.222267150878906
ETN,ETN,2010-11-23,48.025001525878906,48.314998626708984,47.3849983215332,47.904998779296875,3275000,32.666542053222656
ETN,ETN,2010-11-24,48.165000915527344,49.154998779296875,48.165000915527344,49.05500030517578,2788600,33.45072555541992
ETN,ETN,2010-11-26,48.584999084472656,49.16999816894531,48.5,48.994998931884766,1304200,33.4097900390625
ETN,ETN,2010-11-29,48.54999923706055,48.54999923706055,47.70000076293945,48.310001373291016,2998800,32.94269561767578
ETN,ETN,2010-11-30,47.68000030517578,48.42499923706055,47.52000045776367,48.20000076293945,2388400,32.8676872253418
ETN,ETN,2010-12-01,49.0,49.80500030517578,48.970001220703125,49.44499969482422,3028000,33.716651916503906
ETN,ETN,2010-12-02,49.34000015258789,50.0,49.20000076293945,49.875,3904000,34.009883880615234
ETN,ETN,2010-12-03,49.584999084472656,49.974998474121094,49.48500061035156,49.81999969482422,2112600,33.97236633300781
ETN,ETN,2010-12-06,49.60499954223633,50.0,49.43000030517578,49.875,1683200,34.009883880615234
ETN,ETN,2010-12-07,50.209999084472656,50.89500045776367,50.0,50.255001068115234,3729400,34.26898193359375
ETN,ETN,2010-12-08,50.38999938964844,50.43000030517578,49.619998931884766,49.834999084472656,2368000,33.98259353637695
ETN,ETN,2010-12-09,50.02000045776367,50.43000030517578,49.54999923706055,49.685001373291016,2458800,33.880306243896484
ETN,ETN,2010-12-10,49.90999984741211,50.0,49.43000030517578,49.45500183105469,3077400,33.723472595214844
ETN,ETN,2010-12-13,49.91999816894531,49.98500061035156,49.13999938964844,49.209999084472656,3501800,33.55640411376953
ETN,ETN,2010-12-14,49.19499969482422,49.72999954223633,49.150001525878906,49.45000076293945,2020200,33.72006607055664
ETN,ETN,2010-12-15,49.400001525878906,50.16999816894531,49.34000015258789,49.619998931884766,2664200,33.835994720458984
ETN,ETN,2010-12-16,50.07500076293945,50.630001068115234,49.685001373291016,50.45000076293945,3453800,34.401973724365234
ETN,ETN,2010-12-17,50.53499984741211,50.6150016784668,49.84000015258789,50.02000045776367,3734800,34.1087532043457
ETN,ETN,2010-12-20,50.26499938964844,50.619998931884766,49.61000061035156,50.51499938964844,3361200,34.44629669189453
ETN,ETN,2010-12-21,50.51499938964844,51.279998779296875,50.51499938964844,51.08000183105469,2982400,34.83155822753906
ETN,ETN,2010-12-22,51.02000045776367,51.349998474121094,50.790000915527344,51.09000015258789,1975600,34.8383903503418
ETN,ETN,2010-12-23,51.040000915527344,51.064998626708984,50.55500030517578,50.73500061035156,920400,34.5963134765625
ETN,ETN,2010-12-27,50.529998779296875,50.900001525878906,50.39500045776367,50.814998626708984,757000,34.65087890625
ETN,ETN,2010-12-28,50.95000076293945,50.97999954223633,50.52000045776367,50.685001373291016,792000,34.56222915649414
ETN,ETN,2010-12-29,50.73500061035156,51.04999923706055,50.61000061035156,50.70000076293945,699000,34.57244110107422
ETN,ETN,2010-12-30,50.56999969482422,50.80500030517578,50.42499923706055,50.58000183105469,1015000,34.49061584472656
ETN,ETN,2010-12-31,50.54499816894531,51.0099983215332,50.42499923706055,50.755001068115234,1432200,34.60995101928711
ETN,ETN,2011-01-03,51.23500061035156,52.130001068115234,51.09000015258789,51.834999084472656,3628400,35.346412658691406
ETN,ETN,2011-01-04,51.86000061035156,51.935001373291016,50.540000915527344,51.61000061035156,3948800,35.192970275878906
ETN,ETN,2011-01-05,51.275001525878906,52.224998474121094,51.275001525878906,51.974998474121094,2644200,35.441864013671875
ETN,ETN,2011-01-06,51.91999816894531,52.08000183105469,51.1349983215332,51.29499816894531,1861000,34.978179931640625
ETN,ETN,2011-01-07,51.30500030517578,52.154998779296875,50.974998474121094,51.29999923706055,2209400,34.98158264160156
ETN,ETN,2011-01-10,50.94499969482422,51.42499923706055,50.775001525878906,51.34000015258789,2681200,35.00885772705078
ETN,ETN,2011-01-11,51.48500061035156,52.21500015258789,51.255001068115234,51.9900016784668,1460800,35.452091217041016
ETN,ETN,2011-01-12,52.4900016784668,52.900001525878906,52.21500015258789,52.720001220703125,1768400,35.949893951416016
ETN,ETN,2011-01-13,52.75,52.89500045776367,51.7400016784668,51.88999938964844,2117600,35.383907318115234
ETN,ETN,2011-01-14,51.834999084472656,52.275001525878906,51.78499984741211,52.07500076293945,2238800,35.51007080078125
ETN,ETN,2011-01-18,52.1349983215332,53.099998474121094,52.1349983215332,53.04999923706055,2357800,36.17491912841797
ETN,ETN,2011-01-19,52.959999084472656,53.375,52.0,52.10499954223633,2606600,35.53050994873047
ETN,ETN,2011-01-20,51.665000915527344,51.69499969482422,50.005001068115234,50.10499954223633,4937600,34.166709899902344
ETN,ETN,2011-01-21,52.01499938964844,52.01499938964844,50.56999969482422,51.224998474121094,4141200,34.930458068847656
ETN,ETN,2011-01-24,51.279998779296875,51.7599983215332,51.005001068115234,51.349998474121094,2239800,35.01568603515625
ETN,ETN,2011-01-25,51.42499923706055,51.77000045776367,50.89500045776367,51.619998931884766,2471800,35.19979476928711
ETN,ETN,2011-01-26,51.875,52.790000915527344,51.71500015258789,52.30500030517578,4424800,35.666900634765625
ETN,ETN,2011-01-27,51.619998931884766,53.55500030517578,51.3849983215332,53.22999954223633,8347200,36.29764938354492
ETN,ETN,2011-01-28,53.474998474121094,53.904998779296875,52.029998779296875,52.130001068115234,3836200,35.54756546020508
ETN,ETN,2011-01-31,53.10499954223633,54.540000915527344,52.755001068115234,53.97999954223633,4481600,36.80908203125
ETN,ETN,2011-02-01,54.505001068115234,54.86000061035156,53.845001220703125,54.57500076293945,3469600,37.21480941772461
ETN,ETN,2011-02-02,54.3650016784668,54.779998779296875,54.11000061035156,54.42499923706055,2338400,37.112545013427734
ETN,ETN,2011-02-03,54.08000183105469,54.59000015258789,53.89500045776367,54.5,2321600,37.39729690551758
ETN,ETN,2011-02-04,54.46500015258789,54.90999984741211,54.369998931884766,54.779998779296875,1943800,37.58942794799805
ETN,ETN,2011-02-07,54.7400016784668,54.994998931884766,54.404998779296875,54.6150016784668,2534800,37.47621154785156
ETN,ETN,2011-02-08,54.790000915527344,55.56999969482422,54.56999969482422,55.56999969482422,2426800,38.13152313232422
ETN,ETN,2011-02-09,55.41999816894531,55.470001220703125,54.73500061035156,55.38999938964844,2590800,38.00800704956055
ETN,ETN,2011-02-10,55.0,56.04999923706055,55.0,55.96500015258789,1849200,38.40255355834961
ETN,ETN,2011-02-11,55.65999984741211,56.4900016784668,55.525001525878906,56.220001220703125,1783400,38.577537536621094
ETN,ETN,2011-02-14,55.845001220703125,56.459999084472656,55.76499938964844,55.834999084472656,1609600,38.313350677490234
ETN,ETN,2011-02-15,55.69499969482422,55.744998931884766,54.83000183105469,54.94499969482422,2342200,37.702640533447266
ETN,ETN,2011-02-16,55.29999923706055,55.994998931884766,55.150001525878906,55.70500183105469,2056400,38.22414779663086
ETN,ETN,2011-02-17,55.38999938964844,55.625,55.040000915527344,55.435001373291016,1624400,38.03887176513672
ETN,ETN,2011-02-18,55.55500030517578,55.709999084472656,55.04999923706055,55.459999084472656,3653800,38.0560417175293
ETN,ETN,2011-02-22,54.724998474121094,55.165000915527344,53.61000061035156,53.709999084472656,2874200,36.85520553588867
ETN,ETN,2011-02-23,53.46500015258789,53.69499969482422,51.97999954223633,52.7599983215332,4965000,36.20332717895508
ETN,ETN,2011-02-24,52.400001525878906,52.90999984741211,51.69499969482422,52.45000076293945,5397800,35.99060821533203
ETN,ETN,2011-02-25,53.42499923706055,54.04999923706055,53.25,53.46500015258789,4810600,36.68709945678711
ETN,ETN,2011-02-28,53.92499923706055,55.44499969482422,53.77000045776367,55.38999938964844,9690800,38.00800704956055
ETN,ETN,2011-03-01,55.81999969482422,56.150001525878906,53.5,53.54999923706055,2695400,36.74541473388672
ETN,ETN,2011-03-02,53.380001068115234,54.83000183105469,53.349998474121094,54.08000183105469,2434400,37.10910415649414
ETN,ETN,2011-03-03,54.869998931884766,56.209999084472656,54.66999816894531,55.84000015258789,2908300,38.31680679321289
ETN,ETN,2011-03-04,55.779998779296875,55.84000015258789,54.130001068115234,54.349998474121094,2657000,37.294368743896484
ETN,ETN,2011-03-07,54.79999923706055,54.84000015258789,52.650001525878906,53.029998779296875,3918800,36.388587951660156
ETN,ETN,2011-03-08,53.040000915527344,53.9900016784668,52.56999969482422,53.7599983215332,3399200,36.88951873779297
ETN,ETN,2011-03-09,53.54999923706055,53.599998474121094,52.54999923706055,52.66999816894531,2581800,36.141571044921875
ETN,ETN,2011-03-10,51.95000076293945,52.06999969482422,51.15999984741211,51.2400016784668,3202500,35.16032409667969
ETN,ETN,2011-03-11,50.95000076293945,51.779998779296875,50.75,51.619998931884766,3156000,35.42107391357422
ETN,ETN,2011-03-14,51.209999084472656,51.650001525878906,50.779998779296875,51.529998779296875,2636300,35.359310150146484
ETN,ETN,2011-03-15,49.709999084472656,51.47999954223633,48.56999969482422,51.02000045776367,2286300,35.009376525878906
ETN,ETN,2011-03-16,50.900001525878906,51.54999923706055,50.029998779296875,50.29999923706055,2975100,34.515296936035156
ETN,ETN,2011-03-17,51.119998931884766,51.720001220703125,50.560001373291016,51.349998474121094,2978400,35.235801696777344
ETN,ETN,2011-03-18,52.08000183105469,52.52000045776367,51.5099983215332,51.75,3663100,35.510276794433594
ETN,ETN,2011-03-21,52.75,53.22999954223633,52.13999938964844,53.16999816894531,2297300,36.48467254638672
ETN,ETN,2011-03-22,53.5099983215332,53.5099983215332,52.43000030517578,52.47999954223633,2384900,36.01119613647461
ETN,ETN,2011-03-23,52.29999923706055,52.650001525878906,51.54999923706055,52.380001068115234,1736800,35.94257736206055
ETN,ETN,2011-03-24,52.869998931884766,53.540000915527344,52.209999084472656,53.41999816894531,1851700,36.65622329711914
ETN,ETN,2011-03-25,53.59000015258789,54.25,53.36000061035156,54.0099983215332,2107900,37.061065673828125
ETN,ETN,2011-03-28,54.20000076293945,54.220001220703125,53.91999816894531,54.0099983215332,2216900,37.061065673828125
ETN,ETN,2011-03-29,53.81999969482422,54.400001525878906,53.5099983215332,54.38999938964844,1608800,37.321815490722656
ETN,ETN,2011-03-30,54.849998474121094,54.88999938964844,54.56999969482422,54.81999969482422,2144600,37.61687469482422
ETN,ETN,2011-03-31,54.70000076293945,55.619998931884766,54.5099983215332,55.439998626708984,2171200,38.04230499267578
ETN,ETN,2011-04-01,55.970001220703125,56.20000076293945,55.66999816894531,55.90999984741211,1853400,38.36482620239258
ETN,ETN,2011-04-04,56.27000045776367,56.41999816894531,55.20000076293945,55.599998474121094,1591200,38.1521110534668
ETN,ETN,2011-04-05,55.38999938964844,55.880001068115234,55.18000030517578,55.220001220703125,1686300,37.891357421875
ETN,ETN,2011-04-06,55.29999923706055,55.65999984741211,54.560001373291016,55.099998474121094,1750400,37.80901336669922
ETN,ETN,2011-04-07,54.90999984741211,55.189998626708984,54.38999938964844,54.9900016784668,1916100,37.73353958129883
ETN,ETN,2011-04-08,55.34000015258789,55.41999816894531,53.75,54.2599983215332,1511800,37.232601165771484
ETN,ETN,2011-04-11,54.25,54.31999969482422,53.16999816894531,53.58000183105469,2089200,36.76601028442383
ETN,ETN,2011-04-12,53.099998474121094,53.220001220703125,51.97999954223633,52.5,2961500,36.024925231933594
ETN,ETN,2011-04-13,53.029998779296875,53.060001373291016,51.90999984741211,52.29999923706055,1888800,35.88767623901367
ETN,ETN,2011-04-14,51.93000030517578,52.619998931884766,51.369998931884766,52.369998931884766,2635600,35.93571472167969
ETN,ETN,2011-04-15,52.40999984741211,52.79999923706055,51.9900016784668,52.349998474121094,2962100,35.922000885009766
ETN,ETN,2011-04-18,51.4900016784668,51.83000183105469,50.630001068115234,51.56999969482422,2591200,35.38676452636719
ETN,ETN,2011-04-19,52.77000045776367,53.11000061035156,52.40999984741211,52.630001068115234,2997800,36.1141242980957
ETN,ETN,2011-04-20,52.70000076293945,53.61000061035156,51.61000061035156,53.5,6067600,36.71110916137695
ETN,ETN,2011-04-21,53.9900016784668,54.22999954223633,53.25,53.88999938964844,3447600,36.97871780395508
ETN,ETN,2011-04-25,54.0099983215332,54.400001525878906,53.150001525878906,53.61000061035156,1860700,36.786582946777344
ETN,ETN,2011-04-26,54.310001373291016,55.279998779296875,54.2400016784668,54.90999984741211,2100000,37.67863845825195
ETN,ETN,2011-04-27,55.0,55.7599983215332,54.27000045776367,55.54999923706055,2970000,38.11779022216797
ETN,ETN,2011-04-28,55.459999084472656,55.63999938964844,54.47999954223633,54.59000015258789,2414900,37.459041595458984
ETN,ETN,2011-04-29,54.650001525878906,54.880001068115234,53.40999984741211,53.560001373291016,4985600,36.75228500366211
ETN,ETN,2011-05-02,53.7599983215332,53.959999084472656,52.790000915527344,53.130001068115234,2937000,36.45720291137695
ETN,ETN,2011-05-03,53.0,53.099998474121094,52.15999984741211,52.38999938964844,2566300,35.94943618774414
ETN,ETN,2011-05-04,52.560001373291016,52.81999969482422,51.84000015258789,52.27000045776367,4095800,35.86709976196289
ETN,ETN,2011-05-05,51.72999954223633,52.459999084472656,51.029998779296875,51.54999923706055,3398600,35.604637145996094
ETN,ETN,2011-05-06,52.43000030517578,53.150001525878906,51.560001373291016,51.779998779296875,2751400,35.76348876953125
ETN,ETN,2011-05-09,51.900001525878906,52.060001373291016,51.439998626708984,51.7599983215332,2173000,35.74969482421875
ETN,ETN,2011-05-10,51.720001220703125,52.25,51.66999816894531,52.02000045776367,3231700,35.92926025390625
ETN,ETN,2011-05-11,52.04999923706055,52.43000030517578,51.63999938964844,52.040000915527344,3419800,35.94306564331055
ETN,ETN,2011-05-12,52.040000915527344,53.029998779296875,51.720001220703125,52.65999984741211,3731900,36.37128829956055
ETN,ETN,2011-05-13,52.720001220703125,53.13999938964844,51.720001220703125,51.91999816894531,2312400,35.86019515991211
ETN,ETN,2011-05-16,51.619998931884766,52.5,51.31999969482422,51.540000915527344,2404300,35.59772491455078
ETN,ETN,2011-05-17,51.16999816894531,51.189998626708984,49.5,49.650001525878906,5352900,34.29234313964844
ETN,ETN,2011-05-18,49.81999969482422,50.400001525878906,49.5,50.08000183105469,4235300,34.58934020996094
ETN,ETN,2011-05-19,51.5,51.75,50.959999084472656,51.380001068115234,4404400,35.48723220825195
ETN,ETN,2011-05-20,51.27000045776367,51.599998474121094,50.81999969482422,50.970001220703125,4446900,35.20404052734375
ETN,ETN,2011-05-23,50.0,50.09000015258789,49.45000076293945,49.790000915527344,2670500,34.3890380859375
ETN,ETN,2011-05-24,49.93000030517578,50.369998931884766,49.599998474121094,49.709999084472656,1848200,34.33377456665039
ETN,ETN,2011-05-25,49.310001373291016,50.72999954223633,49.220001220703125,50.40999984741211,2644000,34.81726837158203
ETN,ETN,2011-05-26,50.16999816894531,50.900001525878906,49.939998626708984,50.66999816894531,1619100,34.99684143066406
ETN,ETN,2011-05-27,50.93000030517578,51.529998779296875,50.720001220703125,51.380001068115234,1490800,35.48723220825195
ETN,ETN,2011-05-31,51.77000045776367,51.9900016784668,50.91999816894531,51.66999816894531,2742100,35.6875114440918
ETN,ETN,2011-06-01,51.58000183105469,51.849998474121094,49.16999816894531,49.220001220703125,3407000,33.995365142822266
ETN,ETN,2011-06-02,49.38999938964844,50.779998779296875,49.36000061035156,50.040000915527344,4145500,34.56170654296875
ETN,ETN,2011-06-03,49.25,49.72999954223633,48.70000076293945,48.90999984741211,3304500,33.78124237060547
ETN,ETN,2011-06-06,48.79999923706055,48.79999923706055,47.279998779296875,48.290000915527344,5941400,33.35301971435547
ETN,ETN,2011-06-07,48.45000076293945,48.58000183105469,47.529998779296875,47.56999969482422,6772200,32.85572052001953
ETN,ETN,2011-06-08,47.54999923706055,47.709999084472656,46.130001068115234,46.25,5712400,31.944021224975586
ETN,ETN,2011-06-09,46.29999923706055,47.0099983215332,46.2599983215332,46.810001373291016,3382100,32.330810546875
ETN,ETN,2011-06-10,46.56999969482422,46.650001525878906,45.790000915527344,45.810001373291016,2946400,31.640111923217773
ETN,ETN,2011-06-13,46.13999938964844,46.619998931884766,45.849998474121094,46.29999923706055,3430300,31.978565216064453
ETN,ETN,2011-06-14,46.619998931884766,47.7599983215332,46.47999954223633,47.40999984741211,3647200,32.74521255493164
ETN,ETN,2011-06-15,46.81999969482422,47.09000015258789,46.34000015258789,46.52000045776367,2663300,32.13050842285156
ETN,ETN,2011-06-16,46.470001220703125,47.2599983215332,46.04999923706055,46.709999084472656,3787900,32.26174545288086
ETN,ETN,2011-06-17,47.33000183105469,47.619998931884766,46.95000076293945,47.0,5803900,32.4620361328125
ETN,ETN,2011-06-20,46.779998779296875,47.619998931884766,46.68000030517578,47.40999984741211,2513700,32.74521255493164
ETN,ETN,2011-06-21,47.86000061035156,49.0,47.65999984741211,48.689998626708984,7377400,33.62928771972656
ETN,ETN,2011-06-22,48.56999969482422,49.06999969482422,48.189998626708984,48.380001068115234,3448100,33.4151725769043
ETN,ETN,2011-06-23,47.619998931884766,49.02000045776367,47.15999984741211,48.849998474121094,4200900,33.73979568481445
ETN,ETN,2011-06-24,48.77000045776367,49.0099983215332,48.02000045776367,48.189998626708984,3103000,33.28395462036133
ETN,ETN,2011-06-27,48.130001068115234,48.47999954223633,47.560001373291016,48.22999954223633,2205700,33.31157684326172
ETN,ETN,2011-06-28,48.5,49.650001525878906,48.150001525878906,49.470001220703125,3286000,34.168025970458984
ETN,ETN,2011-06-29,49.650001525878906,50.380001068115234,49.04999923706055,50.150001525878906,3980400,34.6376838684082
ETN,ETN,2011-06-30,50.25,51.709999084472656,50.25,51.45000076293945,4265100,35.53556823730469
ETN,ETN,2011-07-01,51.2599983215332,52.86000061035156,50.9900016784668,52.650001525878906,3887300,36.364383697509766
ETN,ETN,2011-07-05,52.54999923706055,52.7599983215332,52.16999816894531,52.31999969482422,2343500,36.13646697998047
ETN,ETN,2011-07-06,52.099998474121094,52.349998474121094,51.63999938964844,51.939998626708984,3239700,35.874000549316406
ETN,ETN,2011-07-07,52.4900016784668,53.150001525878906,52.470001220703125,52.880001068115234,2667200,36.52325439453125
ETN,ETN,2011-07-08,52.130001068115234,52.58000183105469,51.790000915527344,52.529998779296875,2550000,36.28151321411133
ETN,ETN,2011-07-11,51.59000015258789,52.02000045776367,51.20000076293945,51.599998474121094,3242200,35.63917922973633
ETN,ETN,2011-07-12,51.529998779296875,52.150001525878906,51.31999969482422,51.470001220703125,4456500,35.54938507080078
ETN,ETN,2011-07-13,51.79999923706055,52.7400016784668,51.61000061035156,52.11000061035156,4539800,35.991424560546875
ETN,ETN,2011-07-14,52.310001373291016,52.470001220703125,50.869998931884766,51.04999923706055,3001800,35.25928497314453
ETN,ETN,2011-07-15,51.5,51.619998931884766,50.77000045776367,51.33000183105469,2658300,35.452693939208984
ETN,ETN,2011-07-18,51.119998931884766,51.209999084472656,50.2400016784668,50.59000015258789,2122000,34.94157409667969
ETN,ETN,2011-07-19,50.90999984741211,51.59000015258789,50.810001373291016,51.45000076293945,1903600,35.53556823730469
ETN,ETN,2011-07-20,51.68000030517578,51.72999954223633,50.869998931884766,51.099998474121094,2050900,35.29383087158203
ETN,ETN,2011-07-21,51.4900016784668,51.86000061035156,50.83000183105469,51.54999923706055,2290800,35.604637145996094
ETN,ETN,2011-07-22,51.400001525878906,51.63999938964844,50.97999954223633,51.15999984741211,2966900,35.335262298583984
ETN,ETN,2011-07-25,51.77000045776367,53.22999954223633,51.09000015258789,52.59000015258789,4670200,36.32293701171875
ETN,ETN,2011-07-26,53.040000915527344,53.099998474121094,50.689998626708984,50.83000183105469,4887200,35.10734558105469
ETN,ETN,2011-07-27,50.43000030517578,50.470001220703125,49.13999938964844,49.29999923706055,7087300,34.05060577392578
ETN,ETN,2011-07-28,49.34000015258789,49.619998931884766,48.0,48.02000045776367,4110000,33.1665153503418
ETN,ETN,2011-07-29,47.58000183105469,48.72999954223633,47.31999969482422,47.95000076293945,4524900,33.118186950683594
ETN,ETN,2011-08-01,48.86000061035156,48.97999954223633,46.86000061035156,47.540000915527344,4274600,32.83500671386719
ETN,ETN,2011-08-02,47.04999923706055,47.56999969482422,45.189998626708984,45.20000076293945,5245300,31.21880531311035
ETN,ETN,2011-08-03,45.5,45.689998626708984,44.0099983215332,45.47999954223633,5869400,31.412195205688477
ETN,ETN,2011-08-04,44.459999084472656,44.459999084472656,41.869998931884766,41.939998626708984,7547200,29.18537712097168
ETN,ETN,2011-08-05,42.75,43.189998626708984,40.65999984741211,42.349998474121094,9419200,29.47069549560547
ETN,ETN,2011-08-08,40.66999816894531,41.400001525878906,37.95000076293945,37.970001220703125,14626800,26.422712326049805
ETN,ETN,2011-08-09,38.869998931884766,40.779998779296875,37.88999938964844,40.75,8259300,28.35726547241211
ETN,ETN,2011-08-10,39.810001373291016,40.630001068115234,38.88999938964844,39.0099983215332,10337200,27.146427154541016
ETN,ETN,2011-08-11,39.099998474121094,41.22999954223633,38.650001525878906,40.650001525878906,6695200,28.28768539428711
ETN,ETN,2011-08-12,41.209999084472656,41.95000076293945,40.709999084472656,41.810001373291016,4605700,29.094907760620117
ETN,ETN,2011-08-15,42.2400016784668,42.79999923706055,41.849998474121094,42.68000030517578,3792800,29.70033073425293
ETN,ETN,2011-08-16,42.25,42.86000061035156,41.970001220703125,42.2400016784668,4812600,29.39415168762207
ETN,ETN,2011-08-17,42.43000030517578,42.93000030517578,41.22999954223633,41.540000915527344,2696700,28.90702247619629
ETN,ETN,2011-08-18,39.91999816894531,40.15999984741211,38.29999923706055,38.70000076293945,7582400,26.930706024169922
ETN,ETN,2011-08-19,38.20000076293945,39.4900016784668,37.83000183105469,37.900001525878906,4986500,26.37400245666504
ETN,ETN,2011-08-22,39.47999954223633,39.58000183105469,37.720001220703125,37.86000061035156,3828300,26.34616470336914
ETN,ETN,2011-08-23,38.22999954223633,39.33000183105469,37.790000915527344,39.33000183105469,3489900,27.36911392211914
ETN,ETN,2011-08-24,39.279998779296875,40.779998779296875,39.04999923706055,40.70000076293945,4331700,28.32248306274414
ETN,ETN,2011-08-25,40.95000076293945,41.27000045776367,39.29999923706055,39.41999816894531,2764000,27.43174171447754
ETN,ETN,2011-08-26,39.150001525878906,40.43000030517578,38.29999923706055,40.22999954223633,3911900,27.995403289794922
ETN,ETN,2011-08-29,41.0,42.150001525878906,40.959999084472656,42.099998474121094,2769400,29.296716690063477
ETN,ETN,2011-08-30,41.939998626708984,43.0,41.56999969482422,42.75,3009900,29.74903678894043
ETN,ETN,2011-08-31,43.11000061035156,44.16999816894531,42.5,42.95000076293945,4330800,29.888219833374023
ETN,ETN,2011-09-01,42.79999923706055,43.06999969482422,41.720001220703125,42.04999923706055,4354200,29.26192283630371
ETN,ETN,2011-09-02,40.81999969482422,41.15999984741211,40.040000915527344,40.31999969482422,4153200,28.05803871154785
ETN,ETN,2011-09-06,39.040000915527344,40.16999816894531,38.810001373291016,40.04999923706055,4045600,27.870145797729492
ETN,ETN,2011-09-07,40.709999084472656,41.279998779296875,40.599998474121094,41.22999954223633,6301000,28.691301345825195
ETN,ETN,2011-09-08,40.849998474121094,41.0,39.470001220703125,39.86000061035156,7061900,27.737932205200195
ETN,ETN,2011-09-09,39.2400016784668,39.31999969482422,38.099998474121094,38.65999984741211,5888600,26.902875900268555
ETN,ETN,2011-09-12,37.95000076293945,38.459999084472656,37.2599983215332,38.459999084472656,6195000,26.763696670532227
ETN,ETN,2011-09-13,38.45000076293945,39.459999084472656,38.220001220703125,39.310001373291016,4715400,27.355205535888672
ETN,ETN,2011-09-14,39.63999938964844,40.84000015258789,38.779998779296875,40.189998626708984,5744300,27.967578887939453
ETN,ETN,2011-09-15,40.75,41.31999969482422,40.099998474121094,41.220001220703125,4535800,28.68433380126953
ETN,ETN,2011-09-16,41.220001220703125,41.47999954223633,39.54999923706055,39.7400016784668,6564000,27.654428482055664
ETN,ETN,2011-09-19,39.08000183105469,39.959999084472656,38.66999816894531,39.77000045776367,4883100,27.67530059814453
ETN,ETN,2011-09-20,39.84000015258789,40.0,38.4900016784668,38.560001373291016,3696100,26.833295822143555
ETN,ETN,2011-09-21,38.439998626708984,38.81999969482422,36.18000030517578,36.209999084472656,5235500,25.197961807250977
ETN,ETN,2011-09-22,35.060001373291016,35.36000061035156,34.2599983215332,34.810001373291016,7415800,24.223722457885742
ETN,ETN,2011-09-23,34.66999816894531,35.20000076293945,33.970001220703125,34.72999954223633,4751700,24.168046951293945
ETN,ETN,2011-09-26,35.0099983215332,35.939998626708984,34.0099983215332,35.849998474121094,4462200,24.947437286376953
ETN,ETN,2011-09-27,37.11000061035156,38.56999969482422,36.470001220703125,37.130001068115234,5982200,25.838167190551758
ETN,ETN,2011-09-28,37.34000015258789,38.209999084472656,36.279998779296875,36.38999938964844,4583800,25.323211669921875
ETN,ETN,2011-09-29,37.439998626708984,37.81999969482422,36.04999923706055,36.810001373291016,4562100,25.61548614501953
ETN,ETN,2011-09-30,36.099998474121094,36.56999969482422,35.5,35.5,3629200,24.70388412475586
ETN,ETN,2011-10-03,35.29999923706055,35.97999954223633,34.130001068115234,34.15999984741211,3989700,23.771394729614258
ETN,ETN,2011-10-04,33.68000030517578,35.83000183105469,33.09000015258789,35.75,6000000,24.877849578857422
ETN,ETN,2011-10-05,35.84000015258789,37.689998626708984,35.47999954223633,37.540000915527344,5992100,26.123483657836914
ETN,ETN,2011-10-06,37.66999816894531,39.0,37.369998931884766,38.9900016784668,5326900,27.132511138916016
ETN,ETN,2011-10-07,39.349998474121094,39.97999954223633,38.459999084472656,38.630001068115234,7038900,26.88199234008789
ETN,ETN,2011-10-10,39.54999923706055,40.0,39.29999923706055,39.939998626708984,3432700,27.793596267700195
ETN,ETN,2011-10-11,39.5,40.779998779296875,39.41999816894531,40.4900016784668,2909100,28.176340103149414
ETN,ETN,2011-10-12,40.86000061035156,42.5099983215332,40.70000076293945,41.54999923706055,6084400,28.913986206054688
ETN,ETN,2011-10-13,40.7599983215332,42.11000061035156,40.45000076293945,42.0,7315200,29.227130889892578
ETN,ETN,2011-10-14,42.9900016784668,43.220001220703125,41.790000915527344,42.16999816894531,4858300,29.345420837402344
ETN,ETN,2011-10-17,42.150001525878906,42.150001525878906,40.7400016784668,40.869998931884766,3325600,28.44077491760254
ETN,ETN,2011-10-18,41.34000015258789,42.65999984741211,40.540000915527344,42.31999969482422,4541800,29.449810028076172
ETN,ETN,2011-10-19,42.06999969482422,42.810001373291016,41.65999984741211,41.83000183105469,3109500,29.10883331298828
ETN,ETN,2011-10-20,42.02000045776367,42.150001525878906,40.68000030517578,41.45000076293945,4081400,28.844371795654297
ETN,ETN,2011-10-21,42.380001068115234,42.380001068115234,41.41999816894531,42.25,4249400,29.401092529296875
ETN,ETN,2011-10-24,42.27000045776367,44.459999084472656,41.099998474121094,44.22999954223633,7424900,30.778942108154297
ETN,ETN,2011-10-25,44.20000076293945,44.20000076293945,42.400001525878906,43.13999938964844,3721200,30.020437240600586
ETN,ETN,2011-10-26,43.900001525878906,44.33000183105469,42.5,43.7400016784668,4408000,30.43794822692871
ETN,ETN,2011-10-27,46.0099983215332,47.25,45.77000045776367,46.81999969482422,5867400,32.581302642822266
ETN,ETN,2011-10-28,46.25,47.439998626708984,46.20000076293945,46.970001220703125,3382900,32.685672760009766
ETN,ETN,2011-10-31,46.15999984741211,46.66999816894531,44.79999923706055,44.81999969482422,4996400,31.189510345458984
ETN,ETN,2011-11-01,43.15999984741211,45.150001525878906,42.220001220703125,44.279998779296875,6454900,30.813749313354492
ETN,ETN,2011-11-02,45.900001525878906,45.900001525878906,44.540000915527344,45.279998779296875,4474100,31.509618759155273
ETN,ETN,2011-11-03,45.619998931884766,46.459999084472656,44.75,46.349998474121094,4179200,32.498233795166016
ETN,ETN,2011-11-04,45.650001525878906,46.27000045776367,45.0,45.939998626708984,2871500,32.21077346801758
ETN,ETN,2011-11-07,45.70000076293945,46.029998779296875,44.459999084472656,45.2599983215332,4521700,31.73399543762207
ETN,ETN,2011-11-08,45.540000915527344,46.099998474121094,44.599998474121094,45.9900016784668,4245000,32.2458381652832
ETN,ETN,2011-11-09,44.58000183105469,45.08000183105469,43.7599983215332,43.95000076293945,3525000,30.81549644470215
ETN,ETN,2011-11-10,44.61000061035156,44.939998626708984,43.97999954223633,44.4900016784668,2861500,31.194101333618164
ETN,ETN,2011-11-11,45.41999816894531,46.25,45.130001068115234,45.63999938964844,2245700,32.00041961669922
ETN,ETN,2011-11-14,45.47999954223633,46.2599983215332,45.279998779296875,46.099998474121094,3856300,32.32295227050781
ETN,ETN,2011-11-15,46.029998779296875,46.72999954223633,45.63999938964844,46.439998626708984,2539700,32.56135940551758
ETN,ETN,2011-11-16,45.869998931884766,46.15999984741211,44.84000015258789,44.95000076293945,3766900,31.516637802124023
ETN,ETN,2011-11-17,44.70000076293945,44.90999984741211,43.400001525878906,43.849998474121094,3522500,30.745363235473633
ETN,ETN,2011-11-18,44.16999816894531,44.34000015258789,43.599998474121094,43.91999816894531,2078900,30.79445457458496
ETN,ETN,2011-11-21,43.04999923706055,43.349998474121094,42.40999984741211,43.099998474121094,2485300,30.219505310058594
ETN,ETN,2011-11-22,43.04999923706055,43.04999923706055,41.88999938964844,42.560001373291016,2630000,29.840890884399414
ETN,ETN,2011-11-23,41.91999816894531,42.060001373291016,40.83000183105469,40.869998931884766,3159300,28.65594482421875
ETN,ETN,2011-11-25,40.849998474121094,41.41999816894531,40.52000045776367,40.54999923706055,1337700,28.431564331054688
ETN,ETN,2011-11-28,42.13999938964844,42.58000183105469,41.79999923706055,42.33000183105469,2299300,29.67962074279785
ETN,ETN,2011-11-29,42.59000015258789,43.099998474121094,42.279998779296875,42.369998931884766,2118800,29.70766830444336
ETN,ETN,2011-11-30,44.2599983215332,45.2599983215332,44.09000015258789,44.90999984741211,3967400,31.488595962524414
ETN,ETN,2011-12-01,44.66999816894531,45.40999984741211,44.4900016784668,44.59000015258789,2258300,31.26423454284668
ETN,ETN,2011-12-02,45.09000015258789,45.56999969482422,44.7599983215332,44.83000183105469,2634200,31.432491302490234
ETN,ETN,2011-12-05,45.77000045776367,46.63999938964844,45.310001373291016,46.0099983215332,3477900,32.259849548339844
ETN,ETN,2011-12-06,46.029998779296875,46.459999084472656,45.7599983215332,46.11000061035156,3080100,32.32996368408203
ETN,ETN,2011-12-07,45.7400016784668,45.86000061035156,44.869998931884766,45.59000015258789,4217900,31.96536636352539
ETN,ETN,2011-12-08,45.15999984741211,45.33000183105469,43.790000915527344,43.93000030517578,3210500,30.80146598815918
ETN,ETN,2011-12-09,44.2400016784668,44.709999084472656,43.66999816894531,44.349998474121094,4163900,31.0959415435791
ETN,ETN,2011-12-12,43.65999984741211,43.849998474121094,42.95000076293945,43.40999984741211,2577000,30.436870574951172
ETN,ETN,2011-12-13,43.83000183105469,44.349998474121094,42.709999084472656,43.130001068115234,4723100,30.240550994873047
ETN,ETN,2011-12-14,42.68000030517578,42.75,41.540000915527344,41.84000015258789,3968500,29.336048126220703
ETN,ETN,2011-12-15,42.40999984741211,42.540000915527344,41.380001068115234,41.97999954223633,3760400,29.434219360351562
ETN,ETN,2011-12-16,42.52000045776367,43.34000015258789,42.060001373291016,42.189998626708984,7261600,29.581459045410156
ETN,ETN,2011-12-19,42.5,42.77000045776367,41.619998931884766,41.7599983215332,2212500,29.27996826171875
ETN,ETN,2011-12-20,42.4900016784668,43.77000045776367,42.439998626708984,43.630001068115234,2655400,30.591115951538086
ETN,ETN,2011-12-21,43.70000076293945,43.83000183105469,42.630001068115234,43.70000076293945,3862600,30.640199661254883
ETN,ETN,2011-12-22,43.75,44.18000030517578,43.22999954223633,43.380001068115234,2804700,30.41583251953125
ETN,ETN,2011-12-23,43.65999984741211,44.43000030517578,43.52000045776367,44.36000061035156,2196400,31.10296058654785
ETN,ETN,2011-12-27,44.33000183105469,44.70000076293945,44.08000183105469,44.459999084472656,1071700,31.173070907592773
ETN,ETN,2011-12-28,44.369998931884766,44.540000915527344,43.2400016784668,43.29999923706055,1770800,30.35973358154297
ETN,ETN,2011-12-29,43.290000915527344,44.0099983215332,43.290000915527344,43.90999984741211,1939000,30.78744888305664
ETN,ETN,2011-12-30,43.790000915527344,43.97999954223633,43.5,43.529998779296875,1722500,30.52099609375
ETN,ETN,2012-01-03,44.779998779296875,45.63999938964844,44.72999954223633,45.4900016784668,3382300,31.8952579498291
ETN,ETN,2012-01-04,45.459999084472656,45.720001220703125,45.15999984741211,45.47999954223633,2456700,31.888233184814453
ETN,ETN,2012-01-05,45.4900016784668,45.7599983215332,44.9900016784668,45.65999984741211,3620600,32.01445007324219
ETN,ETN,2012-01-06,45.959999084472656,45.959999084472656,45.02000045776367,45.290000915527344,3010100,31.755023956298828
ETN,ETN,2012-01-09,45.31999969482422,45.619998931884766,45.04999923706055,45.540000915527344,6210700,31.930307388305664
ETN,ETN,2012-01-10,46.209999084472656,47.779998779296875,46.209999084472656,47.7400016784668,4055900,33.47283172607422
ETN,ETN,2012-01-11,47.52000045776367,48.34000015258789,47.5,48.27000045776367,3545900,33.84444046020508
ETN,ETN,2012-01-12,48.459999084472656,49.290000915527344,47.9900016784668,49.16999816894531,2476400,34.4754753112793
ETN,ETN,2012-01-13,48.540000915527344,48.81999969482422,48.11000061035156,48.709999084472656,3139900,34.15296936035156
ETN,ETN,2012-01-17,49.56999969482422,49.939998626708984,48.880001068115234,48.939998626708984,3330900,34.314212799072266
ETN,ETN,2012-01-18,48.849998474121094,49.5,48.720001220703125,49.43000030517578,3489200,34.65777587890625
ETN,ETN,2012-01-19,49.54999923706055,50.20000076293945,49.36000061035156,50.029998779296875,3542300,35.07847213745117
ETN,ETN,2012-01-20,49.029998779296875,49.029998779296875,48.20000076293945,48.380001068115234,4948200,33.921573638916016
ETN,ETN,2012-01-23,48.470001220703125,49.02000045776367,47.939998626708984,48.08000183105469,3279600,33.71121597290039
ETN,ETN,2012-01-24,47.939998626708984,48.84000015258789,47.529998779296875,48.810001373291016,2283600,34.22307205200195
ETN,ETN,2012-01-25,48.83000183105469,49.70000076293945,48.20000076293945,49.540000915527344,3016400,34.73490524291992
ETN,ETN,2012-01-26,47.81999969482422,49.029998779296875,47.70000076293945,48.93000030517578,7389500,34.30721664428711
ETN,ETN,2012-01-27,48.75,49.9900016784668,48.689998626708984,49.56999969482422,3880000,34.75594711303711
ETN,ETN,2012-01-30,49.08000183105469,49.65999984741211,48.75,49.65999984741211,3028600,34.81904220581055
ETN,ETN,2012-01-31,49.91999816894531,50.08000183105469,48.68000030517578,49.029998779296875,3460400,34.377315521240234
ETN,ETN,2012-02-01,49.63999938964844,50.150001525878906,49.20000076293945,49.81999969482422,3653100,34.93123245239258
ETN,ETN,2012-02-02,49.560001373291016,49.86000061035156,49.20000076293945,49.33000183105469,1919000,34.85352325439453
ETN,ETN,2012-02-03,50.150001525878906,51.189998626708984,50.04999923706055,50.93000030517578,2897700,35.98397445678711
ETN,ETN,2012-02-06,50.5099983215332,51.5,50.369998931884766,51.09000015258789,3860100,36.097015380859375
ETN,ETN,2012-02-07,50.79999923706055,51.4900016784668,50.619998931884766,51.290000915527344,2377800,36.238319396972656
ETN,ETN,2012-02-08,51.459999084472656,51.650001525878906,51.119998931884766,51.650001525878906,2077300,36.4926872253418
ETN,ETN,2012-02-09,51.77000045776367,51.900001525878906,51.400001525878906,51.79999923706055,2042800,36.59866714477539
ETN,ETN,2012-02-10,51.02000045776367,51.529998779296875,50.790000915527344,51.439998626708984,2510400,36.34431457519531
ETN,ETN,2012-02-13,51.779998779296875,52.189998626708984,51.380001068115234,52.04999923706055,2284100,36.77528381347656
ETN,ETN,2012-02-14,51.939998626708984,51.939998626708984,51.15999984741211,51.7400016784668,2713500,36.5562744140625
ETN,ETN,2012-02-15,51.90999984741211,51.90999984741211,50.560001373291016,50.869998931884766,3833800,35.94157409667969
ETN,ETN,2012-02-16,50.779998779296875,51.150001525878906,50.29999923706055,51.0099983215332,4861400,36.04047775268555
ETN,ETN,2012-02-17,51.34000015258789,51.400001525878906,50.77000045776367,50.81999969482422,2662400,35.90625
ETN,ETN,2012-02-21,51.5099983215332,52.41999816894531,51.439998626708984,51.939998626708984,3294900,36.697566986083984
ETN,ETN,2012-02-22,51.95000076293945,52.61000061035156,51.86000061035156,52.15999984741211,2615500,36.853023529052734
ETN,ETN,2012-02-23,51.970001220703125,52.15999984741211,51.380001068115234,51.869998931884766,2246400,36.648128509521484
ETN,ETN,2012-02-24,52.02000045776367,52.5,51.66999816894531,51.75,4729700,36.56333541870117
ETN,ETN,2012-02-27,51.54999923706055,52.68000030517578,51.20000076293945,52.18000030517578,2933300,36.86714172363281
ETN,ETN,2012-02-28,52.15999984741211,52.56999969482422,51.95000076293945,52.5099983215332,2584800,37.100303649902344
ETN,ETN,2012-02-29,52.54999923706055,53.060001373291016,52.150001525878906,52.189998626708984,3906000,36.87419128417969
ETN,ETN,2012-03-01,52.29999923706055,52.70000076293945,51.720001220703125,52.209999084472656,2521600,36.88832473754883
ETN,ETN,2012-03-02,52.099998474121094,52.150001525878906,51.13999938964844,51.27000045776367,2024800,36.22419357299805
ETN,ETN,2012-03-05,51.27000045776367,51.349998474121094,50.54999923706055,50.720001220703125,2171200,35.83559799194336
ETN,ETN,2012-03-06,49.939998626708984,50.0099983215332,48.47999954223633,48.70000076293945,4229800,34.408409118652344
ETN,ETN,2012-03-07,48.900001525878906,49.16999816894531,48.5,48.75,4340000,34.443729400634766
ETN,ETN,2012-03-08,49.33000183105469,49.5099983215332,48.869998931884766,49.279998779296875,3475900,34.81816482543945
ETN,ETN,2012-03-09,49.59000015258789,49.709999084472656,48.939998626708984,49.0099983215332,3345200,34.62740707397461
ETN,ETN,2012-03-12,49.119998931884766,49.130001068115234,48.45000076293945,48.619998931884766,3781600,34.35186767578125
ETN,ETN,2012-03-13,49.25,50.31999969482422,48.95000076293945,50.22999954223633,4630200,35.48939514160156
ETN,ETN,2012-03-14,50.09000015258789,50.599998474121094,50.09000015258789,50.369998931884766,3202000,35.58831787109375
ETN,ETN,2012-03-15,50.400001525878906,50.66999816894531,50.15999984741211,50.650001525878906,3015000,35.7861442565918
ETN,ETN,2012-03-16,50.77000045776367,51.130001068115234,50.599998474121094,51.02000045776367,3148000,36.04756164550781
ETN,ETN,2012-03-19,50.959999084472656,51.15999984741211,50.619998931884766,50.86000061035156,2762700,35.93450927734375
ETN,ETN,2012-03-20,50.45000076293945,50.65999984741211,49.81999969482422,49.95000076293945,2626300,35.29155731201172
ETN,ETN,2012-03-21,50.04999923706055,50.2599983215332,49.5,49.93000030517578,2754000,35.27743148803711
ETN,ETN,2012-03-22,49.47999954223633,49.58000183105469,47.959999084472656,48.66999816894531,4033200,34.38718795776367
ETN,ETN,2012-03-23,48.66999816894531,49.470001220703125,48.29999923706055,49.29999923706055,2720000,34.832313537597656
ETN,ETN,2012-03-26,50.029998779296875,50.33000183105469,49.7400016784668,50.2599983215332,3031900,35.510597229003906
ETN,ETN,2012-03-27,50.4900016784668,50.4900016784668,50.04999923706055,50.119998931884766,2225100,35.411678314208984
ETN,ETN,2012-03-28,50.130001068115234,50.220001220703125,48.529998779296875,49.310001373291016,3969000,34.839385986328125
ETN,ETN,2012-03-29,48.77000045776367,49.31999969482422,48.2599983215332,49.150001525878906,3038400,34.72634506225586
ETN,ETN,2012-03-30,49.54999923706055,49.869998931884766,48.91999816894531,49.83000183105469,3552000,35.206783294677734
ETN,ETN,2012-04-02,49.81999969482422,50.290000915527344,49.36000061035156,50.09000015258789,2362100,35.39047622680664
ETN,ETN,2012-04-03,49.880001068115234,50.22999954223633,49.220001220703125,49.38999938964844,2645600,34.89590072631836
ETN,ETN,2012-04-04,49.0099983215332,49.0099983215332,48.369998931884766,48.4900016784668,2719700,34.260005950927734
ETN,ETN,2012-04-05,48.400001525878906,48.560001373291016,47.7599983215332,48.0,3082700,33.9138069152832
ETN,ETN,2012-04-09,47.380001068115234,47.47999954223633,46.880001068115234,47.31999969482422,2598100,33.43336868286133
ETN,ETN,2012-04-10,47.22999954223633,47.38999938964844,46.119998931884766,46.45000076293945,2750900,32.818687438964844
ETN,ETN,2012-04-11,47.20000076293945,47.27000045776367,45.90999984741211,46.15999984741211,4824400,32.61378860473633
ETN,ETN,2012-04-12,46.349998474121094,47.93000030517578,46.310001373291016,47.720001220703125,2627800,33.71599578857422
ETN,ETN,2012-04-13,47.52000045776367,47.66999816894531,46.7599983215332,46.869998931884766,2283300,33.11542510986328
ETN,ETN,2012-04-16,47.150001525878906,47.630001068115234,46.54999923706055,46.709999084472656,6722800,33.00237274169922
ETN,ETN,2012-04-17,47.18000030517578,47.95000076293945,46.91999816894531,47.599998474121094,2791100,33.63120651245117
ETN,ETN,2012-04-18,47.310001373291016,47.689998626708984,46.959999084472656,47.459999084472656,2781600,33.53227615356445
ETN,ETN,2012-04-19,47.40999984741211,47.66999816894531,46.5099983215332,46.93000030517578,2604100,33.15782165527344
ETN,ETN,2012-04-20,47.130001068115234,47.97999954223633,47.11000061035156,47.439998626708984,3035400,33.518150329589844
ETN,ETN,2012-04-23,46.279998779296875,47.540000915527344,46.11000061035156,47.400001525878906,4875700,33.48989486694336
ETN,ETN,2012-04-24,47.7400016784668,49.09000015258789,47.7400016784668,48.459999084472656,4483100,34.23881149291992
ETN,ETN,2012-04-25,49.34000015258789,49.41999816894531,48.630001068115234,48.779998779296875,4370000,34.46492385864258
ETN,ETN,2012-04-26,48.59000015258789,48.97999954223633,48.15999984741211,48.970001220703125,7451000,34.59917068481445
ETN,ETN,2012-04-27,49.310001373291016,49.43000030517578,48.9900016784668,49.06999969482422,3154300,34.6698112487793
ETN,ETN,2012-04-30,49.040000915527344,49.08000183105469,48.04999923706055,48.18000030517578,2154600,34.040992736816406
ETN,ETN,2012-05-01,48.119998931884766,48.47999954223633,47.02000045776367,47.95000076293945,3688200,33.87849426269531
ETN,ETN,2012-05-02,47.720001220703125,47.77000045776367,47.29999923706055,47.630001068115234,2694900,33.65239334106445
ETN,ETN,2012-05-03,47.400001525878906,47.40999984741211,46.34000015258789,46.5099983215332,4057900,33.12535095214844
ETN,ETN,2012-05-04,46.25,46.310001373291016,45.279998779296875,45.369998931884766,4122200,32.313411712646484
ETN,ETN,2012-05-07,45.220001220703125,46.150001525878906,45.20000076293945,45.599998474121094,4746200,32.47724151611328
ETN,ETN,2012-05-08,45.27000045776367,45.630001068115234,44.619998931884766,45.5099983215332,4672600,32.41313171386719
ETN,ETN,2012-05-09,44.79999923706055,45.79999923706055,44.529998779296875,45.06999969482422,3030000,32.09975051879883
ETN,ETN,2012-05-10,45.560001373291016,45.650001525878906,44.7599983215332,44.90999984741211,2690500,31.985803604125977
ETN,ETN,2012-05-11,44.63999938964844,45.36000061035156,44.5,44.709999084472656,1875200,31.843353271484375
ETN,ETN,2012-05-14,44.150001525878906,44.709999084472656,43.810001373291016,44.220001220703125,2802000,31.49437141418457
ETN,ETN,2012-05-15,44.34000015258789,44.52000045776367,44.0,44.09000015258789,2949400,31.401769638061523
ETN,ETN,2012-05-16,44.36000061035156,44.72999954223633,43.630001068115234,43.66999816894531,3064100,31.102638244628906
ETN,ETN,2012-05-17,43.61000061035156,43.810001373291016,42.45000076293945,42.470001220703125,3243600,30.24798011779785
ETN,ETN,2012-05-18,42.75,43.31999969482422,42.220001220703125,42.400001525878906,3348400,30.1981258392334
ETN,ETN,2012-05-21,42.849998474121094,43.369998931884766,41.75,42.09000015258789,19512500,29.97733497619629
ETN,ETN,2012-05-22,42.18000030517578,42.72999954223633,42.0,42.66999816894531,10777600,30.390413284301758
ETN,ETN,2012-05-23,42.310001373291016,42.95000076293945,41.93000030517578,42.90999984741211,7600000,30.561363220214844
ETN,ETN,2012-05-24,43.13999938964844,43.5,42.70000076293945,43.5,5343800,30.981569290161133
ETN,ETN,2012-05-25,43.31999969482422,43.849998474121094,42.97999954223633,43.29999923706055,4677700,30.83913230895996
ETN,ETN,2012-05-29,43.689998626708984,44.20000076293945,43.470001220703125,43.77000045776367,4638100,31.173885345458984
ETN,ETN,2012-05-30,43.11000061035156,43.459999084472656,42.720001220703125,43.34000015258789,4826700,30.867610931396484
ETN,ETN,2012-05-31,43.290000915527344,43.5,42.22999954223633,42.65999984741211,5309800,30.38330078125
ETN,ETN,2012-06-01,41.40999984741211,41.599998474121094,40.220001220703125,40.2400016784668,7708100,28.65973663330078
ETN,ETN,2012-06-04,40.13999938964844,40.290000915527344,38.279998779296875,39.209999084472656,9143800,27.926143646240234
ETN,ETN,2012-06-05,39.029998779296875,40.16999816894531,38.70000076293945,40.09000015258789,9262000,28.55290985107422
ETN,ETN,2012-06-06,40.47999954223633,41.34000015258789,40.16999816894531,41.34000015258789,10249600,29.44317054748535
ETN,ETN,2012-06-07,42.150001525878906,42.75,41.04999923706055,41.150001525878906,4649900,29.307851791381836
ETN,ETN,2012-06-08,41.040000915527344,41.2599983215332,40.63999938964844,41.2400016784668,4931400,29.371952056884766
ETN,ETN,2012-06-11,41.72999954223633,41.849998474121094,40.029998779296875,40.09000015258789,4263000,28.55290985107422
ETN,ETN,2012-06-12,40.689998626708984,40.689998626708984,39.900001525878906,40.65999984741211,5278500,28.9588565826416
ETN,ETN,2012-06-13,40.36000061035156,40.470001220703125,39.11000061035156,39.279998779296875,5462400,27.975994110107422
ETN,ETN,2012-06-14,39.34000015258789,39.77000045776367,39.16999816894531,39.47999954223633,3759100,28.118453979492188
ETN,ETN,2012-06-15,39.599998474121094,39.869998931884766,39.380001068115234,39.84000015258789,4082800,28.374847412109375
ETN,ETN,2012-06-18,39.540000915527344,39.75,39.2599983215332,39.459999084472656,2975900,28.10420036315918
ETN,ETN,2012-06-19,39.630001068115234,40.25,39.630001068115234,39.900001525878906,4411900,28.417570114135742
ETN,ETN,2012-06-20,39.83000183105469,39.959999084472656,39.06999969482422,39.22999954223633,4959900,27.940391540527344
ETN,ETN,2012-06-21,39.540000915527344,39.56999969482422,37.70000076293945,37.779998779296875,4469000,26.90766716003418
ETN,ETN,2012-06-22,38.7599983215332,38.779998779296875,37.95000076293945,38.2599983215332,9478700,27.249542236328125
ETN,ETN,2012-06-25,37.84000015258789,37.9900016784668,36.970001220703125,37.09000015258789,7228600,26.416236877441406
ETN,ETN,2012-06-26,37.310001373291016,37.630001068115234,36.970001220703125,37.40999984741211,8331100,26.644147872924805
ETN,ETN,2012-06-27,37.58000183105469,37.70000076293945,37.220001220703125,37.56999969482422,4512700,26.75811004638672
ETN,ETN,2012-06-28,37.189998626708984,37.560001373291016,36.939998626708984,37.47999954223633,5042600,26.694013595581055
ETN,ETN,2012-06-29,38.38999938964844,39.630001068115234,38.310001373291016,39.630001068115234,7884400,28.22527503967285
ETN,ETN,2012-07-02,39.54999923706055,39.61000061035156,38.72999954223633,39.209999084472656,5470000,27.926143646240234
ETN,ETN,2012-07-03,39.459999084472656,40.4900016784668,39.29999923706055,40.4900016784668,2904500,28.83778953552246
ETN,ETN,2012-07-05,40.220001220703125,40.650001525878906,39.95000076293945,40.2599983215332,3891000,28.67397689819336
ETN,ETN,2012-07-06,39.56999969482422,39.68000030517578,39.0,39.5,3061600,28.132686614990234
ETN,ETN,2012-07-09,39.4900016784668,39.61000061035156,38.95000076293945,39.189998626708984,3384000,27.91189956665039
ETN,ETN,2012-07-10,39.40999984741211,39.77000045776367,37.380001068115234,37.75,6720200,26.886302947998047
ETN,ETN,2012-07-11,37.849998474121094,37.90999984741211,36.849998474121094,37.040000915527344,7978200,26.380626678466797
ETN,ETN,2012-07-12,36.77000045776367,37.27000045776367,36.380001068115234,37.11000061035156,5163500,26.430482864379883
ETN,ETN,2012-07-13,37.439998626708984,38.22999954223633,37.15999984741211,38.09000015258789,4305300,27.128459930419922
ETN,ETN,2012-07-16,38.04999923706055,38.04999923706055,37.27000045776367,37.88999938964844,2571900,26.98601722717285
ETN,ETN,2012-07-17,38.189998626708984,38.68000030517578,37.5099983215332,38.369998931884766,3456100,27.327882766723633
ETN,ETN,2012-07-18,37.97999954223633,39.59000015258789,37.91999816894531,39.119998931884766,4384300,27.862049102783203
ETN,ETN,2012-07-19,39.25,40.0,39.02000045776367,39.529998779296875,4572600,28.154052734375
ETN,ETN,2012-07-20,39.2400016784668,39.36000061035156,38.84000015258789,39.060001373291016,5318700,27.819320678710938
ETN,ETN,2012-07-23,38.45000076293945,41.75,38.0,40.56999969482422,10313900,28.894773483276367
ETN,ETN,2012-07-24,40.459999084472656,41.060001373291016,40.40999984741211,41.0,7747000,29.201011657714844
ETN,ETN,2012-07-25,41.7599983215332,42.25,41.290000915527344,42.060001373291016,7446000,29.95598030090332
ETN,ETN,2012-07-26,42.90999984741211,43.5,42.56999969482422,43.15999984741211,6833600,30.739418029785156
ETN,ETN,2012-07-27,43.5099983215332,44.33000183105469,43.369998931884766,44.04999923706055,6961100,31.373281478881836
ETN,ETN,2012-07-30,43.900001525878906,44.04999923706055,43.720001220703125,43.93000030517578,4371400,31.287826538085938
ETN,ETN,2012-07-31,43.90999984741211,44.02000045776367,43.68000030517578,43.84000015258789,5631600,31.22372817993164
ETN,ETN,2012-08-01,44.20000076293945,44.279998779296875,43.52000045776367,43.630001068115234,3983900,31.074155807495117
ETN,ETN,2012-08-02,43.130001068115234,43.29999923706055,42.400001525878906,43.130001068115234,5607100,30.987939834594727
ETN,ETN,2012-08-03,43.900001525878906,44.470001220703125,43.709999084472656,44.22999954223633,4573400,31.77828025817871
ETN,ETN,2012-08-06,44.45000076293945,44.81999969482422,44.209999084472656,44.31999969482422,3119000,31.842933654785156
ETN,ETN,2012-08-07,44.45000076293945,45.099998474121094,44.45000076293945,44.650001525878906,3086300,32.08002471923828
ETN,ETN,2012-08-08,44.43000030517578,45.41999816894531,44.189998626708984,45.349998474121094,4916200,32.582950592041016
ETN,ETN,2012-08-09,45.22999954223633,45.70000076293945,45.20000076293945,45.5,2324100,32.69074249267578
ETN,ETN,2012-08-10,45.279998779296875,46.18000030517578,45.16999816894531,46.150001525878906,2582900,33.157752990722656
ETN,ETN,2012-08-13,46.02000045776367,46.189998626708984,45.47999954223633,45.939998626708984,3531600,33.00687789916992
ETN,ETN,2012-08-14,46.06999969482422,46.13999938964844,45.25,45.75,5252300,32.870357513427734
ETN,ETN,2012-08-15,45.790000915527344,45.79999923706055,45.34000015258789,45.720001220703125,3352800,32.84879684448242
ETN,ETN,2012-08-16,45.70000076293945,46.25,45.41999816894531,46.04999923706055,2892300,33.085899353027344
ETN,ETN,2012-08-17,46.36000061035156,46.380001068115234,45.9900016784668,46.36000061035156,2606900,33.30862045288086
ETN,ETN,2012-08-20,46.130001068115234,46.34000015258789,45.65999984741211,46.060001373291016,2294700,33.09307098388672
ETN,ETN,2012-08-21,46.130001068115234,46.77000045776367,45.58000183105469,45.68000030517578,2718400,32.8200569152832
ETN,ETN,2012-08-22,45.54999923706055,45.9900016784668,45.2400016784668,45.900001525878906,2843600,32.97813034057617
ETN,ETN,2012-08-23,45.70000076293945,46.189998626708984,45.5,45.77000045776367,2729800,32.884727478027344
ETN,ETN,2012-08-24,45.59000015258789,46.66999816894531,45.369998931884766,46.439998626708984,3700700,33.366092681884766
ETN,ETN,2012-08-27,46.40999984741211,46.630001068115234,45.970001220703125,46.16999816894531,2388100,33.17211151123047
ETN,ETN,2012-08-28,45.91999816894531,46.08000183105469,45.529998779296875,45.63999938964844,2644400,32.79131317138672
ETN,ETN,2012-08-29,45.09000015258789,45.5099983215332,44.939998626708984,45.310001373291016,4111000,32.55422592163086
ETN,ETN,2012-08-30,45.0,45.119998931884766,44.33000183105469,44.5,2634100,31.972261428833008
ETN,ETN,2012-08-31,44.86000061035156,45.08000183105469,44.4900016784668,44.720001220703125,2501600,32.13032150268555
ETN,ETN,2012-09-04,44.75,44.7599983215332,43.060001373291016,44.220001220703125,6528000,31.771085739135742
ETN,ETN,2012-09-05,44.41999816894531,44.41999816894531,43.70000076293945,43.97999954223633,2798700,31.598644256591797
ETN,ETN,2012-09-06,44.43000030517578,46.599998474121094,44.41999816894531,46.099998474121094,5719200,33.1218147277832
ETN,ETN,2012-09-07,47.0,48.150001525878906,46.880001068115234,47.43000030517578,6581600,34.07741165161133
ETN,ETN,2012-09-10,47.189998626708984,47.45000076293945,46.91999816894531,47.119998931884766,3280000,33.85466766357422
ETN,ETN,2012-09-11,47.099998474121094,47.86000061035156,46.79999923706055,47.619998931884766,3236600,34.213905334472656
ETN,ETN,2012-09-12,47.66999816894531,47.959999084472656,47.380001068115234,47.65999984741211,3104500,34.242652893066406
ETN,ETN,2012-09-13,47.63999938964844,47.95000076293945,46.790000915527344,47.81999969482422,4615200,34.35759735107422
ETN,ETN,2012-09-14,48.060001373291016,48.400001525878906,46.970001220703125,47.22999954223633,6822900,33.933692932128906
ETN,ETN,2012-09-17,47.25,47.40999984741211,46.939998626708984,47.2599983215332,3345600,33.95526885986328
ETN,ETN,2012-09-18,47.540000915527344,47.959999084472656,47.130001068115234,47.650001525878906,3969700,34.23545455932617
ETN,ETN,2012-09-19,47.790000915527344,49.18000030517578,47.2599983215332,48.52000045776367,5073300,34.86054229736328
ETN,ETN,2012-09-20,48.209999084472656,48.209999084472656,47.220001220703125,47.970001220703125,4714200,34.46535873413086
ETN,ETN,2012-09-21,48.130001068115234,48.41999816894531,47.599998474121094,48.130001068115234,4200300,34.5803337097168
ETN,ETN,2012-09-24,47.720001220703125,48.0099983215332,47.33000183105469,47.72999954223633,2278800,34.29292678833008
ETN,ETN,2012-09-25,47.630001068115234,47.7400016784668,46.16999816894531,46.22999954223633,3989200,33.2152214050293
ETN,ETN,2012-09-26,46.22999954223633,46.709999084472656,45.7599983215332,46.279998779296875,3328900,33.25115203857422
ETN,ETN,2012-09-27,46.72999954223633,47.13999938964844,46.470001220703125,47.099998474121094,2634800,33.84029006958008
ETN,ETN,2012-09-28,46.72999954223633,47.36000061035156,46.400001525878906,47.27000045776367,3693600,33.96244812011719
ETN,ETN,2012-10-01,47.08000183105469,47.9900016784668,46.849998474121094,47.13999938964844,4294200,33.869041442871094
ETN,ETN,2012-10-02,47.2400016784668,47.41999816894531,46.33000183105469,46.63999938964844,3682500,33.50981140136719
ETN,ETN,2012-10-03,46.939998626708984,47.13999938964844,46.349998474121094,46.63999938964844,3663800,33.50981140136719
ETN,ETN,2012-10-04,46.65999984741211,46.880001068115234,46.220001220703125,46.65999984741211,3197800,33.799537658691406
ETN,ETN,2012-10-05,47.119998931884766,47.720001220703125,46.97999954223633,47.279998779296875,3000600,34.248653411865234
ETN,ETN,2012-10-08,46.9900016784668,47.119998931884766,46.5099983215332,46.810001373291016,2862300,33.908203125
ETN,ETN,2012-10-09,46.79999923706055,46.869998931884766,46.22999954223633,46.290000915527344,2478400,33.531532287597656
ETN,ETN,2012-10-10,45.58000183105469,46.119998931884766,44.68000030517578,44.86000061035156,6362000,32.495662689208984
ETN,ETN,2012-10-11,45.16999816894531,45.45000076293945,44.36000061035156,44.650001525878906,4047100,32.343544006347656
ETN,ETN,2012-10-12,44.65999984741211,45.349998474121094,44.470001220703125,44.970001220703125,4280400,32.575340270996094
ETN,ETN,2012-10-15,44.97999954223633,45.29999923706055,44.36000061035156,45.20000076293945,3676500,32.7419548034668
ETN,ETN,2012-10-16,45.5099983215332,46.029998779296875,45.349998474121094,46.0,3104100,33.321449279785156
ETN,ETN,2012-10-17,46.11000061035156,46.77000045776367,45.70000076293945,46.7400016784668,2964000,33.85749816894531
ETN,ETN,2012-10-18,46.52000045776367,46.630001068115234,46.0099983215332,46.5099983215332,3526800,33.690895080566406
ETN,ETN,2012-10-19,46.06999969482422,46.220001220703125,45.29999923706055,45.810001373291016,5367700,33.18383026123047
ETN,ETN,2012-10-22,46.849998474121094,46.9900016784668,45.7400016784668,46.099998474121094,4846800,33.39388656616211
ETN,ETN,2012-10-23,45.5099983215332,45.849998474121094,44.849998474121094,45.54999923706055,3953400,32.99549102783203
ETN,ETN,2012-10-24,46.040000915527344,46.16999816894531,44.90999984741211,44.9900016784668,3621900,32.589847564697266
ETN,ETN,2012-10-25,45.65999984741211,46.16999816894531,44.709999084472656,45.41999816894531,2964200,32.901309967041016
ETN,ETN,2012-10-26,45.459999084472656,45.75,44.65999984741211,45.119998931884766,3108900,32.68400192260742
ETN,ETN,2012-10-31,44.959999084472656,47.97999954223633,44.959999084472656,47.220001220703125,7927300,34.2052116394043
ETN,ETN,2012-11-01,47.7400016784668,49.790000915527344,47.7400016784668,49.59000015258789,8070100,35.92198181152344
ETN,ETN,2012-11-02,49.880001068115234,50.33000183105469,49.040000915527344,49.20000076293945,5772700,35.63948059082031
ETN,ETN,2012-11-05,48.97999954223633,50.61000061035156,48.84000015258789,50.4900016784668,5326000,36.573936462402344
ETN,ETN,2012-11-06,50.439998626708984,50.83000183105469,50.29999923706055,50.41999816894531,4338100,36.523223876953125
ETN,ETN,2012-11-07,49.439998626708984,50.11000061035156,48.880001068115234,49.54999923706055,4935700,35.89300537109375
ETN,ETN,2012-11-08,49.310001373291016,49.58000183105469,48.70000076293945,48.880001068115234,4796300,35.40767288208008
ETN,ETN,2012-11-09,48.400001525878906,49.83000183105469,48.099998474121094,49.04999923706055,3849400,35.530826568603516
ETN,ETN,2012-11-12,49.06999969482422,49.880001068115234,48.93000030517578,49.54999923706055,2594600,35.89300537109375
ETN,ETN,2012-11-13,48.93000030517578,49.88999938964844,48.130001068115234,49.470001220703125,2952800,35.835060119628906
ETN,ETN,2012-11-14,48.900001525878906,49.75,48.31999969482422,48.45000076293945,3688200,35.096195220947266
ETN,ETN,2012-11-15,48.29999923706055,49.0,47.93000030517578,48.2599983215332,4564900,34.958580017089844
ETN,ETN,2012-11-16,48.790000915527344,49.150001525878906,48.2400016784668,48.939998626708984,4987400,35.45113754272461
ETN,ETN,2012-11-19,49.52000045776367,50.29999923706055,49.5,50.25,2972300,36.40006637573242
ETN,ETN,2012-11-20,50.08000183105469,50.939998626708984,49.810001373291016,50.720001220703125,3933200,36.74053955078125
ETN,ETN,2012-11-21,50.790000915527344,51.040000915527344,50.209999084472656,50.72999954223633,4016200,36.74779510498047
ETN,ETN,2012-11-23,50.77000045776367,51.65999984741211,50.619998931884766,51.58000183105469,1841300,37.363487243652344
ETN,ETN,2012-11-26,52.31999969482422,52.68000030517578,51.04999923706055,51.16999816894531,5698300,37.06650161743164
ETN,ETN,2012-11-27,51.380001068115234,51.849998474121094,50.970001220703125,51.04999923706055,3831500,36.979583740234375
ETN,ETN,2012-11-28,50.869998931884766,52.16999816894531,50.5,52.029998779296875,4370900,37.6894645690918
ETN,ETN,2012-11-29,52.11000061035156,52.43000030517578,51.63999938964844,51.9900016784668,4063800,37.66049575805664
ETN,ETN,2012-11-30,51.93000030517578,52.25,51.63999938964844,52.15999984741211,7798500,37.78364181518555
ETN,ETN,2012-12-03,51.47999954223633,52.189998626708984,51.119998931884766,51.150001525878906,4525300,37.05202102661133
ETN,ETN,2012-12-04,51.189998626708984,51.68000030517578,50.900001525878906,51.279998779296875,4314300,37.14619064331055
ETN,ETN,2012-12-05,51.220001220703125,51.79999923706055,50.75,51.18000030517578,4206100,37.0737419128418
ETN,ETN,2012-12-06,51.130001068115234,51.52000045776367,50.7400016784668,51.400001525878906,4440700,37.23310470581055
ETN,ETN,2012-12-07,52.119998931884766,52.5099983215332,51.720001220703125,52.470001220703125,3887900,38.00821304321289
ETN,ETN,2012-12-10,52.209999084472656,52.41999816894531,51.4900016784668,52.34000015258789,3841400,37.91402816772461
ETN,ETN,2012-12-11,52.47999954223633,52.75,52.16999816894531,52.45000076293945,2577000,37.99372482299805
ETN,ETN,2012-12-12,52.58000183105469,52.810001373291016,51.90999984741211,52.040000915527344,4019400,37.696720123291016
ETN,ETN,2012-12-13,52.040000915527344,52.36000061035156,51.540000915527344,51.68000030517578,3268800,37.43594741821289
ETN,ETN,2012-12-14,51.529998779296875,52.7599983215332,51.529998779296875,52.56999969482422,3323700,38.080623626708984
ETN,ETN,2012-12-17,52.7400016784668,52.970001220703125,52.13999938964844,52.45000076293945,3373500,37.99372482299805
ETN,ETN,2012-12-18,52.529998779296875,54.09000015258789,52.529998779296875,53.880001068115234,4555700,39.029579162597656
ETN,ETN,2012-12-19,54.25,54.720001220703125,54.119998931884766,54.119998931884766,3385700,39.20341491699219
ETN,ETN,2012-12-20,54.22999954223633,54.70000076293945,54.029998779296875,54.65999984741211,3510000,39.594600677490234
ETN,ETN,2012-12-21,53.939998626708984,54.75,53.7599983215332,53.84000015258789,6047700,39.00060272216797
ETN,ETN,2012-12-24,53.61000061035156,53.7599983215332,53.18000030517578,53.470001220703125,1293100,38.732582092285156
ETN,ETN,2012-12-26,53.68000030517578,54.13999938964844,53.33000183105469,53.84000015258789,1607800,39.00060272216797
ETN,ETN,2012-12-27,53.9900016784668,54.2599983215332,52.869998931884766,53.630001068115234,2299500,38.84848403930664
ETN,ETN,2012-12-28,53.27000045776367,53.59000015258789,52.900001525878906,53.09000015258789,1924500,38.45731735229492
ETN,ETN,2012-12-31,52.720001220703125,54.22999954223633,52.45000076293945,54.18000030517578,2619100,39.24687957763672
ETN,ETN,2013-01-02,55.54999923706055,57.349998474121094,55.54999923706055,56.45000076293945,4103900,40.8912239074707
ETN,ETN,2013-01-03,56.29999923706055,56.93000030517578,56.09000015258789,56.369998931884766,3124700,40.83326721191406
ETN,ETN,2013-01-04,56.650001525878906,56.81999969482422,56.349998474121094,56.75,2312200,41.10853958129883
ETN,ETN,2013-01-07,56.470001220703125,56.4900016784668,55.189998626708984,55.75,3184000,40.384151458740234
ETN,ETN,2013-01-08,55.529998779296875,56.02000045776367,55.02000045776367,55.02000045776367,4252900,39.855369567871094
ETN,ETN,2013-01-09,55.34000015258789,55.91999816894531,55.2599983215332,55.77000045776367,2627100,40.39865493774414
ETN,ETN,2013-01-10,56.0,56.04999923706055,55.0099983215332,55.93000030517578,3524600,40.51455307006836
ETN,ETN,2013-01-11,55.400001525878906,55.95000076293945,55.08000183105469,55.75,2753400,40.384151458740234
ETN,ETN,2013-01-14,55.81999969482422,55.97999954223633,55.15999984741211,55.33000183105469,2037600,40.079933166503906
ETN,ETN,2013-01-15,55.20000076293945,55.779998779296875,55.20000076293945,55.59000015258789,2164300,40.26826477050781
ETN,ETN,2013-01-16,55.540000915527344,55.540000915527344,55.0,55.099998474121094,2600300,39.91331481933594
ETN,ETN,2013-01-17,55.47999954223633,56.52000045776367,55.279998779296875,56.41999816894531,3511000,40.86949157714844
ETN,ETN,2013-01-18,56.560001373291016,57.029998779296875,55.75,56.66999816894531,3589700,41.050594329833984
ETN,ETN,2013-01-22,56.75,56.9900016784668,55.970001220703125,56.97999954223633,3274300,41.275146484375
ETN,ETN,2013-01-23,56.7599983215332,56.84000015258789,56.380001068115234,56.560001373291016,2386900,40.97089767456055
ETN,ETN,2013-01-24,56.5,57.47999954223633,56.279998779296875,57.310001373291016,3866500,41.51419448852539
ETN,ETN,2013-01-25,57.400001525878906,57.72999954223633,57.04999923706055,57.52000045776367,2887200,41.66632080078125
ETN,ETN,2013-01-28,57.68000030517578,57.86000061035156,57.060001373291016,57.25,2093100,41.470733642578125
ETN,ETN,2013-01-29,57.209999084472656,57.61000061035156,56.81999969482422,57.540000915527344,1665300,41.68080520629883
ETN,ETN,2013-01-30,57.43000030517578,57.65999984741211,56.869998931884766,56.95000076293945,1903600,41.25342559814453
ETN,ETN,2013-01-31,56.70000076293945,57.11000061035156,56.470001220703125,56.95000076293945,2888700,41.25342559814453
ETN,ETN,2013-02-01,57.650001525878906,58.869998931884766,57.099998474121094,57.52000045776367,6602600,41.66632080078125
ETN,ETN,2013-02-04,56.08000183105469,57.29999923706055,55.599998474121094,56.58000183105469,5462000,40.985408782958984
ETN,ETN,2013-02-05,56.93000030517578,60.45000076293945,56.02000045776367,59.369998931884766,10292000,43.006412506103516
ETN,ETN,2013-02-06,59.400001525878906,59.81999969482422,59.0,59.650001525878906,6833800,43.20924758911133
ETN,ETN,2013-02-07,59.7599983215332,59.790000915527344,58.599998474121094,58.880001068115234,4628200,42.65146255493164
ETN,ETN,2013-02-08,58.95000076293945,59.599998474121094,58.81999969482422,58.91999816894531,4440900,42.68043899536133
ETN,ETN,2013-02-11,58.83000183105469,59.77000045776367,58.810001373291016,59.66999816894531,2990600,43.22372817993164
ETN,ETN,2013-02-12,59.68000030517578,60.29999923706055,59.439998626708984,60.209999084472656,2833100,43.614891052246094
ETN,ETN,2013-02-13,60.40999984741211,61.470001220703125,60.310001373291016,61.040000915527344,3033900,44.21612548828125
ETN,ETN,2013-02-14,60.66999816894531,61.459999084472656,60.61000061035156,61.2400016784668,2522500,44.36100769042969
ETN,ETN,2013-02-15,61.52000045776367,61.540000915527344,60.72999954223633,60.869998931884766,2936200,44.092979431152344
ETN,ETN,2013-02-19,61.04999923706055,61.54999923706055,61.04999923706055,61.4900016784668,2514500,44.54209899902344
ETN,ETN,2013-02-20,61.61000061035156,61.709999084472656,60.619998931884766,60.7400016784668,3834000,43.99882125854492
ETN,ETN,2013-02-21,60.2400016784668,60.279998779296875,59.290000915527344,59.45000076293945,3778600,43.064361572265625
ETN,ETN,2013-02-22,59.790000915527344,60.36000061035156,59.689998626708984,59.75,2711600,43.28168487548828
ETN,ETN,2013-02-25,60.31999969482422,61.060001373291016,59.25,59.27000045776367,4589900,42.933982849121094
ETN,ETN,2013-02-26,59.959999084472656,60.22999954223633,58.93000030517578,59.560001373291016,3254500,43.14405059814453
ETN,ETN,2013-02-27,59.439998626708984,61.97999954223633,59.31999969482422,61.689998626708984,3003100,44.68697738647461
ETN,ETN,2013-02-28,61.529998779296875,62.560001373291016,61.25,61.970001220703125,3798800,44.88981628417969
ETN,ETN,2013-03-01,61.45000076293945,63.630001068115234,61.16999816894531,62.65999984741211,5229000,45.389625549316406
ETN,ETN,2013-03-04,62.5099983215332,62.849998474121094,61.029998779296875,62.119998931884766,3951500,44.99845886230469
ETN,ETN,2013-03-05,62.40999984741211,63.119998931884766,62.0099983215332,62.150001525878906,3418400,45.02019119262695
ETN,ETN,2013-03-06,62.400001525878906,62.939998626708984,61.95000076293945,62.619998931884766,2813000,45.360652923583984
ETN,ETN,2013-03-07,62.369998931884766,62.5099983215332,61.79999923706055,62.02000045776367,1915000,45.2293815612793
ETN,ETN,2013-03-08,62.459999084472656,63.41999816894531,62.2400016784668,63.349998474121094,2581400,46.199310302734375
ETN,ETN,2013-03-11,63.11000061035156,63.5,62.83000183105469,63.38999938964844,1703500,46.228492736816406
ETN,ETN,2013-03-12,63.290000915527344,63.290000915527344,61.959999084472656,62.84000015258789,2716900,45.827392578125
ETN,ETN,2013-03-13,62.849998474121094,63.59000015258789,62.56999969482422,63.41999816894531,3144800,46.2503547668457
ETN,ETN,2013-03-14,63.790000915527344,63.810001373291016,62.810001373291016,63.16999816894531,2793500,46.06803894042969
ETN,ETN,2013-03-15,62.880001068115234,63.2400016784668,62.5099983215332,62.56999969482422,4203300,45.630489349365234
ETN,ETN,2013-03-18,61.900001525878906,62.439998626708984,61.56999969482422,61.83000183105469,2596200,45.09082794189453
ETN,ETN,2013-03-19,62.0,62.099998474121094,60.779998779296875,61.38999938964844,2409000,44.769935607910156
ETN,ETN,2013-03-20,61.959999084472656,62.849998474121094,61.939998626708984,62.68000030517578,2487500,45.710693359375
ETN,ETN,2013-03-21,62.38999938964844,63.27000045776367,62.25,62.619998931884766,3024400,45.666954040527344
ETN,ETN,2013-03-22,62.849998474121094,63.4900016784668,62.630001068115234,63.27000045776367,2609000,46.14095687866211
ETN,ETN,2013-03-25,63.18000030517578,63.65999984741211,61.91999816894531,61.97999954223633,3461700,45.20022201538086
ETN,ETN,2013-03-26,62.220001220703125,62.45000076293945,61.13999938964844,61.15999984741211,3364700,44.602210998535156
ETN,ETN,2013-03-27,60.709999084472656,61.20000076293945,60.349998474121094,60.7400016784668,5384300,44.29591751098633
ETN,ETN,2013-03-28,60.86000061035156,61.459999084472656,60.599998474121094,61.25,4510100,44.6678352355957
ETN,ETN,2013-04-01,61.25,62.150001525878906,60.810001373291016,61.18000030517578,3277100,44.61679458618164
ETN,ETN,2013-04-02,61.560001373291016,61.68000030517578,60.68000030517578,60.93000030517578,2706500,44.434478759765625
ETN,ETN,2013-04-03,61.130001068115234,61.22999954223633,58.54999923706055,59.25,5596300,43.20930099487305
ETN,ETN,2013-04-04,59.20000076293945,59.81999969482422,58.93000030517578,59.529998779296875,3921500,43.41349411010742
ETN,ETN,2013-04-05,58.630001068115234,59.400001525878906,58.27000045776367,59.31999969482422,3303000,43.26033401489258
ETN,ETN,2013-04-08,59.310001373291016,60.34000015258789,59.130001068115234,60.33000183105469,2720200,43.99690628051758
ETN,ETN,2013-04-09,60.47999954223633,60.720001220703125,59.79999923706055,60.470001220703125,3067600,44.0990104675293
ETN,ETN,2013-04-10,60.470001220703125,61.2400016784668,60.099998474121094,61.119998931884766,2475800,44.57302474975586
ETN,ETN,2013-04-11,61.16999816894531,62.880001068115234,61.099998474121094,61.689998626708984,2978800,44.98872375488281
ETN,ETN,2013-04-12,61.2400016784668,61.4900016784668,60.0,60.29999923706055,2648000,43.975032806396484
ETN,ETN,2013-04-15,59.900001525878906,60.040000915527344,57.09000015258789,57.220001220703125,4962000,41.7288703918457
ETN,ETN,2013-04-16,58.099998474121094,59.18000030517578,58.0,59.04999923706055,3128400,43.063438415527344
ETN,ETN,2013-04-17,58.540000915527344,58.54999923706055,56.720001220703125,57.349998474121094,4571300,41.82368087768555
ETN,ETN,2013-04-18,57.5,57.58000183105469,55.40999984741211,55.79999923706055,6419500,40.69331741333008
ETN,ETN,2013-04-19,55.779998779296875,57.189998626708984,55.689998626708984,56.959999084472656,4691200,41.53925704956055
ETN,ETN,2013-04-22,57.0,57.41999816894531,56.45000076293945,56.88999938964844,3818100,41.48822784423828
ETN,ETN,2013-04-23,57.0099983215332,58.599998474121094,56.97999954223633,58.15999984741211,3767000,42.41439437866211
ETN,ETN,2013-04-24,58.02000045776367,58.83000183105469,58.02000045776367,58.619998931884766,2911900,42.7498664855957
ETN,ETN,2013-04-25,58.90999984741211,59.2400016784668,58.63999938964844,58.689998626708984,2487100,42.800899505615234
ETN,ETN,2013-04-26,59.150001525878906,59.369998931884766,57.959999084472656,58.650001525878906,3571100,42.77174377441406
ETN,ETN,2013-04-29,60.40999984741211,62.029998779296875,60.040000915527344,60.279998779296875,6078800,43.96044158935547
ETN,ETN,2013-04-30,60.40999984741211,61.720001220703125,59.88999938964844,61.40999984741211,4319900,44.78452682495117
ETN,ETN,2013-05-01,61.02000045776367,61.02000045776367,59.18000030517578,59.27000045776367,4415500,43.22389221191406
ETN,ETN,2013-05-02,59.209999084472656,60.08000183105469,59.18000030517578,59.45000076293945,3949600,43.664573669433594
ETN,ETN,2013-05-03,60.25,62.18000030517578,60.25,61.650001525878906,4798200,45.28041458129883
ETN,ETN,2013-05-06,61.540000915527344,62.619998931884766,61.4900016784668,62.06999969482422,2562900,45.58889389038086
ETN,ETN,2013-05-07,62.52000045776367,63.4900016784668,62.38999938964844,63.459999084472656,2643800,46.60980987548828
ETN,ETN,2013-05-08,63.5,64.69999694824219,63.209999084472656,64.55999755859375,3383800,47.41774368286133
ETN,ETN,2013-05-09,64.30000305175781,65.31999969482422,64.19999694824219,64.73999786376953,2851400,47.54994201660156
ETN,ETN,2013-05-10,64.68000030517578,65.30999755859375,64.56999969482422,64.93000030517578,2155200,47.68949890136719
ETN,ETN,2013-05-13,64.80999755859375,65.0,64.11000061035156,64.2300033569336,2013900,47.17536544799805
ETN,ETN,2013-05-14,64.13999938964844,65.18000030517578,64.13999938964844,65.08999633789062,2853800,47.8070068359375
ETN,ETN,2013-05-15,64.58999633789062,65.70999908447266,64.51000213623047,65.68000030517578,2263300,48.24037170410156
ETN,ETN,2013-05-16,65.29000091552734,66.22000122070312,65.27999877929688,65.69999694824219,3091000,48.25505065917969
ETN,ETN,2013-05-17,66.30999755859375,67.01000213623047,65.8499984741211,66.86000061035156,3977900,49.107032775878906
ETN,ETN,2013-05-20,66.75,68.16000366210938,66.43000030517578,68.06999969482422,2801000,49.99576187133789
ETN,ETN,2013-05-21,67.98999786376953,68.81999969482422,67.95999908447266,68.69000244140625,3104400,50.45112228393555
ETN,ETN,2013-05-22,68.66999816894531,69.52999877929688,68.04000091552734,68.87999725341797,5064600,50.590675354003906
ETN,ETN,2013-05-23,67.77999877929688,68.5999984741211,67.30000305175781,68.23999786376953,3687400,50.12060546875
ETN,ETN,2013-05-24,67.30000305175781,68.26000213623047,67.30000305175781,68.2300033569336,2251600,50.11324691772461
ETN,ETN,2013-05-28,69.19999694824219,69.91999816894531,68.5,68.66999816894531,2589300,50.436424255371094
ETN,ETN,2013-05-29,68.19999694824219,68.26000213623047,67.02999877929688,67.23999786376953,3386500,49.38613510131836
ETN,ETN,2013-05-30,67.58000183105469,67.98999786376953,67.11000061035156,67.7699966430664,1945900,49.77540588378906
ETN,ETN,2013-05-31,67.27999877929688,67.81999969482422,66.05999755859375,66.05999755859375,3847100,48.519439697265625
ETN,ETN,2013-06-03,66.4000015258789,66.80999755859375,64.97000122070312,66.22000122070312,3151900,48.63698196411133
ETN,ETN,2013-06-04,66.19999694824219,67.01000213623047,65.19000244140625,65.58999633789062,2929500,48.17424392700195
ETN,ETN,2013-06-05,65.30000305175781,65.45999908447266,64.0199966430664,64.08000183105469,3229100,47.0651969909668
ETN,ETN,2013-06-06,64.20999908447266,64.4000015258789,63.47999954223633,64.4000015258789,2681100,47.30022430419922
ETN,ETN,2013-06-07,64.87000274658203,65.75,64.77999877929688,65.62000274658203,3174400,48.1962890625
ETN,ETN,2013-06-10,65.69000244140625,66.9800033569336,65.06999969482422,65.63999938964844,7466900,48.210994720458984
ETN,ETN,2013-06-11,65.04000091552734,65.43000030517578,64.30000305175781,64.55999755859375,3501100,47.41774368286133
ETN,ETN,2013-06-12,65.43000030517578,65.43000030517578,63.439998626708984,63.52000045776367,2933000,46.65388870239258
ETN,ETN,2013-06-13,63.38999938964844,65.19999694824219,63.119998931884766,64.83000183105469,2936400,47.61606216430664
ETN,ETN,2013-06-14,64.69000244140625,65.27999877929688,64.4000015258789,64.58000183105469,1792900,47.43242645263672
ETN,ETN,2013-06-17,65.0199966430664,65.47000122070312,64.27999877929688,64.73999786376953,2537300,47.54994201660156
ETN,ETN,2013-06-18,64.87999725341797,65.97000122070312,64.55000305175781,65.83999633789062,1951200,48.35785675048828
ETN,ETN,2013-06-19,65.81999969482422,65.94000244140625,64.69999694824219,64.69999694824219,1890100,47.52057647705078
ETN,ETN,2013-06-20,63.75,64.4000015258789,63.16999816894531,63.56999969482422,3599500,46.69060134887695
ETN,ETN,2013-06-21,64.12000274658203,64.62000274658203,63.0,63.959999084472656,3826700,46.9770622253418
ETN,ETN,2013-06-24,62.81999969482422,62.88999938964844,61.22999954223633,62.189998626708984,4371900,45.677024841308594
ETN,ETN,2013-06-25,62.779998779296875,63.349998474121094,61.970001220703125,63.150001525878906,3033200,46.38212966918945
ETN,ETN,2013-06-26,63.75,64.2300033569336,63.209999084472656,63.939998626708984,1976800,46.962364196777344
ETN,ETN,2013-06-27,64.55999755859375,65.56999969482422,64.55999755859375,65.22000122070312,2815800,47.902503967285156
ETN,ETN,2013-06-28,65.08000183105469,65.87999725341797,64.91000366210938,65.80999755859375,8398100,48.33585739135742
ETN,ETN,2013-07-01,65.76000213623047,67.16999816894531,65.55000305175781,66.4800033569336,3159200,48.82793426513672
ETN,ETN,2013-07-02,66.2300033569336,67.08000183105469,65.72000122070312,66.04000091552734,2697900,48.50475311279297
ETN,ETN,2013-07-03,65.75,66.55999755859375,65.51000213623047,66.22000122070312,1226700,48.63698196411133
ETN,ETN,2013-07-05,66.61000061035156,67.76000213623047,66.55000305175781,67.72000122070312,2387900,49.73868942260742
ETN,ETN,2013-07-08,68.11000061035156,68.30000305175781,67.76000213623047,67.95999908447266,2548800,49.914955139160156
ETN,ETN,2013-07-09,68.25,68.87000274658203,67.95999908447266,68.11000061035156,2503800,50.025123596191406
ETN,ETN,2013-07-10,68.13999938964844,68.31999969482422,67.05999755859375,67.38999938964844,2584000,49.49630355834961
ETN,ETN,2013-07-11,68.37999725341797,68.62999725341797,67.83000183105469,68.20999908447266,3210000,50.09857940673828
ETN,ETN,2013-07-12,68.23999786376953,68.4000015258789,67.83000183105469,68.33999633789062,1915200,50.19405746459961
ETN,ETN,2013-07-15,68.06999969482422,68.55999755859375,68.0199966430664,68.19000244140625,2919300,50.083885192871094
ETN,ETN,2013-07-16,68.1500015258789,68.25,66.44000244140625,66.5,2788800,48.842628479003906
ETN,ETN,2013-07-17,66.98999786376953,67.48999786376953,66.88999938964844,66.91999816894531,2090200,49.151100158691406
ETN,ETN,2013-07-18,67.33000183105469,67.7300033569336,66.94999694824219,67.63999938964844,2058100,49.679931640625
ETN,ETN,2013-07-19,67.83000183105469,68.3499984741211,67.41999816894531,68.27999877929688,2020500,50.14998245239258
ETN,ETN,2013-07-22,68.26000213623047,68.6500015258789,68.0199966430664,68.12000274658203,1304100,50.032474517822266
ETN,ETN,2013-07-23,68.33999633789062,69.11000061035156,68.16000366210938,68.94999694824219,2228300,50.64208984375
ETN,ETN,2013-07-24,69.11000061035156,69.18000030517578,67.9000015258789,68.08000183105469,2424600,50.00310134887695
ETN,ETN,2013-07-25,67.66000366210938,68.04000091552734,67.11000061035156,68.0199966430664,1913300,49.95902633666992
ETN,ETN,2013-07-26,67.44000244140625,68.04000091552734,67.30999755859375,68.02999877929688,1754900,49.96636962890625
ETN,ETN,2013-07-29,68.0,68.18000030517578,67.52999877929688,67.62000274658203,1383900,49.66524887084961
ETN,ETN,2013-07-30,68.08000183105469,68.55999755859375,67.83000183105469,68.30000305175781,1726700,50.16469192504883
ETN,ETN,2013-07-31,68.36000061035156,69.44000244140625,68.2300033569336,68.94999694824219,2220500,50.64208984375
ETN,ETN,2013-08-01,69.52999877929688,70.06999969482422,69.29000091552734,69.93000030517578,2843700,51.676658630371094
ETN,ETN,2013-08-02,66.63999938964844,67.69999694824219,65.4000015258789,66.05999755859375,10999100,48.816802978515625
ETN,ETN,2013-08-05,66.1500015258789,66.54000091552734,65.66000366210938,66.33000183105469,3920800,49.0163459777832
ETN,ETN,2013-08-06,66.0,66.18000030517578,65.36000061035156,65.5,2867800,48.402992248535156
ETN,ETN,2013-08-07,65.4000015258789,65.4000015258789,64.38999938964844,64.55000305175781,3384800,47.700958251953125
ETN,ETN,2013-08-08,64.80000305175781,65.58000183105469,64.80000305175781,65.3499984741211,3983900,48.29213333129883
ETN,ETN,2013-08-09,64.88999938964844,65.97000122070312,64.8499984741211,65.62000274658203,2291300,48.491668701171875
ETN,ETN,2013-08-12,65.37999725341797,66.83999633789062,65.19000244140625,66.47000122070312,2518200,49.11980438232422
ETN,ETN,2013-08-13,66.66000366210938,67.30000305175781,66.41999816894531,66.94000244140625,1842800,49.467132568359375
ETN,ETN,2013-08-14,66.93000030517578,67.16999816894531,66.62999725341797,66.79000091552734,1463900,49.35626220703125
ETN,ETN,2013-08-15,66.08000183105469,66.11000061035156,65.0,65.23999786376953,3035700,48.21086120605469
ETN,ETN,2013-08-16,65.23999786376953,65.97000122070312,65.16999816894531,65.44000244140625,2615600,48.358646392822266
ETN,ETN,2013-08-19,65.2699966430664,65.52999877929688,64.75,64.83000183105469,1510500,47.907875061035156
ETN,ETN,2013-08-20,64.83000183105469,65.4000015258789,64.31999969482422,65.12000274658203,1575200,48.122169494628906
ETN,ETN,2013-08-21,64.91999816894531,65.9800033569336,64.63999938964844,65.47000122070312,2634300,48.38080978393555
ETN,ETN,2013-08-22,65.8499984741211,67.23999786376953,65.68000030517578,67.0,1766000,49.511451721191406
ETN,ETN,2013-08-23,67.11000061035156,67.23999786376953,66.25,66.88999938964844,1544200,49.430171966552734
ETN,ETN,2013-08-26,66.95999908447266,67.0,65.81999969482422,65.9800033569336,1611600,48.75770950317383
ETN,ETN,2013-08-27,65.12000274658203,65.2300033569336,63.95000076293945,64.04000091552734,2654800,47.32408142089844
ETN,ETN,2013-08-28,63.95000076293945,64.29000091552734,63.61000061035156,63.810001373291016,1832800,47.154117584228516
ETN,ETN,2013-08-29,63.709999084472656,64.66999816894531,63.61000061035156,63.9900016784668,1453000,47.287132263183594
ETN,ETN,2013-08-30,64.0,64.0999984741211,63.189998626708984,63.31999969482422,1672600,46.792015075683594
ETN,ETN,2013-09-03,64.27999877929688,64.66999816894531,62.88999938964844,63.08000183105469,3364400,46.61467361450195
ETN,ETN,2013-09-04,63.09000015258789,65.11000061035156,63.0099983215332,64.98999786376953,3411100,48.02609634399414
ETN,ETN,2013-09-05,64.83999633789062,65.66000366210938,64.63999938964844,65.44000244140625,1707500,48.358646392822266
ETN,ETN,2013-09-06,65.61000061035156,66.43000030517578,64.56999969482422,65.62999725341797,2595100,48.49904251098633
ETN,ETN,2013-09-09,66.19000244140625,67.66000366210938,66.12999725341797,66.75,3577900,49.326698303222656
ETN,ETN,2013-09-10,67.41000366210938,67.97000122070312,67.36000061035156,67.87999725341797,2786900,50.1617546081543
ETN,ETN,2013-09-11,67.54000091552734,68.3499984741211,67.26000213623047,68.0,1735900,50.25042724609375
ETN,ETN,2013-09-12,67.98999786376953,68.05000305175781,66.91000366210938,67.16999816894531,1959200,49.6370849609375
ETN,ETN,2013-09-13,67.02999877929688,67.45999908447266,66.62000274658203,67.33000183105469,1320200,49.755306243896484
ETN,ETN,2013-09-16,68.44999694824219,68.9800033569336,68.2300033569336,68.52999877929688,2133300,50.64208984375
ETN,ETN,2013-09-17,68.3499984741211,68.41999816894531,67.91999816894531,68.22000122070312,1594700,50.41301345825195
ETN,ETN,2013-09-18,68.11000061035156,69.88999938964844,68.06999969482422,69.73999786376953,2242700,51.53623962402344
ETN,ETN,2013-09-19,69.94000244140625,71.16000366210938,69.9000015258789,70.79000091552734,3727900,52.31217575073242
ETN,ETN,2013-09-20,70.7699966430664,71.36000061035156,70.56999969482422,70.56999969482422,3473900,52.149620056152344
ETN,ETN,2013-09-23,70.2300033569336,70.43000030517578,68.94999694824219,69.48999786376953,2521300,51.35149002075195
ETN,ETN,2013-09-24,69.02999877929688,71.27999877929688,68.95999908447266,70.43000030517578,2762600,52.04615020751953
ETN,ETN,2013-09-25,70.4000015258789,71.11000061035156,69.83000183105469,70.4000015258789,1865700,52.02397537231445
ETN,ETN,2013-09-26,70.69999694824219,70.94999694824219,70.1500015258789,70.51000213623047,1272100,52.105262756347656
ETN,ETN,2013-09-27,70.29000091552734,70.29000091552734,69.43000030517578,69.69000244140625,1789100,51.49931335449219
ETN,ETN,2013-09-30,68.91999816894531,69.26000213623047,68.43000030517578,68.83999633789062,2856800,50.87117385864258
ETN,ETN,2013-10-01,68.72000122070312,70.1500015258789,68.72000122070312,68.98999786376953,3149600,50.981998443603516
ETN,ETN,2013-10-02,68.66000366210938,69.56999969482422,67.87999725341797,69.26000213623047,4071300,51.1815071105957
ETN,ETN,2013-10-03,69.13999938964844,69.1500015258789,67.83999633789062,68.2300033569336,2433200,50.42037582397461
ETN,ETN,2013-10-04,68.30999755859375,69.16000366210938,67.8499984741211,69.05000305175781,1744600,51.0263557434082
ETN,ETN,2013-10-07,68.12000274658203,68.26000213623047,67.19000244140625,67.20999908447266,3019900,49.6666259765625
ETN,ETN,2013-10-08,67.33999633789062,67.4000015258789,65.75,65.9000015258789,3132000,48.69858169555664
ETN,ETN,2013-10-09,66.01000213623047,66.16999816894531,65.19999694824219,65.6500015258789,2914000,48.513816833496094
ETN,ETN,2013-10-10,66.56999969482422,68.08999633789062,66.43000030517578,67.91999816894531,3014400,50.19130325317383
ETN,ETN,2013-10-11,67.88999938964844,69.30000305175781,67.75,69.30000305175781,2468400,51.211097717285156
ETN,ETN,2013-10-14,68.47000122070312,69.37999725341797,68.0199966430664,68.94999694824219,1865100,50.95246505737305
ETN,ETN,2013-10-15,68.5,68.58999633789062,66.6500015258789,66.94000244140625,3976900,49.467132568359375
ETN,ETN,2013-10-16,67.5199966430664,67.62999725341797,66.05999755859375,66.79000091552734,3517200,49.35626220703125
ETN,ETN,2013-10-17,66.56999969482422,67.45999908447266,66.4000015258789,67.33000183105469,2986500,49.755306243896484
ETN,ETN,2013-10-18,67.51000213623047,68.86000061035156,67.41000366210938,68.7300033569336,3388700,50.789894104003906
ETN,ETN,2013-10-21,69.11000061035156,69.19000244140625,68.16000366210938,68.37999725341797,2883900,50.53123092651367
ETN,ETN,2013-10-22,68.76000213623047,69.37999725341797,68.58000183105469,69.0199966430664,2204500,51.004188537597656
ETN,ETN,2013-10-23,68.72000122070312,68.75,67.3499984741211,67.7699966430664,2428700,50.080467224121094
ETN,ETN,2013-10-24,67.7699966430664,68.9000015258789,67.11000061035156,68.5,3791000,50.61992263793945
ETN,ETN,2013-10-25,68.0199966430664,72.54000091552734,67.5,71.63999938964844,10766300,52.940303802490234
ETN,ETN,2013-10-28,71.72000122070312,71.91999816894531,70.11000061035156,70.55000305175781,3990600,52.13481903076172
ETN,ETN,2013-10-29,70.93000030517578,71.43000030517578,70.08999633789062,71.30999755859375,3117600,52.69645690917969
ETN,ETN,2013-10-30,71.16000366210938,72.0999984741211,70.9000015258789,71.29000091552734,4247500,52.68167495727539
ETN,ETN,2013-10-31,70.66000366210938,71.13999938964844,70.18000030517578,70.55999755859375,3287200,52.451236724853516
ETN,ETN,2013-11-01,70.55000305175781,71.12999725341797,69.7300033569336,70.66999816894531,2956900,52.532997131347656
ETN,ETN,2013-11-04,70.94999694824219,71.16000366210938,70.26000213623047,70.62000274658203,1760100,52.495819091796875
ETN,ETN,2013-11-05,70.30000305175781,70.54000091552734,69.69999694824219,70.05999755859375,2595500,52.07954788208008
ETN,ETN,2013-11-06,70.41999816894531,70.95999908447266,69.95999908447266,70.20999908447266,1948900,52.19104766845703
ETN,ETN,2013-11-07,70.44999694824219,70.70999908447266,68.79000091552734,68.91999816894531,2627800,51.232112884521484
ETN,ETN,2013-11-08,69.04000091552734,70.63999938964844,69.0,70.5999984741211,2350200,52.480960845947266
ETN,ETN,2013-11-11,70.66000366210938,71.2699966430664,70.4800033569336,70.98999786376953,1686200,52.77085494995117
ETN,ETN,2013-11-12,70.9000015258789,72.08999633789062,70.58999633789062,71.9000015258789,3317200,53.44731521606445
ETN,ETN,2013-11-13,71.41999816894531,72.44999694824219,71.41000366210938,72.44999694824219,1925800,53.85615158081055
ETN,ETN,2013-11-14,72.4800033569336,72.73999786376953,72.02999877929688,72.30000305175781,1935600,53.74467468261719
ETN,ETN,2013-11-15,72.45999908447266,72.52999877929688,72.12999725341797,72.30000305175781,2417900,53.74467468261719
ETN,ETN,2013-11-18,72.43000030517578,72.7300033569336,71.83000183105469,72.06999969482422,2415500,53.57368469238281
ETN,ETN,2013-11-19,72.06999969482422,72.25,71.05999755859375,71.29000091552734,2163500,52.9938850402832
ETN,ETN,2013-11-20,71.30000305175781,72.04000091552734,70.75,70.88999938964844,1926500,52.696537017822266
ETN,ETN,2013-11-21,71.44999694824219,72.72000122070312,71.38999938964844,72.54000091552734,2263000,53.92307662963867
ETN,ETN,2013-11-22,72.33000183105469,73.19000244140625,72.05000305175781,73.0,2214000,54.265037536621094
ETN,ETN,2013-11-25,73.06999969482422,73.44000244140625,72.51000213623047,72.7699966430664,2114300,54.094051361083984
ETN,ETN,2013-11-26,72.80000305175781,73.12999725341797,72.56999969482422,72.83000183105469,1903800,54.13862609863281
ETN,ETN,2013-11-27,72.91000366210938,73.4000015258789,72.68000030517578,72.8499984741211,1129800,54.153507232666016
ETN,ETN,2013-11-29,72.72000122070312,73.06999969482422,72.4000015258789,72.66000366210938,1083400,54.01227951049805
ETN,ETN,2013-12-02,72.66000366210938,73.2300033569336,71.7300033569336,71.88999938964844,1936400,53.43988800048828
ETN,ETN,2013-12-03,72.08000183105469,72.20999908447266,70.86000061035156,71.16000366210938,2457000,52.89725112915039
ETN,ETN,2013-12-04,70.80000305175781,71.69999694824219,70.08999633789062,70.30000305175781,3904700,52.25795364379883
ETN,ETN,2013-12-05,70.16000366210938,71.69999694824219,70.12000274658203,71.31999969482422,2449400,53.01616668701172
ETN,ETN,2013-12-06,72.30999755859375,73.0,71.70999908447266,72.41999816894531,2221500,53.8338623046875
ETN,ETN,2013-12-09,72.26000213623047,72.70999908447266,71.80000305175781,72.30000305175781,2215500,53.74467468261719
ETN,ETN,2013-12-10,72.16000366210938,72.73999786376953,71.79000091552734,72.08999633789062,2106900,53.58856964111328
ETN,ETN,2013-12-11,72.08999633789062,72.41000366210938,70.76000213623047,70.95999908447266,1833600,52.748558044433594
ETN,ETN,2013-12-12,70.66999816894531,71.25,70.36000061035156,70.56999969482422,1638700,52.45866394042969
ETN,ETN,2013-12-13,70.8499984741211,71.16000366210938,70.41000366210938,70.97000122070312,2078900,52.756004333496094
ETN,ETN,2013-12-16,72.08000183105469,73.05000305175781,71.93000030517578,72.87000274658203,3110900,54.168392181396484
ETN,ETN,2013-12-17,72.86000061035156,73.72000122070312,72.44000244140625,73.44999694824219,3607500,54.59951400756836
ETN,ETN,2013-12-18,73.44999694824219,75.0,72.91999816894531,75.0,3080200,55.751731872558594
ETN,ETN,2013-12-19,74.4800033569336,74.5999984741211,73.80999755859375,74.4800033569336,2104800,55.36519241333008
ETN,ETN,2013-12-20,74.83000183105469,76.22000122070312,74.7699966430664,75.72000122070312,3619200,56.28694534301758
ETN,ETN,2013-12-23,76.08000183105469,76.19999694824219,74.9000015258789,75.44000244140625,2352100,56.078819274902344
ETN,ETN,2013-12-24,75.33999633789062,76.0999984741211,75.16999816894531,75.7300033569336,610100,56.294395446777344
ETN,ETN,2013-12-26,75.80000305175781,76.7300033569336,75.80000305175781,76.58000183105469,1441200,56.92623519897461
ETN,ETN,2013-12-27,76.61000061035156,77.0,76.51000213623047,76.75,964400,57.05259323120117
ETN,ETN,2013-12-30,76.52999877929688,76.75,75.94999694824219,76.01000213623047,1728100,56.50252151489258
ETN,ETN,2013-12-31,76.19000244140625,76.2699966430664,75.77999877929688,76.12000274658203,2722600,56.58428192138672
ETN,ETN,2014-01-02,75.73999786376953,75.98999786376953,75.18000030517578,75.48999786376953,3774100,56.115966796875
ETN,ETN,2014-01-03,75.55000305175781,76.08999633789062,75.37999725341797,75.70999908447266,1936400,56.2795295715332
ETN,ETN,2014-01-06,76.19000244140625,76.44999694824219,75.18000030517578,75.37999725341797,2077100,56.03418731689453
ETN,ETN,2014-01-07,75.44000244140625,75.9800033569336,75.11000061035156,75.54000091552734,1940800,56.15311813354492
ETN,ETN,2014-01-08,75.58000183105469,75.58000183105469,74.94999694824219,75.27999877929688,2330000,55.95987319946289
ETN,ETN,2014-01-09,75.73999786376953,76.20999908447266,75.01000213623047,75.55000305175781,2436600,56.16056823730469
ETN,ETN,2014-01-10,75.66999816894531,76.41999816894531,75.36000061035156,76.31999969482422,2360600,56.73297119140625
ETN,ETN,2014-01-13,75.06999969482422,75.56999969482422,73.56999969482422,74.06999969482422,6969400,55.06040954589844
ETN,ETN,2014-01-14,74.16999816894531,75.69999694824219,73.88999938964844,75.69999694824219,3925200,56.27207565307617
ETN,ETN,2014-01-15,75.87000274658203,76.56999969482422,75.63999938964844,76.44000244140625,2636700,56.82217025756836
ETN,ETN,2014-01-16,76.2699966430664,77.12000274658203,76.20999908447266,76.54000091552734,2381600,56.8964958190918
ETN,ETN,2014-01-17,76.62999725341797,77.16000366210938,76.30999755859375,76.8499984741211,3159800,57.12693405151367
ETN,ETN,2014-01-21,77.63999938964844,78.19000244140625,77.12999725341797,77.66999816894531,3205400,57.73649978637695
ETN,ETN,2014-01-22,77.3499984741211,77.55000305175781,76.55999755859375,77.19000244140625,2863800,57.37968444824219
ETN,ETN,2014-01-23,76.4000015258789,76.4800033569336,75.29000091552734,75.94000244140625,2733600,56.45051956176758
ETN,ETN,2014-01-24,75.12000274658203,75.25,72.9800033569336,73.12999725341797,4556600,54.36165237426758
ETN,ETN,2014-01-27,73.33000183105469,73.9800033569336,72.12000274658203,72.79000091552734,2676100,54.108909606933594
ETN,ETN,2014-01-28,73.22000122070312,74.01000213623047,72.98999786376953,73.55000305175781,1748900,54.673866271972656
ETN,ETN,2014-01-29,72.8499984741211,74.19999694824219,72.68000030517578,73.4800033569336,2793300,54.62184143066406
ETN,ETN,2014-01-30,74.12000274658203,74.23999786376953,73.4000015258789,73.91000366210938,2833800,54.941471099853516
ETN,ETN,2014-01-31,72.66000366210938,73.47000122070312,72.44999694824219,73.08999633789062,3121200,54.331905364990234
ETN,ETN,2014-02-03,73.44000244140625,73.83999633789062,70.18000030517578,70.2699966430664,4858500,52.23564529418945
ETN,ETN,2014-02-04,68.5,69.0,67.30000305175781,68.6500015258789,9149500,51.03139877319336
ETN,ETN,2014-02-05,67.91000366210938,69.1500015258789,66.88999938964844,69.0999984741211,6970500,51.36592102050781
ETN,ETN,2014-02-06,69.02999877929688,70.18000030517578,68.87999725341797,69.06999969482422,4986200,51.343631744384766
ETN,ETN,2014-02-07,69.31999969482422,70.83999633789062,68.80000305175781,70.62000274658203,5031500,52.495819091796875
ETN,ETN,2014-02-10,70.5,70.63999938964844,69.33999633789062,69.54000091552734,2816500,51.69298553466797
ETN,ETN,2014-02-11,69.91999816894531,70.30000305175781,69.41000366210938,70.01000213623047,3340900,52.042388916015625
ETN,ETN,2014-02-12,70.33000183105469,71.37999725341797,70.16999816894531,71.0999984741211,4603600,52.852630615234375
ETN,ETN,2014-02-13,70.43000030517578,71.69999694824219,70.25,71.55000305175781,2169300,53.187171936035156
ETN,ETN,2014-02-14,71.48999786376953,73.06999969482422,71.2300033569336,72.72000122070312,2825300,54.05687713623047
ETN,ETN,2014-02-18,72.97000122070312,73.05999755859375,72.11000061035156,72.47000122070312,1773700,53.87104415893555
ETN,ETN,2014-02-19,72.11000061035156,73.16000366210938,72.08999633789062,72.12999725341797,2146000,53.6182975769043
ETN,ETN,2014-02-20,72.16000366210938,73.16000366210938,71.75,72.97000122070312,2619300,54.24270248413086
ETN,ETN,2014-02-21,73.38999938964844,73.97000122070312,73.19999694824219,73.5,2663100,54.636695861816406
ETN,ETN,2014-02-24,73.77999877929688,75.38999938964844,73.77999877929688,74.9800033569336,3503600,55.73686218261719
ETN,ETN,2014-02-25,74.7300033569336,75.88999938964844,74.55999755859375,75.36000061035156,3374000,56.01933288574219
ETN,ETN,2014-02-26,75.45999908447266,76.16000366210938,75.30999755859375,75.77999877929688,3933300,56.33153533935547
ETN,ETN,2014-02-27,75.68000030517578,76.0,75.22000122070312,75.44999694824219,2607300,56.086238861083984
ETN,ETN,2014-02-28,75.44999694824219,76.13999938964844,74.25,74.70999908447266,4705000,55.53618240356445
ETN,ETN,2014-03-03,73.94999694824219,74.0999984741211,72.55000305175781,73.47000122070312,5792100,54.61438751220703
ETN,ETN,2014-03-04,74.5,74.69999694824219,73.87000274658203,73.87999725341797,4624000,54.91916275024414
ETN,ETN,2014-03-05,74.2699966430664,74.63999938964844,73.94999694824219,74.4000015258789,3526900,55.305721282958984
ETN,ETN,2014-03-06,74.0999984741211,75.37999725341797,74.02999877929688,75.33999633789062,3215300,56.37576675415039
ETN,ETN,2014-03-07,75.7300033569336,76.6500015258789,75.55000305175781,76.1500015258789,4176600,56.98186492919922
ETN,ETN,2014-03-10,75.87000274658203,75.94000244140625,74.72000122070312,74.87000274658203,2467600,56.02405548095703
ETN,ETN,2014-03-11,75.04000091552734,75.4800033569336,74.16000366210938,74.52999877929688,2721600,55.7696533203125
ETN,ETN,2014-03-12,74.0199966430664,74.25,73.08000183105469,73.80000305175781,2409500,55.22341537475586
ETN,ETN,2014-03-13,74.05999755859375,74.19000244140625,72.0999984741211,72.55000305175781,2776900,54.28805923461914
ETN,ETN,2014-03-14,72.01000213623047,72.88999938964844,71.18000030517578,71.2699966430664,3474000,53.330238342285156
ETN,ETN,2014-03-17,71.9800033569336,73.1500015258789,71.97000122070312,72.4000015258789,3343100,54.17580795288086
ETN,ETN,2014-03-18,72.77999877929688,73.43000030517578,72.69999694824219,73.33000183105469,1962100,54.871681213378906
ETN,ETN,2014-03-19,73.26000213623047,73.37000274658203,71.62000274658203,72.05999755859375,3096500,53.92137908935547
ETN,ETN,2014-03-20,72.0199966430664,72.9800033569336,71.88999938964844,72.7699966430664,1731100,54.452674865722656
ETN,ETN,2014-03-21,73.45999908447266,74.44000244140625,72.58000183105469,72.6500015258789,2526800,54.36288070678711
ETN,ETN,2014-03-24,73.05999755859375,73.41999816894531,71.70999908447266,72.68000030517578,2570300,54.385311126708984
ETN,ETN,2014-03-25,73.54000091552734,74.19999694824219,73.18000030517578,73.93000030517578,2663300,55.320674896240234
ETN,ETN,2014-03-26,74.51000213623047,74.61000061035156,72.97000122070312,72.9800033569336,2554500,54.60979080200195
ETN,ETN,2014-03-27,72.79000091552734,73.48999786376953,72.0999984741211,73.30000305175781,2374000,54.84925842285156
ETN,ETN,2014-03-28,73.45999908447266,74.51000213623047,73.30999755859375,74.2300033569336,1705500,55.54517364501953
ETN,ETN,2014-03-31,74.72000122070312,75.54000091552734,74.70999908447266,75.12000274658203,2315700,56.21113586425781
ETN,ETN,2014-04-01,74.7699966430664,75.80000305175781,74.58999633789062,75.7699966430664,2587100,56.69752883911133
ETN,ETN,2014-04-02,76.05000305175781,77.16000366210938,75.69999694824219,76.66999816894531,2521100,57.370967864990234
ETN,ETN,2014-04-03,77.0,77.62000274658203,76.66999816894531,77.0199966430664,2750300,57.632877349853516
ETN,ETN,2014-04-04,77.30999755859375,77.70999908447266,75.37000274658203,75.56999969482422,3811700,56.54787826538086
ETN,ETN,2014-04-07,75.19000244140625,75.36000061035156,72.98999786376953,73.38999938964844,3325600,54.916603088378906
ETN,ETN,2014-04-08,73.51000213623047,73.81999969482422,72.77999877929688,73.37999725341797,3352200,54.90912628173828
ETN,ETN,2014-04-09,73.5,74.83999633789062,73.37999725341797,74.79000091552734,2353600,55.964202880859375
ETN,ETN,2014-04-10,74.86000061035156,74.94000244140625,72.69000244140625,72.83999633789062,2393800,54.505043029785156
ETN,ETN,2014-04-11,72.58999633789062,72.58999633789062,70.55999755859375,70.91999816894531,4130200,53.06834030151367
ETN,ETN,2014-04-14,71.72000122070312,71.88999938964844,70.4000015258789,71.02999877929688,3497900,53.15065002441406
ETN,ETN,2014-04-15,71.06999969482422,71.93000030517578,70.26000213623047,71.88999938964844,3159700,53.79417419433594
ETN,ETN,2014-04-16,72.38999938964844,73.04000091552734,72.08999633789062,72.94999694824219,2137600,54.58734893798828
ETN,ETN,2014-04-17,73.52999877929688,74.26000213623047,72.98999786376953,73.81999969482422,2757100,55.238346099853516
ETN,ETN,2014-04-21,73.80000305175781,74.06999969482422,73.25,73.93000030517578,1686200,55.320674896240234
ETN,ETN,2014-04-22,73.98999786376953,74.88999938964844,73.81999969482422,74.43000030517578,1662500,55.69482421875
ETN,ETN,2014-04-23,74.33000183105469,75.0199966430664,74.08999633789062,74.37999725341797,1960700,55.657405853271484
ETN,ETN,2014-04-24,74.70999908447266,75.31999969482422,74.05999755859375,74.95999908447266,2031600,56.09140396118164
ETN,ETN,2014-04-25,74.73999786376953,74.97000122070312,73.72000122070312,73.94999694824219,1966900,55.335636138916016
ETN,ETN,2014-04-28,74.0999984741211,75.05000305175781,73.45999908447266,74.5,3172000,55.747196197509766
ETN,ETN,2014-04-29,73.88999938964844,74.5,71.77999877929688,72.1500015258789,5955600,53.98874282836914
ETN,ETN,2014-04-30,72.08000183105469,72.98999786376953,71.30999755859375,72.63999938964844,3968200,54.355384826660156
ETN,ETN,2014-05-01,72.2699966430664,73.25,72.11000061035156,73.13999938964844,3201600,55.10123062133789
ETN,ETN,2014-05-02,72.91999816894531,73.69000244140625,72.72000122070312,72.86000061035156,2735200,54.89029312133789
ETN,ETN,2014-05-05,72.41000366210938,73.16999816894531,71.80999755859375,72.83000183105469,1877100,54.86766052246094
ETN,ETN,2014-05-06,72.56999969482422,72.80000305175781,72.19000244140625,72.37000274658203,2316800,54.52114486694336
ETN,ETN,2014-05-07,72.63999938964844,72.70999908447266,71.61000061035156,72.5,2355800,54.61905288696289
ETN,ETN,2014-05-08,72.45999908447266,73.05000305175781,71.6500015258789,71.91999816894531,2947000,54.182106018066406
ETN,ETN,2014-05-09,72.0,72.01000213623047,71.18000030517578,71.62000274658203,1939700,53.956119537353516
ETN,ETN,2014-05-12,72.16999816894531,73.30999755859375,72.02999877929688,73.04000091552734,2389000,55.025909423828125
ETN,ETN,2014-05-13,73.30000305175781,73.91000366210938,73.0,73.19999694824219,2469700,55.14640808105469
ETN,ETN,2014-05-14,73.33999633789062,73.44999694824219,72.58999633789062,72.73999786376953,1503400,54.79988098144531
ETN,ETN,2014-05-15,72.3499984741211,72.73999786376953,71.55000305175781,72.38999938964844,2763200,54.53620529174805
ETN,ETN,2014-05-16,72.70999908447266,72.76000213623047,71.58999633789062,72.20999908447266,3956900,54.40058898925781
ETN,ETN,2014-05-19,71.88999938964844,72.95999908447266,71.77999877929688,72.63999938964844,1705000,54.72453308105469
ETN,ETN,2014-05-20,72.52999877929688,72.73999786376953,71.72000122070312,72.08999633789062,2350500,54.3101921081543
ETN,ETN,2014-05-21,72.33999633789062,73.0,72.33999633789062,72.94000244140625,2250800,54.9505500793457
ETN,ETN,2014-05-22,73.01000213623047,73.97000122070312,72.73999786376953,73.30000305175781,1969800,55.221763610839844
ETN,ETN,2014-05-23,73.4000015258789,73.80000305175781,72.8499984741211,73.72000122070312,1629600,55.53818130493164
ETN,ETN,2014-05-27,74.0,74.94999694824219,73.75,74.26000213623047,1945200,55.94499588012695
ETN,ETN,2014-05-28,74.26000213623047,74.58999633789062,73.9000015258789,73.9800033569336,2141100,55.73405838012695
ETN,ETN,2014-05-29,74.2300033569336,74.45999908447266,73.55000305175781,74.02999877929688,1619300,55.771732330322266
ETN,ETN,2014-05-30,73.7300033569336,73.94000244140625,73.27999877929688,73.69000244140625,2048000,55.51557922363281
ETN,ETN,2014-06-02,73.75,73.93000030517578,72.94999694824219,73.5999984741211,1776700,55.44776916503906
ETN,ETN,2014-06-03,73.4000015258789,73.66999816894531,73.13999938964844,73.54000091552734,2131400,55.40256881713867
ETN,ETN,2014-06-04,73.44000244140625,73.66999816894531,73.0999984741211,73.37999725341797,1808200,55.282039642333984
ETN,ETN,2014-06-05,73.58000183105469,74.44000244140625,73.30999755859375,73.55999755859375,5181200,55.41762161254883
ETN,ETN,2014-06-06,73.80999755859375,74.88999938964844,73.6500015258789,74.88999938964844,2589000,56.41958999633789
ETN,ETN,2014-06-09,74.91999816894531,76.13999938964844,74.7699966430664,75.55999755859375,2841000,56.92435073852539
ETN,ETN,2014-06-10,75.4000015258789,75.55000305175781,74.83000183105469,75.1500015258789,1529900,56.6154899597168
ETN,ETN,2014-06-11,74.72000122070312,75.4800033569336,74.72000122070312,75.26000213623047,1981500,56.69837951660156
ETN,ETN,2014-06-12,75.38999938964844,75.55999755859375,74.73999786376953,74.93000030517578,2860500,56.44976043701172
ETN,ETN,2014-06-13,75.08999633789062,75.5,74.93000030517578,75.16000366210938,1577700,56.623016357421875
ETN,ETN,2014-06-16,74.98999786376953,76.2300033569336,74.9800033569336,75.81999969482422,2216800,57.120243072509766
ETN,ETN,2014-06-17,75.63999938964844,76.3499984741211,75.30000305175781,76.16000366210938,2207900,57.376399993896484
ETN,ETN,2014-06-18,76.13999938964844,76.68000030517578,75.63999938964844,76.58999633789062,1958200,57.7003173828125
ETN,ETN,2014-06-19,77.44999694824219,77.62000274658203,76.25,76.83000183105469,2314900,57.88114929199219
ETN,ETN,2014-06-20,77.05999755859375,77.73999786376953,76.69000244140625,77.55999755859375,4811200,58.43109893798828
ETN,ETN,2014-06-23,79.20999908447266,79.6500015258789,78.55999755859375,79.23999786376953,4317100,59.69676971435547
ETN,ETN,2014-06-24,78.86000061035156,79.08000183105469,77.31999969482422,77.45999908447266,2998100,58.35578536987305
ETN,ETN,2014-06-25,77.12000274658203,77.61000061035156,76.7699966430664,76.98999786376953,2617200,58.00169372558594
ETN,ETN,2014-06-26,77.05000305175781,77.06999969482422,76.20999908447266,76.97000122070312,2107100,57.98662567138672
ETN,ETN,2014-06-27,76.72000122070312,77.30000305175781,76.43000030517578,77.26000213623047,2189800,58.2050895690918
ETN,ETN,2014-06-30,77.06999969482422,77.33000183105469,76.66999816894531,77.18000030517578,2187000,58.14481735229492
ETN,ETN,2014-07-01,77.48999786376953,77.87000274658203,77.0,77.36000061035156,2435700,58.28042221069336
ETN,ETN,2014-07-02,77.37000274658203,78.3499984741211,77.33000183105469,77.5999984741211,2747300,58.46122741699219
ETN,ETN,2014-07-03,77.86000061035156,78.4800033569336,77.80000305175781,78.29000091552734,1563600,58.98105239868164
ETN,ETN,2014-07-07,78.08000183105469,78.58000183105469,77.3499984741211,78.44999694824219,2797100,59.101585388183594
ETN,ETN,2014-07-08,77.88999938964844,78.05000305175781,77.19999694824219,77.43000030517578,2622100,58.33316421508789
ETN,ETN,2014-07-09,78.05000305175781,78.33000183105469,77.55000305175781,77.9000015258789,2039600,58.68722915649414
ETN,ETN,2014-07-10,76.8499984741211,77.73999786376953,76.58999633789062,77.66000366210938,2644500,58.5064582824707
ETN,ETN,2014-07-11,77.69999694824219,78.0,77.0999984741211,77.81999969482422,1869100,58.626976013183594
ETN,ETN,2014-07-14,78.62999725341797,79.9800033569336,78.58000183105469,79.05000305175781,3857400,59.55362319946289
ETN,ETN,2014-07-15,79.20999908447266,79.43000030517578,78.04000091552734,78.62000274658203,2790900,59.22966003417969
ETN,ETN,2014-07-16,79.08999633789062,79.87999725341797,78.91000366210938,79.44000244140625,3057700,59.84743881225586
ETN,ETN,2014-07-17,79.1500015258789,79.3499984741211,78.11000061035156,78.25,1985500,58.950923919677734
ETN,ETN,2014-07-18,78.44999694824219,78.86000061035156,78.25,78.56999969482422,2435200,59.1920051574707
ETN,ETN,2014-07-21,77.79000091552734,78.05000305175781,77.01000213623047,77.91999816894531,3528200,58.70231246948242
ETN,ETN,2014-07-22,78.62999725341797,78.76000213623047,78.12000274658203,78.31999969482422,1729100,59.003665924072266
ETN,ETN,2014-07-23,78.5,78.62000274658203,77.66000366210938,78.02999877929688,1715400,58.78516387939453
ETN,ETN,2014-07-24,78.1500015258789,78.18000030517578,77.30000305175781,77.37999725341797,2242000,58.295501708984375
ETN,ETN,2014-07-25,77.0999984741211,77.63999938964844,77.0199966430664,77.47000122070312,2404900,58.3632926940918
ETN,ETN,2014-07-28,77.45999908447266,77.52999877929688,76.19999694824219,76.75,2612300,57.82087707519531
ETN,ETN,2014-07-29,75.04000091552734,75.11000061035156,70.16000366210938,70.51000213623047,10518500,53.119869232177734
ETN,ETN,2014-07-30,69.37999725341797,70.12999725341797,68.76000213623047,69.9000015258789,11758100,52.660316467285156
ETN,ETN,2014-07-31,68.91000366210938,69.23999786376953,67.76000213623047,67.91999816894531,6087800,51.52987289428711
ETN,ETN,2014-08-01,67.54000091552734,67.87000274658203,66.9800033569336,67.18000030517578,4525600,50.968467712402344
ETN,ETN,2014-08-04,67.58000183105469,67.97000122070312,66.86000061035156,67.68000030517578,4326200,51.3477897644043
ETN,ETN,2014-08-05,67.31999969482422,68.45999908447266,67.16999816894531,67.5,4262300,51.21123123168945
ETN,ETN,2014-08-06,66.80000305175781,67.1500015258789,66.56999969482422,66.76000213623047,4946600,50.64980697631836
ETN,ETN,2014-08-07,67.3499984741211,67.5999984741211,66.54000091552734,66.72000122070312,3454600,50.61946105957031
ETN,ETN,2014-08-08,67.0,67.76000213623047,66.9800033569336,67.70999908447266,3209800,51.37055969238281
ETN,ETN,2014-08-11,67.86000061035156,68.45999908447266,67.69999694824219,67.93000030517578,2178200,51.53748321533203
ETN,ETN,2014-08-12,67.80000305175781,68.19000244140625,67.72000122070312,67.95999908447266,2100700,51.56021499633789
ETN,ETN,2014-08-13,68.37999725341797,68.95999908447266,68.13999938964844,68.69000244140625,3316900,52.11405944824219
ETN,ETN,2014-08-14,68.77999877929688,68.87000274658203,68.31999969482422,68.56999969482422,2500300,52.02301788330078
ETN,ETN,2014-08-15,68.88999938964844,68.9000015258789,67.69000244140625,68.11000061035156,3389700,51.674041748046875
ETN,ETN,2014-08-18,68.5199966430664,69.0199966430664,68.51000213623047,69.0,3310600,52.34925842285156
ETN,ETN,2014-08-19,69.55000305175781,69.68000030517578,69.04000091552734,69.19999694824219,2188900,52.50099182128906
ETN,ETN,2014-08-20,68.91999816894531,70.5199966430664,68.91999816894531,70.4000015258789,3673800,53.41141891479492
ETN,ETN,2014-08-21,70.5999984741211,70.5999984741211,69.87999725341797,70.05000305175781,1518700,53.145870208740234
ETN,ETN,2014-08-22,69.91000366210938,70.0999984741211,69.63999938964844,69.80999755859375,2038200,52.96379470825195
ETN,ETN,2014-08-25,70.2300033569336,70.62999725341797,70.05999755859375,70.29000091552734,1585400,53.32795333862305
ETN,ETN,2014-08-26,70.55999755859375,70.69000244140625,70.0,70.0,1838700,53.10795211791992
ETN,ETN,2014-08-27,70.0,70.26000213623047,69.6500015258789,69.7699966430664,1826100,52.93342971801758
ETN,ETN,2014-08-28,69.80000305175781,69.80000305175781,69.01000213623047,69.56999969482422,1768000,52.781707763671875
ETN,ETN,2014-08-29,69.9800033569336,69.9800033569336,69.30999755859375,69.80999755859375,1271900,52.96379470825195
ETN,ETN,2014-09-02,70.0,70.48999786376953,69.72000122070312,70.2699966430664,1936900,53.31278610229492
ETN,ETN,2014-09-03,70.55999755859375,70.5999984741211,69.70999908447266,69.80999755859375,2682200,52.96379470825195
ETN,ETN,2014-09-04,69.80999755859375,70.33999633789062,69.30000305175781,69.37000274658203,2198600,52.62996292114258
ETN,ETN,2014-09-05,69.23999786376953,69.37000274658203,68.30999755859375,69.16999816894531,3128800,52.47821807861328
ETN,ETN,2014-09-08,68.9800033569336,69.47000122070312,68.69999694824219,68.8499984741211,1559700,52.235450744628906
ETN,ETN,2014-09-09,68.88999938964844,68.94000244140625,68.11000061035156,68.2300033569336,1924100,51.76506805419922
ETN,ETN,2014-09-10,68.26000213623047,68.4000015258789,67.80999755859375,68.0999984741211,2166800,51.66642761230469
ETN,ETN,2014-09-11,67.9000015258789,68.0,67.5999984741211,67.77999877929688,3338800,51.42366027832031
ETN,ETN,2014-09-12,67.80000305175781,67.80000305175781,67.01000213623047,67.08999633789062,2836100,50.90016555786133
ETN,ETN,2014-09-15,67.01000213623047,67.3499984741211,66.44000244140625,67.0,2666500,50.83189010620117
ETN,ETN,2014-09-16,66.7699966430664,66.91999816894531,65.87000274658203,66.70999908447266,3621200,50.611873626708984
ETN,ETN,2014-09-17,66.70999908447266,66.86000061035156,66.2699966430664,66.36000061035156,2808500,50.34632110595703
ETN,ETN,2014-09-18,66.63999938964844,66.91999816894531,66.44999694824219,66.55999755859375,2701400,50.49806213378906
ETN,ETN,2014-09-19,66.88999938964844,67.05000305175781,66.12000274658203,66.37000274658203,2639600,50.353919982910156
ETN,ETN,2014-09-22,66.16999816894531,66.23999786376953,64.77999877929688,65.06999969482422,3670300,49.36762237548828
ETN,ETN,2014-09-23,64.69999694824219,65.4000015258789,64.11000061035156,65.13999938964844,4035800,49.420738220214844
ETN,ETN,2014-09-24,65.0199966430664,65.80999755859375,64.9000015258789,65.62999725341797,3101900,49.792484283447266
ETN,ETN,2014-09-25,65.20999908447266,65.23999786376953,64.44000244140625,64.44999694824219,3833400,48.89723205566406
ETN,ETN,2014-09-26,64.6500015258789,65.41000366210938,64.44000244140625,65.30999755859375,2890600,49.54970932006836
ETN,ETN,2014-09-29,64.52999877929688,64.88999938964844,64.4000015258789,64.69000244140625,2529600,49.07933044433594
ETN,ETN,2014-09-30,64.76000213623047,64.9000015258789,62.84000015258789,63.369998931884766,5353300,48.07785415649414
ETN,ETN,2014-10-01,63.029998779296875,63.369998931884766,62.43000030517578,62.68000030517578,5457900,47.55437088012695
ETN,ETN,2014-10-02,62.0,62.58000183105469,60.380001068115234,62.040000915527344,6621300,47.068817138671875
ETN,ETN,2014-10-03,62.619998931884766,63.220001220703125,62.5099983215332,63.150001525878906,3790700,47.91096115112305
ETN,ETN,2014-10-06,63.27000045776367,63.79999923706055,62.83000183105469,63.40999984741211,2843300,48.108211517333984
ETN,ETN,2014-10-07,62.97999954223633,62.97999954223633,61.689998626708984,61.689998626708984,3266300,46.80326843261719
ETN,ETN,2014-10-08,61.81999969482422,62.86000061035156,60.939998626708984,62.810001373291016,3739600,47.65299606323242
ETN,ETN,2014-10-09,62.529998779296875,62.63999938964844,59.4900016784668,59.52000045776367,6368900,45.15692138671875
ETN,ETN,2014-10-10,59.380001068115234,59.63999938964844,58.459999084472656,58.91999816894531,5005800,44.701717376708984
ETN,ETN,2014-10-13,58.84000015258789,59.7400016784668,58.209999084472656,58.27000045776367,3723300,44.208560943603516
ETN,ETN,2014-10-14,59.04999923706055,60.33000183105469,58.779998779296875,59.04999923706055,4858900,44.80034255981445
ETN,ETN,2014-10-15,58.380001068115234,59.279998779296875,57.11000061035156,58.970001220703125,4671100,44.739646911621094
ETN,ETN,2014-10-16,57.83000183105469,60.54999923706055,57.709999084472656,59.91999816894531,3940600,45.46039581298828
ETN,ETN,2014-10-17,60.91999816894531,63.040000915527344,60.81999969482422,61.439998626708984,5617300,46.61360168457031
ETN,ETN,2014-10-20,60.970001220703125,61.189998626708984,60.369998931884766,61.099998474121094,2708400,46.355648040771484
ETN,ETN,2014-10-21,61.70000076293945,62.9900016784668,61.630001068115234,62.900001525878906,2389700,47.72127914428711
ETN,ETN,2014-10-22,62.90999984741211,63.0,61.02000045776367,61.099998474121094,3120000,46.355648040771484
ETN,ETN,2014-10-23,62.08000183105469,63.08000183105469,61.91999816894531,62.7400016784668,3428900,47.59988021850586
ETN,ETN,2014-10-24,62.72999954223633,63.09000015258789,62.470001220703125,63.060001373291016,1841500,47.842681884765625
ETN,ETN,2014-10-27,62.7400016784668,62.849998474121094,62.22999954223633,62.54999923706055,2248800,47.45573425292969
ETN,ETN,2014-10-28,63.209999084472656,64.77999877929688,63.189998626708984,64.77999877929688,3388100,49.14760208129883
ETN,ETN,2014-10-29,66.22000122070312,67.22000122070312,65.16999816894531,65.91999816894531,6765800,50.01249694824219
ETN,ETN,2014-10-30,65.51000213623047,67.2300033569336,65.4800033569336,66.7699966430664,3687500,50.657379150390625
ETN,ETN,2014-10-31,67.8499984741211,68.41999816894531,67.26000213623047,68.38999938964844,4427800,51.88646697998047
ETN,ETN,2014-11-03,68.37000274658203,68.68000030517578,67.80000305175781,68.43000030517578,3955800,51.916805267333984
ETN,ETN,2014-11-04,68.33999633789062,68.55999755859375,67.36000061035156,67.91000366210938,2911500,51.52229309082031
ETN,ETN,2014-11-05,68.76000213623047,68.87999725341797,67.69999694824219,68.31999969482422,2736600,51.83335876464844
ETN,ETN,2014-11-06,68.5,69.0999984741211,68.37999725341797,69.05999755859375,2741800,52.39476776123047
ETN,ETN,2014-11-07,68.88999938964844,69.30999755859375,68.41000366210938,69.16999816894531,3087200,52.47821807861328
ETN,ETN,2014-11-10,69.1500015258789,69.41000366210938,68.79000091552734,69.37999725341797,2575500,52.6375617980957
ETN,ETN,2014-11-11,69.02999877929688,69.3499984741211,68.26000213623047,68.44000244140625,2345800,51.924400329589844
ETN,ETN,2014-11-12,67.7699966430664,67.94999694824219,67.16999816894531,67.63999938964844,3016100,51.687503814697266
ETN,ETN,2014-11-13,67.69999694824219,67.79000091552734,66.16999816894531,66.5,3353600,50.816375732421875
ETN,ETN,2014-11-14,66.58000183105469,67.0199966430664,66.2699966430664,66.94000244140625,1955700,51.15260696411133
ETN,ETN,2014-11-17,66.87999725341797,67.29000091552734,66.51000213623047,67.08000183105469,1632500,51.25958251953125
ETN,ETN,2014-11-18,66.94999694824219,67.55000305175781,66.58999633789062,67.41000366210938,1982800,51.51174545288086
ETN,ETN,2014-11-19,67.37000274658203,67.37000274658203,66.58999633789062,66.83999633789062,1568300,51.076175689697266
ETN,ETN,2014-11-20,66.5,67.55000305175781,66.30999755859375,67.36000061035156,1385700,51.47354507446289
ETN,ETN,2014-11-21,68.2300033569336,69.06999969482422,68.1500015258789,68.38999938964844,2514800,52.26063537597656
ETN,ETN,2014-11-24,68.54000091552734,69.12000274658203,68.4000015258789,69.06999969482422,1886200,52.780250549316406
ETN,ETN,2014-11-25,68.97000122070312,69.5999984741211,68.80000305175781,69.47000122070312,2777800,53.085906982421875
ETN,ETN,2014-11-26,69.33999633789062,69.44999694824219,68.72000122070312,69.20999908447266,1552200,52.88722229003906
ETN,ETN,2014-11-28,68.91999816894531,69.2699966430664,67.27999877929688,67.83000183105469,1915100,51.83269119262695
ETN,ETN,2014-12-01,67.56999969482422,67.73999786376953,66.98999786376953,67.19000244140625,3349000,51.34363555908203
ETN,ETN,2014-12-02,67.38999938964844,68.58000183105469,67.25,68.5,3488800,52.344696044921875
ETN,ETN,2014-12-03,68.8499984741211,70.5,68.80999755859375,70.20999908447266,3182800,53.65138244628906
ETN,ETN,2014-12-04,69.75,69.8499984741211,68.91999816894531,69.4800033569336,1765500,53.093544006347656
ETN,ETN,2014-12-05,69.2699966430664,69.61000061035156,69.0199966430664,69.41000366210938,1497800,53.04005432128906
ETN,ETN,2014-12-08,69.25,69.5,67.88999938964844,67.91999816894531,2824800,51.90146255493164
ETN,ETN,2014-12-09,67.05000305175781,68.52999877929688,66.8499984741211,68.5,2042900,52.344696044921875
ETN,ETN,2014-12-10,68.20999908447266,68.30999755859375,66.58999633789062,66.80999755859375,2448300,51.05324172973633
ETN,ETN,2014-12-11,67.08000183105469,67.79000091552734,66.66999816894531,66.83000183105469,2399800,51.068538665771484
ETN,ETN,2014-12-12,66.0199966430664,66.2699966430664,64.69000244140625,64.72000122070312,3348700,49.45616912841797
ETN,ETN,2014-12-15,66.0,66.0,64.2300033569336,64.4000015258789,2877200,49.211639404296875
ETN,ETN,2014-12-16,64.06999969482422,65.91000366210938,64.02999877929688,65.16999816894531,3473200,49.80002975463867
ETN,ETN,2014-12-17,65.11000061035156,65.1500015258789,64.0999984741211,64.87999725341797,4479500,49.57843780517578
ETN,ETN,2014-12-18,65.81999969482422,67.45999908447266,65.81999969482422,67.44999694824219,3147900,51.54232406616211
ETN,ETN,2014-12-19,67.62000274658203,69.26000213623047,67.5999984741211,69.16000366210938,4570800,52.849021911621094
ETN,ETN,2014-12-22,69.61000061035156,69.98999786376953,68.51000213623047,69.06999969482422,2897000,52.780250549316406
ETN,ETN,2014-12-23,69.56999969482422,70.51000213623047,69.25,69.38999938964844,1965200,53.0247802734375
ETN,ETN,2014-12-24,69.55999755859375,69.7699966430664,69.16000366210938,69.30000305175781,734600,52.95600509643555
ETN,ETN,2014-12-26,69.41000366210938,69.91999816894531,69.36000061035156,69.43000030517578,851400,53.055362701416016
ETN,ETN,2014-12-29,69.1500015258789,69.5,69.0,69.33999633789062,1422400,52.986568450927734
ETN,ETN,2014-12-30,69.08999633789062,69.4000015258789,68.69999694824219,68.7699966430664,1455400,52.550987243652344
ETN,ETN,2014-12-31,69.12000274658203,69.2300033569336,67.93000030517578,67.95999908447266,1217200,51.93202209472656
ETN,ETN,2015-01-02,68.38999938964844,68.56999969482422,66.98999786376953,67.93000030517578,1638100,51.90912628173828
ETN,ETN,2015-01-05,67.11000061035156,67.13999938964844,64.94999694824219,65.12000274658203,3206200,49.76183319091797
ETN,ETN,2015-01-06,65.08999633789062,65.25,63.56999969482422,64.38999938964844,3241700,49.20399856567383
ETN,ETN,2015-01-07,65.30999755859375,65.56999969482422,64.3499984741211,64.58000183105469,3120800,49.349185943603516
ETN,ETN,2015-01-08,65.19999694824219,66.91999816894531,65.19999694824219,66.88999938964844,3445900,51.11438751220703
ETN,ETN,2015-01-09,67.08999633789062,67.23999786376953,65.8499984741211,66.05999755859375,2810800,50.48011779785156
ETN,ETN,2015-01-12,65.94999694824219,66.19999694824219,64.94000244140625,65.4800033569336,2848300,50.03693771362305
ETN,ETN,2015-01-13,65.75,66.58999633789062,64.63999938964844,65.45999908447266,3575900,50.02165603637695
ETN,ETN,2015-01-14,64.01000213623047,64.58000183105469,63.310001373291016,64.23999786376953,2394500,49.08937072753906
ETN,ETN,2015-01-15,64.52999877929688,64.66000366210938,63.58000183105469,64.06999969482422,3635900,48.959468841552734
ETN,ETN,2015-01-16,63.650001525878906,64.63999938964844,63.619998931884766,64.58999633789062,3488800,49.356834411621094
ETN,ETN,2015-01-20,64.88999938964844,64.97000122070312,64.25,64.80000305175781,3265200,49.517295837402344
ETN,ETN,2015-01-21,64.3499984741211,65.91999816894531,64.2300033569336,65.81999969482422,3276800,50.29673385620117
ETN,ETN,2015-01-22,66.5999984741211,67.91000366210938,66.13999938964844,67.68000030517578,3463400,51.71806335449219
ETN,ETN,2015-01-23,67.7300033569336,67.7300033569336,66.72000122070312,67.01000213623047,2356100,51.206085205078125
ETN,ETN,2015-01-26,66.72000122070312,67.12000274658203,66.06999969482422,66.81999969482422,1950000,51.0609016418457
ETN,ETN,2015-01-27,65.4000015258789,65.80999755859375,64.69000244140625,65.0199966430664,3771600,49.68540954589844
ETN,ETN,2015-01-28,65.33999633789062,65.51000213623047,63.52000045776367,63.61000061035156,3197400,48.60795974731445
ETN,ETN,2015-01-29,63.439998626708984,64.3499984741211,62.79999923706055,64.19000244140625,3359600,49.05117416381836
ETN,ETN,2015-01-30,63.529998779296875,64.0999984741211,63.06999969482422,63.09000015258789,3911500,48.21060562133789
ETN,ETN,2015-02-02,63.619998931884766,64.91000366210938,62.84000015258789,64.4000015258789,4116900,49.211639404296875
ETN,ETN,2015-02-03,67.88999938964844,70.33000183105469,67.41999816894531,69.79000091552734,7275200,53.3304443359375
ETN,ETN,2015-02-04,69.37999725341797,69.48999786376953,68.16999816894531,68.4800033569336,4301200,52.329402923583984
ETN,ETN,2015-02-05,68.7300033569336,69.58000183105469,68.7300033569336,69.22000122070312,2552600,52.89487075805664
ETN,ETN,2015-02-06,69.48999786376953,70.87000274658203,69.48999786376953,70.05000305175781,3272400,53.52911376953125
ETN,ETN,2015-02-09,69.55000305175781,70.72000122070312,69.54000091552734,70.13999938964844,2079700,53.597896575927734
ETN,ETN,2015-02-10,70.9000015258789,70.94000244140625,69.6500015258789,70.73999786376953,1971600,54.056400299072266
ETN,ETN,2015-02-11,70.36000061035156,70.73999786376953,69.94999694824219,70.33000183105469,2024600,53.74309158325195
ETN,ETN,2015-02-12,70.79000091552734,71.8499984741211,70.3499984741211,71.6500015258789,2697300,54.75175857543945
ETN,ETN,2015-02-13,71.62999725341797,72.70999908447266,71.44999694824219,72.55000305175781,3118800,55.43951416015625
ETN,ETN,2015-02-17,72.37000274658203,72.37000274658203,71.52999877929688,72.12999725341797,1977800,55.11856460571289
ETN,ETN,2015-02-18,72.08000183105469,72.77999877929688,71.7300033569336,72.29000091552734,1655800,55.24082946777344
ETN,ETN,2015-02-19,71.80999755859375,72.54000091552734,71.5,72.12000274658203,1381700,55.11091995239258
ETN,ETN,2015-02-20,72.12999725341797,72.58999633789062,71.30000305175781,72.51000213623047,1779900,55.4089469909668
ETN,ETN,2015-02-23,72.16999816894531,72.44999694824219,71.51000213623047,71.63999938964844,1996600,54.7441291809082
ETN,ETN,2015-02-24,71.58999633789062,72.0,71.47000122070312,71.72000122070312,2073800,54.80526351928711
ETN,ETN,2015-02-25,71.87000274658203,72.0,70.8499984741211,71.55000305175781,2585600,54.67536926269531
ETN,ETN,2015-02-26,71.52999877929688,71.97000122070312,71.30999755859375,71.79000091552734,1905000,54.8587532043457
ETN,ETN,2015-02-27,71.19000244140625,71.51000213623047,70.76000213623047,71.01000213623047,2396600,54.26272201538086
ETN,ETN,2015-03-02,71.01000213623047,71.48999786376953,70.7300033569336,71.0,2208400,54.25507736206055
ETN,ETN,2015-03-03,70.47000122070312,70.9800033569336,70.18000030517578,70.44000244140625,2239800,53.82715606689453
ETN,ETN,2015-03-04,70.2300033569336,70.33000183105469,69.1500015258789,69.6500015258789,2186400,53.22345733642578
ETN,ETN,2015-03-05,69.30000305175781,69.45999908447266,68.81999969482422,69.3499984741211,1732500,53.4160041809082
ETN,ETN,2015-03-06,68.68000030517578,69.20999908447266,67.9800033569336,68.16999816894531,1969100,52.50715255737305
ETN,ETN,2015-03-09,68.2300033569336,68.6500015258789,68.0199966430664,68.5,1633800,52.76133346557617
ETN,ETN,2015-03-10,67.7699966430664,67.83999633789062,67.16000366210938,67.16000366210938,1988400,51.72919845581055
ETN,ETN,2015-03-11,67.31999969482422,67.36000061035156,66.47000122070312,66.56999969482422,1874600,51.27475357055664
ETN,ETN,2015-03-12,66.86000061035156,67.27999877929688,66.63999938964844,67.25,2301500,51.798526763916016
ETN,ETN,2015-03-13,67.0,67.25,66.04000091552734,66.63999938964844,2503400,51.32866287231445
ETN,ETN,2015-03-16,68.12000274658203,68.2300033569336,66.88999938964844,67.79000091552734,3203000,52.214447021484375
ETN,ETN,2015-03-17,67.48999786376953,67.8499984741211,67.12999725341797,67.68000030517578,2215400,52.12971115112305
ETN,ETN,2015-03-18,67.3499984741211,68.72000122070312,66.7300033569336,68.5199966430664,3470900,52.77672576904297
ETN,ETN,2015-03-19,68.0999984741211,68.20999908447266,67.26000213623047,67.58000183105469,2032300,52.05269241333008
ETN,ETN,2015-03-20,68.02999877929688,68.6500015258789,67.91000366210938,68.4800033569336,4282400,52.745914459228516
ETN,ETN,2015-03-23,68.45999908447266,68.69999694824219,67.80999755859375,68.05999755859375,2288400,52.42239761352539
ETN,ETN,2015-03-24,68.02999877929688,68.36000061035156,67.4800033569336,67.87000274658203,2150600,52.27606964111328
ETN,ETN,2015-03-25,67.91999816894531,68.19000244140625,66.80999755859375,66.80999755859375,2193600,51.459598541259766
ETN,ETN,2015-03-26,66.5,66.97000122070312,66.2300033569336,66.66999816894531,1981300,51.35177230834961
ETN,ETN,2015-03-27,66.94999694824219,66.94999694824219,66.31999969482422,66.69999694824219,1386600,51.374881744384766
ETN,ETN,2015-03-30,67.0,68.11000061035156,67.0,67.81999969482422,1385000,52.237548828125
ETN,ETN,2015-03-31,67.27999877929688,68.08000183105469,67.05000305175781,67.94000244140625,3182300,52.329986572265625
ETN,ETN,2015-04-01,67.94999694824219,67.97000122070312,67.0999984741211,67.58000183105469,2935200,52.05269241333008
ETN,ETN,2015-04-02,67.37999725341797,68.30000305175781,66.9800033569336,67.68000030517578,1987600,52.12971115112305
ETN,ETN,2015-04-06,67.0199966430664,69.36000061035156,66.94999694824219,68.94000244140625,2186500,53.10021209716797
ETN,ETN,2015-04-07,68.56999969482422,69.08000183105469,68.3499984741211,68.55999755859375,1765900,52.807518005371094
ETN,ETN,2015-04-08,68.20999908447266,68.5,67.79000091552734,68.1500015258789,1967200,52.491737365722656
ETN,ETN,2015-04-09,68.12999725341797,68.70999908447266,67.6500015258789,68.55000305175781,2398800,52.799827575683594
ETN,ETN,2015-04-10,68.5199966430664,68.97000122070312,68.08999633789062,68.69000244140625,2529400,52.907649993896484
ETN,ETN,2015-04-13,68.77999877929688,68.77999877929688,68.02999877929688,68.33999633789062,1839900,52.6380729675293
ETN,ETN,2015-04-14,68.01000213623047,68.87000274658203,67.76000213623047,68.66000366210938,2583100,52.88456344604492
ETN,ETN,2015-04-15,69.0,70.0,68.5999984741211,69.73999786376953,2984400,53.7164192199707
ETN,ETN,2015-04-16,69.72000122070312,69.72000122070312,69.04000091552734,69.43000030517578,1662400,53.47764587402344
ETN,ETN,2015-04-17,68.94000244140625,69.11000061035156,68.30000305175781,69.11000061035156,2910100,53.23115158081055
ETN,ETN,2015-04-20,69.41999816894531,69.80999755859375,69.2699966430664,69.80999755859375,2749400,53.77032470703125
ETN,ETN,2015-04-21,70.0,70.25,69.04000091552734,69.3499984741211,2378400,53.4160041809082
ETN,ETN,2015-04-22,69.44000244140625,69.54000091552734,68.69000244140625,69.27999877929688,2352700,53.36208724975586
ETN,ETN,2015-04-23,69.12000274658203,69.43000030517578,68.80000305175781,69.0999984741211,2075300,53.22345733642578
ETN,ETN,2015-04-24,69.36000061035156,69.36000061035156,68.41999816894531,68.58000183105469,2130900,52.82292938232422
ETN,ETN,2015-04-27,68.68000030517578,69.62000274658203,68.68000030517578,69.37999725341797,3086600,53.43912887573242
ETN,ETN,2015-04-28,68.83000183105469,69.0,68.12999725341797,68.61000061035156,4924300,52.84605026245117
ETN,ETN,2015-04-29,69.37999725341797,70.37999725341797,68.37000274658203,69.54000091552734,4306800,53.56234359741211
ETN,ETN,2015-04-30,68.41000366210938,69.41000366210938,68.25,68.7300033569336,3521400,53.360511779785156
ETN,ETN,2015-05-01,69.2699966430664,70.56999969482422,68.94999694824219,70.5199966430664,3468200,54.75022888183594
ETN,ETN,2015-05-04,70.55000305175781,70.9800033569336,70.29000091552734,70.80000305175781,2805300,54.967594146728516
ETN,ETN,2015-05-05,71.01000213623047,72.76000213623047,70.98999786376953,71.41000366210938,4437100,55.44120407104492
ETN,ETN,2015-05-06,71.83999633789062,71.97000122070312,71.11000061035156,71.55999755859375,3020000,55.557640075683594
ETN,ETN,2015-05-07,71.58000183105469,71.58000183105469,70.83000183105469,71.25,2448300,55.316978454589844
ETN,ETN,2015-05-08,72.0,72.29000091552734,71.75,72.0999984741211,2076100,55.976898193359375
ETN,ETN,2015-05-11,71.9000015258789,72.66000366210938,71.9000015258789,72.2699966430664,1854600,56.108882904052734
ETN,ETN,2015-05-12,71.91999816894531,72.01000213623047,71.44000244140625,71.94000244140625,1693400,55.85268020629883
ETN,ETN,2015-05-13,72.0999984741211,73.26000213623047,72.01000213623047,72.80999755859375,2621000,56.52812576293945
ETN,ETN,2015-05-14,73.41000366210938,73.81999969482422,73.12000274658203,73.5,2767400,57.0638313293457
ETN,ETN,2015-05-15,73.36000061035156,73.4000015258789,72.69999694824219,73.31999969482422,2944700,56.92408752441406
ETN,ETN,2015-05-18,73.05000305175781,73.62000274658203,72.66000366210938,73.45999908447266,1748900,57.03276062011719
ETN,ETN,2015-05-19,73.27999877929688,73.36000061035156,72.41000366210938,72.80000305175781,1904800,56.52037811279297
ETN,ETN,2015-05-20,72.91000366210938,73.0,72.48999786376953,72.7699966430664,6877900,56.4970817565918
ETN,ETN,2015-05-21,72.41000366210938,73.61000061035156,72.38999938964844,73.4000015258789,2564600,56.986183166503906
ETN,ETN,2015-05-22,73.37999725341797,73.51000213623047,73.08999633789062,73.08999633789062,1514300,56.745513916015625
ETN,ETN,2015-05-26,72.80000305175781,72.83999633789062,71.6500015258789,72.01000213623047,2452200,55.907039642333984
ETN,ETN,2015-05-27,72.31999969482422,73.12999725341797,71.97000122070312,72.9800033569336,1949400,56.66009521484375
ETN,ETN,2015-05-28,72.62999725341797,72.94000244140625,72.11000061035156,72.77999877929688,1715900,56.50484848022461
ETN,ETN,2015-05-29,72.80999755859375,73.0,71.37000274658203,71.58999633789062,2497300,55.58094787597656
ETN,ETN,2015-06-01,71.79000091552734,72.06999969482422,71.27999877929688,71.58000183105469,1613200,55.57320022583008
ETN,ETN,2015-06-02,71.52999877929688,72.7300033569336,71.48999786376953,72.3499984741211,1759600,56.17099380493164
ETN,ETN,2015-06-03,72.70999908447266,73.27999877929688,72.12999725341797,72.87000274658203,1776500,56.5747184753418
ETN,ETN,2015-06-04,72.44999694824219,72.48999786376953,71.66000366210938,72.04000091552734,2222700,55.930328369140625
ETN,ETN,2015-06-05,71.91999816894531,72.08999633789062,71.45999908447266,71.75,1854500,55.70516586303711
ETN,ETN,2015-06-08,71.66999816894531,72.08999633789062,71.48999786376953,71.66000366210938,1575500,55.63529586791992
ETN,ETN,2015-06-09,71.66000366210938,72.11000061035156,71.4000015258789,71.48999786376953,1292300,55.50330352783203
ETN,ETN,2015-06-10,72.02999877929688,72.68000030517578,71.94000244140625,72.54000091552734,1717800,56.318504333496094
ETN,ETN,2015-06-11,72.87999725341797,72.98999786376953,72.16999816894531,72.56999969482422,1315900,56.3417854309082
ETN,ETN,2015-06-12,72.30999755859375,72.4800033569336,71.5199966430664,71.87999725341797,1746600,55.80610656738281
ETN,ETN,2015-06-15,71.33000183105469,71.33000183105469,70.52999877929688,70.88999938964844,1781200,55.03748321533203
ETN,ETN,2015-06-16,70.62000274658203,70.81999969482422,69.95999908447266,70.44000244140625,2344700,54.6881217956543
ETN,ETN,2015-06-17,70.62999725341797,70.69000244140625,69.88999938964844,70.37999725341797,2082800,54.64152526855469
ETN,ETN,2015-06-18,70.55000305175781,71.30999755859375,70.4800033569336,71.05000305175781,1825000,55.16169738769531
ETN,ETN,2015-06-19,70.87999725341797,70.87999725341797,70.16999816894531,70.19999694824219,3127200,54.501773834228516
ETN,ETN,2015-06-22,70.61000061035156,70.76000213623047,70.06999969482422,70.19999694824219,1863300,54.501773834228516
ETN,ETN,2015-06-23,70.08000183105469,70.41999816894531,70.0,70.30000305175781,1936200,54.57941818237305
ETN,ETN,2015-06-24,70.05000305175781,70.2300033569336,69.4800033569336,69.58999633789062,2142300,54.02817916870117
ETN,ETN,2015-06-25,69.66999816894531,69.83000183105469,68.44999694824219,68.54000091552734,2238800,53.21297836303711
ETN,ETN,2015-06-26,68.73999786376953,68.80000305175781,68.0999984741211,68.27999877929688,2348700,53.0111198425293
ETN,ETN,2015-06-29,67.75,68.08999633789062,66.86000061035156,66.93000030517578,2255800,51.9630241394043
ETN,ETN,2015-06-30,67.83000183105469,68.13999938964844,67.11000061035156,67.48999786376953,3044900,52.39778518676758
ETN,ETN,2015-07-01,67.9800033569336,68.12999725341797,67.38999938964844,67.63999938964844,2151400,52.51426315307617
ETN,ETN,2015-07-02,67.76000213623047,68.2300033569336,67.3499984741211,67.41000366210938,1971100,52.33568572998047
ETN,ETN,2015-07-06,66.66000366210938,67.44999694824219,66.3499984741211,66.73999786376953,1868900,51.81550598144531
ETN,ETN,2015-07-07,66.91999816894531,66.95999908447266,65.2699966430664,66.91000366210938,3143500,51.94750213623047
ETN,ETN,2015-07-08,66.41000366210938,66.51000213623047,65.20999908447266,65.41000366210938,2037000,50.78293228149414
ETN,ETN,2015-07-09,66.22000122070312,67.72000122070312,65.38999938964844,65.38999938964844,2297200,50.767391204833984
ETN,ETN,2015-07-10,66.25,66.37999725341797,65.43000030517578,65.7699966430664,1570200,51.06242370605469
ETN,ETN,2015-07-13,66.27999877929688,66.4800033569336,65.94999694824219,66.41000366210938,1795500,51.55931091308594
ETN,ETN,2015-07-14,66.26000213623047,66.61000061035156,66.04000091552734,66.43000030517578,1712100,51.574825286865234
ETN,ETN,2015-07-15,66.30000305175781,66.36000061035156,65.41999816894531,65.73999786376953,2299900,51.03911209106445
ETN,ETN,2015-07-16,66.33000183105469,66.4000015258789,65.5999984741211,65.9800033569336,2103200,51.22545623779297
ETN,ETN,2015-07-17,65.66000366210938,65.97000122070312,64.91000366210938,65.11000061035156,2177700,50.55000305175781
ETN,ETN,2015-07-20,65.04000091552734,65.51000213623047,64.94999694824219,65.25,1659400,50.65869140625
ETN,ETN,2015-07-21,64.9800033569336,65.13999938964844,63.90999984741211,64.01000213623047,3462000,49.69599914550781
ETN,ETN,2015-07-22,63.790000915527344,64.19999694824219,63.369998931884766,63.47999954223633,2166300,49.28451156616211
ETN,ETN,2015-07-23,63.40999984741211,63.810001373291016,62.869998931884766,62.9900016784668,3664900,48.90409851074219
ETN,ETN,2015-07-24,63.0,63.029998779296875,60.47999954223633,61.150001525878906,7003600,47.475563049316406
ETN,ETN,2015-07-27,60.849998474121094,61.22999954223633,60.34000015258789,60.56999969482422,3084900,47.0252571105957
ETN,ETN,2015-07-28,61.06999969482422,61.79999923706055,60.689998626708984,61.4900016784668,3041200,47.73952865600586
ETN,ETN,2015-07-29,60.04999923706055,62.52000045776367,59.5,61.79999923706055,7330800,47.980194091796875
ETN,ETN,2015-07-30,60.63999938964844,61.279998779296875,60.119998931884766,61.08000183105469,3394500,47.84702682495117
ETN,ETN,2015-07-31,61.310001373291016,61.310001373291016,60.5099983215332,60.58000183105469,3295200,47.455345153808594
ETN,ETN,2015-08-03,60.45000076293945,60.58000183105469,59.84000015258789,60.2599983215332,2767700,47.20467758178711
ETN,ETN,2015-08-04,60.43000030517578,60.709999084472656,59.4900016784668,59.58000183105469,3022200,46.67201614379883
ETN,ETN,2015-08-05,60.11000061035156,60.599998474121094,59.5,59.619998931884766,3420200,46.70334243774414
ETN,ETN,2015-08-06,59.880001068115234,60.41999816894531,59.5,59.97999954223633,2527800,46.98533248901367
ETN,ETN,2015-08-07,59.83000183105469,60.290000915527344,59.54999923706055,59.849998474121094,2371400,46.88351058959961
ETN,ETN,2015-08-10,60.2599983215332,61.400001525878906,60.150001525878906,61.38999938964844,2425200,48.089881896972656
ETN,ETN,2015-08-11,60.650001525878906,60.650001525878906,59.77000045776367,60.11000061035156,2668100,47.08717727661133
ETN,ETN,2015-08-12,59.779998779296875,60.40999984741211,59.43000030517578,60.29999923706055,2934100,47.23600769042969
ETN,ETN,2015-08-13,59.97999954223633,60.59000015258789,59.70000076293945,59.939998626708984,1719000,46.954002380371094
ETN,ETN,2015-08-14,59.599998474121094,60.2599983215332,59.599998474121094,59.959999084472656,2079800,46.969669342041016
ETN,ETN,2015-08-17,59.65999984741211,60.43000030517578,59.2599983215332,60.33000183105469,1375400,47.25951385498047
ETN,ETN,2015-08-18,60.06999969482422,60.22999954223633,59.7400016784668,59.81999969482422,2128100,46.860008239746094
ETN,ETN,2015-08-19,59.36000061035156,59.61000061035156,58.209999084472656,58.650001525878906,3259600,45.943485260009766
ETN,ETN,2015-08-20,58.290000915527344,58.61000061035156,58.0,58.119998931884766,3600400,45.5283088684082
ETN,ETN,2015-08-21,57.630001068115234,58.0,56.689998626708984,56.689998626708984,4869200,44.40812683105469
ETN,ETN,2015-08-24,51.77000045776367,55.630001068115234,49.209999084472656,54.31999969482422,6020200,42.55158615112305
ETN,ETN,2015-08-25,56.38999938964844,56.38999938964844,52.66999816894531,52.709999084472656,4600300,41.29039764404297
ETN,ETN,2015-08-26,54.0099983215332,54.779998779296875,53.13999938964844,54.56999969482422,4609700,42.7474250793457
ETN,ETN,2015-08-27,55.25,56.7400016784668,55.0099983215332,56.630001068115234,4180500,44.361114501953125
ETN,ETN,2015-08-28,56.349998474121094,57.45000076293945,56.16999816894531,57.04999923706055,2974500,44.690128326416016
ETN,ETN,2015-08-31,56.70000076293945,57.540000915527344,56.130001068115234,57.060001373291016,2835300,44.69796371459961
ETN,ETN,2015-09-01,55.75,56.31999969482422,54.61000061035156,54.900001525878906,3634400,43.00593566894531
ETN,ETN,2015-09-02,55.779998779296875,55.790000915527344,54.540000915527344,55.56999969482422,2915000,43.5307731628418
ETN,ETN,2015-09-03,55.33000183105469,56.02000045776367,55.040000915527344,55.290000915527344,3216700,43.31143569946289
ETN,ETN,2015-09-04,54.4900016784668,55.310001373291016,54.130001068115234,55.04999923706055,3367000,43.12342071533203
ETN,ETN,2015-09-08,55.97999954223633,56.810001373291016,55.7599983215332,56.68000030517578,2952000,44.40028381347656
ETN,ETN,2015-09-09,57.34000015258789,57.630001068115234,55.869998931884766,55.9900016784668,2676000,43.85976791381836
ETN,ETN,2015-09-10,56.130001068115234,56.52000045776367,55.459999084472656,55.86000061035156,2396000,43.75794982910156
ETN,ETN,2015-09-11,55.90999984741211,56.15999984741211,55.34000015258789,55.720001220703125,1762200,43.64826202392578
ETN,ETN,2015-09-14,55.63999938964844,55.7400016784668,54.54999923706055,54.68000030517578,4092800,42.833587646484375
ETN,ETN,2015-09-15,54.709999084472656,55.81999969482422,54.54999923706055,55.7400016784668,3461500,43.66393280029297
ETN,ETN,2015-09-16,55.790000915527344,56.650001525878906,55.529998779296875,56.540000915527344,2364100,44.29061508178711
ETN,ETN,2015-09-17,56.22999954223633,56.41999816894531,54.90999984741211,55.04999923706055,4300800,43.12342071533203
ETN,ETN,2015-09-18,54.29999923706055,54.439998626708984,52.5099983215332,52.93000030517578,6767400,41.46272277832031
ETN,ETN,2015-09-21,53.029998779296875,53.4900016784668,52.689998626708984,53.2599983215332,3546500,41.721214294433594
ETN,ETN,2015-09-22,52.45000076293945,53.0099983215332,52.150001525878906,53.0,3802500,41.51755142211914
ETN,ETN,2015-09-23,53.060001373291016,53.18000030517578,52.209999084472656,52.36000061035156,3649900,41.01622009277344
ETN,ETN,2015-09-24,51.72999954223633,52.33000183105469,50.86000061035156,52.189998626708984,6620200,40.88304138183594
ETN,ETN,2015-09-25,52.400001525878906,52.560001373291016,51.619998931884766,51.91999816894531,6819500,40.67154312133789
ETN,ETN,2015-09-28,51.47999954223633,51.68000030517578,49.93000030517578,50.04999923706055,6838000,39.20668411254883
ETN,ETN,2015-09-29,50.220001220703125,50.849998474121094,49.93000030517578,50.65999984741211,3104200,39.68452453613281
ETN,ETN,2015-09-30,51.290000915527344,51.56999969482422,50.75,51.29999923706055,3120500,40.18585968017578
ETN,ETN,2015-10-01,51.439998626708984,51.66999816894531,50.27000045776367,50.58000183105469,2934800,39.621856689453125
ETN,ETN,2015-10-02,49.779998779296875,51.40999984741211,49.459999084472656,51.400001525878906,5100800,40.26420211791992
ETN,ETN,2015-10-05,51.56999969482422,53.29999923706055,51.5,52.7599983215332,3842700,41.32955551147461
ETN,ETN,2015-10-06,52.900001525878906,53.33000183105469,52.220001220703125,52.58000183105469,5230100,41.18855285644531
ETN,ETN,2015-10-07,53.25,54.72999954223633,52.880001068115234,54.11000061035156,5431700,42.3870735168457
ETN,ETN,2015-10-08,54.0099983215332,55.47999954223633,53.900001525878906,55.29999923706055,3902400,43.31926727294922
ETN,ETN,2015-10-09,54.79999923706055,55.650001525878906,54.54999923706055,54.81999969482422,3168300,42.94325637817383
ETN,ETN,2015-10-12,54.86000061035156,55.0,53.959999084472656,54.13999938964844,2491900,42.41056823730469
ETN,ETN,2015-10-13,53.83000183105469,54.11000061035156,53.45000076293945,53.5,2498600,41.90923309326172
ETN,ETN,2015-10-14,53.400001525878906,53.5,52.58000183105469,52.75,2935700,41.32172393798828
ETN,ETN,2015-10-15,52.459999084472656,52.61000061035156,51.40999984741211,52.099998474121094,4716000,40.81254959106445
ETN,ETN,2015-10-16,52.06999969482422,52.06999969482422,50.68000030517578,51.150001525878906,6785300,40.068359375
ETN,ETN,2015-10-19,50.75,51.31999969482422,50.61000061035156,51.27000045776367,4398200,40.16236114501953
ETN,ETN,2015-10-20,51.040000915527344,53.08000183105469,50.880001068115234,52.369998931884766,7151800,41.0240478515625
ETN,ETN,2015-10-21,52.84000015258789,53.29999923706055,52.400001525878906,52.52000045776367,3576500,41.14155197143555
ETN,ETN,2015-10-22,52.72999954223633,54.959999084472656,52.720001220703125,54.349998474121094,4617100,42.57508087158203
ETN,ETN,2015-10-23,54.63999938964844,55.34000015258789,54.0,54.310001373291016,3169000,42.54374694824219
ETN,ETN,2015-10-26,54.4900016784668,54.68000030517578,53.689998626708984,53.779998779296875,2820300,42.12856674194336
ETN,ETN,2015-10-27,53.310001373291016,53.310001373291016,51.88999938964844,52.75,3036400,41.32172393798828
ETN,ETN,2015-10-28,52.880001068115234,54.22999954223633,52.869998931884766,54.08000183105469,3409500,42.363582611083984
ETN,ETN,2015-10-29,53.68000030517578,54.45000076293945,53.68000030517578,54.310001373291016,3574600,42.54374694824219
ETN,ETN,2015-10-30,54.310001373291016,56.4900016784668,54.0,55.90999984741211,7023400,43.79710006713867
ETN,ETN,2015-11-02,55.4900016784668,56.970001220703125,55.189998626708984,56.720001220703125,4576100,44.43162155151367
ETN,ETN,2015-11-03,56.5,57.459999084472656,56.400001525878906,56.7400016784668,4003100,44.4472770690918
ETN,ETN,2015-11-04,57.0099983215332,57.810001373291016,56.65999984741211,56.7400016784668,3962800,44.4472770690918
ETN,ETN,2015-11-05,56.130001068115234,57.40999984741211,55.959999084472656,57.11000061035156,6716200,45.17502212524414
ETN,ETN,2015-11-06,56.70000076293945,57.400001525878906,56.459999084472656,57.220001220703125,5281400,45.26203918457031
ETN,ETN,2015-11-09,57.22999954223633,57.290000915527344,56.040000915527344,56.36000061035156,3952200,44.58176803588867
ETN,ETN,2015-11-10,55.83000183105469,56.439998626708984,55.540000915527344,56.22999954223633,3707700,44.47892761230469
ETN,ETN,2015-11-11,55.79999923706055,56.099998474121094,55.400001525878906,55.52000045776367,4158300,43.917301177978516
ETN,ETN,2015-11-12,54.91999816894531,55.209999084472656,54.08000183105469,54.189998626708984,5806300,42.86524963378906
ETN,ETN,2015-11-13,54.08000183105469,54.77000045776367,53.9900016784668,54.11000061035156,3638400,42.801971435546875
ETN,ETN,2015-11-16,54.099998474121094,55.41999816894531,54.040000915527344,55.40999984741211,2748500,43.83028793334961
ETN,ETN,2015-11-17,55.599998474121094,55.880001068115234,55.029998779296875,55.439998626708984,2918700,43.85401916503906
ETN,ETN,2015-11-18,55.040000915527344,56.95000076293945,55.040000915527344,56.880001068115234,3028300,44.993099212646484
ETN,ETN,2015-11-19,56.970001220703125,56.97999954223633,56.150001525878906,56.77000045776367,4470700,44.90607833862305
ETN,ETN,2015-11-20,57.029998779296875,57.68000030517578,56.93000030517578,57.59000015258789,4810000,45.554718017578125
ETN,ETN,2015-11-23,57.45000076293945,57.779998779296875,57.189998626708984,57.220001220703125,3386100,45.26203918457031
ETN,ETN,2015-11-24,57.0,57.77000045776367,56.54999923706055,57.689998626708984,3163800,45.63381576538086
ETN,ETN,2015-11-25,57.61000061035156,58.18000030517578,57.439998626708984,57.95000076293945,3167800,45.8394775390625
ETN,ETN,2015-11-27,57.869998931884766,58.18000030517578,57.599998474121094,58.099998474121094,1049200,45.9581298828125
ETN,ETN,2015-11-30,58.20000076293945,58.59000015258789,57.97999954223633,58.15999984741211,3267100,46.005592346191406
ETN,ETN,2015-12-01,58.349998474121094,58.58000183105469,58.0099983215332,58.45000076293945,3122400,46.23499298095703
ETN,ETN,2015-12-02,58.099998474121094,58.470001220703125,56.959999084472656,57.130001068115234,3042300,45.19084548950195
ETN,ETN,2015-12-03,57.09000015258789,57.220001220703125,55.150001525878906,55.619998931884766,5184900,43.99641036987305
ETN,ETN,2015-12-04,55.7400016784668,56.2400016784668,55.52000045776367,56.04999923706055,3245100,44.336544036865234
ETN,ETN,2015-12-07,55.849998474121094,55.880001068115234,54.599998474121094,54.709999084472656,3529000,43.27657699584961
ETN,ETN,2015-12-08,54.0,54.209999084472656,52.81999969482422,53.0,5690100,41.92393493652344
ETN,ETN,2015-12-09,52.86000061035156,53.70000076293945,52.470001220703125,52.66999816894531,3593100,41.66289520263672
ETN,ETN,2015-12-10,52.63999938964844,53.04999923706055,52.02000045776367,52.13999938964844,4156400,41.24366760253906
ETN,ETN,2015-12-11,51.41999816894531,51.86000061035156,50.65999984741211,50.869998931884766,5868400,40.23906707763672
ETN,ETN,2015-12-14,50.709999084472656,51.08000183105469,49.97999954223633,50.380001068115234,4220700,39.85148239135742
ETN,ETN,2015-12-15,50.619998931884766,50.900001525878906,49.93000030517578,50.58000183105469,3653500,40.009681701660156
ETN,ETN,2015-12-16,51.29999923706055,52.189998626708984,50.970001220703125,51.9900016784668,4287000,41.12501907348633
ETN,ETN,2015-12-17,51.93000030517578,52.16999816894531,50.11000061035156,50.130001068115234,4476100,39.653709411621094
ETN,ETN,2015-12-18,50.099998474121094,50.5099983215332,49.650001525878906,49.7400016784668,8579300,39.345218658447266
ETN,ETN,2015-12-21,50.2599983215332,50.900001525878906,50.099998474121094,50.709999084472656,5618900,40.112518310546875
ETN,ETN,2015-12-22,51.0,52.34000015258789,50.869998931884766,51.810001373291016,6196200,40.98263931274414
ETN,ETN,2015-12-23,52.36000061035156,53.5,52.279998779296875,53.279998779296875,3577800,42.145423889160156
ETN,ETN,2015-12-24,53.20000076293945,53.5,53.0099983215332,53.25,985900,42.121700286865234
ETN,ETN,2015-12-28,53.099998474121094,53.209999084472656,52.25,52.59000015258789,1913400,41.59962463378906
ETN,ETN,2015-12-29,53.029998779296875,53.459999084472656,52.709999084472656,53.08000183105469,2587300,41.98723220825195
ETN,ETN,2015-12-30,52.88999938964844,53.29999923706055,52.5099983215332,52.59000015258789,1842700,41.59962463378906
ETN,ETN,2015-12-31,52.40999984741211,52.790000915527344,52.02000045776367,52.040000915527344,2164400,41.16455841064453
ETN,ETN,2016-01-04,52.040000915527344,52.2599983215332,50.779998779296875,52.220001220703125,3840100,41.30693817138672
ETN,ETN,2016-01-05,52.220001220703125,52.34000015258789,51.2599983215332,51.849998474121094,2102300,41.01426696777344
ETN,ETN,2016-01-06,50.81999969482422,51.290000915527344,50.36000061035156,50.91999816894531,2873000,40.27862548828125
ETN,ETN,2016-01-07,49.95000076293945,50.2599983215332,49.380001068115234,49.72999954223633,4586600,39.33731460571289
ETN,ETN,2016-01-08,50.04999923706055,50.40999984741211,49.060001373291016,49.16999816894531,3448200,38.89433670043945
ETN,ETN,2016-01-11,49.63999938964844,49.810001373291016,48.58000183105469,49.150001525878906,3176000,38.87853240966797
ETN,ETN,2016-01-12,49.72999954223633,50.09000015258789,48.849998474121094,49.95000076293945,3416100,39.51133346557617
ETN,ETN,2016-01-13,50.11000061035156,50.59000015258789,48.349998474121094,48.43000030517578,3562300,38.308990478515625
ETN,ETN,2016-01-14,48.709999084472656,48.709999084472656,47.150001525878906,48.31999969482422,4650700,38.22199630737305
ETN,ETN,2016-01-15,47.0099983215332,48.119998931884766,46.97999954223633,47.86000061035156,4605500,37.85810470581055
ETN,ETN,2016-01-19,48.599998474121094,48.7400016784668,47.45000076293945,48.09000015258789,3473400,38.0400390625
ETN,ETN,2016-01-20,47.22999954223633,47.95000076293945,46.189998626708984,47.5099983215332,4127000,37.581260681152344
ETN,ETN,2016-01-21,47.56999969482422,48.689998626708984,46.779998779296875,47.779998779296875,3767200,37.794837951660156
ETN,ETN,2016-01-22,48.869998931884766,49.470001220703125,47.689998626708984,48.5099983215332,3436800,38.37227249145508
ETN,ETN,2016-01-25,48.22999954223633,48.560001373291016,47.150001525878906,47.27000045776367,2506000,37.39140701293945
ETN,ETN,2016-01-26,48.27000045776367,49.13999938964844,47.459999084472656,49.02000045776367,3406900,38.77568435668945
ETN,ETN,2016-01-27,48.9900016784668,50.709999084472656,48.31999969482422,49.439998626708984,4581500,39.10791778564453
ETN,ETN,2016-01-28,50.29999923706055,50.70000076293945,49.5,50.189998626708984,3825800,39.70118713378906
ETN,ETN,2016-01-29,48.599998474121094,50.5099983215332,47.75,50.5099983215332,8031300,39.954315185546875
ETN,ETN,2016-02-01,50.040000915527344,50.45000076293945,49.27000045776367,50.220001220703125,3902600,39.724910736083984
ETN,ETN,2016-02-02,49.61000061035156,50.08000183105469,48.61000061035156,49.0,5797600,38.759883880615234
ETN,ETN,2016-02-03,51.95000076293945,52.619998931884766,50.310001373291016,52.47999954223633,7387400,41.512603759765625
ETN,ETN,2016-02-04,52.470001220703125,55.2599983215332,52.470001220703125,54.36000061035156,6098100,42.999732971191406
ETN,ETN,2016-02-05,53.970001220703125,55.25,53.75,54.65999984741211,4270900,43.237030029296875
ETN,ETN,2016-02-08,54.0,55.29999923706055,53.13999938964844,55.11000061035156,6236700,43.592994689941406
ETN,ETN,2016-02-09,53.7599983215332,55.25,53.7599983215332,54.47999954223633,5233800,43.094661712646484
ETN,ETN,2016-02-10,54.599998474121094,54.959999084472656,53.63999938964844,53.70000076293945,3496500,42.47765350341797
ETN,ETN,2016-02-11,52.59000015258789,53.720001220703125,52.349998474121094,53.099998474121094,4928200,42.00304412841797
ETN,ETN,2016-02-12,53.90999984741211,54.5099983215332,53.04999923706055,54.20000076293945,4027000,42.873165130615234
ETN,ETN,2016-02-16,54.18000030517578,54.90999984741211,53.5099983215332,54.81999969482422,3512400,43.36359786987305
ETN,ETN,2016-02-17,55.40999984741211,56.77000045776367,55.099998474121094,56.0099983215332,3586700,44.304901123046875
ETN,ETN,2016-02-18,56.15999984741211,56.4900016784668,55.869998931884766,56.20000076293945,2727800,44.455196380615234
ETN,ETN,2016-02-19,55.86000061035156,56.150001525878906,54.91999816894531,56.0099983215332,2669700,44.304901123046875
ETN,ETN,2016-02-22,56.0099983215332,57.90999984741211,56.0099983215332,57.68000030517578,4353300,45.625892639160156
ETN,ETN,2016-02-23,57.400001525878906,57.93000030517578,56.40999984741211,56.54999923706055,2522700,44.73204803466797
ETN,ETN,2016-02-24,55.810001373291016,56.91999816894531,54.90999984741211,56.79999923706055,2784600,44.929805755615234
ETN,ETN,2016-02-25,56.75,57.34000015258789,56.09000015258789,57.279998779296875,2418100,45.30950164794922
ETN,ETN,2016-02-26,57.540000915527344,57.97999954223633,57.060001373291016,57.27000045776367,2385000,45.30158996582031
ETN,ETN,2016-02-29,57.43000030517578,57.7599983215332,56.68000030517578,56.709999084472656,4059500,44.85860824584961
ETN,ETN,2016-03-01,57.689998626708984,58.58000183105469,57.040000915527344,58.060001373291016,3732400,45.926490783691406
ETN,ETN,2016-03-02,57.90999984741211,57.970001220703125,57.13999938964844,57.95000076293945,3066400,45.8394775390625
ETN,ETN,2016-03-03,57.38999938964844,57.849998474121094,56.970001220703125,57.83000183105469,2272100,46.198970794677734
ETN,ETN,2016-03-04,57.869998931884766,58.540000915527344,57.27000045776367,57.95000076293945,2887500,46.294837951660156
ETN,ETN,2016-03-07,57.77000045776367,59.11000061035156,57.75,59.02000045776367,2580400,47.149635314941406
ETN,ETN,2016-03-08,58.540000915527344,58.540000915527344,57.709999084472656,57.869998931884766,2248900,46.23092269897461
ETN,ETN,2016-03-09,58.22999954223633,58.7400016784668,57.86000061035156,58.560001373291016,2851200,46.78215789794922
ETN,ETN,2016-03-10,58.650001525878906,59.45000076293945,58.380001068115234,59.40999984741211,4580900,47.461185455322266
ETN,ETN,2016-03-11,59.650001525878906,60.630001068115234,59.650001525878906,60.130001068115234,3767800,48.03639221191406
ETN,ETN,2016-03-14,59.689998626708984,60.65999984741211,59.5,60.5,2467000,48.33197021484375
ETN,ETN,2016-03-15,60.029998779296875,60.4900016784668,59.36000061035156,60.45000076293945,2490200,48.292030334472656
ETN,ETN,2016-03-16,60.43000030517578,61.06999969482422,59.93000030517578,60.779998779296875,2992900,48.5556526184082
ETN,ETN,2016-03-17,60.779998779296875,63.29999923706055,60.779998779296875,63.11000061035156,4276000,50.41703414916992
ETN,ETN,2016-03-18,63.310001373291016,63.9900016784668,62.529998779296875,63.470001220703125,7865100,50.70464324951172
ETN,ETN,2016-03-21,63.459999084472656,63.7599983215332,63.13999938964844,63.68000030517578,3562200,50.87239074707031
ETN,ETN,2016-03-22,63.20000076293945,63.959999084472656,62.84000015258789,63.41999816894531,3401200,50.664695739746094
ETN,ETN,2016-03-23,63.2599983215332,63.2599983215332,62.400001525878906,62.47999954223633,2905500,49.91375732421875
ETN,ETN,2016-03-24,61.93000030517578,62.400001525878906,61.310001373291016,62.369998931884766,2160200,49.82587432861328
ETN,ETN,2016-03-28,62.52000045776367,62.630001068115234,62.0099983215332,62.470001220703125,1647800,49.905757904052734
ETN,ETN,2016-03-29,62.0,62.5,61.619998931884766,62.369998931884766,2488500,49.82587432861328
ETN,ETN,2016-03-30,62.880001068115234,63.16999816894531,62.459999084472656,62.75,1758600,50.129432678222656
ETN,ETN,2016-03-31,62.75,62.970001220703125,62.2599983215332,62.560001373291016,2140700,49.97764587402344
ETN,ETN,2016-04-01,61.88999938964844,63.79999923706055,61.439998626708984,63.65999984741211,3007500,50.856414794921875
ETN,ETN,2016-04-04,62.88999938964844,63.33000183105469,62.4900016784668,62.650001525878906,2364500,50.04955291748047
ETN,ETN,2016-04-05,61.68000030517578,61.709999084472656,60.220001220703125,60.38999938964844,6084400,48.24409484863281
ETN,ETN,2016-04-06,60.27000045776367,60.41999816894531,58.130001068115234,59.54999923706055,6787900,47.57304382324219
ETN,ETN,2016-04-07,59.06999969482422,60.20000076293945,58.939998626708984,59.47999954223633,4162300,47.51712417602539
ETN,ETN,2016-04-08,60.11000061035156,60.7599983215332,59.790000915527344,59.90999984741211,2640300,47.86063003540039
ETN,ETN,2016-04-11,60.15999984741211,61.20000076293945,60.099998474121094,60.619998931884766,2430900,48.42784118652344
ETN,ETN,2016-04-12,60.779998779296875,61.790000915527344,60.7400016784668,61.540000915527344,2525400,49.162803649902344
ETN,ETN,2016-04-13,61.95000076293945,63.13999938964844,61.72999954223633,63.040000915527344,2420200,50.36111831665039
ETN,ETN,2016-04-14,63.310001373291016,63.38999938964844,62.43000030517578,62.58000183105469,2108000,49.9936408996582
ETN,ETN,2016-04-15,62.650001525878906,63.2599983215332,62.58000183105469,62.83000183105469,2308600,50.193355560302734
ETN,ETN,2016-04-18,62.59000015258789,62.900001525878906,62.20000076293945,62.68000030517578,1538900,50.07351303100586
ETN,ETN,2016-04-19,63.439998626708984,63.439998626708984,62.61000061035156,62.77000045776367,2124800,50.14542007446289
ETN,ETN,2016-04-20,62.86000061035156,62.95000076293945,62.06999969482422,62.15999984741211,2858200,49.65810775756836
ETN,ETN,2016-04-21,62.08000183105469,62.65999984741211,61.83000183105469,62.150001525878906,2383900,49.65011978149414
ETN,ETN,2016-04-22,61.900001525878906,63.060001373291016,61.900001525878906,62.9900016784668,1903500,50.32117462158203
ETN,ETN,2016-04-25,62.54999923706055,62.880001068115234,61.849998474121094,62.2599983215332,1833500,49.73800277709961
ETN,ETN,2016-04-26,62.70000076293945,63.380001068115234,62.650001525878906,63.25,2066700,50.52888107299805
ETN,ETN,2016-04-27,63.33000183105469,63.90999984741211,63.060001373291016,63.83000183105469,1830000,50.99224090576172
ETN,ETN,2016-04-28,63.5099983215332,63.97999954223633,62.900001525878906,63.189998626708984,2457800,50.4809455871582
ETN,ETN,2016-04-29,62.5,63.75,62.31999969482422,63.27000045776367,3369500,50.544864654541016
ETN,ETN,2016-05-02,63.47999954223633,63.619998931884766,62.16999816894531,63.459999084472656,2722000,50.69664001464844
ETN,ETN,2016-05-03,63.15999984741211,63.5,62.529998779296875,63.290000915527344,3956900,50.56084060668945
ETN,ETN,2016-05-04,62.400001525878906,62.59000015258789,60.45000076293945,60.970001220703125,3102500,49.15010452270508
ETN,ETN,2016-05-05,61.130001068115234,61.61000061035156,60.619998931884766,60.97999954223633,1891500,49.15815734863281
ETN,ETN,2016-05-06,60.83000183105469,61.380001068115234,60.31999969482422,61.29999923706055,1895900,49.41612243652344
ETN,ETN,2016-05-09,61.11000061035156,61.189998626708984,60.310001373291016,60.65999984741211,1764900,48.90019607543945
ETN,ETN,2016-05-10,60.779998779296875,62.130001068115234,60.59000015258789,62.099998474121094,1567100,50.061031341552734
ETN,ETN,2016-05-11,62.04999923706055,62.63999938964844,61.79999923706055,62.0,1837500,49.98042297363281
ETN,ETN,2016-05-12,62.27000045776367,62.4900016784668,61.68000030517578,62.06999969482422,1608600,50.03684997558594
ETN,ETN,2016-05-13,61.91999816894531,62.38999938964844,60.619998931884766,60.869998931884766,1693900,49.069488525390625
ETN,ETN,2016-05-16,61.060001373291016,62.119998931884766,61.02000045776367,61.95000076293945,2061800,49.94010543823242
ETN,ETN,2016-05-17,61.84000015258789,62.380001068115234,61.09000015258789,61.31999969482422,1809700,49.4322395324707
ETN,ETN,2016-05-18,61.08000183105469,61.349998474121094,59.79999923706055,60.099998474121094,2202800,48.44874572753906
ETN,ETN,2016-05-19,59.63999938964844,59.7400016784668,58.86000061035156,59.540000915527344,3452100,47.997318267822266
ETN,ETN,2016-05-20,59.9900016784668,60.540000915527344,59.5,59.79999923706055,3077700,48.2069091796875
ETN,ETN,2016-05-23,59.66999816894531,60.279998779296875,59.31999969482422,60.04999923706055,1692700,48.408447265625
ETN,ETN,2016-05-24,60.43000030517578,60.630001068115234,60.130001068115234,60.400001525878906,1952400,48.69059753417969
ETN,ETN,2016-05-25,60.68000030517578,61.83000183105469,60.59000015258789,61.61000061035156,2221200,49.666019439697266
ETN,ETN,2016-05-26,61.540000915527344,62.290000915527344,61.380001068115234,61.52000045776367,1527500,49.59347152709961
ETN,ETN,2016-05-27,61.630001068115234,61.91999816894531,61.25,61.630001068115234,1030100,49.68214797973633
ETN,ETN,2016-05-31,61.70000076293945,62.029998779296875,61.18000030517578,61.630001068115234,1849500,49.68214797973633
ETN,ETN,2016-06-01,61.220001220703125,61.72999954223633,60.75,61.650001525878906,2083800,49.69826889038086
ETN,ETN,2016-06-02,61.529998779296875,61.790000915527344,61.119998931884766,61.75,1789300,49.778892517089844
ETN,ETN,2016-06-03,61.720001220703125,61.810001373291016,61.0099983215332,61.45000076293945,1809300,49.537044525146484
ETN,ETN,2016-06-06,61.7400016784668,62.7599983215332,61.560001373291016,62.66999816894531,1620100,50.52052307128906
ETN,ETN,2016-06-07,62.849998474121094,63.36000061035156,62.5,62.529998779296875,1820100,50.40766906738281
ETN,ETN,2016-06-08,62.959999084472656,63.56999969482422,62.90999984741211,63.13999938964844,1817200,50.899410247802734
ETN,ETN,2016-06-09,62.65999984741211,62.91999816894531,62.22999954223633,62.77000045776367,1197500,50.60114288330078
ETN,ETN,2016-06-10,62.209999084472656,62.349998474121094,61.189998626708984,61.619998931884766,1872200,49.674076080322266
ETN,ETN,2016-06-13,61.25,61.4900016784668,60.599998474121094,60.630001068115234,2656200,48.87601089477539
ETN,ETN,2016-06-14,60.459999084472656,60.880001068115234,59.939998626708984,60.439998626708984,2619800,48.72283935546875
ETN,ETN,2016-06-15,60.790000915527344,61.13999938964844,60.40999984741211,60.650001525878906,1537500,48.89213562011719
ETN,ETN,2016-06-16,60.22999954223633,60.97999954223633,59.619998931884766,60.790000915527344,1662500,49.00501251220703
ETN,ETN,2016-06-17,60.900001525878906,61.849998474121094,60.790000915527344,61.619998931884766,2472800,49.674076080322266
ETN,ETN,2016-06-20,62.540000915527344,63.25,62.25,62.290000915527344,1983500,50.21419906616211
ETN,ETN,2016-06-21,62.25,62.5,61.470001220703125,61.849998474121094,1565700,49.859493255615234
ETN,ETN,2016-06-22,61.880001068115234,62.099998474121094,61.619998931884766,61.7599983215332,1662000,49.78694152832031
ETN,ETN,2016-06-23,62.560001373291016,62.81999969482422,62.22999954223633,62.81999969482422,1189600,50.641448974609375
ETN,ETN,2016-06-24,60.04999923706055,60.72999954223633,57.91999816894531,58.029998779296875,5749400,46.780067443847656
ETN,ETN,2016-06-27,57.279998779296875,57.41999816894531,54.29999923706055,55.56999969482422,5664200,44.79697036743164
ETN,ETN,2016-06-28,56.13999938964844,57.11000061035156,55.849998474121094,56.86000061035156,4624000,45.83687973022461
ETN,ETN,2016-06-29,57.72999954223633,58.31999969482422,57.150001525878906,58.09000015258789,2720600,46.828426361083984
ETN,ETN,2016-06-30,58.34000015258789,59.72999954223633,57.959999084472656,59.72999954223633,2897600,48.15047836303711
ETN,ETN,2016-07-01,59.630001068115234,60.93000030517578,59.630001068115234,60.27000045776367,2663700,48.58580017089844
ETN,ETN,2016-07-05,59.65999984741211,60.0,58.290000915527344,58.720001220703125,2490300,47.33628845214844
ETN,ETN,2016-07-06,58.709999084472656,59.459999084472656,58.279998779296875,59.45000076293945,3073700,47.92476272583008
ETN,ETN,2016-07-07,59.52000045776367,60.4900016784668,59.47999954223633,60.11000061035156,2689800,48.45682144165039
ETN,ETN,2016-07-08,60.720001220703125,62.0,60.52000045776367,61.91999816894531,2001800,49.915924072265625
ETN,ETN,2016-07-11,62.220001220703125,62.720001220703125,62.0,62.400001525878906,2075300,50.30287170410156
ETN,ETN,2016-07-12,62.93000030517578,64.16000366210938,62.529998779296875,63.959999084472656,2501800,51.5604362487793
ETN,ETN,2016-07-13,63.97999954223633,64.1500015258789,63.31999969482422,63.869998931884766,1960600,51.487876892089844
ETN,ETN,2016-07-14,63.86000061035156,64.70999908447266,63.349998474121094,63.79999923706055,3706500,51.43147659301758
ETN,ETN,2016-07-15,63.970001220703125,64.19000244140625,63.540000915527344,63.83000183105469,2670800,51.455657958984375
ETN,ETN,2016-07-18,63.56999969482422,63.72999954223633,63.08000183105469,63.4900016784668,1872200,51.181556701660156
ETN,ETN,2016-07-19,63.04999923706055,63.52000045776367,62.779998779296875,63.04999923706055,2493100,50.82685089111328
ETN,ETN,2016-07-20,63.150001525878906,63.7400016784668,62.66999816894531,63.5,1697500,51.18962097167969
ETN,ETN,2016-07-21,63.599998474121094,63.86000061035156,62.86000061035156,63.209999084472656,1583800,50.95584487915039
ETN,ETN,2016-07-22,63.369998931884766,63.439998626708984,62.630001068115234,63.380001068115234,1377000,51.09288024902344
ETN,ETN,2016-07-25,63.38999938964844,63.470001220703125,62.93000030517578,63.470001220703125,1520500,51.16544723510742
ETN,ETN,2016-07-26,63.470001220703125,64.66000366210938,63.34000015258789,64.56999969482422,2305900,52.05219650268555
ETN,ETN,2016-07-27,64.80000305175781,64.8499984741211,64.12999725341797,64.41000366210938,2075700,51.9232063293457
ETN,ETN,2016-07-28,64.1500015258789,64.1500015258789,63.529998779296875,64.01000213623047,1404500,51.60074996948242
ETN,ETN,2016-07-29,63.90999984741211,64.0,63.060001373291016,63.40999984741211,3157900,51.1170654296875
ETN,ETN,2016-08-01,63.43000030517578,63.939998626708984,62.630001068115234,63.939998626708984,4820000,51.54431915283203
ETN,ETN,2016-08-02,65.0,65.51000213623047,63.90999984741211,64.01000213623047,5154800,51.60074996948242
ETN,ETN,2016-08-03,63.5099983215332,64.5999984741211,63.13999938964844,64.23999786376953,3161200,52.25144577026367
ETN,ETN,2016-08-04,64.36000061035156,64.91000366210938,64.12999725341797,64.5,2640400,52.46293640136719
ETN,ETN,2016-08-05,64.77999877929688,65.70999908447266,64.61000061035156,65.45999908447266,2300700,53.2437858581543
ETN,ETN,2016-08-08,65.72000122070312,66.54000091552734,65.48999786376953,65.83000183105469,2780600,53.544715881347656
ETN,ETN,2016-08-09,66.0,66.47000122070312,65.80000305175781,65.83999633789062,2461800,53.552852630615234
ETN,ETN,2016-08-10,66.33999633789062,66.73999786376953,66.05999755859375,66.70999908447266,2736800,54.260501861572266
ETN,ETN,2016-08-11,66.9000015258789,67.37000274658203,66.69999694824219,67.33000183105469,3085600,54.76478958129883
ETN,ETN,2016-08-12,67.06999969482422,67.45999908447266,66.94000244140625,67.20999908447266,2359000,54.66718673706055
ETN,ETN,2016-08-15,67.38999938964844,68.01000213623047,67.33000183105469,67.62999725341797,1948700,55.008819580078125
ETN,ETN,2016-08-16,67.54000091552734,67.55000305175781,67.19000244140625,67.2699966430664,2044600,54.71600341796875
ETN,ETN,2016-08-17,67.47000122070312,67.69999694824219,67.13999938964844,67.62000274658203,1805300,55.000667572021484
ETN,ETN,2016-08-18,67.66000366210938,67.7300033569336,67.37000274658203,67.72000122070312,1732300,55.08201217651367
ETN,ETN,2016-08-19,67.30000305175781,67.76000213623047,67.16000366210938,67.66000366210938,1898300,55.03321838378906
ETN,ETN,2016-08-22,67.58000183105469,67.87000274658203,67.16999816894531,67.69999694824219,1601100,55.065731048583984
ETN,ETN,2016-08-23,68.0,68.18000030517578,67.63999938964844,67.68000030517578,1409000,55.049468994140625
ETN,ETN,2016-08-24,67.58999633789062,67.72000122070312,67.19000244140625,67.30000305175781,1510500,54.74039077758789
ETN,ETN,2016-08-25,67.23999786376953,67.58000183105469,66.86000061035156,67.38999938964844,1485100,54.81360626220703
ETN,ETN,2016-08-26,67.66999816894531,68.19999694824219,67.05999755859375,67.31999969482422,1509500,54.75665283203125
ETN,ETN,2016-08-29,67.27999877929688,67.94000244140625,67.22000122070312,67.70999908447266,1105600,55.07387924194336
ETN,ETN,2016-08-30,67.5999984741211,67.75,67.0,67.1500015258789,2180300,54.61839294433594
ETN,ETN,2016-08-31,67.0,67.1500015258789,66.26000213623047,66.54000091552734,2390700,54.12221908569336
ETN,ETN,2016-09-01,66.66000366210938,66.94000244140625,65.91000366210938,66.91999816894531,2041200,54.43131637573242
ETN,ETN,2016-09-02,67.33000183105469,67.66000366210938,67.0999984741211,67.54000091552734,1509500,54.93560028076172
ETN,ETN,2016-09-06,67.69000244140625,67.69000244140625,66.36000061035156,66.62000274658203,1995800,54.187294006347656
ETN,ETN,2016-09-07,66.70999908447266,66.83999633789062,66.48999786376953,66.73999786376953,1470600,54.28489303588867
ETN,ETN,2016-09-08,66.5999984741211,66.66000366210938,66.05999755859375,66.08000183105469,1925700,53.748077392578125
ETN,ETN,2016-09-09,65.22000122070312,65.5,63.54999923706055,63.56999969482422,3580700,51.706485748291016
ETN,ETN,2016-09-12,63.11000061035156,65.3499984741211,62.79999923706055,64.98999786376953,2699800,52.861480712890625
ETN,ETN,2016-09-13,64.05999755859375,64.23999786376953,62.93000030517578,63.209999084472656,3266900,51.41368103027344
ETN,ETN,2016-09-14,63.119998931884766,63.599998474121094,62.720001220703125,62.97999954223633,2545200,51.226593017578125
ETN,ETN,2016-09-15,62.900001525878906,63.380001068115234,62.650001525878906,63.09000015258789,2942700,51.316062927246094
ETN,ETN,2016-09-16,62.61000061035156,62.630001068115234,61.95000076293945,62.349998474121094,4824800,50.71416473388672
ETN,ETN,2016-09-19,63.060001373291016,63.88999938964844,62.75,63.25,1966300,51.44621658325195
ETN,ETN,2016-09-20,63.79999923706055,63.880001068115234,62.72999954223633,62.7400016784668,2406600,51.0313835144043
ETN,ETN,2016-09-21,62.970001220703125,63.779998779296875,62.88999938964844,63.72999954223633,1844600,51.83663558959961
ETN,ETN,2016-09-22,64.5,64.66999816894531,63.869998931884766,64.08999633789062,2680000,52.12944412231445
ETN,ETN,2016-09-23,63.95000076293945,63.97999954223633,63.2599983215332,63.310001373291016,1444500,51.49502182006836
ETN,ETN,2016-09-26,63.099998474121094,63.439998626708984,62.779998779296875,62.900001525878906,1327300,51.16151809692383
ETN,ETN,2016-09-27,62.68000030517578,63.43000030517578,62.22999954223633,63.40999984741211,1690800,51.57634353637695
ETN,ETN,2016-09-28,63.689998626708984,64.61000061035156,63.52000045776367,64.56999969482422,1916700,52.51986312866211
ETN,ETN,2016-09-29,64.27999877929688,65.08999633789062,63.97999954223633,64.16000366210938,1885800,52.1863899230957
ETN,ETN,2016-09-30,64.44000244140625,66.20999908447266,64.43000030517578,65.70999908447266,3886900,53.44711685180664
ETN,ETN,2016-10-03,65.4800033569336,66.19000244140625,65.22000122070312,65.87000274658203,2566000,53.577274322509766
ETN,ETN,2016-10-04,66.05000305175781,66.25,64.13999938964844,64.31999969482422,2110600,52.316524505615234
ETN,ETN,2016-10-05,64.66999816894531,65.97000122070312,64.63999938964844,65.54000091552734,2260500,53.30884552001953
ETN,ETN,2016-10-06,65.5,65.61000061035156,64.83000183105469,65.5,1389900,53.276309967041016
ETN,ETN,2016-10-07,65.23999786376953,65.23999786376953,64.05000305175781,64.4800033569336,2232300,52.446659088134766
ETN,ETN,2016-10-10,65.01000213623047,65.2699966430664,64.0,64.13999938964844,2704900,52.17011260986328
ETN,ETN,2016-10-11,63.869998931884766,64.12999725341797,62.65999984741211,63.119998931884766,2934200,51.3404655456543
ETN,ETN,2016-10-12,63.119998931884766,64.44999694824219,62.849998474121094,64.26000213623047,2793700,52.26772689819336
ETN,ETN,2016-10-13,63.47999954223633,63.59000015258789,62.630001068115234,63.150001525878906,2731900,51.3648796081543
ETN,ETN,2016-10-14,63.54999923706055,63.91999816894531,63.20000076293945,63.29999923706055,2043900,51.48688507080078
ETN,ETN,2016-10-17,63.2400016784668,63.36000061035156,62.09000015258789,63.119998931884766,2672000,51.3404655456543
ETN,ETN,2016-10-18,63.86000061035156,63.91999816894531,63.15999984741211,63.189998626708984,1956000,51.39741134643555
ETN,ETN,2016-10-19,63.29999923706055,63.9900016784668,62.90999984741211,63.68000030517578,1935200,51.79595947265625
ETN,ETN,2016-10-20,63.45000076293945,64.13999938964844,63.34000015258789,63.79999923706055,2365800,51.89357376098633
ETN,ETN,2016-10-21,63.130001068115234,63.90999984741211,62.88999938964844,63.709999084472656,2117000,51.82035827636719
ETN,ETN,2016-10-24,64.16000366210938,64.33999633789062,62.90999984741211,63.369998931884766,1857700,51.5438117980957
ETN,ETN,2016-10-25,63.150001525878906,63.59000015258789,62.470001220703125,63.18000030517578,1989300,51.38927459716797
ETN,ETN,2016-10-26,62.880001068115234,64.36000061035156,62.70000076293945,64.20999908447266,1989500,52.227054595947266
ETN,ETN,2016-10-27,64.05000305175781,64.16999816894531,61.970001220703125,62.290000915527344,4973700,50.66535949707031
ETN,ETN,2016-10-28,62.369998931884766,63.290000915527344,62.20000076293945,62.380001068115234,2166500,50.73857116699219
ETN,ETN,2016-10-31,62.7599983215332,63.849998474121094,62.63999938964844,63.77000045776367,4261100,51.86915969848633
ETN,ETN,2016-11-01,62.7599983215332,62.79999923706055,60.220001220703125,60.70000076293945,8389200,49.37208938598633
ETN,ETN,2016-11-02,60.599998474121094,61.31999969482422,60.369998931884766,60.880001068115234,4162600,49.51850509643555
ETN,ETN,2016-11-03,60.060001373291016,60.31999969482422,59.06999969482422,59.720001220703125,4735100,49.034061431884766
ETN,ETN,2016-11-04,59.90999984741211,61.45000076293945,59.70000076293945,60.7599983215332,4583400,49.88798141479492
ETN,ETN,2016-11-07,62.25,62.599998474121094,61.88999938964844,62.43000030517578,2840600,51.25917053222656
ETN,ETN,2016-11-08,62.18000030517578,63.34000015258789,61.95000076293945,63.0,3382000,51.72716522216797
ETN,ETN,2016-11-09,62.59000015258789,66.9000015258789,62.59000015258789,66.31999969482422,5690100,54.45310592651367
ETN,ETN,2016-11-10,66.86000061035156,68.94999694824219,66.86000061035156,68.69999694824219,6947900,56.40723419189453
ETN,ETN,2016-11-11,68.5,68.9000015258789,66.5999984741211,67.30999755859375,5332400,55.26596450805664
ETN,ETN,2016-11-14,67.37000274658203,68.31999969482422,66.79000091552734,67.05999755859375,5788800,55.060691833496094
ETN,ETN,2016-11-15,66.87999725341797,66.93000030517578,65.29000091552734,65.8499984741211,4859300,54.06720733642578
ETN,ETN,2016-11-16,65.54000091552734,65.94000244140625,65.25,65.54000091552734,3154600,53.812679290771484
ETN,ETN,2016-11-17,66.1500015258789,66.27999877929688,64.6500015258789,64.79000091552734,3407400,53.19688034057617
ETN,ETN,2016-11-18,64.66000366210938,64.75,63.939998626708984,64.1500015258789,4728900,52.6713981628418
ETN,ETN,2016-11-21,64.66000366210938,65.77999877929688,64.62000274658203,65.54000091552734,4399500,53.812679290771484
ETN,ETN,2016-11-22,65.76000213623047,65.94999694824219,64.95999908447266,65.58000183105469,2131900,53.84553146362305
ETN,ETN,2016-11-23,65.62999725341797,66.61000061035156,65.25,66.48999786376953,2568700,54.592689514160156
ETN,ETN,2016-11-25,66.48999786376953,66.97000122070312,66.48999786376953,66.80999755859375,920600,54.85542678833008
ETN,ETN,2016-11-28,66.4000015258789,66.62000274658203,65.83000183105469,65.9800033569336,2221700,54.1739501953125
ETN,ETN,2016-11-29,65.61000061035156,66.38999938964844,65.3499984741211,65.69000244140625,2779300,53.935848236083984
ETN,ETN,2016-11-30,66.26000213623047,67.37999725341797,66.26000213623047,66.51000213623047,2426200,54.609107971191406
ETN,ETN,2016-12-01,66.86000061035156,68.19000244140625,66.7300033569336,67.6500015258789,3073700,55.54513168334961
ETN,ETN,2016-12-02,67.61000061035156,68.04000091552734,67.08999633789062,67.76000213623047,2352000,55.63545227050781
ETN,ETN,2016-12-05,68.02999877929688,68.63999938964844,67.4800033569336,68.01000213623047,2252900,55.840721130371094
ETN,ETN,2016-12-06,67.87999725341797,68.58999633789062,67.77999877929688,68.44999694824219,2763300,56.20197296142578
ETN,ETN,2016-12-07,68.37999725341797,69.16999816894531,68.2300033569336,68.9000015258789,3512100,56.57145309448242
ETN,ETN,2016-12-08,68.77999877929688,69.37999725341797,68.2699966430664,68.9800033569336,2099000,56.63714599609375
ETN,ETN,2016-12-09,69.68000030517578,69.80000305175781,68.93000030517578,69.52999877929688,1988000,57.0887565612793
ETN,ETN,2016-12-12,69.43000030517578,70.0,69.3499984741211,69.86000061035156,2233600,57.35969924926758
ETN,ETN,2016-12-13,69.72000122070312,69.93000030517578,68.36000061035156,68.8499984741211,2846700,56.53041076660156
ETN,ETN,2016-12-14,68.72000122070312,69.22000122070312,67.58000183105469,67.66999816894531,3039600,55.561561584472656
ETN,ETN,2016-12-15,67.37000274658203,67.94999694824219,67.04000091552734,67.88999938964844,2839500,55.742183685302734
ETN,ETN,2016-12-16,67.91999816894531,68.52999877929688,67.69999694824219,68.05999755859375,4108900,55.88174819946289
ETN,ETN,2016-12-19,68.0999984741211,68.47000122070312,67.33999633789062,67.81999969482422,1621800,55.68470764160156
ETN,ETN,2016-12-20,68.05999755859375,68.6500015258789,67.8499984741211,68.44999694824219,2988100,56.20197296142578
ETN,ETN,2016-12-21,68.2300033569336,68.37000274658203,67.66999816894531,67.81999969482422,1574100,55.68470764160156
ETN,ETN,2016-12-22,67.66000366210938,68.33000183105469,67.66000366210938,68.06999969482422,1560300,55.889976501464844
ETN,ETN,2016-12-23,68.0,68.27999877929688,67.75,68.26000213623047,757100,56.045989990234375
ETN,ETN,2016-12-27,68.47000122070312,68.61000061035156,68.18000030517578,68.48999786376953,618900,56.234832763671875
ETN,ETN,2016-12-28,68.52999877929688,68.58000183105469,67.66000366210938,67.69999694824219,1237500,55.586177825927734
ETN,ETN,2016-12-29,67.73999786376953,67.98999786376953,67.25,67.61000061035156,703500,55.51227951049805
ETN,ETN,2016-12-30,67.73999786376953,67.86000061035156,66.80000305175781,67.08999633789062,1261800,55.0853271484375
ETN,ETN,2017-01-03,67.58999633789062,68.58000183105469,67.22000122070312,68.52999877929688,2231600,56.267662048339844
ETN,ETN,2017-01-04,68.5999984741211,68.81999969482422,67.8499984741211,68.16999816894531,1635000,55.97209167480469
ETN,ETN,2017-01-05,68.05999755859375,68.44999694824219,66.5999984741211,67.3499984741211,2393900,55.29880142211914
ETN,ETN,2017-01-06,67.61000061035156,68.45999908447266,67.5,68.01000213623047,2590000,55.840721130371094
ETN,ETN,2017-01-09,68.4800033569336,68.51000213623047,66.86000061035156,66.87999725341797,2704400,54.912899017333984
ETN,ETN,2017-01-10,67.20999908447266,67.54000091552734,66.7699966430664,67.20999908447266,2214500,55.18386459350586
ETN,ETN,2017-01-11,66.94999694824219,68.48999786376953,66.7699966430664,68.45999908447266,2126400,56.21017837524414
ETN,ETN,2017-01-12,68.38999938964844,68.4000015258789,67.1500015258789,68.19999694824219,1357100,55.9967041015625
ETN,ETN,2017-01-13,68.36000061035156,68.94000244140625,68.3499984741211,68.66000366210938,1264700,56.374420166015625
ETN,ETN,2017-01-17,68.33999633789062,68.36000061035156,67.27999877929688,67.55999755859375,1697700,55.471221923828125
ETN,ETN,2017-01-18,67.69000244140625,68.0,67.4000015258789,67.80000305175781,1651300,55.66829299926758
ETN,ETN,2017-01-19,68.12999725341797,68.48999786376953,67.27999877929688,67.7300033569336,1431100,55.61080551147461
ETN,ETN,2017-01-20,68.0199966430664,68.5,67.56999969482422,67.93000030517578,1559900,55.77503967285156
ETN,ETN,2017-01-23,67.91999816894531,68.16000366210938,66.9800033569336,67.73999786376953,1195900,55.61903381347656
ETN,ETN,2017-01-24,68.05000305175781,69.31999969482422,67.75,69.16999816894531,2044400,56.79313659667969
ETN,ETN,2017-01-25,69.63999938964844,71.27999877929688,69.63999938964844,71.18000030517578,3278100,58.4434814453125
ETN,ETN,2017-01-26,70.81999969482422,71.68000030517578,70.33000183105469,71.30999755859375,2249900,58.55023193359375
ETN,ETN,2017-01-27,71.12999725341797,71.38999938964844,70.80999755859375,70.94999694824219,1899800,58.25464630126953
ETN,ETN,2017-01-30,71.0199966430664,71.0199966430664,69.68000030517578,70.41000366210938,2034900,57.81127166748047
ETN,ETN,2017-01-31,70.08999633789062,70.91000366210938,69.47000122070312,70.77999877929688,3016700,58.11505889892578
ETN,ETN,2017-02-01,70.97000122070312,71.70999908447266,70.27999877929688,71.30999755859375,3919500,58.55023193359375
ETN,ETN,2017-02-02,70.69000244140625,72.0,69.41000366210938,70.0199966430664,4690700,57.49106216430664
ETN,ETN,2017-02-03,70.33000183105469,70.7300033569336,69.61000061035156,70.22000122070312,2946200,57.65525436401367
ETN,ETN,2017-02-06,70.11000061035156,70.30999755859375,69.45999908447266,69.9800033569336,2548200,57.458229064941406
ETN,ETN,2017-02-07,70.33000183105469,71.0999984741211,70.12999725341797,70.23999786376953,2221400,57.67168426513672
ETN,ETN,2017-02-08,70.0199966430664,70.23999786376953,69.44999694824219,69.97000122070312,2304700,57.44998550415039
ETN,ETN,2017-02-09,69.97000122070312,71.2699966430664,69.97000122070312,70.79000091552734,2204400,58.123291015625
ETN,ETN,2017-02-10,71.02999877929688,71.16999816894531,70.80000305175781,71.0,1946100,58.29571533203125
ETN,ETN,2017-02-13,71.30999755859375,72.26000213623047,71.30999755859375,72.19999694824219,2537100,59.28097915649414
ETN,ETN,2017-02-14,72.0,72.19000244140625,71.58000183105469,72.01000213623047,2083900,59.12500762939453
ETN,ETN,2017-02-15,72.05999755859375,72.27999877929688,71.68000030517578,72.0999984741211,1971800,59.198883056640625
ETN,ETN,2017-02-16,72.04000091552734,72.23999786376953,71.23999786376953,71.77999877929688,2081000,58.93612289428711
ETN,ETN,2017-02-17,71.54000091552734,71.62999725341797,70.88999938964844,71.62999725341797,2356700,58.812965393066406
ETN,ETN,2017-02-21,71.63999938964844,72.1500015258789,71.58000183105469,71.88999938964844,1903500,59.02643966674805
ETN,ETN,2017-02-22,71.68000030517578,72.73999786376953,71.5199966430664,72.5,2315200,59.52729797363281
ETN,ETN,2017-02-23,72.81999969482422,72.91999816894531,71.75,72.12000274658203,2237900,59.21529769897461
ETN,ETN,2017-02-24,71.54000091552734,72.38999938964844,71.12999725341797,72.38999938964844,2528800,59.43697738647461
ETN,ETN,2017-02-27,72.20999908447266,72.69999694824219,72.12000274658203,72.3499984741211,2287700,59.40412139892578
ETN,ETN,2017-02-28,72.3499984741211,72.58999633789062,71.70999908447266,71.9800033569336,2504200,59.10034942626953
ETN,ETN,2017-03-01,72.80999755859375,73.86000061035156,72.80999755859375,73.23999786376953,2653600,60.13487243652344
ETN,ETN,2017-03-02,72.66999816894531,72.73999786376953,71.77999877929688,72.11000061035156,2236600,59.69613265991211
ETN,ETN,2017-03-03,72.2300033569336,72.44000244140625,71.4000015258789,71.93000030517578,2024900,59.547122955322266
ETN,ETN,2017-03-06,71.22000122070312,72.12000274658203,71.08000183105469,71.83999633789062,2711700,59.47259521484375
ETN,ETN,2017-03-07,71.63999938964844,72.0,71.44000244140625,71.54000091552734,1391900,59.22426223754883
ETN,ETN,2017-03-08,71.5999984741211,72.33999633789062,71.5199966430664,71.83000183105469,2008700,59.46433639526367
ETN,ETN,2017-03-09,71.72000122070312,72.12000274658203,71.2300033569336,71.5999984741211,2473200,59.273929595947266
ETN,ETN,2017-03-10,72.04000091552734,72.58999633789062,72.0,72.48999786376953,2131100,60.010711669921875
ETN,ETN,2017-03-13,72.66999816894531,72.9800033569336,72.36000061035156,72.75,1832600,60.225955963134766
ETN,ETN,2017-03-14,72.19999694824219,72.33000183105469,71.4800033569336,71.81999969482422,1394800,59.456050872802734
ETN,ETN,2017-03-15,72.12000274658203,74.08000183105469,72.0199966430664,73.95999908447266,2435600,61.22765350341797
ETN,ETN,2017-03-16,73.73999786376953,74.3499984741211,73.08999633789062,73.3499984741211,2412600,60.72264862060547
ETN,ETN,2017-03-17,73.66999816894531,73.83999633789062,72.91000366210938,73.25,3245300,60.639888763427734
ETN,ETN,2017-03-20,73.2699966430664,73.76000213623047,72.87000274658203,73.37000274658203,1560500,60.73921203613281
ETN,ETN,2017-03-21,73.58000183105469,74.0199966430664,71.8499984741211,71.98999786376953,2315300,59.596778869628906
ETN,ETN,2017-03-22,71.95999908447266,72.81999969482422,71.77999877929688,72.54000091552734,1989900,60.05210494995117
ETN,ETN,2017-03-23,72.55000305175781,73.23999786376953,72.25,72.77999877929688,1653900,60.25077438354492
ETN,ETN,2017-03-24,72.80999755859375,73.41999816894531,72.55999755859375,72.83999633789062,2612400,60.300453186035156
ETN,ETN,2017-03-27,72.55000305175781,72.97000122070312,71.45999908447266,72.68000030517578,2225400,60.167999267578125
ETN,ETN,2017-03-28,72.36000061035156,73.79000091552734,72.08000183105469,73.29000091552734,1700200,60.6729850769043
ETN,ETN,2017-03-29,73.52999877929688,74.41000366210938,73.20999908447266,73.94000244140625,2492300,61.21110153198242
ETN,ETN,2017-03-30,73.77999877929688,74.52999877929688,73.54000091552734,74.19999694824219,2111100,61.426326751708984
ETN,ETN,2017-03-31,73.80000305175781,74.62999725341797,73.66999816894531,74.1500015258789,2011500,61.38494110107422
ETN,ETN,2017-04-03,74.31999969482422,74.79000091552734,73.41999816894531,74.16000366210938,2813200,61.39320755004883
ETN,ETN,2017-04-04,74.30999755859375,75.08000183105469,73.94999694824219,74.87999725341797,2783400,61.98926544189453
ETN,ETN,2017-04-05,75.2699966430664,76.36000061035156,74.33999633789062,74.6500015258789,2770700,61.79886245727539
ETN,ETN,2017-04-06,74.83999633789062,75.25,74.5,74.7300033569336,1592500,61.86510467529297
ETN,ETN,2017-04-07,74.5199966430664,74.93000030517578,74.19999694824219,74.56999969482422,1790900,61.73262023925781
ETN,ETN,2017-04-10,74.79000091552734,76.38999938964844,74.62000274658203,75.5999984741211,2959700,62.58531951904297
ETN,ETN,2017-04-11,75.30999755859375,75.41000366210938,74.58999633789062,75.38999938964844,2105200,62.41147994995117
ETN,ETN,2017-04-12,75.58000183105469,76.0,73.95999908447266,74.23999786376953,3322200,61.45944595336914
ETN,ETN,2017-04-13,74.08999633789062,74.33999633789062,73.51000213623047,73.51000213623047,1405800,60.85511016845703
ETN,ETN,2017-04-17,73.86000061035156,74.30000305175781,73.45999908447266,74.27999877929688,1372100,61.492557525634766
ETN,ETN,2017-04-18,73.81999969482422,74.66000366210938,73.81999969482422,74.47000122070312,1744000,61.64986038208008
ETN,ETN,2017-04-19,74.87999725341797,75.18000030517578,73.5199966430664,73.62999725341797,2223900,60.954437255859375
ETN,ETN,2017-04-20,74.02999877929688,74.61000061035156,73.76000213623047,74.02999877929688,3645000,61.28559875488281
ETN,ETN,2017-04-21,74.2300033569336,74.44999694824219,73.62999725341797,73.8499984741211,2637100,61.13658905029297
ETN,ETN,2017-04-24,75.02999877929688,75.63999938964844,74.68000030517578,75.4800033569336,2875200,62.485965728759766
ETN,ETN,2017-04-25,76.06999969482422,76.93000030517578,75.83999633789062,76.5199966430664,3044700,63.3469123840332
ETN,ETN,2017-04-26,76.68000030517578,77.38999938964844,76.58999633789062,76.72000122070312,2014500,63.512516021728516
ETN,ETN,2017-04-27,76.69999694824219,77.11000061035156,76.26000213623047,76.48999786376953,2073400,63.32211685180664
ETN,ETN,2017-04-28,76.45999908447266,76.61000061035156,75.47000122070312,75.63999938964844,2351100,62.618431091308594
ETN,ETN,2017-05-01,75.9000015258789,76.48999786376953,75.16000366210938,76.12999725341797,4044200,63.02407455444336
ETN,ETN,2017-05-02,77.73999786376953,79.30999755859375,76.37000274658203,77.11000061035156,4359600,63.83539581298828
ETN,ETN,2017-05-03,76.38999938964844,76.44999694824219,75.77999877929688,76.33000183105469,2748300,63.68519592285156
ETN,ETN,2017-05-04,76.54000091552734,76.5999984741211,75.62000274658203,75.83999633789062,2513900,63.276363372802734
ETN,ETN,2017-05-05,76.11000061035156,76.88999938964844,75.9000015258789,76.86000061035156,2160100,64.12740325927734
ETN,ETN,2017-05-08,76.80000305175781,77.05000305175781,76.43000030517578,76.77999877929688,1686800,64.06063079833984
ETN,ETN,2017-05-09,76.66999816894531,77.0,76.5,76.76000213623047,1386700,64.0439682006836
ETN,ETN,2017-05-10,76.7300033569336,77.25,76.56999969482422,77.08999633789062,1327300,64.31927490234375
ETN,ETN,2017-05-11,76.79000091552734,77.16999816894531,76.27999877929688,77.02999877929688,1828700,64.26921844482422
ETN,ETN,2017-05-12,76.54000091552734,77.11000061035156,76.44000244140625,76.68000030517578,1825700,63.977195739746094
ETN,ETN,2017-05-15,77.12999725341797,77.23999786376953,76.72000122070312,76.97000122070312,1840800,64.21916961669922
ETN,ETN,2017-05-16,77.37000274658203,77.37000274658203,76.51000213623047,77.23999786376953,1478100,64.44441986083984
ETN,ETN,2017-05-17,77.23999786376953,77.23999786376953,76.11000061035156,76.18000030517578,2787200,63.56003189086914
ETN,ETN,2017-05-18,76.36000061035156,76.4000015258789,75.11000061035156,76.06999969482422,2940000,63.46826934814453
ETN,ETN,2017-05-19,76.44000244140625,78.19000244140625,76.43000030517578,78.01000213623047,3142600,65.08688354492188
ETN,ETN,2017-05-22,78.11000061035156,78.44999694824219,77.44000244140625,77.69999694824219,2589300,64.8282241821289
ETN,ETN,2017-05-23,77.8499984741211,77.93000030517578,77.33000183105469,77.6500015258789,2296200,64.78651428222656
ETN,ETN,2017-05-24,77.62999725341797,78.0,77.20999908447266,77.56999969482422,1282900,64.71976470947266
ETN,ETN,2017-05-25,77.91999816894531,78.2699966430664,77.0,77.30999755859375,1753200,64.5028305053711
ETN,ETN,2017-05-26,77.27999877929688,77.72000122070312,77.0999984741211,77.55999755859375,1063000,64.71142578125
ETN,ETN,2017-05-30,77.47000122070312,77.80999755859375,77.12000274658203,77.72000122070312,1023400,64.84494018554688
ETN,ETN,2017-05-31,77.30999755859375,78.4000015258789,76.7300033569336,77.37999725341797,1659000,64.56124877929688
ETN,ETN,2017-06-01,77.9000015258789,78.56999969482422,77.26000213623047,78.08000183105469,1800100,65.14527893066406
ETN,ETN,2017-06-02,78.19999694824219,78.61000061035156,77.69000244140625,77.87999725341797,1868900,64.97840881347656
ETN,ETN,2017-06-05,77.87000274658203,77.91999816894531,76.76000213623047,76.7699966430664,2583200,64.05228424072266
ETN,ETN,2017-06-06,76.44000244140625,76.7300033569336,76.08000183105469,76.33000183105469,1924300,63.68519592285156
ETN,ETN,2017-06-07,76.5,76.5,74.26000213623047,74.94999694824219,3520700,62.53378677368164
ETN,ETN,2017-06-08,74.94999694824219,75.61000061035156,74.5999984741211,75.47000122070312,3669900,62.96764373779297
ETN,ETN,2017-06-09,75.70999908447266,75.94999694824219,75.27999877929688,75.73999786376953,2882000,63.192935943603516
ETN,ETN,2017-06-12,75.73999786376953,76.20999908447266,75.45999908447266,75.7699966430664,1706500,63.21794891357422
ETN,ETN,2017-06-13,75.94000244140625,76.30000305175781,75.5199966430664,76.11000061035156,1397500,63.50162887573242
ETN,ETN,2017-06-14,76.27999877929688,76.31999969482422,74.83999633789062,75.33999633789062,2320000,62.85919189453125
ETN,ETN,2017-06-15,74.45999908447266,76.52999877929688,74.43000030517578,76.13999938964844,1946000,63.52664566040039
ETN,ETN,2017-06-16,76.36000061035156,77.05000305175781,76.22000122070312,76.80000305175781,2623800,64.07733917236328
ETN,ETN,2017-06-19,77.27999877929688,78.41999816894531,77.23999786376953,78.06999969482422,2505800,65.136962890625
ETN,ETN,2017-06-20,77.66999816894531,77.8499984741211,77.0,77.05999755859375,1796700,64.29425048828125
ETN,ETN,2017-06-21,77.23999786376953,77.37999725341797,75.76000213623047,75.91999816894531,1702900,63.343109130859375
ETN,ETN,2017-06-22,75.98999786376953,76.41999816894531,75.70999908447266,75.7699966430664,1946600,63.21794891357422
ETN,ETN,2017-06-23,75.83999633789062,76.93000030517578,75.66000366210938,76.87999725341797,2995800,64.14407348632812
ETN,ETN,2017-06-26,77.13999938964844,77.61000061035156,76.30000305175781,76.7699966430664,1415600,64.05228424072266
ETN,ETN,2017-06-27,76.69000244140625,76.94000244140625,76.1500015258789,76.43000030517578,1642000,63.76863098144531
ETN,ETN,2017-06-28,77.0,77.63999938964844,76.77999877929688,77.44000244140625,1608600,64.6113052368164
ETN,ETN,2017-06-29,77.58999633789062,78.0,76.0,76.62999725341797,1751300,63.93549346923828
ETN,ETN,2017-06-30,76.9000015258789,78.31999969482422,76.86000061035156,77.83000183105469,1843600,64.93669891357422
ETN,ETN,2017-07-03,78.37000274658203,78.7699966430664,77.70999908447266,78.3499984741211,1386800,65.37053680419922
ETN,ETN,2017-07-05,78.33000183105469,78.86000061035156,78.0,78.62999725341797,1892700,65.60415649414062
ETN,ETN,2017-07-06,78.31999969482422,78.9800033569336,78.26000213623047,78.55000305175781,1923400,65.53742218017578
ETN,ETN,2017-07-07,78.55000305175781,79.9000015258789,78.3499984741211,79.36000061035156,1934300,66.21322631835938
ETN,ETN,2017-07-10,79.27999877929688,80.83000183105469,79.27999877929688,80.4000015258789,2238500,67.0809555053711
ETN,ETN,2017-07-11,80.30000305175781,80.5,79.47000122070312,80.44999694824219,2314200,67.12267303466797
ETN,ETN,2017-07-12,80.79000091552734,81.62999725341797,80.4800033569336,80.51000213623047,1843400,67.1727294921875
ETN,ETN,2017-07-13,80.41000366210938,80.69000244140625,79.94000244140625,80.31999969482422,1857200,67.01420593261719
ETN,ETN,2017-07-14,80.5199966430664,80.8499984741211,80.37999725341797,80.61000061035156,1683300,67.25616455078125
ETN,ETN,2017-07-17,80.4800033569336,80.52999877929688,80.05999755859375,80.20999908447266,1807900,66.92240142822266
ETN,ETN,2017-07-18,80.16999816894531,80.2300033569336,79.62999725341797,80.2300033569336,1583500,66.9391098022461
ETN,ETN,2017-07-19,80.44000244140625,80.5999984741211,79.77999877929688,80.37999725341797,1758300,67.06426239013672
ETN,ETN,2017-07-20,80.31999969482422,80.33999633789062,79.52999877929688,79.55999755859375,1530100,66.38011169433594
ETN,ETN,2017-07-21,79.19000244140625,79.41000366210938,78.36000061035156,78.97000122070312,2436400,65.88786315917969
ETN,ETN,2017-07-24,79.0,79.11000061035156,78.4800033569336,78.6500015258789,1786900,65.62085723876953
ETN,ETN,2017-07-25,79.5,79.58999633789062,78.73999786376953,79.33000183105469,2311800,66.18820190429688
ETN,ETN,2017-07-26,79.3499984741211,79.3499984741211,78.51000213623047,79.0,1821900,65.91285705566406
ETN,ETN,2017-07-27,79.11000061035156,79.18000030517578,77.94999694824219,78.48999786376953,2638700,65.48736572265625
ETN,ETN,2017-07-28,78.44999694824219,78.58999633789062,77.62000274658203,78.43000030517578,1734900,65.43729400634766
ETN,ETN,2017-07-31,78.43000030517578,79.08000183105469,77.8499984741211,78.25,3669200,65.287109375
ETN,ETN,2017-08-01,75.48999786376953,75.48999786376953,72.16000366210938,74.26000213623047,10716900,61.95811462402344
ETN,ETN,2017-08-02,73.4000015258789,74.44000244140625,73.11000061035156,74.0999984741211,5824300,62.32817077636719
ETN,ETN,2017-08-03,73.9000015258789,73.9800033569336,72.97000122070312,73.61000061035156,4533300,61.91603088378906
ETN,ETN,2017-08-04,73.68000030517578,74.56999969482422,73.61000061035156,74.52999877929688,2778300,62.68988800048828
ETN,ETN,2017-08-07,73.76000213623047,74.44000244140625,73.68000030517578,73.98999786376953,3197300,62.23566436767578
ETN,ETN,2017-08-08,73.70999908447266,74.30000305175781,72.91999816894531,72.98999786376953,4769700,61.394527435302734
ETN,ETN,2017-08-09,72.7699966430664,73.37000274658203,72.66000366210938,73.13999938964844,3167300,61.520713806152344
ETN,ETN,2017-08-10,72.88999938964844,72.97000122070312,71.61000061035156,71.6500015258789,2704400,60.26742172241211
ETN,ETN,2017-08-11,71.73999786376953,71.93000030517578,71.37999725341797,71.4800033569336,1294700,60.12443542480469
ETN,ETN,2017-08-14,72.19000244140625,72.58000183105469,71.81999969482422,72.4800033569336,2032900,60.965553283691406
ETN,ETN,2017-08-15,72.44000244140625,72.88999938964844,72.12000274658203,72.30999755859375,1973900,60.82257080078125
ETN,ETN,2017-08-16,72.52999877929688,72.94000244140625,72.44000244140625,72.66999816894531,2103300,61.1253662109375
ETN,ETN,2017-08-17,71.5199966430664,72.68000030517578,71.47000122070312,71.72000122070312,4160600,60.32630157470703
ETN,ETN,2017-08-18,71.62000274658203,71.97000122070312,71.19999694824219,71.19999694824219,2261100,59.888912200927734
ETN,ETN,2017-08-21,71.12999725341797,71.38999938964844,70.69000244140625,71.13999938964844,2134100,59.838417053222656
ETN,ETN,2017-08-22,71.30999755859375,72.11000061035156,71.19999694824219,71.9000015258789,2317400,60.477699279785156
ETN,ETN,2017-08-23,71.43000030517578,71.75,71.12000274658203,71.20999908447266,1182800,59.897315979003906
ETN,ETN,2017-08-24,71.37000274658203,71.37000274658203,70.52999877929688,70.63999938964844,2530300,59.417869567871094
ETN,ETN,2017-08-25,71.04000091552734,71.16999816894531,70.58000183105469,70.69999694824219,1734700,59.46833038330078
ETN,ETN,2017-08-28,70.9800033569336,71.13999938964844,70.25,70.44000244140625,1319900,59.2496337890625
ETN,ETN,2017-08-29,70.16000366210938,70.69999694824219,69.81999969482422,70.5199966430664,2684800,59.31692886352539
ETN,ETN,2017-08-30,70.5,71.16000366210938,70.48999786376953,71.05000305175781,2561600,59.7627067565918
ETN,ETN,2017-08-31,71.44999694824219,71.87999725341797,71.19000244140625,71.76000213623047,2252900,60.35997009277344
ETN,ETN,2017-09-01,72.04000091552734,72.1500015258789,71.58000183105469,71.62999725341797,1707300,60.25059127807617
ETN,ETN,2017-09-05,71.61000061035156,71.93000030517578,70.7300033569336,71.0999984741211,2033900,59.80479431152344
ETN,ETN,2017-09-06,71.56999969482422,71.62000274658203,71.12000274658203,71.33000183105469,1700400,59.99824905395508
ETN,ETN,2017-09-07,71.4800033569336,71.5199966430664,70.62999725341797,71.31999969482422,1439300,59.989837646484375
ETN,ETN,2017-09-08,71.19999694824219,72.41999816894531,71.08999633789062,72.13999938964844,1775600,60.6795539855957
ETN,ETN,2017-09-11,72.69000244140625,73.37999725341797,72.4800033569336,73.3499984741211,2186500,61.697349548339844
ETN,ETN,2017-09-12,73.5,74.6500015258789,73.45999908447266,74.5999984741211,2482900,62.748775482177734
ETN,ETN,2017-09-13,74.54000091552734,74.94999694824219,74.19999694824219,74.93000030517578,2137300,63.02634048461914
ETN,ETN,2017-09-14,74.76000213623047,75.72000122070312,74.38999938964844,75.62000274658203,2481100,63.60674285888672
ETN,ETN,2017-09-15,75.58999633789062,76.9800033569336,75.22000122070312,76.91000366210938,4901300,64.6917953491211
ETN,ETN,2017-09-18,77.0,78.04000091552734,76.52999877929688,77.9000015258789,2832500,65.52452087402344
ETN,ETN,2017-09-19,77.73999786376953,77.87000274658203,76.95999908447266,77.02999877929688,3215300,64.79273223876953
ETN,ETN,2017-09-20,77.22000122070312,78.20999908447266,77.12000274658203,77.7699966430664,2482000,65.41514587402344
ETN,ETN,2017-09-21,77.69999694824219,78.25,77.66000366210938,78.05999755859375,1784000,65.65909576416016
ETN,ETN,2017-09-22,77.98999786376953,78.51000213623047,77.69000244140625,78.0999984741211,1624900,65.69275665283203
ETN,ETN,2017-09-25,78.13999938964844,78.2300033569336,76.88999938964844,77.55000305175781,2669600,65.23011016845703
ETN,ETN,2017-09-26,77.5999984741211,77.6500015258789,77.0199966430664,77.11000061035156,1855700,64.86003112792969
ETN,ETN,2017-09-27,77.44000244140625,77.61000061035156,76.80999755859375,77.12000274658203,2015300,64.86842346191406
ETN,ETN,2017-09-28,76.83999633789062,76.97000122070312,75.43000030517578,76.08999633789062,3048100,64.00205993652344
ETN,ETN,2017-09-29,75.94999694824219,76.94000244140625,75.72000122070312,76.79000091552734,2236300,64.59085845947266
ETN,ETN,2017-10-02,76.94999694824219,77.58000183105469,76.38999938964844,77.54000091552734,1755400,65.22169494628906
ETN,ETN,2017-10-03,77.68000030517578,77.76000213623047,77.25,77.44999694824219,2017700,65.14599609375
ETN,ETN,2017-10-04,77.3499984741211,78.19000244140625,77.01000213623047,78.05999755859375,2209400,65.65909576416016
ETN,ETN,2017-10-05,77.95999908447266,78.25,77.58999633789062,77.80000305175781,2032900,65.44041442871094
ETN,ETN,2017-10-06,77.62999725341797,78.22000122070312,77.43000030517578,77.75,2281200,65.39836120605469
ETN,ETN,2017-10-09,77.76000213623047,78.12000274658203,77.30999755859375,77.68000030517578,1368700,65.33946990966797
ETN,ETN,2017-10-10,77.95999908447266,78.12999725341797,77.4000015258789,77.9800033569336,1612800,65.59180450439453
ETN,ETN,2017-10-11,77.94999694824219,78.66999816894531,77.7300033569336,78.52999877929688,2390600,66.05442810058594
ETN,ETN,2017-10-12,78.55999755859375,79.16000366210938,78.30999755859375,78.72000122070312,2504000,66.2142562866211
ETN,ETN,2017-10-13,79.12000274658203,79.19000244140625,78.47000122070312,78.52999877929688,1942800,66.05442810058594
ETN,ETN,2017-10-16,78.81999969482422,79.30999755859375,78.5199966430664,79.2300033569336,1400500,66.64324188232422
ETN,ETN,2017-10-17,77.83000183105469,78.43000030517578,76.5999984741211,78.06999969482422,3535700,65.66752624511719
ETN,ETN,2017-10-18,78.16000366210938,78.61000061035156,77.94000244140625,77.97000122070312,2249400,65.58341217041016
ETN,ETN,2017-10-19,77.37000274658203,78.19000244140625,77.33999633789062,78.0199966430664,2168500,65.62545013427734
ETN,ETN,2017-10-20,78.47000122070312,79.04000091552734,78.19000244140625,78.93000030517578,2559800,66.39088439941406
ETN,ETN,2017-10-23,79.02999877929688,79.08999633789062,78.43000030517578,78.4800033569336,2196900,66.01239013671875
ETN,ETN,2017-10-24,78.91999816894531,80.13999938964844,78.91000366210938,79.58000183105469,3107900,66.93765258789062
ETN,ETN,2017-10-25,79.44000244140625,79.69000244140625,78.33000183105469,78.9800033569336,2311200,66.43294525146484
ETN,ETN,2017-10-26,79.5,79.94000244140625,79.19999694824219,79.5,1642700,66.8703384399414
ETN,ETN,2017-10-27,79.47000122070312,79.98999786376953,79.13999938964844,79.7699966430664,1987600,67.09745788574219
ETN,ETN,2017-10-30,79.6500015258789,80.43000030517578,79.18000030517578,79.2300033569336,3740800,66.64324188232422
ETN,ETN,2017-10-31,77.94000244140625,81.5,77.62000274658203,80.0199966430664,4955400,67.30772399902344
ETN,ETN,2017-11-01,80.87999725341797,82.33999633789062,80.80000305175781,81.51000213623047,3680500,68.5610122680664
ETN,ETN,2017-11-02,81.05000305175781,81.33999633789062,79.33000183105469,79.37999725341797,3227100,67.26451873779297
ETN,ETN,2017-11-03,79.1500015258789,79.23999786376953,77.08000183105469,78.0999984741211,4477300,66.17991638183594
ETN,ETN,2017-11-06,78.0999984741211,78.63999938964844,77.63999938964844,78.30999755859375,2239800,66.35783386230469
ETN,ETN,2017-11-07,78.4000015258789,78.9800033569336,78.16000366210938,78.66999816894531,1454300,66.66290283203125
ETN,ETN,2017-11-08,78.41000366210938,79.20999908447266,77.94000244140625,79.05000305175781,2281800,66.98491668701172
ETN,ETN,2017-11-09,78.72000122070312,79.48999786376953,77.80000305175781,77.86000061035156,2957100,65.97651672363281
ETN,ETN,2017-11-10,77.9000015258789,78.08000183105469,77.4800033569336,77.91999816894531,1380400,66.0273666381836
ETN,ETN,2017-11-13,77.69999694824219,78.16000366210938,77.51000213623047,77.94000244140625,1393600,66.0443344116211
ETN,ETN,2017-11-14,77.48999786376953,77.66999816894531,76.88999938964844,76.88999938964844,1844800,65.15459442138672
ETN,ETN,2017-11-15,76.47000122070312,76.5999984741211,75.5999984741211,75.87000274658203,2029900,64.29027557373047
ETN,ETN,2017-11-16,76.13999938964844,76.80000305175781,76.13999938964844,76.44000244140625,1824800,64.77327728271484
ETN,ETN,2017-11-17,75.98999786376953,76.0,75.41999816894531,75.63999938964844,2965300,64.09537506103516
ETN,ETN,2017-11-20,75.86000061035156,75.9800033569336,75.5,75.69000244140625,2933700,64.13770294189453
ETN,ETN,2017-11-21,76.08999633789062,76.33000183105469,75.83000183105469,76.30000305175781,1801800,64.65461730957031
ETN,ETN,2017-11-22,76.33000183105469,76.66999816894531,76.18000030517578,76.22000122070312,995300,64.58684539794922
ETN,ETN,2017-11-24,76.37000274658203,76.37000274658203,75.83000183105469,75.91999816894531,698900,64.33263397216797
ETN,ETN,2017-11-27,75.94000244140625,76.05000305175781,75.52999877929688,75.52999877929688,1493900,64.00212860107422
ETN,ETN,2017-11-28,75.66999816894531,77.04000091552734,75.55999755859375,76.8499984741211,2029100,65.12068939208984
ETN,ETN,2017-11-29,77.0199966430664,77.29000091552734,76.36000061035156,76.83999633789062,1839600,65.1122055053711
ETN,ETN,2017-11-30,76.9800033569336,77.98999786376953,76.91999816894531,77.77999877929688,2725300,65.90873718261719
ETN,ETN,2017-12-01,77.98999786376953,78.41999816894531,76.4000015258789,77.69999694824219,2264000,65.84092712402344
ETN,ETN,2017-12-04,78.30999755859375,78.61000061035156,76.4000015258789,76.41000366210938,2329200,64.74784088134766
ETN,ETN,2017-12-05,76.37000274658203,76.62000274658203,74.94000244140625,74.94999694824219,3000600,63.51066589355469
ETN,ETN,2017-12-06,76.01000213623047,76.26000213623047,74.9000015258789,75.79000091552734,3000800,64.22245788574219
ETN,ETN,2017-12-07,75.6500015258789,77.47000122070312,75.62000274658203,77.26000213623047,3538500,65.46810150146484
ETN,ETN,2017-12-08,77.48999786376953,77.86000061035156,77.01000213623047,77.29000091552734,2363700,65.49352264404297
ETN,ETN,2017-12-11,77.61000061035156,78.11000061035156,77.11000061035156,77.7699966430664,3755100,65.90025329589844
ETN,ETN,2017-12-12,77.83999633789062,78.44999694824219,77.7300033569336,77.76000213623047,2189300,65.89179229736328
ETN,ETN,2017-12-13,77.95999908447266,78.48999786376953,77.54000091552734,77.56999969482422,2148100,65.73078918457031
ETN,ETN,2017-12-14,77.66999816894531,77.7699966430664,76.41000366210938,76.44000244140625,1719700,64.77327728271484
ETN,ETN,2017-12-15,76.61000061035156,77.77999877929688,76.58000183105469,77.29000091552734,3503700,65.49352264404297
ETN,ETN,2017-12-18,78.11000061035156,78.43000030517578,76.9800033569336,77.05999755859375,2747400,65.29864501953125
ETN,ETN,2017-12-19,77.2699966430664,77.31999969482422,76.73999786376953,76.86000061035156,1930800,65.12918090820312
ETN,ETN,2017-12-20,77.36000061035156,77.54000091552734,77.01000213623047,77.1500015258789,2318300,65.3748779296875
ETN,ETN,2017-12-21,77.4800033569336,78.37999725341797,77.16000366210938,78.0999984741211,2076900,66.17991638183594
ETN,ETN,2017-12-22,78.27999877929688,78.27999877929688,77.51000213623047,77.51000213623047,1362100,65.67994689941406
ETN,ETN,2017-12-26,77.5999984741211,77.70999908447266,77.20999908447266,77.31999969482422,676300,65.5189437866211
ETN,ETN,2017-12-27,77.4000015258789,77.68000030517578,77.01000213623047,77.41999816894531,1135500,65.60368347167969
ETN,ETN,2017-12-28,77.56999969482422,78.19000244140625,77.43000030517578,78.16000366210938,1083200,66.23074340820312
ETN,ETN,2017-12-29,78.91000366210938,79.6500015258789,78.55999755859375,79.01000213623047,3245900,66.95101165771484
ETN,ETN,2018-01-02,79.2300033569336,79.5199966430664,77.5199966430664,78.86000061035156,2814900,66.82391357421875
ETN,ETN,2018-01-03,79.26000213623047,81.66999816894531,78.86000061035156,81.63999938964844,4255900,69.17959594726562
ETN,ETN,2018-01-04,81.69000244140625,81.98999786376953,80.45999908447266,80.7699966430664,3936400,68.4423828125
ETN,ETN,2018-01-05,80.87999725341797,81.41999816894531,80.25,81.38999938964844,2398900,68.9677505493164
ETN,ETN,2018-01-08,81.37000274658203,82.30000305175781,81.0,82.02999877929688,1818200,69.51007080078125
ETN,ETN,2018-01-09,81.87000274658203,82.48999786376953,80.30999755859375,81.9800033569336,2216000,69.46771240234375
ETN,ETN,2018-01-10,81.66999816894531,82.68000030517578,81.31999969482422,82.47000122070312,2126800,69.88292694091797
ETN,ETN,2018-01-11,82.66000366210938,83.98999786376953,82.33000183105469,83.98999786376953,1897900,71.17091369628906
ETN,ETN,2018-01-12,84.16000366210938,84.3499984741211,83.47000122070312,84.23999786376953,2417500,71.38277435302734
ETN,ETN,2018-01-16,84.44000244140625,84.5,82.69999694824219,83.3499984741211,2198500,70.62860107421875
ETN,ETN,2018-01-17,83.48999786376953,83.98999786376953,83.27999877929688,83.5999984741211,1379400,70.8404541015625
ETN,ETN,2018-01-18,83.69000244140625,84.0,83.0199966430664,83.55999755859375,2001600,70.80654907226562
ETN,ETN,2018-01-19,83.9000015258789,84.41000366210938,83.55000305175781,83.94999694824219,3215000,71.13703155517578
ETN,ETN,2018-01-22,83.93000030517578,84.41999816894531,83.51000213623047,84.36000061035156,2413400,71.48446655273438
ETN,ETN,2018-01-23,83.95999908447266,85.31999969482422,83.83000183105469,85.12000274658203,2393700,72.12847137451172
ETN,ETN,2018-01-24,85.5999984741211,85.61000061035156,84.33999633789062,84.5,2862200,71.60308074951172
ETN,ETN,2018-01-25,85.08999633789062,85.66999816894531,83.93000030517578,85.22000122070312,2592200,72.21321105957031
ETN,ETN,2018-01-26,85.5,86.51000213623047,85.04000091552734,86.48999786376953,1863300,73.28936004638672
ETN,ETN,2018-01-29,86.20999908447266,86.81999969482422,85.37000274658203,85.58999633789062,1883800,72.5267333984375
ETN,ETN,2018-01-30,84.91000366210938,85.62999725341797,84.33000183105469,84.73999786376953,2478800,71.80647277832031
ETN,ETN,2018-01-31,85.33000183105469,85.52999877929688,83.43000030517578,83.97000122070312,2901000,71.15399169921875
ETN,ETN,2018-02-01,86.93000030517578,89.8499984741211,86.6500015258789,87.86000061035156,6112700,74.45027923583984
ETN,ETN,2018-02-02,87.12000274658203,87.4000015258789,84.9000015258789,85.08999633789062,6100300,72.1030502319336
ETN,ETN,2018-02-05,85.66999816894531,85.68000030517578,81.58000183105469,81.58000183105469,5528400,69.1287612915039
ETN,ETN,2018-02-06,80.23999786376953,83.27999877929688,79.5,82.68000030517578,4994500,70.06087493896484
ETN,ETN,2018-02-07,82.31999969482422,84.37999725341797,81.58999633789062,81.62000274658203,3908800,69.16265106201172
ETN,ETN,2018-02-08,81.80999755859375,82.30999755859375,79.4000015258789,79.41000366210938,3150900,67.28996276855469
ETN,ETN,2018-02-09,80.69999694824219,81.5999984741211,78.98999786376953,80.7699966430664,4925800,68.4423828125
ETN,ETN,2018-02-12,81.44999694824219,82.56999969482422,81.23999786376953,82.0199966430664,2789800,69.50160217285156
ETN,ETN,2018-02-13,81.45999908447266,82.13999938964844,80.98999786376953,81.83000183105469,1332500,69.3405990600586
ETN,ETN,2018-02-14,81.23999786376953,82.86000061035156,81.0199966430664,82.66999816894531,2399600,70.05240631103516
ETN,ETN,2018-02-15,83.11000061035156,83.41999816894531,81.77999877929688,82.76000213623047,1516400,70.12865447998047
ETN,ETN,2018-02-16,82.66000366210938,83.91000366210938,82.19999694824219,82.79000091552734,2200200,70.1540756225586
ETN,ETN,2018-02-20,82.43000030517578,83.04000091552734,81.44999694824219,81.70999908447266,3344600,69.23889923095703
ETN,ETN,2018-02-21,81.72000122070312,82.6500015258789,81.26000213623047,81.55999755859375,2219300,69.11182403564453
ETN,ETN,2018-02-22,82.02999877929688,82.6500015258789,81.68000030517578,81.87999725341797,1778900,69.3829574584961
ETN,ETN,2018-02-23,82.5,82.66000366210938,81.56999969482422,82.22000122070312,2204900,69.67108154296875
ETN,ETN,2018-02-26,82.36000061035156,82.55000305175781,81.54000091552734,82.27999877929688,2854900,69.721923828125
ETN,ETN,2018-02-27,82.19000244140625,83.0999984741211,81.93000030517578,81.95999908447266,2514800,69.45075988769531
ETN,ETN,2018-02-28,82.16000366210938,82.51000213623047,80.68000030517578,80.69999694824219,2323500,68.3830795288086
ETN,ETN,2018-03-01,81.0999984741211,81.70999908447266,79.20999908447266,79.58999633789062,3527400,67.44251251220703
ETN,ETN,2018-03-02,79.16000366210938,80.08999633789062,78.38999938964844,79.69999694824219,3251000,67.53570556640625
ETN,ETN,2018-03-05,79.18000030517578,80.31999969482422,78.4000015258789,80.22000122070312,2983500,67.97635650634766
ETN,ETN,2018-03-06,80.79000091552734,80.97000122070312,79.72000122070312,80.94000244140625,2658700,68.58644104003906
ETN,ETN,2018-03-07,79.98999786376953,81.19000244140625,79.7699966430664,81.02999877929688,2741700,68.66272735595703
ETN,ETN,2018-03-08,81.93000030517578,81.95999908447266,80.48999786376953,81.13999938964844,5636000,68.75592041015625
ETN,ETN,2018-03-09,81.06999969482422,83.16000366210938,80.70999908447266,83.13999938964844,3155000,71.02842712402344
ETN,ETN,2018-03-12,83.08999633789062,83.23999786376953,81.20999908447266,81.52999877929688,3666100,69.65293884277344
ETN,ETN,2018-03-13,81.70999908447266,82.66999816894531,81.13999938964844,81.27999877929688,2869600,69.4393539428711
ETN,ETN,2018-03-14,81.88999938964844,81.91999816894531,79.95999908447266,80.08999633789062,2395900,68.4227294921875
ETN,ETN,2018-03-15,80.25,80.68000030517578,79.87999725341797,80.2699966430664,2840700,68.5765151977539
ETN,ETN,2018-03-16,80.43000030517578,81.30000305175781,80.2300033569336,80.9800033569336,4651900,69.18309020996094
ETN,ETN,2018-03-19,80.75,80.98999786376953,79.81999969482422,80.45999908447266,1709100,68.73883056640625
ETN,ETN,2018-03-20,80.69999694824219,81.87000274658203,80.5,81.16000366210938,1783200,69.33686065673828
ETN,ETN,2018-03-21,81.33000183105469,82.0999984741211,80.93000030517578,81.4800033569336,1847300,69.6102523803711
ETN,ETN,2018-03-22,80.63999938964844,81.36000061035156,79.27999877929688,79.43000030517578,2650400,67.85887908935547
ETN,ETN,2018-03-23,79.68000030517578,79.68000030517578,78.08999633789062,78.18000030517578,3332200,66.79097747802734
ETN,ETN,2018-03-26,80.18000030517578,81.43000030517578,79.51000213623047,81.0999984741211,4143100,69.28556823730469
ETN,ETN,2018-03-27,81.23999786376953,81.5999984741211,79.19999694824219,79.70999908447266,3678000,68.09809112548828
ETN,ETN,2018-03-28,79.80999755859375,79.87000274658203,78.56999969482422,79.05000305175781,2858400,67.53421020507812
ETN,ETN,2018-03-29,79.61000061035156,80.6500015258789,79.25,79.91000366210938,2902700,68.26898193359375
ETN,ETN,2018-04-02,79.47000122070312,79.62999725341797,76.51000213623047,77.69000244140625,2401500,66.37236785888672
ETN,ETN,2018-04-03,78.0,78.27999877929688,76.38999938964844,77.86000061035156,4515400,66.51759338378906
ETN,ETN,2018-04-04,76.4800033569336,78.66999816894531,76.13999938964844,78.58000183105469,3064100,67.13269805908203
ETN,ETN,2018-04-05,79.31999969482422,79.5199966430664,78.62000274658203,79.25,2434600,67.70510864257812
ETN,ETN,2018-04-06,78.3499984741211,78.91999816894531,75.66000366210938,75.97000122070312,4025900,64.90290069580078
ETN,ETN,2018-04-09,76.72000122070312,77.16999816894531,75.77999877929688,75.93000030517578,2922000,64.8687744140625
ETN,ETN,2018-04-10,77.9000015258789,78.44999694824219,77.41000366210938,77.58999633789062,2786300,66.28693389892578
ETN,ETN,2018-04-11,76.9000015258789,77.51000213623047,76.62000274658203,77.16999816894531,2279900,65.92807006835938
ETN,ETN,2018-04-12,77.5,78.05999755859375,77.36000061035156,77.44000244140625,3177000,66.15877532958984
ETN,ETN,2018-04-13,78.05999755859375,78.33999633789062,76.9800033569336,77.26000213623047,3313400,66.0050048828125
ETN,ETN,2018-04-16,77.88999938964844,78.13999938964844,77.26000213623047,77.44999694824219,3675900,66.16731262207031
ETN,ETN,2018-04-17,78.2300033569336,78.72000122070312,77.83000183105469,77.94999694824219,2536300,66.594482421875
ETN,ETN,2018-04-18,78.41999816894531,79.4000015258789,78.11000061035156,79.19000244140625,2337700,67.65383911132812
ETN,ETN,2018-04-19,79.1500015258789,79.66999816894531,78.55999755859375,79.1500015258789,3317100,67.61967468261719
ETN,ETN,2018-04-20,79.31999969482422,79.5999984741211,78.47000122070312,79.05999755859375,2259400,67.54280090332031
ETN,ETN,2018-04-23,79.23999786376953,79.62999725341797,78.33000183105469,78.52999877929688,2085900,67.08997344970703
ETN,ETN,2018-04-24,79.12000274658203,79.51000213623047,74.70999908447266,75.93000030517578,3013000,64.8687744140625
ETN,ETN,2018-04-25,75.73999786376953,76.93000030517578,74.80999755859375,76.7300033569336,2744200,65.55221557617188
ETN,ETN,2018-04-26,76.69000244140625,76.83999633789062,75.0,75.91000366210938,3276500,64.85166931152344
ETN,ETN,2018-04-27,75.6500015258789,76.2300033569336,75.26000213623047,76.1500015258789,3401900,65.05670166015625
ETN,ETN,2018-04-30,76.19999694824219,76.58000183105469,75.02999877929688,75.02999877929688,3824700,64.09986114501953
ETN,ETN,2018-05-01,74.37999725341797,74.68000030517578,72.3499984741211,73.86000061035156,6034200,63.100311279296875
ETN,ETN,2018-05-02,73.51000213623047,74.26000213623047,72.62999725341797,72.81999969482422,4618000,62.21179962158203
ETN,ETN,2018-05-03,71.91999816894531,73.55999755859375,71.62000274658203,73.06999969482422,4229500,62.996334075927734
ETN,ETN,2018-05-04,72.55999755859375,75.30000305175781,72.30999755859375,74.87000274658203,3871800,64.54817962646484
ETN,ETN,2018-05-07,75.01000213623047,75.06999969482422,74.08000183105469,74.69999694824219,6020100,64.40164184570312
ETN,ETN,2018-05-08,74.80000305175781,74.98999786376953,74.29000091552734,74.81999969482422,3044100,64.50505828857422
ETN,ETN,2018-05-09,75.11000061035156,75.72000122070312,74.72000122070312,75.66000366210938,1596100,65.22927856445312
ETN,ETN,2018-05-10,75.81999969482422,76.58000183105469,75.44999694824219,76.44999694824219,2775100,65.9103775024414
ETN,ETN,2018-05-11,76.44999694824219,77.31999969482422,76.05999755859375,76.47000122070312,2188800,65.9276123046875
ETN,ETN,2018-05-14,76.76000213623047,76.94999694824219,76.2699966430664,76.58000183105469,2042300,66.0224609375
ETN,ETN,2018-05-15,76.18000030517578,76.80999755859375,76.02999877929688,76.7300033569336,2588200,66.15176391601562
ETN,ETN,2018-05-16,76.70999908447266,77.88999938964844,76.61000061035156,77.33000183105469,2174800,66.66905975341797
ETN,ETN,2018-05-17,77.23999786376953,78.05000305175781,77.12000274658203,77.66999816894531,1607100,66.96218872070312
ETN,ETN,2018-05-18,78.5199966430664,79.05000305175781,78.43000030517578,78.58999633789062,2587500,67.75534057617188
ETN,ETN,2018-05-21,79.18000030517578,80.2699966430664,79.06999969482422,79.88999938964844,3375500,68.8761215209961
ETN,ETN,2018-05-22,80.0999984741211,80.5,79.11000061035156,79.16000366210938,1734100,68.24677276611328
ETN,ETN,2018-05-23,78.72000122070312,79.0999984741211,78.30000305175781,79.0,2805600,68.10881042480469
ETN,ETN,2018-05-24,78.9800033569336,79.43000030517578,78.0,78.91000366210938,3276800,68.03121185302734
ETN,ETN,2018-05-25,78.36000061035156,78.63999938964844,77.8499984741211,78.2699966430664,1688400,67.47945404052734
ETN,ETN,2018-05-29,77.4800033569336,77.61000061035156,76.23999786376953,76.94000244140625,2014600,66.33283233642578
ETN,ETN,2018-05-30,77.44000244140625,78.20999908447266,77.08000183105469,77.91000366210938,1575400,67.1690902709961
ETN,ETN,2018-05-31,78.20999908447266,78.20999908447266,76.30999755859375,76.58000183105469,2802300,66.0224609375
ETN,ETN,2018-06-01,77.22000122070312,77.44999694824219,76.83999633789062,76.9000015258789,2043600,66.29833221435547
ETN,ETN,2018-06-04,77.25,77.68000030517578,76.77999877929688,76.97000122070312,2188800,66.35868835449219
ETN,ETN,2018-06-05,77.2699966430664,79.58000183105469,77.19000244140625,79.44999694824219,5141400,68.49676513671875
ETN,ETN,2018-06-06,79.80999755859375,80.27999877929688,79.0,80.27999877929688,3051600,69.21233367919922
ETN,ETN,2018-06-07,80.37999725341797,80.58999633789062,79.91000366210938,80.33999633789062,2362200,69.26405334472656
ETN,ETN,2018-06-08,80.08000183105469,80.4000015258789,79.73999786376953,80.3499984741211,1681500,69.27271270751953
ETN,ETN,2018-06-11,80.41999816894531,80.94000244140625,79.95999908447266,80.80999755859375,2111500,69.66928100585938
ETN,ETN,2018-06-12,80.83999633789062,81.18000030517578,80.13999938964844,80.41000366210938,2133600,69.3244400024414
ETN,ETN,2018-06-13,80.45999908447266,80.62999725341797,80.01000213623047,80.05000305175781,2598600,69.01406860351562
ETN,ETN,2018-06-14,80.20999908447266,80.54000091552734,79.08000183105469,79.27999877929688,1620700,68.3502197265625
ETN,ETN,2018-06-15,78.93000030517578,79.26000213623047,77.94000244140625,79.25,3581000,68.3243637084961
ETN,ETN,2018-06-18,78.51000213623047,79.27999877929688,78.16999816894531,79.2300033569336,2707900,68.30709838867188
ETN,ETN,2018-06-19,78.33000183105469,78.33000183105469,77.52999877929688,78.20999908447266,2510900,67.4277114868164
ETN,ETN,2018-06-20,78.66999816894531,78.76000213623047,77.7300033569336,77.94000244140625,1723000,67.19496154785156
ETN,ETN,2018-06-21,77.63999938964844,77.63999938964844,76.1500015258789,76.36000061035156,4231700,65.83275604248047
ETN,ETN,2018-06-22,77.02999877929688,77.26000213623047,76.5,76.58999633789062,2342400,66.03107452392578
ETN,ETN,2018-06-25,76.33999633789062,76.69000244140625,75.43000030517578,75.94000244140625,3283900,65.47065734863281
ETN,ETN,2018-06-26,76.12999725341797,76.4000015258789,75.41000366210938,75.51000213623047,2615100,65.09996032714844
ETN,ETN,2018-06-27,75.86000061035156,76.83999633789062,75.25,75.26000213623047,3630600,64.88443756103516
ETN,ETN,2018-06-28,75.22000122070312,75.5,73.4800033569336,74.44000244140625,5594900,64.1774673461914
ETN,ETN,2018-06-29,74.87000274658203,75.5999984741211,74.63999938964844,74.73999786376953,3533800,64.43611907958984
ETN,ETN,2018-07-02,74.19000244140625,75.08999633789062,74.11000061035156,74.93000030517578,2660100,64.59992980957031
ETN,ETN,2018-07-03,75.77999877929688,76.66000366210938,75.27999877929688,75.44999694824219,1378100,65.04824829101562
ETN,ETN,2018-07-05,75.83999633789062,76.0,75.1500015258789,75.83999633789062,1565200,65.38446807861328
ETN,ETN,2018-07-06,75.69000244140625,76.3499984741211,75.22000122070312,76.0199966430664,1737000,65.53963470458984
ETN,ETN,2018-07-09,76.1500015258789,77.81999969482422,76.06999969482422,77.80000305175781,1565400,67.07425689697266
ETN,ETN,2018-07-10,78.56999969482422,78.66000366210938,77.87999725341797,78.30999755859375,2027400,67.51395416259766
ETN,ETN,2018-07-11,77.47000122070312,77.47000122070312,75.44000244140625,75.76000213623047,2856000,65.31550598144531
ETN,ETN,2018-07-12,77.04000091552734,77.7300033569336,76.08999633789062,76.87000274658203,1875900,66.27246856689453
ETN,ETN,2018-07-13,76.63999938964844,77.80000305175781,76.54000091552734,77.76000213623047,1431900,67.03976440429688
ETN,ETN,2018-07-16,77.94000244140625,77.95999908447266,77.13999938964844,77.33999633789062,1975700,66.67765045166016
ETN,ETN,2018-07-17,77.12000274658203,78.04000091552734,76.95999908447266,77.81999969482422,2431700,67.09150695800781
ETN,ETN,2018-07-18,77.91999816894531,78.95999908447266,77.73999786376953,78.37000274658203,1944300,67.56566619873047
ETN,ETN,2018-07-19,77.9000015258789,78.3499984741211,77.58000183105469,78.20999908447266,2152600,67.4277114868164
ETN,ETN,2018-07-20,77.80000305175781,78.01000213623047,77.43000030517578,77.63999938964844,2211800,66.93632507324219
ETN,ETN,2018-07-23,77.62000274658203,77.77999877929688,76.69999694824219,76.87000274658203,3315900,66.27246856689453
ETN,ETN,2018-07-24,77.68000030517578,78.41999816894531,77.08999633789062,77.44999694824219,3754400,66.7724838256836
ETN,ETN,2018-07-25,77.36000061035156,79.08000183105469,77.12999725341797,78.9800033569336,3136500,68.09158325195312
ETN,ETN,2018-07-26,78.94000244140625,80.30000305175781,78.94000244140625,79.95999908447266,3256400,68.93647003173828
ETN,ETN,2018-07-27,80.12000274658203,80.91000366210938,79.95999908447266,80.56999969482422,2096700,69.46235656738281
ETN,ETN,2018-07-30,81.0,81.48999786376953,79.69000244140625,79.86000061035156,2813000,68.85027313232422
ETN,ETN,2018-07-31,80.19999694824219,83.55000305175781,80.12999725341797,83.16999816894531,4753400,71.70390319824219
ETN,ETN,2018-08-01,83.22000122070312,83.62999725341797,82.31999969482422,82.37000274658203,3613800,71.01421356201172
ETN,ETN,2018-08-02,81.2300033569336,81.69999694824219,80.77999877929688,81.16999816894531,2317100,69.97964477539062
ETN,ETN,2018-08-03,81.30999755859375,81.73999786376953,80.73999786376953,81.56999969482422,1861800,70.32451629638672
ETN,ETN,2018-08-06,81.72000122070312,81.9000015258789,81.08000183105469,81.19000244140625,1830800,69.99690246582031
ETN,ETN,2018-08-07,81.3499984741211,82.81999969482422,81.33999633789062,82.58000183105469,2823800,71.19527435302734
ETN,ETN,2018-08-08,82.5,82.62000274658203,81.69999694824219,81.91000366210938,1499900,70.61764526367188
ETN,ETN,2018-08-09,81.91000366210938,82.61000061035156,81.47000122070312,81.70999908447266,2096100,70.4451904296875
ETN,ETN,2018-08-10,81.16000366210938,81.23999786376953,80.26000213623047,80.55000305175781,2144500,69.44511413574219
ETN,ETN,2018-08-13,81.5199966430664,81.5199966430664,79.87000274658203,80.12000274658203,3273700,69.0744400024414
ETN,ETN,2018-08-14,80.2699966430664,80.6500015258789,79.83000183105469,80.13999938964844,2878800,69.09165954589844
ETN,ETN,2018-08-15,79.4000015258789,79.73999786376953,78.75,79.62999725341797,2158200,68.65194702148438
ETN,ETN,2018-08-16,80.22000122070312,80.98999786376953,80.18000030517578,80.51000213623047,2360400,69.41065216064453
ETN,ETN,2018-08-17,80.61000061035156,81.19000244140625,80.30999755859375,81.0,1664300,69.83308410644531
ETN,ETN,2018-08-20,81.2699966430664,81.8499984741211,81.1500015258789,81.3499984741211,1741700,70.13484954833984
ETN,ETN,2018-08-21,81.44000244140625,82.37000274658203,81.37999725341797,82.02999877929688,2936600,70.72108459472656
ETN,ETN,2018-08-22,81.93000030517578,81.98999786376953,81.16999816894531,81.48999786376953,2307600,70.25553131103516
ETN,ETN,2018-08-23,81.3499984741211,81.66000366210938,80.47000122070312,80.91999816894531,1846600,69.76412200927734
ETN,ETN,2018-08-24,81.3499984741211,81.70999908447266,80.95999908447266,81.68000030517578,1139000,70.4193344116211
ETN,ETN,2018-08-27,82.0,83.18000030517578,81.83999633789062,83.08999633789062,2144700,71.63496398925781
ETN,ETN,2018-08-28,83.41999816894531,83.87999725341797,83.3499984741211,83.56999969482422,2764000,72.04878997802734
ETN,ETN,2018-08-29,83.54000091552734,83.83999633789062,83.06999969482422,83.56999969482422,2092700,72.04878997802734
ETN,ETN,2018-08-30,83.27999877929688,83.4800033569336,82.70999908447266,82.83000183105469,1418500,71.41079711914062
ETN,ETN,2018-08-31,82.55000305175781,83.25,82.54000091552734,83.13999938964844,1887900,71.6780776977539
ETN,ETN,2018-09-04,83.08999633789062,83.12999725341797,81.91000366210938,82.7699966430664,2861400,71.35908508300781
ETN,ETN,2018-09-05,82.62000274658203,84.66000366210938,82.41000366210938,84.55999755859375,2506600,72.90228271484375
ETN,ETN,2018-09-06,84.55000305175781,84.91999816894531,84.20999908447266,84.66999816894531,1631200,72.99711608886719
ETN,ETN,2018-09-07,84.38999938964844,84.38999938964844,83.23999786376953,83.80999755859375,3133400,72.2557144165039
ETN,ETN,2018-09-10,84.55999755859375,85.68000030517578,84.55999755859375,85.25,2214100,73.4971923828125
ETN,ETN,2018-09-11,84.86000061035156,85.48999786376953,84.3499984741211,85.05999755859375,2259900,73.3333740234375
ETN,ETN,2018-09-12,85.0999984741211,86.16999816894531,84.69000244140625,85.97000122070312,2872900,74.11791229248047
ETN,ETN,2018-09-13,86.43000030517578,87.33000183105469,86.30000305175781,86.69999694824219,2016100,74.7472915649414
ETN,ETN,2018-09-14,86.9000015258789,87.41000366210938,86.56999969482422,87.1500015258789,1544100,75.13523864746094
ETN,ETN,2018-09-17,87.16000366210938,87.63999938964844,86.8499984741211,87.12999725341797,2562800,75.11800384521484
ETN,ETN,2018-09-18,87.23999786376953,87.52999877929688,86.02999877929688,86.93000030517578,2353800,74.94554901123047
ETN,ETN,2018-09-19,87.16999816894531,88.3499984741211,86.9000015258789,88.01000213623047,1798300,75.87667846679688
ETN,ETN,2018-09-20,88.51000213623047,88.83999633789062,87.20999908447266,88.31999969482422,2787600,76.1439208984375
ETN,ETN,2018-09-21,87.70999908447266,89.45999908447266,87.30999755859375,88.5,3942700,76.29911041259766
ETN,ETN,2018-09-24,88.25,88.38999938964844,87.16999816894531,87.44999694824219,2157900,75.39388275146484
ETN,ETN,2018-09-25,87.7300033569336,87.80000305175781,86.87000274658203,87.1500015258789,2542100,75.13523864746094
ETN,ETN,2018-09-26,87.33999633789062,87.76000213623047,86.79000091552734,86.91000366210938,2315900,74.9283218383789
ETN,ETN,2018-09-27,87.33000183105469,87.33000183105469,86.55000305175781,86.76000213623047,1694100,74.79899597167969
ETN,ETN,2018-09-28,86.8499984741211,87.08999633789062,86.44999694824219,86.7300033569336,2304900,74.77314758300781
ETN,ETN,2018-10-01,87.47000122070312,87.70999908447266,86.79000091552734,87.44999694824219,1960100,75.39388275146484
ETN,ETN,2018-10-02,87.44999694824219,87.93000030517578,87.19000244140625,87.8499984741211,1903300,75.73873138427734
ETN,ETN,2018-10-03,88.2699966430664,89.0199966430664,87.38999938964844,87.72000122070312,2880600,75.62664794921875
ETN,ETN,2018-10-04,87.55999755859375,88.56999969482422,86.9800033569336,87.69999694824219,1936900,75.6093978881836
ETN,ETN,2018-10-05,87.80999755859375,88.20999908447266,86.30999755859375,86.66999816894531,2365600,74.72139739990234
ETN,ETN,2018-10-08,86.43000030517578,86.83999633789062,85.54000091552734,86.66999816894531,1750700,74.72139739990234
ETN,ETN,2018-10-09,86.45999908447266,86.73999786376953,84.75,84.93000030517578,3364500,73.22130584716797
ETN,ETN,2018-10-10,84.72000122070312,84.83999633789062,81.69000244140625,81.75,3974100,70.47966766357422
ETN,ETN,2018-10-11,81.69000244140625,82.08999633789062,79.26000213623047,79.52999877929688,3285400,68.56575775146484
ETN,ETN,2018-10-12,81.19999694824219,81.70999908447266,78.69000244140625,79.7699966430664,3586800,68.77264404296875
ETN,ETN,2018-10-15,79.80000305175781,80.04000091552734,79.04000091552734,79.16000366210938,2135700,68.24677276611328
ETN,ETN,2018-10-16,79.76000213623047,80.3499984741211,79.19999694824219,80.26000213623047,1911500,69.19511413574219
ETN,ETN,2018-10-17,80.7300033569336,80.73999786376953,78.88999938964844,79.80999755859375,1806000,68.8071517944336
ETN,ETN,2018-10-18,79.20999908447266,79.68000030517578,77.87999725341797,78.37999725341797,1952300,67.57430267333984
ETN,ETN,2018-10-19,78.22000122070312,78.72000122070312,77.08000183105469,77.29000091552734,2107500,66.63456726074219
ETN,ETN,2018-10-22,77.56999969482422,77.94000244140625,76.4800033569336,76.55999755859375,3526500,66.00518798828125
ETN,ETN,2018-10-23,74.56999969482422,74.7699966430664,73.23999786376953,73.51000213623047,4793000,63.37571334838867
ETN,ETN,2018-10-24,73.51000213623047,73.8499984741211,70.19999694824219,70.38999938964844,4325800,60.685794830322266
ETN,ETN,2018-10-25,71.2300033569336,72.79000091552734,70.8499984741211,72.19999694824219,4193500,62.24629592895508
ETN,ETN,2018-10-26,71.37000274658203,72.94999694824219,70.58000183105469,72.01000213623047,4471600,62.08249282836914
ETN,ETN,2018-10-29,73.44999694824219,73.68000030517578,69.97000122070312,71.02999877929688,3191500,61.237579345703125
ETN,ETN,2018-10-30,68.43000030517578,70.87999725341797,67.69999694824219,70.3499984741211,7647900,60.651329040527344
ETN,ETN,2018-10-31,71.36000061035156,73.12000274658203,71.1500015258789,71.66999816894531,5767100,61.78936004638672
ETN,ETN,2018-11-01,71.79000091552734,74.11000061035156,71.2699966430664,73.75,3604600,63.582611083984375
ETN,ETN,2018-11-02,74.41999816894531,74.58000183105469,72.88999938964844,73.23999786376953,3366600,63.14289474487305
ETN,ETN,2018-11-05,73.63999938964844,74.27999877929688,73.27999877929688,73.75,3648800,63.582611083984375
ETN,ETN,2018-11-06,73.56999969482422,75.3499984741211,73.5,75.27999877929688,2897900,64.90166473388672
ETN,ETN,2018-11-07,75.95999908447266,76.16000366210938,74.66999816894531,75.41999816894531,3514300,65.02236938476562
ETN,ETN,2018-11-08,75.12999725341797,75.68000030517578,73.8499984741211,74.23999786376953,4239800,64.00505828857422
ETN,ETN,2018-11-09,73.66999816894531,74.05000305175781,72.75,73.43000030517578,3027400,63.30670928955078
ETN,ETN,2018-11-12,73.5,73.61000061035156,72.4000015258789,72.51000213623047,2161200,62.51353454589844
ETN,ETN,2018-11-13,72.5199966430664,73.80000305175781,72.01000213623047,72.30999755859375,2402900,62.341129302978516
ETN,ETN,2018-11-14,72.97000122070312,73.91999816894531,71.9000015258789,72.36000061035156,2843500,62.38423156738281
ETN,ETN,2018-11-15,72.0,74.33000183105469,71.63999938964844,73.9800033569336,2648700,63.7808723449707
ETN,ETN,2018-11-16,73.63999938964844,74.52999877929688,73.43000030517578,74.23999786376953,2379900,64.00505828857422
ETN,ETN,2018-11-19,73.93000030517578,74.4800033569336,73.06999969482422,73.4800033569336,1911000,63.34981918334961
ETN,ETN,2018-11-20,72.66000366210938,73.31999969482422,72.33999633789062,72.94999694824219,2043300,62.89287567138672
ETN,ETN,2018-11-21,73.3499984741211,74.7699966430664,73.05000305175781,74.08000183105469,3035900,63.867095947265625
ETN,ETN,2018-11-23,73.37000274658203,74.81999969482422,73.37000274658203,74.08999633789062,1260600,63.87571334838867
ETN,ETN,2018-11-26,74.91000366210938,75.55999755859375,74.29000091552734,75.08999633789062,2784400,64.73785400390625
ETN,ETN,2018-11-27,74.58000183105469,75.41000366210938,74.26000213623047,75.3499984741211,2316100,64.9620132446289
ETN,ETN,2018-11-28,75.62999725341797,76.62999725341797,74.4000015258789,76.56999969482422,2207800,66.01382446289062
ETN,ETN,2018-11-29,76.30000305175781,76.69000244140625,75.58999633789062,76.01000213623047,1716400,65.53102111816406
ETN,ETN,2018-11-30,75.56999969482422,77.0,75.25,76.94000244140625,3137800,66.33283233642578
ETN,ETN,2018-12-03,78.76000213623047,79.16999816894531,77.31999969482422,78.01000213623047,2002200,67.25530242919922
ETN,ETN,2018-12-04,77.98999786376953,78.19999694824219,74.83999633789062,74.98999786376953,2632900,64.65164184570312
ETN,ETN,2018-12-06,73.5,73.5,71.16999816894531,73.29000091552734,3913000,63.185997009277344
ETN,ETN,2018-12-07,73.41999816894531,74.38999938964844,70.98999786376953,71.25,3322200,61.42725372314453
ETN,ETN,2018-12-10,71.19000244140625,71.66999816894531,69.44999694824219,71.33000183105469,2213600,61.496238708496094
ETN,ETN,2018-12-11,72.80000305175781,72.87000274658203,70.5,70.91999816894531,1597200,61.142738342285156
ETN,ETN,2018-12-12,72.0199966430664,72.4000015258789,71.06999969482422,71.11000061035156,2304300,61.306541442871094
ETN,ETN,2018-12-13,71.56999969482422,71.75,70.38999938964844,70.80000305175781,2180700,61.039276123046875
ETN,ETN,2018-12-14,70.02999877929688,71.25,69.93000030517578,70.58000183105469,2818600,60.84962463378906
ETN,ETN,2018-12-17,70.38999938964844,70.79000091552734,68.69999694824219,69.18000030517578,3079400,59.64264678955078
ETN,ETN,2018-12-18,69.87999725341797,70.13999938964844,68.30000305175781,68.87999725341797,3025700,59.383975982666016
ETN,ETN,2018-12-19,68.94000244140625,70.12000274658203,67.44999694824219,68.01000213623047,4465400,58.633934020996094
ETN,ETN,2018-12-20,67.58999633789062,68.56999969482422,66.45999908447266,67.11000061035156,3873000,57.857994079589844
ETN,ETN,2018-12-21,67.25,68.69000244140625,66.19000244140625,66.37000274658203,5798100,57.22004318237305
ETN,ETN,2018-12-24,65.94000244140625,66.2300033569336,64.56999969482422,64.86000061035156,2060700,55.918209075927734
ETN,ETN,2018-12-26,65.31999969482422,67.81999969482422,64.45999908447266,67.79000091552734,2643400,58.44427490234375
ETN,ETN,2018-12-27,66.66000366210938,68.7300033569336,66.2699966430664,68.7300033569336,3272000,59.25467300415039
ETN,ETN,2018-12-28,69.25,69.26000213623047,68.04000091552734,68.23999786376953,2190600,58.83222961425781
ETN,ETN,2018-12-31,68.5199966430664,68.83000183105469,67.9800033569336,68.66000366210938,2281300,59.19430923461914
ETN,ETN,2019-01-02,67.72000122070312,68.95999908447266,67.5999984741211,68.61000061035156,2766600,59.151206970214844
ETN,ETN,2019-01-03,68.23999786376953,68.23999786376953,66.22000122070312,66.62999725341797,2803500,57.44418716430664
ETN,ETN,2019-01-04,67.69999694824219,68.54000091552734,67.0,68.52999877929688,3801600,59.08224105834961
ETN,ETN,2019-01-07,68.75,69.62999725341797,68.16000366210938,68.7300033569336,2342300,59.25467300415039
ETN,ETN,2019-01-08,69.33000183105469,69.75,67.75,68.18000030517578,4316500,58.780517578125
ETN,ETN,2019-01-09,68.95999908447266,69.5999984741211,68.8499984741211,69.05999755859375,3184000,59.539180755615234
ETN,ETN,2019-01-10,68.58999633789062,70.3499984741211,68.44000244140625,70.19000244140625,2261300,60.51338195800781
ETN,ETN,2019-01-11,69.62999725341797,70.37000274658203,69.62999725341797,70.22000122070312,1676700,60.539249420166016
ETN,ETN,2019-01-14,69.7300033569336,70.54000091552734,69.2699966430664,70.37999725341797,1858800,60.677188873291016
ETN,ETN,2019-01-15,70.54000091552734,70.54000091552734,69.22000122070312,69.87999725341797,1814900,60.24613952636719
ETN,ETN,2019-01-16,69.80000305175781,70.36000061035156,69.7300033569336,70.0999984741211,1791900,60.435791015625
ETN,ETN,2019-01-17,69.58000183105469,71.30999755859375,69.58000183105469,70.97000122070312,1440300,61.18586730957031
ETN,ETN,2019-01-18,71.44000244140625,72.54000091552734,71.26000213623047,71.87000274658203,2472300,61.96178436279297
ETN,ETN,2019-01-22,71.44999694824219,71.44999694824219,69.70999908447266,70.44000244140625,4081800,60.72892379760742
ETN,ETN,2019-01-23,70.54000091552734,70.80000305175781,69.55000305175781,70.1500015258789,2593400,60.47890853881836
ETN,ETN,2019-01-24,70.12999725341797,70.62999725341797,69.86000061035156,70.16000366210938,2997500,60.487545013427734
ETN,ETN,2019-01-25,71.0,71.41999816894531,70.75,71.06999969482422,2733600,61.27207946777344
ETN,ETN,2019-01-28,69.80000305175781,69.83999633789062,67.97000122070312,69.11000061035156,4635700,59.5822868347168
ETN,ETN,2019-01-29,69.8499984741211,71.25,69.44000244140625,71.11000061035156,3605200,61.306541442871094
ETN,ETN,2019-01-30,72.0,73.04000091552734,70.94999694824219,72.87999725341797,3652000,62.83253860473633
ETN,ETN,2019-01-31,75.20999908447266,76.5199966430664,74.45999908447266,76.25,6272200,65.7379379272461
ETN,ETN,2019-02-01,76.29000091552734,76.58000183105469,75.2699966430664,76.4800033569336,4160700,65.93624114990234
ETN,ETN,2019-02-04,76.7300033569336,77.1500015258789,76.01000213623047,77.0999984741211,2862300,66.47076416015625
ETN,ETN,2019-02-05,77.11000061035156,77.20999908447266,76.5,77.1500015258789,2497000,66.51388549804688
ETN,ETN,2019-02-06,76.44000244140625,77.45999908447266,76.44000244140625,76.94000244140625,2475000,66.33283233642578
ETN,ETN,2019-02-07,76.62999725341797,77.12999725341797,75.69999694824219,76.36000061035156,2465900,65.83275604248047
ETN,ETN,2019-02-08,75.86000061035156,76.08999633789062,75.12000274658203,75.83000183105469,1903400,65.37584686279297
ETN,ETN,2019-02-11,75.88999938964844,75.9800033569336,75.33000183105469,75.62999725341797,1785400,65.20341491699219
ETN,ETN,2019-02-12,76.1500015258789,76.8499984741211,76.05000305175781,76.66999816894531,2658200,66.10004425048828
ETN,ETN,2019-02-13,77.06999969482422,77.83000183105469,76.86000061035156,77.66999816894531,2120400,66.96218872070312
ETN,ETN,2019-02-14,77.13999938964844,77.83999633789062,76.68000030517578,77.19999694824219,1898600,66.55699157714844
ETN,ETN,2019-02-15,77.97000122070312,78.80999755859375,77.77999877929688,78.7300033569336,2233300,67.87604522705078
ETN,ETN,2019-02-19,78.30999755859375,79.0199966430664,78.05000305175781,78.80000305175781,2001100,67.93639373779297
ETN,ETN,2019-02-20,78.97000122070312,79.77999877929688,78.7699966430664,79.72000122070312,2320500,68.72955322265625
ETN,ETN,2019-02-21,79.62000274658203,79.80999755859375,79.13999938964844,79.69000244140625,1935200,68.70368957519531
ETN,ETN,2019-02-22,80.0,80.87000274658203,79.75,80.79000091552734,2584200,69.65204620361328
ETN,ETN,2019-02-25,81.51000213623047,81.51000213623047,80.70999908447266,80.91999816894531,2233700,69.76412200927734
ETN,ETN,2019-02-26,80.54000091552734,81.19999694824219,80.44999694824219,80.48999786376953,1560200,69.39339447021484
ETN,ETN,2019-02-27,80.37999725341797,80.68000030517578,79.69999694824219,80.63999938964844,2082700,69.52272033691406
ETN,ETN,2019-02-28,80.66000366210938,80.69000244140625,79.69999694824219,79.7699966430664,2560100,68.77264404296875
ETN,ETN,2019-03-01,81.25,81.36000061035156,79.04000091552734,80.2300033569336,4037800,69.16926574707031
ETN,ETN,2019-03-04,81.2699966430664,82.08000183105469,80.19999694824219,81.30000305175781,4052900,70.09174346923828
ETN,ETN,2019-03-05,81.1500015258789,81.44000244140625,80.68000030517578,80.80000305175781,3225500,69.6606674194336
ETN,ETN,2019-03-06,80.7300033569336,81.33999633789062,80.54000091552734,80.94999694824219,3900100,69.78996276855469
ETN,ETN,2019-03-07,80.12000274658203,80.12000274658203,78.73999786376953,79.93000030517578,2853500,69.52034759521484
ETN,ETN,2019-03-08,78.86000061035156,79.69999694824219,78.76000213623047,79.37999725341797,2249600,69.0419921875
ETN,ETN,2019-03-11,79.19999694824219,80.37000274658203,79.1500015258789,80.30999755859375,2394200,69.85087585449219
ETN,ETN,2019-03-12,81.08999633789062,81.0999984741211,80.13999938964844,80.36000061035156,3430100,69.89435577392578
ETN,ETN,2019-03-13,80.70999908447266,81.19000244140625,80.27999877929688,80.58999633789062,2225100,70.09439849853516
ETN,ETN,2019-03-14,80.43000030517578,81.19999694824219,79.93000030517578,80.98999786376953,2476700,70.44230651855469
ETN,ETN,2019-03-15,80.94000244140625,81.41999816894531,80.43000030517578,80.58000183105469,4940000,70.08570098876953
ETN,ETN,2019-03-18,80.81999969482422,82.25,80.75,82.0999984741211,2971400,71.4077377319336
ETN,ETN,2019-03-19,82.58999633789062,82.83999633789062,81.83000183105469,82.22000122070312,2232100,71.5121078491211
ETN,ETN,2019-03-20,82.1500015258789,82.1500015258789,80.87999725341797,81.2300033569336,3261900,70.65106201171875
ETN,ETN,2019-03-21,80.80999755859375,82.30000305175781,80.77999877929688,82.01000213623047,1891200,71.32946014404297
ETN,ETN,2019-03-22,81.51000213623047,81.70999908447266,78.86000061035156,79.0199966430664,3797700,68.72887420654297
ETN,ETN,2019-03-25,79.0,79.56999969482422,78.62000274658203,78.95999908447266,2801500,68.67668151855469
ETN,ETN,2019-03-26,79.75,79.91999816894531,79.08000183105469,79.5199966430664,2062400,69.16377258300781
ETN,ETN,2019-03-27,79.54000091552734,80.05999755859375,78.94999694824219,79.37000274658203,2136200,69.03330993652344
ETN,ETN,2019-03-28,79.8499984741211,80.3499984741211,79.23999786376953,79.86000061035156,1767000,69.45947265625
ETN,ETN,2019-03-29,80.6500015258789,80.66999816894531,80.25,80.55999755859375,2173100,70.06830596923828
ETN,ETN,2019-04-01,81.55999755859375,82.38999938964844,81.26000213623047,82.23999786376953,2124600,71.52948760986328
ETN,ETN,2019-04-02,82.48999786376953,82.94000244140625,82.12999725341797,82.63999938964844,1699200,71.87741088867188
ETN,ETN,2019-04-03,83.1500015258789,83.66999816894531,82.47000122070312,82.87000274658203,2080300,72.07746887207031
ETN,ETN,2019-04-04,82.23999786376953,83.23999786376953,82.23999786376953,83.18000030517578,1917400,72.3470687866211
ETN,ETN,2019-04-05,83.29000091552734,83.68000030517578,83.0999984741211,83.25,1542900,72.40798950195312
ETN,ETN,2019-04-08,83.0,83.69000244140625,82.5199966430664,83.68000030517578,1417900,72.78196716308594
ETN,ETN,2019-04-09,83.2300033569336,83.2300033569336,82.2300033569336,82.3499984741211,1984000,71.62519836425781
ETN,ETN,2019-04-10,82.44000244140625,82.75,81.9800033569336,82.41999816894531,1407800,71.68608093261719
ETN,ETN,2019-04-11,82.73999786376953,83.18000030517578,82.5,82.9800033569336,1349700,72.17314910888672
ETN,ETN,2019-04-12,83.58999633789062,83.9000015258789,83.08000183105469,83.87999725341797,1510400,72.95592498779297
ETN,ETN,2019-04-15,83.87999725341797,84.0,83.2699966430664,83.61000061035156,876500,72.72108459472656
ETN,ETN,2019-04-16,84.0,84.23999786376953,83.55999755859375,84.1500015258789,1822000,73.19076538085938
ETN,ETN,2019-04-17,84.7300033569336,85.25,84.13999938964844,84.43000030517578,1685100,73.43431854248047
ETN,ETN,2019-04-18,84.93000030517578,85.48999786376953,84.75,85.20999908447266,1637700,74.11271667480469
ETN,ETN,2019-04-22,84.68000030517578,85.06999969482422,84.44999694824219,84.94000244140625,1222900,73.87789154052734
ETN,ETN,2019-04-23,84.80000305175781,86.08000183105469,84.7300033569336,85.58999633789062,2058900,74.4432144165039
ETN,ETN,2019-04-24,85.44000244140625,85.87000274658203,85.20999908447266,85.33999633789062,1569500,74.22574615478516
ETN,ETN,2019-04-25,84.4800033569336,84.7699966430664,83.63999938964844,83.80000305175781,1599000,72.88636016845703
ETN,ETN,2019-04-26,83.95999908447266,84.0199966430664,83.06999969482422,83.7699966430664,2454800,72.86024475097656
ETN,ETN,2019-04-29,84.19999694824219,84.47000122070312,83.55999755859375,83.98999786376953,2426500,73.05158233642578
ETN,ETN,2019-04-30,82.48999786376953,83.5199966430664,80.68000030517578,82.81999969482422,4759300,72.03397369384766
ETN,ETN,2019-05-01,83.2699966430664,84.19999694824219,81.83000183105469,81.91000366210938,3525600,71.24249267578125
ETN,ETN,2019-05-02,81.16999816894531,82.05000305175781,80.7699966430664,81.41999816894531,3072200,71.43550109863281
ETN,ETN,2019-05-03,81.81999969482422,82.81999969482422,81.79000091552734,82.80000305175781,1982200,72.64627838134766
ETN,ETN,2019-05-06,81.52999877929688,82.30000305175781,80.76000213623047,82.04000091552734,1828500,71.97947692871094
ETN,ETN,2019-05-07,80.94000244140625,81.23999786376953,80.41999816894531,81.02999877929688,2654600,71.09335327148438
ETN,ETN,2019-05-08,80.87999725341797,81.69000244140625,80.76000213623047,80.95999908447266,2822500,71.03191375732422
ETN,ETN,2019-05-09,80.16000366210938,81.08999633789062,79.83000183105469,80.95999908447266,1957800,71.03191375732422
ETN,ETN,2019-05-10,80.7699966430664,81.83000183105469,79.43000030517578,81.48999786376953,1833200,71.49694061279297
ETN,ETN,2019-05-13,79.62999725341797,79.94999694824219,78.22000122070312,78.5,2729600,68.87359619140625
ETN,ETN,2019-05-14,78.87999725341797,79.6500015258789,78.69999694824219,79.1500015258789,1853500,69.44387817382812
ETN,ETN,2019-05-15,78.66000366210938,79.86000061035156,78.41999816894531,79.54000091552734,1315300,69.78604125976562
ETN,ETN,2019-05-16,79.73999786376953,80.30999755859375,79.51000213623047,80.01000213623047,1419900,70.19842529296875
ETN,ETN,2019-05-17,79.11000061035156,79.9000015258789,78.62999725341797,78.75,1607800,69.09293365478516
ETN,ETN,2019-05-20,78.12000274658203,78.81999969482422,77.91999816894531,78.41999816894531,1332800,68.80340576171875
ETN,ETN,2019-05-21,78.97000122070312,80.1500015258789,78.91000366210938,79.91999816894531,2048100,70.11945343017578
ETN,ETN,2019-05-22,79.5199966430664,79.80999755859375,78.86000061035156,78.93000030517578,1915400,69.25086212158203
ETN,ETN,2019-05-23,78.02999877929688,78.05999755859375,76.70999908447266,77.02999877929688,2020000,67.5838623046875
ETN,ETN,2019-05-24,77.6500015258789,77.8499984741211,77.02999877929688,77.38999938964844,1661500,67.89971160888672
ETN,ETN,2019-05-28,77.36000061035156,77.55999755859375,76.12000274658203,76.19000244140625,1958100,66.84686279296875
ETN,ETN,2019-05-29,75.75,76.3499984741211,75.20999908447266,75.58999633789062,2337900,66.32044219970703
ETN,ETN,2019-05-30,75.70999908447266,76.31999969482422,75.54000091552734,75.8499984741211,1265700,66.54854583740234
ETN,ETN,2019-05-31,74.87000274658203,74.87000274658203,74.29000091552734,74.48999786376953,1840100,65.35533142089844
ETN,ETN,2019-06-03,74.56999969482422,76.01000213623047,74.41999816894531,75.37999725341797,2132100,66.13618469238281
ETN,ETN,2019-06-04,76.2699966430664,78.04000091552734,76.05999755859375,77.7699966430664,2419000,68.23311614990234
ETN,ETN,2019-06-05,78.47000122070312,78.70999908447266,77.55000305175781,78.22000122070312,1747500,68.62791442871094
ETN,ETN,2019-06-06,78.63999938964844,78.77999877929688,77.58999633789062,78.30000305175781,1626300,68.69811248779297
ETN,ETN,2019-06-07,78.91000366210938,79.4000015258789,78.70999908447266,79.08000183105469,1739400,69.38247680664062
ETN,ETN,2019-06-10,79.54000091552734,80.12000274658203,79.11000061035156,79.31999969482422,1424000,69.59303283691406
ETN,ETN,2019-06-11,80.0,80.55999755859375,79.02999877929688,79.20999908447266,1724900,69.49651336669922
ETN,ETN,2019-06-12,79.11000061035156,79.26000213623047,78.33999633789062,78.66999816894531,1328200,69.02276611328125
ETN,ETN,2019-06-13,79.2699966430664,79.4000015258789,78.62999725341797,79.29000091552734,1487100,69.56671905517578
ETN,ETN,2019-06-14,78.76000213623047,79.08000183105469,77.73999786376953,78.37000274658203,1380700,68.759521484375
ETN,ETN,2019-06-17,78.19999694824219,78.47000122070312,77.45999908447266,77.63999938964844,1315700,68.11904907226562
ETN,ETN,2019-06-18,78.12000274658203,79.76000213623047,78.08000183105469,79.47000122070312,1732100,69.72467041015625
ETN,ETN,2019-06-19,79.7699966430664,80.2300033569336,79.4000015258789,79.94999694824219,2498600,70.1457748413086
ETN,ETN,2019-06-20,81.4000015258789,82.91999816894531,81.18000030517578,82.63999938964844,4201200,72.50590515136719
ETN,ETN,2019-06-21,82.86000061035156,83.73999786376953,82.2300033569336,83.22000122070312,4828400,73.01476287841797
ETN,ETN,2019-06-24,82.91999816894531,83.30999755859375,81.8499984741211,82.2699966430664,2754800,72.18126678466797
ETN,ETN,2019-06-25,82.37000274658203,82.66999816894531,81.94000244140625,82.08000183105469,3184200,72.01457214355469
ETN,ETN,2019-06-26,82.3499984741211,82.88999938964844,82.16000366210938,82.62999725341797,1859200,72.49713897705078
ETN,ETN,2019-06-27,82.83000183105469,83.38999938964844,81.94000244140625,82.72000122070312,2214700,72.57609558105469
ETN,ETN,2019-06-28,82.87000274658203,83.4800033569336,82.72000122070312,83.27999877929688,3083500,73.06742858886719
ETN,ETN,2019-07-01,84.55000305175781,84.69999694824219,82.9000015258789,83.18000030517578,2299900,72.97967529296875
ETN,ETN,2019-07-02,82.87999725341797,82.87999725341797,80.98999786376953,81.73999786376953,2848200,71.7162857055664
ETN,ETN,2019-07-03,81.75,82.37000274658203,81.33000183105469,82.31999969482422,1082000,72.2251205444336
ETN,ETN,2019-07-05,81.66000366210938,81.83999633789062,80.4800033569336,81.80999755859375,1322700,71.77767944335938
ETN,ETN,2019-07-08,81.22000122070312,82.22000122070312,80.86000061035156,81.26000213623047,1339000,71.29512023925781
ETN,ETN,2019-07-09,80.5999984741211,80.83000183105469,79.91000366210938,80.25,3711800,70.40901184082031
ETN,ETN,2019-07-10,80.58999633789062,81.05999755859375,78.9800033569336,79.04000091552734,2177500,69.34737396240234
ETN,ETN,2019-07-11,79.29000091552734,79.33999633789062,78.23999786376953,79.1500015258789,2869200,69.44387817382812
ETN,ETN,2019-07-12,79.62000274658203,81.55000305175781,79.30000305175781,81.20999908447266,2058500,71.25125885009766
ETN,ETN,2019-07-15,81.22000122070312,81.41000366210938,80.31999969482422,80.69000244140625,1988400,70.7950439453125
ETN,ETN,2019-07-16,80.61000061035156,81.41000366210938,80.19999694824219,81.1500015258789,2163100,71.1986312866211
ETN,ETN,2019-07-17,81.05000305175781,81.13999938964844,79.31999969482422,79.3499984741211,1705900,69.61933898925781
ETN,ETN,2019-07-18,79.2699966430664,79.43000030517578,78.69999694824219,79.05999755859375,2721600,69.36491394042969
ETN,ETN,2019-07-19,79.62999725341797,80.4800033569336,79.37999725341797,79.86000061035156,2380400,70.06681823730469
ETN,ETN,2019-07-22,80.04000091552734,80.4800033569336,79.45999908447266,79.55999755859375,1699500,69.80359649658203
ETN,ETN,2019-07-23,80.12999725341797,81.87000274658203,79.6500015258789,81.80999755859375,2702600,71.77767944335938
ETN,ETN,2019-07-24,81.2300033569336,82.86000061035156,80.91000366210938,82.7300033569336,2009900,72.5848617553711
ETN,ETN,2019-07-25,82.55999755859375,82.76000213623047,81.56999969482422,81.9800033569336,2180300,71.92682647705078
ETN,ETN,2019-07-26,81.62000274658203,82.0999984741211,81.12999725341797,81.56999969482422,1783700,71.5671157836914
ETN,ETN,2019-07-29,81.44999694824219,81.6500015258789,80.66999816894531,81.06999969482422,2472500,71.12841796875
ETN,ETN,2019-07-30,80.58999633789062,83.94000244140625,79.73999786376953,83.12000274658203,3136800,72.92703247070312
ETN,ETN,2019-07-31,83.08000183105469,83.37999725341797,81.33000183105469,82.19000244140625,4566400,72.11109161376953
ETN,ETN,2019-08-01,81.2300033569336,82.83999633789062,79.68000030517578,79.97000122070312,3125000,70.77472686767578
ETN,ETN,2019-08-02,79.56999969482422,80.02999877929688,78.9800033569336,79.30000305175781,2683500,70.18174743652344
ETN,ETN,2019-08-05,77.91000366210938,78.02999877929688,76.45999908447266,76.83000183105469,3098500,67.99574279785156
ETN,ETN,2019-08-06,78.27999877929688,79.08000183105469,77.0999984741211,78.88999938964844,2404300,69.81887817382812
ETN,ETN,2019-08-07,77.72000122070312,78.45999908447266,76.33000183105469,78.08999633789062,3220400,69.11087036132812
ETN,ETN,2019-08-08,78.70999908447266,80.0199966430664,78.70999908447266,79.76000213623047,1879000,70.58885955810547
ETN,ETN,2019-08-09,79.30000305175781,79.70999908447266,78.26000213623047,79.02999877929688,2388300,69.94280242919922
ETN,ETN,2019-08-12,78.55000305175781,78.83999633789062,77.7699966430664,77.94999694824219,2286200,68.98698425292969
ETN,ETN,2019-08-13,78.0199966430664,80.37000274658203,77.62000274658203,79.41000366210938,2343500,70.27909851074219
ETN,ETN,2019-08-14,77.5999984741211,77.94000244140625,74.94999694824219,75.19000244140625,5155700,66.54432678222656
ETN,ETN,2019-08-15,75.27999877929688,76.06999969482422,74.86000061035156,75.91000366210938,2479600,67.18154907226562
ETN,ETN,2019-08-16,76.37000274658203,77.68000030517578,76.30000305175781,77.31999969482422,1655200,68.42942810058594
ETN,ETN,2019-08-19,78.91000366210938,79.36000061035156,78.44000244140625,79.13999938964844,2158600,70.0401611328125
ETN,ETN,2019-08-20,79.0,79.0,77.9800033569336,78.16000366210938,1610000,69.17284393310547
ETN,ETN,2019-08-21,79.26000213623047,79.30000305175781,78.26000213623047,78.6500015258789,1483000,69.60649871826172
ETN,ETN,2019-08-22,78.9800033569336,79.08000183105469,77.7300033569336,78.37000274658203,1631500,69.35868835449219
ETN,ETN,2019-08-23,77.88999938964844,78.16999816894531,76.08999633789062,76.58999633789062,4322800,67.78334045410156
ETN,ETN,2019-08-26,77.16000366210938,77.4000015258789,76.05000305175781,76.83000183105469,1670000,67.99574279785156
ETN,ETN,2019-08-27,77.43000030517578,77.43000030517578,76.48999786376953,76.86000061035156,1854000,68.02233123779297
ETN,ETN,2019-08-28,76.5,77.98999786376953,76.12000274658203,77.87000274658203,1347000,68.91619110107422
ETN,ETN,2019-08-29,78.94999694824219,79.77999877929688,78.80000305175781,79.63999938964844,1646900,70.482666015625
ETN,ETN,2019-08-30,80.44000244140625,81.29000091552734,80.29000091552734,80.72000122070312,2715700,71.43849182128906
ETN,ETN,2019-09-03,79.5199966430664,79.5999984741211,77.62000274658203,78.48999786376953,3527600,69.46488952636719
ETN,ETN,2019-09-04,79.30000305175781,79.76000213623047,78.91999816894531,79.16999816894531,1660100,70.06668853759766
ETN,ETN,2019-09-05,80.43000030517578,82.41999816894531,80.27999877929688,81.94999694824219,2243600,72.52703857421875
ETN,ETN,2019-09-06,81.9800033569336,83.48999786376953,81.70999908447266,83.25,1983900,73.67755889892578
ETN,ETN,2019-09-09,83.81999969482422,84.93000030517578,83.48999786376953,84.8499984741211,2055200,75.09358978271484
ETN,ETN,2019-09-10,85.0,86.86000061035156,85.0,86.83999633789062,3290300,76.85477447509766
ETN,ETN,2019-09-11,86.88999938964844,88.06999969482422,85.81999969482422,88.02999877929688,1999300,77.90795135498047
ETN,ETN,2019-09-12,88.01000213623047,88.0999984741211,86.69999694824219,87.30000305175781,2330300,77.26187896728516
ETN,ETN,2019-09-13,87.91000366210938,89.06999969482422,87.13999938964844,87.47000122070312,3175600,77.41233825683594
ETN,ETN,2019-09-16,86.97000122070312,86.98999786376953,85.86000061035156,86.45999908447266,1563400,76.51847076416016
ETN,ETN,2019-09-17,85.54000091552734,86.20999908447266,85.05000305175781,86.0999984741211,1500900,76.19984436035156
ETN,ETN,2019-09-18,85.43000030517578,85.86000061035156,84.05000305175781,84.9800033569336,2518800,75.20861053466797
ETN,ETN,2019-09-19,85.33999633789062,85.72000122070312,84.37999725341797,84.51000213623047,1835700,74.79268646240234
ETN,ETN,2019-09-20,84.80000305175781,85.30999755859375,83.48999786376953,83.56999969482422,3040700,73.96076965332031
ETN,ETN,2019-09-23,82.97000122070312,84.43000030517578,82.70999908447266,83.91000366210938,2207600,74.2616958618164
ETN,ETN,2019-09-24,84.13999938964844,84.29000091552734,81.80000305175781,82.31999969482422,2784500,72.8545150756836
ETN,ETN,2019-09-25,82.04000091552734,83.18000030517578,81.80000305175781,82.66999816894531,2382600,73.16425323486328
ETN,ETN,2019-09-26,82.62999725341797,82.83000183105469,82.0,82.48999786376953,1900800,73.00494384765625
ETN,ETN,2019-09-27,82.88999938964844,83.29000091552734,81.77999877929688,83.01000213623047,1503800,73.46513366699219
ETN,ETN,2019-09-30,83.3499984741211,83.55999755859375,82.7699966430664,83.1500015258789,1749300,73.58908081054688
ETN,ETN,2019-10-01,83.91999816894531,84.05000305175781,80.41000366210938,80.80000305175781,1806500,71.50929260253906
ETN,ETN,2019-10-02,79.68000030517578,79.68000030517578,76.86000061035156,77.76000213623047,2757700,68.81883239746094
ETN,ETN,2019-10-03,77.56999969482422,78.6500015258789,76.43000030517578,78.47000122070312,1550000,69.44718933105469
ETN,ETN,2019-10-04,78.54000091552734,79.41999816894531,78.43000030517578,79.31999969482422,1500600,70.19944763183594
ETN,ETN,2019-10-07,79.12999725341797,79.55000305175781,78.08999633789062,78.30000305175781,1929500,69.2967529296875
ETN,ETN,2019-10-08,77.37999725341797,77.38999938964844,76.19999694824219,76.25,1756800,67.48245239257812
ETN,ETN,2019-10-09,76.69000244140625,77.66999816894531,76.11000061035156,77.38999938964844,2219000,68.49137115478516
ETN,ETN,2019-10-10,77.6500015258789,79.19999694824219,77.5,78.5999984741211,1888500,69.56224822998047
ETN,ETN,2019-10-11,80.22000122070312,82.80999755859375,80.0999984741211,81.36000061035156,2704700,72.0048828125
ETN,ETN,2019-10-14,80.91000366210938,81.2699966430664,80.4000015258789,80.86000061035156,1591700,71.5623779296875
ETN,ETN,2019-10-15,80.87999725341797,82.48999786376953,80.0999984741211,82.12000274658203,1915700,72.67749786376953
ETN,ETN,2019-10-16,80.80999755859375,82.87000274658203,80.80999755859375,81.06999969482422,2590600,71.74822235107422
ETN,ETN,2019-10-17,81.80000305175781,82.5199966430664,81.04000091552734,81.41000366210938,4678300,72.04912567138672
ETN,ETN,2019-10-18,81.47000122070312,82.91000366210938,81.38999938964844,82.55999755859375,1981800,73.06690216064453
ETN,ETN,2019-10-21,83.0,84.04000091552734,82.97000122070312,83.5,1869500,73.8988265991211
ETN,ETN,2019-10-22,83.70999908447266,85.16000366210938,83.18000030517578,84.72000122070312,1617000,74.9785385131836
ETN,ETN,2019-10-23,84.75,84.91999816894531,84.0199966430664,84.66000366210938,1542800,74.9254379272461
ETN,ETN,2019-10-24,84.98999786376953,85.16999816894531,83.87000274658203,84.25,1546900,74.56258392333984
ETN,ETN,2019-10-25,84.8499984741211,85.91000366210938,84.2699966430664,85.62000274658203,2083400,75.77505493164062
ETN,ETN,2019-10-28,86.4800033569336,87.62999725341797,86.4800033569336,87.22000122070312,3246400,77.19107818603516
ETN,ETN,2019-10-29,86.48999786376953,89.44999694824219,85.62999725341797,88.95999908447266,3551800,78.73101043701172
ETN,ETN,2019-10-30,88.9800033569336,88.9800033569336,87.22000122070312,88.25,2327000,78.1026611328125
ETN,ETN,2019-10-31,87.41000366210938,87.54000091552734,85.93000030517578,87.11000061035156,1953400,77.71902465820312
ETN,ETN,2019-11-01,87.61000061035156,88.63999938964844,86.88999938964844,88.61000061035156,2250100,79.05728912353516
ETN,ETN,2019-11-04,89.5,91.19999694824219,89.19000244140625,91.16000366210938,2523100,81.33238220214844
ETN,ETN,2019-11-05,90.87000274658203,91.6500015258789,89.88999938964844,90.63999938964844,2242100,80.86842346191406
ETN,ETN,2019-11-06,90.75,91.22000122070312,90.01000213623047,91.19999694824219,2097400,81.36807250976562
ETN,ETN,2019-11-07,91.88999938964844,92.1500015258789,90.68000030517578,90.9000015258789,1885900,81.10041809082031
ETN,ETN,2019-11-08,90.66999816894531,92.37000274658203,90.45999908447266,92.22000122070312,1981000,82.2780990600586
ETN,ETN,2019-11-11,90.9800033569336,92.0,90.9800033569336,91.87999725341797,1110000,81.9747543334961
ETN,ETN,2019-11-12,91.5999984741211,92.95999908447266,91.54000091552734,92.3499984741211,3600200,82.39411926269531
ETN,ETN,2019-11-13,91.4800033569336,91.8499984741211,90.56999969482422,90.77999877929688,2115900,80.99334716796875
ETN,ETN,2019-11-14,90.61000061035156,91.18000030517578,90.48999786376953,90.88999938964844,1166800,81.09150695800781
ETN,ETN,2019-11-15,91.69999694824219,92.16000366210938,91.36000061035156,91.79000091552734,1914000,81.89449310302734
ETN,ETN,2019-11-18,90.91000366210938,91.66999816894531,90.19999694824219,90.7300033569336,2306800,80.94873809814453
ETN,ETN,2019-11-19,90.7300033569336,90.86000061035156,89.87000274658203,90.20999908447266,2873800,80.48480987548828
ETN,ETN,2019-11-20,89.9000015258789,90.2300033569336,89.1500015258789,89.81999969482422,1855700,80.13683319091797
ETN,ETN,2019-11-21,89.9800033569336,90.19000244140625,89.36000061035156,90.16000366210938,1609900,80.44020080566406
ETN,ETN,2019-11-22,90.68000030517578,91.06999969482422,90.25,90.73999786376953,1652300,80.9576644897461
ETN,ETN,2019-11-25,91.37000274658203,92.52999877929688,90.70999908447266,92.1500015258789,3961100,82.21565246582031
ETN,ETN,2019-11-26,91.95999908447266,92.7699966430664,91.69999694824219,92.69999694824219,2510300,82.70635986328125
ETN,ETN,2019-11-27,92.66999816894531,93.12000274658203,91.83999633789062,93.0,1477500,82.9739990234375
ETN,ETN,2019-11-29,92.97000122070312,92.97000122070312,92.29000091552734,92.5,1032400,82.52792358398438
ETN,ETN,2019-12-02,92.9800033569336,93.37999725341797,91.94000244140625,91.9800033569336,2387800,82.0639877319336
ETN,ETN,2019-12-03,90.95999908447266,91.79000091552734,90.3499984741211,91.4000015258789,2899100,81.5465087890625
ETN,ETN,2019-12-04,90.86000061035156,92.63999938964844,90.86000061035156,91.12000274658203,2832600,81.29669189453125
ETN,ETN,2019-12-05,91.91999816894531,91.9800033569336,90.93000030517578,91.86000061035156,2982800,81.95692443847656
ETN,ETN,2019-12-06,93.33999633789062,93.76000213623047,92.56999969482422,93.08000183105469,1562300,83.04541778564453
ETN,ETN,2019-12-09,92.91000366210938,93.05000305175781,92.51000213623047,92.76000213623047,3366900,82.75988006591797
ETN,ETN,2019-12-10,92.76000213623047,93.37000274658203,92.18000030517578,92.68000030517578,1574100,82.68853759765625
ETN,ETN,2019-12-11,93.08999633789062,93.5,92.16000366210938,93.38999938964844,2135000,83.32197570800781
ETN,ETN,2019-12-12,93.5,94.63999938964844,93.06999969482422,94.44999694824219,2735100,84.2677001953125
ETN,ETN,2019-12-13,94.19000244140625,94.95999908447266,93.20999908447266,93.5999984741211,1844900,83.50933074951172
ETN,ETN,2019-12-16,94.05000305175781,94.83000183105469,93.9000015258789,94.08000183105469,1891500,83.93760681152344
ETN,ETN,2019-12-17,94.66999816894531,94.95999908447266,94.1500015258789,94.2300033569336,1693600,84.0714340209961
ETN,ETN,2019-12-18,94.20999908447266,94.4800033569336,93.44000244140625,94.43000030517578,2008400,84.2498550415039
ETN,ETN,2019-12-19,94.5199966430664,94.75,93.87000274658203,94.23999786376953,3015800,84.08033752441406
ETN,ETN,2019-12-20,94.98999786376953,95.45999908447266,94.08000183105469,94.4000015258789,5245700,84.22309112548828
ETN,ETN,2019-12-23,94.72000122070312,95.27999877929688,94.16000366210938,95.12999725341797,2332400,84.87439727783203
ETN,ETN,2019-12-24,95.36000061035156,95.36000061035156,94.30000305175781,94.4800033569336,664200,84.29446411132812
ETN,ETN,2019-12-26,94.66000366210938,95.05000305175781,94.26000213623047,95.04000091552734,1264600,84.79410552978516
ETN,ETN,2019-12-27,95.33999633789062,95.38999938964844,94.83000183105469,94.98999786376953,1004300,84.74948120117188
ETN,ETN,2019-12-30,94.94999694824219,95.4800033569336,94.55999755859375,94.93000030517578,1451900,84.69593811035156
ETN,ETN,2019-12-31,94.77999877929688,95.29000091552734,94.41000366210938,94.72000122070312,1461800,84.50859832763672
ETN,ETN,2020-01-02,95.23999786376953,95.87999725341797,94.23999786376953,95.87000274658203,2380800,85.53460693359375
ETN,ETN,2020-01-03,94.2300033569336,95.23999786376953,93.70999908447266,95.16000366210938,1557900,84.90116119384766
ETN,ETN,2020-01-06,94.54000091552734,95.43000030517578,94.2699966430664,95.33999633789062,3665200,85.06175231933594
ETN,ETN,2020-01-07,94.16000366210938,95.0,94.01000213623047,94.83999633789062,2631000,84.61567687988281
ETN,ETN,2020-01-08,94.83999633789062,95.55999755859375,94.6500015258789,95.12999725341797,2480500,84.87439727783203
ETN,ETN,2020-01-09,95.61000061035156,95.63999938964844,94.81999969482422,95.19000244140625,2736900,84.92792510986328
ETN,ETN,2020-01-10,95.5199966430664,95.61000061035156,94.69999694824219,94.9800033569336,2213000,84.74056243896484
ETN,ETN,2020-01-13,94.62999725341797,95.02999877929688,94.25,94.86000061035156,1638300,84.6335220336914
ETN,ETN,2020-01-14,95.05000305175781,95.19000244140625,93.98999786376953,94.0999984741211,2349900,83.9554214477539
ETN,ETN,2020-01-15,93.55000305175781,94.29000091552734,93.33999633789062,93.9000015258789,2653200,83.77700805664062
ETN,ETN,2020-01-16,94.70999908447266,94.83999633789062,93.9800033569336,94.81999969482422,1677000,84.59782409667969
ETN,ETN,2020-01-17,94.79000091552734,95.94999694824219,94.62000274658203,95.68000030517578,2978600,85.3650894165039
ETN,ETN,2020-01-21,95.3499984741211,95.48999786376953,94.31999969482422,94.5199966430664,3505200,84.33016967773438
ETN,ETN,2020-01-22,98.31999969482422,99.81999969482422,96.58999633789062,97.16000366210938,5604100,86.68555450439453
ETN,ETN,2020-01-23,96.33000183105469,97.97000122070312,95.41000366210938,97.9000015258789,3081300,87.34577941894531
ETN,ETN,2020-01-24,98.26000213623047,98.30999755859375,96.43000030517578,96.83999633789062,2626000,86.40005493164062
ETN,ETN,2020-01-27,94.86000061035156,95.1500015258789,93.95999908447266,94.63999938964844,2194200,84.43721771240234
ETN,ETN,2020-01-28,94.83999633789062,97.0199966430664,94.68000030517578,96.2699966430664,3394200,85.89149475097656
ETN,ETN,2020-01-29,96.87000274658203,97.4800033569336,96.12000274658203,96.87000274658203,2108100,86.42682647705078
ETN,ETN,2020-01-30,95.62000274658203,97.41000366210938,95.48999786376953,97.2300033569336,2680500,86.74800872802734
ETN,ETN,2020-01-31,96.37999725341797,96.86000061035156,94.02999877929688,94.47000122070312,4701800,84.28555297851562
ETN,ETN,2020-02-03,95.05999755859375,96.80999755859375,94.94999694824219,95.48999786376953,2745100,85.19556427001953
ETN,ETN,2020-02-04,97.97000122070312,101.54000091552734,97.86000061035156,100.91000366210938,4735400,90.03126525878906
ETN,ETN,2020-02-05,102.31999969482422,103.20999908447266,101.68000030517578,102.33999633789062,3339400,91.30711364746094
ETN,ETN,2020-02-06,103.5,103.5,101.86000061035156,102.4800033569336,2507900,91.4320297241211
ETN,ETN,2020-02-07,101.9000015258789,102.94000244140625,101.12999725341797,101.95999908447266,3064000,90.96808624267578
ETN,ETN,2020-02-10,101.83999633789062,102.93000030517578,101.5,102.91000366210938,2039600,91.81566619873047
ETN,ETN,2020-02-11,103.41999816894531,104.38999938964844,103.01000213623047,103.52999877929688,2481300,92.36880493164062
ETN,ETN,2020-02-12,104.5,104.97000122070312,103.80000305175781,104.02999877929688,2006200,92.81491088867188
ETN,ETN,2020-02-13,103.41000366210938,103.9800033569336,102.81999969482422,102.88999938964844,2059500,91.79782104492188
ETN,ETN,2020-02-14,102.95999908447266,103.5999984741211,102.51000213623047,103.55000305175781,1991900,92.38665008544922
ETN,ETN,2020-02-18,104.02999877929688,104.63999938964844,103.5199966430664,104.47000122070312,2298400,93.20750427246094
ETN,ETN,2020-02-19,104.5,104.9800033569336,104.16000366210938,104.30999755859375,1873100,93.0647201538086
ETN,ETN,2020-02-20,104.26000213623047,105.77999877929688,104.0999984741211,105.0999984741211,1755700,93.76956176757812
ETN,ETN,2020-02-21,104.2300033569336,105.13999938964844,103.80999755859375,104.93000030517578,2465700,93.61788177490234
ETN,ETN,2020-02-24,101.66999816894531,102.6500015258789,101.12000274658203,101.6500015258789,4177700,90.69148254394531
ETN,ETN,2020-02-25,101.94999694824219,102.45999908447266,98.0999984741211,98.20999908447266,4140900,87.62234497070312
ETN,ETN,2020-02-26,98.88999938964844,99.73999786376953,96.58000183105469,96.58000183105469,4108600,86.1680679321289
ETN,ETN,2020-02-27,94.33999633789062,96.62999725341797,92.62999725341797,93.23999786376953,5546400,83.18816375732422
ETN,ETN,2020-02-28,90.81999969482422,92.0999984741211,89.08000183105469,90.72000122070312,6789600,80.9398193359375
ETN,ETN,2020-03-02,91.5,95.75,91.01000213623047,95.68000030517578,5188800,85.3650894165039
ETN,ETN,2020-03-03,96.2699966430664,99.26000213623047,92.48999786376953,92.8499984741211,5114600,82.8401870727539
ETN,ETN,2020-03-04,94.70999908447266,98.19999694824219,94.43000030517578,98.12000274658203,4269000,87.54207611083984
ETN,ETN,2020-03-05,94.91999816894531,96.4000015258789,93.31999969482422,93.66000366210938,3980400,83.56285858154297
ETN,ETN,2020-03-06,90.30999755859375,93.93000030517578,90.08000183105469,92.7699966430664,4760000,82.76881408691406
ETN,ETN,2020-03-09,85.08999633789062,86.47000122070312,78.0,83.12999725341797,5205800,74.1680679321289
ETN,ETN,2020-03-10,86.2300033569336,89.5199966430664,84.62999725341797,89.05999755859375,4974000,79.45877838134766
ETN,ETN,2020-03-11,86.41000366210938,87.5,83.11000061035156,84.37000274658203,4422800,75.27437591552734
ETN,ETN,2020-03-12,78.25,80.48999786376953,75.01000213623047,75.91999816894531,5814900,68.32652282714844
ETN,ETN,2020-03-13,80.81999969482422,87.04000091552734,78.19000244140625,85.55999755859375,5711900,77.00235748291016
ETN,ETN,2020-03-16,75.80999755859375,81.27999877929688,74.87000274658203,75.31999969482422,4825300,67.78654479980469
ETN,ETN,2020-03-17,76.9000015258789,77.9800033569336,70.27999877929688,73.73999786376953,5774000,66.36456298828125
ETN,ETN,2020-03-18,68.12999725341797,69.44000244140625,58.720001220703125,68.81999969482422,5784500,61.936683654785156
ETN,ETN,2020-03-19,67.5199966430664,72.68000030517578,62.099998474121094,72.44999694824219,4599000,65.20359802246094
ETN,ETN,2020-03-20,73.86000061035156,73.86000061035156,64.47000122070312,64.93000030517578,4540900,58.435752868652344
ETN,ETN,2020-03-23,63.83000183105469,64.30999755859375,56.41999816894531,57.77000045776367,6096900,51.99189376831055
ETN,ETN,2020-03-24,61.63999938964844,72.41000366210938,61.16999816894531,71.20999908447266,5155900,64.08763122558594
ETN,ETN,2020-03-25,72.08999633789062,79.30999755859375,69.41000366210938,74.5999984741211,5259100,67.1385726928711
ETN,ETN,2020-03-26,76.29000091552734,78.95999908447266,73.81999969482422,78.25,3073400,70.4234848022461
ETN,ETN,2020-03-27,73.02999877929688,76.51000213623047,71.91999816894531,74.54000091552734,2621400,67.08455657958984
ETN,ETN,2020-03-30,74.41999816894531,78.70999908447266,74.0,78.31999969482422,2873400,70.48648834228516
ETN,ETN,2020-03-31,77.66999816894531,79.04000091552734,75.87000274658203,77.69000244140625,5641200,69.91949462890625
ETN,ETN,2020-04-01,72.56999969482422,74.04000091552734,71.12999725341797,73.13999938964844,3769700,65.82459259033203
ETN,ETN,2020-04-02,72.44000244140625,75.08999633789062,71.58000183105469,73.58999633789062,3162500,66.22958374023438
ETN,ETN,2020-04-03,74.12000274658203,74.12000274658203,70.33999633789062,71.25,2606700,64.1236343383789
ETN,ETN,2020-04-06,75.20999908447266,77.88999938964844,75.12999725341797,77.4000015258789,3109300,69.65851593017578
ETN,ETN,2020-04-07,81.16999816894531,82.25,75.94000244140625,76.16000366210938,3372100,68.54252624511719
ETN,ETN,2020-04-08,77.23999786376953,80.69999694824219,76.12999725341797,80.13999938964844,3272800,72.12445831298828
ETN,ETN,2020-04-09,80.69000244140625,84.83999633789062,80.5,81.44000244140625,4472100,73.29442596435547
ETN,ETN,2020-04-13,79.4000015258789,79.93000030517578,76.73999786376953,78.38999938964844,2238200,70.54950714111328
ETN,ETN,2020-04-14,80.51000213623047,81.23999786376953,78.68000030517578,79.83999633789062,1943400,71.85447692871094
ETN,ETN,2020-04-15,77.76000213623047,78.01000213623047,75.38999938964844,75.73999786376953,2040500,68.16454315185547
ETN,ETN,2020-04-16,75.5999984741211,76.23999786376953,74.3499984741211,75.81999969482422,2961000,68.2365493774414
ETN,ETN,2020-04-17,78.58000183105469,80.87999725341797,78.12000274658203,79.26000213623047,2450900,71.33248901367188
ETN,ETN,2020-04-20,77.52999877929688,79.44999694824219,76.70999908447266,77.88999938964844,2181200,70.09949493408203
ETN,ETN,2020-04-21,76.70999908447266,77.86000061035156,75.80000305175781,76.91000366210938,2400300,69.21753692626953
ETN,ETN,2020-04-22,78.91999816894531,79.68000030517578,77.5,77.6500015258789,2639300,69.88351440429688
ETN,ETN,2020-04-23,78.77999877929688,80.29000091552734,78.02999877929688,78.1500015258789,2289100,70.33349609375
ETN,ETN,2020-04-24,78.9800033569336,79.37999725341797,77.69999694824219,78.86000061035156,2083600,70.97249603271484
ETN,ETN,2020-04-27,79.29000091552734,83.2300033569336,79.29000091552734,82.54000091552734,1992300,74.284423828125
ETN,ETN,2020-04-28,84.52999877929688,85.44999694824219,82.62999725341797,83.0999984741211,2249200,74.78840637207031
ETN,ETN,2020-04-29,84.98999786376953,86.7699966430664,84.30000305175781,85.77999877929688,2563300,77.2003402709961
ETN,ETN,2020-04-30,85.30999755859375,85.48999786376953,82.66999816894531,83.5,3597600,75.14839935302734
ETN,ETN,2020-05-01,82.0,82.88999938964844,79.87000274658203,82.06999969482422,2505800,73.86140441894531
ETN,ETN,2020-05-04,80.47000122070312,81.13999938964844,78.0999984741211,79.31999969482422,2839900,71.38645935058594
ETN,ETN,2020-05-05,81.05000305175781,82.36000061035156,80.5,80.80000305175781,2260100,72.71845245361328
ETN,ETN,2020-05-06,80.7699966430664,81.6500015258789,79.91999816894531,79.91999816894531,1825500,71.92646789550781
ETN,ETN,2020-05-07,81.26000213623047,81.56999969482422,79.87000274658203,80.26000213623047,2219300,72.23245239257812
ETN,ETN,2020-05-08,81.5,82.4000015258789,81.08999633789062,82.25,1555100,74.02342987060547
ETN,ETN,2020-05-11,81.44000244140625,81.79000091552734,80.19000244140625,81.08000183105469,1786800,72.97045135498047
ETN,ETN,2020-05-12,81.47000122070312,82.08999633789062,77.2699966430664,77.45999908447266,1996200,69.71249389648438
ETN,ETN,2020-05-13,76.43000030517578,76.5999984741211,73.05999755859375,73.87000274658203,2336600,66.54430389404297
ETN,ETN,2020-05-14,71.91000366210938,74.98999786376953,70.54000091552734,74.91000366210938,2734000,67.48115539550781
ETN,ETN,2020-05-15,74.22000122070312,75.22000122070312,73.12000274658203,73.70999908447266,2661200,66.4001693725586
ETN,ETN,2020-05-18,77.0,79.0,76.63999938964844,78.2699966430664,1916500,70.50794982910156
ETN,ETN,2020-05-19,77.7699966430664,78.45999908447266,76.26000213623047,76.33999633789062,2356200,68.76933288574219
ETN,ETN,2020-05-20,77.68000030517578,78.62000274658203,76.55999755859375,77.93000030517578,1905100,70.20166778564453
ETN,ETN,2020-05-21,77.63999938964844,78.66999816894531,77.47000122070312,78.29000091552734,2130100,70.52597045898438
ETN,ETN,2020-05-22,78.41000366210938,78.76000213623047,77.05999755859375,78.66999816894531,1784400,70.86825561523438
ETN,ETN,2020-05-26,80.2300033569336,82.44999694824219,80.16999816894531,81.91999816894531,2683100,73.79595947265625
ETN,ETN,2020-05-27,84.27999877929688,86.47000122070312,83.91000366210938,86.27999877929688,3190800,77.72359466552734
ETN,ETN,2020-05-28,86.95999908447266,87.0999984741211,84.63999938964844,85.12999725341797,3491100,76.6876220703125
ETN,ETN,2020-05-29,84.30999755859375,85.16000366210938,83.05999755859375,84.9000015258789,3361600,76.48042297363281
ETN,ETN,2020-06-01,84.66999816894531,85.36000061035156,84.18000030517578,84.66000366210938,1584000,76.26423645019531
ETN,ETN,2020-06-02,85.13999938964844,85.62000274658203,84.23999786376953,85.62000274658203,1741300,77.12905883789062
ETN,ETN,2020-06-03,86.9000015258789,89.55000305175781,86.6500015258789,89.33000183105469,1819500,80.47113037109375
ETN,ETN,2020-06-04,88.47000122070312,92.04000091552734,87.94000244140625,91.98999786376953,3069600,82.86731719970703
ETN,ETN,2020-06-05,96.58999633789062,98.45999908447266,95.16000366210938,95.43000030517578,3398100,85.96619415283203
ETN,ETN,2020-06-08,94.76000213623047,96.30999755859375,94.66000366210938,95.66999816894531,2574200,86.18238067626953
ETN,ETN,2020-06-09,93.87000274658203,96.48999786376953,93.25,95.41999816894531,2260600,85.95716094970703
ETN,ETN,2020-06-10,95.0,95.41999816894531,91.9800033569336,91.9800033569336,2023600,82.85832214355469
ETN,ETN,2020-06-11,88.16000366210938,88.41999816894531,84.97000122070312,85.12999725341797,2069800,76.6876220703125
ETN,ETN,2020-06-12,88.44999694824219,88.66000366210938,83.94999694824219,86.01000213623047,1788100,77.48035430908203
ETN,ETN,2020-06-15,83.33000183105469,87.86000061035156,82.9800033569336,86.69000244140625,2651500,78.09292602539062
ETN,ETN,2020-06-16,90.01000213623047,90.97000122070312,87.25,88.94000244140625,2000300,80.11978912353516
ETN,ETN,2020-06-17,89.62999725341797,89.62999725341797,87.66000366210938,88.83999633789062,2027500,80.02971649169922
ETN,ETN,2020-06-18,88.0999984741211,88.83000183105469,87.16000366210938,87.52999877929688,1932000,78.8496322631836
ETN,ETN,2020-06-19,89.4800033569336,89.4800033569336,86.80000305175781,89.33999633789062,6552500,80.4801254272461
ETN,ETN,2020-06-22,88.75,88.75,86.43000030517578,87.08000183105469,2600300,78.44425964355469
ETN,ETN,2020-06-23,88.0,88.20999908447266,87.08999633789062,87.12000274658203,1841400,78.48027038574219
ETN,ETN,2020-06-24,86.30999755859375,86.44999694824219,83.87999725341797,84.01000213623047,2500900,75.6787109375
ETN,ETN,2020-06-25,83.56999969482422,85.63999938964844,82.44000244140625,85.47000122070312,2502000,76.9939193725586
ETN,ETN,2020-06-26,85.23999786376953,85.95999908447266,84.66999816894531,85.5,3696000,77.02094268798828
ETN,ETN,2020-06-29,86.33999633789062,87.73999786376953,85.75,86.91000366210938,1690800,78.2911148071289
ETN,ETN,2020-06-30,86.47000122070312,87.93000030517578,86.12000274658203,87.4800033569336,1910100,78.8045654296875
ETN,ETN,2020-07-01,87.91000366210938,88.30000305175781,86.54000091552734,87.0999984741211,2183200,78.4622573852539
ETN,ETN,2020-07-02,88.72000122070312,89.9800033569336,88.08999633789062,88.23999786376953,1587700,79.48922729492188
ETN,ETN,2020-07-06,89.81999969482422,90.1500015258789,88.19999694824219,88.87999725341797,1516400,80.06572723388672
ETN,ETN,2020-07-07,88.37000274658203,88.58000183105469,87.12000274658203,87.4000015258789,1499500,78.73251342773438
ETN,ETN,2020-07-08,87.62000274658203,88.37999725341797,86.54000091552734,87.33999633789062,1561800,78.67845153808594
ETN,ETN,2020-07-09,87.0999984741211,87.5199966430664,85.05000305175781,85.63999938964844,2132400,77.14704895019531
ETN,ETN,2020-07-10,85.86000061035156,86.5,84.87000274658203,86.44000244140625,1380100,77.86771392822266
ETN,ETN,2020-07-13,87.01000213623047,89.16999816894531,86.62999725341797,87.43000030517578,1557000,78.75953674316406
ETN,ETN,2020-07-14,87.5199966430664,90.9800033569336,86.75,90.66999816894531,2221700,81.67822265625
ETN,ETN,2020-07-15,92.30000305175781,93.83999633789062,91.26000213623047,93.4000015258789,2711500,84.13748931884766
ETN,ETN,2020-07-16,92.94000244140625,94.73999786376953,92.55000305175781,93.55999755859375,1397100,84.28162384033203
ETN,ETN,2020-07-17,94.13999938964844,95.25,93.62999725341797,94.56999969482422,1791700,85.19147491455078
ETN,ETN,2020-07-20,94.05000305175781,94.16000366210938,92.43000030517578,92.77999877929688,1419200,83.57898712158203
ETN,ETN,2020-07-21,93.4000015258789,94.5999984741211,93.0,93.55999755859375,1303400,84.28162384033203
ETN,ETN,2020-07-22,93.16000366210938,94.41999816894531,93.12000274658203,93.97000122070312,903700,84.65096282958984
ETN,ETN,2020-07-23,94.02999877929688,94.33999633789062,93.37999725341797,93.83000183105469,1200200,84.52484893798828
ETN,ETN,2020-07-24,93.97000122070312,94.5,93.05000305175781,93.61000061035156,1004100,84.32666015625
ETN,ETN,2020-07-27,93.37999725341797,95.4000015258789,92.58999633789062,95.2300033569336,1265100,85.7860336303711
ETN,ETN,2020-07-28,94.76000213623047,95.18000030517578,93.30000305175781,93.33999633789062,1374000,84.08343505859375
ETN,ETN,2020-07-29,95.55000305175781,97.52999877929688,93.83999633789062,96.88999938964844,1964100,87.28138732910156
ETN,ETN,2020-07-30,95.30000305175781,95.30000305175781,93.38999938964844,94.45999908447266,1396200,85.09235382080078
ETN,ETN,2020-07-31,94.13999938964844,94.16999816894531,91.72000122070312,93.12999725341797,1664100,83.89427185058594
ETN,ETN,2020-08-03,93.81999969482422,95.48999786376953,93.26000213623047,94.87000274658203,1278500,85.46170043945312
ETN,ETN,2020-08-04,94.19000244140625,94.80000305175781,93.26000213623047,94.6500015258789,945600,85.26354217529297
ETN,ETN,2020-08-05,95.43000030517578,96.80000305175781,95.30000305175781,96.33999633789062,1355100,86.78591918945312
ETN,ETN,2020-08-06,96.16999816894531,96.7699966430664,95.54000091552734,96.51000213623047,960700,86.93907928466797
ETN,ETN,2020-08-07,96.70999908447266,97.8499984741211,95.95999908447266,97.76000213623047,1139900,88.06513214111328
ETN,ETN,2020-08-10,97.91999816894531,99.95999908447266,97.58000183105469,99.76000213623047,1574300,89.86679077148438
ETN,ETN,2020-08-11,100.27999877929688,103.7300033569336,100.27999877929688,102.18000030517578,2442800,92.04678344726562
ETN,ETN,2020-08-12,103.43000030517578,103.44999694824219,102.11000061035156,102.55000305175781,2671200,92.38009643554688
ETN,ETN,2020-08-13,101.11000061035156,101.91999816894531,100.61000061035156,101.43000030517578,1803200,92.02626037597656
ETN,ETN,2020-08-14,100.4800033569336,101.83999633789062,100.3499984741211,100.88999938964844,1192200,91.53630828857422
ETN,ETN,2020-08-17,101.2699966430664,102.19999694824219,100.30999755859375,100.9000015258789,1513100,91.5453872680664
ETN,ETN,2020-08-18,100.69000244140625,101.37000274658203,100.05000305175781,100.70999908447266,1205300,91.37299346923828
ETN,ETN,2020-08-19,100.33999633789062,101.51000213623047,99.52999877929688,100.4800033569336,1365700,91.164306640625
ETN,ETN,2020-08-20,99.33999633789062,100.19000244140625,99.05999755859375,99.47000122070312,1209700,90.24795532226562
ETN,ETN,2020-08-21,99.58000183105469,101.19000244140625,99.31999969482422,100.58999633789062,1658100,91.26410675048828
ETN,ETN,2020-08-24,101.38999938964844,102.88999938964844,100.76000213623047,102.87999725341797,1595800,93.34181213378906
ETN,ETN,2020-08-25,103.5999984741211,103.81999969482422,101.81999969482422,102.81999969482422,1250100,93.28739166259766
ETN,ETN,2020-08-26,102.44000244140625,102.81999969482422,101.31999969482422,102.4000015258789,1127400,92.90631103515625
ETN,ETN,2020-08-27,102.87999725341797,103.26000213623047,101.47000122070312,102.08999633789062,948000,92.62503814697266
ETN,ETN,2020-08-28,102.48999786376953,103.56999969482422,101.51000213623047,103.51000213623047,1049600,93.91339111328125
ETN,ETN,2020-08-31,103.06999969482422,103.5,101.76000213623047,102.0999984741211,1690100,92.63412475585938
ETN,ETN,2020-09-01,101.75,103.5199966430664,101.31999969482422,103.43000030517578,1256900,93.84082794189453
ETN,ETN,2020-09-02,103.5,106.06999969482422,103.08999633789062,105.56999969482422,1393800,95.78242492675781
ETN,ETN,2020-09-03,105.5,105.83999633789062,101.5,102.1500015258789,3002800,92.67949676513672
ETN,ETN,2020-09-04,103.87000274658203,104.55000305175781,101.80999755859375,102.58000183105469,1545500,93.06963348388672
ETN,ETN,2020-09-08,101.58999633789062,102.18000030517578,99.87000274658203,100.4800033569336,1450900,91.164306640625
ETN,ETN,2020-09-09,101.76000213623047,103.69999694824219,101.19999694824219,102.55999755859375,1346300,93.05148315429688
ETN,ETN,2020-09-10,103.0,103.9800033569336,100.63999938964844,101.0,1299300,91.63611602783203
ETN,ETN,2020-09-11,101.66000366210938,103.41000366210938,101.08000183105469,102.5199966430664,1049900,93.01517486572266
ETN,ETN,2020-09-14,103.30999755859375,103.91999816894531,102.62999725341797,103.18000030517578,1686200,93.61399841308594
ETN,ETN,2020-09-15,103.88999938964844,104.55999755859375,102.79000091552734,102.87999725341797,1490000,93.34181213378906
ETN,ETN,2020-09-16,103.68000030517578,105.38999938964844,103.0,104.38999938964844,1896900,94.7118148803711
ETN,ETN,2020-09-17,103.30999755859375,105.47000122070312,102.08999633789062,105.01000213623047,1384800,95.27434539794922
ETN,ETN,2020-09-18,104.7699966430664,105.88999938964844,103.08000183105469,103.4000015258789,2613100,93.81359100341797
ETN,ETN,2020-09-21,101.06999969482422,101.5199966430664,96.23999786376953,97.37999725341797,2353600,88.35171508789062
ETN,ETN,2020-09-22,97.56999969482422,99.55999755859375,97.0199966430664,99.30999755859375,1730400,90.10279083251953
ETN,ETN,2020-09-23,99.19000244140625,101.05000305175781,98.68000030517578,98.77999877929688,1981000,89.62193298339844
ETN,ETN,2020-09-24,98.4800033569336,100.7699966430664,98.05000305175781,99.6500015258789,1859500,90.41127014160156
ETN,ETN,2020-09-25,98.51000213623047,100.75,98.4000015258789,99.95999908447266,1605300,90.69253540039062
ETN,ETN,2020-09-28,101.52999877929688,103.5199966430664,101.19999694824219,102.33999633789062,1599700,92.85187530517578
ETN,ETN,2020-09-29,102.48999786376953,102.48999786376953,100.87000274658203,101.18000030517578,1064300,91.79942321777344
ETN,ETN,2020-09-30,101.70999908447266,103.6500015258789,100.94999694824219,102.02999877929688,1664800,92.57062530517578
ETN,ETN,2020-10-01,102.70999908447266,103.20999908447266,99.66000366210938,100.58999633789062,1355800,91.26410675048828
ETN,ETN,2020-10-02,99.12999725341797,104.20999908447266,98.98999786376953,102.6500015258789,1923900,93.13314819335938
ETN,ETN,2020-10-05,103.87999725341797,105.47000122070312,103.5999984741211,105.08999633789062,1467400,95.34689331054688
ETN,ETN,2020-10-06,105.30999755859375,106.79000091552734,104.33000183105469,104.44000244140625,1330600,94.75717163085938
ETN,ETN,2020-10-07,105.79000091552734,107.12999725341797,105.45999908447266,106.94999694824219,1481600,97.03446960449219
ETN,ETN,2020-10-08,107.29000091552734,107.91999816894531,106.2300033569336,107.4800033569336,1009200,97.51533508300781
ETN,ETN,2020-10-09,108.45999908447266,109.19999694824219,107.30000305175781,107.52999877929688,1512400,97.56070709228516
ETN,ETN,2020-10-12,108.61000061035156,109.62999725341797,108.0,108.20999908447266,1196300,98.17765045166016
ETN,ETN,2020-10-13,107.69000244140625,108.52999877929688,106.87000274658203,107.5999984741211,1547900,97.62419891357422
ETN,ETN,2020-10-14,107.88999938964844,109.45999908447266,107.66000366210938,108.19000244140625,826500,98.15950775146484
ETN,ETN,2020-10-15,106.97000122070312,108.69999694824219,106.63999938964844,108.62999725341797,955600,98.5587158203125
ETN,ETN,2020-10-16,109.36000061035156,111.19000244140625,108.80999755859375,109.26000213623047,1520200,99.13031005859375
ETN,ETN,2020-10-19,109.45999908447266,109.86000061035156,107.33000183105469,107.88999938964844,1207700,97.8873291015625
ETN,ETN,2020-10-20,108.5999984741211,110.6500015258789,108.12000274658203,108.73999786376953,1069800,98.65850830078125
ETN,ETN,2020-10-21,108.30999755859375,110.05999755859375,108.23999786376953,108.27999877929688,985600,98.24114227294922
ETN,ETN,2020-10-22,108.73999786376953,110.44999694824219,108.73999786376953,109.87999725341797,1199700,99.69282531738281
ETN,ETN,2020-10-23,110.80000305175781,111.6500015258789,109.69999694824219,109.80999755859375,1088600,99.62931823730469
ETN,ETN,2020-10-26,108.25,108.70999908447266,105.7699966430664,107.41999816894531,1330100,97.46089935302734
ETN,ETN,2020-10-27,107.43000030517578,107.70999908447266,105.18000030517578,105.41999816894531,943200,95.64631652832031
ETN,ETN,2020-10-28,103.13999938964844,104.91000366210938,101.83999633789062,102.30999755859375,1446600,92.82465362548828
ETN,ETN,2020-10-29,101.79000091552734,105.1500015258789,101.5199966430664,104.22000122070312,1148400,94.55757141113281
ETN,ETN,2020-10-30,103.86000061035156,104.68000030517578,102.27999877929688,103.79000091552734,1494400,94.16744232177734
ETN,ETN,2020-11-02,105.76000213623047,107.70999908447266,105.25,107.33999633789062,2226900,97.38832092285156
ETN,ETN,2020-11-03,109.26000213623047,111.98999786376953,106.91999816894531,111.25,2345000,100.9358139038086
ETN,ETN,2020-11-04,110.19999694824219,110.19999694824219,104.33999633789062,105.9000015258789,2874900,96.08182525634766
ETN,ETN,2020-11-05,107.77999877929688,110.48999786376953,107.37000274658203,109.80999755859375,1975800,100.32085418701172
ETN,ETN,2020-11-06,109.83999633789062,111.18000030517578,109.25,109.95999908447266,1212500,100.45787811279297
ETN,ETN,2020-11-09,116.12000274658203,119.4800033569336,113.41999816894531,113.5,2959800,103.69200897216797
ETN,ETN,2020-11-10,113.66000366210938,115.81999969482422,113.2300033569336,114.86000061035156,1992500,104.9344711303711
ETN,ETN,2020-11-11,116.98999786376953,117.0,113.19999694824219,114.06999969482422,2120700,104.21272277832031
ETN,ETN,2020-11-12,113.61000061035156,114.16000366210938,112.37000274658203,113.31999969482422,1159200,103.52752685546875
ETN,ETN,2020-11-13,114.0,115.23999786376953,113.48999786376953,114.44999694824219,1679500,104.55989074707031
ETN,ETN,2020-11-16,116.80000305175781,117.91000366210938,114.66999816894531,117.5,1913600,107.34632873535156
ETN,ETN,2020-11-17,116.19000244140625,116.91000366210938,114.44999694824219,116.06999969482422,1307500,106.03990173339844
ETN,ETN,2020-11-18,116.13999938964844,118.05000305175781,115.66000366210938,116.75,1282100,106.6611328125
ETN,ETN,2020-11-19,117.58000183105469,118.93000030517578,114.91000366210938,118.12000274658203,2244500,107.91275787353516
ETN,ETN,2020-11-20,118.2300033569336,118.7300033569336,117.01000213623047,117.4000015258789,2182300,107.2549819946289
ETN,ETN,2020-11-23,118.30000305175781,120.33999633789062,118.05999755859375,120.26000213623047,2330100,109.8678207397461
ETN,ETN,2020-11-24,121.58000183105469,123.66999816894531,120.69000244140625,123.25,2709100,112.59945678710938
ETN,ETN,2020-11-25,122.63999938964844,122.63999938964844,120.70999908447266,122.19000244140625,1774200,111.63105010986328
ETN,ETN,2020-11-27,122.69999694824219,122.8499984741211,121.26000213623047,121.9000015258789,1039900,111.3661117553711
ETN,ETN,2020-11-30,121.80000305175781,122.1500015258789,120.01000213623047,121.11000061035156,3567100,110.64439392089844
ETN,ETN,2020-12-01,122.58000183105469,123.43000030517578,120.61000061035156,120.69999694824219,2483200,110.26979064941406
ETN,ETN,2020-12-02,119.61000061035156,120.98999786376953,117.98999786376953,118.91999816894531,2101200,108.64362335205078
ETN,ETN,2020-12-03,118.79000091552734,119.44000244140625,116.4000015258789,116.7300033569336,3257200,106.64286804199219
ETN,ETN,2020-12-04,116.94000244140625,119.66000366210938,116.94000244140625,118.81999969482422,1490800,108.5522689819336
ETN,ETN,2020-12-07,118.44999694824219,118.58999633789062,116.97000122070312,117.4000015258789,1310400,107.2549819946289
ETN,ETN,2020-12-08,116.83000183105469,118.54000091552734,116.2699966430664,117.86000061035156,1618000,107.67521667480469
ETN,ETN,2020-12-09,118.41999816894531,118.98999786376953,116.80000305175781,117.88999938964844,1511200,107.70260620117188
ETN,ETN,2020-12-10,117.12999725341797,117.12999725341797,114.7699966430664,115.1500015258789,1401500,105.19940948486328
ETN,ETN,2020-12-11,114.30999755859375,115.97000122070312,114.0999984741211,115.5999984741211,1279200,105.61051940917969
ETN,ETN,2020-12-14,115.97000122070312,116.47000122070312,113.83000183105469,113.83999633789062,1771700,104.00260162353516
ETN,ETN,2020-12-15,115.05999755859375,117.12999725341797,113.79000091552734,116.54000091552734,1983500,106.46927642822266
ETN,ETN,2020-12-16,116.5999984741211,116.69000244140625,115.06999969482422,115.37000274658203,1610600,105.40040588378906
ETN,ETN,2020-12-17,115.80999755859375,116.13999938964844,114.12999725341797,115.29000091552734,1794700,105.32731628417969
ETN,ETN,2020-12-18,115.02999877929688,116.4800033569336,114.30000305175781,116.08000183105469,4499000,106.0490493774414
ETN,ETN,2020-12-21,115.18000030517578,117.55000305175781,113.94999694824219,116.9800033569336,2548500,106.87126159667969
ETN,ETN,2020-12-22,117.18000030517578,117.62999725341797,115.7300033569336,116.61000061035156,1552700,106.53324127197266
ETN,ETN,2020-12-23,117.51000213623047,118.66000366210938,116.9800033569336,117.0199966430664,1109400,106.9078140258789
ETN,ETN,2020-12-24,117.19999694824219,118.08000183105469,116.01000213623047,118.06999969482422,362200,107.86708068847656
ETN,ETN,2020-12-28,119.06999969482422,119.95999908447266,117.66000366210938,117.72000122070312,1075500,107.54732513427734
ETN,ETN,2020-12-29,118.23999786376953,118.52999877929688,116.04000091552734,117.16000366210938,874300,107.03572082519531
ETN,ETN,2020-12-30,117.87000274658203,119.5999984741211,117.55000305175781,119.30000305175781,1288400,108.99078369140625
ETN,ETN,2020-12-31,119.2699966430664,120.4000015258789,118.7300033569336,120.13999938964844,1056900,109.75820922851562
ETN,ETN,2021-01-04,120.30000305175781,121.58000183105469,117.87000274658203,118.75,1947800,108.4883041381836
ETN,ETN,2021-01-05,118.31999969482422,120.54000091552734,118.18000030517578,120.01000213623047,1217200,109.63943481445312
ETN,ETN,2021-01-06,122.30999755859375,128.36000061035156,122.16000366210938,126.44999694824219,3083000,115.52293395996094
ETN,ETN,2021-01-07,127.79000091552734,130.0,126.43000030517578,129.08999633789062,2585300,117.93479919433594
ETN,ETN,2021-01-08,129.27999877929688,129.89999389648438,125.13999938964844,126.87999725341797,2695400,115.91576385498047
ETN,ETN,2021-01-11,125.19999694824219,127.7699966430664,125.12999725341797,126.95999908447266,1490100,115.98883819580078
ETN,ETN,2021-01-12,126.98999786376953,128.61000061035156,126.16000366210938,128.33999633789062,1479700,117.24960327148438
ETN,ETN,2021-01-13,127.91000366210938,128.33999633789062,125.30000305175781,125.41000366210938,2344100,114.57280731201172
ETN,ETN,2021-01-14,126.2300033569336,126.5999984741211,124.19000244140625,124.62000274658203,4047400,113.85107421875
ETN,ETN,2021-01-15,122.87999725341797,123.4000015258789,121.0,123.16999816894531,2590400,112.5263671875
ETN,ETN,2021-01-19,124.5,126.95999908447266,124.01000213623047,125.5,2144500,114.65502166748047
ETN,ETN,2021-01-20,125.55000305175781,126.48999786376953,124.37000274658203,125.9800033569336,1698500,115.09355163574219
ETN,ETN,2021-01-21,125.93000030517578,126.87000274658203,124.9000015258789,125.12999725341797,1348400,114.31697845458984
ETN,ETN,2021-01-22,124.43000030517578,125.22000122070312,122.93000030517578,124.43000030517578,1405700,113.67748260498047
ETN,ETN,2021-01-25,123.95999908447266,124.2300033569336,121.29000091552734,121.81999969482422,1598900,111.29302215576172
ETN,ETN,2021-01-26,122.52999877929688,122.61000061035156,120.5,120.73999786376953,1140700,110.30635070800781
ETN,ETN,2021-01-27,118.68000030517578,118.91000366210938,114.01000213623047,114.86000061035156,2062200,104.9344711303711
ETN,ETN,2021-01-28,115.91999816894531,119.70999908447266,115.5199966430664,118.29000091552734,1537100,108.06808471679688
ETN,ETN,2021-01-29,117.83000183105469,121.75,116.73999786376953,117.69999694824219,2444700,107.52903747558594
ETN,ETN,2021-02-01,119.0,122.16999816894531,118.33000183105469,121.54000091552734,3054600,111.03722381591797
ETN,ETN,2021-02-02,121.75,123.43000030517578,118.66000366210938,120.44000244140625,4883000,110.03229522705078
ETN,ETN,2021-02-03,120.88999938964844,121.55000305175781,119.0,119.54000091552734,2133200,109.21005249023438
ETN,ETN,2021-02-04,119.73999786376953,120.88999938964844,119.01000213623047,120.54000091552734,2184100,110.12364196777344
ETN,ETN,2021-02-05,122.04000091552734,122.69000244140625,120.05999755859375,121.94000244140625,1983000,111.40264892578125
ETN,ETN,2021-02-08,122.69999694824219,123.02999877929688,119.41999816894531,120.22000122070312,2548000,109.83129119873047
ETN,ETN,2021-02-09,120.44999694824219,120.61000061035156,118.5999984741211,119.83000183105469,1857600,109.4749984741211
ETN,ETN,2021-02-10,121.58999633789062,122.79000091552734,120.87000274658203,121.76000213623047,2988400,111.23820495605469
ETN,ETN,2021-02-11,122.33999633789062,123.9800033569336,121.45999908447266,123.52999877929688,2285800,112.85527038574219
ETN,ETN,2021-02-12,122.58999633789062,124.19999694824219,122.31999969482422,123.9800033569336,1586800,113.2663803100586
ETN,ETN,2021-02-16,126.0,126.37000274658203,124.94999694824219,125.0,2167800,114.19822692871094
ETN,ETN,2021-02-17,123.30000305175781,125.33999633789062,123.30000305175781,125.02999877929688,1302600,114.22562408447266
ETN,ETN,2021-02-18,124.23999786376953,125.7300033569336,124.11000061035156,125.19000244140625,1513400,114.37179565429688
ETN,ETN,2021-02-19,126.37000274658203,128.6699981689453,126.02999877929688,127.80000305175781,2662100,116.75627899169922
ETN,ETN,2021-02-22,127.22000122070312,131.72000122070312,126.69999694824219,130.85000610351562,2533100,119.542724609375
ETN,ETN,2021-02-23,130.77000427246094,131.5,127.4000015258789,130.86000061035156,2963800,119.55182647705078
ETN,ETN,2021-02-24,131.30999755859375,133.9199981689453,131.02999877929688,132.67999267578125,3035200,121.21454620361328
ETN,ETN,2021-02-25,132.8000030517578,133.57000732421875,129.69000244140625,130.16000366210938,2635700,118.91231536865234
ETN,ETN,2021-02-26,130.47999572753906,132.0399932861328,128.5800018310547,130.19000244140625,2539100,118.93971252441406
ETN,ETN,2021-03-01,132.00999450683594,135.83999633789062,131.3000030517578,134.24000549316406,2858000,122.63975524902344
ETN,ETN,2021-03-02,134.25999450683594,134.9199981689453,133.33999633789062,133.97000122070312,1936500,122.39310455322266
ETN,ETN,2021-03-03,137.0399932861328,138.17999267578125,135.02000427246094,135.52999877929688,3315800,123.81826782226562
ETN,ETN,2021-03-04,134.4600067138672,136.5500030517578,131.4600067138672,134.4499969482422,2390900,122.83159637451172
ETN,ETN,2021-03-05,136.33999633789062,137.9199981689453,132.2100067138672,137.38999938964844,2382000,125.5175552368164
ETN,ETN,2021-03-08,138.69000244140625,141.0500030517578,137.60000610351562,139.44000244140625,2174500,127.39041137695312
ETN,ETN,2021-03-09,139.89999389648438,139.89999389648438,136.1999969482422,136.25,2805000,124.4760971069336
ETN,ETN,2021-03-10,136.77999877929688,140.35000610351562,136.22000122070312,139.25,2313700,127.21681213378906
ETN,ETN,2021-03-11,139.5800018310547,141.3699951171875,138.9600067138672,139.2100067138672,1844900,127.18026733398438
ETN,ETN,2021-03-12,140.32000732421875,141.0,139.4600067138672,140.77000427246094,1759500,128.60548400878906
ETN,ETN,2021-03-15,137.88999938964844,139.58999633789062,136.55999755859375,139.5500030517578,3192000,128.18295288085938
ETN,ETN,2021-03-16,139.5500030517578,139.5500030517578,135.82000732421875,136.8300018310547,2427100,125.68450927734375
ETN,ETN,2021-03-17,137.3000030517578,138.52999877929688,136.05999755859375,138.0,2593900,126.75917053222656
ETN,ETN,2021-03-18,138.1999969482422,139.75999450683594,136.67999267578125,136.9600067138672,2707400,125.80387115478516
ETN,ETN,2021-03-19,136.63999938964844,136.67999267578125,133.17999267578125,133.25999450683594,12545600,122.40528106689453
ETN,ETN,2021-03-22,133.47000122070312,135.33999633789062,132.24000549316406,134.86000061035156,2805100,123.8749771118164
ETN,ETN,2021-03-23,133.9199981689453,135.8800048828125,132.3300018310547,132.92999267578125,1851300,122.10215759277344
ETN,ETN,2021-03-24,134.00999450683594,136.19000244140625,133.85000610351562,134.4499969482422,2195600,123.49834442138672
ETN,ETN,2021-03-25,133.72999572753906,136.4600067138672,131.86000061035156,135.82000732421875,1511700,124.75678253173828
ETN,ETN,2021-03-26,136.97000122070312,138.86000061035156,136.30999755859375,138.69000244140625,1988100,127.39300537109375
ETN,ETN,2021-03-29,138.0,139.60000610351562,137.75999450683594,138.5500030517578,2399500,127.26441192626953
ETN,ETN,2021-03-30,138.5800018310547,140.17999267578125,138.4600067138672,139.66000366210938,2058500,128.28399658203125
ETN,ETN,2021-03-31,140.05999755859375,141.2899932861328,138.25,138.27999877929688,2338000,127.01638793945312
ETN,ETN,2021-04-01,139.02999877929688,139.77999877929688,137.9600067138672,139.49000549316406,2379400,128.1278839111328
ETN,ETN,2021-04-05,141.38999938964844,143.24000549316406,140.42999267578125,142.36000061035156,2039000,130.76406860351562
ETN,ETN,2021-04-06,142.1699981689453,143.2899932861328,140.8699951171875,141.1199951171875,1393100,129.6250762939453
ETN,ETN,2021-04-07,140.7100067138672,141.49000549316406,139.6699981689453,140.3800048828125,1882500,128.94532775878906
ETN,ETN,2021-04-08,139.97999572753906,140.55999755859375,138.77999877929688,139.89999389648438,1743300,128.5044403076172
ETN,ETN,2021-04-09,140.6999969482422,141.0500030517578,139.0399932861328,140.4499969482422,2430800,129.0095977783203
ETN,ETN,2021-04-12,140.1999969482422,141.60000610351562,140.1999969482422,141.2899932861328,1437800,129.78118896484375
ETN,ETN,2021-04-13,140.5,140.77000427246094,138.35000610351562,139.8000030517578,1535900,128.41256713867188
ETN,ETN,2021-04-14,139.85000610351562,141.24000549316406,139.7100067138672,140.24000549316406,1552200,128.81674194335938
ETN,ETN,2021-04-15,140.8699951171875,141.22000122070312,139.91000366210938,140.8000030517578,1619900,129.3311309814453
ETN,ETN,2021-04-16,142.4600067138672,143.08999633789062,140.41000366210938,141.14999389648438,1370000,129.652587890625
ETN,ETN,2021-04-19,141.39999389648438,141.39999389648438,140.00999450683594,140.77999877929688,1259300,129.31275939941406
ETN,ETN,2021-04-20,140.02000427246094,140.27999877929688,137.55999755859375,138.4600067138672,1503700,127.1817398071289
ETN,ETN,2021-04-21,138.52999877929688,141.58999633789062,138.1999969482422,141.50999450683594,1432800,129.98329162597656
ETN,ETN,2021-04-22,142.13999938964844,142.57000732421875,140.89999389648438,141.39999389648438,2295000,129.8822479248047
ETN,ETN,2021-04-23,141.88999938964844,143.67999267578125,141.3300018310547,142.97000122070312,1652400,131.32435607910156
ETN,ETN,2021-04-26,143.3300018310547,144.5500030517578,143.07000732421875,143.3699951171875,1288400,131.69174194335938
ETN,ETN,2021-04-27,143.3699951171875,145.00999450683594,142.52000427246094,144.58999633789062,1874900,132.81240844726562
ETN,ETN,2021-04-28,144.1300048828125,145.88999938964844,143.8000030517578,144.52999877929688,1570100,132.7572784423828
ETN,ETN,2021-04-29,145.91000366210938,145.9499969482422,143.60000610351562,145.02000427246094,1602700,133.2073974609375
ETN,ETN,2021-04-30,143.91000366210938,144.4199981689453,142.66000366210938,142.92999267578125,1489800,131.28758239746094
ETN,ETN,2021-05-03,144.92999267578125,145.3699951171875,143.0800018310547,144.36000061035156,1548600,132.60110473632812
ETN,ETN,2021-05-04,143.19000244140625,145.08999633789062,141.22999572753906,144.6699981689453,3727600,132.88587951660156
ETN,ETN,2021-05-05,145.30999755859375,146.5,143.22000122070312,145.47999572753906,2731300,133.62989807128906
ETN,ETN,2021-05-06,145.75,146.5,144.58999633789062,146.44000244140625,1901000,134.51168823242188
ETN,ETN,2021-05-07,145.64999389648438,148.33999633789062,144.4600067138672,147.52000427246094,1593300,135.5037384033203
ETN,ETN,2021-05-10,148.0399932861328,149.3800048828125,147.38999938964844,147.4199981689453,1452600,135.4119110107422
ETN,ETN,2021-05-11,146.52000427246094,146.9199981689453,144.3800048828125,145.75999450683594,1636300,133.8871307373047
ETN,ETN,2021-05-12,145.02000427246094,146.08999633789062,143.3000030517578,143.69000244140625,3123300,131.98573303222656
ETN,ETN,2021-05-13,142.61000061035156,146.7899932861328,142.61000061035156,145.8000030517578,2040100,134.63595581054688
ETN,ETN,2021-05-14,146.7100067138672,148.6300048828125,146.30999755859375,148.16000366210938,1512700,136.8152313232422
ETN,ETN,2021-05-17,147.6699981689453,148.64999389648438,146.8000030517578,147.42999267578125,1466800,136.14114379882812
ETN,ETN,2021-05-18,147.3000030517578,147.4199981689453,144.27000427246094,144.3300018310547,1267400,133.2785186767578
ETN,ETN,2021-05-19,142.17999267578125,143.16000366210938,140.52000427246094,142.75999450683594,1950500,131.82875061035156
ETN,ETN,2021-05-20,143.38999938964844,143.80999755859375,141.8800048828125,143.6300048828125,2279000,132.6321258544922
ETN,ETN,2021-05-21,144.6300048828125,145.55999755859375,142.77000427246094,143.42999267578125,1790900,132.4474334716797
ETN,ETN,2021-05-24,144.6199951171875,144.6199951171875,142.63999938964844,143.63999938964844,1341000,132.64137268066406
ETN,ETN,2021-05-25,143.63999938964844,144.6699981689453,142.2899932861328,142.80999755859375,1685300,131.87489318847656
ETN,ETN,2021-05-26,143.1999969482422,143.69000244140625,142.1199951171875,142.97999572753906,1170400,132.03189086914062
ETN,ETN,2021-05-27,144.44000244140625,145.41000366210938,144.07000732421875,144.58999633789062,3082300,133.51861572265625
ETN,ETN,2021-05-28,145.27000427246094,145.52999877929688,144.27999877929688,145.25,1539500,134.12806701660156
ETN,ETN,2021-06-01,146.97999572753906,147.25,145.60000610351562,146.2899932861328,1321000,135.08843994140625
ETN,ETN,2021-06-02,146.1999969482422,146.88999938964844,145.41000366210938,145.97000122070312,1545900,134.79295349121094
ETN,ETN,2021-06-03,145.74000549316406,147.05999755859375,144.55999755859375,146.4199981689453,1277300,135.20846557617188
ETN,ETN,2021-06-04,146.91000366210938,148.85000610351562,146.91000366210938,148.50999450683594,1617000,137.13844299316406
ETN,ETN,2021-06-07,148.85000610351562,149.0500030517578,145.86000061035156,146.85000610351562,1820500,135.6055450439453
ETN,ETN,2021-06-08,146.80999755859375,147.9600067138672,145.3300018310547,147.1199951171875,1327500,135.85487365722656
ETN,ETN,2021-06-09,146.8800048828125,147.30999755859375,145.8300018310547,146.41000366210938,978300,135.19924926757812
ETN,ETN,2021-06-10,147.1300048828125,147.72999572753906,145.97000122070312,146.82000732421875,1648100,135.57789611816406
ETN,ETN,2021-06-11,147.00999450683594,148.1199951171875,145.6199951171875,146.6300048828125,997900,135.4024200439453
ETN,ETN,2021-06-14,146.4499969482422,146.69000244140625,144.8800048828125,146.0,1318400,134.82064819335938
ETN,ETN,2021-06-15,146.2899932861328,147.8699951171875,145.3699951171875,147.85000610351562,1475900,136.52896118164062
ETN,ETN,2021-06-16,147.74000549316406,148.6699981689453,145.6999969482422,146.3699951171875,1590400,135.1623077392578
ETN,ETN,2021-06-17,146.22000122070312,146.4199981689453,140.91000366210938,142.6199951171875,2517800,131.69943237304688
ETN,ETN,2021-06-18,140.57000732421875,141.42999267578125,139.1199951171875,139.25999450683594,3066900,128.5967559814453
ETN,ETN,2021-06-21,140.47000122070312,143.60000610351562,140.41000366210938,143.0399932861328,1488900,132.0872802734375
ETN,ETN,2021-06-22,142.94000244140625,143.9199981689453,141.77999877929688,142.8300018310547,1487800,131.89340209960938
ETN,ETN,2021-06-23,143.19000244140625,145.58999633789062,142.97000122070312,144.41000366210938,1962400,133.35240173339844
ETN,ETN,2021-06-24,145.27999877929688,146.0800018310547,144.2899932861328,145.64999389648438,1291600,134.4974365234375
ETN,ETN,2021-06-25,146.16000366210938,147.5,146.0800018310547,146.69000244140625,1469600,135.4578094482422
ETN,ETN,2021-06-28,146.9499969482422,146.9499969482422,144.77999877929688,146.5,1170600,135.28236389160156
ETN,ETN,2021-06-29,147.35000610351562,147.97999572753906,146.42999267578125,146.49000549316406,1433500,135.2731170654297
ETN,ETN,2021-06-30,146.10000610351562,148.49000549316406,145.7899932861328,148.17999267578125,1597400,136.8336944580078
ETN,ETN,2021-07-01,149.8800048828125,150.7100067138672,149.35000610351562,150.1699981689453,2246300,138.6713409423828
ETN,ETN,2021-07-02,150.00999450683594,151.4499969482422,149.38999938964844,151.39999389648438,1187300,139.8071746826172
ETN,ETN,2021-07-06,151.25,151.25,147.3699951171875,149.6999969482422,1633100,138.23731994628906
ETN,ETN,2021-07-07,149.49000549316406,152.27000427246094,149.47000122070312,152.17999267578125,1409400,140.52743530273438
ETN,ETN,2021-07-08,150.0,151.8000030517578,149.52000427246094,150.57000732421875,1856100,139.04071044921875
ETN,ETN,2021-07-09,152.3300018310547,154.3000030517578,152.24000549316406,153.55999755859375,1479500,141.80174255371094
ETN,ETN,2021-07-12,152.9600067138672,155.25,152.3300018310547,155.07000732421875,1764600,143.19615173339844
ETN,ETN,2021-07-13,154.60000610351562,155.30999755859375,153.77000427246094,154.0399932861328,1644200,142.24502563476562
ETN,ETN,2021-07-14,154.72999572753906,155.6699981689453,148.30999755859375,153.39999389648438,3902500,141.6540069580078
ETN,ETN,2021-07-15,152.22000122070312,154.5399932861328,152.17999267578125,153.8699951171875,1278200,142.0880126953125
ETN,ETN,2021-07-16,154.80999755859375,155.25,152.61000061035156,152.74000549316406,1636300,141.0445556640625
ETN,ETN,2021-07-19,150.52999877929688,150.52999877929688,146.99000549316406,149.19000244140625,1872800,137.76638793945312
ETN,ETN,2021-07-20,150.3300018310547,154.4199981689453,149.11000061035156,154.08999633789062,1744900,142.29119873046875
ETN,ETN,2021-07-21,154.9600067138672,156.63999938964844,154.75,155.6300048828125,1555600,143.71324157714844
ETN,ETN,2021-07-22,156.07000732421875,156.22999572753906,154.89999389648438,156.0500030517578,1313100,144.10110473632812
ETN,ETN,2021-07-23,156.86000061035156,157.33999633789062,155.85000610351562,156.72999572753906,1105800,144.72906494140625
ETN,ETN,2021-07-26,156.47999572753906,157.63999938964844,155.33999633789062,156.02999877929688,1708400,144.08262634277344
ETN,ETN,2021-07-27,155.1199951171875,157.22999572753906,154.3000030517578,156.13999938964844,1326600,144.1842041015625
ETN,ETN,2021-07-28,156.36000061035156,156.92999267578125,154.75999450683594,155.4600067138672,1890700,143.55628967285156
ETN,ETN,2021-07-29,156.63999938964844,158.11000061035156,155.92999267578125,157.7100067138672,1224800,145.63400268554688
ETN,ETN,2021-07-30,157.42999267578125,158.69000244140625,157.0399932861328,158.0500030517578,1502000,145.9479522705078
ETN,ETN,2021-08-02,158.58999633789062,159.9600067138672,156.49000549316406,156.49000549316406,1372200,144.5073699951172
ETN,ETN,2021-08-03,159.60000610351562,163.2899932861328,158.88999938964844,162.80999755859375,2420900,150.34347534179688
ETN,ETN,2021-08-04,163.07000732421875,164.27000427246094,161.69000244140625,161.8300018310547,1571900,149.43856811523438
ETN,ETN,2021-08-05,163.00999450683594,163.66000366210938,161.08999633789062,161.9199981689453,1280700,149.52163696289062
ETN,ETN,2021-08-06,163.0,163.72999572753906,162.0399932861328,162.88999938964844,1060000,150.41737365722656
ETN,ETN,2021-08-09,162.2100067138672,163.7899932861328,161.6300048828125,163.2899932861328,1181200,150.78675842285156
ETN,ETN,2021-08-10,164.0500030517578,167.52999877929688,163.89999389648438,167.35000610351562,2058300,154.53585815429688
ETN,ETN,2021-08-11,168.0399932861328,168.8800048828125,166.38999938964844,166.91000366210938,1476100,154.12954711914062
ETN,ETN,2021-08-12,165.83999633789062,167.35000610351562,165.0399932861328,167.1699981689453,1711900,155.07574462890625
ETN,ETN,2021-08-13,166.85000610351562,167.92999267578125,166.22999572753906,167.6199951171875,1717300,155.49317932128906
ETN,ETN,2021-08-16,167.30999755859375,168.89999389648438,166.33999633789062,168.50999450683594,1181700,156.31881713867188
ETN,ETN,2021-08-17,167.6199951171875,167.89999389648438,164.9600067138672,166.89999389648438,1181200,154.8252716064453
ETN,ETN,2021-08-18,166.49000549316406,168.3000030517578,166.3300018310547,166.44000244140625,1323200,154.39857482910156
ETN,ETN,2021-08-19,165.0399932861328,168.17999267578125,163.5800018310547,166.94000244140625,1384500,154.8623504638672
ETN,ETN,2021-08-20,167.9199981689453,167.9199981689453,166.22999572753906,167.4600067138672,1025200,155.3447723388672
ETN,ETN,2021-08-23,168.2899932861328,169.63999938964844,167.72999572753906,168.83999633789062,1398300,156.62490844726562
ETN,ETN,2021-08-24,168.39999389648438,170.25999450683594,167.6699981689453,169.38999938964844,1524400,157.13514709472656
ETN,ETN,2021-08-25,169.77000427246094,171.32000732421875,169.4199981689453,170.2100067138672,994700,157.89581298828125
ETN,ETN,2021-08-26,170.27000427246094,170.57000732421875,169.19000244140625,169.36000061035156,1201000,157.1072998046875
ETN,ETN,2021-08-27,170.1300048828125,170.6699981689453,168.63999938964844,170.02999877929688,1138000,157.72885131835938
ETN,ETN,2021-08-30,170.67999267578125,171.22999572753906,169.7100067138672,170.2100067138672,969400,157.89581298828125
ETN,ETN,2021-08-31,169.92999267578125,170.1999969482422,168.02000427246094,168.36000061035156,1863700,156.1796417236328
ETN,ETN,2021-09-01,168.22000122070312,168.41000366210938,165.75999450683594,166.75,1548800,154.68612670898438
ETN,ETN,2021-09-02,167.33999633789062,168.1699981689453,166.67999267578125,168.1300048828125,1529500,155.96629333496094
ETN,ETN,2021-09-03,168.19000244140625,168.19000244140625,166.3300018310547,166.3800048828125,1255400,154.34286499023438
ETN,ETN,2021-09-07,165.75,165.8000030517578,163.55999755859375,163.6999969482422,1748800,151.8568115234375
ETN,ETN,2021-09-08,162.6199951171875,164.3000030517578,161.39999389648438,163.36000061035156,1601900,151.5413818359375
ETN,ETN,2021-09-09,163.33999633789062,164.3300018310547,161.2100067138672,161.52999877929688,1215800,149.8437957763672
ETN,ETN,2021-09-10,163.13999938964844,163.27999877929688,160.30999755859375,160.38999938964844,1654900,148.7862548828125
ETN,ETN,2021-09-13,161.0800018310547,162.0,156.19000244140625,158.27000427246094,2685200,146.81964111328125
ETN,ETN,2021-09-14,155.52000427246094,158.47000122070312,155.52000427246094,156.3000030517578,2784900,144.99217224121094
ETN,ETN,2021-09-15,156.00999450683594,161.13999938964844,155.75999450683594,160.5500030517578,2964900,148.9346923828125
ETN,ETN,2021-09-16,160.7100067138672,160.7100067138672,158.22999572753906,159.2899932861328,1479100,147.7658233642578
ETN,ETN,2021-09-17,157.97999572753906,158.16000366210938,156.1699981689453,157.52999877929688,3115100,146.13314819335938
ETN,ETN,2021-09-20,154.4499969482422,156.64999389648438,153.88999938964844,156.5,1700800,145.1776885986328
ETN,ETN,2021-09-21,157.08999633789062,157.52000427246094,153.88999938964844,154.58999633789062,1231900,143.40585327148438
ETN,ETN,2021-09-22,155.6300048828125,157.58999633789062,155.6300048828125,156.42999267578125,1343900,145.11277770996094
ETN,ETN,2021-09-23,157.5800018310547,158.4600067138672,157.36000061035156,158.0,2237600,146.56918334960938
ETN,ETN,2021-09-24,157.50999450683594,158.1999969482422,155.8800048828125,156.00999450683594,1045800,144.72314453125
ETN,ETN,2021-09-27,155.97000122070312,157.30999755859375,155.0800018310547,155.14999389648438,1642500,143.92538452148438
ETN,ETN,2021-09-28,155.0,155.38999938964844,152.52000427246094,153.99000549316406,1806500,142.8492889404297
ETN,ETN,2021-09-29,154.3300018310547,154.63999938964844,153.1699981689453,153.47000122070312,1590300,142.36691284179688
ETN,ETN,2021-09-30,153.83999633789062,154.19000244140625,149.25,149.30999755859375,2122000,138.50782775878906
ETN,ETN,2021-10-01,149.72000122070312,151.6300048828125,148.19000244140625,150.64999389648438,1605900,139.75091552734375
ETN,ETN,2021-10-04,149.9499969482422,151.38999938964844,147.35000610351562,148.36000061035156,1748600,137.62657165527344
ETN,ETN,2021-10-05,149.02000427246094,152.1199951171875,148.1999969482422,151.25999450683594,1762300,140.3168182373047
ETN,ETN,2021-10-06,149.74000549316406,151.82000732421875,148.11000061035156,151.6999969482422,1067700,140.72494506835938
ETN,ETN,2021-10-07,153.38999938964844,154.64999389648438,153.2100067138672,153.9199981689453,1783400,142.78433227539062
ETN,ETN,2021-10-08,153.33999633789062,154.22000122070312,152.77000427246094,153.55999755859375,1154300,142.45040893554688
ETN,ETN,2021-10-11,153.42999267578125,154.75999450683594,152.42999267578125,152.55999755859375,1179900,141.52273559570312
ETN,ETN,2021-10-12,153.30999755859375,154.27999877929688,151.35000610351562,151.6199951171875,1270800,140.65074157714844
ETN,ETN,2021-10-13,152.36000061035156,154.4499969482422,151.5399932861328,153.38999938964844,1404200,142.29270935058594
ETN,ETN,2021-10-14,154.63999938964844,159.9499969482422,153.75,159.57000732421875,2075400,148.025634765625
ETN,ETN,2021-10-15,160.86000061035156,162.4499969482422,159.52999877929688,161.4499969482422,1678800,149.7695770263672
ETN,ETN,2021-10-18,160.3699951171875,161.8800048828125,159.80999755859375,161.27000427246094,884200,149.60260009765625
ETN,ETN,2021-10-19,162.0800018310547,162.57000732421875,160.88999938964844,161.47999572753906,883300,149.79739379882812
ETN,ETN,2021-10-20,161.74000549316406,163.3300018310547,160.72999572753906,163.1999969482422,1146000,151.39292907714844
ETN,ETN,2021-10-21,162.05999755859375,162.57000732421875,160.6699981689453,162.1199951171875,1368100,150.3910675048828
ETN,ETN,2021-10-22,162.74000549316406,164.0399932861328,162.27999877929688,162.3800048828125,771800,150.6322784423828
ETN,ETN,2021-10-25,162.1999969482422,163.94000244140625,161.3300018310547,162.50999450683594,1022900,150.7528839111328
ETN,ETN,2021-10-26,163.17999267578125,163.17999267578125,161.27000427246094,161.33999633789062,983600,149.66754150390625
ETN,ETN,2021-10-27,161.72999572753906,163.4499969482422,160.05999755859375,160.1199951171875,1029700,148.5357666015625
ETN,ETN,2021-10-28,160.1199951171875,165.07000732421875,160.1199951171875,164.9600067138672,1632900,153.02565002441406
ETN,ETN,2021-10-29,164.33999633789062,165.9600067138672,163.82000732421875,164.75999450683594,1678100,152.84010314941406
ETN,ETN,2021-11-01,165.1999969482422,165.94000244140625,163.25999450683594,164.33999633789062,1637300,152.45050048828125
ETN,ETN,2021-11-02,166.13999938964844,172.24000549316406,165.0,171.6300048828125,2398100,159.2130889892578
ETN,ETN,2021-11-03,169.63999938964844,172.00999450683594,167.3300018310547,169.49000549316406,1953900,157.22793579101562
ETN,ETN,2021-11-04,170.9199981689453,173.05999755859375,170.58999633789062,171.97999572753906,1147600,159.5377655029297
ETN,ETN,2021-11-05,172.92999267578125,173.4499969482422,170.27999877929688,171.3000030517578,1217600,158.90695190429688
ETN,ETN,2021-11-08,174.3300018310547,174.80999755859375,172.3000030517578,173.72000122070312,1695300,161.1519012451172
ETN,ETN,2021-11-09,173.88999938964844,175.24000549316406,173.42999267578125,174.66000366210938,1036900,162.0238800048828
ETN,ETN,2021-11-10,173.9499969482422,173.9499969482422,171.32000732421875,171.8699951171875,1314400,160.1324920654297
ETN,ETN,2021-11-11,172.02999877929688,172.1300048828125,169.50999450683594,169.9199981689453,1156000,158.31570434570312
ETN,ETN,2021-11-12,170.4600067138672,172.32000732421875,168.82000732421875,171.8000030517578,1188400,160.06729125976562
ETN,ETN,2021-11-15,171.99000549316406,173.2100067138672,171.55999755859375,172.74000549316406,1019600,160.94308471679688
ETN,ETN,2021-11-16,172.74000549316406,175.72000122070312,172.4199981689453,173.8000030517578,1434800,161.9307098388672
ETN,ETN,2021-11-17,173.8000030517578,174.3000030517578,171.50999450683594,173.10000610351562,1433300,161.27850341796875
ETN,ETN,2021-11-18,173.16000366210938,173.5800018310547,171.66000366210938,173.32000732421875,900800,161.4834747314453
ETN,ETN,2021-11-19,173.3800048828125,173.80999755859375,171.9199981689453,172.3000030517578,1334200,160.5331268310547
ETN,ETN,2021-11-22,173.3800048828125,174.91000366210938,172.19000244140625,172.32000732421875,1254800,160.5518035888672
ETN,ETN,2021-11-23,172.02000427246094,172.94000244140625,171.27999877929688,172.57000732421875,1054300,160.78472900390625
ETN,ETN,2021-11-24,171.4600067138672,172.22999572753906,170.1699981689453,170.9499969482422,1235900,159.27532958984375
ETN,ETN,2021-11-26,166.63999938964844,168.17999267578125,164.41000366210938,167.50999450683594,1121000,156.0702667236328
ETN,ETN,2021-11-29,169.3800048828125,169.64999389648438,165.4499969482422,167.3800048828125,2068700,155.94915771484375
ETN,ETN,2021-11-30,166.07000732421875,166.91000366210938,161.3800048828125,162.05999755859375,4247200,150.99244689941406
ETN,ETN,2021-12-01,165.47999572753906,167.25999450683594,161.3699951171875,161.47000122070312,1947100,150.4427490234375
ETN,ETN,2021-12-02,162.10000610351562,167.52999877929688,162.10000610351562,166.6300048828125,1413200,155.25038146972656
ETN,ETN,2021-12-03,167.3300018310547,168.10000610351562,164.47999572753906,166.44000244140625,1360800,155.07333374023438
ETN,ETN,2021-12-06,167.7899932861328,170.66000366210938,166.52999877929688,169.8300018310547,1733500,158.23182678222656
ETN,ETN,2021-12-07,172.1699981689453,174.47000122070312,170.25,170.58999633789062,1884600,158.93992614746094
ETN,ETN,2021-12-08,170.88999938964844,171.4499969482422,168.02999877929688,169.9199981689453,1986900,158.31570434570312
ETN,ETN,2021-12-09,169.77999877929688,170.0,167.4600067138672,168.58999633789062,1844800,157.07652282714844
ETN,ETN,2021-12-10,169.57000732421875,170.88999938964844,169.13999938964844,170.4600067138672,1432800,158.8188018798828
ETN,ETN,2021-12-13,170.63999938964844,171.35000610351562,168.8000030517578,169.6999969482422,1598800,158.1107177734375
ETN,ETN,2021-12-14,168.41000366210938,169.35000610351562,162.5500030517578,164.83999633789062,2838000,153.5826416015625
ETN,ETN,2021-12-15,166.14999389648438,169.5,165.39999389648438,169.25999450683594,2263800,157.7007293701172
ETN,ETN,2021-12-16,170.6699981689453,171.25,167.94000244140625,168.8000030517578,1403500,157.27218627929688
ETN,ETN,2021-12-17,168.52999877929688,169.49000549316406,164.72000122070312,165.07000732421875,2666700,153.79689025878906
ETN,ETN,2021-12-20,163.32000732421875,164.5500030517578,161.16000366210938,164.05999755859375,2146700,152.85586547851562
ETN,ETN,2021-12-21,165.4199981689453,167.3699951171875,164.39999389648438,167.24000549316406,2014100,155.81869506835938
ETN,ETN,2021-12-22,166.75,167.67999267578125,166.32000732421875,166.74000549316406,1259800,155.3528594970703
ETN,ETN,2021-12-23,167.27000427246094,169.17999267578125,167.14999389648438,168.0399932861328,861800,156.5640869140625
ETN,ETN,2021-12-27,168.94000244140625,170.74000549316406,167.72999572753906,170.6699981689453,730700,159.0144500732422
ETN,ETN,2021-12-28,170.6199951171875,171.75999450683594,170.30999755859375,171.1999969482422,672300,159.5082550048828
ETN,ETN,2021-12-29,171.64999389648438,172.1199951171875,170.47999572753906,171.7100067138672,1467500,159.9834442138672
ETN,ETN,2021-12-30,172.0800018310547,172.52000427246094,171.22000122070312,171.4199981689453,884400,159.7132568359375
ETN,ETN,2021-12-31,170.97000122070312,173.67999267578125,170.97000122070312,172.82000732421875,838600,161.0176239013672
ETN,ETN,2022-01-03,173.38999938964844,173.38999938964844,167.9199981689453,168.66000366210938,1307200,157.14173889160156
ETN,ETN,2022-01-04,169.6300048828125,172.27999877929688,168.83999633789062,171.4600067138672,2065400,159.75051879882812
ETN,ETN,2022-01-05,171.88999938964844,172.91000366210938,168.8300018310547,169.00999450683594,1718600,157.46780395507812
ETN,ETN,2022-01-06,168.89999389648438,170.74000549316406,168.39999389648438,169.41000366210938,1433800,157.84048461914062
ETN,ETN,2022-01-07,169.5,170.8800048828125,167.80999755859375,167.85000610351562,2079800,156.38705444335938
ETN,ETN,2022-01-10,166.50999450683594,166.89999389648438,162.8000030517578,166.4199981689453,1896400,155.05471801757812
ETN,ETN,2022-01-11,167.0,168.02999877929688,164.64999389648438,167.75999450683594,1075600,156.30320739746094
ETN,ETN,2022-01-12,169.1699981689453,172.0,168.6999969482422,171.4600067138672,1983400,159.75051879882812
ETN,ETN,2022-01-13,171.5399932861328,172.2899932861328,170.3699951171875,171.17999267578125,1336100,159.48963928222656
ETN,ETN,2022-01-14,168.94000244140625,171.7100067138672,167.60000610351562,170.9199981689453,2824600,159.2473602294922
ETN,ETN,2022-01-18,168.50999450683594,169.1699981689453,164.69000244140625,166.6300048828125,2106900,155.25038146972656
ETN,ETN,2022-01-19,166.7899932861328,167.1300048828125,163.19000244140625,163.38999938964844,2368300,152.2316436767578
ETN,ETN,2022-01-20,163.99000549316406,165.32000732421875,160.77000427246094,161.05999755859375,2067500,150.06076049804688
ETN,ETN,2022-01-21,161.35000610351562,163.74000549316406,159.6199951171875,160.5399932861328,2242000,149.57626342773438
ETN,ETN,2022-01-24,157.5399932861328,161.27000427246094,153.89999389648438,160.72000122070312,2614400,149.7439727783203
ETN,ETN,2022-01-25,158.07000732421875,159.38999938964844,153.3300018310547,157.44000244140625,2487000,146.68800354003906
ETN,ETN,2022-01-26,159.1300048828125,161.25999450683594,156.25999450683594,158.24000549316406,2024100,147.433349609375
ETN,ETN,2022-01-27,160.41000366210938,161.0,154.25999450683594,155.4199981689453,1679300,144.80592346191406
ETN,ETN,2022-01-28,154.5500030517578,156.80999755859375,151.6300048828125,156.69000244140625,2339400,145.9892120361328
ETN,ETN,2022-01-31,155.6300048828125,158.5399932861328,154.5,158.42999267578125,2192600,147.61033630371094
ETN,ETN,2022-02-01,158.9499969482422,159.91000366210938,156.52000427246094,159.38999938964844,1571400,148.5048065185547
ETN,ETN,2022-02-02,159.77999877929688,161.85000610351562,158.9499969482422,161.41000366210938,1565600,150.38685607910156
ETN,ETN,2022-02-03,159.42999267578125,161.75,156.4499969482422,156.8300018310547,2492400,146.11962890625
ETN,ETN,2022-02-04,154.57000732421875,155.9499969482422,150.24000549316406,151.0,4095500,140.68780517578125
ETN,ETN,2022-02-07,152.77000427246094,153.0399932861328,149.6699981689453,150.1300048828125,3515900,139.87716674804688
ETN,ETN,2022-02-08,150.19000244140625,152.0,148.6199951171875,151.5,2586400,141.15362548828125
ETN,ETN,2022-02-09,153.67999267578125,157.0500030517578,153.2100067138672,156.85000610351562,2809600,146.1382598876953
ETN,ETN,2022-02-10,154.02000427246094,158.25999450683594,153.85000610351562,154.7899932861328,2450800,144.2189178466797
ETN,ETN,2022-02-11,154.89999389648438,154.89999389648438,149.39999389648438,150.66000366210938,2104900,140.3710174560547
ETN,ETN,2022-02-14,150.97999572753906,153.0,149.2899932861328,152.1699981689453,2206400,141.77783203125
ETN,ETN,2022-02-15,154.3699951171875,156.1300048828125,153.85000610351562,155.52999877929688,2061600,144.9084014892578
ETN,ETN,2022-02-16,154.86000061035156,157.49000549316406,154.77999877929688,157.02999877929688,2194000,146.3059844970703
ETN,ETN,2022-02-17,155.77999877929688,156.11000061035156,152.0399932861328,152.39999389648438,1324800,141.99217224121094
ETN,ETN,2022-02-18,152.33999633789062,154.19000244140625,151.6999969482422,153.36000061035156,3466600,142.88661193847656
ETN,ETN,2022-02-22,153.2899932861328,154.36000061035156,150.7100067138672,151.75999450683594,1684000,141.3958740234375
ETN,ETN,2022-02-23,152.42999267578125,152.88999938964844,148.9199981689453,149.30999755859375,1506000,139.1132049560547
ETN,ETN,2022-02-24,145.86000061035156,150.7899932861328,144.25999450683594,150.30999755859375,2168800,140.04490661621094
ETN,ETN,2022-02-25,150.3000030517578,154.24000549316406,150.10000610351562,154.1199951171875,2427400,143.5947265625
ETN,ETN,2022-02-28,151.80999755859375,155.0500030517578,151.25,154.2899932861328,2454800,143.7530517578125
ETN,ETN,2022-03-01,154.0,154.67999267578125,144.3699951171875,146.4499969482422,4790400,136.448486328125
ETN,ETN,2022-03-02,147.7100067138672,152.8800048828125,147.36000061035156,152.1699981689453,1880700,141.77783203125
ETN,ETN,2022-03-03,153.0800018310547,156.1999969482422,153.0800018310547,154.97000122070312,2861400,144.38665771484375
ETN,ETN,2022-03-04,151.99000549316406,153.4499969482422,147.80999755859375,149.77999877929688,2678900,139.55111694335938
ETN,ETN,2022-03-07,149.7899932861328,149.7899932861328,145.00999450683594,145.7899932861328,2411600,135.8335723876953
ETN,ETN,2022-03-08,146.92999267578125,151.57000732421875,145.57000732421875,146.1999969482422,2235300,136.215576171875
ETN,ETN,2022-03-09,150.25,151.5,148.97999572753906,149.1199951171875,1794200,138.9361572265625
ETN,ETN,2022-03-10,145.08999633789062,149.05999755859375,145.08999633789062,148.1999969482422,1782300,138.83314514160156
ETN,ETN,2022-03-11,149.36000061035156,150.3300018310547,146.74000549316406,146.9199981689453,1350000,137.634033203125
ETN,ETN,2022-03-14,147.89999389648438,150.82000732421875,147.16000366210938,148.4600067138672,1581600,139.07669067382812
ETN,ETN,2022-03-15,150.17999267578125,150.74000549316406,148.07000732421875,150.27000427246094,1541700,140.77230834960938
ETN,ETN,2022-03-16,151.97999572753906,154.4499969482422,150.0399932861328,153.33999633789062,1892400,143.6482696533203
ETN,ETN,2022-03-17,151.92999267578125,154.7100067138672,151.00999450683594,154.69000244140625,1389900,144.9129180908203
ETN,ETN,2022-03-18,155.25999450683594,155.97000122070312,151.50999450683594,155.5800018310547,2792200,145.74667358398438
ETN,ETN,2022-03-21,156.0800018310547,156.35000610351562,153.30999755859375,154.60000610351562,1934300,144.82862854003906
ETN,ETN,2022-03-22,155.77000427246094,156.00999450683594,154.1999969482422,155.25,1226800,145.4375457763672
ETN,ETN,2022-03-23,154.0500030517578,154.94000244140625,152.33999633789062,152.42999267578125,1331900,142.79579162597656
ETN,ETN,2022-03-24,153.39999389648438,153.64999389648438,152.36000061035156,153.1999969482422,1078300,143.51712036132812
ETN,ETN,2022-03-25,153.77000427246094,154.7899932861328,152.83999633789062,154.17999267578125,1196500,144.43516540527344
ETN,ETN,2022-03-28,153.25999450683594,154.2100067138672,152.13999938964844,154.2100067138672,1239800,144.46328735351562
ETN,ETN,2022-03-29,156.4600067138672,158.00999450683594,155.27000427246094,157.52999877929688,1530800,147.5734405517578
ETN,ETN,2022-03-30,156.3300018310547,157.32000732421875,154.77000427246094,155.4600067138672,1294100,145.63427734375
ETN,ETN,2022-03-31,155.05999755859375,156.36000061035156,151.58999633789062,151.75999450683594,2286200,142.16810607910156
ETN,ETN,2022-04-01,153.4499969482422,153.4499969482422,150.39999389648438,151.80999755859375,2098900,142.21498107910156
ETN,ETN,2022-04-04,150.9199981689453,151.0399932861328,148.32000732421875,150.9199981689453,1435100,141.38119506835938
ETN,ETN,2022-04-05,150.72999572753906,151.27999877929688,145.91000366210938,146.61000061035156,2046700,137.34361267089844
ETN,ETN,2022-04-06,144.36000061035156,145.27999877929688,142.83999633789062,144.86000061035156,2701400,135.70420837402344
ETN,ETN,2022-04-07,143.66000366210938,146.63999938964844,142.88999938964844,145.8699951171875,1788100,136.650390625
ETN,ETN,2022-04-08,145.6199951171875,147.30999755859375,144.4600067138672,145.17999267578125,1644400,136.00399780273438
ETN,ETN,2022-04-11,144.66000366210938,146.27999877929688,142.02999877929688,142.27000427246094,1800200,133.27793884277344
ETN,ETN,2022-04-12,142.88999938964844,144.97000122070312,140.02000427246094,140.82000732421875,1766200,131.91958618164062
ETN,ETN,2022-04-13,140.5800018310547,142.7100067138672,140.5800018310547,141.77000427246094,1530600,132.8095245361328
ETN,ETN,2022-04-14,141.00999450683594,142.7100067138672,139.41000366210938,139.91000366210938,1833000,131.06710815429688
ETN,ETN,2022-04-18,139.67999267578125,142.11000061035156,139.60000610351562,140.66000366210938,1561100,131.76966857910156
ETN,ETN,2022-04-19,141.72000122070312,146.07000732421875,140.8000030517578,145.77000427246094,1826700,136.55673217773438
ETN,ETN,2022-04-20,147.3699951171875,150.55999755859375,147.3699951171875,149.3800048828125,1834600,139.93856811523438
ETN,ETN,2022-04-21,151.69000244140625,153.27000427246094,149.1999969482422,149.9499969482422,2293900,140.47251892089844
ETN,ETN,2022-04-22,148.5,148.9600067138672,145.88999938964844,146.0399932861328,1655100,136.80960083007812
ETN,ETN,2022-04-25,145.89999389648438,147.08999633789062,142.72000122070312,147.07000732421875,1905500,137.77455139160156
ETN,ETN,2022-04-26,145.17999267578125,146.9499969482422,143.5,143.77999877929688,2313700,134.6925048828125
ETN,ETN,2022-04-27,143.75,146.88999938964844,143.47000122070312,145.7100067138672,1930300,136.5005340576172
ETN,ETN,2022-04-28,146.10000610351562,148.0800018310547,144.27999877929688,147.8800048828125,2473700,138.5334014892578
ETN,ETN,2022-04-29,147.75,149.8300018310547,144.77000427246094,145.02000427246094,2467500,135.85411071777344
ETN,ETN,2022-05-02,144.99000549316406,147.02000427246094,143.4199981689453,146.5,2732700,137.24053955078125
ETN,ETN,2022-05-03,144.50999450683594,150.9600067138672,144.50999450683594,146.5800018310547,3004900,137.31552124023438
ETN,ETN,2022-05-04,146.8000030517578,150.7100067138672,143.97999572753906,149.92999267578125,2558100,140.4537811279297
ETN,ETN,2022-05-05,148.72000122070312,150.8800048828125,147.10000610351562,148.3800048828125,3871000,139.0017547607422
ETN,ETN,2022-05-06,147.7899932861328,148.4600067138672,144.4499969482422,147.2899932861328,2101800,137.98062133789062
ETN,ETN,2022-05-09,145.33999633789062,149.30999755859375,145.0500030517578,147.9600067138672,3028900,138.60833740234375
ETN,ETN,2022-05-10,149.00999450683594,149.91000366210938,140.52999877929688,140.97999572753906,3543000,132.06948852539062
ETN,ETN,2022-05-11,141.1300048828125,144.3000030517578,140.22000122070312,140.80999755859375,1852300,131.9102020263672
ETN,ETN,2022-05-12,139.47000122070312,142.52999877929688,138.69000244140625,141.75,2251900,133.55908203125
ETN,ETN,2022-05-13,142.85000610351562,143.44000244140625,139.64999389648438,141.3300018310547,2813100,133.16336059570312
ETN,ETN,2022-05-16,140.55999755859375,140.74000549316406,137.5500030517578,138.97999572753906,2551900,130.94912719726562
ETN,ETN,2022-05-17,141.41000366210938,143.83999633789062,140.7899932861328,143.3800048828125,1988500,135.09490966796875
ETN,ETN,2022-05-18,141.08999633789062,141.7899932861328,135.9600067138672,136.52000427246094,1946500,128.63128662109375
ETN,ETN,2022-05-19,135.0,138.00999450683594,132.3800048828125,136.0800018310547,2992300,128.2167205810547
ETN,ETN,2022-05-20,136.8699951171875,137.42999267578125,132.16000366210938,134.13999938964844,4686600,126.38882446289062
ETN,ETN,2022-05-23,135.6199951171875,136.8699951171875,133.16000366210938,136.75999450683594,2169600,128.85740661621094
ETN,ETN,2022-05-24,132.97999572753906,134.6199951171875,130.44000244140625,133.8300018310547,2709700,126.09674835205078
ETN,ETN,2022-05-25,133.50999450683594,135.27999877929688,131.5,134.0800018310547,1877500,126.33226776123047
ETN,ETN,2022-05-26,135.74000549316406,137.22000122070312,133.67999267578125,136.27999877929688,1366400,128.40516662597656
ETN,ETN,2022-05-27,137.60000610351562,139.8800048828125,137.08999633789062,139.82000732421875,1459000,131.74063110351562
ETN,ETN,2022-05-31,138.35000610351562,140.02999877929688,136.80999755859375,138.60000610351562,2900500,130.5911102294922
ETN,ETN,2022-06-01,139.94000244140625,140.25,136.4499969482422,137.72000122070312,1750800,129.76194763183594
ETN,ETN,2022-06-02,139.50999450683594,140.9199981689453,137.4499969482422,140.82000732421875,1289900,132.68283081054688
ETN,ETN,2022-06-03,139.63999938964844,140.9600067138672,139.35000610351562,140.35000610351562,1421300,132.239990234375
ETN,ETN,2022-06-06,142.2899932861328,142.6999969482422,141.1300048828125,141.36000061035156,1659400,133.19163513183594
ETN,ETN,2022-06-07,140.60000610351562,145.49000549316406,139.6699981689453,145.41000366210938,2237400,137.00759887695312
ETN,ETN,2022-06-08,144.39999389648438,146.2899932861328,143.41000366210938,144.47999572753906,2274000,136.13133239746094
ETN,ETN,2022-06-09,143.3699951171875,145.2100067138672,142.42999267578125,142.5,1594800,134.2657470703125
ETN,ETN,2022-06-10,139.7899932861328,140.63999938964844,136.8300018310547,137.02999877929688,1543800,129.11180114746094
ETN,ETN,2022-06-13,134.77000427246094,134.77000427246094,132.0,132.85000610351562,1596700,125.17335510253906
ETN,ETN,2022-06-14,132.85000610351562,134.47000122070312,129.1999969482422,130.52000427246094,1927300,122.97799682617188
ETN,ETN,2022-06-15,131.5500030517578,132.75,128.8699951171875,131.00999450683594,1658600,123.43968963623047
ETN,ETN,2022-06-16,127.91000366210938,128.4600067138672,125.13999938964844,126.11000061035156,2006500,118.82283782958984
ETN,ETN,2022-06-17,125.12000274658203,127.3499984741211,124.56999969482422,125.5199966430664,3126500,118.26690673828125
ETN,ETN,2022-06-21,126.70999908447266,127.5199966430664,125.11000061035156,126.13999938964844,1584400,118.85110473632812
ETN,ETN,2022-06-22,123.69000244140625,126.94999694824219,123.69000244140625,126.22000122070312,1921700,118.92648315429688
ETN,ETN,2022-06-23,125.2699966430664,127.26000213623047,124.12000274658203,126.88999938964844,2022800,119.55775451660156
ETN,ETN,2022-06-24,128.47000122070312,131.91000366210938,127.58000183105469,131.8300018310547,1974200,124.21231079101562
ETN,ETN,2022-06-27,132.77000427246094,133.5,131.14999389648438,132.25,1597000,124.60802459716797
ETN,ETN,2022-06-28,132.83999633789062,133.92999267578125,129.25,129.32000732421875,1914900,121.84735107421875
ETN,ETN,2022-06-29,129.69000244140625,130.08999633789062,126.04000091552734,127.2699966430664,1740100,119.91580200195312
ETN,ETN,2022-06-30,125.11000061035156,127.06999969482422,124.66000366210938,125.98999786376953,2370100,118.70975494384766
ETN,ETN,2022-07-01,126.4000015258789,128.33999633789062,125.11000061035156,127.37000274658203,1749700,120.01004028320312
ETN,ETN,2022-07-05,125.56999969482422,126.80999755859375,123.18000030517578,126.68000030517578,1934200,119.35990142822266
ETN,ETN,2022-07-06,127.19999694824219,128.7899932861328,125.93000030517578,128.0,1734500,120.60363006591797
ETN,ETN,2022-07-07,129.38999938964844,129.9199981689453,127.37000274658203,129.58999633789062,1662700,122.10173034667969
ETN,ETN,2022-07-08,129.0500030517578,129.08999633789062,126.70999908447266,127.81999969482422,1213600,120.43403625488281
ETN,ETN,2022-07-11,126.80000305175781,128.74000549316406,126.79000091552734,127.8499984741211,831200,120.46228790283203
ETN,ETN,2022-07-12,127.29000091552734,129.13999938964844,126.47000122070312,126.87999725341797,1051600,119.54834747314453
ETN,ETN,2022-07-13,124.62000274658203,126.6500015258789,123.5199966430664,125.72000122070312,1605000,118.45537567138672
ETN,ETN,2022-07-14,123.56999969482422,125.29000091552734,122.5,125.04000091552734,1274000,117.81465911865234
ETN,ETN,2022-07-15,127.18000030517578,129.47999572753906,125.51000213623047,128.99000549316406,1956400,121.53641510009766
ETN,ETN,2022-07-18,130.0,130.38999938964844,126.3499984741211,126.87999725341797,1441600,119.54834747314453
ETN,ETN,2022-07-19,128.64999389648438,132.75,128.3699951171875,132.3000030517578,1454500,124.65514373779297
ETN,ETN,2022-07-20,132.7899932861328,134.14999389648438,132.0,133.85000610351562,1282000,126.11560821533203
ETN,ETN,2022-07-21,134.14999389648438,137.47000122070312,133.50999450683594,137.33999633789062,2001200,129.4039306640625
ETN,ETN,2022-07-22,137.57000732421875,138.8800048828125,135.74000549316406,136.64999389648438,1763500,128.7537841796875
ETN,ETN,2022-07-25,136.6999969482422,137.16000366210938,135.32000732421875,137.10000610351562,955900,129.1777801513672
ETN,ETN,2022-07-26,137.14999389648438,139.6300048828125,136.30999755859375,139.13999938964844,2103100,131.0999298095703
ETN,ETN,2022-07-27,139.6699981689453,142.5800018310547,138.85000610351562,141.6699981689453,1490400,133.4836883544922
ETN,ETN,2022-07-28,143.77000427246094,146.9600067138672,143.39999389648438,146.25999450683594,2759900,137.8084716796875
ETN,ETN,2022-07-29,146.25,149.1300048828125,145.9499969482422,148.38999938964844,1609300,139.81539916992188
ETN,ETN,2022-08-01,146.80999755859375,148.25999450683594,146.4199981689453,147.5,1886200,138.97683715820312
ETN,ETN,2022-08-02,148.5,151.47999572753906,146.25,146.38999938964844,2292500,137.93096923828125
ETN,ETN,2022-08-03,147.72999572753906,149.42999267578125,146.3000030517578,148.6999969482422,1377900,140.1074676513672
ETN,ETN,2022-08-04,149.22000122070312,149.9499969482422,148.3000030517578,148.7100067138672,1128900,140.116943359375
ETN,ETN,2022-08-05,147.72999572753906,148.85000610351562,147.19000244140625,148.64999389648438,1243400,140.06039428710938
ETN,ETN,2022-08-08,150.1699981689453,150.6300048828125,147.5399932861328,147.92999267578125,1340600,139.38198852539062
ETN,ETN,2022-08-09,147.07000732421875,147.55999755859375,146.1999969482422,146.41000366210938,1170300,137.94981384277344
ETN,ETN,2022-08-10,149.60000610351562,149.99000549316406,148.25999450683594,149.33999633789062,1595300,140.71047973632812
ETN,ETN,2022-08-11,150.02999877929688,150.99000549316406,149.16000366210938,149.4499969482422,1434900,141.58206176757812
ETN,ETN,2022-08-12,150.16000366210938,152.50999450683594,149.89999389648438,152.44000244140625,1318600,144.41464233398438
ETN,ETN,2022-08-15,152.25999450683594,152.8699951171875,151.32000732421875,152.4199981689453,1123000,144.3957061767578
ETN,ETN,2022-08-16,150.7899932861328,153.57000732421875,150.25999450683594,153.10000610351562,1293600,145.03994750976562
ETN,ETN,2022-08-17,151.19000244140625,152.58999633789062,150.6199951171875,151.99000549316406,1036700,143.9883575439453
ETN,ETN,2022-08-18,152.27000427246094,153.82000732421875,151.5800018310547,153.35000610351562,1104800,145.27674865722656
ETN,ETN,2022-08-19,152.36000061035156,152.6999969482422,150.32000732421875,150.83999633789062,1308500,142.8988800048828
ETN,ETN,2022-08-22,148.3699951171875,148.8000030517578,146.2100067138672,146.75,1737000,139.02418518066406
ETN,ETN,2022-08-23,146.80999755859375,147.85000610351562,146.0399932861328,146.30999755859375,824500,138.6073760986328
ETN,ETN,2022-08-24,146.49000549316406,146.75,144.88999938964844,145.52000427246094,1030400,137.8589630126953
ETN,ETN,2022-08-25,146.6699981689453,148.0800018310547,146.17999267578125,148.0500030517578,1090700,140.25576782226562
ETN,ETN,2022-08-26,148.3699951171875,148.3699951171875,140.77000427246094,141.0800018310547,1743400,133.65272521972656
ETN,ETN,2022-08-29,139.94000244140625,142.00999450683594,139.22999572753906,140.7100067138672,1223900,133.3022003173828
ETN,ETN,2022-08-30,142.3800048828125,142.58999633789062,138.13999938964844,139.24000549316406,1153700,131.9095916748047
ETN,ETN,2022-08-31,139.94000244140625,139.94000244140625,136.10000610351562,136.63999938964844,2249900,129.4464569091797
ETN,ETN,2022-09-01,135.77999877929688,138.83999633789062,135.1699981689453,138.77000427246094,1538900,131.46438598632812
ETN,ETN,2022-09-02,140.47999572753906,140.69000244140625,136.8699951171875,137.3000030517578,1080200,130.0717315673828
ETN,ETN,2022-09-06,137.6999969482422,138.63999938964844,136.02000427246094,138.4600067138672,1388300,131.17066955566406
ETN,ETN,2022-09-07,138.4199981689453,142.1300048828125,138.10000610351562,141.27000427246094,2112600,133.83270263671875
ETN,ETN,2022-09-08,140.41000366210938,143.3699951171875,139.63999938964844,143.24000549316406,1716400,135.69895935058594
ETN,ETN,2022-09-09,143.80999755859375,146.25999450683594,143.58999633789062,145.7100067138672,1636900,138.03897094726562
ETN,ETN,2022-09-12,146.75,148.6199951171875,146.27999877929688,147.61000061035156,1570700,139.8389129638672
ETN,ETN,2022-09-13,144.13999938964844,145.47999572753906,141.82000732421875,142.50999450683594,1297800,135.00741577148438
ETN,ETN,2022-09-14,143.3699951171875,143.67999267578125,141.42999267578125,143.10000610351562,1461800,135.56639099121094
ETN,ETN,2022-09-15,142.75,145.00999450683594,140.9600067138672,141.11000061035156,1759700,133.68112182617188
ETN,ETN,2022-09-16,139.72000122070312,139.85000610351562,136.58999633789062,138.27000427246094,3415700,130.9906463623047
ETN,ETN,2022-09-19,137.1199951171875,140.47999572753906,137.1199951171875,140.22000122070312,1372700,132.83798217773438
ETN,ETN,2022-09-20,138.8699951171875,139.97000122070312,137.6199951171875,139.17999267578125,1621600,131.85272216796875
ETN,ETN,2022-09-21,140.61000061035156,142.00999450683594,137.7899932861328,137.8300018310547,1112700,130.57382202148438
ETN,ETN,2022-09-22,136.92999267578125,137.75999450683594,134.52999877929688,135.1300048828125,1871600,128.01596069335938
ETN,ETN,2022-09-23,133.85000610351562,134.60000610351562,132.25999450683594,134.13999938964844,1726400,127.07807159423828
ETN,ETN,2022-09-26,133.88999938964844,135.4600067138672,132.38999938964844,133.52999877929688,1674200,126.50017547607422
ETN,ETN,2022-09-27,135.00999450683594,135.41000366210938,129.85000610351562,131.3000030517578,2236800,124.38760375976562
ETN,ETN,2022-09-28,132.38999938964844,134.58999633789062,131.33999633789062,133.91000366210938,2346100,126.86018371582031
ETN,ETN,2022-09-29,132.2899932861328,134.30999755859375,131.2100067138672,134.14999389648438,2711000,127.08753204345703
ETN,ETN,2022-09-30,134.1699981689453,136.27000427246094,132.52999877929688,133.36000061035156,2739800,126.33912658691406
ETN,ETN,2022-10-03,134.47999572753906,139.4199981689453,133.8800048828125,137.7899932861328,1903900,130.53590393066406
ETN,ETN,2022-10-04,140.7899932861328,143.61000061035156,140.64999389648438,143.47999572753906,1996300,135.92636108398438
ETN,ETN,2022-10-05,142.1199951171875,145.75999450683594,141.8800048828125,144.5,2255400,136.89268493652344
ETN,ETN,2022-10-06,143.99000549316406,144.44000244140625,141.52999877929688,142.4499969482422,2381100,134.95057678222656
ETN,ETN,2022-10-07,140.42999267578125,140.63999938964844,135.82000732421875,136.8300018310547,1884600,129.62646484375
ETN,ETN,2022-10-10,137.77999877929688,137.77999877929688,134.82000732421875,136.3800048828125,1860700,129.20016479492188
ETN,ETN,2022-10-11,135.05999755859375,138.16000366210938,134.27000427246094,136.4199981689453,1566200,129.23805236816406
ETN,ETN,2022-10-12,136.5399932861328,136.9600067138672,135.27999877929688,135.4499969482422,2073400,128.31910705566406
ETN,ETN,2022-10-13,132.75,139.5800018310547,132.00999450683594,138.10000610351562,2423400,130.82957458496094
ETN,ETN,2022-10-14,139.10000610351562,140.22999572753906,133.88999938964844,134.30999755859375,1863500,127.23915100097656
ETN,ETN,2022-10-17,136.33999633789062,139.0800018310547,136.33999633789062,138.22000122070312,1510100,130.94329833984375
ETN,ETN,2022-10-18,141.92999267578125,142.57000732421875,138.69000244140625,140.63999938964844,2003500,133.2358856201172
ETN,ETN,2022-10-19,139.8300018310547,140.97999572753906,138.25,139.0,1845100,131.68222045898438
ETN,ETN,2022-10-20,139.0399932861328,139.8000030517578,134.83999633789062,135.25999450683594,2079300,128.13912963867188
ETN,ETN,2022-10-21,135.69000244140625,139.55999755859375,134.80999755859375,139.3300018310547,2346200,131.99485778808594
ETN,ETN,2022-10-24,141.0,142.5399932861328,139.64999389648438,141.57000732421875,1358500,134.11692810058594
ETN,ETN,2022-10-25,140.82000732421875,146.13999938964844,140.82000732421875,146.0500030517578,2782400,138.36106872558594
ETN,ETN,2022-10-26,147.10000610351562,147.86000061035156,144.61000061035156,145.52000427246094,2057500,137.8589630126953
ETN,ETN,2022-10-27,146.74000549316406,147.88999938964844,146.22999572753906,146.69000244140625,2015100,138.96734619140625
ETN,ETN,2022-10-28,147.07000732421875,151.02999877929688,146.67999267578125,150.27999877929688,2885100,142.3683624267578
ETN,ETN,2022-10-31,149.0,151.6300048828125,148.7899932861328,150.07000732421875,2773200,142.16943359375
ETN,ETN,2022-11-01,151.9600067138672,152.9199981689453,146.75999450683594,151.63999938964844,3128500,143.6567840576172
ETN,ETN,2022-11-02,152.0,156.72999572753906,150.47000122070312,150.61000061035156,2908100,142.68099975585938
ETN,ETN,2022-11-03,149.0399932861328,157.1199951171875,148.97000122070312,154.58999633789062,3720700,146.45144653320312
ETN,ETN,2022-11-04,159.1300048828125,159.9600067138672,155.3800048828125,158.69000244140625,2915600,150.3356170654297
ETN,ETN,2022-11-07,158.58999633789062,159.8699951171875,157.10000610351562,158.39999389648438,2339700,150.0608673095703
ETN,ETN,2022-11-08,159.0,159.97999572753906,157.0800018310547,158.19000244140625,1604100,149.8619384765625
ETN,ETN,2022-11-09,156.32000732421875,158.6300048828125,155.8800048828125,156.3000030517578,1485500,148.83351135253906
ETN,ETN,2022-11-10,160.5800018310547,162.5500030517578,159.5,162.1300048828125,2386300,154.38507080078125
ETN,ETN,2022-11-11,162.69000244140625,163.52000427246094,160.85000610351562,161.60000610351562,2361300,153.88034057617188
ETN,ETN,2022-11-14,161.0,164.22999572753906,160.50999450683594,161.64999389648438,1938400,153.92794799804688
ETN,ETN,2022-11-15,163.57000732421875,163.64999389648438,160.9600067138672,162.38999938964844,1485400,154.6326141357422
ETN,ETN,2022-11-16,161.86000061035156,162.77999877929688,160.2899932861328,161.74000549316406,1498500,154.01368713378906
ETN,ETN,2022-11-17,160.1300048828125,162.88999938964844,159.08999633789062,162.6300048828125,1523300,154.8611297607422
ETN,ETN,2022-11-18,164.27000427246094,165.1199951171875,162.47999572753906,165.00999450683594,1870100,157.12744140625
ETN,ETN,2022-11-21,164.83999633789062,165.94000244140625,164.0500030517578,164.5500030517578,1227100,156.6894073486328
ETN,ETN,2022-11-22,165.25,166.8300018310547,164.72000122070312,166.47999572753906,1568900,158.5272216796875
ETN,ETN,2022-11-23,167.0,167.50999450683594,164.99000549316406,165.36000061035156,1401600,157.46070861816406
ETN,ETN,2022-11-25,166.41000366210938,167.22000122070312,165.77999877929688,166.11000061035156,628900,158.17491149902344
ETN,ETN,2022-11-28,164.69000244140625,165.75,161.8800048828125,162.5500030517578,1723100,154.78497314453125
ETN,ETN,2022-11-29,162.07000732421875,162.97999572753906,161.1199951171875,162.14999389648438,1073400,154.40408325195312
ETN,ETN,2022-11-30,161.7100067138672,163.7100067138672,159.05999755859375,163.4499969482422,2788400,155.64198303222656
ETN,ETN,2022-12-01,163.89999389648438,164.9199981689453,161.11000061035156,163.36000061035156,1486900,155.5562744140625
ETN,ETN,2022-12-02,161.05999755859375,163.57000732421875,159.07000732421875,163.30999755859375,1861700,155.50863647460938
ETN,ETN,2022-12-05,161.1999969482422,161.77999877929688,159.72999572753906,160.36000061035156,1313000,152.69956970214844
ETN,ETN,2022-12-06,159.60000610351562,160.14999389648438,156.3300018310547,157.80999755859375,1567700,150.27142333984375
ETN,ETN,2022-12-07,157.08999633789062,158.4199981689453,156.58999633789062,157.27000427246094,1798000,149.75717163085938
ETN,ETN,2022-12-08,157.88999938964844,158.86000061035156,157.27999877929688,158.75,1323200,151.16651916503906
ETN,ETN,2022-12-09,159.02999877929688,159.42999267578125,157.41000366210938,158.27999877929688,1069000,150.7189483642578
ETN,ETN,2022-12-12,158.39999389648438,161.0,157.8699951171875,160.8300018310547,1518000,153.1471405029297
ETN,ETN,2022-12-13,165.0,165.3300018310547,161.74000549316406,163.63999938964844,2038900,155.82289123535156
ETN,ETN,2022-12-14,163.6300048828125,164.5500030517578,160.72999572753906,161.36000061035156,1616100,153.65182495117188
ETN,ETN,2022-12-15,158.92999267578125,159.4199981689453,154.83999633789062,155.3800048828125,1892400,147.95748901367188
ETN,ETN,2022-12-16,153.47999572753906,155.0800018310547,151.58999633789062,154.5,3378400,147.11953735351562
ETN,ETN,2022-12-19,154.64999389648438,156.66000366210938,154.0500030517578,154.5,1466000,147.11953735351562
ETN,ETN,2022-12-20,154.55999755859375,156.3300018310547,153.77999877929688,155.91000366210938,1441200,148.462158203125
ETN,ETN,2022-12-21,157.27000427246094,158.44000244140625,156.6999969482422,158.1199951171875,1331100,150.5665740966797
ETN,ETN,2022-12-22,156.9600067138672,157.2100067138672,153.6300048828125,156.11000061035156,1124900,148.65260314941406
ETN,ETN,2022-12-23,155.66000366210938,157.00999450683594,155.22000122070312,156.8000030517578,908000,149.3096466064453
ETN,ETN,2022-12-27,157.39999389648438,158.27999877929688,156.42999267578125,157.33999633789062,1337600,149.8238525390625
ETN,ETN,2022-12-28,157.60000610351562,158.16000366210938,155.50999450683594,155.75,724700,148.30978393554688
ETN,ETN,2022-12-29,157.05999755859375,158.1699981689453,156.61000061035156,157.35000610351562,874800,149.8333740234375
ETN,ETN,2022-12-30,156.94000244140625,157.4499969482422,155.6199951171875,156.9499969482422,826800,149.45248413085938
ETN,ETN,2023-01-03,158.0800018310547,158.94000244140625,155.94000244140625,157.75,1185400,150.21424865722656
ETN,ETN,2023-01-04,159.3699951171875,159.5500030517578,156.75,158.82000732421875,1396400,151.23313903808594
ETN,ETN,2023-01-05,157.89999389648438,158.8000030517578,156.24000549316406,157.1999969482422,1494700,149.6905517578125
ETN,ETN,2023-01-06,159.0399932861328,162.22999572753906,157.75999450683594,161.10000610351562,1732500,153.4042510986328
ETN,ETN,2023-01-09,161.5,164.27000427246094,160.60000610351562,160.8800048828125,1235900,153.19471740722656
ETN,ETN,2023-01-10,160.97999572753906,162.07000732421875,160.02999877929688,160.41000366210938,1709300,152.74716186523438
ETN,ETN,2023-01-11,160.88999938964844,164.17999267578125,160.4600067138672,164.08999633789062,1557400,156.25140380859375
ETN,ETN,2023-01-12,165.63999938964844,166.5,164.3000030517578,164.7100067138672,1656100,156.841796875
ETN,ETN,2023-01-13,163.9499969482422,165.11000061035156,163.17999267578125,164.4499969482422,1589900,156.59420776367188
ETN,ETN,2023-01-17,164.3699951171875,164.82000732421875,162.07000732421875,162.41000366210938,1823300,154.6516571044922
ETN,ETN,2023-01-18,162.8800048828125,163.22000122070312,157.30999755859375,157.52999877929688,1737000,150.00477600097656
ETN,ETN,2023-01-19,156.3699951171875,156.9199981689453,151.5800018310547,151.86000061035156,3001900,144.60562133789062
ETN,ETN,2023-01-20,152.52999877929688,155.60000610351562,150.86000061035156,155.50999450683594,1947800,148.08128356933594
ETN,ETN,2023-01-23,155.82000732421875,159.32000732421875,154.9499969482422,158.9199981689453,1513800,151.32835388183594
ETN,ETN,2023-01-24,159.25999450683594,162.52000427246094,156.60000610351562,161.69000244140625,1589800,153.9660186767578
ETN,ETN,2023-01-25,160.1300048828125,160.1300048828125,156.0800018310547,159.13999938964844,1341100,151.53787231445312
ETN,ETN,2023-01-26,160.49000549316406,161.55999755859375,158.4499969482422,160.89999389648438,1363100,153.2137908935547
ETN,ETN,2023-01-27,160.5,163.36000061035156,160.1199951171875,162.24000549316406,1283700,154.48976135253906
ETN,ETN,2023-01-30,161.00999450683594,162.60000610351562,160.6300048828125,160.8699951171875,1157700,153.1852264404297
ETN,ETN,2023-01-31,161.80999755859375,162.47999572753906,159.0800018310547,162.2100067138672,2146900,154.46121215820312
ETN,ETN,2023-02-01,161.6999969482422,164.72999572753906,160.88999938964844,163.33999633789062,1757800,155.5372314453125
ETN,ETN,2023-02-02,164.32000732421875,164.75999450683594,161.05999755859375,161.9600067138672,2637900,154.2231903076172
ETN,ETN,2023-02-03,161.1999969482422,163.75999450683594,160.72000122070312,163.24000549316406,1753200,155.4420166015625
ETN,ETN,2023-02-06,161.41000366210938,163.00999450683594,161.10000610351562,162.35000610351562,1681800,154.5945281982422
ETN,ETN,2023-02-07,161.27999877929688,164.7899932861328,161.27999877929688,164.49000549316406,2222400,156.63230895996094
ETN,ETN,2023-02-08,162.6300048828125,170.3699951171875,162.08999633789062,168.8800048828125,3937600,160.8125457763672
ETN,ETN,2023-02-09,169.38999938964844,170.8000030517578,166.97999572753906,167.27000427246094,3273600,159.27951049804688
ETN,ETN,2023-02-10,167.80999755859375,171.1699981689453,166.91000366210938,170.91000366210938,2256100,162.74559020996094
ETN,ETN,2023-02-13,171.5399932861328,175.61000061035156,171.4199981689453,174.32000732421875,2501600,165.99273681640625
ETN,ETN,2023-02-14,173.33999633789062,175.0399932861328,171.25999450683594,172.97000122070312,1244800,164.70721435546875
ETN,ETN,2023-02-15,172.44000244140625,173.83999633789062,171.66000366210938,173.75,1037600,165.449951171875
ETN,ETN,2023-02-16,172.24000549316406,174.8000030517578,171.22999572753906,174.11000061035156,1497500,165.79278564453125
ETN,ETN,2023-02-17,174.0,176.19000244140625,172.92999267578125,175.24000549316406,1682700,166.8687744140625
ETN,ETN,2023-02-21,173.72000122070312,174.6199951171875,169.9499969482422,170.75999450683594,1484000,162.60275268554688
ETN,ETN,2023-02-22,171.22999572753906,173.14999389648438,170.4199981689453,171.30999755859375,1555400,163.12649536132812
ETN,ETN,2023-02-23,172.58999633789062,173.1699981689453,170.0,172.77999877929688,1286500,164.52626037597656
ETN,ETN,2023-02-24,170.41000366210938,173.2899932861328,170.0,173.25,1708100,164.97384643554688
ETN,ETN,2023-02-27,174.5500030517578,175.25,173.4199981689453,174.3800048828125,1927900,166.0498504638672
ETN,ETN,2023-02-28,173.99000549316406,175.41000366210938,173.47999572753906,174.92999267578125,2288500,166.57359313964844
ETN,ETN,2023-03-01,174.50999450683594,175.85000610351562,173.41000366210938,173.8300018310547,1676600,165.52609252929688
ETN,ETN,2023-03-02,172.82000732421875,175.4499969482422,171.9199981689453,175.14999389648438,1442200,166.78306579589844
ETN,ETN,2023-03-03,175.49000549316406,177.66000366210938,173.94000244140625,177.5500030517578,1546500,169.9026641845703
ETN,ETN,2023-03-06,177.72000122070312,178.75,176.83999633789062,177.14999389648438,1386100,169.51986694335938
ETN,ETN,2023-03-07,177.07000732421875,177.14999389648438,174.86000061035156,175.5,1605700,167.94091796875
ETN,ETN,2023-03-08,175.74000549316406,177.4499969482422,175.1199951171875,177.2100067138672,1975500,169.5772705078125
ETN,ETN,2023-03-09,178.25999450683594,178.25999450683594,173.85000610351562,174.3699951171875,2014000,166.859619140625
ETN,ETN,2023-03-10,174.64999389648438,174.67999267578125,169.8699951171875,170.3000030517578,2754200,162.9649200439453
ETN,ETN,2023-03-13,167.88999938964844,171.52999877929688,166.63999938964844,169.1699981689453,2337900,161.8835906982422
ETN,ETN,2023-03-14,172.1999969482422,173.38999938964844,169.3300018310547,171.8300018310547,2462300,164.42901611328125
ETN,ETN,2023-03-15,168.14999389648438,168.25,157.89999389648438,159.27000427246094,4526100,152.41000366210938
ETN,ETN,2023-03-16,159.47000122070312,165.07000732421875,157.91000366210938,164.3800048828125,3451800,157.29991149902344
ETN,ETN,2023-03-17,163.55999755859375,163.92999267578125,158.9600067138672,160.14999389648438,6000400,153.25205993652344
ETN,ETN,2023-03-20,162.7899932861328,164.6699981689453,161.6199951171875,163.55999755859375,2009000,156.5152130126953
ETN,ETN,2023-03-21,166.08999633789062,167.44000244140625,165.58999633789062,166.94000244140625,1517500,159.74961853027344
ETN,ETN,2023-03-22,167.0,170.5500030517578,166.1300048828125,166.16000366210938,2213200,159.0032501220703
ETN,ETN,2023-03-23,166.1199951171875,168.33999633789062,163.13999938964844,164.5399932861328,2143400,157.4530029296875
ETN,ETN,2023-03-24,163.4499969482422,164.0399932861328,160.22999572753906,163.63999938964844,2194900,156.59176635742188
ETN,ETN,2023-03-27,165.0800018310547,165.16000366210938,163.1300048828125,163.8800048828125,1890900,156.8214569091797
ETN,ETN,2023-03-28,163.9600067138672,165.66000366210938,163.88999938964844,165.58999633789062,1637400,158.45779418945312
ETN,ETN,2023-03-29,167.13999938964844,167.82000732421875,165.74000549316406,167.6300048828125,1789600,160.40992736816406
ETN,ETN,2023-03-30,169.2100067138672,170.7899932861328,168.32000732421875,169.08999633789062,1699800,161.80703735351562
ETN,ETN,2023-03-31,170.24000549316406,171.75999450683594,169.27000427246094,171.33999633789062,2931500,163.96011352539062
ETN,ETN,2023-04-03,170.52000427246094,172.19000244140625,169.7899932861328,170.5399932861328,1352800,163.194580078125
ETN,ETN,2023-04-04,170.63999938964844,170.63999938964844,161.5500030517578,162.25,3301300,155.2616424560547
ETN,ETN,2023-04-05,160.52999877929688,161.33999633789062,156.83999633789062,158.47000122070312,3049100,151.6444549560547
ETN,ETN,2023-04-06,157.8000030517578,158.89999389648438,155.7100067138672,156.25,2653200,149.52005004882812
ETN,ETN,2023-04-10,155.60000610351562,157.8699951171875,155.3800048828125,157.44000244140625,2701400,150.6588134765625
ETN,ETN,2023-04-11,157.97999572753906,159.30999755859375,157.3000030517578,158.8000030517578,2167300,151.96023559570312
ETN,ETN,2023-04-12,160.97000122070312,163.67999267578125,160.49000549316406,162.22000122070312,2271400,155.23294067382812
ETN,ETN,2023-04-13,161.25,161.52999877929688,156.8000030517578,160.69000244140625,2676400,153.7688446044922
ETN,ETN,2023-04-14,161.58999633789062,163.83999633789062,160.5800018310547,161.82000732421875,1178400,154.8501434326172
ETN,ETN,2023-04-17,162.61000061035156,163.89999389648438,162.05999755859375,163.05999755859375,1439200,156.0367431640625
ETN,ETN,2023-04-18,163.9499969482422,165.6300048828125,163.39999389648438,163.69000244140625,1620100,156.6396484375
ETN,ETN,2023-04-19,163.82000732421875,164.77999877929688,161.27000427246094,163.39999389648438,1525600,156.36209106445312
ETN,ETN,2023-04-20,162.14999389648438,163.88999938964844,161.9600067138672,162.9600067138672,1119500,155.9410858154297
ETN,ETN,2023-04-21,163.41000366210938,163.7899932861328,161.17999267578125,162.8800048828125,1046300,155.864501953125
ETN,ETN,2023-04-24,162.75999450683594,163.94000244140625,162.75999450683594,163.7899932861328,1047500,156.73532104492188
ETN,ETN,2023-04-25,164.83999633789062,168.1699981689453,163.6300048828125,163.77999877929688,2216000,156.72573852539062
ETN,ETN,2023-04-26,162.14999389648438,163.72000122070312,161.1199951171875,161.9199981689453,1504900,154.94586181640625
ETN,ETN,2023-04-27,163.10000610351562,168.02999877929688,162.0399932861328,167.97000122070312,2086600,160.73524475097656
ETN,ETN,2023-04-28,167.3300018310547,168.4199981689453,166.27000427246094,167.1199951171875,2140200,159.92189025878906
ETN,ETN,2023-05-01,167.2100067138672,170.4199981689453,166.52999877929688,168.77999877929688,1794100,161.5103759765625
ETN,ETN,2023-05-02,168.88999938964844,174.02999877929688,166.39999389648438,173.25,3755400,165.78787231445312
ETN,ETN,2023-05-03,174.9499969482422,176.89999389648438,172.00999450683594,172.3800048828125,2200800,164.95533752441406
ETN,ETN,2023-05-04,171.36000061035156,171.38999938964844,167.35000610351562,168.44000244140625,2115300,161.1850128173828
ETN,ETN,2023-05-05,169.5500030517578,171.66000366210938,169.1999969482422,171.0500030517578,1914900,164.5225830078125
ETN,ETN,2023-05-08,171.67999267578125,171.9499969482422,168.55999755859375,169.8800048828125,1657400,163.3972625732422
ETN,ETN,2023-05-09,169.30999755859375,171.0,168.27999877929688,170.5500030517578,1100200,164.0416717529297
ETN,ETN,2023-05-10,171.61000061035156,172.2100067138672,167.25,169.11000061035156,1435400,162.6566162109375
ETN,ETN,2023-05-11,167.9600067138672,168.69000244140625,166.9499969482422,168.52000427246094,1145900,162.0891571044922
ETN,ETN,2023-05-12,169.77999877929688,170.2899932861328,166.7100067138672,168.5800018310547,892100,162.14688110351562
ETN,ETN,2023-05-15,169.0399932861328,171.00999450683594,168.42999267578125,169.9199981689453,1317000,163.4357452392578
ETN,ETN,2023-05-16,168.6699981689453,168.69000244140625,165.24000549316406,166.41000366210938,2031300,160.0596923828125
ETN,ETN,2023-05-17,167.2899932861328,171.4600067138672,167.19000244140625,171.0,2022500,164.4745330810547
ETN,ETN,2023-05-18,170.6199951171875,174.9499969482422,170.39999389648438,174.61000061035156,2729900,167.94674682617188
ETN,ETN,2023-05-19,175.57000732421875,177.49000549316406,172.0800018310547,174.14999389648438,1762100,167.5043182373047
ETN,ETN,2023-05-22,174.2100067138672,176.1300048828125,172.13999938964844,174.17999267578125,1459200,167.5331573486328
ETN,ETN,2023-05-23,172.7899932861328,174.27999877929688,170.97999572753906,171.36000061035156,1949000,164.82077026367188
ETN,ETN,2023-05-24,170.27999877929688,170.3000030517578,167.3300018310547,168.1699981689453,1952700,161.7525177001953
ETN,ETN,2023-05-25,174.50999450683594,177.3000030517578,172.6699981689453,176.9499969482422,3880800,170.1974334716797
ETN,ETN,2023-05-26,177.97999572753906,183.75,177.5800018310547,182.4600067138672,4137100,175.4971923828125
ETN,ETN,2023-05-30,183.50999450683594,184.97000122070312,180.41000366210938,181.80999755859375,2266900,174.87200927734375
ETN,ETN,2023-05-31,181.08999633789062,181.69000244140625,175.50999450683594,175.89999389648438,3138800,169.18751525878906
ETN,ETN,2023-06-01,176.50999450683594,180.02000427246094,175.2899932861328,179.0399932861328,2083700,172.2077178955078
ETN,ETN,2023-06-02,181.41000366210938,187.3800048828125,181.3000030517578,186.47999572753906,2763100,179.36380004882812
ETN,ETN,2023-06-05,186.3800048828125,186.3800048828125,183.1999969482422,183.58999633789062,1769400,176.5840606689453
ETN,ETN,2023-06-06,182.82000732421875,185.27000427246094,182.36000061035156,183.4199981689453,1176800,176.4205322265625
ETN,ETN,2023-06-07,183.47999572753906,188.72000122070312,182.1999969482422,188.60000610351562,2623000,181.4029083251953
ETN,ETN,2023-06-08,187.44000244140625,188.77999877929688,184.6999969482422,187.82000732421875,3045900,180.6526641845703
ETN,ETN,2023-06-09,187.89999389648438,188.22999572753906,185.0,187.3000030517578,1559300,180.15252685546875
ETN,ETN,2023-06-12,187.30999755859375,190.10000610351562,185.5500030517578,189.5500030517578,1434900,182.31663513183594
ETN,ETN,2023-06-13,189.2899932861328,193.89999389648438,188.35000610351562,193.86000061035156,1938500,186.46214294433594
ETN,ETN,2023-06-14,193.55999755859375,194.8800048828125,191.92999267578125,193.07000732421875,1836700,185.7023162841797
ETN,ETN,2023-06-15,192.69000244140625,197.49000549316406,192.1300048828125,196.88999938964844,2287400,189.37655639648438
ETN,ETN,2023-06-16,192.7899932861328,196.8800048828125,190.27999877929688,191.25999450683594,6249200,183.96136474609375
ETN,ETN,2023-06-20,189.58999633789062,194.57000732421875,189.25999450683594,194.22999572753906,2234900,186.81802368164062
ETN,ETN,2023-06-21,193.4499969482422,195.72000122070312,192.85000610351562,194.83999633789062,2497300,187.40475463867188
ETN,ETN,2023-06-22,194.9199981689453,196.47000122070312,193.14999389648438,195.60000610351562,2189800,188.1357879638672
ETN,ETN,2023-06-23,193.77999877929688,195.47999572753906,192.97000122070312,194.4600067138672,2299400,187.0392608642578
ETN,ETN,2023-06-26,194.47000122070312,197.92999267578125,194.25999450683594,196.0800018310547,1205900,188.59744262695312
ETN,ETN,2023-06-27,196.10000610351562,198.38999938964844,195.7100067138672,197.64999389648438,1560700,190.10755920410156
ETN,ETN,2023-06-28,197.9600067138672,197.9600067138672,194.14999389648438,194.75,2791100,187.31820678710938
ETN,ETN,2023-06-29,196.05999755859375,199.72000122070312,194.86000061035156,198.85000610351562,2471900,191.26177978515625
ETN,ETN,2023-06-30,199.80999755859375,202.36000061035156,199.17999267578125,201.10000610351562,1745600,193.42588806152344
ETN,ETN,2023-07-03,199.75,201.2100067138672,198.5,200.6300048828125,740900,192.9738311767578
ETN,ETN,2023-07-05,199.08999633789062,200.47999572753906,198.25999450683594,198.89999389648438,1585900,191.30979919433594
ETN,ETN,2023-07-06,197.5500030517578,198.75,196.35000610351562,197.75,1862900,190.20372009277344
ETN,ETN,2023-07-07,197.25,200.86000061035156,196.75999450683594,198.4600067138672,1586700,190.8866424560547
ETN,ETN,2023-07-10,199.19000244140625,203.14999389648438,198.94000244140625,203.05999755859375,1629100,195.3110809326172
ETN,ETN,2023-07-11,201.6699981689453,203.64999389648438,201.27000427246094,202.97000122070312,1769100,195.22454833984375
ETN,ETN,2023-07-12,205.0,205.02000427246094,201.66000366210938,201.9199981689453,1636500,194.21458435058594
ETN,ETN,2023-07-13,202.50999450683594,205.14999389648438,201.17999267578125,204.36000061035156,1498400,196.56146240234375
ETN,ETN,2023-07-14,203.9600067138672,204.33999633789062,202.10000610351562,203.4600067138672,1087000,195.69581604003906
ETN,ETN,2023-07-17,203.35000610351562,206.58999633789062,202.22000122070312,205.9600067138672,1385500,198.1004180908203
ETN,ETN,2023-07-18,206.2100067138672,210.72999572753906,205.97000122070312,210.33999633789062,2500100,202.31326293945312
ETN,ETN,2023-07-19,208.4199981689453,211.1999969482422,208.27999877929688,209.80999755859375,2516200,201.80352783203125
ETN,ETN,2023-07-20,210.8699951171875,211.8300018310547,209.86000061035156,210.91000366210938,1974400,202.8615264892578
ETN,ETN,2023-07-21,210.83999633789062,211.52000427246094,206.75999450683594,207.69000244140625,2583200,199.764404296875
ETN,ETN,2023-07-24,208.3300018310547,209.67999267578125,207.0,207.36000061035156,1651300,199.44699096679688
ETN,ETN,2023-07-25,205.5800018310547,207.42999267578125,205.0800018310547,206.2899932861328,2275600,198.41783142089844
ETN,ETN,2023-07-26,204.83999633789062,205.97999572753906,200.86000061035156,203.0399932861328,2676100,195.29183959960938
ETN,ETN,2023-07-27,204.60000610351562,204.60000610351562,201.47999572753906,202.10000610351562,3367200,194.3877410888672
ETN,ETN,2023-07-28,203.91000366210938,204.57000732421875,202.25,203.3000030517578,2031400,195.5419464111328
ETN,ETN,2023-07-31,204.69000244140625,205.52999877929688,203.25,205.32000732421875,2346400,197.48486328125
ETN,ETN,2023-08-01,211.38999938964844,219.89999389648438,211.0,219.0,5024400,210.642822265625
ETN,ETN,2023-08-02,218.0800018310547,225.75999450683594,216.38999938964844,218.8699951171875,3603800,210.51776123046875
ETN,ETN,2023-08-03,217.74000549316406,219.44000244140625,215.63999938964844,217.10000610351562,2133200,208.81533813476562
ETN,ETN,2023-08-04,217.92999267578125,219.27999877929688,215.6999969482422,215.89999389648438,2043800,208.48696899414062
ETN,ETN,2023-08-07,217.32000732421875,221.72999572753906,217.0,221.08999633789062,1478500,213.49876403808594
ETN,ETN,2023-08-08,219.99000549316406,220.55999755859375,217.94000244140625,220.1999969482422,1593000,212.6393585205078
ETN,ETN,2023-08-09,219.91000366210938,220.55999755859375,216.9199981689453,217.8300018310547,1709300,210.35072326660156
ETN,ETN,2023-08-10,217.6199951171875,220.0399932861328,215.89999389648438,216.92999267578125,1314000,209.4816131591797
ETN,ETN,2023-08-11,217.69000244140625,219.72000122070312,217.0500030517578,218.36000061035156,1034200,210.862548828125
ETN,ETN,2023-08-14,217.27999877929688,220.13999938964844,217.27000427246094,219.0399932861328,1274300,211.51919555664062
ETN,ETN,2023-08-15,217.8000030517578,218.63999938964844,216.7899932861328,217.94000244140625,965600,210.45693969726562
ETN,ETN,2023-08-16,218.0,219.89999389648438,216.0,216.08999633789062,1245500,208.6704559326172
ETN,ETN,2023-08-17,216.86000061035156,218.47000122070312,213.86000061035156,214.3800048828125,1092100,207.0191650390625
ETN,ETN,2023-08-18,212.74000549316406,216.27000427246094,212.10000610351562,214.64999389648438,1728600,207.2799072265625
ETN,ETN,2023-08-21,215.47999572753906,216.22999572753906,213.05999755859375,215.74000549316406,1342900,208.33248901367188
ETN,ETN,2023-08-22,217.11000061035156,217.83999633789062,215.33999633789062,217.2899932861328,1492900,209.8292999267578
ETN,ETN,2023-08-23,217.77000427246094,222.7899932861328,217.77000427246094,221.3000030517578,1757700,213.70156860351562
ETN,ETN,2023-08-24,221.8000030517578,224.17999267578125,220.7100067138672,220.91000366210938,2822600,213.324951171875
ETN,ETN,2023-08-25,222.0,225.5,219.63999938964844,224.25,2433500,216.55027770996094
ETN,ETN,2023-08-28,224.22000122070312,227.6999969482422,224.16000366210938,226.24000549316406,1611300,218.47193908691406
ETN,ETN,2023-08-29,225.08999633789062,228.83999633789062,225.08999633789062,228.0800018310547,1392100,220.24879455566406
ETN,ETN,2023-08-30,229.0399932861328,230.22999572753906,227.9600067138672,230.0800018310547,1235500,222.18011474609375
ETN,ETN,2023-08-31,230.0,232.24000549316406,229.38999938964844,230.3699951171875,2040900,222.4601287841797
ETN,ETN,2023-09-01,231.44000244140625,233.97999572753906,231.17999267578125,233.6699981689453,1423100,225.64682006835938
ETN,ETN,2023-09-05,233.0,233.57000732421875,228.52999877929688,229.57000732421875,1614500,221.68765258789062
ETN,ETN,2023-09-06,229.57000732421875,232.5399932861328,229.13999938964844,231.61000061035156,1699300,223.65757751464844
ETN,ETN,2023-09-07,230.8000030517578,235.1999969482422,230.1199951171875,234.80999755859375,1751100,226.74769592285156
ETN,ETN,2023-09-08,234.44000244140625,236.19000244140625,233.8699951171875,236.1300048828125,1414700,228.02239990234375
ETN,ETN,2023-09-11,236.41000366210938,238.13999938964844,235.0,238.0399932861328,1539500,229.86680603027344
ETN,ETN,2023-09-12,236.9199981689453,240.44000244140625,225.63999938964844,227.89999389648438,5506800,220.07496643066406
ETN,ETN,2023-09-13,224.8000030517578,226.39999389648438,219.8699951171875,221.41000366210938,5816500,213.80780029296875
ETN,ETN,2023-09-14,223.39999389648438,224.44000244140625,221.1199951171875,222.14999389648438,2267700,214.5223846435547
ETN,ETN,2023-09-15,219.69000244140625,219.69000244140625,214.80999755859375,217.63999938964844,5063500,210.16725158691406
ETN,ETN,2023-09-18,217.27000427246094,221.6300048828125,216.41000366210938,219.14999389648438,2258400,211.6254119873047
ETN,ETN,2023-09-19,218.25,218.97000122070312,212.30999755859375,216.16000366210938,2551300,208.7380828857422
ETN,ETN,2023-09-20,217.44000244140625,220.22000122070312,214.33999633789062,214.64999389648438,1229400,207.2799072265625
ETN,ETN,2023-09-21,214.0,214.0,210.1300048828125,210.64999389648438,1937100,203.41725158691406
ETN,ETN,2023-09-22,209.77000427246094,214.17999267578125,209.02000427246094,212.66000366210938,2068300,205.35821533203125
ETN,ETN,2023-09-25,212.6699981689453,216.92999267578125,211.72999572753906,215.89999389648438,2133200,208.48696899414062
ETN,ETN,2023-09-26,214.47999572753906,215.4600067138672,210.61000061035156,211.07000732421875,1708300,203.82281494140625
ETN,ETN,2023-09-27,212.89999389648438,215.27000427246094,212.14999389648438,214.36000061035156,2033300,206.9998779296875
ETN,ETN,2023-09-28,213.6300048828125,217.33999633789062,213.07000732421875,215.52999877929688,1515700,208.1296844482422
ETN,ETN,2023-09-29,216.88999938964844,217.0,212.72999572753906,213.27999877929688,1317400,205.95693969726562
ETN,ETN,2023-10-02,213.44000244140625,214.61000061035156,207.94000244140625,210.24000549316406,1989400,203.0213165283203
ETN,ETN,2023-10-03,210.6999969482422,213.49000549316406,207.22999572753906,209.0500030517578,1676900,201.8721923828125
ETN,ETN,2023-10-04,208.85000610351562,210.35000610351562,206.5500030517578,209.33999633789062,1649700,202.15219116210938
ETN,ETN,2023-10-05,208.72000122070312,209.1300048828125,202.91000366210938,203.17999267578125,2983300,196.2037353515625
ETN,ETN,2023-10-06,204.0,211.6300048828125,202.83999633789062,210.19000244140625,2546800,202.97305297851562
ETN,ETN,2023-10-09,210.27999877929688,213.47000122070312,208.32000732421875,213.27999877929688,1721300,205.95693969726562
ETN,ETN,2023-10-10,213.41000366210938,216.22000122070312,212.3300018310547,213.24000549316406,1743600,205.9183349609375
ETN,ETN,2023-10-11,214.25,215.99000549316406,213.3699951171875,215.8699951171875,1132000,208.45802307128906
ETN,ETN,2023-10-12,216.4499969482422,220.4600067138672,215.35000610351562,217.4499969482422,2489500,209.9837646484375
ETN,ETN,2023-10-13,215.42999267578125,217.44000244140625,207.14999389648438,208.60000610351562,2656100,201.43763732910156
ETN,ETN,2023-10-16,211.0800018310547,214.60000610351562,208.91000366210938,211.6300048828125,1486700,204.36358642578125
ETN,ETN,2023-10-17,210.63999938964844,213.44000244140625,208.80999755859375,211.77000427246094,1149500,204.49879455566406
ETN,ETN,2023-10-18,206.91000366210938,206.91000366210938,201.1199951171875,202.41000366210938,2520000,195.46017456054688
ETN,ETN,2023-10-19,202.10000610351562,204.74000549316406,199.00999450683594,199.91000366210938,2001300,193.0460205078125
ETN,ETN,2023-10-20,199.3699951171875,199.99000549316406,191.82000732421875,193.99000549316406,4930400,187.32928466796875
ETN,ETN,2023-10-23,194.27000427246094,197.8000030517578,193.25999450683594,195.47000122070312,2759400,188.7584686279297
ETN,ETN,2023-10-24,197.47999572753906,199.85000610351562,195.6699981689453,199.63999938964844,2360100,192.78526306152344
ETN,ETN,2023-10-25,201.89999389648438,203.08999633789062,195.07000732421875,195.22999572753906,1810900,188.52670288085938
ETN,ETN,2023-10-26,196.14999389648438,200.14999389648438,195.3000030517578,196.5500030517578,1699900,189.80136108398438
ETN,ETN,2023-10-27,196.44000244140625,198.42999267578125,193.77000427246094,195.30999755859375,1780900,188.6039276123047
ETN,ETN,2023-10-30,197.64999389648438,199.10000610351562,196.1199951171875,197.77999877929688,2518800,190.98915100097656
ETN,ETN,2023-10-31,199.60000610351562,208.8800048828125,198.67999267578125,207.91000366210938,4811000,200.77133178710938
ETN,ETN,2023-11-01,209.3300018310547,215.72000122070312,208.85000610351562,214.8300018310547,3716200,207.4537353515625
ETN,ETN,2023-11-02,216.60000610351562,219.64999389648438,214.13999938964844,216.16000366210938,2628600,208.7380828857422
ETN,ETN,2023-11-03,218.7100067138672,219.5399932861328,214.72000122070312,214.7899932861328,1852900,208.2435760498047
ETN,ETN,2023-11-06,214.52000427246094,216.60000610351562,211.99000549316406,216.42999267578125,1584200,209.83363342285156
ETN,ETN,2023-11-07,214.80999755859375,218.22000122070312,214.02999877929688,215.83999633789062,1503600,209.26158142089844
ETN,ETN,2023-11-08,216.85000610351562,218.49000549316406,215.63999938964844,217.60000610351562,1508800,210.9679718017578
ETN,ETN,2023-11-09,219.5,223.27000427246094,217.61000061035156,218.3800048828125,2428900,211.72418212890625
ETN,ETN,2023-11-10,220.08999633789062,222.25999450683594,217.91000366210938,221.82000732421875,1632300,215.059326171875
ETN,ETN,2023-11-13,221.57000732421875,223.02999877929688,220.24000549316406,222.57000732421875,1421800,215.78648376464844
ETN,ETN,2023-11-14,225.11000061035156,229.00999450683594,223.8699951171875,228.10000610351562,1801200,221.14793395996094
ETN,ETN,2023-11-15,228.0,228.97999572753906,225.22999572753906,225.64999389648438,2678000,218.7726287841797
ETN,ETN,2023-11-16,226.5,228.25999450683594,225.88999938964844,226.8000030517578,1633000,219.8875732421875
ETN,ETN,2023-11-17,226.72000122070312,228.44000244140625,226.3800048828125,227.8000030517578,2036200,220.85707092285156
ETN,ETN,2023-11-20,226.92999267578125,227.55999755859375,225.25999450683594,226.9199981689453,2142300,220.00390625
ETN,ETN,2023-11-21,226.6300048828125,227.7100067138672,225.5800018310547,227.00999450683594,1568500,220.09115600585938
ETN,ETN,2023-11-22,227.8800048828125,231.42999267578125,227.6300048828125,228.91000366210938,1470600,221.93324279785156
ETN,ETN,2023-11-24,229.74000549316406,230.35000610351562,228.13999938964844,228.72000122070312,526200,221.74903869628906
ETN,ETN,2023-11-27,228.27999877929688,229.88999938964844,227.6999969482422,228.77999877929688,975200,221.80718994140625
ETN,ETN,2023-11-28,228.55999755859375,229.3300018310547,224.52000427246094,224.58999633789062,1886200,217.7449188232422
ETN,ETN,2023-11-29,227.4600067138672,228.5800018310547,225.3300018310547,225.8000030517578,1432200,218.9180450439453
ETN,ETN,2023-11-30,226.94000244140625,228.47000122070312,225.9199981689453,227.69000244140625,2210100,220.7504425048828
ETN,ETN,2023-12-01,227.8300018310547,232.00999450683594,227.60000610351562,230.4600067138672,1605600,223.43600463867188
ETN,ETN,2023-12-04,228.6199951171875,229.32000732421875,226.19000244140625,228.1999969482422,1592400,221.244873046875
ETN,ETN,2023-12-05,227.4199981689453,227.8800048828125,224.61000061035156,225.60000610351562,1392600,218.72413635253906
ETN,ETN,2023-12-06,228.0399932861328,232.58999633789062,226.6300048828125,226.9199981689453,1305400,220.00390625
ETN,ETN,2023-12-07,227.74000549316406,229.33999633789062,226.8000030517578,227.92999267578125,1397900,220.98312377929688
ETN,ETN,2023-12-08,228.17999267578125,233.4499969482422,227.92999267578125,232.30999755859375,1909600,225.22962951660156
ETN,ETN,2023-12-11,233.72999572753906,236.67999267578125,232.6999969482422,234.67999267578125,1575200,227.52737426757812
ETN,ETN,2023-12-12,235.02999877929688,237.6199951171875,234.80999755859375,237.0500030517578,1258900,229.8251495361328
ETN,ETN,2023-12-13,237.4600067138672,238.0800018310547,234.36000061035156,236.7899932861328,1210300,229.57308959960938
ETN,ETN,2023-12-14,238.83999633789062,239.88999938964844,235.8699951171875,237.6999969482422,2209000,230.45538330078125
ETN,ETN,2023-12-15,234.25,238.47999572753906,233.91000366210938,237.41000366210938,4369800,230.1741943359375
ETN,ETN,2023-12-18,237.7100067138672,238.6999969482422,236.3699951171875,237.1300048828125,1523900,229.90272521972656
ETN,ETN,2023-12-19,237.69000244140625,239.05999755859375,236.64999389648438,238.14999389648438,1012900,230.89163208007812
ETN,ETN,2023-12-20,237.97999572753906,238.58999633789062,233.74000549316406,233.9499969482422,1435100,226.81964111328125
ETN,ETN,2023-12-21,235.72000122070312,237.4499969482422,234.17999267578125,237.2899932861328,1054500,230.057861328125
ETN,ETN,2023-12-22,237.89999389648438,239.25999450683594,237.3000030517578,238.63999938964844,743100,231.36671447753906
ETN,ETN,2023-12-26,238.72999572753906,240.72000122070312,238.72999572753906,240.2100067138672,683900,232.88885498046875
ETN,ETN,2023-12-27,240.02999877929688,241.36000061035156,239.82000732421875,240.82000732421875,938400,233.48028564453125
ETN,ETN,2023-12-28,239.5,241.83999633789062,238.38999938964844,240.75,773300,233.41238403320312
ETN,ETN,2023-12-29,241.2899932861328,241.97000122070312,239.91000366210938,240.82000732421875,949000,233.48028564453125
ETN,ETN,2024-01-02,238.88999938964844,240.27000427246094,236.85000610351562,238.89999389648438,1309000,231.61875915527344
ETN,ETN,2024-01-03,237.39999389648438,237.44000244140625,231.83999633789062,233.10000610351562,1843200,225.99557495117188
ETN,ETN,2024-01-04,233.75999450683594,236.9499969482422,233.75999450683594,234.47999572753906,1303600,227.33348083496094
ETN,ETN,2024-01-05,234.5800018310547,235.55999755859375,233.72999572753906,234.86000061035156,985800,227.70191955566406
ETN,ETN,2024-01-08,236.1300048828125,239.1699981689453,234.1999969482422,238.97999572753906,1278600,231.6963348388672
ETN,ETN,2024-01-09,237.4499969482422,239.75999450683594,235.6699981689453,239.47999572753906,974300,232.1810760498047
ETN,ETN,2024-01-10,241.0,242.41000366210938,239.80999755859375,240.88999938964844,1233000,233.54812622070312
ETN,ETN,2024-01-11,241.39999389648438,243.64999389648438,239.22000122070312,243.4199981689453,1366600,236.00103759765625
ETN,ETN,2024-01-12,244.27000427246094,244.27000427246094,240.77000427246094,242.11000061035156,1011700,234.73094177246094
ETN,ETN,2024-01-16,241.17999267578125,243.25,239.1999969482422,241.74000549316406,1538300,234.37222290039062
ETN,ETN,2024-01-17,236.89999389648438,238.97999572753906,236.0399932861328,237.25999450683594,2041800,230.02874755859375
ETN,ETN,2024-01-18,237.3000030517578,240.67999267578125,236.1999969482422,240.1199951171875,1295300,232.8015899658203
ETN,ETN,2024-01-19,241.77000427246094,244.6199951171875,240.0500030517578,244.60000610351562,1500400,237.14505004882812
ETN,ETN,2024-01-22,245.75999450683594,246.9499969482422,243.66000366210938,243.89999389648438,1727400,236.4663848876953
ETN,ETN,2024-01-23,244.0,244.0,239.1699981689453,243.25,1959300,235.836181640625
ETN,ETN,2024-01-24,244.92999267578125,244.99000549316406,241.4499969482422,241.57000732421875,1541900,234.20741271972656
ETN,ETN,2024-01-25,243.72999572753906,246.2899932861328,241.8699951171875,245.82000732421875,1678400,238.32786560058594
ETN,ETN,2024-01-26,246.0,247.5500030517578,245.00999450683594,245.88999938964844,1138600,238.39573669433594
ETN,ETN,2024-01-29,244.41000366210938,248.80999755859375,244.35000610351562,248.72000122070312,1464800,241.1394500732422
ETN,ETN,2024-01-30,248.80999755859375,251.13999938964844,248.05999755859375,250.27000427246094,1828000,242.6422119140625
ETN,ETN,2024-01-31,248.75999450683594,250.63999938964844,245.66000366210938,246.0800018310547,2300900,238.57994079589844
ETN,ETN,2024-02-01,255.6300048828125,264.75,255.4600067138672,264.57000732421875,3663800,256.5063781738281
ETN,ETN,2024-02-02,266.1300048828125,271.7799987792969,265.260009765625,270.1000061035156,3172800,261.86785888671875
ETN,ETN,2024-02-05,269.3599853515625,270.70001220703125,266.55999755859375,269.4200134277344,1990000,261.2086181640625
ETN,ETN,2024-02-06,270.29998779296875,272.32000732421875,267.9599914550781,271.1199951171875,1919200,262.85675048828125
ETN,ETN,2024-02-07,272.8800048828125,274.010009765625,271.1499938964844,272.8500061035156,1377600,264.5340576171875
ETN,ETN,2024-02-08,273.0,274.70001220703125,272.3900146484375,273.2099914550781,1581000,264.883056640625
ETN,ETN,2024-02-09,273.5400085449219,278.5799865722656,273.0,277.9599914550781,1557600,269.48828125
ETN,ETN,2024-02-12,276.92999267578125,277.510009765625,272.510009765625,274.04998779296875,1331700,265.6974792480469
ETN,ETN,2024-02-13,268.4100036621094,273.05999755859375,266.0,272.3800048828125,2512400,264.0783996582031
ETN,ETN,2024-02-14,274.2699890136719,277.1499938964844,272.6099853515625,275.6199951171875,1430900,267.2196350097656
ETN,ETN,2024-02-15,275.6199951171875,277.0400085449219,272.7799987792969,275.7900085449219,1398000,267.3843994140625
ETN,ETN,2024-02-16,276.07000732421875,278.94000244140625,273.79998779296875,277.5199890136719,1650900,269.0617370605469
ETN,ETN,2024-02-20,276.2300109863281,277.8599853515625,274.2099914550781,276.0899963378906,1263600,267.67529296875
ETN,ETN,2024-02-21,275.29998779296875,278.0400085449219,274.1499938964844,277.1600036621094,1314700,268.7126770019531
ETN,ETN,2024-02-22,282.79998779296875,286.3699951171875,282.1600036621094,284.5799865722656,2496300,275.9065246582031
ETN,ETN,2024-02-23,285.45001220703125,288.4599914550781,283.0,284.92999267578125,1230700,276.2458801269531
ETN,ETN,2024-02-26,286.0,287.54998779296875,284.17999267578125,284.29998779296875,1960300,275.63507080078125
ETN,ETN,2024-02-27,284.5199890136719,285.3999938964844,282.239990234375,283.57000732421875,1678200,274.92730712890625
ETN,ETN,2024-02-28,283.57000732421875,287.6400146484375,282.6700134277344,286.9599914550781,1278900,278.2140197753906
ETN,ETN,2024-02-29,287.0,289.8599853515625,285.92999267578125,289.0,2534300,280.19189453125
ETN,ETN,2024-03-01,289.3599853515625,294.44000244140625,288.80999755859375,293.70001220703125,2314600,284.74859619140625
ETN,ETN,2024-03-04,295.8900146484375,298.1300048828125,294.5299987792969,296.5799865722656,1943500,287.540771484375
ETN,ETN,2024-03-05,294.3500061035156,295.07000732421875,289.3699951171875,291.92999267578125,2263300,283.03253173828125
ETN,ETN,2024-03-06,295.32000732421875,298.3900146484375,294.8800048828125,296.739990234375,1723900,287.6959533691406
ETN,ETN,2024-03-07,298.7300109863281,301.5299987792969,296.8999938964844,301.1300048828125,1869100,291.95208740234375
ETN,ETN,2024-03-08,299.760009765625,303.3999938964844,295.55999755859375,297.489990234375,1894400,289.32623291015625
ETN,ETN,2024-03-11,295.5,295.7900085449219,289.6000061035156,292.70001220703125,1656600,284.6676940917969
ETN,ETN,2024-03-12,293.4200134277344,298.30999755859375,291.94000244140625,297.739990234375,2063200,289.5693664550781
ETN,ETN,2024-03-13,296.4599914550781,300.69000244140625,295.67999267578125,300.239990234375,1891100,292.0007019042969
ETN,ETN,2024-03-14,302.6700134277344,302.9800109863281,297.4599914550781,300.2900085449219,2236400,292.04937744140625
ETN,ETN,2024-03-15,298.0299987792969,302.67999267578125,297.760009765625,297.8999938964844,3024600,289.7249755859375
ETN,ETN,2024-03-18,300.80999755859375,303.25,298.5799865722656,298.75,1557200,290.5516052246094
ETN,ETN,2024-03-19,298.239990234375,303.1700134277344,297.2699890136719,302.9599914550781,1462100,294.6460876464844
ETN,ETN,2024-03-20,304.55999755859375,310.42999267578125,303.3599853515625,309.80999755859375,1946500,301.30810546875
ETN,ETN,2024-03-21,311.7099914550781,315.7900085449219,310.20001220703125,315.5199890136719,2167400,306.8614196777344
ETN,ETN,2024-03-22,314.92999267578125,317.0199890136719,314.3599853515625,316.5799865722656,2046300,307.8923034667969
ETN,ETN,2024-03-25,315.0,315.7799987792969,311.5,311.8800048828125,1703600,303.3213195800781
ETN,ETN,2024-03-26,311.6600036621094,316.29998779296875,311.4599914550781,312.0799865722656,2247200,303.5157775878906
ETN,ETN,2024-03-27,314.0,314.6400146484375,308.2200012207031,314.3999938964844,1874300,305.772216796875
ETN,ETN,2024-03-28,314.69000244140625,314.75,312.0,312.67999267578125,1983400,304.0993347167969
ETN,ETN,2024-04-01,313.0,314.1300048828125,311.07000732421875,312.0299987792969,1213200,303.46722412109375
ETN,ETN,2024-04-02,313.0400085449219,316.42999267578125,312.5799865722656,314.75,2773100,306.1125183105469
ETN,ETN,2024-04-03,315.5,322.3599853515625,315.5,320.94000244140625,2984500,312.1326599121094
ETN,ETN,2024-04-04,323.9100036621094,326.2099914550781,318.1700134277344,320.1600036621094,3039900,311.3741149902344
ETN,ETN,2024-04-05,323.92999267578125,331.4700012207031,322.7900085449219,330.510009765625,2644200,321.4400634765625
ETN,ETN,2024-04-08,326.29998779296875,329.3699951171875,323.6300048828125,325.82000732421875,2423700,316.8787536621094
ETN,ETN,2024-04-09,324.94000244140625,325.510009765625,313.0,313.8699951171875,4069100,305.2566833496094
ETN,ETN,2024-04-10,309.0,317.3699951171875,306.2099914550781,314.3699951171875,2425900,305.7429504394531
ETN,ETN,2024-04-11,314.4100036621094,319.3599853515625,312.95001220703125,317.260009765625,1547300,308.5537109375
ETN,ETN,2024-04-12,314.2699890136719,318.6700134277344,314.2699890136719,318.5,2248300,309.7596740722656
ETN,ETN,2024-04-15,324.0,324.82000732421875,313.8900146484375,315.2799987792969,2447600,306.6280517578125
ETN,ETN,2024-04-16,312.8900146484375,317.5400085449219,311.32000732421875,315.3500061035156,1547300,306.696044921875
ETN,ETN,2024-04-17,316.67999267578125,316.67999267578125,305.8500061035156,310.17999267578125,2204600,301.6679382324219
ETN,ETN,2024-04-18,313.75,315.7099914550781,308.4599914550781,308.94000244140625,1860300,300.4620056152344
ETN,ETN,2024-04-19,309.0400085449219,311.6600036621094,302.260009765625,303.0199890136719,3084700,294.7044677734375
ETN,ETN,2024-04-22,305.3500061035156,310.3399963378906,304.1700134277344,308.0899963378906,2379200,299.63531494140625
ETN,ETN,2024-04-23,311.94000244140625,315.2799987792969,310.3999938964844,312.8399963378906,2781400,304.25494384765625
ETN,ETN,2024-04-24,324.0,325.4100036621094,313.95001220703125,318.7900085449219,3550500,310.0417175292969
ETN,ETN,2024-04-25,314.04998779296875,318.8800048828125,312.1499938964844,317.1000061035156,2453100,308.3981018066406
ETN,ETN,2024-04-26,318.2099914550781,325.32000732421875,318.2099914550781,324.29998779296875,2305700,315.40045166015625
ETN,ETN,2024-04-29,324.9200134277344,327.19000244140625,321.4200134277344,326.510009765625,3127300,317.54986572265625
ETN,ETN,2024-04-30,330.0,333.05999755859375,312.5199890136719,318.260009765625,5279700,309.5262451171875
ETN,ETN,2024-05-01,318.8299865722656,319.4800109863281,311.739990234375,312.0299987792969,3416700,303.46722412109375
ETN,ETN,2024-05-02,313.2900085449219,316.0899963378906,305.260009765625,315.2699890136719,3009900,306.6182556152344
ETN,ETN,2024-05-03,318.510009765625,322.5899963378906,316.5899963378906,320.5,1769800,312.6369323730469
ETN,ETN,2024-05-06,322.3299865722656,327.42999267578125,322.3299865722656,327.239990234375,1297000,319.2115173339844
ETN,ETN,2024-05-07,328.1099853515625,329.0,325.6199951171875,327.42999267578125,1792900,319.3968811035156
ETN,ETN,2024-05-08,327.3999938964844,333.1300048828125,326.82000732421875,330.3999938964844,1454300,322.2940368652344
ETN,ETN,2024-05-09,330.0,333.45001220703125,329.9800109863281,333.260009765625,1487100,325.0838623046875
ETN,ETN,2024-05-10,335.0,337.70001220703125,330.1099853515625,330.57000732421875,1955000,322.4598388671875
ETN,ETN,2024-05-13,331.010009765625,331.8800048828125,325.8599853515625,328.510009765625,1903200,320.45037841796875
ETN,ETN,2024-05-14,326.1600036621094,331.3699951171875,321.9700012207031,330.45001220703125,1588200,322.34283447265625
ETN,ETN,2024-05-15,332.0,338.1499938964844,332.0,337.9599914550781,1720100,329.66851806640625
ETN,ETN,2024-05-16,337.8999938964844,338.8800048828125,330.1300048828125,330.17999267578125,2203100,322.07940673828125
ETN,ETN,2024-05-17,332.0,333.6099853515625,326.7099914550781,330.239990234375,1881400,322.1379699707031
ETN,ETN,2024-05-20,330.0,335.7099914550781,329.0,333.25,1021000,325.0740966796875
ETN,ETN,2024-05-21,332.6400146484375,337.260009765625,332.4599914550781,336.7300109863281,1389200,328.46875
ETN,ETN,2024-05-22,336.739990234375,338.4100036621094,333.17999267578125,336.17999267578125,1566500,327.9322204589844
ETN,ETN,2024-05-23,342.19000244140625,344.0,336.5799865722656,338.4200134277344,1772500,330.1172790527344
ETN,ETN,2024-05-24,339.0799865722656,345.19000244140625,338.92999267578125,340.8900146484375,1495600,332.52667236328125
ETN,ETN,2024-05-28,342.2900085449219,343.0,335.29998779296875,337.3599853515625,1772300,329.083251953125
ETN,ETN,2024-05-29,335.29998779296875,336.42999267578125,332.69000244140625,332.8900146484375,1131300,324.72296142578125
ETN,ETN,2024-05-30,332.2900085449219,335.17999267578125,331.4100036621094,334.20001220703125,1240900,326.00079345703125
ETN,ETN,2024-05-31,333.45001220703125,335.0,322.2200012207031,332.8500061035156,3837900,324.68389892578125
ETN,ETN,2024-06-03,334.0,335.0,318.6700134277344,324.4599914550781,2494500,316.4997253417969
ETN,ETN,2024-06-04,324.5199890136719,325.5,310.1499938964844,316.1700134277344,4143000,308.4131164550781
ETN,ETN,2024-06-05,319.7699890136719,327.5799865722656,319.3999938964844,326.5899963378906,2487300,318.5775146484375
ETN,ETN,2024-06-06,325.0,326.989990234375,311.3699951171875,313.4599914550781,3069100,305.7696228027344
ETN,ETN,2024-06-07,313.4800109863281,317.8299865722656,310.7799987792969,314.8299865722656,2389500,307.10601806640625
ETN,ETN,2024-06-10,313.4599914550781,323.3900146484375,313.25,322.9800109863281,2050000,315.0560607910156
ETN,ETN,2024-06-11,320.69000244140625,322.0,317.44000244140625,319.1700134277344,1826200,311.33953857421875
ETN,ETN,2024-06-12,321.54998779296875,328.9100036621094,319.5,327.1700134277344,1682600,319.143310546875
ETN,ETN,2024-06-13,326.42999267578125,329.1199951171875,321.8299865722656,328.3500061035156,2194700,320.2943115234375
ETN,ETN,2024-06-14,324.3699951171875,325.6400146484375,316.92999267578125,319.0199890136719,2055900,311.19317626953125
ETN,ETN,2024-06-17,318.7799987792969,326.6099853515625,317.010009765625,325.3299865722656,2552500,317.348388671875
ETN,ETN,2024-06-18,324.0,330.17999267578125,321.20001220703125,327.5899963378906,1903900,319.552978515625
ETN,ETN,2024-06-20,328.1700134277344,329.8699951171875,320.0199890136719,323.239990234375,1847700,315.3097229003906
ETN,ETN,2024-06-21,322.94000244140625,322.94000244140625,316.510009765625,320.05999755859375,3067700,312.2076721191406
ETN,ETN,2024-06-24,322.1000061035156,324.3900146484375,319.19000244140625,322.0799865722656,1581000,314.1781005859375
ETN,ETN,2024-06-25,322.3599853515625,324.0799865722656,318.3299865722656,322.760009765625,1576500,314.8414306640625
ETN,ETN,2024-06-26,320.760009765625,321.05999755859375,313.510009765625,315.2699890136719,1849800,307.53521728515625
ETN,ETN,2024-06-27,314.1600036621094,314.7900085449219,311.25,313.94000244140625,2549900,306.23785400390625
ETN,ETN,2024-06-28,312.8900146484375,319.6400146484375,310.3299865722656,313.54998779296875,2557600,305.857421875
ETN,ETN,2024-07-01,316.45001220703125,316.4800109863281,307.760009765625,312.3699951171875,1925900,304.70635986328125
ETN,ETN,2024-07-02,309.45001220703125,313.75,309.45001220703125,313.2799987792969,2047700,305.5940246582031
ETN,ETN,2024-07-03,313.82000732421875,319.25,312.95001220703125,318.4200134277344,1123000,310.60791015625
ETN,ETN,2024-07-05,319.67999267578125,320.3299865722656,314.489990234375,317.3699951171875,1557700,309.58367919921875
ETN,ETN,2024-07-08,320.1700134277344,322.8800048828125,318.2200012207031,318.9599914550781,1139800,311.13470458984375
ETN,ETN,2024-07-09,320.19000244140625,321.1400146484375,318.1199951171875,318.7099914550781,980900,310.89080810546875
ETN,ETN,2024-07-10,318.75,327.2200012207031,318.6099853515625,327.07000732421875,2083100,319.04571533203125
ETN,ETN,2024-07-11,329.17999267578125,331.1300048828125,325.70001220703125,328.82000732421875,2061000,320.7528076171875
ETN,ETN,2024-07-12,330.75,333.7099914550781,326.2099914550781,330.4800109863281,1644800,322.3720703125
ETN,ETN,2024-07-15,329.3399963378906,330.9599914550781,325.8399963378906,327.0299987792969,1416000,319.0067138671875
ETN,ETN,2024-07-16,330.54998779296875,335.1199951171875,328.760009765625,332.4599914550781,1671200,324.303466796875
ETN,ETN,2024-07-17,326.9700012207031,327.6199951171875,311.1099853515625,311.5,3312800,303.85772705078125
ETN,ETN,2024-07-18,313.3900146484375,319.2300109863281,305.6600036621094,309.07000732421875,4377000,301.4873352050781
ETN,ETN,2024-07-19,312.2300109863281,316.30999755859375,310.70001220703125,311.8900146484375,2287600,304.2381896972656
ETN,ETN,2024-07-22,316.5,321.5,315.45001220703125,320.32000732421875,2252500,312.4613342285156
ETN,ETN,2024-07-23,320.0,325.3299865722656,319.6700134277344,321.94000244140625,1518500,314.04156494140625
ETN,ETN,2024-07-24,316.8399963378906,318.0799865722656,299.32000732421875,299.6000061035156,3876300,292.2496337890625
ETN,ETN,2024-07-25,298.7300109863281,300.2799987792969,286.8699951171875,292.8800048828125,5569700,285.694580078125
ETN,ETN,2024-07-26,300.8800048828125,301.92999267578125,296.4200134277344,297.7900085449219,3090000,290.4841003417969
ETN,ETN,2024-07-29,298.6000061035156,300.3900146484375,294.55999755859375,296.6099853515625,2522600,289.3330078125
ETN,ETN,2024-07-30,297.55999755859375,302.5199890136719,285.4800109863281,287.239990234375,4777200,280.19293212890625
ETN,ETN,2024-07-31,306.19000244140625,310.8699951171875,301.3699951171875,304.7900085449219,5108300,297.31231689453125
ETN,ETN,2024-08-01,290.0400085449219,304.2900085449219,288.0,297.8800048828125,5433400,290.5718994140625
ETN,ETN,2024-08-02,290.0,290.6400146484375,276.010009765625,280.260009765625,4528000,273.3841552734375
ETN,ETN,2024-08-05,255.64999389648438,277.0199890136719,255.64999389648438,272.5199890136719,4621200,266.7286376953125
ETN,ETN,2024-08-06,274.6499938964844,282.0299987792969,274.6499938964844,277.6499938964844,3305000,271.74957275390625
ETN,ETN,2024-08-07,285.0,288.1000061035156,276.79998779296875,277.67999267578125,2857000,271.77899169921875
ETN,ETN,2024-08-08,282.04998779296875,288.05999755859375,278.1099853515625,287.4800109863281,3888100,281.3707275390625
ETN,ETN,2024-08-09,286.8599853515625,292.1700134277344,285.70001220703125,291.6400146484375,2190400,285.4422912597656
ETN,ETN,2024-08-12,291.1199951171875,293.45001220703125,285.5299987792969,288.42999267578125,1840400,282.3005676269531
ETN,ETN,2024-08-13,292.20001220703125,295.82000732421875,288.2699890136719,295.3900146484375,2256900,289.1126708984375
ETN,ETN,2024-08-14,296.010009765625,300.04998779296875,294.42999267578125,298.29998779296875,1974900,291.9607849121094
ETN,ETN,2024-08-15,302.1199951171875,304.7699890136719,298.0400085449219,302.4599914550781,2316600,296.03240966796875
ETN,ETN,2024-08-16,302.07000732421875,302.5299987792969,293.3800048828125,296.67999267578125,2768100,290.3752136230469
ETN,ETN,2024-08-19,297.19000244140625,298.42999267578125,293.19000244140625,297.04998779296875,1572500,290.7373352050781
ETN,ETN,2024-08-20,297.9200134277344,299.6400146484375,294.5799865722656,296.239990234375,1432400,289.944580078125
ETN,ETN,2024-08-21,296.45001220703125,301.6499938964844,296.1700134277344,299.69000244140625,1400600,293.3212585449219
ETN,ETN,2024-08-22,300.4599914550781,303.3999938964844,296.70001220703125,297.69000244140625,2035700,291.36376953125
ETN,ETN,2024-08-23,300.0,302.0,297.7799987792969,300.0,1950700,293.6246643066406
ETN,ETN,2024-08-26,300.2799987792969,301.75,296.0,296.9100036621094,1579600,290.600341796875
ETN,ETN,2024-08-27,295.0,299.8599853515625,292.3999938964844,296.0299987792969,1711700,289.7390441894531
ETN,ETN,2024-08-28,296.82000732421875,297.489990234375,292.2300109863281,293.6000061035156,2109300,287.3606872558594
ETN,ETN,2024-08-29,296.2300109863281,307.45001220703125,295.1400146484375,301.0899963378906,2426500,294.6915283203125
ETN,ETN,2024-08-30,301.489990234375,307.6499938964844,300.1300048828125,306.92999267578125,2320000,300.4073791503906
ETN,ETN,2024-09-03,304.1700134277344,304.80999755859375,289.4700012207031,289.7300109863281,3058900,283.57293701171875
ETN,ETN,2024-09-04,288.20001220703125,292.7900085449219,286.6199951171875,288.7699890136719,2098500,282.63330078125
ETN,ETN,2024-09-05,287.45001220703125,289.2300109863281,282.55999755859375,285.7200012207031,1930600,279.6481628417969
ETN,ETN,2024-09-06,288.6199951171875,292.20001220703125,281.3399963378906,284.9700012207031,2163800,278.9140930175781
ETN,ETN,2024-09-09,289.2099914550781,292.1000061035156,287.6199951171875,289.3800048828125,1756000,283.2303771972656
ETN,ETN,2024-09-10,291.2300109863281,291.8999938964844,284.4599914550781,288.29998779296875,1531200,282.1732482910156
ETN,ETN,2024-09-11,289.5,297.67999267578125,284.54998779296875,297.1400146484375,2389500,290.8254699707031
ETN,ETN,2024-09-12,296.8500061035156,304.4599914550781,294.8399963378906,303.3800048828125,2795400,296.93280029296875
ETN,ETN,2024-09-13,305.82000732421875,310.4599914550781,303.6700134277344,305.79998779296875,2022800,299.3013916015625
ETN,ETN,2024-09-16,306.0,306.9800109863281,301.4800109863281,306.54998779296875,1536300,300.03546142578125
ETN,ETN,2024-09-17,308.4800109863281,312.4200134277344,304.6499938964844,311.7300109863281,2117000,305.10540771484375
ETN,ETN,2024-09-18,313.55999755859375,321.1499938964844,313.54998779296875,314.6499938964844,2931000,307.9633483886719
ETN,ETN,2024-09-19,323.75,329.7799987792969,319.8999938964844,328.9200134277344,3155700,321.93011474609375
ETN,ETN,2024-09-20,326.67999267578125,331.4200134277344,326.0,330.6000061035156,3632000,323.5743713378906
ETN,ETN,2024-09-23,331.8900146484375,333.2900085449219,329.4100036621094,329.7900085449219,1789100,322.7815856933594
ETN,ETN,2024-09-24,329.7099914550781,330.2300109863281,326.29998779296875,327.3900146484375,1964200,320.4326171875
ETN,ETN,2024-09-25,328.30999755859375,330.8599853515625,327.3900146484375,328.54998779296875,1599100,321.5679626464844
ETN,ETN,2024-09-26,333.1700134277344,336.29998779296875,329.3399963378906,333.0199890136719,2614200,325.94293212890625
ETN,ETN,2024-09-27,333.1099853515625,333.9100036621094,326.6499938964844,328.45001220703125,2061200,321.4701232910156
ETN,ETN,2024-09-30,326.69000244140625,331.70001220703125,324.69000244140625,331.44000244140625,2789400,324.3965148925781
ETN,ETN,2024-10-01,331.0299987792969,331.42999267578125,325.05999755859375,327.5799865722656,1000700,320.6185607910156
ETN,ETN,2024-10-02,326.0,329.8699951171875,325.7099914550781,327.989990234375,1150600,321.01983642578125
ETN,ETN,2024-10-03,327.3399963378906,328.45001220703125,324.4200134277344,326.9599914550781,960600,320.0117492675781
ETN,ETN,2024-10-04,331.8999938964844,333.30999755859375,328.25,333.04998779296875,1129400,325.9722900390625
ETN,ETN,2024-10-07,330.8299865722656,335.32000732421875,330.19000244140625,334.6300048828125,1465900,327.51873779296875
ETN,ETN,2024-10-08,336.5,337.75,333.0299987792969,335.5799865722656,1136500,328.44854736328125
ETN,ETN,2024-10-09,335.4800109863281,338.8599853515625,334.7200012207031,338.25,1103600,331.0617980957031
ETN,ETN,2024-10-10,335.3999938964844,337.8299865722656,332.69000244140625,336.94000244140625,1281000,329.7796630859375
ETN,ETN,2024-10-11,337.0,341.9800109863281,335.8999938964844,341.3900146484375,1162000,334.1351013183594
ETN,ETN,2024-10-14,343.0,345.94000244140625,341.57000732421875,345.6099853515625,883800,338.2654113769531
ETN,ETN,2024-10-15,346.4599914550781,347.3500061035156,337.4700012207031,338.0400085449219,1861800,330.8562927246094
ETN,ETN,2024-10-16,338.95001220703125,341.3800048828125,337.80999755859375,341.1000061035156,839900,333.8512878417969
ETN,ETN,2024-10-17,345.0,349.739990234375,340.8900146484375,348.489990234375,1715300,341.0841979980469
ETN,ETN,2024-10-18,349.55999755859375,349.70001220703125,345.2699890136719,348.17999267578125,1173400,340.78082275390625
ETN,ETN,2024-10-21,348.0,348.7300109863281,345.25,347.07000732421875,1068600,339.6943664550781
ETN,ETN,2024-10-22,343.8900146484375,345.260009765625,340.82000732421875,343.54998779296875,1321800,336.2491455078125
ETN,ETN,2024-10-23,341.0,345.7200012207031,340.30999755859375,344.9599914550781,1975200,337.62921142578125
ETN,ETN,2024-10-24,345.0,346.67999267578125,340.510009765625,345.2900085449219,1407000,337.95220947265625
ETN,ETN,2024-10-25,347.07000732421875,348.55999755859375,342.8999938964844,344.489990234375,1176400,337.1692199707031
ETN,ETN,2024-10-28,347.95001220703125,348.6199951171875,345.1099853515625,345.510009765625,2177700,338.1675720214844
ETN,ETN,2024-10-29,342.7900085449219,347.4200134277344,337.8599853515625,345.54998779296875,1843200,338.2066650390625
ETN,ETN,2024-10-30,344.6499938964844,346.69000244140625,340.8599853515625,342.80999755859375,2258200,335.52490234375
ETN,ETN,2024-10-31,325.0,333.94000244140625,321.3900146484375,331.5799865722656,3870600,324.5335388183594
ETN,ETN,2024-11-01,335.95001220703125,337.0199890136719,329.6499938964844,335.0,2369100,327.88092041015625
ETN,ETN,2024-11-04,332.5,335.510009765625,330.80999755859375,331.1300048828125,1943300,325.0050964355469
ETN,ETN,2024-11-05,331.8699951171875,338.2200012207031,331.82000732421875,337.4800109863281,1777300,331.23760986328125
ETN,ETN,2024-11-06,355.0,366.0799865722656,352.05999755859375,359.17999267578125,4019600,352.5362243652344
ETN,ETN,2024-11-07,360.0,363.1400146484375,357.92999267578125,360.55999755859375,2739600,353.8907470703125
ETN,ETN,2024-11-08,362.0299987792969,369.2900085449219,361.29998779296875,366.6700134277344,2390500,359.8877258300781
ETN,ETN,2024-11-11,371.7799987792969,373.3900146484375,368.6499938964844,371.95001220703125,1736300,365.07000732421875
ETN,ETN,2024-11-12,371.6099853515625,373.489990234375,365.6700134277344,368.989990234375,2265400,362.1647644042969
ETN,ETN,2024-11-13,369.739990234375,372.67999267578125,369.010009765625,369.6600036621094,1437500,362.8224182128906
ETN,ETN,2024-11-14,369.5,371.1199951171875,361.010009765625,361.8599853515625,1816800,355.1666564941406
ETN,ETN,2024-11-15,358.1199951171875,361.2200012207031,355.3800048828125,358.989990234375,2231900,352.3497619628906
ETN,ETN,2024-11-18,359.5899963378906,361.2300109863281,356.5400085449219,357.8299865722656,1611900,351.2111511230469
ETN,ETN,2024-11-19,355.0,365.0299987792969,353.4200134277344,363.69000244140625,1868100,356.9628601074219
ETN,ETN,2024-11-20,365.19000244140625,367.5,358.54998779296875,360.4599914550781,1464000,353.7925720214844
ETN,ETN,2024-11-21,364.489990234375,373.3900146484375,362.45001220703125,370.95001220703125,1632100,364.08856201171875
ETN,ETN,2024-11-22,372.5,378.0,371.6099853515625,377.4100036621094,2407000,370.42901611328125
ETN,ETN,2024-11-25,378.0,379.1199951171875,372.1400146484375,376.67999267578125,3559500,369.7125549316406
ETN,ETN,2024-11-26,378.5,379.989990234375,375.1700134277344,377.2900085449219,2096100,370.311279296875
ETN,ETN,2024-11-27,375.5,377.55999755859375,371.010009765625,371.9800109863281,1117300,365.0995178222656
ETN,ETN,2024-11-29,374.9700012207031,378.45001220703125,373.5199890136719,375.4200134277344,991700,368.4758605957031
ETN,ETN,2024-12-02,377.8599853515625,378.7900085449219,371.9200134277344,372.2200012207031,1131000,365.33502197265625
ETN,ETN,2024-12-03,372.2900085449219,375.44000244140625,368.6199951171875,373.75,1303400,366.8367614746094
ETN,ETN,2024-12-04,375.2699890136719,378.4700012207031,375.0199890136719,377.5199890136719,1479600,370.5370178222656
ETN,ETN,2024-12-05,377.5199890136719,377.82000732421875,370.0,371.04998779296875,1625000,364.1866760253906
ETN,ETN,2024-12-06,371.739990234375,373.2799987792969,369.25,371.2200012207031,1479100,364.353515625
ETN,ETN,2024-12-09,371.44000244140625,373.0,358.3299865722656,364.05999755859375,2338200,357.3260192871094
ETN,ETN,2024-12-10,363.5400085449219,364.0199890136719,357.95001220703125,358.489990234375,1891000,351.8589782714844
ETN,ETN,2024-12-11,364.4100036621094,365.0,353.3299865722656,361.9100036621094,2440700,355.2156982421875
ETN,ETN,2024-12-12,361.92999267578125,363.05999755859375,358.0799865722656,358.6400146484375,1223500,352.0061950683594
ETN,ETN,2024-12-13,359.760009765625,360.82000732421875,355.8900146484375,356.010009765625,1165000,349.42486572265625
ETN,ETN,2024-12-16,355.75,357.5,353.5400085449219,355.1499938964844,1506200,348.58074951171875
ETN,ETN,2024-12-17,351.3800048828125,351.54998779296875,344.6700134277344,347.0799865722656,2562500,340.6600341796875
ETN,ETN,2024-12-18,349.0,349.5899963378906,334.7200012207031,335.1199951171875,2491600,328.9212646484375
ETN,ETN,2024-12-19,339.8999938964844,340.1000061035156,334.3299865722656,335.6400146484375,2667800,329.43170166015625
ETN,ETN,2024-12-20,333.2799987792969,342.010009765625,332.1199951171875,338.1199951171875,4862500,331.86578369140625
ETN,ETN,2024-12-23,337.1300048828125,338.5199890136719,334.20001220703125,337.7099914550781,1704600,331.4633483886719
ETN,ETN,2024-12-24,338.67999267578125,341.69000244140625,337.20001220703125,341.5400085449219,507500,335.2225341796875
ETN,ETN,2024-12-26,340.8500061035156,341.8299865722656,338.75,340.1600036621094,1196500,333.8680419921875
ETN,ETN,2024-12-27,336.82000732421875,338.8500061035156,331.2799987792969,334.6300048828125,1601700,328.4403381347656
ETN,ETN,2024-12-30,329.1400146484375,334.07000732421875,327.5400085449219,332.3800048828125,1400300,326.2319641113281
ETN,ETN,2024-12-31,332.25,333.9800109863281,331.260009765625,331.8699951171875,1134600,325.7313537597656
ETN,ETN,2025-01-02,334.67999267578125,337.9100036621094,330.239990234375,331.9599914550781,1598400,325.8197326660156
ETN,ETN,2025-01-03,333.95001220703125,343.45001220703125,333.6499938964844,342.5799865722656,2570600,336.2432556152344
ETN,ETN,2025-01-06,348.0,353.3999938964844,346.67999267578125,348.55999755859375,3157200,342.1126708984375
ETN,ETN,2025-01-07,348.3500061035156,349.4800109863281,341.1400146484375,343.9100036621094,2350200,337.5486755371094
ETN,ETN,2025-01-08,341.6700134277344,345.67999267578125,338.0,345.1099853515625,2020400,338.7264709472656
ETN,ETN,2025-01-10,342.8900146484375,343.9599914550781,337.9700012207031,341.45001220703125,1828000,335.13421630859375
ETN,ETN,2025-01-13,333.8800048828125,343.0400085449219,333.8800048828125,340.8800048828125,2523400,334.5747375488281
ETN,ETN,2025-01-14,344.739990234375,347.239990234375,339.0,340.1400146484375,3019000,333.8484191894531
ETN,ETN,2025-01-15,346.9100036621094,349.69000244140625,340.7099914550781,342.5799865722656,3434200,336.2432556152344
ETN,ETN,2025-01-16,346.760009765625,347.7799987792969,342.70001220703125,345.19000244140625,2424600,338.80499267578125
ETN,ETN,2025-01-17,348.2900085449219,349.4700012207031,345.75,346.2799987792969,2454300,339.8748779296875
ETN,ETN,2025-01-21,351.3999938964844,357.6700134277344,350.4800109863281,357.6300048828125,3575000,351.014892578125
ETN,ETN,2025-01-22,372.2699890136719,377.92999267578125,365.0,371.2300109863281,3521500,364.36334228515625
ETN,ETN,2025-01-23,367.1400146484375,372.29998779296875,363.2200012207031,369.69000244140625,1961900,362.8518371582031
ETN,ETN,2025-01-24,377.1199951171875,378.0,367.1600036621094,368.9800109863281,1970800,362.1549377441406
ETN,ETN,2025-01-27,329.489990234375,329.760009765625,306.1499938964844,311.54998779296875,10210600,305.7872314453125
ETN,ETN,2025-01-28,311.760009765625,313.6600036621094,298.2900085449219,312.6700134277344,8863800,306.88653564453125
ETN,ETN,2025-01-29,313.5,319.54998779296875,310.1199951171875,317.6000061035156,4291600,311.725341796875
ETN,ETN,2025-01-30,324.8299865722656,329.5899963378906,321.1099853515625,327.1000061035156,4758500,321.04962158203125
ETN,ETN,2025-01-31,322.0199890136719,330.54998779296875,314.3999938964844,326.44000244140625,6485100,320.4018249511719
ETN,ETN,2025-02-03,317.3399963378906,322.1000061035156,311.1199951171875,315.4100036621094,3304100,309.5758361816406
ETN,ETN,2025-02-04,319.010009765625,319.6000061035156,313.010009765625,314.70001220703125,2346700,308.8789978027344
ETN,ETN,2025-02-05,315.54998779296875,316.760009765625,311.29998779296875,315.25,3084600,309.4188232421875
ETN,ETN,2025-02-06,316.0899963378906,323.67999267578125,312.7699890136719,315.8500061035156,3334200,310.00775146484375
ETN,ETN,2025-02-07,318.1000061035156,322.6400146484375,311.9700012207031,313.04998779296875,2634000,307.2594909667969
ETN,ETN,2025-02-10,314.69000244140625,320.1499938964844,312.45001220703125,319.8800048828125,2748600,313.9631652832031
ETN,ETN,2025-02-11,317.3599853515625,318.25,311.1000061035156,316.510009765625,3216000,310.6554870605469
ETN,ETN,2025-02-12,308.20001220703125,311.9599914550781,305.69000244140625,309.8800048828125,2649300,304.14813232421875
ETN,ETN,2025-02-13,312.760009765625,312.760009765625,304.07000732421875,307.80999755859375,3015500,302.1164245605469
ETN,ETN,2025-02-14,309.5199890136719,311.3800048828125,307.5,309.1700134277344,3175100,303.4512634277344
ETN,ETN,2025-02-18,313.1700134277344,316.5799865722656,310.3900146484375,313.1199951171875,2682300,307.32818603515625
ETN,ETN,2025-02-19,310.5799865722656,311.739990234375,307.29998779296875,309.42999267578125,2712500,303.7064208984375
ETN,ETN,2025-02-20,309.20001220703125,310.0,305.8399963378906,308.82000732421875,1982900,303.1077880859375
ETN,ETN,2025-02-21,308.739990234375,309.3999938964844,295.0199890136719,297.3699951171875,4401500,291.8695373535156
ETN,ETN,2025-02-24,297.5400085449219,298.7900085449219,285.510009765625,289.8500061035156,5861500,284.4886474609375
ETN,ETN,2025-02-25,287.20001220703125,292.6499938964844,282.42999267578125,287.54998779296875,6042100,282.2311706542969
ETN,ETN,2025-02-26,292.0899963378906,299.6000061035156,290.57000732421875,297.3500061035156,4302800,291.84991455078125
ETN,ETN,2025-02-27,300.45001220703125,301.9599914550781,288.9100036621094,290.3800048828125,4525900,285.00885009765625
ETN,ETN,2025-02-28,289.45001220703125,293.3800048828125,284.7900085449219,293.32000732421875,4806000,287.8944396972656
ETN,ETN,2025-03-03,294.9800109863281,296.7200012207031,276.20001220703125,278.4599914550781,4890700,273.3092956542969
ETN,ETN,2025-03-04,273.1199951171875,285.55999755859375,267.6300048828125,279.2200012207031,6809700,274.05523681640625
ETN,ETN,2025-03-05,283.45001220703125,288.760009765625,278.4599914550781,287.7300109863281,3752900,282.4078369140625
ETN,ETN,2025-03-06,277.2200012207031,280.6700134277344,272.2799987792969,277.54998779296875,3286400,272.4161376953125
ETN,ETN,2025-03-07,275.54998779296875,286.1499938964844,273.7099914550781,284.9800109863281,4533900,279.7087097167969
ETN,ETN,2025-03-10,275.8800048828125,282.6700134277344,272.6700134277344,277.6099853515625,4149400,273.4730224609375
ETN,ETN,2025-03-11,276.5299987792969,287.3900146484375,274.6000061035156,282.30999755859375,4482200,278.10296630859375
ETN,ETN,2025-03-12,297.4599914550781,300.0400085449219,285.5400085449219,292.0400085449219,5691800,287.68798828125
ETN,ETN,2025-03-13,290.0,291.0199890136719,280.4599914550781,283.70001220703125,5611100,279.4723205566406
ETN,ETN,2025-03-14,290.45001220703125,294.6099853515625,286.6000061035156,293.6099853515625,3316900,289.2345886230469
ETN,ETN,2025-03-17,295.20001220703125,300.760009765625,293.6199951171875,297.2300109863281,2949400,292.8006896972656
ETN,ETN,2025-03-18,293.82000732421875,295.5799865722656,288.3699951171875,290.6400146484375,2736800,286.30889892578125
ETN,ETN,2025-03-19,290.75,299.05999755859375,290.1700134277344,294.55999755859375,3216500,290.1704406738281
ETN,ETN,2025-03-20,291.1000061035156,300.239990234375,290.1199951171875,295.5299987792969,3421800,291.1259765625
ETN,ETN,2025-03-21,291.739990234375,296.25,289.489990234375,295.44000244140625,3188200,291.037353515625
ETN,ETN,2025-03-24,300.489990234375,304.5400085449219,298.55999755859375,302.8399963378906,2897000,298.32708740234375
ETN,ETN,2025-03-25,303.29998779296875,304.94000244140625,295.9800109863281,300.0,3394000,295.5293884277344
ETN,ETN,2025-03-26,297.9700012207031,297.9700012207031,283.67999267578125,285.5199890136719,4708600,281.2651672363281
ETN,ETN,2025-03-27,283.80999755859375,285.5400085449219,278.1600036621094,280.9100036621094,3454800,276.7238464355469
ETN,ETN,2025-03-28,278.260009765625,279.7300109863281,271.6499938964844,274.1700134277344,3254300,270.0843200683594
ETN,ETN,2025-03-31,268.0,273.45001220703125,262.67999267578125,271.8299865722656,4882900,267.7791442871094
ETN,ETN,2025-04-01,271.80999755859375,278.04998779296875,269.8500061035156,276.70001220703125,2468600,272.57659912109375
ETN,ETN,2025-04-02,270.69000244140625,285.6700134277344,270.0,283.8399963378906,2681500,279.6101989746094
ETN,ETN,2025-04-03,260.0299987792969,271.5,258.6000061035156,260.8500061035156,5553700,256.9627685546875
ETN,ETN,2025-04-04,249.4600067138672,252.0,236.5800018310547,246.52000427246094,5291000,242.84634399414062
ETN,ETN,2025-04-07,237.85000610351562,262.9200134277344,231.85000610351562,252.4499969482422,5543500,248.68797302246094
ETN,ETN,2025-04-08,264.6499938964844,267.9200134277344,245.3000030517578,251.5,5127300,247.7521209716797
ETN,ETN,2025-04-09,249.4600067138672,286.6099853515625,248.17999267578125,283.5899963378906,6041200,279.3639221191406
ETN,ETN,2025-04-10,273.989990234375,275.8999938964844,261.57000732421875,270.7200012207031,4995900,266.6856994628906
ETN,ETN,2025-04-11,268.4700012207031,278.6499938964844,265.0899963378906,277.5299987792969,3833100,273.39422607421875
ETN,ETN,2025-04-14,282.82000732421875,283.0,274.0799865722656,277.8299865722656,2631800,273.6897277832031
ETN,ETN,2025-04-15,278.5,280.04998779296875,275.45001220703125,277.1199951171875,2217500,272.9903564453125
ETN,ETN,2025-04-16,272.44000244140625,276.20001220703125,264.82000732421875,269.1600036621094,3411300,265.1489562988281
ETN,ETN,2025-04-17,272.0,272.0,265.9700012207031,268.32000732421875,2539600,264.32147216796875
ETN,ETN,2025-04-21,264.1199951171875,264.4599914550781,255.10000610351562,259.4700012207031,2863500,255.60336303710938
ETN,ETN,2025-04-22,263.1499938964844,268.7900085449219,262.4100036621094,266.9100036621094,2270500,262.9324645996094
ETN,ETN,2025-04-23,288.95001220703125,288.95001220703125,274.94000244140625,275.6600036621094,3148900,271.5520935058594
ETN,ETN,2025-04-24,277.6000061035156,288.260009765625,275.9800109863281,287.0199890136719,2751600,282.7427978515625
ETN,ETN,2025-04-25,285.7699890136719,290.8800048828125,285.7699890136719,288.82000732421875,2177400,284.5160217285156
ETN,ETN,2025-04-28,288.05999755859375,293.5400085449219,283.1099853515625,287.739990234375,2969500,283.45208740234375
ETN,ETN,2025-04-29,287.9700012207031,291.69000244140625,284.82000732421875,290.69000244140625,1965300,286.3581237792969
ETN,ETN,2025-04-30,284.4200134277344,295.1000061035156,283.0,294.3699951171875,2541700,289.9832763671875
ETN,ETN,2025-05-01,302.0,306.1000061035156,300.25,301.6600036621094,4722700,297.1646728515625
ETN,ETN,2025-05-02,293.7200012207031,303.9700012207031,286.6000061035156,299.7099914550781,5932000,295.24365234375
ETN,ETN,2025-05-05,296.1700134277344,301.510009765625,293.07000732421875,298.5799865722656,2455000,295.15472412109375
ETN,ETN,2025-05-06,296.2799987792969,301.25,296.0899963378906,298.1099853515625,2460500,294.6900939941406
ETN,ETN,2025-05-07,299.510009765625,303.29998779296875,296.92999267578125,302.20001220703125,1888800,298.73321533203125
ETN,ETN,2025-05-08,304.5400085449219,310.0,304.2200012207031,307.0400085449219,2076700,303.51763916015625
ETN,ETN,2025-05-09,309.67999267578125,311.70001220703125,306.7699890136719,309.8699951171875,2038700,306.3152160644531
ETN,ETN,2025-05-12,324.95001220703125,324.95001220703125,319.1499938964844,322.0899963378906,3542400,318.39501953125
ETN,ETN,2025-05-13,323.69000244140625,333.9599914550781,322.2900085449219,330.75,3438900,326.9556884765625
ETN,ETN,2025-05-14,330.6300048828125,333.9800109863281,328.2699890136719,329.0899963378906,1886600,325.3147277832031
ETN,ETN,2025-05-15,326.75,330.82000732421875,326.2099914550781,326.82000732421875,2300500,323.0707702636719
ETN,ETN,2025-05-16,328.4200134277344,329.5,325.1199951171875,329.07000732421875,1997400,325.2949523925781
ETN,ETN,2025-05-19,323.2200012207031,329.8699951171875,322.20001220703125,329.2900085449219,1482200,325.512451171875
ETN,ETN,2025-05-20,326.5299987792969,330.05999755859375,325.5,328.25,1654500,324.4843444824219
ETN,ETN,2025-05-21,324.6000061035156,329.8999938964844,322.010009765625,322.3299865722656,1725500,318.63226318359375
ETN,ETN,2025-05-22,319.9599914550781,323.75,315.7099914550781,321.07000732421875,1677800,317.38671875
ETN,ETN,2025-05-23,315.19000244140625,322.8900146484375,312.9100036621094,321.05999755859375,1432300,317.3768310546875
ETN,ETN,2025-05-27,324.7200012207031,328.92999267578125,323.3699951171875,328.1600036621094,1568800,324.3953857421875
ETN,ETN,2025-05-28,329.1199951171875,330.0,324.9100036621094,325.6700134277344,1982700,321.9339904785156
ETN,ETN,2025-05-29,329.8999938964844,330.7900085449219,323.3399963378906,324.80999755859375,1617500,321.0838317871094
ETN,ETN,2025-05-30,322.04998779296875,323.5,316.80999755859375,320.20001220703125,3788000,316.5267333984375
ETN,ETN,2025-06-02,319.4800109863281,319.9200134277344,311.8999938964844,318.8599853515625,1929100,315.2020568847656
ETN,ETN,2025-06-03,322.9599914550781,327.6600036621094,321.0899963378906,325.8399963378906,1978900,322.10198974609375
ETN,ETN,2025-06-04,327.0,329.67999267578125,325.5299987792969,327.0799865722656,1669500,323.3277587890625
ETN,ETN,2025-06-05,328.8699951171875,328.92999267578125,324.44000244140625,326.4800109863281,1600800,322.73468017578125
ETN,ETN,2025-06-06,331.20001220703125,333.5,329.7799987792969,331.45001220703125,2206400,327.6476745605469
ETN,ETN,2025-06-09,332.010009765625,333.3599853515625,325.4599914550781,325.80999755859375,1621700,322.0723571777344
ETN,ETN,2025-06-10,327.5,327.5,318.760009765625,324.239990234375,1882100,320.52032470703125
ETN,ETN,2025-06-11,323.8599853515625,327.8699951171875,320.30999755859375,325.7099914550781,1424000,321.9735107421875
ETN,ETN,2025-06-12,322.9800109863281,331.4599914550781,322.45001220703125,330.3399963378906,1777300,326.55035400390625
ETN,ETN,2025-06-13,324.489990234375,328.4200134277344,322.30999755859375,323.6600036621094,1565300,319.947021484375
ETN,ETN,2025-06-16,330.0899963378906,339.7099914550781,328.29998779296875,338.010009765625,3393400,334.13238525390625
ETN,ETN,2025-06-17,336.6300048828125,338.3500061035156,329.82000732421875,330.510009765625,1870000,326.71844482421875
ETN,ETN,2025-06-18,329.8500061035156,338.1600036621094,329.79998779296875,334.8599853515625,2969000,331.0185241699219
ETN,ETN,2025-06-20,335.6600036621094,338.0,330.7900085449219,331.2300109863281,4407100,327.4301452636719
ETN,ETN,2025-06-23,331.32000732421875,333.45001220703125,324.3800048828125,332.95001220703125,1397800,329.1304626464844
ETN,ETN,2025-06-24,335.29998779296875,345.1499938964844,335.29998779296875,343.260009765625,2977800,339.3221740722656
ETN,ETN,2025-06-25,346.3500061035156,347.42999267578125,341.7900085449219,342.3500061035156,1930200,338.422607421875
ETN,ETN,2025-06-26,343.6700134277344,349.2300109863281,342.2099914550781,348.1400146484375,2284500,344.14617919921875
ETN,ETN,2025-06-27,353.3699951171875,357.6000061035156,351.6400146484375,353.2300109863281,3704400,349.17779541015625
ETN,ETN,2025-06-30,353.8399963378906,358.2900085449219,352.1600036621094,356.989990234375,2212400,352.8946228027344
ETN,ETN,2025-07-01,355.7799987792969,357.3800048828125,350.05999755859375,355.0400085449219,2407800,350.9670104980469
ETN,ETN,2025-07-02,355.2099914550781,358.6099853515625,353.45001220703125,358.19000244140625,1787500,354.08087158203125
ETN,ETN,2025-07-03,359.1099853515625,363.4200134277344,358.3500061035156,362.2200012207031,1088100,358.0646667480469
ETN,ETN,2025-07-07,362.2200012207031,363.17999267578125,354.92999267578125,358.489990234375,1800500,354.3774719238281
ETN,ETN,2025-07-08,359.9800109863281,360.79998779296875,353.9800109863281,356.9800109863281,1739300,352.884765625
ETN,ETN,2025-07-09,360.2699890136719,360.3800048828125,356.07000732421875,359.7799987792969,1196600,355.65264892578125
ETN,ETN,2025-07-10,360.2099914550781,361.7200012207031,345.739990234375,357.6400146484375,2809500,353.5372009277344
ETN,ETN,2025-07-11,356.94000244140625,361.6499938964844,353.79998779296875,360.6199951171875,1698100,356.4830017089844
ETN,ETN,2025-07-14,358.7900085449219,361.1600036621094,357.1000061035156,360.2900085449219,1179600,356.15679931640625
ETN,ETN,2025-07-15,369.75,371.1400146484375,361.510009765625,362.1099853515625,2062100,357.9559020996094
ETN,ETN,2025-07-16,362.1199951171875,364.30999755859375,356.7200012207031,362.8900146484375,1756200,358.7269592285156
ETN,ETN,2025-07-17,375.8699951171875,380.80999755859375,374.9599914550781,380.7200012207031,3687400,376.3523864746094
ETN,ETN,2025-07-18,382.7300109863281,384.510009765625,378.0,378.6199951171875,2941000,374.2765197753906
ETN,ETN,2025-07-21,379.70001220703125,379.8999938964844,373.57000732421875,373.6600036621094,2445000,369.3734130859375
ETN,ETN,2025-07-22,372.1000061035156,373.8599853515625,365.0,372.6499938964844,1805100,368.375
ETN,ETN,2025-07-23,376.5,382.20001220703125,375.8500061035156,380.239990234375,2355000,375.8779296875
ETN,ETN,2025-07-24,382.0,386.1700134277344,380.239990234375,384.8999938964844,1658900,380.4844665527344
ETN,ETN,2025-07-25,388.0,393.07000732421875,387.79998779296875,392.1700134277344,2107400,387.67108154296875
ETN,ETN,2025-07-28,399.55999755859375,399.55999755859375,391.5199890136719,392.760009765625,2334500,388.2543029785156
ETN,ETN,2025-07-29,394.260009765625,395.6199951171875,387.05999755859375,390.010009765625,1777100,385.53582763671875
ETN,ETN,2025-07-30,392.0899963378906,393.8500061035156,387.260009765625,390.0899963378906,2727000,385.61492919921875
ETN,ETN,2025-07-31,390.1300048828125,396.2799987792969,384.1199951171875,384.7200012207031,2900000,380.3065185546875
ETN,ETN,2025-08-01,374.510009765625,383.0,373.04998779296875,381.2900085449219,2416800,376.9158935546875
ETN,ETN,2025-08-04,383.7099914550781,386.5299987792969,382.6099853515625,384.760009765625,2741900,380.3460998535156
ETN,ETN,2025-08-05,360.94000244140625,363.7900085449219,353.70001220703125,356.45001220703125,7068200,352.36090087890625
ETN,ETN,2025-08-06,358.6000061035156,362.6700134277344,354.3299865722656,358.1600036621094,4507500,354.0512390136719
ETN,ETN,2025-08-07,360.0,361.2900085449219,354.0,360.1600036621094,3057700,357.0650939941406
ETN,ETN,2025-08-08,362.0,364.1199951171875,359.3999938964844,362.8399963378906,2139200,359.72210693359375
ETN,ETN,2025-08-11,362.3999938964844,363.25,358.010009765625,360.1099853515625,2850000,357.0155334472656
ETN,ETN,2025-08-12,361.69000244140625,363.6099853515625,358.8399963378906,363.29998779296875,2488900,360.1781311035156
ETN,ETN,2025-08-13,364.20001220703125,365.20001220703125,351.7799987792969,357.489990234375,2751600,354.4180603027344
ETN,ETN,2025-08-14,353.6300048828125,358.69000244140625,352.0299987792969,355.1000061035156,1895500,352.0486145019531
ETN,ETN,2025-08-15,355.0,355.0,350.2699890136719,351.0299987792969,1899700,348.0135803222656
ETN,ETN,2025-08-18,349.8699951171875,354.04998779296875,348.7099914550781,353.5,1158500,350.46234130859375
ETN,ETN,2025-08-19,352.7200012207031,353.5,347.239990234375,349.0,1870500,346.0010070800781
ETN,ETN,2025-08-20,344.0400085449219,347.55999755859375,339.260009765625,346.2200012207031,2454300,343.2449035644531
ETN,ETN,2025-08-21,345.19000244140625,348.6099853515625,344.2900085449219,345.3800048828125,1455400,342.412109375
ETN,ETN,2025-08-22,346.70001220703125,353.0799865722656,345.1000061035156,347.6099853515625,1964900,344.6229553222656
ETN,ETN,2025-08-25,349.30999755859375,350.1300048828125,345.7200012207031,345.760009765625,1251400,342.78887939453125
ETN,ETN,2025-08-26,346.29998779296875,353.1300048828125,345.7099914550781,352.0199890136719,1994900,348.99505615234375
ETN,ETN,2025-08-27,350.9599914550781,353.67999267578125,350.0,351.3999938964844,1434500,348.3804016113281
ETN,ETN,2025-08-28,353.6600036621094,357.1600036621094,352.6700134277344,355.3399963378906,1773100,352.2864990234375
ETN,ETN,2025-08-29,354.95001220703125,356.5199890136719,345.2699890136719,349.1400146484375,2386100,346.13983154296875
ETN,ETN,2025-09-02,343.1300048828125,344.6000061035156,339.8900146484375,343.75,2464100,340.7961120605469
ETN,ETN,2025-09-03,345.7799987792969,346.07000732421875,339.6600036621094,342.989990234375,1521200,340.04266357421875
ETN,ETN,2025-09-04,344.2200012207031,348.2699890136719,341.6099853515625,348.2200012207031,1859300,345.2277526855469
ETN,ETN,2025-09-05,350.4700012207031,351.2799987792969,342.2699890136719,349.0299987792969,2120700,346.0307922363281
ETN,ETN,2025-09-08,350.0,352.5799865722656,347.7699890136719,349.489990234375,1632000,346.4867858886719
ETN,ETN,2025-09-09,349.94000244140625,350.2699890136719,343.6400146484375,348.2300109863281,1763300,345.2376708984375
ETN,ETN,2025-09-10,359.5899963378906,365.42999267578125,357.0,362.25,3484000,359.13714599609375
ETN,ETN,2025-09-11,363.67999267578125,365.30999755859375,359.3800048828125,360.0799865722656,2253200,356.9858093261719
ETN,ETN,2025-09-12,359.92999267578125,367.67999267578125,358.7799987792969,365.8999938964844,3108400,362.75579833984375
ETN,ETN,2025-09-15,370.0199890136719,378.1600036621094,369.19000244140625,375.5400085449219,3031500,372.3129577636719
ETN,ETN,2025-09-16,378.0,378.9800109863281,369.6499938964844,371.19000244140625,2251100,368.0003356933594
ETN,ETN,2025-09-17,370.5899963378906,371.4599914550781,359.2799987792969,363.3500061035156,3481400,360.22772216796875
ETN,ETN,2025-09-18,366.9800109863281,374.05999755859375,364.45001220703125,371.2699890136719,1857900,368.07965087890625
ETN,ETN,2025-09-19,373.6000061035156,375.3599853515625,369.9800109863281,374.5,3483100,371.28192138671875
ETN,ETN,2025-09-22,374.0799865722656,382.9200134277344,371.9200134277344,378.30999755859375,2399300,375.0591735839844
ETN,ETN,2025-09-23,381.760009765625,382.0,366.05999755859375,368.5199890136719,2776200,365.353271484375
ETN,ETN,2025-09-24,369.82000732421875,373.6199951171875,368.2200012207031,372.2099914550781,2290800,369.0115661621094
ETN,ETN,2025-09-25,366.8599853515625,368.1600036621094,360.3399963378906,364.739990234375,2029100,361.6057434082031
ETN,ETN,2025-09-26,365.010009765625,366.510009765625,360.2699890136719,365.5799865722656,1625400,362.4385070800781
ETN,ETN,2025-09-29,370.010009765625,370.9800109863281,367.0199890136719,367.1499938964844,1466300,363.99505615234375
ETN,ETN,2025-09-30,366.45001220703125,374.989990234375,366.45001220703125,374.25,1805800,371.0340576171875
ETN,ETN,2025-10-01,369.6600036621094,378.0299987792969,369.0899963378906,373.8399963378906,1590400,370.6275329589844
ETN,ETN,2025-10-02,376.07000732421875,381.5799865722656,370.79998779296875,376.760009765625,1777800,373.5224914550781
ETN,ETN,2025-10-03,377.79998779296875,378.0400085449219,371.6099853515625,373.4599914550781,1372100,370.2508239746094
ETN,ETN,2025-10-06,380.0,385.6700134277344,377.55999755859375,380.0199890136719,1852100,376.75445556640625
ETN,ETN,2025-10-07,382.0,384.8599853515625,367.489990234375,370.94000244140625,2321600,367.75250244140625
ETN,ETN,2025-10-08,372.6300048828125,378.94000244140625,370.2200012207031,376.70001220703125,2168600,373.4630126953125
ETN,ETN,2025-10-09,381.5799865722656,381.8699951171875,373.2900085449219,377.19000244140625,1723200,373.94879150390625
ETN,ETN,2025-10-10,379.3599853515625,387.6199951171875,369.0799865722656,369.0799865722656,2164700,365.9084777832031
ETN,ETN,2025-10-13,374.7300109863281,379.19000244140625,372.8299865722656,375.3699951171875,2089900,372.1444091796875
ETN,ETN,2025-10-14,368.7300109863281,379.1499938964844,364.3599853515625,374.3500061035156,1669400,371.1332092285156
ETN,ETN,2025-10-15,379.739990234375,385.9599914550781,375.3999938964844,381.7200012207031,1589200,378.4398498535156
ETN,ETN,2025-10-16,385.8900146484375,386.6700134277344,372.1499938964844,375.5899963378906,1597300,372.3625183105469
ETN,ETN,2025-10-17,373.3999938964844,379.010009765625,370.260009765625,373.29998779296875,1732900,370.0921936035156
ETN,ETN,2025-10-20,375.6199951171875,379.0199890136719,374.6000061035156,377.69000244140625,1331400,374.4444885253906
ETN,ETN,2025-10-21,377.6400146484375,378.4599914550781,371.44000244140625,373.4599914550781,2334700,370.2508239746094
ETN,ETN,2025-10-22,378.0899963378906,379.5799865722656,353.55999755859375,360.6000061035156,4029400,357.5013732910156
ETN,ETN,2025-10-23,361.3599853515625,373.82000732421875,361.3599853515625,372.3999938964844,1601600,369.1999206542969
ETN,ETN,2025-10-24,379.1400146484375,381.30999755859375,376.1199951171875,376.2900085449219,1650200,373.0565185546875
ETN,ETN,2025-10-27,381.0,381.0,376.5299987792969,379.739990234375,1772200,376.47686767578125
ETN,ETN,2025-10-28,379.8599853515625,381.05999755859375,373.42999267578125,376.010009765625,1551400,372.7789306640625
ETN,ETN,2025-10-29,376.8800048828125,390.0,376.2799987792969,387.75,2245000,384.41802978515625
ETN,ETN,2025-10-30,384.489990234375,390.1099853515625,379.260009765625,383.0899963378906,3112800,379.7980651855469
ETN,ETN,2025-10-31,386.0199890136719,393.5899963378906,379.2200012207031,381.55999755859375,2407300,378.2812194824219
ETN,ETN,2025-11-03,385.1099853515625,387.3900146484375,378.25,386.57000732421875,3254500,383.2481994628906
ETN,ETN,2025-11-04,360.6300048828125,382.6300048828125,352.1000061035156,377.7200012207031,7551400,374.4742126464844
ETN,ETN,2025-11-05,377.6099853515625,394.1400146484375,376.6600036621094,385.44000244140625,3075600,383.1829528808594
ETN,ETN,2025-11-06,384.07000732421875,386.6099853515625,373.8500061035156,377.3999938964844,2235800,375.19000244140625
ETN,ETN,2025-11-07,371.04998779296875,376.07000732421875,364.20001220703125,373.7699890136719,2604600,371.5812683105469
ETN,ETN,2025-11-10,380.9200134277344,382.55999755859375,372.3999938964844,379.57000732421875,1801700,377.3473205566406
ETN,ETN,2025-11-11,377.2300109863281,380.0,366.75,367.9100036621094,3103300,365.7555847167969
ETN,ETN,2025-11-12,368.010009765625,372.0,366.3699951171875,369.3999938964844,1962100,367.2368469238281
ETN,ETN,2025-11-13,367.0899963378906,368.4800109863281,352.3699951171875,354.07000732421875,2762400,351.99664306640625
ETN,ETN,2025-11-14,350.0,361.0,347.0,352.3900146484375,3385200,350.3265075683594
ETN,ETN,2025-11-17,351.9599914550781,353.489990234375,339.8399963378906,342.75,3019500,340.742919921875
ETN,ETN,2025-11-18,340.3299865722656,343.0,335.1000061035156,338.2900085449219,3158100,336.3090515136719
ETN,ETN,2025-11-19,339.9700012207031,346.2200012207031,338.67999267578125,345.6499938964844,2650800,343.62591552734375
ETN,ETN,2025-11-20,356.3800048828125,357.7799987792969,326.95001220703125,328.19000244140625,4550600,326.2681884765625
ETN,ETN,2025-11-21,329.0400085449219,332.2200012207031,320.20001220703125,331.7099914550781,4397400,329.7675476074219
ETN,ETN,2025-11-24,334.7300109863281,335.6400146484375,329.2699890136719,330.42999267578125,3672800,328.49505615234375
ETN,ETN,2025-11-25,329.989990234375,339.07000732421875,324.7099914550781,336.6499938964844,3968800,334.67864990234375
ETN,ETN,2025-11-26,338.54998779296875,344.6000061035156,337.17999267578125,341.69000244140625,2474500,339.68914794921875
ETN,ETN,2025-11-28,344.3999938964844,347.8900146484375,341.6400146484375,345.8900146484375,935100,343.86456298828125
ETN,ETN,2025-12-01,342.6499938964844,343.8900146484375,338.3999938964844,339.7099914550781,2248800,337.7207336425781
ETN,ETN,2025-12-02,343.5,343.7799987792969,332.8800048828125,333.1099853515625,3850000,331.15936279296875
ETN,ETN,2025-12-03,330.5,336.20001220703125,323.57000732421875,335.57000732421875,3079400,333.6049499511719
ETN,ETN,2025-12-04,335.4800109863281,340.8999938964844,332.5,338.92999267578125,2351500,336.9452819824219
ETN,ETN,2025-12-05,338.8900146484375,341.4200134277344,336.0,337.6600036621094,1845400,335.6827392578125
ETN,ETN,2025-12-08,337.45001220703125,345.69000244140625,336.1300048828125,343.3900146484375,3734100,341.3791809082031
ETN,ETN,2025-12-09,344.0899963378906,348.6400146484375,341.54998779296875,341.760009765625,2149700,339.7586975097656
ETN,ETN,2025-12-10,343.8699951171875,354.3699951171875,342.2099914550781,353.45001220703125,2554100,351.3802795410156
ETN,ETN,2025-12-11,350.510009765625,351.1400146484375,341.55999755859375,350.3599853515625,2405600,348.308349609375
ETN,ETN,2025-12-12,349.1700134277344,349.9800109863281,329.3999938964844,331.9800109863281,3921900,330.0360107421875
ETN,ETN,2025-12-15,334.5,336.0400085449219,331.7200012207031,333.2099914550781,2569000,331.2587890625
ETN,ETN,2025-12-16,333.2200012207031,334.30999755859375,326.7099914550781,329.92999267578125,2527100,327.99798583984375
ETN,ETN,2025-12-17,329.25,331.1199951171875,311.9200134277344,315.82000732421875,7694400,313.9706115722656
ETN,ETN,2025-12-18,322.0400085449219,323.0799865722656,314.0,315.95001220703125,3826600,314.099853515625
ETN,ETN,2025-12-19,315.67999267578125,320.7099914550781,315.45001220703125,317.79998779296875,7357000,315.9389953613281
ETN,ETN,2025-12-22,322.6099853515625,322.7699890136719,318.2699890136719,320.3900146484375,2080400,318.51385498046875
ETN,ETN,2025-12-23,319.6600036621094,324.2099914550781,319.20001220703125,322.80999755859375,2196900,320.919677734375
ETN,ETN,2025-12-24,323.4200134277344,324.07000732421875,321.1499938964844,323.6700134277344,766500,321.774658203125
ETN,ETN,2025-12-26,323.2799987792969,323.5299987792969,321.32000732421875,322.1700134277344,1100800,320.283447265625
ETN,ETN,2025-12-29,322.3399963378906,325.42999267578125,320.6700134277344,321.45001220703125,1948700,319.56768798828125
ETN,ETN,2025-12-30,321.4800109863281,322.2799987792969,320.04998779296875,320.8599853515625,1727000,318.9810791015625
ETN,ETN,2025-12-31,322.0,322.0,318.1300048828125,318.510009765625,1553900,316.6448669433594
ETN,ETN,2026-01-02,323.2099914550781,328.2099914550781,321.2200012207031,327.30999755859375,2559600,325.393310546875
ETN,ETN,2026-01-05,324.4100036621094,330.94000244140625,321.92999267578125,322.260009765625,3381700,320.3728942871094
ETN,ETN,2026-01-06,322.3299865722656,333.07000732421875,315.760009765625,332.9700012207031,3246600,331.0201721191406
ETN,ETN,2026-01-07,333.0,333.2699890136719,320.57000732421875,322.6700134277344,3166100,320.780517578125
ETN,ETN,2026-01-08,320.1099853515625,320.8599853515625,315.7799987792969,320.5799865722656,4582300,318.7027282714844
ETN,ETN,2026-01-09,322.1499938964844,325.2200012207031,320.7900085449219,324.510009765625,2690000,322.6097412109375
ETN,ETN,2026-01-12,323.0899963378906,330.1700134277344,323.0899963378906,329.1000061035156,2166600,327.1728515625
ETN,ETN,2026-01-13,329.8699951171875,334.0,329.760009765625,332.3800048828125,2524500,330.43365478515625
ETN,ETN,2026-01-14,331.07000732421875,334.4700012207031,328.2300109863281,331.1400146484375,2148000,329.200927734375
ETN,ETN,2026-01-15,336.5199890136719,341.1400146484375,332.5400085449219,333.4599914550781,2127500,331.50732421875
ETN,ETN,2026-01-16,343.45001220703125,349.6000061035156,340.57000732421875,343.75,3768500,341.737060546875
ETN,ETN,2026-01-20,337.7799987792969,344.70001220703125,336.5,337.5899963378906,2869500,335.6131286621094
ETN,ETN,2026-01-21,340.010009765625,342.5899963378906,334.44000244140625,337.9599914550781,3426200,335.98095703125
ETN,ETN,2026-01-22,342.1199951171875,343.0,331.6099853515625,334.0400085449219,2549000,332.0839538574219
ETN,ETN,2026-01-23,335.6199951171875,336.7699890136719,330.67999267578125,331.2200012207031,2235400,329.2804260253906
ETN,ETN,2026-01-26,331.2200012207031,333.6300048828125,327.5,332.2799987792969,2812600,330.334228515625
ETN,ETN,2026-01-27,332.70001220703125,341.9599914550781,329.2300109863281,341.19000244140625,2814700,339.1920471191406
ETN,ETN,2026-01-28,341.0400085449219,349.2300109863281,340.0,347.32000732421875,3072500,345.2861633300781
ETN,ETN,2026-01-29,355.17999267578125,360.6300048828125,350.3599853515625,354.3699951171875,4065400,352.2948913574219
ETN,ETN,2026-01-30,350.8599853515625,355.4100036621094,347.0299987792969,351.4200134277344,4260900,349.3621520996094
ETN,ETN,2026-02-02,351.17999267578125,361.3299865722656,350.3500061035156,359.44000244140625,3867500,357.335205078125
ETN,ETN,2026-02-03,349.510009765625,375.8900146484375,344.6400146484375,362.5299987792969,5853300,360.4071044921875
ETN,ETN,2026-02-04,365.6000061035156,377.1199951171875,355.0,365.0,5131600,362.8626403808594
ETN,ETN,2026-02-05,360.7799987792969,362.2099914550781,353.3500061035156,354.6700134277344,3303300,352.5931396484375
ETN,ETN,2026-02-06,359.30999755859375,374.8999938964844,357.69000244140625,373.82000732421875,3105600,371.6309814453125
ETN,ETN,2026-02-09,373.0,380.5199890136719,370.760009765625,377.05999755859375,2809400,374.8520202636719
ETN,ETN,2026-02-10,378.95001220703125,382.20001220703125,375.5299987792969,377.4700012207031,1795300,375.2596130371094
ETN,ETN,2026-02-11,394.0,401.0,390.6000061035156,396.0899963378906,3826600,393.77056884765625
ETN,ETN,2026-02-12,400.0,408.45001220703125,388.510009765625,390.3299865722656,4603600,388.0442810058594
ETN,ETN,2026-02-13,392.2099914550781,394.5,385.25,389.25,2253500,386.97064208984375
ETN,ETN,2026-02-17,386.7799987792969,393.2300109863281,384.3599853515625,391.489990234375,2094500,389.197509765625
ETN,ETN,2026-02-18,393.8900146484375,397.0,379.0199890136719,380.3800048828125,2740000,378.152587890625
ETN,ETN,2026-02-19,379.0,382.8999938964844,375.739990234375,377.32000732421875,2277400,375.1104736328125
ETN,ETN,2026-02-20,375.1700134277344,378.5,370.0199890136719,373.3800048828125,2600300,371.1935729980469
ETN,ETN,2026-02-23,367.1199951171875,368.5799865722656,359.8399963378906,362.04998779296875,2920800,359.92987060546875
ETN,ETN,2026-02-24,364.0,377.75,363.1700134277344,374.55999755859375,2387200,372.36663818359375
ETN,ETN,2026-02-25,374.17999267578125,377.05999755859375,368.8500061035156,373.5299987792969,2300100,371.3426513671875
ETN,ETN,2026-02-26,373.1499938964844,374.7200012207031,360.260009765625,374.5899963378906,2231100,372.396484375
ETN,ETN,2026-02-27,366.7799987792969,376.4599914550781,365.29998779296875,375.9200134277344,2169000,373.7187194824219
ETN,ETN,2026-03-02,369.8399963378906,378.07000732421875,367.6199951171875,377.3999938964844,1828400,375.19000244140625
ETN,ETN,2026-03-03,362.80999755859375,365.8299865722656,350.75,355.55999755859375,2864200,353.4779052734375
ETN,ETN,2026-03-04,357.9200134277344,360.989990234375,351.30999755859375,354.4599914550781,1793000,352.38433837890625
ETN,ETN,2026-03-05,351.2799987792969,356.29998779296875,345.7699890136719,354.7900085449219,3219700,352.7124328613281
ETN,ETN,2026-03-06,346.29998779296875,353.8500061035156,340.6600036621094,347.75,3795100,345.7136535644531
ETN,ETN,2026-03-09,343.32000732421875,355.55999755859375,338.25,353.8699951171875,3409100,351.79779052734375
ETN,ETN,2026-03-10,353.6700134277344,368.2900085449219,351.5799865722656,361.05999755859375,3646400,360.0649719238281
ETN,ETN,2026-03-11,361.010009765625,362.9700012207031,355.3999938964844,355.7900085449219,2807300,354.8094787597656
ETN,ETN,2026-03-12,352.1700134277344,355.1300048828125,345.44000244140625,348.6400146484375,2429200,347.67919921875
ETN,ETN,2026-03-13,351.20001220703125,360.989990234375,346.0,355.3999938964844,3581800,354.4205627441406
ETN,ETN,2026-03-16,360.9700012207031,368.0,359.3599853515625,361.0400085449219,3493900,360.0450134277344
ETN,ETN,2026-03-17,365.7300109863281,366.6300048828125,355.260009765625,363.95001220703125,1942300,362.947021484375
ETN,ETN,2026-03-18,365.0,370.3800048828125,359.8399963378906,360.5400085449219,2240200,359.5464172363281
ETN,ETN,2026-03-19,353.8800048828125,362.989990234375,348.8500061035156,360.2300109863281,2144800,359.2372741699219
ETN,ETN,2026-03-20,361.489990234375,367.04998779296875,353.6499938964844,356.79998779296875,4219100,355.8166809082031
ETN,ETN,2026-03-23,362.69000244140625,370.9700012207031,359.55999755859375,359.739990234375,2618100,358.74859619140625
ETN,ETN,2026-03-24,359.67999267578125,375.92999267578125,356.6400146484375,374.1000061035156,2666100,373.06903076171875
ETN,ETN,2026-03-25,378.4700012207031,380.45001220703125,372.7699890136719,375.0,2527400,373.966552734375
ETN,ETN,2026-03-26,370.75,373.3800048828125,356.6700134277344,357.1000061035156,2036900,356.1158752441406
ETN,ETN,2026-03-27,356.5799865722656,363.32000732421875,355.5400085449219,357.3599853515625,2152100,356.3751525878906
ETN,ETN,2026-03-30,359.8900146484375,363.9200134277344,342.0,343.5299987792969,3239200,342.5832824707031
ETN,ETN,2026-03-31,347.2900085449219,359.2799987792969,346.1000061035156,357.6700134277344,2175100,356.684326171875
ETN,ETN,2026-04-01,362.05999755859375,368.42999267578125,361.739990234375,365.55999755859375,1980500,364.55255126953125
ETN,ETN,2026-04-02,354.32000732421875,365.989990234375,351.6400146484375,361.1000061035156,1424600,360.1048583984375
ETN,ETN,2026-04-06,361.0,364.2099914550781,357.07000732421875,363.8900146484375,1360900,362.8871765136719
ETN,ETN,2026-04-07,363.0,369.1099853515625,359.7099914550781,368.8500061035156,2185300,367.83349609375
ETN,ETN,2026-04-08,388.5,390.9700012207031,381.1700134277344,385.5799865722656,2255100,384.5173645019531
ETN,ETN,2026-04-09,386.0,401.1099853515625,385.7099914550781,400.44000244140625,2134100,399.33642578125
ETN,ETN,2026-04-10,404.2200012207031,407.010009765625,401.1000061035156,403.0,2218700,401.8893737792969
ETN,ETN,2026-04-13,403.8500061035156,404.75,395.17999267578125,403.3599853515625,1818700,402.2483825683594
ETN,ETN,2026-04-14,402.760009765625,407.8299865722656,397.489990234375,401.8999938964844,1825900,400.79241943359375
ETN,ETN,2026-04-15,400.44000244140625,401.3399963378906,389.3999938964844,395.05999755859375,2266900,393.97125244140625
ETN,ETN,2026-04-16,394.010009765625,395.9599914550781,387.6600036621094,392.7300109863281,1815700,391.647705078125
ETN,ETN,2026-04-17,395.260009765625,410.9100036621094,394.2799987792969,406.2099914550781,2624700,405.09051513671875
ETN,ETN,2026-04-20,407.0,409.6600036621094,403.9200134277344,407.57000732421875,2416200,406.4468078613281
ETN,ETN,2026-04-21,410.6199951171875,418.3800048828125,409.1300048828125,409.70001220703125,2022300,408.5709228515625
ETN,ETN,2026-04-22,417.30999755859375,419.4700012207031,411.8900146484375,413.8699951171875,2683000,412.72943115234375
ETN,ETN,2026-04-23,417.2300109863281,429.30999755859375,416.260009765625,424.5,2912100,423.33013916015625
ETN,ETN,2026-04-24,430.04998779296875,432.3399963378906,422.0299987792969,423.9200134277344,2490300,422.7517395019531
ETN,ETN,2026-04-27,425.3999938964844,426.3800048828125,414.20001220703125,416.7699890136719,2463900,415.6214294433594
ETN,ETN,2026-04-28,408.0,416.4100036621094,401.6499938964844,413.07000732421875,2483900,411.931640625
ETN,ETN,2026-04-29,416.8599853515625,418.6300048828125,407.3599853515625,410.7699890136719,1932500,409.6379699707031
ETN,ETN,2026-04-30,417.6600036621094,434.29998779296875,417.6499938964844,433.010009765625,3251000,431.8166809082031
ETN,ETN,2026-05-01,435.0,435.42999267578125,422.8399963378906,425.54998779296875,2478400,424.3772277832031
ETN,ETN,2026-05-04,426.2300109863281,434.75,421.92999267578125,422.44000244140625,3298500,421.27581787109375
ETN,ETN,2026-05-05,397.7699890136719,415.92999267578125,388.260009765625,410.8599853515625,6876500,409.7276916503906
ETN,ETN,2026-05-06,423.9700012207031,423.9700012207031,409.0199890136719,421.3900146484375,3289700,420.2287292480469
ETN,ETN,2026-05-07,419.0,419.8999938964844,396.2099914550781,399.1499938964844,3590000,398.04998779296875
ETN,ETN,2026-05-08,400.55999755859375,406.8500061035156,399.0,401.510009765625,2386900,401.510009765625
ETN,ETN,2026-05-11,402.0400085449219,420.8800048828125,396.44000244140625,419.0,3724700,419.0
ETN,ETN,2026-05-12,415.4800109863281,415.9800109863281,396.19000244140625,401.5299987792969,2953100,401.5299987792969
ETN,ETN,2026-05-13,406.1700134277344,409.6000061035156,400.55999755859375,406.94000244140625,2316800,406.94000244140625
ETN,ETN,2026-05-14,409.989990234375,409.989990234375,403.0799865722656,408.1000061035156,2011900,408.1000061035156
ETN,ETN,2026-05-15,399.32000732421875,402.1199951171875,395.3500061035156,399.44000244140625,3253300,399.44000244140625
ETN,ETN,2026-05-18,398.2099914550781,398.2099914550781,375.55999755859375,381.8699951171875,2862900,381.8699951171875
ETN,ETN,2026-05-19,372.4100036621094,377.1700134277344,367.6400146484375,371.8800048828125,2951900,371.8800048828125
ETN,ETN,2026-05-20,373.7699890136719,382.4599914550781,371.4599914550781,379.69000244140625,2684600,379.69000244140625
ETN,ETN,2026-05-21,380.0,384.95001220703125,377.20001220703125,381.510009765625,1933700,381.510009765625
ETN,ETN,2026-05-22,385.3500061035156,395.2099914550781,380.55999755859375,391.3500061035156,2353500,391.3500061035156
ETN,ETN,2026-05-26,400.07000732421875,409.6499938964844,398.0,403.1300048828125,2855200,403.1300048828125
ETN,ETN,2026-05-27,402.7200012207031,406.8299865722656,395.29998779296875,406.3699951171875,2846000,406.3699951171875
ETN,ETN,2026-05-28,403.20001220703125,406.4800109863281,389.0,401.94000244140625,2318400,401.94000244140625
ETN,ETN,2026-05-29,402.3900146484375,404.2799987792969,397.5,400.6000061035156,3321300,400.6000061035156
ETN,ETN,2026-06-01,396.0799865722656,404.2300109863281,393.6000061035156,400.0799865722656,2339300,400.0799865722656
ETN,ETN,2026-06-02,405.6099853515625,419.67999267578125,404.75,417.6199951171875,2074500,417.6199951171875
ETN,ETN,2026-06-03,420.0,426.5899963378906,414.6600036621094,421.2099914550781,2181800,421.2099914550781
ETN,ETN,2026-06-04,416.739990234375,421.57000732421875,408.760009765625,418.6099853515625,1859800,418.6099853515625
ETN,ETN,2026-06-05,408.54998779296875,410.6099853515625,393.1700134277344,395.94000244140625,2538000,395.94000244140625
ETN,ETN,2026-06-08,400.1300048828125,406.510009765625,398.1000061035156,403.1400146484375,2100500,403.1400146484375
ETN,ETN,2026-06-09,407.0,413.25,386.6199951171875,401.7200012207031,2335800,401.7200012207031
ETN,ETN,2026-06-10,395.54998779296875,399.8299865722656,375.0400085449219,375.4599914550781,3555500,375.4599914550781
ETN,ETN,2026-06-11,382.0,396.17999267578125,378.05999755859375,393.6400146484375,2639800,393.6400146484375
ETN,ETN,2026-06-12,396.54998779296875,399.1300048828125,388.3399963378906,391.3900146484375,2175100,391.3900146484375
ETN,ETN,2026-06-15,403.0799865722656,412.0400085449219,402.95001220703125,407.05999755859375,2336700,407.05999755859375
ETN,ETN,2026-06-16,409.2799987792969,415.6199951171875,407.2300109863281,407.7099914550781,1788700,407.7099914550781
ETN,ETN,2026-06-17,414.1400146484375,419.1700134277344,408.0,409.6400146484375,2242500,409.6400146484375
ETN,ETN,2026-06-18,420.8399963378906,425.9200134277344,414.7300109863281,421.7699890136719,3715600,421.7699890136719
