ticker,source_symbol,date,open,high,low,close,volume,adj_close
QCOM,QCOM,2009-01-02,35.650001525878906,37.130001068115234,35.349998474121094,37.04999923706055,14756600,24.120424270629883
QCOM,QCOM,2009-01-05,36.599998474121094,36.900001525878906,36.04999923706055,36.45000076293945,16601600,23.729808807373047
QCOM,QCOM,2009-01-06,36.900001525878906,37.709999084472656,36.349998474121094,37.150001525878906,16507800,24.185523986816406
QCOM,QCOM,2009-01-07,36.5,36.68000030517578,35.119998931884766,35.54999923706055,16718900,23.143884658813477
QCOM,QCOM,2009-01-08,35.369998931884766,35.59000015258789,34.4900016784668,35.279998779296875,16352300,22.968111038208008
QCOM,QCOM,2009-01-09,35.54999923706055,35.90999984741211,33.5099983215332,35.0,15970000,22.785823822021484
QCOM,QCOM,2009-01-12,34.9900016784668,35.52000045776367,34.33000183105469,34.86000061035156,13900700,22.694686889648438
QCOM,QCOM,2009-01-13,34.959999084472656,35.79999923706055,34.5099983215332,35.13999938964844,16203600,22.876968383789062
QCOM,QCOM,2009-01-14,34.279998779296875,34.869998931884766,33.59000015258789,33.7599983215332,15782900,21.978559494018555
QCOM,QCOM,2009-01-15,33.529998779296875,35.18000030517578,33.290000915527344,34.79999923706055,22940100,22.655628204345703
QCOM,QCOM,2009-01-16,35.349998474121094,36.380001068115234,34.90999984741211,36.02000045776367,29298500,23.449857711791992
QCOM,QCOM,2009-01-20,35.709999084472656,36.099998474121094,34.09000015258789,34.13999938964844,21074100,22.2259464263916
QCOM,QCOM,2009-01-21,34.84000015258789,35.869998931884766,34.66999816894531,35.869998931884766,20421800,23.352214813232422
QCOM,QCOM,2009-01-22,34.599998474121094,36.779998779296875,34.599998474121094,36.060001373291016,27819500,23.475915908813477
QCOM,QCOM,2009-01-23,35.5,37.209999084472656,35.439998626708984,36.56999969482422,24189900,23.80793571472168
QCOM,QCOM,2009-01-26,36.2599983215332,37.02000045776367,35.86000061035156,36.58000183105469,22296100,23.81443977355957
QCOM,QCOM,2009-01-27,36.68000030517578,36.81999969482422,35.22999954223633,35.630001068115234,24662800,23.195980072021484
QCOM,QCOM,2009-01-28,36.08000183105469,37.06999969482422,36.0,36.81999969482422,30818500,23.970687866210938
QCOM,QCOM,2009-01-29,34.400001525878906,35.18000030517578,33.77000045776367,35.130001068115234,40280000,22.870464324951172
QCOM,QCOM,2009-01-30,34.84000015258789,35.060001373291016,34.33000183105469,34.54999923706055,20790900,22.492868423461914
QCOM,QCOM,2009-02-02,34.15999984741211,35.59000015258789,33.81999969482422,35.290000915527344,18521700,22.97461700439453
QCOM,QCOM,2009-02-03,34.66999816894531,35.060001373291016,33.369998931884766,34.220001220703125,32477900,22.278024673461914
QCOM,QCOM,2009-02-04,34.29999923706055,34.95000076293945,33.68000030517578,33.83000183105469,20389700,22.02413558959961
QCOM,QCOM,2009-02-05,33.56999969482422,35.43000030517578,33.060001373291016,35.040000915527344,30422000,22.811864852905273
QCOM,QCOM,2009-02-06,35.2599983215332,36.630001068115234,34.619998931884766,36.31999969482422,27404600,23.645164489746094
QCOM,QCOM,2009-02-09,36.2400016784668,36.900001525878906,36.0,36.650001525878906,16853600,23.860023498535156
QCOM,QCOM,2009-02-10,36.2599983215332,36.650001525878906,34.689998626708984,35.02000045776367,24623000,22.798845291137695
QCOM,QCOM,2009-02-11,34.790000915527344,35.560001373291016,33.91999816894531,34.61000061035156,21463000,22.53192901611328
QCOM,QCOM,2009-02-12,34.25,35.79999923706055,34.130001068115234,35.540000915527344,26075000,23.13738441467285
QCOM,QCOM,2009-02-13,35.349998474121094,36.369998931884766,35.349998474121094,35.68000030517578,18238700,23.22852325439453
QCOM,QCOM,2009-02-17,35.20000076293945,35.540000915527344,34.099998474121094,34.720001220703125,22286800,22.60354232788086
QCOM,QCOM,2009-02-18,35.0,35.18000030517578,34.0,34.31999969482422,23205400,22.3431339263916
QCOM,QCOM,2009-02-19,34.70000076293945,35.09000015258789,33.779998779296875,33.84000015258789,20371600,22.030637741088867
QCOM,QCOM,2009-02-20,33.5099983215332,34.560001373291016,33.43000030517578,34.06999969482422,22740400,22.180370330810547
QCOM,QCOM,2009-02-23,33.83000183105469,34.25,32.66999816894531,32.779998779296875,20273700,21.34054946899414
QCOM,QCOM,2009-02-24,33.16999816894531,34.709999084472656,33.060001373291016,34.4900016784668,25690400,22.453805923461914
QCOM,QCOM,2009-02-25,34.09000015258789,34.72999954223633,33.11000061035156,33.93000030517578,21050600,22.19217872619629
QCOM,QCOM,2009-02-26,34.2599983215332,35.369998931884766,33.56999969482422,33.65999984741211,24745800,22.01557731628418
QCOM,QCOM,2009-02-27,33.38999938964844,34.209999084472656,33.31999969482422,33.43000030517578,25019800,21.86515235900879
QCOM,QCOM,2009-03-02,32.93000030517578,33.779998779296875,32.63999938964844,32.790000915527344,22922500,21.44655418395996
QCOM,QCOM,2009-03-03,33.45000076293945,34.130001068115234,32.91999816894531,33.45000076293945,24766800,21.87823486328125
QCOM,QCOM,2009-03-04,34.130001068115234,35.2599983215332,33.880001068115234,34.7400016784668,25827000,22.721961975097656
QCOM,QCOM,2009-03-05,34.54999923706055,35.45000076293945,34.5,34.630001068115234,27301300,22.6500186920166
QCOM,QCOM,2009-03-06,34.7400016784668,35.06999969482422,32.66999816894531,33.630001068115234,33408800,21.995962142944336
QCOM,QCOM,2009-03-09,33.29999923706055,34.58000183105469,32.83000183105469,33.0,22845300,21.583900451660156
QCOM,QCOM,2009-03-10,33.5,35.38999938964844,33.369998931884766,35.36000061035156,33440400,23.127483367919922
QCOM,QCOM,2009-03-11,35.40999984741211,35.7400016784668,34.54999923706055,35.349998474121094,23658500,23.12095069885254
QCOM,QCOM,2009-03-12,35.45000076293945,36.970001220703125,35.33000183105469,36.790000915527344,27304400,24.06279182434082
QCOM,QCOM,2009-03-13,36.630001068115234,36.83000183105469,35.91999816894531,36.75,17724000,24.036624908447266
QCOM,QCOM,2009-03-16,36.880001068115234,36.959999084472656,35.7400016784668,35.84000015258789,15483800,23.441436767578125
QCOM,QCOM,2009-03-17,36.29999923706055,37.36000061035156,35.9900016784668,37.310001373291016,20393000,24.40289306640625
QCOM,QCOM,2009-03-18,36.75,38.599998474121094,36.72999954223633,37.95000076293945,26388400,24.82149314880371
QCOM,QCOM,2009-03-19,38.060001373291016,38.279998779296875,37.40999984741211,37.63999938964844,25166300,24.618736267089844
QCOM,QCOM,2009-03-20,37.650001525878906,38.04999923706055,36.650001525878906,37.060001373291016,27983000,24.239376068115234
QCOM,QCOM,2009-03-23,37.84000015258789,39.029998779296875,37.5,38.81999969482422,22472300,25.390520095825195
QCOM,QCOM,2009-03-24,38.439998626708984,38.58000183105469,37.7599983215332,38.029998779296875,18068600,24.873825073242188
QCOM,QCOM,2009-03-25,38.130001068115234,38.97999954223633,37.369998931884766,38.5,24416600,25.181222915649414
QCOM,QCOM,2009-03-26,38.779998779296875,39.70000076293945,38.709999084472656,39.540000915527344,23676300,25.861448287963867
QCOM,QCOM,2009-03-27,39.08000183105469,39.41999816894531,38.61000061035156,38.939998626708984,15805000,25.469013214111328
QCOM,QCOM,2009-03-30,38.130001068115234,38.56999969482422,37.31999969482422,37.869998931884766,18252500,24.7691707611084
QCOM,QCOM,2009-03-31,38.4900016784668,39.619998931884766,38.2400016784668,38.90999984741211,27691200,25.449384689331055
QCOM,QCOM,2009-04-01,38.27000045776367,39.7599983215332,38.060001373291016,39.68000030517578,20333000,25.953004837036133
QCOM,QCOM,2009-04-02,39.95000076293945,41.529998779296875,39.720001220703125,41.310001373291016,34497000,27.019134521484375
QCOM,QCOM,2009-04-03,41.47999954223633,41.47999954223633,40.630001068115234,41.189998626708984,18373700,26.940635681152344
QCOM,QCOM,2009-04-06,40.45000076293945,40.68000030517578,39.66999816894531,40.65999984741211,16877900,26.5939884185791
QCOM,QCOM,2009-04-07,40.13999938964844,40.27000045776367,39.0099983215332,39.36000061035156,16011600,25.74370574951172
QCOM,QCOM,2009-04-08,39.88999938964844,40.5099983215332,39.529998779296875,40.220001220703125,16422300,26.306198120117188
QCOM,QCOM,2009-04-09,40.77000045776367,42.0,40.689998626708984,41.650001525878906,21033400,27.24151039123535
QCOM,QCOM,2009-04-13,40.939998626708984,41.13999938964844,40.52000045776367,40.880001068115234,13082000,26.73788070678711
QCOM,QCOM,2009-04-14,40.790000915527344,41.15999984741211,40.38999938964844,40.79999923706055,15840400,26.68556022644043
QCOM,QCOM,2009-04-15,40.31999969482422,40.95000076293945,40.119998931884766,40.900001525878906,15440100,26.750967025756836
QCOM,QCOM,2009-04-16,41.209999084472656,41.709999084472656,40.75,41.63999938964844,19057100,27.234970092773438
QCOM,QCOM,2009-04-17,41.61000061035156,41.7599983215332,40.7400016784668,40.97999954223633,20677000,26.803295135498047
QCOM,QCOM,2009-04-20,40.11000061035156,40.459999084472656,39.27000045776367,39.630001068115234,18013500,25.920310974121094
QCOM,QCOM,2009-04-21,39.619998931884766,40.34000015258789,39.279998779296875,40.27000045776367,18350600,26.33892059326172
QCOM,QCOM,2009-04-22,39.90999984741211,41.099998474121094,39.849998474121094,40.119998931884766,24932500,26.24080467224121
QCOM,QCOM,2009-04-23,41.11000061035156,41.2599983215332,39.709999084472656,40.72999954223633,22301000,26.639774322509766
QCOM,QCOM,2009-04-24,40.84000015258789,41.619998931884766,40.0099983215332,41.36000061035156,18937200,27.051836013793945
QCOM,QCOM,2009-04-27,42.349998474121094,44.59000015258789,42.29999923706055,43.16999816894531,38182100,28.235671997070312
QCOM,QCOM,2009-04-28,42.630001068115234,43.529998779296875,42.06999969482422,42.2400016784668,17556000,27.62740707397461
QCOM,QCOM,2009-04-29,42.58000183105469,43.560001373291016,42.0,43.08000183105469,17932600,28.17681312561035
QCOM,QCOM,2009-04-30,43.34000015258789,43.560001373291016,41.720001220703125,42.31999969482422,22733500,27.679718017578125
QCOM,QCOM,2009-05-01,42.310001373291016,42.7599983215332,41.4900016784668,42.65999984741211,14351600,27.902109146118164
QCOM,QCOM,2009-05-04,42.959999084472656,43.95000076293945,42.83000183105469,43.349998474121094,16111500,28.353410720825195
QCOM,QCOM,2009-05-05,43.47999954223633,43.59000015258789,42.66999816894531,43.4900016784668,15643800,28.444984436035156
QCOM,QCOM,2009-05-06,43.88999938964844,44.209999084472656,42.81999969482422,43.72999954223633,16793600,28.601943969726562
QCOM,QCOM,2009-05-07,43.75,44.18000030517578,41.709999084472656,42.34000015258789,19988700,27.692798614501953
QCOM,QCOM,2009-05-08,42.83000183105469,43.11000061035156,41.31999969482422,41.790000915527344,19262800,27.333080291748047
QCOM,QCOM,2009-05-11,41.599998474121094,42.52000045776367,40.810001373291016,41.91999816894531,12694800,27.418094635009766
QCOM,QCOM,2009-05-12,41.95000076293945,42.2400016784668,40.41999816894531,40.93000030517578,16794600,26.77058982849121
QCOM,QCOM,2009-05-13,40.54999923706055,40.68000030517578,39.849998474121094,39.91999816894531,19149500,26.1099796295166
QCOM,QCOM,2009-05-14,40.209999084472656,40.86000061035156,40.029998779296875,40.529998779296875,13919400,26.50896453857422
QCOM,QCOM,2009-05-15,40.349998474121094,41.15999984741211,40.20000076293945,40.720001220703125,14971800,26.633224487304688
QCOM,QCOM,2009-05-18,41.08000183105469,42.18000030517578,40.93000030517578,41.9900016784668,16000800,27.46389389038086
QCOM,QCOM,2009-05-19,41.75,42.7599983215332,41.25,42.34000015258789,14572400,27.692798614501953
QCOM,QCOM,2009-05-20,42.56999969482422,43.20000076293945,41.79999923706055,42.56999969482422,14100000,27.84324836730957
QCOM,QCOM,2009-05-21,41.9900016784668,42.56999969482422,40.9900016784668,41.689998626708984,16613600,27.26767349243164
QCOM,QCOM,2009-05-22,41.650001525878906,42.09000015258789,41.20000076293945,41.310001373291016,11479000,27.019134521484375
QCOM,QCOM,2009-05-26,40.72999954223633,43.560001373291016,40.709999084472656,43.290000915527344,20202000,28.314159393310547
QCOM,QCOM,2009-05-27,43.20000076293945,43.68000030517578,42.20000076293945,42.43000030517578,21180500,27.861083984375
QCOM,QCOM,2009-05-28,42.900001525878906,43.20000076293945,41.77000045776367,42.95000076293945,13887800,28.202539443969727
QCOM,QCOM,2009-05-29,43.310001373291016,43.650001525878906,42.43000030517578,43.59000015258789,15805100,28.622791290283203
QCOM,QCOM,2009-06-01,44.099998474121094,44.75,43.40999984741211,44.400001525878906,17425400,29.1546688079834
QCOM,QCOM,2009-06-02,43.90999984741211,44.5,43.58000183105469,43.90999984741211,13659700,28.832916259765625
QCOM,QCOM,2009-06-03,43.90999984741211,43.90999984741211,42.849998474121094,43.58000183105469,22991000,28.61621856689453
QCOM,QCOM,2009-06-04,43.75,45.439998626708984,43.650001525878906,45.290000915527344,20563200,29.739057540893555
QCOM,QCOM,2009-06-05,45.52000045776367,45.689998626708984,44.880001068115234,45.400001525878906,16203400,29.811288833618164
QCOM,QCOM,2009-06-08,44.900001525878906,45.709999084472656,44.400001525878906,45.369998931884766,12900300,29.791587829589844
QCOM,QCOM,2009-06-09,45.869998931884766,46.31999969482422,45.130001068115234,46.029998779296875,14891200,30.224966049194336
QCOM,QCOM,2009-06-10,46.20000076293945,46.470001220703125,45.400001525878906,46.06999969482422,13687600,30.251235961914062
QCOM,QCOM,2009-06-11,45.13999938964844,46.459999084472656,44.93000030517578,45.97999954223633,25319500,30.192138671875
QCOM,QCOM,2009-06-12,46.13999938964844,46.38999938964844,45.08000183105469,46.04999923706055,13901200,30.238101959228516
QCOM,QCOM,2009-06-15,45.310001373291016,45.349998474121094,43.72999954223633,44.310001373291016,19721800,29.095563888549805
QCOM,QCOM,2009-06-16,44.040000915527344,44.5099983215332,43.45000076293945,43.45000076293945,17871200,28.530855178833008
QCOM,QCOM,2009-06-17,44.439998626708984,45.349998474121094,43.9900016784668,45.09000015258789,27049800,29.60773277282715
QCOM,QCOM,2009-06-18,45.02000045776367,45.65999984741211,44.34000015258789,45.279998779296875,18875000,29.732501983642578
QCOM,QCOM,2009-06-19,45.40999984741211,46.0,45.150001525878906,46.0,22336800,30.205289840698242
QCOM,QCOM,2009-06-22,45.459999084472656,45.75,44.2599983215332,44.400001525878906,19886300,29.1546688079834
QCOM,QCOM,2009-06-23,44.41999816894531,44.779998779296875,43.31999969482422,44.4900016784668,21305900,29.213747024536133
QCOM,QCOM,2009-06-24,44.650001525878906,45.41999816894531,44.2599983215332,45.27000045776367,19722300,29.725927352905273
QCOM,QCOM,2009-06-25,45.130001068115234,46.70000076293945,44.959999084472656,46.34000015258789,18790400,30.428543090820312
QCOM,QCOM,2009-06-26,46.099998474121094,46.72999954223633,45.790000915527344,46.189998626708984,18394600,30.330034255981445
QCOM,QCOM,2009-06-29,45.90999984741211,46.439998626708984,45.400001525878906,46.09000015258789,12572300,30.264362335205078
QCOM,QCOM,2009-06-30,45.900001525878906,46.0,45.0099983215332,45.20000076293945,16604900,29.67996597290039
QCOM,QCOM,2009-07-01,45.369998931884766,45.59000015258789,44.91999816894531,45.15999984741211,12686700,29.653709411621094
QCOM,QCOM,2009-07-02,44.86000061035156,45.13999938964844,44.220001220703125,44.68000030517578,12659400,29.338502883911133
QCOM,QCOM,2009-07-06,44.22999954223633,45.34000015258789,43.880001068115234,45.20000076293945,16580700,29.67996597290039
QCOM,QCOM,2009-07-07,45.20000076293945,45.33000183105469,43.52000045776367,43.68000030517578,19433000,28.681882858276367
QCOM,QCOM,2009-07-08,43.470001220703125,43.90999984741211,43.060001373291016,43.54999923706055,16496200,28.596511840820312
QCOM,QCOM,2009-07-09,43.650001525878906,43.7599983215332,43.0,43.060001373291016,15676200,28.27475929260254
QCOM,QCOM,2009-07-10,43.130001068115234,43.599998474121094,42.79999923706055,43.439998626708984,10338700,28.52427101135254
QCOM,QCOM,2009-07-13,43.720001220703125,44.31999969482422,42.66999816894531,44.310001373291016,15653400,29.095563888549805
QCOM,QCOM,2009-07-14,44.2599983215332,44.84000015258789,43.95000076293945,44.650001525878906,11370300,29.318817138671875
QCOM,QCOM,2009-07-15,45.09000015258789,46.150001525878906,44.75,46.060001373291016,19696300,30.244680404663086
QCOM,QCOM,2009-07-16,45.93000030517578,46.84000015258789,45.7599983215332,46.720001220703125,17450900,30.678062438964844
QCOM,QCOM,2009-07-17,46.88999938964844,47.61000061035156,46.25,47.400001525878906,23154400,31.12455940246582
QCOM,QCOM,2009-07-20,47.470001220703125,47.4900016784668,46.38999938964844,47.029998779296875,18371700,30.881614685058594
QCOM,QCOM,2009-07-21,47.02000045776367,48.0,46.36000061035156,47.97999954223633,21631600,31.505413055419922
QCOM,QCOM,2009-07-22,47.790000915527344,48.720001220703125,47.45000076293945,48.45000076293945,25564800,31.81403350830078
QCOM,QCOM,2009-07-23,46.34000015258789,47.45000076293945,46.0,47.400001525878906,40704900,31.12455940246582
QCOM,QCOM,2009-07-24,47.099998474121094,47.599998474121094,46.65999984741211,47.349998474121094,13586600,31.091737747192383
QCOM,QCOM,2009-07-27,46.970001220703125,47.349998474121094,46.15999984741211,46.47999954223633,15153300,30.52046012878418
QCOM,QCOM,2009-07-28,46.34000015258789,46.52000045776367,45.95000076293945,46.36000061035156,15059600,30.441669464111328
QCOM,QCOM,2009-07-29,46.0099983215332,46.5,45.79999923706055,46.25,11081000,30.369436264038086
QCOM,QCOM,2009-07-30,46.70000076293945,47.45000076293945,46.380001068115234,46.52000045776367,15013700,30.546730041503906
QCOM,QCOM,2009-07-31,46.2599983215332,46.849998474121094,46.040000915527344,46.209999084472656,13433700,30.343183517456055
QCOM,QCOM,2009-08-03,46.66999816894531,47.15999984741211,46.310001373291016,46.970001220703125,11902600,30.84221839904785
QCOM,QCOM,2009-08-04,46.810001373291016,46.849998474121094,45.959999084472656,46.310001373291016,13239600,30.408836364746094
QCOM,QCOM,2009-08-05,46.220001220703125,46.38999938964844,45.310001373291016,45.810001373291016,12777800,30.080509185791016
QCOM,QCOM,2009-08-06,45.900001525878906,45.970001220703125,45.290000915527344,45.599998474121094,11257800,29.942623138427734
QCOM,QCOM,2009-08-07,46.06999969482422,46.43000030517578,45.849998474121094,45.970001220703125,11958300,30.185585021972656
QCOM,QCOM,2009-08-10,45.56999969482422,46.06999969482422,45.470001220703125,45.7400016784668,9914700,30.0345458984375
QCOM,QCOM,2009-08-11,45.61000061035156,46.13999938964844,45.380001068115234,45.400001525878906,14612400,29.811288833618164
QCOM,QCOM,2009-08-12,45.41999816894531,46.970001220703125,45.40999984741211,46.369998931884766,15555500,30.448226928710938
QCOM,QCOM,2009-08-13,46.5099983215332,46.88999938964844,46.099998474121094,46.58000183105469,11200300,30.586122512817383
QCOM,QCOM,2009-08-14,46.52000045776367,46.52000045776367,45.4900016784668,46.130001068115234,11838100,30.290630340576172
QCOM,QCOM,2009-08-17,45.470001220703125,45.689998626708984,44.86000061035156,44.95000076293945,13715200,29.515817642211914
QCOM,QCOM,2009-08-18,45.040000915527344,45.29999923706055,44.63999938964844,45.150001525878906,14128300,29.647140502929688
QCOM,QCOM,2009-08-19,44.849998474121094,45.88999938964844,44.65999984741211,45.720001220703125,11224100,30.021411895751953
QCOM,QCOM,2009-08-20,45.79999923706055,47.29999923706055,45.75,47.09000015258789,18917400,30.921001434326172
QCOM,QCOM,2009-08-21,47.470001220703125,47.4900016784668,46.630001068115234,47.290000915527344,20702400,31.052324295043945
QCOM,QCOM,2009-08-24,46.86000061035156,47.5,46.86000061035156,47.40999984741211,11622100,31.131132125854492
QCOM,QCOM,2009-08-25,47.27000045776367,47.849998474121094,46.880001068115234,46.9900016784668,21489900,30.855350494384766
QCOM,QCOM,2009-08-26,46.9900016784668,47.779998779296875,46.7599983215332,47.529998779296875,14478300,31.323246002197266
QCOM,QCOM,2009-08-27,47.380001068115234,47.56999969482422,46.79999923706055,47.25,10719700,31.138723373413086
QCOM,QCOM,2009-08-28,47.72999954223633,48.20000076293945,46.939998626708984,47.220001220703125,11981100,31.118947982788086
QCOM,QCOM,2009-08-31,47.0,47.0,45.9900016784668,46.41999816894531,15871600,30.591732025146484
QCOM,QCOM,2009-09-01,46.040000915527344,46.720001220703125,45.04999923706055,45.349998474121094,19279500,29.886592864990234
QCOM,QCOM,2009-09-02,45.0,45.810001373291016,44.68000030517578,45.41999816894531,14383600,29.932720184326172
QCOM,QCOM,2009-09-03,45.20000076293945,45.29999923706055,44.130001068115234,45.02000045776367,31352700,29.66910171508789
QCOM,QCOM,2009-09-04,45.029998779296875,45.970001220703125,44.75,45.720001220703125,14684900,30.130420684814453
QCOM,QCOM,2009-09-08,45.900001525878906,46.040000915527344,45.5099983215332,46.02000045776367,15377600,30.328128814697266
QCOM,QCOM,2009-09-09,45.77000045776367,46.540000915527344,45.209999084472656,46.220001220703125,22253000,30.459930419921875
QCOM,QCOM,2009-09-10,46.13999938964844,46.75,45.88999938964844,46.650001525878906,14269700,30.743310928344727
QCOM,QCOM,2009-09-11,46.650001525878906,46.709999084472656,45.91999816894531,46.61000061035156,10466300,30.716957092285156
QCOM,QCOM,2009-09-14,46.15999984741211,46.47999954223633,45.79999923706055,46.22999954223633,11977800,30.46651840209961
QCOM,QCOM,2009-09-15,46.0,46.130001068115234,45.63999938964844,45.75,15419600,30.15018653869629
QCOM,QCOM,2009-09-16,45.84000015258789,45.93000030517578,44.939998626708984,45.709999084472656,20764900,30.123821258544922
QCOM,QCOM,2009-09-17,45.5,45.650001525878906,44.869998931884766,45.02000045776367,17542300,29.66910171508789
QCOM,QCOM,2009-09-18,45.349998474121094,45.38999938964844,44.0,44.459999084472656,30873500,29.300064086914062
QCOM,QCOM,2009-09-21,44.040000915527344,44.9900016784668,44.0099983215332,44.869998931884766,14616500,29.570241928100586
QCOM,QCOM,2009-09-22,44.9900016784668,44.9900016784668,44.33000183105469,44.59000015258789,14733400,29.385744094848633
QCOM,QCOM,2009-09-23,44.599998474121094,44.90999984741211,44.18000030517578,44.22999954223633,17875800,29.14847755432129
QCOM,QCOM,2009-09-24,44.41999816894531,44.86000061035156,44.18000030517578,44.65999984741211,19006700,29.431842803955078
QCOM,QCOM,2009-09-25,44.470001220703125,45.130001068115234,44.29999923706055,44.70000076293945,19489800,29.458219528198242
QCOM,QCOM,2009-09-28,45.13999938964844,46.349998474121094,45.02000045776367,45.970001220703125,18495300,30.295181274414062
QCOM,QCOM,2009-09-29,45.93000030517578,46.029998779296875,45.25,45.5,15807800,29.985437393188477
QCOM,QCOM,2009-09-30,45.720001220703125,45.83000183105469,44.5099983215332,44.97999954223633,20262600,29.642744064331055
QCOM,QCOM,2009-10-01,44.61000061035156,44.63999938964844,42.5,42.70000076293945,31958800,28.140178680419922
QCOM,QCOM,2009-10-02,42.380001068115234,42.619998931884766,41.220001220703125,41.439998626708984,34710100,27.309823989868164
QCOM,QCOM,2009-10-05,41.599998474121094,42.290000915527344,41.34000015258789,41.939998626708984,17797200,27.639320373535156
QCOM,QCOM,2009-10-06,42.279998779296875,43.400001525878906,42.209999084472656,42.619998931884766,24579800,28.087465286254883
QCOM,QCOM,2009-10-07,42.41999816894531,42.65999984741211,42.02000045776367,42.18000030517578,15330100,27.797489166259766
QCOM,QCOM,2009-10-08,42.68000030517578,42.68000030517578,41.369998931884766,41.45000076293945,24421700,27.316410064697266
QCOM,QCOM,2009-10-09,41.459999084472656,41.77000045776367,40.5,41.70000076293945,34598100,27.481164932250977
QCOM,QCOM,2009-10-12,41.72999954223633,42.0099983215332,41.189998626708984,41.540000915527344,13729700,27.375717163085938
QCOM,QCOM,2009-10-13,41.630001068115234,41.84000015258789,41.08000183105469,41.290000915527344,15438400,27.210952758789062
QCOM,QCOM,2009-10-14,41.84000015258789,42.36000061035156,41.61000061035156,42.22999954223633,23035100,27.830434799194336
QCOM,QCOM,2009-10-15,42.11000061035156,42.47999954223633,41.880001068115234,42.45000076293945,15883200,27.975433349609375
QCOM,QCOM,2009-10-16,42.47999954223633,42.560001373291016,41.31999969482422,41.959999084472656,22745600,27.65250015258789
QCOM,QCOM,2009-10-19,41.9900016784668,42.34000015258789,41.560001373291016,42.060001373291016,13123100,27.71841812133789
QCOM,QCOM,2009-10-20,41.83000183105469,41.95000076293945,41.099998474121094,41.310001373291016,17423000,27.224140167236328
QCOM,QCOM,2009-10-21,41.2599983215332,41.95000076293945,41.2599983215332,41.40999984741211,17578200,27.29004669189453
QCOM,QCOM,2009-10-22,40.72999954223633,41.2400016784668,40.150001525878906,41.08000183105469,25352700,27.072568893432617
QCOM,QCOM,2009-10-23,40.79999923706055,41.11000061035156,40.529998779296875,40.70000076293945,16368300,26.822134017944336
QCOM,QCOM,2009-10-26,40.560001373291016,41.459999084472656,40.369998931884766,40.68000030517578,17075000,26.808950424194336
QCOM,QCOM,2009-10-27,40.810001373291016,41.31999969482422,40.689998626708984,41.0,15087200,27.019838333129883
QCOM,QCOM,2009-10-28,41.08000183105469,41.97999954223633,41.0,41.630001068115234,22598900,27.435035705566406
QCOM,QCOM,2009-10-29,42.0,42.54999923706055,41.869998931884766,42.27000045776367,20375900,27.856801986694336
QCOM,QCOM,2009-10-30,42.630001068115234,43.08000183105469,41.31999969482422,41.33000183105469,21347500,27.23733139038086
QCOM,QCOM,2009-11-02,41.349998474121094,42.0,41.08000183105469,41.810001373291016,14658200,27.553647994995117
QCOM,QCOM,2009-11-03,41.72999954223633,42.290000915527344,41.4900016784668,42.220001220703125,18756500,27.823854446411133
QCOM,QCOM,2009-11-04,42.40999984741211,42.72999954223633,41.5099983215332,41.599998474121094,24228800,27.415258407592773
QCOM,QCOM,2009-11-05,43.04999923706055,43.880001068115234,42.91999816894531,43.849998474121094,36536700,28.898052215576172
QCOM,QCOM,2009-11-06,43.52000045776367,43.970001220703125,43.400001525878906,43.900001525878906,15993400,28.93100929260254
QCOM,QCOM,2009-11-09,44.2400016784668,45.0,44.150001525878906,44.75,17822100,29.491180419921875
QCOM,QCOM,2009-11-10,44.65999984741211,44.75,44.290000915527344,44.349998474121094,12513100,29.227561950683594
QCOM,QCOM,2009-11-11,44.369998931884766,44.75,44.349998474121094,44.65999984741211,15688700,29.431842803955078
QCOM,QCOM,2009-11-12,44.70000076293945,45.189998626708984,44.52000045776367,44.849998474121094,14235300,29.557069778442383
QCOM,QCOM,2009-11-13,45.290000915527344,46.0,45.2400016784668,45.77000045776367,16408000,30.163379669189453
QCOM,QCOM,2009-11-16,45.900001525878906,46.25,45.290000915527344,45.5099983215332,13389700,29.992021560668945
QCOM,QCOM,2009-11-17,45.58000183105469,45.9900016784668,45.459999084472656,45.9900016784668,10331600,30.3083553314209
QCOM,QCOM,2009-11-18,45.83000183105469,45.93000030517578,45.20000076293945,45.4900016784668,13170700,29.978851318359375
QCOM,QCOM,2009-11-19,45.04999923706055,45.36000061035156,44.54999923706055,45.09000015258789,14917900,29.715232849121094
QCOM,QCOM,2009-11-20,44.7599983215332,45.25,44.7599983215332,45.099998474121094,12558200,29.721811294555664
QCOM,QCOM,2009-11-23,45.25,45.900001525878906,45.25,45.54999923706055,9401500,30.131969451904297
QCOM,QCOM,2009-11-24,45.900001525878906,46.0,45.380001068115234,45.560001373291016,11106300,30.138574600219727
QCOM,QCOM,2009-11-25,45.70000076293945,45.84000015258789,45.34000015258789,45.439998626708984,8328900,30.059200286865234
QCOM,QCOM,2009-11-27,44.75,45.38999938964844,44.689998626708984,44.9900016784668,6171900,29.761510848999023
QCOM,QCOM,2009-11-30,44.81999969482422,45.06999969482422,44.31999969482422,45.0,11359600,29.768144607543945
QCOM,QCOM,2009-12-01,45.0,45.470001220703125,44.880001068115234,45.060001373291016,14140300,29.807828903198242
QCOM,QCOM,2009-12-02,45.220001220703125,45.54999923706055,44.900001525878906,45.060001373291016,12581400,29.807828903198242
QCOM,QCOM,2009-12-03,45.04999923706055,45.279998779296875,44.599998474121094,44.630001068115234,10750100,29.523366928100586
QCOM,QCOM,2009-12-04,45.029998779296875,45.68000030517578,44.68000030517578,45.15999984741211,14667900,29.87396812438965
QCOM,QCOM,2009-12-07,45.11000061035156,45.41999816894531,44.79999923706055,44.88999938964844,8485800,29.695371627807617
QCOM,QCOM,2009-12-08,44.709999084472656,45.20000076293945,44.130001068115234,44.59000015258789,13153600,29.496917724609375
QCOM,QCOM,2009-12-09,44.349998474121094,44.869998931884766,44.18000030517578,44.77000045776367,11420800,29.615989685058594
QCOM,QCOM,2009-12-10,45.02000045776367,45.790000915527344,44.95000076293945,45.560001373291016,14892100,30.138574600219727
QCOM,QCOM,2009-12-11,45.619998931884766,45.880001068115234,44.72999954223633,44.900001525878906,16493100,29.701995849609375
QCOM,QCOM,2009-12-14,45.099998474121094,45.220001220703125,44.58000183105469,44.66999816894531,11754500,29.549837112426758
QCOM,QCOM,2009-12-15,44.58000183105469,45.2599983215332,44.45000076293945,44.880001068115234,11314100,29.68877410888672
QCOM,QCOM,2009-12-16,44.900001525878906,45.040000915527344,44.650001525878906,44.689998626708984,9732900,29.56305503845215
QCOM,QCOM,2009-12-17,44.66999816894531,44.83000183105469,44.2400016784668,44.310001373291016,9368300,29.31167984008789
QCOM,QCOM,2009-12-18,44.33000183105469,44.599998474121094,44.04999923706055,44.56999969482422,18465600,29.483673095703125
QCOM,QCOM,2009-12-21,44.880001068115234,45.7400016784668,44.810001373291016,45.40999984741211,11653500,30.039352416992188
QCOM,QCOM,2009-12-22,45.650001525878906,45.900001525878906,45.38999938964844,45.84000015258789,9687400,30.32380485534668
QCOM,QCOM,2009-12-23,45.97999954223633,46.0,45.720001220703125,45.95000076293945,8751300,30.39657211303711
QCOM,QCOM,2009-12-24,45.939998626708984,46.11000061035156,45.790000915527344,46.099998474121094,3760100,30.49579429626465
QCOM,QCOM,2009-12-28,46.04999923706055,46.290000915527344,45.75,46.2599983215332,7410700,30.601634979248047
QCOM,QCOM,2009-12-29,46.2599983215332,46.880001068115234,46.119998931884766,46.650001525878906,8834400,30.859617233276367
QCOM,QCOM,2009-12-30,46.310001373291016,46.9900016784668,46.2400016784668,46.86000061035156,7559300,30.99854278564453
QCOM,QCOM,2009-12-31,46.880001068115234,46.91999816894531,46.2599983215332,46.2599983215332,7696900,30.601634979248047
QCOM,QCOM,2010-01-04,46.790000915527344,47.310001373291016,46.56999969482422,46.939998626708984,14570200,31.051464080810547
QCOM,QCOM,2010-01-05,47.52000045776367,48.31999969482422,47.5,48.06999969482422,24241000,31.798967361450195
QCOM,QCOM,2010-01-06,48.2599983215332,48.43000030517578,47.380001068115234,47.599998474121094,22743800,31.48805809020996
QCOM,QCOM,2010-01-07,47.75,49.02000045776367,47.54999923706055,48.97999954223633,25266300,32.40094757080078
QCOM,QCOM,2010-01-08,49.11000061035156,49.79999923706055,48.88999938964844,49.470001220703125,25938200,32.7251091003418
QCOM,QCOM,2010-01-11,49.58000183105469,49.689998626708984,48.63999938964844,49.290000915527344,14672400,32.60602951049805
QCOM,QCOM,2010-01-12,48.86000061035156,49.209999084472656,48.06999969482422,48.4900016784668,18009100,32.07683181762695
QCOM,QCOM,2010-01-13,48.849998474121094,48.95000076293945,48.22999954223633,48.70000076293945,12426700,32.215728759765625
QCOM,QCOM,2010-01-14,48.2599983215332,48.720001220703125,48.220001220703125,48.369998931884766,13751800,31.997421264648438
QCOM,QCOM,2010-01-15,48.61000061035156,49.040000915527344,48.11000061035156,48.529998779296875,21540300,32.10328674316406
QCOM,QCOM,2010-01-19,48.619998931884766,49.70000076293945,48.54999923706055,49.31999969482422,16564800,32.625877380371094
QCOM,QCOM,2010-01-20,48.90999984741211,48.939998626708984,47.790000915527344,48.349998474121094,18151500,31.984201431274414
QCOM,QCOM,2010-01-21,48.31999969482422,49.0,47.91999816894531,48.09000015258789,18703200,31.812211990356445
QCOM,QCOM,2010-01-22,48.11000061035156,48.56999969482422,46.66999816894531,46.779998779296875,22205300,30.94563102722168
QCOM,QCOM,2010-01-25,46.970001220703125,47.689998626708984,46.70000076293945,46.90999984741211,15304700,31.031612396240234
QCOM,QCOM,2010-01-26,46.900001525878906,47.470001220703125,46.560001373291016,46.88999938964844,18325500,31.01840591430664
QCOM,QCOM,2010-01-27,46.52000045776367,47.310001373291016,46.27000045776367,47.20000076293945,27302900,31.223474502563477
QCOM,QCOM,2010-01-28,42.11000061035156,42.11000061035156,40.0099983215332,40.47999954223633,130892200,26.778087615966797
QCOM,QCOM,2010-01-29,40.83000183105469,40.880001068115234,38.4900016784668,39.189998626708984,112830300,25.924734115600586
QCOM,QCOM,2010-02-01,39.25,39.970001220703125,38.68000030517578,39.77000045776367,54762600,26.308408737182617
QCOM,QCOM,2010-02-02,39.81999969482422,39.88999938964844,38.97999954223633,39.2599983215332,45670300,25.97104263305664
QCOM,QCOM,2010-02-03,38.959999084472656,39.720001220703125,38.599998474121094,39.630001068115234,36836200,26.21579360961914
QCOM,QCOM,2010-02-04,39.27000045776367,39.279998779296875,38.150001525878906,38.16999816894531,39883900,25.24998664855957
QCOM,QCOM,2010-02-05,38.40999984741211,38.599998474121094,37.43000030517578,38.040000915527344,39365100,25.16400718688965
QCOM,QCOM,2010-02-08,38.11000061035156,38.189998626708984,37.470001220703125,37.5099983215332,27373800,24.813385009765625
QCOM,QCOM,2010-02-09,37.91999816894531,38.290000915527344,37.63999938964844,37.90999984741211,28585600,25.078006744384766
QCOM,QCOM,2010-02-10,37.709999084472656,38.15999984741211,37.31999969482422,37.43000030517578,23742400,24.760469436645508
QCOM,QCOM,2010-02-11,37.27000045776367,38.119998931884766,37.0,38.0099983215332,34201400,25.144145965576172
QCOM,QCOM,2010-02-12,38.18000030517578,39.0,37.97999954223633,38.84000015258789,37313700,25.693199157714844
QCOM,QCOM,2010-02-16,39.09000015258789,39.29999923706055,38.70000076293945,39.02000045776367,34301800,25.812280654907227
QCOM,QCOM,2010-02-17,39.099998474121094,39.70000076293945,39.02000045776367,39.43000030517578,24733000,26.083513259887695
QCOM,QCOM,2010-02-18,39.470001220703125,39.939998626708984,39.38999938964844,39.810001373291016,19503800,26.334877014160156
QCOM,QCOM,2010-02-19,39.810001373291016,39.849998474121094,39.470001220703125,39.59000015258789,26638700,26.189348220825195
QCOM,QCOM,2010-02-22,39.810001373291016,39.88999938964844,38.689998626708984,39.0099983215332,27657900,25.8056583404541
QCOM,QCOM,2010-02-23,39.0,39.150001525878906,38.400001525878906,38.540000915527344,17926000,25.4947566986084
QCOM,QCOM,2010-02-24,38.61000061035156,38.66999816894531,37.66999816894531,37.869998931884766,27111500,25.162527084350586
QCOM,QCOM,2010-02-25,37.22999954223633,38.0,36.470001220703125,37.18000030517578,34843000,24.704055786132812
QCOM,QCOM,2010-02-26,37.119998931884766,37.130001068115234,36.5099983215332,36.68000030517578,30557500,24.37183380126953
QCOM,QCOM,2010-03-01,36.81999969482422,36.81999969482422,35.459999084472656,35.560001373291016,59161000,23.627666473388672
QCOM,QCOM,2010-03-02,36.75,38.459999084472656,36.56999969482422,37.93000030517578,77896200,25.20240020751953
QCOM,QCOM,2010-03-03,38.47999954223633,39.15999984741211,38.369998931884766,38.689998626708984,42163800,25.707365036010742
QCOM,QCOM,2010-03-04,38.939998626708984,39.279998779296875,38.58000183105469,39.25,29404500,26.079465866088867
QCOM,QCOM,2010-03-05,39.4900016784668,39.52000045776367,38.619998931884766,38.7599983215332,26466900,25.753875732421875
QCOM,QCOM,2010-03-08,38.83000183105469,39.0099983215332,38.61000061035156,38.790000915527344,13854600,25.773813247680664
QCOM,QCOM,2010-03-09,38.72999954223633,38.90999984741211,38.5,38.68000030517578,20134400,25.700740814208984
QCOM,QCOM,2010-03-10,38.56999969482422,39.099998474121094,38.5,38.880001068115234,15250000,25.833621978759766
QCOM,QCOM,2010-03-11,38.86000061035156,39.25,38.709999084472656,39.099998474121094,16325300,25.97978973388672
QCOM,QCOM,2010-03-12,39.119998931884766,39.38999938964844,38.79999923706055,38.95000076293945,20712100,25.880130767822266
QCOM,QCOM,2010-03-15,39.0,39.060001373291016,38.65999984741211,38.869998931884766,17334500,25.826974868774414
QCOM,QCOM,2010-03-16,38.900001525878906,39.11000061035156,38.59000015258789,39.0099983215332,27699200,25.91999053955078
QCOM,QCOM,2010-03-17,39.04999923706055,39.20000076293945,38.709999084472656,38.900001525878906,23287400,25.846906661987305
QCOM,QCOM,2010-03-18,39.22999954223633,40.529998779296875,39.15999984741211,40.43000030517578,45529100,26.86350440979004
QCOM,QCOM,2010-03-19,40.52000045776367,40.61000061035156,39.779998779296875,40.04999923706055,33417800,26.61101722717285
QCOM,QCOM,2010-03-22,40.08000183105469,40.540000915527344,39.869998931884766,40.279998779296875,16394500,26.763843536376953
QCOM,QCOM,2010-03-23,40.43000030517578,40.58000183105469,40.029998779296875,40.52000045776367,13840700,26.923315048217773
QCOM,QCOM,2010-03-24,40.2400016784668,40.43000030517578,40.02000045776367,40.189998626708984,12980800,26.70404052734375
QCOM,QCOM,2010-03-25,42.540000915527344,43.84000015258789,42.0,42.189998626708984,67289200,28.032926559448242
QCOM,QCOM,2010-03-26,42.0,42.540000915527344,41.61000061035156,41.83000183105469,29773800,27.793733596801758
QCOM,QCOM,2010-03-29,41.970001220703125,42.09000015258789,41.599998474121094,41.7599983215332,11592700,27.74721908569336
QCOM,QCOM,2010-03-30,42.45000076293945,42.5,41.939998626708984,42.130001068115234,20721000,27.993070602416992
QCOM,QCOM,2010-03-31,41.9900016784668,42.220001220703125,41.84000015258789,41.959999084472656,14932000,27.88011360168457
QCOM,QCOM,2010-04-01,42.16999816894531,42.459999084472656,42.13999938964844,42.27000045776367,16319600,28.086091995239258
QCOM,QCOM,2010-04-05,42.599998474121094,43.0099983215332,42.38999938964844,42.529998779296875,14692200,28.258848190307617
QCOM,QCOM,2010-04-06,42.220001220703125,42.560001373291016,42.189998626708984,42.43000030517578,10067800,28.192401885986328
QCOM,QCOM,2010-04-07,42.369998931884766,42.869998931884766,42.369998931884766,42.77000045776367,16091300,28.41832733154297
QCOM,QCOM,2010-04-08,42.689998626708984,42.720001220703125,42.09000015258789,42.400001525878906,12994300,28.172466278076172
QCOM,QCOM,2010-04-09,42.20000076293945,42.369998931884766,41.849998474121094,42.16999816894531,16152000,28.019649505615234
QCOM,QCOM,2010-04-12,42.029998779296875,42.459999084472656,42.0,42.22999954223633,8808700,28.059499740600586
QCOM,QCOM,2010-04-13,42.029998779296875,42.38999938964844,41.79999923706055,42.29999923706055,10762400,28.10601806640625
QCOM,QCOM,2010-04-14,42.22999954223633,42.79999923706055,42.099998474121094,42.599998474121094,19717700,28.305355072021484
QCOM,QCOM,2010-04-15,42.65999984741211,43.18000030517578,42.47999954223633,42.70000076293945,16214200,28.371797561645508
QCOM,QCOM,2010-04-16,42.68000030517578,42.97999954223633,42.25,42.7400016784668,23840800,28.39837646484375
QCOM,QCOM,2010-04-19,42.630001068115234,42.9900016784668,42.25,42.75,14960500,28.40502166748047
QCOM,QCOM,2010-04-20,42.7400016784668,43.349998474121094,42.4900016784668,43.290000915527344,14784600,28.763816833496094
QCOM,QCOM,2010-04-21,43.33000183105469,43.38999938964844,42.27000045776367,42.630001068115234,34304500,28.325288772583008
QCOM,QCOM,2010-04-22,39.75,40.349998474121094,38.880001068115234,39.33000183105469,96916600,26.132619857788086
QCOM,QCOM,2010-04-23,38.97999954223633,39.029998779296875,37.79999923706055,38.25,64242900,25.41503143310547
QCOM,QCOM,2010-04-26,38.27000045776367,38.709999084472656,37.779998779296875,38.11000061035156,25646700,25.321992874145508
QCOM,QCOM,2010-04-27,38.22999954223633,38.84000015258789,37.84000015258789,37.91999816894531,35398400,25.195749282836914
QCOM,QCOM,2010-04-28,38.220001220703125,38.849998474121094,38.0,38.81999969482422,27704200,25.793750762939453
QCOM,QCOM,2010-04-29,38.970001220703125,39.220001220703125,38.77000045776367,38.97999954223633,17668400,25.900060653686523
QCOM,QCOM,2010-04-30,39.150001525878906,39.290000915527344,38.61000061035156,38.68000030517578,18461000,25.700740814208984
QCOM,QCOM,2010-05-03,38.90999984741211,39.04999923706055,38.310001373291016,38.63999938964844,19361900,25.674156188964844
QCOM,QCOM,2010-05-04,38.27000045776367,38.29999923706055,37.0099983215332,37.599998474121094,25189600,24.98312759399414
QCOM,QCOM,2010-05-05,37.20000076293945,37.88999938964844,37.0,37.630001068115234,18405100,25.00306510925293
QCOM,QCOM,2010-05-06,37.36000061035156,37.630001068115234,35.560001373291016,36.66999816894531,28231500,24.36518669128418
QCOM,QCOM,2010-05-07,36.439998626708984,36.86000061035156,35.22999954223633,36.5,36415300,24.25223731994629
QCOM,QCOM,2010-05-10,37.40999984741211,37.810001373291016,37.099998474121094,37.369998931884766,22752400,24.830312728881836
QCOM,QCOM,2010-05-11,37.06999969482422,37.90999984741211,37.04999923706055,37.47999954223633,17506700,24.903396606445312
QCOM,QCOM,2010-05-12,38.0,38.38999938964844,37.720001220703125,38.15999984741211,17607400,25.355226516723633
QCOM,QCOM,2010-05-13,37.970001220703125,38.68000030517578,37.77000045776367,37.959999084472656,18366800,25.222328186035156
QCOM,QCOM,2010-05-14,37.7599983215332,38.040000915527344,36.900001525878906,37.29999923706055,19744400,24.783798217773438
QCOM,QCOM,2010-05-17,37.459999084472656,37.70000076293945,36.77000045776367,37.369998931884766,22359900,24.830312728881836
QCOM,QCOM,2010-05-18,37.02000045776367,37.459999084472656,36.5,36.709999084472656,22975400,24.391767501831055
QCOM,QCOM,2010-05-19,36.68000030517578,36.88999938964844,36.16999816894531,36.45000076293945,18550600,24.21902084350586
QCOM,QCOM,2010-05-20,35.75,36.2400016784668,35.25,35.59000015258789,27571300,23.647598266601562
QCOM,QCOM,2010-05-21,35.099998474121094,36.279998779296875,34.83000183105469,35.88999938964844,28635800,23.846923828125
QCOM,QCOM,2010-05-24,35.599998474121094,36.150001525878906,35.43000030517578,35.66999816894531,16315100,23.70075225830078
QCOM,QCOM,2010-05-25,34.88999938964844,35.65999984741211,34.52000045776367,35.61000061035156,24935000,23.66088104248047
QCOM,QCOM,2010-05-26,35.75,36.099998474121094,34.7599983215332,34.880001068115234,26677500,23.300161361694336
QCOM,QCOM,2010-05-27,35.349998474121094,35.599998474121094,35.099998474121094,35.560001373291016,23507900,23.754409790039062
QCOM,QCOM,2010-05-28,35.40999984741211,35.93000030517578,35.15999984741211,35.560001373291016,21246900,23.754409790039062
QCOM,QCOM,2010-06-01,35.45000076293945,36.08000183105469,34.959999084472656,35.06999969482422,19262600,23.42707633972168
QCOM,QCOM,2010-06-02,35.130001068115234,36.040000915527344,34.70000076293945,36.02000045776367,21472100,24.061691284179688
QCOM,QCOM,2010-06-03,36.25,36.810001373291016,35.779998779296875,36.470001220703125,20295100,24.362293243408203
QCOM,QCOM,2010-06-04,35.75,36.220001220703125,35.150001525878906,35.29999923706055,23085900,23.580718994140625
QCOM,QCOM,2010-06-07,35.349998474121094,35.77000045776367,34.970001220703125,35.0099983215332,18554400,23.386999130249023
QCOM,QCOM,2010-06-08,34.849998474121094,35.310001373291016,34.56999969482422,35.27000045776367,22531100,23.560684204101562
QCOM,QCOM,2010-06-09,35.29999923706055,35.380001068115234,34.630001068115234,34.720001220703125,24109300,23.19327735900879
QCOM,QCOM,2010-06-10,35.15999984741211,35.16999816894531,34.33000183105469,35.029998779296875,30719400,23.400362014770508
QCOM,QCOM,2010-06-11,34.540000915527344,35.470001220703125,34.52000045776367,35.36000061035156,14716800,23.620798110961914
QCOM,QCOM,2010-06-14,35.70000076293945,35.880001068115234,34.720001220703125,34.790000915527344,15705300,23.240039825439453
QCOM,QCOM,2010-06-15,35.0,35.599998474121094,34.9900016784668,35.58000183105469,13798100,23.767763137817383
QCOM,QCOM,2010-06-16,35.400001525878906,35.439998626708984,34.79999923706055,35.08000183105469,22472000,23.43376350402832
QCOM,QCOM,2010-06-17,35.2400016784668,35.77000045776367,35.0099983215332,35.709999084472656,15326600,23.854610443115234
QCOM,QCOM,2010-06-18,35.75,36.06999969482422,35.56999969482422,35.689998626708984,25396000,23.841249465942383
QCOM,QCOM,2010-06-21,35.849998474121094,36.16999816894531,35.36000061035156,35.63999938964844,12371800,23.807842254638672
QCOM,QCOM,2010-06-22,35.7599983215332,36.36000061035156,35.54999923706055,35.56999969482422,16287900,23.76108169555664
QCOM,QCOM,2010-06-23,35.61000061035156,35.810001373291016,35.27000045776367,35.41999816894531,15067500,23.66088104248047
QCOM,QCOM,2010-06-24,35.220001220703125,35.29999923706055,34.630001068115234,34.790000915527344,21380600,23.240039825439453
QCOM,QCOM,2010-06-25,34.70000076293945,34.900001525878906,34.279998779296875,34.56999969482422,22399500,23.093074798583984
QCOM,QCOM,2010-06-28,34.630001068115234,34.880001068115234,34.0099983215332,34.040000915527344,13573600,22.739030838012695
QCOM,QCOM,2010-06-29,33.779998779296875,33.790000915527344,32.869998931884766,33.13999938964844,27848100,22.137826919555664
QCOM,QCOM,2010-06-30,33.0,33.650001525878906,32.72999954223633,32.84000015258789,19652800,21.937421798706055
QCOM,QCOM,2010-07-01,32.790000915527344,32.880001068115234,31.6299991607666,31.959999084472656,31598700,21.349567413330078
QCOM,QCOM,2010-07-02,31.8700008392334,32.68000030517578,31.649999618530273,32.369998931884766,16296400,21.623456954956055
QCOM,QCOM,2010-07-06,32.65999984741211,33.31999969482422,32.45000076293945,32.650001525878906,19301000,21.81049919128418
QCOM,QCOM,2010-07-07,32.81999969482422,33.470001220703125,32.439998626708984,33.380001068115234,16002300,22.298145294189453
QCOM,QCOM,2010-07-08,33.790000915527344,33.9900016784668,33.25,33.93000030517578,19367000,22.66554832458496
QCOM,QCOM,2010-07-09,34.04999923706055,34.13999938964844,33.560001373291016,33.90999984741211,12516300,22.652185440063477
QCOM,QCOM,2010-07-12,34.7400016784668,35.33000183105469,34.5099983215332,35.099998474121094,23745400,23.44712257385254
QCOM,QCOM,2010-07-13,35.5099983215332,35.97999954223633,35.34000015258789,35.95000076293945,21447600,24.01492691040039
QCOM,QCOM,2010-07-14,36.2400016784668,37.09000015258789,35.97999954223633,36.900001525878906,31169000,24.6495361328125
QCOM,QCOM,2010-07-15,36.9900016784668,37.119998931884766,36.380001068115234,36.880001068115234,18840400,24.636173248291016
QCOM,QCOM,2010-07-16,36.970001220703125,37.220001220703125,35.7400016784668,35.959999084472656,24808900,24.021604537963867
QCOM,QCOM,2010-07-19,36.2599983215332,37.08000183105469,36.20000076293945,36.77000045776367,19903100,24.562700271606445
QCOM,QCOM,2010-07-20,36.08000183105469,36.779998779296875,35.7400016784668,36.75,17065100,24.549333572387695
QCOM,QCOM,2010-07-21,36.86000061035156,37.0,35.810001373291016,36.15999984741211,22929300,24.15520668029785
QCOM,QCOM,2010-07-22,38.34000015258789,39.52000045776367,38.29999923706055,39.11000061035156,56097800,26.125844955444336
QCOM,QCOM,2010-07-23,39.029998779296875,39.65999984741211,38.779998779296875,39.08000183105469,31483800,26.105798721313477
QCOM,QCOM,2010-07-26,38.720001220703125,39.279998779296875,38.720001220703125,39.2400016784668,13197900,26.21267318725586
QCOM,QCOM,2010-07-27,39.45000076293945,39.5,39.130001068115234,39.220001220703125,12596900,26.19931983947754
QCOM,QCOM,2010-07-28,39.349998474121094,39.43000030517578,38.61000061035156,38.7599983215332,12468500,25.892026901245117
QCOM,QCOM,2010-07-29,39.349998474121094,39.41999816894531,38.2599983215332,38.779998779296875,21457700,25.905399322509766
QCOM,QCOM,2010-07-30,38.2599983215332,38.38999938964844,37.7599983215332,38.08000183105469,22121300,25.437789916992188
QCOM,QCOM,2010-08-02,38.33000183105469,39.0,38.02000045776367,38.7599983215332,14618500,25.892026901245117
QCOM,QCOM,2010-08-03,38.59000015258789,38.79999923706055,38.29999923706055,38.459999084472656,10250000,25.691627502441406
QCOM,QCOM,2010-08-04,38.38999938964844,38.619998931884766,38.0099983215332,38.43000030517578,9949000,25.671588897705078
QCOM,QCOM,2010-08-05,38.209999084472656,38.70000076293945,38.119998931884766,38.5,8991900,25.718347549438477
QCOM,QCOM,2010-08-06,38.20000076293945,38.97999954223633,37.95000076293945,38.650001525878906,15794700,25.818553924560547
QCOM,QCOM,2010-08-09,38.869998931884766,39.939998626708984,38.83000183105469,39.75,18715600,26.553361892700195
QCOM,QCOM,2010-08-10,39.5,40.0,39.08000183105469,39.779998779296875,17159200,26.573406219482422
QCOM,QCOM,2010-08-11,39.20000076293945,39.439998626708984,38.439998626708984,39.36000061035156,21455400,26.292844772338867
QCOM,QCOM,2010-08-12,37.83000183105469,38.88999938964844,37.79999923706055,38.2400016784668,19582900,25.544673919677734
QCOM,QCOM,2010-08-13,38.0,38.34000015258789,37.83000183105469,37.95000076293945,16372000,25.350948333740234
QCOM,QCOM,2010-08-16,37.880001068115234,38.88999938964844,37.45000076293945,38.63999938964844,14222100,25.811874389648438
QCOM,QCOM,2010-08-17,38.959999084472656,39.790000915527344,38.93000030517578,39.13999938964844,22319800,26.1458740234375
QCOM,QCOM,2010-08-18,39.099998474121094,39.40999984741211,38.61000061035156,39.040000915527344,13506000,26.079076766967773
QCOM,QCOM,2010-08-19,38.75,38.84000015258789,37.720001220703125,38.11000061035156,21575900,25.457822799682617
QCOM,QCOM,2010-08-20,38.11000061035156,39.09000015258789,38.0,38.90999984741211,19152600,25.992238998413086
QCOM,QCOM,2010-08-23,39.189998626708984,39.45000076293945,38.40999984741211,38.540000915527344,12942000,25.745075225830078
QCOM,QCOM,2010-08-24,38.400001525878906,38.47999954223633,37.7599983215332,38.040000915527344,15738700,25.411081314086914
QCOM,QCOM,2010-08-25,37.66999816894531,38.72999954223633,37.650001525878906,38.459999084472656,18753000,25.82059669494629
QCOM,QCOM,2010-08-26,38.66999816894531,38.81999969482422,37.97999954223633,38.279998779296875,14506600,25.69975471496582
QCOM,QCOM,2010-08-27,38.5,38.849998474121094,37.7400016784668,38.63999938964844,16263700,25.941448211669922
QCOM,QCOM,2010-08-30,38.38999938964844,38.77000045776367,38.290000915527344,38.290000915527344,11909900,25.706459045410156
QCOM,QCOM,2010-08-31,38.18000030517578,38.7599983215332,37.810001373291016,38.29999923706055,18049100,25.71318244934082
QCOM,QCOM,2010-09-01,38.959999084472656,40.150001525878906,38.91999816894531,39.599998474121094,27619100,26.585948944091797
QCOM,QCOM,2010-09-02,39.689998626708984,40.029998779296875,39.45000076293945,40.02000045776367,12671500,26.867942810058594
QCOM,QCOM,2010-09-03,40.279998779296875,40.470001220703125,39.7599983215332,40.380001068115234,14187700,27.109609603881836
QCOM,QCOM,2010-09-07,40.11000061035156,40.81999969482422,39.91999816894531,40.56999969482422,18520500,27.237171173095703
QCOM,QCOM,2010-09-08,40.63999938964844,41.13999938964844,40.630001068115234,40.91999816894531,14073500,27.47216033935547
QCOM,QCOM,2010-09-09,41.15999984741211,41.220001220703125,40.52000045776367,40.900001525878906,12190400,27.458723068237305
QCOM,QCOM,2010-09-10,41.02000045776367,41.040000915527344,40.06999969482422,40.41999816894531,15098000,27.136472702026367
QCOM,QCOM,2010-09-13,40.939998626708984,41.36000061035156,40.7400016784668,41.0,16787200,27.525854110717773
QCOM,QCOM,2010-09-14,40.849998474121094,41.380001068115234,40.58000183105469,41.11000061035156,12885900,27.599706649780273
QCOM,QCOM,2010-09-15,41.099998474121094,42.209999084472656,41.0099983215332,41.97999954223633,18992800,28.18380355834961
QCOM,QCOM,2010-09-16,41.79999923706055,42.29999923706055,41.650001525878906,41.970001220703125,16596100,28.177078247070312
QCOM,QCOM,2010-09-17,42.119998931884766,42.75,41.939998626708984,42.529998779296875,31733900,28.55304527282715
QCOM,QCOM,2010-09-20,42.58000183105469,43.099998474121094,42.56999969482422,43.0099983215332,15241800,28.875295639038086
QCOM,QCOM,2010-09-21,43.209999084472656,43.869998931884766,43.11000061035156,43.5099983215332,16763100,29.210979461669922
QCOM,QCOM,2010-09-22,43.54999923706055,43.7599983215332,42.70000076293945,43.29999923706055,16158500,29.06998634338379
QCOM,QCOM,2010-09-23,42.95000076293945,43.7400016784668,42.7599983215332,43.650001525878906,20206800,29.304975509643555
QCOM,QCOM,2010-09-24,43.95000076293945,44.970001220703125,43.86000061035156,44.54999923706055,22619300,29.909177780151367
QCOM,QCOM,2010-09-27,44.31999969482422,45.0,44.13999938964844,44.59000015258789,14009400,29.936050415039062
QCOM,QCOM,2010-09-28,44.689998626708984,44.849998474121094,43.70000076293945,44.06999969482422,23000500,29.586946487426758
QCOM,QCOM,2010-09-29,43.7599983215332,44.5099983215332,43.70000076293945,44.310001373291016,14499000,29.748065948486328
QCOM,QCOM,2010-09-30,45.06999969482422,45.75,44.77000045776367,45.130001068115234,35751700,30.298585891723633
QCOM,QCOM,2010-10-01,45.5099983215332,45.599998474121094,43.91999816894531,44.2599983215332,22457600,29.71449089050293
QCOM,QCOM,2010-10-04,44.43000030517578,44.43000030517578,43.349998474121094,43.88999938964844,13941400,29.46609115600586
QCOM,QCOM,2010-10-05,44.41999816894531,44.900001525878906,44.08000183105469,44.2599983215332,18459700,29.71449089050293
QCOM,QCOM,2010-10-06,44.209999084472656,44.68000030517578,43.869998931884766,44.650001525878906,21696900,29.976337432861328
QCOM,QCOM,2010-10-07,44.90999984741211,44.959999084472656,44.13999938964844,44.54999923706055,11965000,29.909177780151367
QCOM,QCOM,2010-10-08,44.47999954223633,44.90999984741211,44.04999923706055,44.7599983215332,12349900,30.0501766204834
QCOM,QCOM,2010-10-11,44.66999816894531,44.70000076293945,43.939998626708984,44.18000030517578,10971300,29.66079330444336
QCOM,QCOM,2010-10-12,44.18000030517578,45.0,43.77000045776367,44.790000915527344,13712800,30.07033348083496
QCOM,QCOM,2010-10-13,44.970001220703125,45.5099983215332,44.7400016784668,45.31999969482422,13543300,30.4261417388916
QCOM,QCOM,2010-10-14,45.02000045776367,45.349998474121094,44.810001373291016,45.040000915527344,11317500,30.238155364990234
QCOM,QCOM,2010-10-15,45.40999984741211,45.5099983215332,44.4900016784668,44.790000915527344,18075400,30.07033348083496
QCOM,QCOM,2010-10-18,44.779998779296875,44.79999923706055,44.130001068115234,44.4900016784668,12225400,29.868919372558594
QCOM,QCOM,2010-10-19,44.25,44.56999969482422,43.5,44.220001220703125,15934400,29.687650680541992
QCOM,QCOM,2010-10-20,44.2599983215332,44.900001525878906,44.2599983215332,44.380001068115234,11523700,29.795068740844727
QCOM,QCOM,2010-10-21,44.439998626708984,44.5099983215332,42.45000076293945,43.97999954223633,24931600,29.526517868041992
QCOM,QCOM,2010-10-22,43.849998474121094,44.27000045776367,43.61000061035156,44.18000030517578,12473200,29.66079330444336
QCOM,QCOM,2010-10-25,44.349998474121094,44.5,44.20000076293945,44.33000183105469,10215900,29.761497497558594
QCOM,QCOM,2010-10-26,43.97999954223633,43.9900016784668,43.209999084472656,43.939998626708984,15805500,29.499664306640625
QCOM,QCOM,2010-10-27,43.47999954223633,44.5099983215332,43.439998626708984,44.47999954223633,11449300,29.862201690673828
QCOM,QCOM,2010-10-28,44.849998474121094,44.90999984741211,44.40999984741211,44.41999816894531,11982900,29.821916580200195
QCOM,QCOM,2010-10-29,44.54999923706055,45.630001068115234,44.54999923706055,45.15999984741211,16651700,30.318737030029297
QCOM,QCOM,2010-11-01,45.52000045776367,46.0,45.13999938964844,45.33000183105469,11199500,30.4328670501709
QCOM,QCOM,2010-11-02,45.75,45.939998626708984,45.22999954223633,45.380001068115234,12590900,30.46641731262207
QCOM,QCOM,2010-11-03,45.209999084472656,45.7599983215332,44.619998931884766,45.689998626708984,27224200,30.67455291748047
QCOM,QCOM,2010-11-04,48.61000061035156,49.45000076293945,48.060001373291016,48.34000015258789,58099900,32.45365524291992
QCOM,QCOM,2010-11-05,47.869998931884766,48.36000061035156,47.400001525878906,48.33000183105469,20629500,32.44694519042969
QCOM,QCOM,2010-11-08,48.02000045776367,48.33000183105469,47.58000183105469,47.79999923706055,18567300,32.09111404418945
QCOM,QCOM,2010-11-09,47.86000061035156,48.2400016784668,47.38999938964844,47.91999816894531,17430300,32.17169189453125
QCOM,QCOM,2010-11-10,48.0,48.0,47.25,47.68000030517578,12413500,32.010555267333984
QCOM,QCOM,2010-11-11,46.97999954223633,48.0099983215332,46.88999938964844,47.91999816894531,13923000,32.17169189453125
QCOM,QCOM,2010-11-12,47.61000061035156,47.72999954223633,46.689998626708984,47.470001220703125,20070400,31.869590759277344
QCOM,QCOM,2010-11-15,47.61000061035156,47.81999969482422,46.86000061035156,46.869998931884766,11573600,31.466764450073242
QCOM,QCOM,2010-11-16,46.43000030517578,46.689998626708984,46.08000183105469,46.380001068115234,18386800,31.137788772583008
QCOM,QCOM,2010-11-17,46.560001373291016,48.369998931884766,46.5,47.97999954223633,25860200,32.21196746826172
QCOM,QCOM,2010-11-18,48.43000030517578,48.86000061035156,47.70000076293945,47.720001220703125,20716700,32.03741455078125
QCOM,QCOM,2010-11-19,47.619998931884766,48.04999923706055,47.40999984741211,47.959999084472656,15850900,32.198543548583984
QCOM,QCOM,2010-11-22,47.810001373291016,48.119998931884766,46.9900016784668,47.619998931884766,13112100,32.09742736816406
QCOM,QCOM,2010-11-23,47.22999954223633,47.369998931884766,46.72999954223633,47.099998474121094,17892100,31.746946334838867
QCOM,QCOM,2010-11-24,47.40999984741211,48.20000076293945,47.13999938964844,48.06999969482422,11961200,32.4007568359375
QCOM,QCOM,2010-11-26,47.779998779296875,47.939998626708984,47.54999923706055,47.70000076293945,4296600,32.151371002197266
QCOM,QCOM,2010-11-29,47.470001220703125,47.650001525878906,46.7599983215332,47.279998779296875,12906500,31.86826515197754
QCOM,QCOM,2010-11-30,46.5099983215332,47.150001525878906,46.459999084472656,46.81999969482422,18176000,31.558208465576172
QCOM,QCOM,2010-12-01,47.31999969482422,48.25,47.29999923706055,47.88999938964844,14431100,32.27942657470703
QCOM,QCOM,2010-12-02,48.040000915527344,48.650001525878906,47.88999938964844,48.4900016784668,11108300,32.68385314941406
QCOM,QCOM,2010-12-03,48.400001525878906,48.939998626708984,48.2400016784668,48.81999969482422,12608700,32.90626907348633
QCOM,QCOM,2010-12-06,48.54999923706055,48.689998626708984,48.09000015258789,48.31999969482422,10488700,32.569252014160156
QCOM,QCOM,2010-12-07,48.7400016784668,49.0099983215332,48.45000076293945,48.470001220703125,14015800,32.67036056518555
QCOM,QCOM,2010-12-08,48.56999969482422,48.88999938964844,48.27000045776367,48.880001068115234,8634400,32.94672775268555
QCOM,QCOM,2010-12-09,49.150001525878906,49.290000915527344,48.709999084472656,49.08000183105469,8862300,33.081512451171875
QCOM,QCOM,2010-12-10,49.0,49.5,48.900001525878906,49.47999954223633,11851800,33.35114669799805
QCOM,QCOM,2010-12-13,49.52000045776367,49.7599983215332,49.099998474121094,49.119998931884766,11988400,33.108482360839844
QCOM,QCOM,2010-12-14,49.29999923706055,49.5,48.83000183105469,49.18000030517578,10036300,33.14893341064453
QCOM,QCOM,2010-12-15,49.36000061035156,49.56999969482422,48.81999969482422,49.09000015258789,10329900,33.088260650634766
QCOM,QCOM,2010-12-16,49.13999938964844,49.7599983215332,48.86000061035156,49.650001525878906,12338900,33.46571731567383
QCOM,QCOM,2010-12-17,49.650001525878906,49.720001220703125,49.2599983215332,49.459999084472656,21421200,33.33766555786133
QCOM,QCOM,2010-12-20,49.720001220703125,49.83000183105469,49.150001525878906,49.439998626708984,11902200,33.32417297363281
QCOM,QCOM,2010-12-21,49.70000076293945,50.0,49.58000183105469,49.9900016784668,9271500,33.69489669799805
QCOM,QCOM,2010-12-22,49.79999923706055,50.0,49.619998931884766,49.9900016784668,6859600,33.69489669799805
QCOM,QCOM,2010-12-23,49.869998931884766,49.970001220703125,49.279998779296875,49.439998626708984,8194300,33.32417297363281
QCOM,QCOM,2010-12-27,49.400001525878906,49.79999923706055,48.97999954223633,49.61000061035156,5871100,33.43877029418945
QCOM,QCOM,2010-12-28,49.77000045776367,49.959999084472656,49.56999969482422,49.86000061035156,7138200,33.60727310180664
QCOM,QCOM,2010-12-29,49.970001220703125,50.310001373291016,49.86000061035156,49.9900016784668,7771700,33.69489669799805
QCOM,QCOM,2010-12-30,50.0,50.209999084472656,49.630001068115234,49.72999954223633,5090200,33.519649505615234
QCOM,QCOM,2010-12-31,49.63999938964844,49.83000183105469,49.0,49.4900016784668,6304700,33.35788345336914
QCOM,QCOM,2011-01-03,49.88999938964844,50.79999923706055,49.849998474121094,50.18000030517578,15167700,33.82295608520508
QCOM,QCOM,2011-01-04,50.400001525878906,51.060001373291016,49.59000015258789,50.970001220703125,24330000,34.35544967651367
QCOM,QCOM,2011-01-05,51.54999923706055,52.400001525878906,51.25,52.029998779296875,25904400,35.069915771484375
QCOM,QCOM,2011-01-06,52.11000061035156,53.029998779296875,52.040000915527344,52.66999816894531,17894300,35.501312255859375
QCOM,QCOM,2011-01-07,52.810001373291016,52.900001525878906,51.400001525878906,51.72999954223633,12865500,34.86771774291992
QCOM,QCOM,2011-01-10,51.439998626708984,52.20000076293945,51.439998626708984,51.689998626708984,17421100,34.84075164794922
QCOM,QCOM,2011-01-11,51.56999969482422,52.439998626708984,51.56999969482422,52.06999969482422,10288000,35.09688949584961
QCOM,QCOM,2011-01-12,52.25,52.34000015258789,51.59000015258789,52.34000015258789,10673200,35.27888107299805
QCOM,QCOM,2011-01-13,52.279998779296875,52.45000076293945,51.5099983215332,51.869998931884766,12550700,34.962066650390625
QCOM,QCOM,2011-01-14,51.93000030517578,52.130001068115234,51.43000030517578,52.040000915527344,11536900,35.07665252685547
QCOM,QCOM,2011-01-18,52.369998931884766,53.060001373291016,52.290000915527344,53.029998779296875,14715100,35.74394607543945
QCOM,QCOM,2011-01-19,52.709999084472656,53.099998474121094,51.88999938964844,52.13999938964844,11567000,35.14405822753906
QCOM,QCOM,2011-01-20,52.15999984741211,52.2400016784668,51.2599983215332,51.33000183105469,14213700,34.59809112548828
QCOM,QCOM,2011-01-21,51.54999923706055,52.0,51.09000015258789,51.2400016784668,18452800,34.537437438964844
QCOM,QCOM,2011-01-24,51.119998931884766,51.5,50.84000015258789,51.4900016784668,11508500,34.7059440612793
QCOM,QCOM,2011-01-25,51.43000030517578,51.56999969482422,50.619998931884766,51.52000045776367,15922200,34.72616195678711
QCOM,QCOM,2011-01-26,51.439998626708984,52.06999969482422,51.0,51.86000061035156,23536600,34.9553337097168
QCOM,QCOM,2011-01-27,54.20000076293945,55.0,53.77000045776367,54.900001525878906,50785700,37.004390716552734
QCOM,QCOM,2011-01-28,54.099998474121094,54.689998626708984,53.38999938964844,53.7400016784668,22935600,36.222530364990234
QCOM,QCOM,2011-01-31,53.849998474121094,54.470001220703125,53.06999969482422,54.130001068115234,16182100,36.48539352416992
QCOM,QCOM,2011-02-01,54.29999923706055,55.27000045776367,54.11000061035156,55.08000183105469,17000000,37.12571716308594
QCOM,QCOM,2011-02-02,54.77000045776367,54.900001525878906,53.880001068115234,53.9900016784668,17626200,36.39102554321289
QCOM,QCOM,2011-02-03,54.0,55.2400016784668,53.810001373291016,54.97999954223633,17150900,37.05831527709961
QCOM,QCOM,2011-02-04,55.040000915527344,55.380001068115234,54.5,55.22999954223633,12603100,37.226829528808594
QCOM,QCOM,2011-02-07,55.11000061035156,55.619998931884766,54.83000183105469,55.06999969482422,11605200,37.118980407714844
QCOM,QCOM,2011-02-08,55.4900016784668,56.099998474121094,55.349998474121094,56.099998474121094,13862700,37.81322479248047
QCOM,QCOM,2011-02-09,55.95000076293945,56.369998931884766,55.75,56.209999084472656,12581500,37.887386322021484
QCOM,QCOM,2011-02-10,56.16999816894531,57.189998626708984,55.880001068115234,57.0,16392900,38.41986846923828
QCOM,QCOM,2011-02-11,56.7599983215332,57.650001525878906,56.68000030517578,57.599998474121094,12165500,38.824275970458984
QCOM,QCOM,2011-02-14,57.7400016784668,58.79999923706055,57.61000061035156,58.16999816894531,17488200,39.2084846496582
QCOM,QCOM,2011-02-15,58.0099983215332,58.959999084472656,57.91999816894531,58.63999938964844,16375300,39.525272369384766
QCOM,QCOM,2011-02-16,58.88999938964844,58.97999954223633,58.25,58.540000915527344,11659200,39.457881927490234
QCOM,QCOM,2011-02-17,58.310001373291016,59.0099983215332,58.20000076293945,59.0,11068600,39.76792907714844
QCOM,QCOM,2011-02-18,59.040000915527344,59.43000030517578,58.65999984741211,59.189998626708984,17282600,39.89600372314453
QCOM,QCOM,2011-02-22,58.560001373291016,58.9900016784668,57.88999938964844,58.2400016784668,19936700,39.25565719604492
QCOM,QCOM,2011-02-23,57.900001525878906,58.400001525878906,56.52000045776367,57.0099983215332,16344700,38.552371978759766
QCOM,QCOM,2011-02-24,57.29999923706055,58.11000061035156,57.0,57.79999923706055,15159100,39.08660888671875
QCOM,QCOM,2011-02-25,58.119998931884766,59.20000076293945,57.900001525878906,59.02000045776367,11344000,39.9116096496582
QCOM,QCOM,2011-02-28,58.9900016784668,59.79999923706055,58.90999984741211,59.58000183105469,13613700,40.29030990600586
QCOM,QCOM,2011-03-01,59.84000015258789,59.84000015258789,57.79999923706055,58.040000915527344,16764200,39.248905181884766
QCOM,QCOM,2011-03-02,57.880001068115234,58.18000030517578,56.970001220703125,57.099998474121094,16651100,38.61323165893555
QCOM,QCOM,2011-03-03,57.70000076293945,58.97999954223633,57.66999816894531,58.84000015258789,13214700,39.78990936279297
QCOM,QCOM,2011-03-04,58.790000915527344,58.880001068115234,57.599998474121094,58.150001525878906,11720000,39.32329559326172
QCOM,QCOM,2011-03-07,58.4900016784668,58.59000015258789,56.81999969482422,57.58000183105469,13540500,38.937835693359375
QCOM,QCOM,2011-03-08,56.720001220703125,57.4900016784668,55.54999923706055,57.150001525878906,22049900,38.64705276489258
QCOM,QCOM,2011-03-09,56.849998474121094,56.849998474121094,54.90999984741211,55.0,24466200,37.19313430786133
QCOM,QCOM,2011-03-10,54.40999984741211,54.970001220703125,53.84000015258789,54.040000915527344,22114400,36.54395294189453
QCOM,QCOM,2011-03-11,53.70000076293945,54.08000183105469,53.38999938964844,53.61000061035156,18941000,36.253177642822266
QCOM,QCOM,2011-03-14,52.970001220703125,53.599998474121094,52.75,53.47999954223633,18606600,36.16526794433594
QCOM,QCOM,2011-03-15,51.13999938964844,53.279998779296875,50.099998474121094,53.0,35441300,35.84066390991211
QCOM,QCOM,2011-03-16,52.5,52.81999969482422,50.400001525878906,50.5,31062900,34.15007400512695
QCOM,QCOM,2011-03-17,52.619998931884766,53.470001220703125,51.9900016784668,52.31999969482422,24685600,35.380828857421875
QCOM,QCOM,2011-03-18,52.83000183105469,53.15999984741211,50.7599983215332,51.709999084472656,33360000,34.96831130981445
QCOM,QCOM,2011-03-21,53.2400016784668,54.11000061035156,53.029998779296875,53.630001068115234,17208200,36.26669692993164
QCOM,QCOM,2011-03-22,53.58000183105469,53.7599983215332,52.349998474121094,52.4900016784668,13843400,35.49578094482422
QCOM,QCOM,2011-03-23,52.470001220703125,52.58000183105469,51.70000076293945,52.45000076293945,12067700,35.46872329711914
QCOM,QCOM,2011-03-24,52.61000061035156,53.77000045776367,52.06999969482422,53.720001220703125,14733200,36.32754135131836
QCOM,QCOM,2011-03-25,53.83000183105469,53.9900016784668,52.720001220703125,52.75,13574400,35.67159652709961
QCOM,QCOM,2011-03-28,52.95000076293945,53.279998779296875,52.099998474121094,52.18000030517578,10237600,35.28614807128906
QCOM,QCOM,2011-03-29,52.439998626708984,54.09000015258789,52.36000061035156,53.90999984741211,14946800,36.4560432434082
QCOM,QCOM,2011-03-30,54.369998931884766,54.61000061035156,53.79999923706055,54.5099983215332,11044700,36.86176681518555
QCOM,QCOM,2011-03-31,54.560001373291016,54.95000076293945,54.34000015258789,54.83000183105469,13222200,37.07817840576172
QCOM,QCOM,2011-04-01,55.06999969482422,55.189998626708984,54.25,54.470001220703125,12306100,36.83473205566406
QCOM,QCOM,2011-04-04,54.540000915527344,54.709999084472656,52.47999954223633,53.11000061035156,18238600,35.915042877197266
QCOM,QCOM,2011-04-05,53.02000045776367,53.63999938964844,52.400001525878906,52.58000183105469,13467000,35.556640625
QCOM,QCOM,2011-04-06,53.11000061035156,53.88999938964844,52.9900016784668,53.540000915527344,13380900,36.20582962036133
QCOM,QCOM,2011-04-07,53.36000061035156,54.31999969482422,53.04999923706055,53.22999954223633,12491700,35.99620056152344
QCOM,QCOM,2011-04-08,54.0,54.349998474121094,53.31999969482422,53.630001068115234,10353400,36.26669692993164
QCOM,QCOM,2011-04-11,53.869998931884766,54.470001220703125,53.34000015258789,53.400001525878906,11699300,36.11116027832031
QCOM,QCOM,2011-04-12,52.79999923706055,52.970001220703125,51.72999954223633,52.25,11995000,35.33348083496094
QCOM,QCOM,2011-04-13,52.86000061035156,52.93000030517578,52.0099983215332,52.68000030517578,9503100,35.6242561340332
QCOM,QCOM,2011-04-14,51.9900016784668,52.849998474121094,51.45000076293945,52.599998474121094,11655600,35.57016372680664
QCOM,QCOM,2011-04-15,52.84000015258789,53.459999084472656,52.11000061035156,53.13999938964844,17165100,35.93532943725586
QCOM,QCOM,2011-04-18,52.20000076293945,53.33000183105469,52.040000915527344,53.290000915527344,14744200,36.03675079345703
QCOM,QCOM,2011-04-19,53.290000915527344,53.689998626708984,52.880001068115234,53.41999816894531,12006400,36.12469482421875
QCOM,QCOM,2011-04-20,54.70000076293945,55.400001525878906,54.5,55.27000045776367,19894600,37.375728607177734
QCOM,QCOM,2011-04-21,57.25,57.619998931884766,56.560001373291016,56.939998626708984,23134900,38.50505065917969
QCOM,QCOM,2011-04-25,56.369998931884766,57.18000030517578,56.209999084472656,56.81999969482422,9934800,38.42388153076172
QCOM,QCOM,2011-04-26,57.119998931884766,57.5099983215332,56.93000030517578,57.220001220703125,12100000,38.69438934326172
QCOM,QCOM,2011-04-27,57.83000183105469,58.459999084472656,57.099998474121094,58.18000030517578,15949400,39.343563079833984
QCOM,QCOM,2011-04-28,57.7599983215332,58.0,57.150001525878906,57.58000183105469,12300000,38.937835693359375
QCOM,QCOM,2011-04-29,57.58000183105469,57.9900016784668,56.84000015258789,57.09000015258789,32037700,38.606475830078125
QCOM,QCOM,2011-05-02,57.439998626708984,57.900001525878906,56.97999954223633,57.2400016784668,12022000,38.70790481567383
QCOM,QCOM,2011-05-03,57.310001373291016,57.540000915527344,55.959999084472656,56.4900016784668,11700000,38.20073699951172
QCOM,QCOM,2011-05-04,56.31999969482422,57.0099983215332,55.41999816894531,56.08000183105469,12761100,37.923484802246094
QCOM,QCOM,2011-05-05,55.63999938964844,56.81999969482422,55.59000015258789,56.130001068115234,11000000,37.95729064941406
QCOM,QCOM,2011-05-06,56.75,57.540000915527344,56.33000183105469,56.56999969482422,10727500,38.25483703613281
QCOM,QCOM,2011-05-09,56.75,56.91999816894531,55.9900016784668,56.65999984741211,8056600,38.31570053100586
QCOM,QCOM,2011-05-10,56.939998626708984,57.099998474121094,56.34000015258789,56.90999984741211,9149700,38.484764099121094
QCOM,QCOM,2011-05-11,56.81999969482422,57.720001220703125,56.189998626708984,56.59000015258789,11009200,38.26835250854492
QCOM,QCOM,2011-05-12,56.2599983215332,57.650001525878906,56.13999938964844,57.34000015258789,10900000,38.775543212890625
QCOM,QCOM,2011-05-13,57.34000015258789,57.83000183105469,56.77000045776367,57.119998931884766,11209100,38.62675476074219
QCOM,QCOM,2011-05-16,57.18000030517578,57.7599983215332,56.47999954223633,56.70000076293945,13330200,38.34273910522461
QCOM,QCOM,2011-05-17,56.380001068115234,56.4900016784668,55.65999984741211,56.349998474121094,13989800,38.10606384277344
QCOM,QCOM,2011-05-18,56.22999954223633,56.779998779296875,55.77000045776367,56.45000076293945,12429000,38.17367935180664
QCOM,QCOM,2011-05-19,56.619998931884766,57.66999816894531,56.619998931884766,57.29999923706055,11938100,38.74848937988281
QCOM,QCOM,2011-05-20,57.220001220703125,57.75,57.029998779296875,57.380001068115234,15272900,38.802589416503906
QCOM,QCOM,2011-05-23,56.4900016784668,56.70000076293945,55.91999816894531,56.380001068115234,12499600,38.12632751464844
QCOM,QCOM,2011-05-24,56.5099983215332,57.0099983215332,55.95000076293945,56.310001373291016,10251800,38.079017639160156
QCOM,QCOM,2011-05-25,56.34000015258789,57.41999816894531,56.33000183105469,56.9900016784668,10928000,38.68656539916992
QCOM,QCOM,2011-05-26,56.7400016784668,57.54999923706055,56.540000915527344,57.16999816894531,12897000,38.808753967285156
QCOM,QCOM,2011-05-27,57.34000015258789,57.79999923706055,57.060001373291016,57.349998474121094,7678400,38.93093490600586
QCOM,QCOM,2011-05-31,57.95000076293945,58.59000015258789,57.65999984741211,58.59000015258789,15104300,39.77268981933594
QCOM,QCOM,2011-06-01,58.43000030517578,58.95000076293945,56.97999954223633,57.150001525878906,14968700,38.795188903808594
QCOM,QCOM,2011-06-02,57.34000015258789,58.310001373291016,57.34000015258789,57.79999923706055,12697400,39.23640441894531
QCOM,QCOM,2011-06-03,57.119998931884766,58.15999984741211,56.95000076293945,57.040000915527344,12474800,38.72052001953125
QCOM,QCOM,2011-06-06,56.900001525878906,57.4900016784668,56.41999816894531,56.47999954223633,10121500,38.34035873413086
QCOM,QCOM,2011-06-07,56.619998931884766,57.08000183105469,56.470001220703125,56.5099983215332,10225200,38.36072540283203
QCOM,QCOM,2011-06-08,56.2400016784668,56.52000045776367,55.52000045776367,56.29999923706055,12158000,38.218162536621094
QCOM,QCOM,2011-06-09,56.130001068115234,56.470001220703125,55.68000030517578,55.869998931884766,9161600,37.926273345947266
QCOM,QCOM,2011-06-10,55.70000076293945,55.7400016784668,54.36000061035156,54.599998474121094,14544000,37.064151763916016
QCOM,QCOM,2011-06-13,54.790000915527344,54.88999938964844,54.2400016784668,54.400001525878906,10670800,36.92839813232422
QCOM,QCOM,2011-06-14,54.869998931884766,55.869998931884766,54.75,55.58000183105469,12006100,37.729400634765625
QCOM,QCOM,2011-06-15,55.22999954223633,55.560001373291016,53.79999923706055,54.099998474121094,16790500,36.7247428894043
QCOM,QCOM,2011-06-16,54.119998931884766,54.209999084472656,52.41999816894531,52.9900016784668,19464800,35.97124481201172
QCOM,QCOM,2011-06-17,53.91999816894531,54.29999923706055,52.599998474121094,52.689998626708984,25241200,35.767601013183594
QCOM,QCOM,2011-06-20,52.529998779296875,53.529998779296875,52.130001068115234,53.47999954223633,14746000,36.303863525390625
QCOM,QCOM,2011-06-21,53.65999984741211,54.9900016784668,53.150001525878906,54.43000030517578,12010100,36.948753356933594
QCOM,QCOM,2011-06-22,54.13999938964844,54.40999984741211,53.66999816894531,53.9900016784668,9110300,36.65007019042969
QCOM,QCOM,2011-06-23,53.119998931884766,54.97999954223633,53.060001373291016,54.959999084472656,15571600,37.30854797363281
QCOM,QCOM,2011-06-24,54.77000045776367,54.959999084472656,54.09000015258789,54.189998626708984,9494400,36.78582000732422
QCOM,QCOM,2011-06-27,54.08000183105469,55.11000061035156,53.63999938964844,54.75,9797900,37.165977478027344
QCOM,QCOM,2011-06-28,54.83000183105469,55.66999816894531,54.709999084472656,55.45000076293945,9556000,37.64115905761719
QCOM,QCOM,2011-06-29,55.599998474121094,55.93000030517578,55.25,55.43000030517578,11919400,37.627586364746094
QCOM,QCOM,2011-06-30,55.65999984741211,56.849998474121094,55.5099983215332,56.790000915527344,12463000,38.550785064697266
QCOM,QCOM,2011-07-01,56.790000915527344,57.97999954223633,56.439998626708984,57.880001068115234,12142000,39.29073715209961
QCOM,QCOM,2011-07-05,57.75,58.25,57.5099983215332,58.13999938964844,10848700,39.467220306396484
QCOM,QCOM,2011-07-06,57.880001068115234,58.75,57.880001068115234,58.70000076293945,11176800,39.84737777709961
QCOM,QCOM,2011-07-07,58.900001525878906,59.47999954223633,58.86000061035156,59.2599983215332,12644800,40.22750473022461
QCOM,QCOM,2011-07-08,58.790000915527344,59.369998931884766,58.08000183105469,59.36000061035156,12385600,40.2953987121582
QCOM,QCOM,2011-07-11,58.72999954223633,58.93000030517578,57.7599983215332,58.2400016784668,12988300,39.53510284423828
QCOM,QCOM,2011-07-12,58.2599983215332,58.59000015258789,56.209999084472656,56.52000045776367,23141300,38.36750793457031
QCOM,QCOM,2011-07-13,57.04999923706055,57.09000015258789,56.0099983215332,56.09000015258789,18093300,38.07561492919922
QCOM,QCOM,2011-07-14,56.099998474121094,56.439998626708984,54.290000915527344,54.91999816894531,19155100,37.28137969970703
QCOM,QCOM,2011-07-15,55.04999923706055,55.5,54.63999938964844,54.959999084472656,17684400,37.30854797363281
QCOM,QCOM,2011-07-18,54.869998931884766,55.310001373291016,54.529998779296875,55.279998779296875,16182500,37.5257682800293
QCOM,QCOM,2011-07-19,55.9900016784668,57.2400016784668,55.869998931884766,56.97999954223633,15014500,38.679779052734375
QCOM,QCOM,2011-07-20,58.689998626708984,59.400001525878906,57.099998474121094,57.29999923706055,27542500,38.89699935913086
QCOM,QCOM,2011-07-21,56.0,57.25,55.869998931884766,56.939998626708984,24125900,38.65262222290039
QCOM,QCOM,2011-07-22,57.15999984741211,57.709999084472656,56.7599983215332,57.459999084472656,13586300,39.005611419677734
QCOM,QCOM,2011-07-25,56.91999816894531,57.5099983215332,56.65999984741211,56.810001373291016,11346900,38.56437683105469
QCOM,QCOM,2011-07-26,56.849998474121094,56.9900016784668,56.29999923706055,56.540000915527344,10082700,38.38108825683594
QCOM,QCOM,2011-07-27,56.0,56.150001525878906,54.38999938964844,54.59000015258789,15638100,37.057369232177734
QCOM,QCOM,2011-07-28,54.709999084472656,55.61000061035156,54.459999084472656,54.9900016784668,11737400,37.32890701293945
QCOM,QCOM,2011-07-29,54.38999938964844,55.369998931884766,54.060001373291016,54.779998779296875,15256200,37.18634796142578
QCOM,QCOM,2011-08-01,55.34000015258789,55.439998626708984,53.40999984741211,54.119998931884766,16892000,36.73830795288086
QCOM,QCOM,2011-08-02,53.630001068115234,54.02000045776367,52.95000076293945,53.0099983215332,16681900,35.98481369018555
QCOM,QCOM,2011-08-03,53.220001220703125,53.810001373291016,52.70000076293945,53.72999954223633,15274300,36.47357177734375
QCOM,QCOM,2011-08-04,52.849998474121094,53.09000015258789,51.20000076293945,51.25,19556100,34.79008102416992
QCOM,QCOM,2011-08-05,51.810001373291016,51.97999954223633,48.970001220703125,51.02000045776367,28090800,34.63392639160156
QCOM,QCOM,2011-08-08,49.2599983215332,50.0,46.880001068115234,47.290000915527344,33418800,32.10190200805664
QCOM,QCOM,2011-08-09,47.88999938964844,49.88999938964844,46.70000076293945,49.88999938964844,32115100,33.86686325073242
QCOM,QCOM,2011-08-10,48.400001525878906,49.02000045776367,47.130001068115234,47.2599983215332,32161800,32.08152770996094
QCOM,QCOM,2011-08-11,47.72999954223633,50.040000915527344,47.54999923706055,49.54999923706055,25079800,33.63605880737305
QCOM,QCOM,2011-08-12,49.900001525878906,51.2400016784668,49.18000030517578,50.5,19422000,34.28096389770508
QCOM,QCOM,2011-08-15,50.75,51.40999984741211,50.209999084472656,51.2599983215332,13058700,34.796852111816406
QCOM,QCOM,2011-08-16,50.47999954223633,51.459999084472656,49.959999084472656,51.06999969482422,17782900,34.667884826660156
QCOM,QCOM,2011-08-17,50.97999954223633,51.45000076293945,49.970001220703125,51.0099983215332,14115400,34.627159118652344
QCOM,QCOM,2011-08-18,49.040000915527344,49.150001525878906,47.36000061035156,47.95000076293945,23793700,32.54994583129883
QCOM,QCOM,2011-08-19,47.22999954223633,48.16999816894531,46.439998626708984,46.52000045776367,24555800,31.579212188720703
QCOM,QCOM,2011-08-22,47.70000076293945,47.810001373291016,45.97999954223633,46.400001525878906,15673200,31.497739791870117
QCOM,QCOM,2011-08-23,46.72999954223633,48.060001373291016,46.56999969482422,48.060001373291016,15315600,32.624603271484375
QCOM,QCOM,2011-08-24,48.220001220703125,48.33000183105469,46.880001068115234,47.93000030517578,15209800,32.682559967041016
QCOM,QCOM,2011-08-25,48.15999984741211,48.540000915527344,46.779998779296875,46.95000076293945,13935000,32.01432418823242
QCOM,QCOM,2011-08-26,46.9900016784668,49.61000061035156,46.290000915527344,48.939998626708984,20783600,33.371253967285156
QCOM,QCOM,2011-08-29,49.650001525878906,51.06999969482422,49.439998626708984,50.91999816894531,14572200,34.72138977050781
QCOM,QCOM,2011-08-30,50.54999923706055,51.70000076293945,50.16999816894531,51.2400016784668,15801300,34.93959045410156
QCOM,QCOM,2011-08-31,51.84000015258789,52.15999984741211,50.900001525878906,51.459999084472656,15897300,35.08960723876953
QCOM,QCOM,2011-09-01,51.91999816894531,52.869998931884766,51.02000045776367,51.060001373291016,13690400,34.816856384277344
QCOM,QCOM,2011-09-02,49.97999954223633,50.45000076293945,49.25,49.68000030517578,14692800,33.87586212158203
QCOM,QCOM,2011-09-06,48.400001525878906,49.560001373291016,47.599998474121094,49.45000076293945,14432600,33.719024658203125
QCOM,QCOM,2011-09-07,50.34000015258789,51.689998626708984,50.27000045776367,51.689998626708984,18934900,35.24643325805664
QCOM,QCOM,2011-09-08,51.56999969482422,53.279998779296875,51.290000915527344,51.54999923706055,18431400,35.150962829589844
QCOM,QCOM,2011-09-09,51.06999969482422,51.27000045776367,49.79999923706055,50.400001525878906,19825100,34.3668212890625
QCOM,QCOM,2011-09-12,49.61000061035156,51.43000030517578,49.61000061035156,51.38999938964844,16409200,35.0418586730957
QCOM,QCOM,2011-09-13,51.47999954223633,52.52000045776367,51.400001525878906,52.31999969482422,18400800,35.676025390625
QCOM,QCOM,2011-09-14,52.599998474121094,53.75,51.880001068115234,53.06999969482422,15498700,36.18743133544922
QCOM,QCOM,2011-09-15,53.7400016784668,53.91999816894531,52.45000076293945,53.630001068115234,16107300,36.56929016113281
QCOM,QCOM,2011-09-16,53.79999923706055,53.939998626708984,53.119998931884766,53.869998931884766,19353600,36.732933044433594
QCOM,QCOM,2011-09-19,53.060001373291016,53.90999984741211,52.40999984741211,53.66999816894531,12067400,36.5965576171875
QCOM,QCOM,2011-09-20,53.91999816894531,54.29999923706055,53.040000915527344,53.11000061035156,14759300,36.2147102355957
QCOM,QCOM,2011-09-21,52.880001068115234,53.689998626708984,51.650001525878906,51.65999984741211,15156800,35.22598648071289
QCOM,QCOM,2011-09-22,49.9900016784668,51.2599983215332,48.959999084472656,50.029998779296875,24362400,34.114505767822266
QCOM,QCOM,2011-09-23,49.77000045776367,50.70000076293945,49.25,50.290000915527344,18270000,34.291805267333984
QCOM,QCOM,2011-09-26,50.38999938964844,50.88999938964844,49.2400016784668,50.58000183105469,20218700,34.48955154418945
QCOM,QCOM,2011-09-27,51.54999923706055,52.779998779296875,50.75,51.779998779296875,16746200,35.30780029296875
QCOM,QCOM,2011-09-28,52.099998474121094,52.52000045776367,50.970001220703125,51.060001373291016,11527300,34.816856384277344
QCOM,QCOM,2011-09-29,51.900001525878906,52.220001220703125,48.810001373291016,50.130001068115234,17633700,34.18270492553711
QCOM,QCOM,2011-09-30,49.459999084472656,50.29999923706055,48.630001068115234,48.630001068115234,18776200,33.15988540649414
QCOM,QCOM,2011-10-03,48.209999084472656,49.349998474121094,47.380001068115234,47.650001525878906,27986500,32.49163818359375
QCOM,QCOM,2011-10-04,47.060001373291016,49.560001373291016,46.400001525878906,49.43000030517578,26093400,33.70537185668945
QCOM,QCOM,2011-10-05,49.630001068115234,50.900001525878906,49.33000183105469,50.77000045776367,18589300,34.61909866333008
QCOM,QCOM,2011-10-06,50.58000183105469,50.959999084472656,50.0,50.869998931884766,14772800,34.68729019165039
QCOM,QCOM,2011-10-07,50.939998626708984,51.0,49.63999938964844,50.22999954223633,14967900,34.250892639160156
QCOM,QCOM,2011-10-10,51.0099983215332,52.13999938964844,50.59000015258789,52.09000015258789,11462600,35.51918411254883
QCOM,QCOM,2011-10-11,52.02000045776367,52.11000061035156,51.5099983215332,51.650001525878906,10261400,35.21916580200195
QCOM,QCOM,2011-10-12,52.29999923706055,52.939998626708984,52.02000045776367,52.040000915527344,11140800,35.4850959777832
QCOM,QCOM,2011-10-13,51.939998626708984,53.40999984741211,51.900001525878906,53.310001373291016,12541000,36.3510856628418
QCOM,QCOM,2011-10-14,54.04999923706055,55.029998779296875,53.84000015258789,54.97999954223633,16257800,37.48981475830078
QCOM,QCOM,2011-10-17,54.70000076293945,54.900001525878906,53.34000015258789,53.63999938964844,10745800,36.576114654541016
QCOM,QCOM,2011-10-18,53.599998474121094,54.95000076293945,53.08000183105469,54.560001373291016,13141700,37.20343780517578
QCOM,QCOM,2011-10-19,53.79999923706055,54.43000030517578,52.36000061035156,52.599998474121094,15090300,35.866947174072266
QCOM,QCOM,2011-10-20,52.810001373291016,53.2599983215332,51.720001220703125,52.0099983215332,17086100,35.46465301513672
QCOM,QCOM,2011-10-21,52.7599983215332,52.84000015258789,51.47999954223633,52.02000045776367,18194900,35.471458435058594
QCOM,QCOM,2011-10-24,52.400001525878906,53.79999923706055,52.36000061035156,53.61000061035156,11234700,36.5556526184082
QCOM,QCOM,2011-10-25,53.40999984741211,53.70000076293945,52.20000076293945,52.31999969482422,12847600,35.676025390625
QCOM,QCOM,2011-10-26,52.81999969482422,52.83000183105469,50.790000915527344,51.599998474121094,20141700,35.185062408447266
QCOM,QCOM,2011-10-27,53.09000015258789,54.0,52.5,53.52000045776367,17147900,36.49428939819336
QCOM,QCOM,2011-10-28,53.40999984741211,53.5,52.709999084472656,53.22999954223633,11445300,36.29654312133789
QCOM,QCOM,2011-10-31,52.68000030517578,53.11000061035156,51.599998474121094,51.599998474121094,21419300,35.185062408447266
QCOM,QCOM,2011-11-01,49.91999816894531,50.81999969482422,49.779998779296875,50.13999938964844,22660500,34.18952941894531
QCOM,QCOM,2011-11-02,51.099998474121094,52.31999969482422,51.06999969482422,52.18000030517578,26757000,35.58055877685547
QCOM,QCOM,2011-11-03,56.279998779296875,56.959999084472656,54.7599983215332,56.11000061035156,44713900,38.26034164428711
QCOM,QCOM,2011-11-04,55.13999938964844,56.66999816894531,55.11000061035156,56.5,21851700,38.52629852294922
QCOM,QCOM,2011-11-07,55.79999923706055,56.9900016784668,55.79999923706055,56.91999816894531,14850000,38.812679290771484
QCOM,QCOM,2011-11-08,57.13999938964844,57.290000915527344,56.2599983215332,57.029998779296875,12956900,38.8876838684082
QCOM,QCOM,2011-11-09,55.68000030517578,56.5,54.95000076293945,55.40999984741211,15984600,37.78304672241211
QCOM,QCOM,2011-11-10,56.13999938964844,56.220001220703125,54.650001525878906,55.209999084472656,11669600,37.646663665771484
QCOM,QCOM,2011-11-11,55.91999816894531,56.9900016784668,55.65999984741211,56.619998931884766,12743100,38.60810852050781
QCOM,QCOM,2011-11-14,56.56999969482422,57.5,56.439998626708984,57.099998474121094,16660300,38.935420989990234
QCOM,QCOM,2011-11-15,56.779998779296875,57.75,56.47999954223633,57.400001525878906,13231100,39.13999938964844
QCOM,QCOM,2011-11-16,56.720001220703125,57.970001220703125,56.310001373291016,56.880001068115234,15504500,38.785400390625
QCOM,QCOM,2011-11-17,56.63999938964844,57.16999816894531,55.40999984741211,56.380001068115234,19433700,38.44445037841797
QCOM,QCOM,2011-11-18,56.54999923706055,56.560001373291016,55.439998626708984,55.66999816894531,14375500,37.9603385925293
QCOM,QCOM,2011-11-21,54.38999938964844,54.77000045776367,53.79999923706055,54.27000045776367,15544300,37.149166107177734
QCOM,QCOM,2011-11-22,53.939998626708984,55.02000045776367,53.93000030517578,54.47999954223633,13234300,37.29290771484375
QCOM,QCOM,2011-11-23,53.41999816894531,53.47999954223633,51.599998474121094,52.029998779296875,24129500,35.615821838378906
QCOM,QCOM,2011-11-25,51.68000030517578,53.0,51.68000030517578,51.86000061035156,8318700,35.49946594238281
QCOM,QCOM,2011-11-28,53.41999816894531,54.040000915527344,53.189998626708984,53.939998626708984,12526700,36.92326354980469
QCOM,QCOM,2011-11-29,53.9900016784668,54.58000183105469,52.849998474121094,53.11000061035156,13534500,36.3551139831543
QCOM,QCOM,2011-11-30,54.79999923706055,55.119998931884766,54.08000183105469,54.79999923706055,18229000,37.51197052001953
QCOM,QCOM,2011-12-01,54.70000076293945,55.09000015258789,54.36000061035156,54.72999954223633,9834300,37.464054107666016
QCOM,QCOM,2011-12-02,55.400001525878906,55.70000076293945,54.290000915527344,54.34000015258789,12762900,37.197078704833984
QCOM,QCOM,2011-12-05,55.16999816894531,55.18000030517578,53.689998626708984,54.4900016784668,14662200,37.29975891113281
QCOM,QCOM,2011-12-06,54.61000061035156,55.15999984741211,54.04999923706055,54.83000183105469,10991200,37.532501220703125
QCOM,QCOM,2011-12-07,54.529998779296875,54.7400016784668,53.54999923706055,54.45000076293945,13303600,37.27238082885742
QCOM,QCOM,2011-12-08,54.04999923706055,54.9900016784668,53.880001068115234,54.06999969482422,15566800,37.01224899291992
QCOM,QCOM,2011-12-09,53.9900016784668,55.400001525878906,53.75,55.18000030517578,11624600,37.77206802368164
QCOM,QCOM,2011-12-12,54.40999984741211,54.86000061035156,54.0,54.779998779296875,9916800,37.49827194213867
QCOM,QCOM,2011-12-13,55.38999938964844,55.72999954223633,53.790000915527344,54.189998626708984,13936000,37.09438705444336
QCOM,QCOM,2011-12-14,54.18000030517578,54.310001373291016,52.689998626708984,53.099998474121094,12866900,36.348262786865234
QCOM,QCOM,2011-12-15,53.75,53.77000045776367,52.189998626708984,52.54999923706055,11703900,35.971771240234375
QCOM,QCOM,2011-12-16,52.900001525878906,53.83000183105469,52.41999816894531,52.61000061035156,19842900,36.01283645629883
QCOM,QCOM,2011-12-19,53.0,53.06999969482422,51.7599983215332,51.91999816894531,11687300,35.540523529052734
QCOM,QCOM,2011-12-20,52.869998931884766,54.34000015258789,52.790000915527344,54.11000061035156,14330300,37.039642333984375
QCOM,QCOM,2011-12-21,54.189998626708984,54.400001525878906,52.79999923706055,53.4900016784668,9900600,36.61522674560547
QCOM,QCOM,2011-12-22,53.4900016784668,54.52000045776367,53.459999084472656,54.380001068115234,8842100,37.224449157714844
QCOM,QCOM,2011-12-23,54.599998474121094,54.7400016784668,53.95000076293945,54.630001068115234,5670400,37.395591735839844
QCOM,QCOM,2011-12-27,54.29999923706055,54.9900016784668,54.0099983215332,54.869998931884766,6505300,37.559871673583984
QCOM,QCOM,2011-12-28,54.79999923706055,54.95000076293945,54.08000183105469,54.34000015258789,7060400,37.197078704833984
QCOM,QCOM,2011-12-29,54.459999084472656,54.939998626708984,54.43000030517578,54.849998474121094,5869300,37.54618453979492
QCOM,QCOM,2011-12-30,54.68000030517578,54.9900016784668,54.65999984741211,54.70000076293945,4839700,37.44351577758789
QCOM,QCOM,2012-01-03,55.880001068115234,55.97999954223633,54.66999816894531,55.27000045776367,11238300,37.83369064331055
QCOM,QCOM,2012-01-04,55.220001220703125,56.20000076293945,54.560001373291016,55.83000183105469,17589100,38.21702575683594
QCOM,QCOM,2012-01-05,55.869998931884766,56.20000076293945,55.290000915527344,56.060001373291016,11518500,38.37445831298828
QCOM,QCOM,2012-01-06,55.90999984741211,56.400001525878906,55.86000061035156,56.15999984741211,8040100,38.44291305541992
QCOM,QCOM,2012-01-09,56.13999938964844,56.36000061035156,55.43000030517578,55.90999984741211,12663500,38.271766662597656
QCOM,QCOM,2012-01-10,56.560001373291016,56.599998474121094,55.720001220703125,55.75,11673300,38.16225814819336
QCOM,QCOM,2012-01-11,55.75,56.029998779296875,55.54999923706055,55.619998931884766,7140200,38.073272705078125
QCOM,QCOM,2012-01-12,55.61000061035156,56.5099983215332,55.47999954223633,56.33000183105469,11387500,38.559288024902344
QCOM,QCOM,2012-01-13,55.939998626708984,56.72999954223633,55.91999816894531,56.540000915527344,10517600,38.703033447265625
QCOM,QCOM,2012-01-17,56.93000030517578,57.7400016784668,56.720001220703125,57.13999938964844,12411500,39.113746643066406
QCOM,QCOM,2012-01-18,57.119998931884766,57.90999984741211,56.959999084472656,57.59000015258789,13313700,39.42178726196289
QCOM,QCOM,2012-01-19,57.709999084472656,58.2400016784668,57.470001220703125,58.0,13298900,39.702430725097656
QCOM,QCOM,2012-01-20,58.02000045776367,58.099998474121094,57.470001220703125,57.72999954223633,16538600,39.51762390136719
QCOM,QCOM,2012-01-23,57.939998626708984,58.720001220703125,57.86000061035156,58.150001525878906,13223800,39.80512237548828
QCOM,QCOM,2012-01-24,57.7599983215332,58.68000030517578,57.56999969482422,58.68000030517578,11490300,40.16792297363281
QCOM,QCOM,2012-01-25,59.119998931884766,59.5,58.529998779296875,58.9900016784668,21441100,40.38011169433594
QCOM,QCOM,2012-01-26,59.130001068115234,59.349998474121094,57.540000915527344,57.810001373291016,20419500,39.57237243652344
QCOM,QCOM,2012-01-27,57.54999923706055,58.150001525878906,57.540000915527344,57.790000915527344,10295900,39.558677673339844
QCOM,QCOM,2012-01-30,57.2400016784668,58.63999938964844,57.029998779296875,58.630001068115234,13061700,40.13368225097656
QCOM,QCOM,2012-01-31,58.95000076293945,59.349998474121094,58.599998474121094,58.81999969482422,13551300,40.263755798339844
QCOM,QCOM,2012-02-01,59.47999954223633,59.75,58.790000915527344,59.560001373291016,27741800,40.770301818847656
QCOM,QCOM,2012-02-02,61.029998779296875,61.95000076293945,60.599998474121094,60.72999954223633,34830000,41.571189880371094
QCOM,QCOM,2012-02-03,60.9900016784668,61.33000183105469,60.61000061035156,61.060001373291016,17428700,41.79709243774414
QCOM,QCOM,2012-02-06,60.81999969482422,61.119998931884766,60.540000915527344,61.06999969482422,11060800,41.80392837524414
QCOM,QCOM,2012-02-07,60.810001373291016,61.619998931884766,60.540000915527344,61.54999923706055,12395300,42.13249588012695
QCOM,QCOM,2012-02-08,61.41999816894531,61.66999816894531,60.939998626708984,61.470001220703125,11454900,42.077735900878906
QCOM,QCOM,2012-02-09,61.59000015258789,61.9900016784668,61.38999938964844,61.939998626708984,13895400,42.39946365356445
QCOM,QCOM,2012-02-10,61.43000030517578,61.79999923706055,61.2400016784668,61.72999954223633,10376500,42.25572204589844
QCOM,QCOM,2012-02-13,61.9900016784668,61.9900016784668,61.20000076293945,61.7400016784668,9318000,42.26255798339844
QCOM,QCOM,2012-02-14,61.52000045776367,61.709999084472656,61.099998474121094,61.709999084472656,8913400,42.24203109741211
QCOM,QCOM,2012-02-15,61.810001373291016,61.9900016784668,61.36000061035156,61.58000183105469,10839600,42.15303421020508
QCOM,QCOM,2012-02-16,61.790000915527344,62.400001525878906,61.560001373291016,62.27000045776367,12328800,42.6253662109375
QCOM,QCOM,2012-02-17,62.2599983215332,62.709999084472656,62.0,62.52000045776367,14729200,42.796504974365234
QCOM,QCOM,2012-02-21,62.65999984741211,62.93000030517578,62.349998474121094,62.779998779296875,8631500,42.974456787109375
QCOM,QCOM,2012-02-22,62.650001525878906,62.939998626708984,62.439998626708984,62.54999923706055,7782600,42.81703186035156
QCOM,QCOM,2012-02-23,62.54999923706055,63.65999984741211,62.31999969482422,63.5099983215332,12639300,43.47417449951172
QCOM,QCOM,2012-02-24,63.79999923706055,63.810001373291016,63.369998931884766,63.439998626708984,7904800,43.42625045776367
QCOM,QCOM,2012-02-27,62.900001525878906,63.61000061035156,62.75,63.310001373291016,9785200,43.33726501464844
QCOM,QCOM,2012-02-28,63.400001525878906,63.45000076293945,62.4900016784668,62.68000030517578,12045600,42.9060173034668
QCOM,QCOM,2012-02-29,62.65999984741211,62.970001220703125,62.0,62.18000030517578,13508600,42.71025085449219
QCOM,QCOM,2012-03-01,62.209999084472656,62.88999938964844,62.150001525878906,62.61000061035156,9941100,43.005615234375
QCOM,QCOM,2012-03-02,62.68000030517578,62.7400016784668,62.15999984741211,62.43000030517578,6715500,42.881980895996094
QCOM,QCOM,2012-03-05,62.22999954223633,62.31999969482422,61.5099983215332,62.11000061035156,9243000,42.66217041015625
QCOM,QCOM,2012-03-06,61.77000045776367,62.45000076293945,60.93000030517578,61.560001373291016,14198800,42.28438186645508
QCOM,QCOM,2012-03-07,61.810001373291016,62.95000076293945,61.4900016784668,62.720001220703125,12337300,43.081172943115234
QCOM,QCOM,2012-03-08,62.9900016784668,63.63999938964844,62.869998931884766,63.31999969482422,10566200,43.4932861328125
QCOM,QCOM,2012-03-09,63.59000015258789,64.27999877929688,63.43000030517578,63.93000030517578,12233300,43.91228485107422
QCOM,QCOM,2012-03-12,63.95000076293945,64.19000244140625,63.459999084472656,63.849998474121094,7606300,43.85734176635742
QCOM,QCOM,2012-03-13,64.16000366210938,64.88999938964844,64.1500015258789,64.8499984741211,11908300,44.54422378540039
QCOM,QCOM,2012-03-14,64.80999755859375,65.55999755859375,64.69999694824219,65.11000061035156,15126300,44.72280502319336
QCOM,QCOM,2012-03-15,65.27999877929688,65.48999786376953,64.87999725341797,65.20999908447266,10019900,44.7914924621582
QCOM,QCOM,2012-03-16,65.16999816894531,65.62000274658203,65.08000183105469,65.41000366210938,17787900,44.92888641357422
QCOM,QCOM,2012-03-19,65.83999633789062,67.0,65.54000091552734,66.75,14613100,45.84930419921875
QCOM,QCOM,2012-03-20,66.43000030517578,66.81999969482422,66.33000183105469,66.75,11400500,45.84930419921875
QCOM,QCOM,2012-03-21,66.8499984741211,66.9000015258789,65.9000015258789,66.43000030517578,13452600,45.62949752807617
QCOM,QCOM,2012-03-22,66.2300033569336,66.41000366210938,65.94999694824219,66.29000091552734,7652100,45.53333282470703
QCOM,QCOM,2012-03-23,66.5,66.73999786376953,65.69000244140625,66.68000030517578,9777200,45.80121994018555
QCOM,QCOM,2012-03-26,67.33999633789062,68.70999908447266,67.30000305175781,68.58999633789062,17106600,47.11317443847656
QCOM,QCOM,2012-03-27,68.58999633789062,68.87000274658203,68.33999633789062,68.48999786376953,10089300,47.044464111328125
QCOM,QCOM,2012-03-28,68.18000030517578,68.68000030517578,67.33999633789062,68.12000274658203,10022800,46.790321350097656
QCOM,QCOM,2012-03-29,67.87999725341797,67.98999786376953,67.30000305175781,67.93000030517578,8426900,46.65980529785156
QCOM,QCOM,2012-03-30,68.25,68.27999877929688,67.76000213623047,68.05999755859375,8117900,46.749114990234375
QCOM,QCOM,2012-04-02,68.25,68.83000183105469,67.5,68.31999969482422,10440400,46.92769241333008
QCOM,QCOM,2012-04-03,68.41000366210938,68.7699966430664,67.7300033569336,68.12999725341797,10812400,46.79719924926758
QCOM,QCOM,2012-04-04,67.33999633789062,67.70999908447266,66.83999633789062,67.38999938964844,10898900,46.28890609741211
QCOM,QCOM,2012-04-05,67.30999755859375,67.5999984741211,67.06999969482422,67.19000244140625,15585300,46.15153503417969
QCOM,QCOM,2012-04-09,66.12000274658203,67.7699966430664,65.58000183105469,66.5,9976300,45.67757797241211
QCOM,QCOM,2012-04-10,66.68000030517578,67.0999984741211,66.06999969482422,66.22000122070312,17300900,45.48524856567383
QCOM,QCOM,2012-04-11,66.91999816894531,67.5,66.0999984741211,66.22000122070312,11825700,45.48524856567383
QCOM,QCOM,2012-04-12,66.5199966430664,68.56999969482422,66.31999969482422,68.33000183105469,15714300,46.9345703125
QCOM,QCOM,2012-04-13,68.0,68.12999725341797,66.58999633789062,66.66999816894531,15743500,45.794342041015625
QCOM,QCOM,2012-04-16,67.33999633789062,67.5,65.52999877929688,66.25,16189600,45.50586700439453
QCOM,QCOM,2012-04-17,66.7699966430664,67.87999725341797,66.43000030517578,67.2300033569336,14001700,46.17900085449219
QCOM,QCOM,2012-04-18,67.44999694824219,67.5,66.54000091552734,66.98999786376953,21913700,46.0141487121582
QCOM,QCOM,2012-04-19,63.470001220703125,64.8499984741211,62.2599983215332,62.560001373291016,41688100,42.971275329589844
QCOM,QCOM,2012-04-20,62.84000015258789,63.310001373291016,62.220001220703125,62.25,23033000,42.758338928222656
QCOM,QCOM,2012-04-23,61.81999969482422,62.040000915527344,61.36000061035156,61.560001373291016,14149300,42.28438186645508
QCOM,QCOM,2012-04-24,61.5,62.459999084472656,61.2599983215332,61.86000061035156,15974500,42.49045181274414
QCOM,QCOM,2012-04-25,63.029998779296875,63.5099983215332,62.65999984741211,63.2599983215332,16700900,43.452083587646484
QCOM,QCOM,2012-04-26,63.31999969482422,63.9900016784668,63.099998474121094,63.90999984741211,11419800,43.898563385009766
QCOM,QCOM,2012-04-27,64.37000274658203,64.48999786376953,63.91999816894531,64.18000030517578,7323100,44.08400344848633
QCOM,QCOM,2012-04-30,63.97999954223633,64.12999725341797,63.400001525878906,63.83000183105469,8570800,43.84360885620117
QCOM,QCOM,2012-05-01,63.81999969482422,64.62999725341797,63.38999938964844,63.63999938964844,10756200,43.71310043334961
QCOM,QCOM,2012-05-02,63.209999084472656,64.30000305175781,62.7599983215332,64.23999786376953,10374400,44.12521743774414
QCOM,QCOM,2012-05-03,64.4800033569336,64.72000122070312,63.459999084472656,63.54999923706055,8055800,43.651283264160156
QCOM,QCOM,2012-05-04,63.040000915527344,63.06999969482422,61.380001068115234,61.90999984741211,14060800,42.52479934692383
QCOM,QCOM,2012-05-07,61.279998779296875,62.310001373291016,61.25,61.91999816894531,8798200,42.53165817260742
QCOM,QCOM,2012-05-08,61.72999954223633,62.810001373291016,60.86000061035156,62.66999816894531,14090600,43.04682540893555
QCOM,QCOM,2012-05-09,61.95000076293945,62.900001525878906,61.810001373291016,62.0099983215332,12259900,42.593475341796875
QCOM,QCOM,2012-05-10,62.59000015258789,62.79999923706055,62.220001220703125,62.47999954223633,8300000,42.916324615478516
QCOM,QCOM,2012-05-11,62.04999923706055,63.060001373291016,61.56999969482422,61.86000061035156,9305500,42.49045181274414
QCOM,QCOM,2012-05-14,61.16999816894531,62.130001068115234,60.970001220703125,61.459999084472656,7552900,42.2156867980957
QCOM,QCOM,2012-05-15,61.54999923706055,62.5,61.27000045776367,61.439998626708984,10579300,42.20197296142578
QCOM,QCOM,2012-05-16,61.65999984741211,61.93000030517578,59.06999969482422,59.11000061035156,21045600,40.601539611816406
QCOM,QCOM,2012-05-17,59.2599983215332,59.36000061035156,56.54999923706055,57.15999984741211,24028100,39.26210403442383
QCOM,QCOM,2012-05-18,57.459999084472656,58.29999923706055,55.720001220703125,55.97999954223633,20135200,38.45158004760742
QCOM,QCOM,2012-05-21,55.849998474121094,57.58000183105469,55.849998474121094,57.220001220703125,20321700,39.30332565307617
QCOM,QCOM,2012-05-22,57.40999984741211,58.29999923706055,57.349998474121094,57.93000030517578,16014200,39.79099655151367
QCOM,QCOM,2012-05-23,57.5,58.41999816894531,57.09000015258789,58.13999938964844,15300000,39.935245513916016
QCOM,QCOM,2012-05-24,58.40999984741211,58.68000030517578,56.650001525878906,57.150001525878906,13447300,39.25523376464844
QCOM,QCOM,2012-05-25,57.20000076293945,57.72999954223633,57.0,57.31999969482422,8024300,39.37202453613281
QCOM,QCOM,2012-05-29,57.900001525878906,58.75,57.61000061035156,58.38999938964844,10972600,40.10697555541992
QCOM,QCOM,2012-05-30,57.4900016784668,58.0099983215332,56.869998931884766,57.45000076293945,11060800,39.63098907470703
QCOM,QCOM,2012-05-31,57.290000915527344,57.709999084472656,56.29999923706055,57.310001373291016,13411000,39.53441619873047
QCOM,QCOM,2012-06-01,55.970001220703125,56.40999984741211,54.849998474121094,55.119998931884766,17494600,38.02368927001953
QCOM,QCOM,2012-06-04,55.119998931884766,55.91999816894531,54.91999816894531,55.849998474121094,12294600,38.527252197265625
QCOM,QCOM,2012-06-05,55.540000915527344,57.29999923706055,55.45000076293945,57.18000030517578,11730700,39.44472885131836
QCOM,QCOM,2012-06-06,57.400001525878906,58.560001373291016,57.25,58.400001525878906,12956000,40.28634262084961
QCOM,QCOM,2012-06-07,59.13999938964844,59.5,57.83000183105469,58.0,9156700,40.01039123535156
QCOM,QCOM,2012-06-08,57.93000030517578,58.91999816894531,57.540000915527344,58.7599983215332,8861500,40.534671783447266
QCOM,QCOM,2012-06-11,58.970001220703125,59.290000915527344,57.66999816894531,57.790000915527344,12484000,39.86552810668945
QCOM,QCOM,2012-06-12,57.95000076293945,59.45000076293945,57.599998474121094,59.400001525878906,14961900,40.97616958618164
QCOM,QCOM,2012-06-13,59.349998474121094,59.689998626708984,58.66999816894531,58.939998626708984,7527900,40.65884017944336
QCOM,QCOM,2012-06-14,58.88999938964844,58.88999938964844,56.0099983215332,56.790000915527344,27236900,39.17570495605469
QCOM,QCOM,2012-06-15,56.38999938964844,57.15999984741211,55.619998931884766,56.5,30969900,38.97564697265625
QCOM,QCOM,2012-06-18,56.119998931884766,57.29999923706055,55.79999923706055,56.77000045776367,12788200,39.161903381347656
QCOM,QCOM,2012-06-19,56.77000045776367,57.31999969482422,56.66999816894531,57.02000045776367,10031500,39.33436584472656
QCOM,QCOM,2012-06-20,57.18000030517578,57.68000030517578,56.65999984741211,57.0,13417100,39.3205680847168
QCOM,QCOM,2012-06-21,57.16999816894531,57.349998474121094,55.040000915527344,55.130001068115234,15252300,38.030574798583984
QCOM,QCOM,2012-06-22,55.27000045776367,55.939998626708984,55.13999938964844,55.63999938964844,13144700,38.382389068603516
QCOM,QCOM,2012-06-25,55.130001068115234,55.369998931884766,53.45000076293945,53.560001373291016,18901100,36.947532653808594
QCOM,QCOM,2012-06-26,53.77000045776367,54.4900016784668,53.40999984741211,53.91999816894531,14081800,37.19587707519531
QCOM,QCOM,2012-06-27,53.900001525878906,55.439998626708984,53.84000015258789,54.90999984741211,11946400,37.87882995605469
QCOM,QCOM,2012-06-28,54.58000183105469,55.20000076293945,53.77000045776367,54.29999923706055,13326100,37.45801544189453
QCOM,QCOM,2012-06-29,55.709999084472656,55.95000076293945,54.470001220703125,55.68000030517578,13548300,38.409969329833984
QCOM,QCOM,2012-07-02,55.650001525878906,55.86000061035156,54.869998931884766,55.66999816894531,9894500,38.403079986572266
QCOM,QCOM,2012-07-03,55.91999816894531,56.540000915527344,55.75,56.2599983215332,7578700,38.81008529663086
QCOM,QCOM,2012-07-05,56.27000045776367,56.68000030517578,55.77000045776367,56.25,10344500,38.80319595336914
QCOM,QCOM,2012-07-06,55.869998931884766,56.22999954223633,54.83000183105469,55.310001373291016,8514400,38.154747009277344
QCOM,QCOM,2012-07-09,55.38999938964844,56.0,54.93000030517578,55.31999969482422,7805700,38.16164779663086
QCOM,QCOM,2012-07-10,55.4900016784668,55.86000061035156,54.79999923706055,55.16999816894531,10072300,38.058162689208984
QCOM,QCOM,2012-07-11,54.970001220703125,55.150001525878906,53.619998931884766,54.369998931884766,14663200,37.50629806518555
QCOM,QCOM,2012-07-12,53.84000015258789,54.38999938964844,53.11000061035156,53.72999954223633,11685300,37.06481170654297
QCOM,QCOM,2012-07-13,53.63999938964844,55.189998626708984,53.619998931884766,54.97999954223633,10125400,37.927093505859375
QCOM,QCOM,2012-07-16,55.2599983215332,55.33000183105469,53.959999084472656,54.36000061035156,11611400,37.49939727783203
QCOM,QCOM,2012-07-17,54.599998474121094,55.33000183105469,53.09000015258789,54.459999084472656,15934200,37.568382263183594
QCOM,QCOM,2012-07-18,54.560001373291016,56.63999938964844,54.54999923706055,56.04999923706055,21808000,38.66522216796875
QCOM,QCOM,2012-07-19,58.849998474121094,58.88999938964844,57.4900016784668,58.439998626708984,26039100,40.313926696777344
QCOM,QCOM,2012-07-20,58.189998626708984,58.59000015258789,57.630001068115234,57.68000030517578,12627500,39.7896614074707
QCOM,QCOM,2012-07-23,56.529998779296875,57.65999984741211,56.06999969482422,57.31999969482422,11996000,39.54130172729492
QCOM,QCOM,2012-07-24,57.43000030517578,57.4900016784668,56.29999923706055,56.790000915527344,8767200,39.17570495605469
QCOM,QCOM,2012-07-25,56.689998626708984,57.709999084472656,56.400001525878906,57.279998779296875,10990200,39.51372146606445
QCOM,QCOM,2012-07-26,58.040000915527344,58.77000045776367,57.7400016784668,58.209999084472656,10885800,40.155269622802734
QCOM,QCOM,2012-07-27,58.81999969482422,59.529998779296875,58.310001373291016,59.34000015258789,12054200,40.934783935546875
QCOM,QCOM,2012-07-30,59.22999954223633,59.86000061035156,58.959999084472656,59.150001525878906,7936700,40.80369567871094
QCOM,QCOM,2012-07-31,59.189998626708984,60.189998626708984,59.150001525878906,59.68000030517578,12198300,41.16931915283203
QCOM,QCOM,2012-08-01,60.09000015258789,60.16999816894531,59.060001373291016,59.52000045776367,8362600,41.058956146240234
QCOM,QCOM,2012-08-02,58.7400016784668,59.70000076293945,58.15999984741211,58.880001068115234,9858200,40.6174430847168
QCOM,QCOM,2012-08-03,59.91999816894531,60.349998474121094,59.310001373291016,60.2400016784668,9843000,41.55562210083008
QCOM,QCOM,2012-08-06,60.40999984741211,60.5,60.0099983215332,60.130001068115234,7178400,41.479759216308594
QCOM,QCOM,2012-08-07,60.33000183105469,61.400001525878906,60.2400016784668,61.34000015258789,10143300,42.31443786621094
QCOM,QCOM,2012-08-08,61.2400016784668,61.54999923706055,60.97999954223633,61.45000076293945,6544000,42.39033508300781
QCOM,QCOM,2012-08-09,61.529998779296875,62.0,61.27000045776367,62.0,7022400,42.769737243652344
QCOM,QCOM,2012-08-10,61.709999084472656,62.04999923706055,61.36000061035156,61.97999954223633,5528500,42.75594711303711
QCOM,QCOM,2012-08-13,61.630001068115234,62.189998626708984,61.439998626708984,62.099998474121094,10550300,42.83871078491211
QCOM,QCOM,2012-08-14,62.40999984741211,63.09000015258789,62.15999984741211,62.38999938964844,10231100,43.03877639770508
QCOM,QCOM,2012-08-15,62.209999084472656,62.790000915527344,61.90999984741211,62.52000045776367,7968200,43.12845230102539
QCOM,QCOM,2012-08-16,62.70000076293945,63.0,62.5099983215332,62.56999969482422,9448300,43.16294479370117
QCOM,QCOM,2012-08-17,62.900001525878906,63.34000015258789,62.54999923706055,63.290000915527344,13204000,43.65962600708008
QCOM,QCOM,2012-08-20,63.099998474121094,63.290000915527344,62.349998474121094,62.79999923706055,7624000,43.32160568237305
QCOM,QCOM,2012-08-21,62.79999923706055,63.290000915527344,61.59000015258789,62.08000183105469,12461300,42.824913024902344
QCOM,QCOM,2012-08-22,62.150001525878906,62.470001220703125,61.650001525878906,62.16999816894531,7209900,42.887001037597656
QCOM,QCOM,2012-08-23,62.040000915527344,62.33000183105469,61.75,62.040000915527344,5463600,42.79732894897461
QCOM,QCOM,2012-08-24,61.97999954223633,62.619998931884766,61.75,62.43000030517578,6402100,43.06636047363281
QCOM,QCOM,2012-08-27,62.540000915527344,62.61000061035156,62.029998779296875,62.369998931884766,5579600,43.02499008178711
QCOM,QCOM,2012-08-28,62.220001220703125,62.54999923706055,61.869998931884766,62.0099983215332,7113600,42.77662658691406
QCOM,QCOM,2012-08-29,61.97999954223633,62.459999084472656,61.779998779296875,62.11000061035156,7550600,42.845619201660156
QCOM,QCOM,2012-08-30,61.63999938964844,61.970001220703125,61.06999969482422,61.20000076293945,7724400,42.217872619628906
QCOM,QCOM,2012-08-31,61.59000015258789,61.70000076293945,60.779998779296875,61.459999084472656,9017800,42.39723205566406
QCOM,QCOM,2012-09-04,61.20000076293945,61.400001525878906,60.41999816894531,60.810001373291016,9460200,41.94883728027344
QCOM,QCOM,2012-09-05,60.70000076293945,60.880001068115234,60.279998779296875,60.68000030517578,7637100,42.031959533691406
QCOM,QCOM,2012-09-06,61.29999923706055,62.66999816894531,61.20000076293945,62.619998931884766,11152700,43.37575149536133
QCOM,QCOM,2012-09-07,62.5,62.959999084472656,61.880001068115234,61.93000030517578,11786200,42.89780807495117
QCOM,QCOM,2012-09-10,61.9900016784668,62.66999816894531,61.13999938964844,61.290000915527344,12110300,42.454490661621094
QCOM,QCOM,2012-09-11,61.310001373291016,62.15999984741211,61.29999923706055,61.849998474121094,9352200,42.84238815307617
QCOM,QCOM,2012-09-12,62.29999923706055,62.630001068115234,61.970001220703125,62.439998626708984,8675400,43.251075744628906
QCOM,QCOM,2012-09-13,62.58000183105469,64.25,62.5,63.849998474121094,13965900,44.227760314941406
QCOM,QCOM,2012-09-14,64.16999816894531,65.27999877929688,64.06999969482422,64.87999725341797,15970700,44.94122314453125
QCOM,QCOM,2012-09-17,65.04000091552734,65.05000305175781,64.43000030517578,64.80999755859375,10085900,44.89274597167969
QCOM,QCOM,2012-09-18,64.61000061035156,65.3499984741211,64.5,65.08000183105469,8571000,45.079769134521484
QCOM,QCOM,2012-09-19,65.04000091552734,65.44999694824219,64.51000213623047,65.08000183105469,10002100,45.079769134521484
QCOM,QCOM,2012-09-20,64.6500015258789,64.76000213623047,63.189998626708984,64.3499984741211,13921400,44.5741081237793
QCOM,QCOM,2012-09-21,64.79000091552734,64.95999908447266,64.2300033569336,64.2699966430664,18609400,44.5186882019043
QCOM,QCOM,2012-09-24,63.5,63.900001525878906,63.040000915527344,63.66999816894531,11306100,44.10306930541992
QCOM,QCOM,2012-09-25,64.01000213623047,64.36000061035156,62.68000030517578,62.72999954223633,13227400,43.45195388793945
QCOM,QCOM,2012-09-26,62.650001525878906,63.34000015258789,62.06999969482422,62.31999969482422,10807500,43.167945861816406
QCOM,QCOM,2012-09-27,62.52000045776367,63.70000076293945,62.38999938964844,63.4900016784668,8481900,43.978397369384766
QCOM,QCOM,2012-09-28,63.060001373291016,63.220001220703125,62.27000045776367,62.470001220703125,9603100,43.2718620300293
QCOM,QCOM,2012-10-01,62.72999954223633,62.790000915527344,61.529998779296875,61.90999984741211,10629900,42.88396072387695
QCOM,QCOM,2012-10-02,62.130001068115234,62.310001373291016,61.52000045776367,61.790000915527344,8103700,42.800838470458984
QCOM,QCOM,2012-10-03,62.150001525878906,62.369998931884766,61.630001068115234,62.06999969482422,7533700,42.994789123535156
QCOM,QCOM,2012-10-04,62.150001525878906,62.779998779296875,61.66999816894531,62.650001525878906,7068600,43.396541595458984
QCOM,QCOM,2012-10-05,63.040000915527344,63.75,62.41999816894531,62.63999938964844,10025500,43.389617919921875
QCOM,QCOM,2012-10-08,62.04999923706055,62.31999969482422,61.380001068115234,61.400001525878906,9243200,42.53068542480469
QCOM,QCOM,2012-10-09,61.279998779296875,61.650001525878906,60.290000915527344,60.38999938964844,12914100,41.83106994628906
QCOM,QCOM,2012-10-10,60.20000076293945,60.27000045776367,59.650001525878906,59.779998779296875,11534500,41.40853500366211
QCOM,QCOM,2012-10-11,60.45000076293945,60.5099983215332,59.15999984741211,59.209999084472656,8893100,41.01371383666992
QCOM,QCOM,2012-10-12,59.20000076293945,59.22999954223633,58.099998474121094,58.88999938964844,14967800,40.79204559326172
QCOM,QCOM,2012-10-15,59.22999954223633,59.470001220703125,58.2400016784668,59.290000915527344,13527900,41.06911849975586
QCOM,QCOM,2012-10-16,59.4900016784668,60.45000076293945,59.20000076293945,60.36000061035156,10443200,41.810302734375
QCOM,QCOM,2012-10-17,59.880001068115234,61.2599983215332,59.880001068115234,60.97999954223633,11048200,42.2397575378418
QCOM,QCOM,2012-10-18,61.029998779296875,61.040000915527344,59.61000061035156,59.959999084472656,15806600,41.53321838378906
QCOM,QCOM,2012-10-19,59.9900016784668,59.9900016784668,58.5,58.75,14977800,40.695072174072266
QCOM,QCOM,2012-10-22,58.5,58.779998779296875,58.029998779296875,58.68000030517578,10730700,40.64659881591797
QCOM,QCOM,2012-10-23,58.09000015258789,58.689998626708984,57.66999816894531,58.310001373291016,9623200,40.39028549194336
QCOM,QCOM,2012-10-24,58.81999969482422,58.939998626708984,57.470001220703125,57.630001068115234,11584500,39.91926956176758
QCOM,QCOM,2012-10-25,57.9900016784668,58.209999084472656,57.290000915527344,57.43000030517578,8927700,39.78073501586914
QCOM,QCOM,2012-10-26,57.79999923706055,59.209999084472656,57.70000076293945,59.040000915527344,13502400,40.895957946777344
QCOM,QCOM,2012-10-31,59.150001525878906,59.47999954223633,58.31999969482422,58.61000061035156,10695100,40.59810256958008
QCOM,QCOM,2012-11-01,58.709999084472656,59.869998931884766,58.52000045776367,59.72999954223633,9562000,41.373905181884766
QCOM,QCOM,2012-11-02,60.0,60.099998474121094,59.220001220703125,59.29999923706055,7999300,41.076053619384766
QCOM,QCOM,2012-11-05,60.13999938964844,60.54999923706055,59.79999923706055,60.43000030517578,10384000,41.858795166015625
QCOM,QCOM,2012-11-06,60.54999923706055,60.720001220703125,60.0099983215332,60.369998931884766,9513000,41.81721115112305
QCOM,QCOM,2012-11-07,59.400001525878906,59.709999084472656,58.11000061035156,58.119998931884766,22730600,40.258697509765625
QCOM,QCOM,2012-11-08,62.7599983215332,62.79999923706055,60.380001068115234,60.66999816894531,32220300,42.02503204345703
QCOM,QCOM,2012-11-09,61.119998931884766,62.2400016784668,61.040000915527344,61.619998931884766,17209200,42.68307113647461
QCOM,QCOM,2012-11-12,61.84000015258789,62.119998931884766,61.150001525878906,61.619998931884766,8222800,42.68307113647461
QCOM,QCOM,2012-11-13,61.34000015258789,62.7599983215332,61.20000076293945,62.130001068115234,13091200,43.03633499145508
QCOM,QCOM,2012-11-14,62.33000183105469,62.56999969482422,61.52000045776367,61.72999954223633,15412500,42.75927734375
QCOM,QCOM,2012-11-15,61.63999938964844,62.290000915527344,60.84000015258789,61.279998779296875,14634500,42.447574615478516
QCOM,QCOM,2012-11-16,61.380001068115234,62.029998779296875,60.75,61.93000030517578,15580300,42.89780807495117
QCOM,QCOM,2012-11-19,62.5,62.54999923706055,62.04999923706055,62.09000015258789,12168800,43.00864791870117
QCOM,QCOM,2012-11-20,61.95000076293945,62.33000183105469,61.380001068115234,62.13999938964844,9751700,43.04327392578125
QCOM,QCOM,2012-11-21,62.16999816894531,62.54999923706055,61.880001068115234,62.13999938964844,7841800,43.04327392578125
QCOM,QCOM,2012-11-23,62.349998474121094,63.15999984741211,62.20000076293945,63.130001068115234,4803200,43.729026794433594
QCOM,QCOM,2012-11-26,62.75,63.040000915527344,62.040000915527344,62.4900016784668,11120000,43.28572463989258
QCOM,QCOM,2012-11-27,62.61000061035156,62.720001220703125,61.93000030517578,62.2599983215332,9150100,43.12638854980469
QCOM,QCOM,2012-11-28,61.86000061035156,62.68000030517578,61.66999816894531,62.650001525878906,9932500,43.396541595458984
QCOM,QCOM,2012-11-29,63.04999923706055,63.68000030517578,62.880001068115234,63.349998474121094,11977500,43.88142776489258
QCOM,QCOM,2012-11-30,63.619998931884766,63.810001373291016,63.15999984741211,63.619998931884766,13017300,44.068450927734375
QCOM,QCOM,2012-12-03,63.90999984741211,63.95000076293945,63.2400016784668,63.369998931884766,8558400,43.89527893066406
QCOM,QCOM,2012-12-04,63.439998626708984,63.58000183105469,63.0,63.470001220703125,10194200,43.96452713012695
QCOM,QCOM,2012-12-05,63.09000015258789,63.97999954223633,62.970001220703125,63.630001068115234,11632000,44.249664306640625
QCOM,QCOM,2012-12-06,63.599998474121094,64.19999694824219,63.400001525878906,64.19999694824219,8947000,44.64604949951172
QCOM,QCOM,2012-12-07,64.31999969482422,64.4000015258789,63.47999954223633,63.86000061035156,9271900,44.40961456298828
QCOM,QCOM,2012-12-10,63.79999923706055,64.23999786376953,63.66999816894531,63.93000030517578,7277600,44.45829772949219
QCOM,QCOM,2012-12-11,64.16999816894531,64.66999816894531,64.08999633789062,64.3499984741211,9745700,44.7503662109375
QCOM,QCOM,2012-12-12,64.51000213623047,64.72000122070312,63.33000183105469,63.4900016784668,11690000,44.15230941772461
QCOM,QCOM,2012-12-13,63.06999969482422,64.01000213623047,62.5,62.7599983215332,12997200,43.6446418762207
QCOM,QCOM,2012-12-14,61.58000183105469,61.970001220703125,59.439998626708984,59.83000183105469,37041800,41.60706329345703
QCOM,QCOM,2012-12-17,60.209999084472656,62.060001373291016,59.900001525878906,62.040000915527344,20747200,43.14392852783203
QCOM,QCOM,2012-12-18,62.400001525878906,63.45000076293945,62.150001525878906,63.36000061035156,12934000,44.06190490722656
QCOM,QCOM,2012-12-19,63.310001373291016,63.540000915527344,62.529998779296875,62.54999923706055,14141800,43.498619079589844
QCOM,QCOM,2012-12-20,62.93000030517578,63.15999984741211,62.529998779296875,62.86000061035156,10469400,43.714176177978516
QCOM,QCOM,2012-12-21,61.5099983215332,62.5099983215332,61.36000061035156,61.61000061035156,20090400,42.844913482666016
QCOM,QCOM,2012-12-24,61.5,61.95000076293945,61.400001525878906,61.900001525878906,5774900,43.04658889770508
QCOM,QCOM,2012-12-26,61.880001068115234,62.2599983215332,61.29999923706055,61.59000015258789,7072600,42.83100891113281
QCOM,QCOM,2012-12-27,61.56999969482422,61.75,60.720001220703125,61.5099983215332,8218400,42.77536392211914
QCOM,QCOM,2012-12-28,61.150001525878906,61.599998474121094,60.54999923706055,60.63999938964844,7946400,42.170352935791016
QCOM,QCOM,2012-12-31,60.52000045776367,62.25,60.220001220703125,61.86000061035156,15214600,43.01878356933594
QCOM,QCOM,2013-01-02,63.58000183105469,64.75,63.540000915527344,64.75,17582200,45.02853775024414
QCOM,QCOM,2013-01-03,64.81999969482422,65.19000244140625,64.08999633789062,64.44999694824219,14118200,44.81990432739258
QCOM,QCOM,2013-01-04,64.0999984741211,64.3499984741211,63.220001220703125,63.5,13918300,44.159263610839844
QCOM,QCOM,2013-01-07,63.349998474121094,64.23999786376953,63.15999984741211,64.01000213623047,10310100,44.51393127441406
QCOM,QCOM,2013-01-08,64.55999755859375,64.63999938964844,63.599998474121094,63.90999984741211,12856700,44.444393157958984
QCOM,QCOM,2013-01-09,64.3499984741211,64.95999908447266,64.2699966430664,64.87999725341797,12374300,45.118934631347656
QCOM,QCOM,2013-01-10,65.47000122070312,65.52999877929688,64.38999938964844,64.77999877929688,13114000,45.04939651489258
QCOM,QCOM,2013-01-11,64.77999877929688,65.0,64.33000183105469,64.9000015258789,6759000,45.13285446166992
QCOM,QCOM,2013-01-14,64.29000091552734,64.66999816894531,63.7599983215332,64.23999786376953,12726100,44.673866271972656
QCOM,QCOM,2013-01-15,63.75,64.47000122070312,63.52000045776367,64.44000244140625,6391800,44.81296157836914
QCOM,QCOM,2013-01-16,64.54000091552734,65.04000091552734,64.2699966430664,64.79000091552734,10131800,45.056358337402344
QCOM,QCOM,2013-01-17,64.91999816894531,65.31999969482422,64.80000305175781,65.13999938964844,7733500,45.29973602294922
QCOM,QCOM,2013-01-18,64.7300033569336,65.06999969482422,64.45999908447266,64.68000030517578,12459700,44.97986602783203
QCOM,QCOM,2013-01-22,64.7300033569336,64.87999725341797,64.05999755859375,64.68000030517578,8341000,44.97986602783203
QCOM,QCOM,2013-01-23,64.9000015258789,65.30000305175781,64.66000366210938,64.88999938964844,9241500,45.12589645385742
QCOM,QCOM,2013-01-24,63.95000076293945,64.94999694824219,63.849998474121094,64.4000015258789,12751400,44.7851448059082
QCOM,QCOM,2013-01-25,64.18000030517578,64.5199966430664,63.369998931884766,63.65999984741211,15995900,44.270503997802734
QCOM,QCOM,2013-01-28,63.470001220703125,64.04000091552734,63.459999084472656,63.66999816894531,12237400,44.27748107910156
QCOM,QCOM,2013-01-29,63.619998931884766,63.959999084472656,62.33000183105469,63.45000076293945,12087400,44.124473571777344
QCOM,QCOM,2013-01-30,63.650001525878906,64.12000274658203,63.25,63.529998779296875,19181200,44.18012237548828
QCOM,QCOM,2013-01-31,67.08999633789062,67.44000244140625,65.95999908447266,66.0199966430664,27660800,45.911720275878906
QCOM,QCOM,2013-02-01,66.4000015258789,66.80000305175781,65.62999725341797,66.7300033569336,14841200,46.40547180175781
QCOM,QCOM,2013-02-04,66.25,67.0999984741211,65.36000061035156,65.63999938964844,14311500,45.6474609375
QCOM,QCOM,2013-02-05,66.18000030517578,67.1500015258789,65.87999725341797,66.94999694824219,12356800,46.55846405029297
QCOM,QCOM,2013-02-06,66.5199966430664,67.19999694824219,66.47000122070312,67.18000030517578,11195700,46.71841049194336
QCOM,QCOM,2013-02-07,67.12000274658203,67.33000183105469,66.0199966430664,66.54000091552734,11521200,46.273338317871094
QCOM,QCOM,2013-02-08,66.9000015258789,67.44999694824219,66.31999969482422,66.94999694824219,7396300,46.55846405029297
QCOM,QCOM,2013-02-11,67.0,67.30999755859375,66.75,67.18000030517578,6653800,46.71841049194336
QCOM,QCOM,2013-02-12,66.36000061035156,66.41999816894531,65.52999877929688,65.88999938964844,16455700,45.82130432128906
QCOM,QCOM,2013-02-13,66.19999694824219,66.23999786376953,65.19999694824219,65.44999694824219,8951700,45.51531982421875
QCOM,QCOM,2013-02-14,65.12000274658203,65.69999694824219,65.02999877929688,65.52999877929688,13771100,45.57096862792969
QCOM,QCOM,2013-02-15,65.70999908447266,66.25,65.11000061035156,65.43000030517578,11356700,45.50142288208008
QCOM,QCOM,2013-02-19,65.75,65.87999725341797,65.30999755859375,65.66999816894531,7488500,45.6683235168457
QCOM,QCOM,2013-02-20,66.01000213623047,66.05999755859375,64.48999786376953,65.2699966430664,12388400,45.39015197753906
QCOM,QCOM,2013-02-21,65.19999694824219,65.43000030517578,64.31999969482422,64.81999969482422,11749500,45.07720184326172
QCOM,QCOM,2013-02-22,65.20999908447266,65.7699966430664,64.66999816894531,64.94000244140625,7070300,45.16066360473633
QCOM,QCOM,2013-02-25,65.38999938964844,67.44999694824219,64.80000305175781,64.80000305175781,13078300,45.063297271728516
QCOM,QCOM,2013-02-26,64.97000122070312,65.54000091552734,64.97000122070312,65.2699966430664,10027200,45.39015197753906
QCOM,QCOM,2013-02-27,65.23999786376953,66.1500015258789,65.0,65.63999938964844,8976900,45.6474609375
QCOM,QCOM,2013-02-28,65.81999969482422,66.22000122070312,65.61000061035156,65.63999938964844,9596300,45.6474609375
QCOM,QCOM,2013-03-01,65.33999633789062,66.6500015258789,65.16000366210938,66.30000305175781,11186800,46.10645294189453
QCOM,QCOM,2013-03-04,66.05000305175781,66.6500015258789,65.86000061035156,66.62999725341797,7969900,46.335933685302734
QCOM,QCOM,2013-03-05,67.5199966430664,68.5,67.51000213623047,67.97000122070312,16205100,47.26779556274414
QCOM,QCOM,2013-03-06,67.4800033569336,67.5199966430664,66.22000122070312,66.66999816894531,16966700,46.53490447998047
QCOM,QCOM,2013-03-07,66.97000122070312,67.0999984741211,66.4000015258789,66.79000091552734,9305400,46.61865234375
QCOM,QCOM,2013-03-08,67.33000183105469,67.91999816894531,66.5,66.6500015258789,8590100,46.52092742919922
QCOM,QCOM,2013-03-11,66.7300033569336,66.93000030517578,66.30999755859375,66.69999694824219,6559800,46.55585479736328
QCOM,QCOM,2013-03-12,66.70999908447266,67.08999633789062,66.37000274658203,67.04000091552734,9115600,46.79316711425781
QCOM,QCOM,2013-03-13,67.01000213623047,67.5,66.66000366210938,66.75,9621500,46.59074401855469
QCOM,QCOM,2013-03-14,67.0,67.05999755859375,66.36000061035156,66.56999969482422,9262200,46.465091705322266
QCOM,QCOM,2013-03-15,66.41999816894531,66.58000183105469,64.73999786376953,64.97000122070312,26182100,45.348323822021484
QCOM,QCOM,2013-03-18,64.41000366210938,64.80000305175781,63.400001525878906,64.55999755859375,14183900,45.0621452331543
QCOM,QCOM,2013-03-19,64.69000244140625,65.0,63.90999984741211,64.72000122070312,10231800,45.17381286621094
QCOM,QCOM,2013-03-20,65.41000366210938,66.0999984741211,64.73999786376953,65.73999786376953,12407900,45.885780334472656
QCOM,QCOM,2013-03-21,65.69999694824219,66.12000274658203,65.05999755859375,65.3499984741211,9215100,45.61355209350586
QCOM,QCOM,2013-03-22,65.69000244140625,66.05000305175781,65.5999984741211,65.91999816894531,8231600,46.01141357421875
QCOM,QCOM,2013-03-25,66.19000244140625,66.19000244140625,65.27999877929688,65.66999816894531,9045800,45.8369140625
QCOM,QCOM,2013-03-26,65.98999786376953,66.69000244140625,65.87000274658203,66.62000274658203,9802400,46.500003814697266
QCOM,QCOM,2013-03-27,66.16999816894531,66.73999786376953,65.76000213623047,66.68000030517578,6659800,46.541873931884766
QCOM,QCOM,2013-03-28,66.63999938964844,67.0,66.52999877929688,66.94000244140625,7899200,46.723365783691406
QCOM,QCOM,2013-04-01,66.69999694824219,66.83999633789062,65.61000061035156,66.0,8706400,46.067230224609375
QCOM,QCOM,2013-04-02,66.5,66.70999908447266,65.9000015258789,66.25,9208000,46.24174499511719
QCOM,QCOM,2013-04-03,66.5,66.6500015258789,65.94000244140625,65.97000122070312,10656000,46.04631805419922
QCOM,QCOM,2013-04-04,65.9800033569336,66.30000305175781,65.33999633789062,65.80999755859375,7932700,45.93463134765625
QCOM,QCOM,2013-04-05,64.66999816894531,65.25,64.55000305175781,65.16000366210938,10245000,45.4809455871582
QCOM,QCOM,2013-04-08,65.13999938964844,65.86000061035156,65.08999633789062,65.86000061035156,5605800,45.96952819824219
QCOM,QCOM,2013-04-09,66.0,66.19999694824219,65.31999969482422,65.95999908447266,12057800,46.039329528808594
QCOM,QCOM,2013-04-10,66.27999877929688,67.6500015258789,66.19000244140625,67.29000091552734,11095100,46.9676513671875
QCOM,QCOM,2013-04-11,67.23999786376953,67.5999984741211,66.62000274658203,67.02999877929688,11181700,46.78618240356445
QCOM,QCOM,2013-04-12,67.0199966430664,67.06999969482422,66.08999633789062,66.68000030517578,10766100,46.541873931884766
QCOM,QCOM,2013-04-15,66.2300033569336,66.66999816894531,65.43000030517578,65.48999786376953,9738200,45.71128463745117
QCOM,QCOM,2013-04-16,65.77999877929688,66.18000030517578,65.37999725341797,65.80999755859375,10073000,45.93463134765625
QCOM,QCOM,2013-04-17,65.08000183105469,65.18000030517578,64.01000213623047,64.2300033569336,14208300,44.831817626953125
QCOM,QCOM,2013-04-18,64.98999786376953,65.58999633789062,63.25,63.63999938964844,15041400,44.420005798339844
QCOM,QCOM,2013-04-19,63.619998931884766,64.12000274658203,63.029998779296875,63.93000030517578,12205100,44.62241744995117
QCOM,QCOM,2013-04-22,64.08999633789062,64.58999633789062,63.58000183105469,64.58000183105469,11160200,45.07611083984375
QCOM,QCOM,2013-04-23,64.94999694824219,65.48999786376953,64.61000061035156,65.3499984741211,9919900,45.61355209350586
QCOM,QCOM,2013-04-24,66.0,66.55999755859375,65.80999755859375,66.0,17846000,46.067230224609375
QCOM,QCOM,2013-04-25,62.810001373291016,63.04999923706055,61.790000915527344,62.439998626708984,56907000,43.58241271972656
QCOM,QCOM,2013-04-26,62.5099983215332,62.68000030517578,61.470001220703125,61.52000045776367,28621800,42.940250396728516
QCOM,QCOM,2013-04-29,61.79999923706055,62.11000061035156,61.52000045776367,61.61000061035156,22797600,43.003082275390625
QCOM,QCOM,2013-04-30,61.599998474121094,62.119998931884766,61.25,61.599998474121094,21041900,42.996097564697266
QCOM,QCOM,2013-05-01,61.43000030517578,62.06999969482422,61.43000030517578,61.91999816894531,14881300,43.21944808959961
QCOM,QCOM,2013-05-02,62.13999938964844,63.0099983215332,61.93000030517578,62.88999938964844,15142600,43.8964958190918
QCOM,QCOM,2013-05-03,63.52000045776367,63.849998474121094,63.310001373291016,63.77000045776367,10548800,44.5107307434082
QCOM,QCOM,2013-05-06,63.81999969482422,64.31999969482422,63.7400016784668,63.86000061035156,10558100,44.57355880737305
QCOM,QCOM,2013-05-07,63.810001373291016,64.22000122070312,63.529998779296875,63.970001220703125,9762800,44.65034103393555
QCOM,QCOM,2013-05-08,63.900001525878906,64.5,63.900001525878906,64.12000274658203,11134400,44.75503921508789
QCOM,QCOM,2013-05-09,64.20999908447266,64.5,63.93000030517578,64.11000061035156,9502100,44.7480583190918
QCOM,QCOM,2013-05-10,64.01000213623047,64.63999938964844,64.01000213623047,64.63999938964844,9430400,45.117977142333984
QCOM,QCOM,2013-05-13,64.33999633789062,65.06999969482422,64.18000030517578,64.81999969482422,9940700,45.243614196777344
QCOM,QCOM,2013-05-14,65.01000213623047,65.31999969482422,64.73999786376953,65.31999969482422,8986200,45.59261703491211
QCOM,QCOM,2013-05-15,65.33000183105469,65.5999984741211,65.04000091552734,65.54000091552734,10591200,45.74617385864258
QCOM,QCOM,2013-05-16,65.43000030517578,66.19999694824219,65.36000061035156,65.63999938964844,11532100,45.815975189208984
QCOM,QCOM,2013-05-17,66.22000122070312,66.66999816894531,65.56999969482422,66.61000061035156,11528400,46.493003845214844
QCOM,QCOM,2013-05-20,66.30000305175781,66.5999984741211,66.01000213623047,66.0999984741211,10222500,46.13705062866211
QCOM,QCOM,2013-05-21,65.68000030517578,66.20999908447266,65.5999984741211,65.76000213623047,11231000,45.89973831176758
QCOM,QCOM,2013-05-22,65.62999725341797,66.1500015258789,64.87999725341797,65.2300033569336,13391500,45.529815673828125
QCOM,QCOM,2013-05-23,64.58999633789062,64.93000030517578,63.630001068115234,63.90999984741211,19154200,44.608463287353516
QCOM,QCOM,2013-05-24,63.70000076293945,64.3499984741211,63.5099983215332,64.26000213623047,10522400,44.852752685546875
QCOM,QCOM,2013-05-28,64.63999938964844,64.87999725341797,64.0199966430664,64.06999969482422,10913300,44.720130920410156
QCOM,QCOM,2013-05-29,63.779998779296875,64.30000305175781,63.5,64.11000061035156,13122300,44.7480583190918
QCOM,QCOM,2013-05-30,64.12999725341797,64.76000213623047,64.02999877929688,64.18000030517578,10866800,44.79692459106445
QCOM,QCOM,2013-05-31,63.900001525878906,64.58000183105469,63.47999954223633,63.47999954223633,12413500,44.30833053588867
QCOM,QCOM,2013-06-03,63.369998931884766,63.66999816894531,62.689998626708984,63.22999954223633,13371100,44.37851333618164
QCOM,QCOM,2013-06-04,63.43000030517578,64.04000091552734,63.20000076293945,63.709999084472656,14394800,44.715396881103516
QCOM,QCOM,2013-06-05,63.650001525878906,63.650001525878906,62.68000030517578,63.150001525878906,10345000,44.322349548339844
QCOM,QCOM,2013-06-06,63.34000015258789,63.81999969482422,62.529998779296875,62.970001220703125,10775900,44.196022033691406
QCOM,QCOM,2013-06-07,62.900001525878906,63.11000061035156,61.41999816894531,62.099998474121094,29483700,43.58540344238281
QCOM,QCOM,2013-06-10,62.11000061035156,62.20000076293945,61.66999816894531,62.029998779296875,11084000,43.5362663269043
QCOM,QCOM,2013-06-11,61.470001220703125,62.04999923706055,61.150001525878906,61.65999984741211,11794100,43.27659606933594
QCOM,QCOM,2013-06-12,61.970001220703125,61.970001220703125,61.0099983215332,61.11000061035156,14631700,42.89055252075195
QCOM,QCOM,2013-06-13,61.220001220703125,62.119998931884766,60.75,61.959999084472656,11578600,43.48714065551758
QCOM,QCOM,2013-06-14,61.790000915527344,61.93000030517578,61.34000015258789,61.380001068115234,9871600,43.080074310302734
QCOM,QCOM,2013-06-17,61.61000061035156,62.349998474121094,61.4900016784668,62.06999969482422,13528500,43.564353942871094
QCOM,QCOM,2013-06-18,62.290000915527344,62.72999954223633,62.0099983215332,62.380001068115234,11624400,43.78193283081055
QCOM,QCOM,2013-06-19,62.630001068115234,62.79999923706055,61.83000183105469,61.90999984741211,11231900,43.45204544067383
QCOM,QCOM,2013-06-20,61.400001525878906,61.86000061035156,60.66999816894531,60.91999816894531,14425500,42.757205963134766
QCOM,QCOM,2013-06-21,60.93000030517578,61.04999923706055,60.220001220703125,60.66999816894531,25052800,42.58175277709961
QCOM,QCOM,2013-06-24,60.0,60.209999084472656,59.459999084472656,59.880001068115234,17769700,42.027278900146484
QCOM,QCOM,2013-06-25,60.41999816894531,62.380001068115234,60.369998931884766,61.810001373291016,21204900,43.381866455078125
QCOM,QCOM,2013-06-26,62.560001373291016,62.91999816894531,61.16999816894531,61.27000045776367,22000700,43.002872467041016
QCOM,QCOM,2013-06-27,61.630001068115234,61.77000045776367,60.65999984741211,61.08000183105469,14249000,42.869510650634766
QCOM,QCOM,2013-06-28,60.63999938964844,61.630001068115234,60.54999923706055,61.09000015258789,13533100,42.87652587890625
QCOM,QCOM,2013-07-01,61.4900016784668,61.61000061035156,60.900001525878906,60.959999084472656,7457400,42.7852897644043
QCOM,QCOM,2013-07-02,60.7400016784668,61.2400016784668,60.630001068115234,60.91999816894531,7922200,42.757205963134766
QCOM,QCOM,2013-07-03,60.7400016784668,61.34000015258789,60.65999984741211,60.90999984741211,4380100,42.75019454956055
QCOM,QCOM,2013-07-05,60.75,60.959999084472656,60.27000045776367,60.95000076293945,11158000,42.778263092041016
QCOM,QCOM,2013-07-08,60.75,60.939998626708984,59.83000183105469,59.9900016784668,17681600,42.104488372802734
QCOM,QCOM,2013-07-09,60.150001525878906,60.34000015258789,59.02000045776367,59.38999938964844,24848100,41.683353424072266
QCOM,QCOM,2013-07-10,59.22999954223633,60.650001525878906,59.20000076293945,60.439998626708984,19127100,42.42030715942383
QCOM,QCOM,2013-07-11,61.150001525878906,61.369998931884766,60.810001373291016,61.29999923706055,13293700,43.02391052246094
QCOM,QCOM,2013-07-12,61.349998474121094,62.02000045776367,61.290000915527344,62.02000045776367,11053300,43.52925491333008
QCOM,QCOM,2013-07-15,61.38999938964844,61.65999984741211,60.849998474121094,61.279998779296875,14772100,43.0098876953125
QCOM,QCOM,2013-07-16,61.4900016784668,61.880001068115234,61.20000076293945,61.849998474121094,13334400,43.40991973876953
QCOM,QCOM,2013-07-17,62.04999923706055,62.65999984741211,61.560001373291016,62.650001525878906,12761700,43.9714241027832
QCOM,QCOM,2013-07-18,61.939998626708984,62.02000045776367,60.81999969482422,61.119998931884766,23681900,42.8975830078125
QCOM,QCOM,2013-07-19,61.220001220703125,61.56999969482422,61.09000015258789,61.459999084472656,14614700,43.13621520996094
QCOM,QCOM,2013-07-22,61.68000030517578,62.209999084472656,61.4900016784668,62.209999084472656,12712900,43.662601470947266
QCOM,QCOM,2013-07-23,62.27000045776367,62.75,62.209999084472656,62.29999923706055,9017900,43.72578048706055
QCOM,QCOM,2013-07-24,62.88999938964844,62.959999084472656,61.189998626708984,61.38999938964844,20129500,43.08708572387695
QCOM,QCOM,2013-07-25,63.4900016784668,64.44999694824219,62.88999938964844,63.41999816894531,24796700,44.51187515258789
QCOM,QCOM,2013-07-26,62.91999816894531,64.80000305175781,62.83000183105469,64.61000061035156,18064400,45.347068786621094
QCOM,QCOM,2013-07-29,64.47000122070312,64.9000015258789,64.16999816894531,64.23999786376953,9304700,45.087379455566406
QCOM,QCOM,2013-07-30,64.72000122070312,65.19000244140625,64.38999938964844,64.51000213623047,11528900,45.276885986328125
QCOM,QCOM,2013-07-31,64.5999984741211,64.94999694824219,64.4000015258789,64.55999755859375,12417500,45.31196975708008
QCOM,QCOM,2013-08-01,64.77999877929688,65.4800033569336,64.30999755859375,65.2699966430664,11595600,45.81029510498047
QCOM,QCOM,2013-08-02,64.88999938964844,66.76000213623047,64.88999938964844,66.75,19320500,46.84904861450195
QCOM,QCOM,2013-08-05,65.41000366210938,66.38999938964844,65.33000183105469,66.25,13249800,46.49811553955078
QCOM,QCOM,2013-08-06,66.18000030517578,66.30000305175781,65.52999877929688,65.58999633789062,7952400,46.034889221191406
QCOM,QCOM,2013-08-07,65.2699966430664,65.83999633789062,65.0,65.20999908447266,9489900,45.76819610595703
QCOM,QCOM,2013-08-08,65.58999633789062,66.63999938964844,65.36000061035156,66.3499984741211,12876400,46.56829071044922
QCOM,QCOM,2013-08-09,66.33999633789062,66.55000305175781,66.04000091552734,66.2699966430664,7891400,46.512149810791016
QCOM,QCOM,2013-08-12,65.88999938964844,66.62000274658203,65.80000305175781,66.45999908447266,7244700,46.645503997802734
QCOM,QCOM,2013-08-13,66.7300033569336,67.44999694824219,66.52999877929688,67.25,12605200,47.19995880126953
QCOM,QCOM,2013-08-14,67.08000183105469,67.22000122070312,66.62999725341797,66.95999908447266,9322600,46.99643325805664
QCOM,QCOM,2013-08-15,66.3499984741211,66.94999694824219,66.19999694824219,66.94999694824219,11462800,46.989418029785156
QCOM,QCOM,2013-08-16,66.69000244140625,67.41999816894531,66.69000244140625,66.9000015258789,13888900,46.95432662963867
QCOM,QCOM,2013-08-19,66.87999725341797,67.4000015258789,66.29000091552734,66.33000183105469,9063600,46.55427551269531
QCOM,QCOM,2013-08-20,66.52999877929688,67.13999938964844,66.30999755859375,66.70999908447266,9064900,46.820980072021484
QCOM,QCOM,2013-08-21,66.30999755859375,67.0,66.19000244140625,66.56999969482422,8471500,46.722713470458984
QCOM,QCOM,2013-08-22,66.69000244140625,67.16999816894531,66.63999938964844,67.12999725341797,6694200,47.115745544433594
QCOM,QCOM,2013-08-23,67.01000213623047,67.33999633789062,66.5999984741211,67.1500015258789,8374900,47.12978744506836
QCOM,QCOM,2013-08-26,67.02999877929688,67.23999786376953,66.80000305175781,66.94999694824219,10388700,46.989418029785156
QCOM,QCOM,2013-08-27,66.30999755859375,66.6500015258789,65.91000366210938,66.0199966430664,9058400,46.33668518066406
QCOM,QCOM,2013-08-28,66.06999969482422,66.83999633789062,65.98999786376953,66.55999755859375,8511300,46.71569061279297
QCOM,QCOM,2013-08-29,66.56999969482422,67.13999938964844,66.4000015258789,66.70999908447266,6551500,46.820980072021484
QCOM,QCOM,2013-08-30,66.62999725341797,66.66000366210938,65.73999786376953,66.27999877929688,8441300,46.764522552490234
QCOM,QCOM,2013-09-03,66.91999816894531,67.73999786376953,66.5199966430664,66.75,11906500,47.096134185791016
QCOM,QCOM,2013-09-04,66.81999969482422,67.51000213623047,66.80000305175781,67.27999877929688,7900100,47.4700813293457
QCOM,QCOM,2013-09-05,67.33000183105469,67.95999908447266,67.23999786376953,67.83000183105469,8074600,47.858150482177734
QCOM,QCOM,2013-09-06,67.9800033569336,68.44999694824219,67.37000274658203,68.0199966430664,10267200,47.992210388183594
QCOM,QCOM,2013-09-09,68.0,69.37000274658203,68.0,69.30000305175781,13633400,48.89531707763672
QCOM,QCOM,2013-09-10,69.38999938964844,70.37000274658203,69.38999938964844,70.08999633789062,14610700,49.45270538330078
QCOM,QCOM,2013-09-11,68.29000091552734,68.5999984741211,67.48999786376953,68.08999633789062,21086500,48.04158020019531
QCOM,QCOM,2013-09-12,68.7300033569336,69.72000122070312,68.5,68.80999755859375,17294200,48.54961013793945
QCOM,QCOM,2013-09-13,69.20999908447266,69.23999786376953,68.36000061035156,68.58000183105469,11713800,48.387325286865234
QCOM,QCOM,2013-09-16,69.0199966430664,69.05000305175781,67.97000122070312,68.08999633789062,12018800,48.04158020019531
QCOM,QCOM,2013-09-17,68.36000061035156,69.45999908447266,68.1500015258789,69.41999816894531,14140700,48.97999572753906
QCOM,QCOM,2013-09-18,69.47000122070312,69.87000274658203,68.91000366210938,69.63999938964844,11062900,49.135196685791016
QCOM,QCOM,2013-09-19,69.70999908447266,70.04000091552734,69.41999816894531,69.45999908447266,12310200,49.00821304321289
QCOM,QCOM,2013-09-20,69.5199966430664,69.88999938964844,69.0,69.05999755859375,18278300,48.72597885131836
QCOM,QCOM,2013-09-23,70.0,70.2300033569336,68.87999725341797,68.9800033569336,13520800,48.66953659057617
QCOM,QCOM,2013-09-24,68.72000122070312,68.91000366210938,68.13999938964844,68.51000213623047,8067600,48.33793258666992
QCOM,QCOM,2013-09-25,68.44000244140625,69.06999969482422,68.26000213623047,68.75,7053700,48.507259368896484
QCOM,QCOM,2013-09-26,69.08000183105469,69.3499984741211,68.69999694824219,68.87000274658203,4987100,48.59193801879883
QCOM,QCOM,2013-09-27,68.19000244140625,68.27999877929688,67.08000183105469,67.37999725341797,10850300,47.5406379699707
QCOM,QCOM,2013-09-30,66.94000244140625,67.58999633789062,66.55000305175781,67.31999969482422,8551800,47.498294830322266
QCOM,QCOM,2013-10-01,67.4000015258789,67.87999725341797,67.16999816894531,67.48999786376953,6876700,47.618263244628906
QCOM,QCOM,2013-10-02,67.02999877929688,67.73999786376953,66.94999694824219,67.68000030517578,6106600,47.7523193359375
QCOM,QCOM,2013-10-03,67.72000122070312,67.72000122070312,66.69999694824219,67.11000061035156,6164200,47.35014724731445
QCOM,QCOM,2013-10-04,67.25,68.19000244140625,67.12999725341797,68.0199966430664,7852400,47.992210388183594
QCOM,QCOM,2013-10-07,66.38999938964844,67.6500015258789,66.30000305175781,67.19000244140625,12189800,47.40658950805664
QCOM,QCOM,2013-10-08,67.18000030517578,67.2300033569336,66.26000213623047,66.3499984741211,8077900,46.813907623291016
QCOM,QCOM,2013-10-09,66.55000305175781,66.58000183105469,65.47000122070312,65.70999908447266,11099600,46.362361907958984
QCOM,QCOM,2013-10-10,66.22000122070312,66.97000122070312,66.0,66.83999633789062,7416700,47.159637451171875
QCOM,QCOM,2013-10-11,66.95999908447266,67.5999984741211,66.58999633789062,67.55000305175781,7119400,47.660587310791016
QCOM,QCOM,2013-10-14,67.11000061035156,67.94000244140625,66.91999816894531,67.75,5548100,47.801692962646484
QCOM,QCOM,2013-10-15,68.0,68.69999694824219,67.80000305175781,68.16999816894531,7727500,48.09803771972656
QCOM,QCOM,2013-10-16,68.5,69.0999984741211,68.38999938964844,68.87000274658203,8290300,48.59193801879883
QCOM,QCOM,2013-10-17,68.29000091552734,68.76000213623047,67.8499984741211,68.69999694824219,7436700,48.47199630737305
QCOM,QCOM,2013-10-18,68.47000122070312,68.97000122070312,68.22000122070312,68.4000015258789,8244700,48.26031494140625
QCOM,QCOM,2013-10-21,68.51000213623047,68.94999694824219,68.36000061035156,68.7699966430664,5636100,48.52136993408203
QCOM,QCOM,2013-10-22,68.8499984741211,69.25,68.79000091552734,68.91999816894531,8090900,48.627193450927734
QCOM,QCOM,2013-10-23,68.26000213623047,68.5,66.91999816894531,67.04000091552734,13641800,47.300758361816406
QCOM,QCOM,2013-10-24,67.45999908447266,67.51000213623047,66.81999969482422,66.94000244140625,7021700,47.23019027709961
QCOM,QCOM,2013-10-25,67.19999694824219,68.2699966430664,67.0,68.2699966430664,10251700,48.16859436035156
QCOM,QCOM,2013-10-28,68.38999938964844,68.62000274658203,67.95999908447266,68.54000091552734,7655100,48.35908889770508
QCOM,QCOM,2013-10-29,68.7300033569336,69.38999938964844,68.5999984741211,68.93000030517578,8219900,48.634246826171875
QCOM,QCOM,2013-10-30,68.98999786376953,69.3499984741211,68.83000183105469,69.04000091552734,7184700,48.71186065673828
QCOM,QCOM,2013-10-31,69.19000244140625,69.9800033569336,68.76000213623047,69.48999786376953,11205000,49.02936935424805
QCOM,QCOM,2013-11-01,69.52999877929688,70.0,69.31999969482422,69.9000015258789,10847200,49.31865692138672
QCOM,QCOM,2013-11-04,70.13999938964844,70.19000244140625,69.25,69.56999969482422,9294400,49.08582305908203
QCOM,QCOM,2013-11-05,69.25,69.55000305175781,68.86000061035156,69.01000213623047,8602600,48.69070816040039
QCOM,QCOM,2013-11-06,69.43000030517578,69.80999755859375,68.66999816894531,69.73999786376953,13386400,49.205753326416016
QCOM,QCOM,2013-11-07,66.83000183105469,67.75,66.25,67.08999633789062,33825700,47.33602523803711
QCOM,QCOM,2013-11-08,67.41999816894531,68.04000091552734,67.05999755859375,67.44999694824219,14752500,47.59003829956055
QCOM,QCOM,2013-11-11,67.30000305175781,67.91999816894531,67.18000030517578,67.62000274658203,10570000,47.70998764038086
QCOM,QCOM,2013-11-12,67.54000091552734,68.56999969482422,67.54000091552734,68.51000213623047,9940700,48.33793258666992
QCOM,QCOM,2013-11-13,68.98999786376953,70.02999877929688,68.55000305175781,70.02999877929688,13677400,49.41037368774414
QCOM,QCOM,2013-11-14,69.9800033569336,71.4800033569336,69.8499984741211,71.22000122070312,14855400,50.24999237060547
QCOM,QCOM,2013-11-15,71.33999633789062,72.18000030517578,71.0999984741211,72.16999816894531,14220700,50.9202766418457
QCOM,QCOM,2013-11-18,72.27999877929688,72.30000305175781,71.72000122070312,71.94000244140625,10955800,50.75799560546875
QCOM,QCOM,2013-11-19,72.18000030517578,72.43000030517578,71.7300033569336,71.83999633789062,10544800,50.68744659423828
QCOM,QCOM,2013-11-20,71.94999694824219,72.4000015258789,70.91000366210938,71.02999877929688,15105700,50.115936279296875
QCOM,QCOM,2013-11-21,70.4000015258789,71.80999755859375,70.4000015258789,71.70999908447266,13592000,50.59572982788086
QCOM,QCOM,2013-11-22,71.91000366210938,73.08999633789062,71.87000274658203,72.95999908447266,12561200,51.4776725769043
QCOM,QCOM,2013-11-25,71.08999633789062,72.52999877929688,70.95999908447266,72.48999786376953,16549300,51.14604568481445
QCOM,QCOM,2013-11-26,72.69000244140625,73.6500015258789,72.58999633789062,73.6500015258789,16426800,51.964508056640625
QCOM,QCOM,2013-11-27,73.23999786376953,73.58000183105469,72.80999755859375,73.55999755859375,7915200,52.14883804321289
QCOM,QCOM,2013-11-29,73.5199966430664,73.88999938964844,73.26000213623047,73.58000183105469,6060000,52.16301727294922
QCOM,QCOM,2013-12-02,73.52999877929688,73.87000274658203,73.23999786376953,73.44000244140625,8851600,52.063777923583984
QCOM,QCOM,2013-12-03,73.19000244140625,73.45999908447266,72.93000030517578,73.30999755859375,7944900,51.97159194946289
QCOM,QCOM,2013-12-04,73.0199966430664,73.5,72.8499984741211,73.18000030517578,6507100,51.879432678222656
QCOM,QCOM,2013-12-05,73.01000213623047,73.43000030517578,72.9000015258789,73.2300033569336,7728800,51.91486740112305
QCOM,QCOM,2013-12-06,73.5999984741211,73.97000122070312,73.0999984741211,73.76000213623047,6883800,52.29062271118164
QCOM,QCOM,2013-12-09,73.87999725341797,74.19000244140625,72.94000244140625,73.37000274658203,8881800,52.0141487121582
QCOM,QCOM,2013-12-10,73.30000305175781,73.83999633789062,73.08999633789062,73.37999725341797,10720800,52.02119827270508
QCOM,QCOM,2013-12-11,74.0,74.11000061035156,72.95999908447266,73.01000213623047,10018000,51.7589111328125
QCOM,QCOM,2013-12-12,73.0,73.41999816894531,72.48999786376953,72.7300033569336,7509600,51.56043243408203
QCOM,QCOM,2013-12-13,73.44999694824219,73.45999908447266,72.52999877929688,72.58000183105469,8723400,51.45408248901367
QCOM,QCOM,2013-12-16,73.22000122070312,73.26000213623047,72.5,72.79000091552734,9029400,51.60296630859375
QCOM,QCOM,2013-12-17,72.66000366210938,72.9800033569336,72.26000213623047,72.91999816894531,8615500,51.69511032104492
QCOM,QCOM,2013-12-18,72.69999694824219,73.20999908447266,71.68000030517578,73.18000030517578,9383500,51.879432678222656
QCOM,QCOM,2013-12-19,73.1500015258789,73.30000305175781,72.12999725341797,72.43000030517578,8790300,51.34775924682617
QCOM,QCOM,2013-12-20,72.41000366210938,73.04000091552734,72.23999786376953,72.91000366210938,21662500,51.68803024291992
QCOM,QCOM,2013-12-23,73.5199966430664,73.55999755859375,72.5199966430664,72.83999633789062,9168100,51.63841247558594
QCOM,QCOM,2013-12-24,72.66999816894531,73.25,72.63999938964844,73.04000091552734,2597500,51.78017807006836
QCOM,QCOM,2013-12-26,73.05000305175781,73.68000030517578,73.05000305175781,73.4800033569336,4609200,52.09210968017578
QCOM,QCOM,2013-12-27,73.75,74.0199966430664,73.66000366210938,73.80000305175781,5042300,52.3189697265625
QCOM,QCOM,2013-12-30,73.66000366210938,73.9000015258789,73.5,73.56999969482422,5389900,52.15592575073242
QCOM,QCOM,2013-12-31,73.76000213623047,74.31999969482422,73.63999938964844,74.25,5725100,52.637996673583984
QCOM,QCOM,2014-01-02,73.61000061035156,73.7699966430664,73.26000213623047,73.31999969482422,10110200,51.978702545166016
QCOM,QCOM,2014-01-03,73.33000183105469,73.4800033569336,72.44000244140625,72.88999938964844,7970400,51.67385482788086
QCOM,QCOM,2014-01-06,73.08000183105469,73.19999694824219,72.55000305175781,72.69999694824219,7696200,51.53915023803711
QCOM,QCOM,2014-01-07,72.80000305175781,73.30999755859375,72.5999984741211,73.23999786376953,5902700,51.921966552734375
QCOM,QCOM,2014-01-08,73.1500015258789,73.68000030517578,72.68000030517578,73.68000030517578,8976900,52.23389434814453
QCOM,QCOM,2014-01-09,74.04000091552734,74.0999984741211,73.68000030517578,73.91000366210938,9067900,52.39695739746094
QCOM,QCOM,2014-01-10,74.11000061035156,74.5,73.16999816894531,73.87000274658203,8877600,52.36858367919922
QCOM,QCOM,2014-01-13,73.77999877929688,74.2699966430664,72.83000183105469,73.22000122070312,8576300,51.907779693603516
QCOM,QCOM,2014-01-14,72.37000274658203,73.69999694824219,72.37000274658203,73.38999938964844,9924300,52.02831268310547
QCOM,QCOM,2014-01-15,73.47000122070312,74.69000244140625,73.4000015258789,74.51000213623047,10000700,52.82231521606445
QCOM,QCOM,2014-01-16,74.47000122070312,74.87999725341797,74.01000213623047,74.72000122070312,10263200,52.971195220947266
QCOM,QCOM,2014-01-17,74.69999694824219,74.9800033569336,74.43000030517578,74.7300033569336,12272700,52.978275299072266
QCOM,QCOM,2014-01-21,75.0,75.56999969482422,74.86000061035156,75.45999908447266,8806800,53.49578094482422
QCOM,QCOM,2014-01-22,75.5,75.86000061035156,75.12000274658203,75.77999877929688,7242400,53.72265625
QCOM,QCOM,2014-01-23,75.48999786376953,75.9000015258789,75.16000366210938,75.87000274658203,8078300,53.786441802978516
QCOM,QCOM,2014-01-24,75.29000091552734,75.44000244140625,74.05999755859375,74.08000183105469,11916500,52.51748275756836
QCOM,QCOM,2014-01-27,74.01000213623047,74.36000061035156,72.73999786376953,73.19999694824219,12580700,51.893592834472656
QCOM,QCOM,2014-01-28,72.0,73.13999938964844,71.75,71.98999786376953,18188900,51.03582000732422
QCOM,QCOM,2014-01-29,71.4000015258789,72.08000183105469,70.9800033569336,71.12000274658203,16625000,50.419036865234375
QCOM,QCOM,2014-01-30,72.6500015258789,73.4000015258789,71.97000122070312,73.26000213623047,17741800,51.936153411865234
QCOM,QCOM,2014-01-31,72.68000030517578,74.48999786376953,72.62000274658203,74.22000122070312,15420700,52.6167106628418
QCOM,QCOM,2014-02-03,73.66999816894531,73.94999694824219,72.93000030517578,73.31999969482422,15929600,51.978702545166016
QCOM,QCOM,2014-02-04,73.4000015258789,73.44999694824219,72.27999877929688,72.51000213623047,11704500,51.404457092285156
QCOM,QCOM,2014-02-05,72.0999984741211,72.66000366210938,72.02999877929688,72.37000274658203,10481600,51.30519485473633
QCOM,QCOM,2014-02-06,72.73999786376953,73.33000183105469,72.31999969482422,73.23999786376953,8178700,51.921966552734375
QCOM,QCOM,2014-02-07,73.4000015258789,74.47000122070312,73.19999694824219,74.41000366210938,8891200,52.75141525268555
QCOM,QCOM,2014-02-10,74.19999694824219,74.7300033569336,73.88999938964844,74.69000244140625,7598300,52.949920654296875
QCOM,QCOM,2014-02-11,74.80999755859375,75.7300033569336,74.52999877929688,75.62000274658203,8934900,53.60923385620117
QCOM,QCOM,2014-02-12,75.66000366210938,76.6500015258789,75.66000366210938,76.41999816894531,11498600,54.176361083984375
QCOM,QCOM,2014-02-13,76.0,76.75,76.0,76.44000244140625,9047200,54.190555572509766
QCOM,QCOM,2014-02-14,76.01000213623047,76.41999816894531,75.81999969482422,76.27999877929688,8325500,54.077125549316406
QCOM,QCOM,2014-02-18,76.25,76.25,75.52999877929688,75.5999984741211,8850100,53.59505081176758
QCOM,QCOM,2014-02-19,75.37000274658203,75.98999786376953,75.11000061035156,75.7699966430664,8527600,53.715553283691406
QCOM,QCOM,2014-02-20,75.95999908447266,76.19999694824219,75.68000030517578,75.94999694824219,7194200,53.843177795410156
QCOM,QCOM,2014-02-21,76.18000030517578,76.55000305175781,75.56999969482422,75.61000061035156,8725000,53.60213088989258
QCOM,QCOM,2014-02-24,75.97000122070312,75.98999786376953,75.38999938964844,75.43000030517578,9191900,53.474544525146484
QCOM,QCOM,2014-02-25,75.62000274658203,75.87999725341797,74.73999786376953,74.91000366210938,6974800,53.105865478515625
QCOM,QCOM,2014-02-26,75.1500015258789,75.5,74.9000015258789,75.05000305175781,5545900,53.205142974853516
QCOM,QCOM,2014-02-27,74.88999938964844,75.26000213623047,74.5,75.19000244140625,9465100,53.304378509521484
QCOM,QCOM,2014-02-28,75.41000366210938,75.43000030517578,74.8499984741211,75.29000091552734,9451900,53.375274658203125
QCOM,QCOM,2014-03-03,74.62000274658203,74.63999938964844,73.04000091552734,73.62999725341797,11401400,52.442237854003906
QCOM,QCOM,2014-03-04,75.5,76.79000091552734,75.3499984741211,76.11000061035156,13513600,54.208580017089844
QCOM,QCOM,2014-03-05,76.44000244140625,76.95999908447266,75.79000091552734,76.66999816894531,6774600,54.60744094848633
QCOM,QCOM,2014-03-06,77.0,77.18000030517578,76.54000091552734,77.0,7747100,54.84248733520508
QCOM,QCOM,2014-03-07,77.0999984741211,77.19999694824219,76.44000244140625,76.79000091552734,7276900,54.69292449951172
QCOM,QCOM,2014-03-10,76.79000091552734,77.06999969482422,76.55000305175781,77.06999969482422,7704100,54.89234924316406
QCOM,QCOM,2014-03-11,77.08999633789062,77.19999694824219,76.58000183105469,76.70999908447266,8272900,54.63593292236328
QCOM,QCOM,2014-03-12,76.58999633789062,77.13999938964844,76.30999755859375,76.97000122070312,6897300,54.82111358642578
QCOM,QCOM,2014-03-13,77.0,77.12000274658203,75.38999938964844,75.62999725341797,8956100,53.86672592163086
QCOM,QCOM,2014-03-14,75.2300033569336,75.91000366210938,74.5,74.73999786376953,10508000,53.23283767700195
QCOM,QCOM,2014-03-17,75.72000122070312,77.30999755859375,75.52999877929688,77.0199966430664,13851500,54.85673141479492
QCOM,QCOM,2014-03-18,77.19000244140625,77.75,76.9000015258789,77.44999694824219,7932100,55.16298294067383
QCOM,QCOM,2014-03-19,77.22000122070312,77.56999969482422,76.41999816894531,76.80999755859375,7808200,54.707176208496094
QCOM,QCOM,2014-03-20,76.77999877929688,78.37000274658203,76.69999694824219,78.0999984741211,10264100,55.625953674316406
QCOM,QCOM,2014-03-21,79.02999877929688,79.02999877929688,77.51000213623047,78.19000244140625,27473300,55.6900520324707
QCOM,QCOM,2014-03-24,78.44000244140625,78.69999694824219,77.30999755859375,77.73999786376953,11314000,55.36955642700195
QCOM,QCOM,2014-03-25,78.12999725341797,78.76000213623047,77.98999786376953,78.55999755859375,8131800,55.95356369018555
QCOM,QCOM,2014-03-26,78.81999969482422,79.62000274658203,78.30999755859375,78.30999755859375,14202600,55.775535583496094
QCOM,QCOM,2014-03-27,78.41999816894531,79.72000122070312,78.30999755859375,79.05000305175781,10373200,56.30257797241211
QCOM,QCOM,2014-03-28,79.5,79.5,78.0999984741211,79.27999877929688,8550900,56.46638107299805
QCOM,QCOM,2014-03-31,79.48999786376953,79.61000061035156,78.80999755859375,78.86000061035156,7769900,56.16726303100586
QCOM,QCOM,2014-04-01,79.41999816894531,80.16000366210938,78.98999786376953,80.0999984741211,10588800,57.0504264831543
QCOM,QCOM,2014-04-02,79.9800033569336,80.26000213623047,79.75,80.13999938964844,7410400,57.07893753051758
QCOM,QCOM,2014-04-03,80.20999908447266,81.30000305175781,80.20999908447266,80.55000305175781,8723900,57.37096405029297
QCOM,QCOM,2014-04-04,81.08999633789062,81.36000061035156,78.45999908447266,78.52999877929688,11250700,55.93222427368164
QCOM,QCOM,2014-04-07,78.0,79.26000213623047,77.5999984741211,78.08000183105469,10082600,55.611717224121094
QCOM,QCOM,2014-04-08,77.70999908447266,78.94000244140625,77.4800033569336,78.88999938964844,9079100,56.18861770629883
QCOM,QCOM,2014-04-09,79.26000213623047,79.94000244140625,78.8499984741211,79.93000030517578,8468500,56.9293327331543
QCOM,QCOM,2014-04-10,80.0999984741211,80.30000305175781,77.8499984741211,78.06999969482422,10322000,55.60458755493164
QCOM,QCOM,2014-04-11,77.52999877929688,78.91999816894531,77.52999877929688,78.01000213623047,9288900,55.56185531616211
QCOM,QCOM,2014-04-14,78.69999694824219,79.19999694824219,78.02999877929688,79.13999938964844,8170500,56.36668395996094
QCOM,QCOM,2014-04-15,78.98999786376953,79.94000244140625,78.5,79.48999786376953,8785700,56.61595916748047
QCOM,QCOM,2014-04-16,79.98999786376953,80.27999877929688,79.41999816894531,80.18000030517578,7286100,57.107425689697266
QCOM,QCOM,2014-04-17,80.13999938964844,81.33999633789062,80.04000091552734,81.31999969482422,10566100,57.91935729980469
QCOM,QCOM,2014-04-21,81.19000244140625,81.66000366210938,80.55999755859375,80.93000030517578,5963900,57.6415901184082
QCOM,QCOM,2014-04-22,81.16999816894531,81.33999633789062,80.58000183105469,80.61000061035156,8098800,57.41367721557617
QCOM,QCOM,2014-04-23,81.0,81.0,80.16000366210938,80.70999908447266,13593900,57.484893798828125
QCOM,QCOM,2014-04-24,77.5,78.62000274658203,76.7699966430664,77.87000274658203,22779700,55.46213912963867
QCOM,QCOM,2014-04-25,77.58999633789062,77.87999725341797,77.33000183105469,77.61000061035156,10507700,55.27696990966797
QCOM,QCOM,2014-04-28,78.0,78.5999984741211,77.37000274658203,78.05000305175781,12603300,55.59035110473633
QCOM,QCOM,2014-04-29,78.63999938964844,79.01000213623047,78.2300033569336,78.5199966430664,8034000,55.92509460449219
QCOM,QCOM,2014-04-30,78.55999755859375,78.86000061035156,78.13999938964844,78.70999908447266,9443100,56.06040954589844
QCOM,QCOM,2014-05-01,78.52999877929688,79.48999786376953,78.52999877929688,78.98999786376953,7017800,56.259830474853516
QCOM,QCOM,2014-05-02,79.30000305175781,79.30000305175781,78.5,78.98999786376953,6063000,56.259830474853516
QCOM,QCOM,2014-05-05,78.76000213623047,79.91999816894531,78.51000213623047,79.55999755859375,7525600,56.66581726074219
QCOM,QCOM,2014-05-06,79.2300033569336,79.62999725341797,78.75,79.30999755859375,8169500,56.48777770996094
QCOM,QCOM,2014-05-07,79.72000122070312,79.93000030517578,78.43000030517578,79.33000183105469,8794700,56.50200271606445
QCOM,QCOM,2014-05-08,79.33999633789062,80.08999633789062,78.95999908447266,79.5,7434600,56.62306594848633
QCOM,QCOM,2014-05-09,79.94000244140625,79.94000244140625,78.58000183105469,79.5,5965900,56.62306594848633
QCOM,QCOM,2014-05-12,79.72000122070312,80.12000274658203,79.62000274658203,79.97000122070312,6632100,56.95785140991211
QCOM,QCOM,2014-05-13,79.91999816894531,80.38999938964844,79.77999877929688,80.37000274658203,5854300,57.24275588989258
QCOM,QCOM,2014-05-14,79.83000183105469,80.98999786376953,79.83000183105469,80.41000366210938,8228200,57.271236419677734
QCOM,QCOM,2014-05-15,80.33999633789062,80.80999755859375,79.18000030517578,79.77999877929688,10423100,56.822513580322266
QCOM,QCOM,2014-05-16,79.69999694824219,79.7699966430664,78.76000213623047,79.41999816894531,8376800,56.56610870361328
QCOM,QCOM,2014-05-19,79.22000122070312,79.98999786376953,79.19999694824219,79.80999755859375,5427200,56.84389114379883
QCOM,QCOM,2014-05-20,79.94999694824219,80.3499984741211,79.5199966430664,79.86000061035156,8434000,56.879520416259766
QCOM,QCOM,2014-05-21,79.16999816894531,79.9800033569336,79.12000274658203,79.66999816894531,7671500,56.74414825439453
QCOM,QCOM,2014-05-22,79.4800033569336,79.91999816894531,79.43000030517578,79.55999755859375,6303800,56.66581726074219
QCOM,QCOM,2014-05-23,79.9800033569336,79.98999786376953,79.48999786376953,79.87999725341797,4580600,56.89373779296875
QCOM,QCOM,2014-05-27,79.93000030517578,80.5,79.9000015258789,80.45999908447266,8079500,57.30683898925781
QCOM,QCOM,2014-05-28,80.19999694824219,80.73999786376953,80.16000366210938,80.22000122070312,7659100,57.1358757019043
QCOM,QCOM,2014-05-29,80.58000183105469,80.58000183105469,79.87999725341797,80.19000244140625,9704000,57.114524841308594
QCOM,QCOM,2014-05-30,80.33000183105469,80.52999877929688,79.91999816894531,80.44999694824219,7337000,57.29970932006836
QCOM,QCOM,2014-06-02,80.66000366210938,80.79000091552734,80.04000091552734,80.4800033569336,7238400,57.62191390991211
QCOM,QCOM,2014-06-03,80.18000030517578,80.68000030517578,79.95999908447266,80.4000015258789,7554500,57.56464385986328
QCOM,QCOM,2014-06-04,80.31999969482422,80.38999938964844,79.69999694824219,79.91999816894531,6658500,57.220970153808594
QCOM,QCOM,2014-06-05,79.83000183105469,79.93000030517578,79.1500015258789,79.66000366210938,9176200,57.0347785949707
QCOM,QCOM,2014-06-06,80.19999694824219,80.5,79.80000305175781,80.37999725341797,6387900,57.550315856933594
QCOM,QCOM,2014-06-09,80.27999877929688,80.47000122070312,79.69999694824219,79.94999694824219,5181500,57.24245834350586
QCOM,QCOM,2014-06-10,79.95999908447266,79.95999908447266,79.13999938964844,79.18000030517578,8582900,56.69114685058594
QCOM,QCOM,2014-06-11,79.0,79.5,78.44000244140625,79.20999908447266,7404600,56.71261978149414
QCOM,QCOM,2014-06-12,79.12999725341797,79.76000213623047,78.80999755859375,79.33999633789062,7524900,56.80571365356445
QCOM,QCOM,2014-06-13,79.45999908447266,79.81999969482422,78.93000030517578,79.11000061035156,7440200,56.64102554321289
QCOM,QCOM,2014-06-16,78.83000183105469,79.38999938964844,78.44999694824219,78.6500015258789,10423700,56.311668395996094
QCOM,QCOM,2014-06-17,78.43000030517578,79.41999816894531,78.4000015258789,79.16000366210938,6840400,56.676815032958984
QCOM,QCOM,2014-06-18,79.68000030517578,79.68000030517578,78.62999725341797,79.19000244140625,7340100,56.69829177856445
QCOM,QCOM,2014-06-19,79.30000305175781,79.80000305175781,79.19000244140625,79.75,6781300,57.099239349365234
QCOM,QCOM,2014-06-20,79.9800033569336,79.98999786376953,79.44000244140625,79.86000061035156,11878200,57.17802429199219
QCOM,QCOM,2014-06-23,79.62999725341797,79.98999786376953,79.31999969482422,79.43000030517578,6145700,56.87013244628906
QCOM,QCOM,2014-06-24,79.30999755859375,79.87000274658203,78.68000030517578,78.77999877929688,10652000,56.40475082397461
QCOM,QCOM,2014-06-25,78.5,78.55000305175781,77.91000366210938,78.05000305175781,10701100,55.8820915222168
QCOM,QCOM,2014-06-26,78.4000015258789,79.12999725341797,78.08000183105469,78.7699966430664,7556200,56.3975715637207
QCOM,QCOM,2014-06-27,78.56999969482422,79.04000091552734,78.18000030517578,78.98999786376953,7732900,56.555084228515625
QCOM,QCOM,2014-06-30,79.1500015258789,79.38999938964844,78.6500015258789,79.19999694824219,6562000,56.70546340942383
QCOM,QCOM,2014-07-01,79.3499984741211,79.81999969482422,78.93000030517578,79.7300033569336,5872300,57.08491134643555
QCOM,QCOM,2014-07-02,79.80999755859375,80.43000030517578,79.69999694824219,80.16999816894531,5440100,57.399959564208984
QCOM,QCOM,2014-07-03,80.5,81.27999877929688,80.08999633789062,80.98999786376953,5735700,57.9870491027832
QCOM,QCOM,2014-07-07,80.66999816894531,80.94999694824219,80.20999908447266,80.81999969482422,5873900,57.86533737182617
QCOM,QCOM,2014-07-08,80.62999725341797,80.86000061035156,80.41999816894531,80.6500015258789,7787900,57.74363327026367
QCOM,QCOM,2014-07-09,81.11000061035156,81.11000061035156,80.37999725341797,80.7699966430664,5071200,57.82951736450195
QCOM,QCOM,2014-07-10,79.93000030517578,80.68000030517578,79.80000305175781,80.43000030517578,5090200,57.58613204956055
QCOM,QCOM,2014-07-11,79.9000015258789,80.19999694824219,79.1500015258789,79.5999984741211,8623300,56.991851806640625
QCOM,QCOM,2014-07-14,79.44000244140625,79.77999877929688,79.37999725341797,79.5199966430664,7609800,56.93455505371094
QCOM,QCOM,2014-07-15,79.38999938964844,79.91000366210938,79.1500015258789,79.44000244140625,5984000,56.877288818359375
QCOM,QCOM,2014-07-16,79.72000122070312,79.94000244140625,79.58000183105469,79.62000274658203,6266900,57.006187438964844
QCOM,QCOM,2014-07-17,79.11000061035156,79.20999908447266,77.87999725341797,78.11000061035156,12569900,55.92504119873047
QCOM,QCOM,2014-07-18,78.55000305175781,79.43000030517578,78.25,79.38999938964844,8373000,56.84148025512695
QCOM,QCOM,2014-07-21,79.41000366210938,79.97000122070312,79.11000061035156,79.66999816894531,7654300,57.04194259643555
QCOM,QCOM,2014-07-22,80.08999633789062,81.87000274658203,79.98999786376953,81.52999877929688,10753200,58.37368392944336
QCOM,QCOM,2014-07-23,81.88999938964844,81.97000122070312,81.41999816894531,81.5999984741211,10326300,58.42380905151367
QCOM,QCOM,2014-07-24,77.5999984741211,77.62999725341797,75.66000366210938,76.16999816894531,37728500,54.536041259765625
QCOM,QCOM,2014-07-25,76.0,76.58000183105469,75.81999969482422,76.0999984741211,13574800,54.48591613769531
QCOM,QCOM,2014-07-28,76.0999984741211,76.25,75.52999877929688,75.83000183105469,10938900,54.29262924194336
QCOM,QCOM,2014-07-29,75.6500015258789,75.94999694824219,75.26000213623047,75.30999755859375,11324900,53.9202995300293
QCOM,QCOM,2014-07-30,75.68000030517578,76.2300033569336,75.1500015258789,76.04000091552734,10726100,54.442970275878906
QCOM,QCOM,2014-07-31,75.38999938964844,75.5999984741211,73.6500015258789,73.72000122070312,15257100,52.78188705444336
QCOM,QCOM,2014-08-01,73.66999816894531,73.8499984741211,71.81999969482422,72.55000305175781,15202500,51.9442024230957
QCOM,QCOM,2014-08-04,72.87000274658203,73.47000122070312,72.83000183105469,73.26000213623047,13114200,52.452552795410156
QCOM,QCOM,2014-08-05,73.19999694824219,73.3499984741211,72.55999755859375,72.75,10306400,52.087398529052734
QCOM,QCOM,2014-08-06,72.41999816894531,73.1500015258789,72.16000366210938,72.88999938964844,7324400,52.1876335144043
QCOM,QCOM,2014-08-07,73.27999877929688,73.3499984741211,72.33999633789062,72.48999786376953,9402400,51.9012451171875
QCOM,QCOM,2014-08-08,72.72000122070312,73.95999908447266,72.5,73.87999725341797,9140700,52.89644241333008
QCOM,QCOM,2014-08-11,74.19999694824219,74.9800033569336,73.91999816894531,74.7300033569336,8818500,53.5050163269043
QCOM,QCOM,2014-08-12,74.86000061035156,74.93000030517578,73.9000015258789,74.13999938964844,7790000,53.08259963989258
QCOM,QCOM,2014-08-13,74.58000183105469,74.6500015258789,74.04000091552734,74.5,7047800,53.34037780761719
QCOM,QCOM,2014-08-14,74.76000213623047,74.98999786376953,74.5999984741211,74.76000213623047,6482100,53.52649688720703
QCOM,QCOM,2014-08-15,75.12999725341797,75.12999725341797,73.98999786376953,74.41000366210938,9794400,53.275917053222656
QCOM,QCOM,2014-08-18,74.83000183105469,75.0999984741211,74.61000061035156,75.02999877929688,5180200,53.71983337402344
QCOM,QCOM,2014-08-19,75.05000305175781,75.22000122070312,74.91000366210938,75.12999725341797,7903300,53.79141616821289
QCOM,QCOM,2014-08-20,74.55000305175781,76.63999938964844,74.55000305175781,76.44000244140625,12123300,54.72937774658203
QCOM,QCOM,2014-08-21,76.61000061035156,77.30999755859375,76.44999694824219,76.7699966430664,8646500,54.965641021728516
QCOM,QCOM,2014-08-22,76.70999908447266,77.22000122070312,76.70999908447266,76.81999969482422,5082400,55.00143814086914
QCOM,QCOM,2014-08-25,77.16999816894531,77.30000305175781,76.33999633789062,76.58999633789062,4752000,54.836761474609375
QCOM,QCOM,2014-08-26,76.81999969482422,77.0999984741211,76.26000213623047,77.01000213623047,6754000,55.13745880126953
QCOM,QCOM,2014-08-27,77.1500015258789,77.19000244140625,76.48999786376953,76.97000122070312,7846200,55.10881423950195
QCOM,QCOM,2014-08-28,76.69000244140625,76.9000015258789,76.30999755859375,76.33999633789062,5243100,54.65775680541992
QCOM,QCOM,2014-08-29,76.5999984741211,76.5999984741211,75.76000213623047,76.0999984741211,6483700,54.7873420715332
QCOM,QCOM,2014-09-02,75.91999816894531,76.08000183105469,74.75,75.05999755859375,9821500,54.03860092163086
QCOM,QCOM,2014-09-03,75.47000122070312,75.72000122070312,74.81999969482422,74.88999938964844,9791200,53.91621780395508
QCOM,QCOM,2014-09-04,75.22000122070312,75.55000305175781,74.62000274658203,75.11000061035156,8412100,54.074607849121094
QCOM,QCOM,2014-09-05,75.0,75.8499984741211,74.88999938964844,75.80999755859375,8471600,54.578556060791016
QCOM,QCOM,2014-09-08,75.48999786376953,76.23999786376953,75.48999786376953,75.9000015258789,6281400,54.64336395263672
QCOM,QCOM,2014-09-09,75.9000015258789,76.11000061035156,75.51000213623047,75.83999633789062,6266100,54.600162506103516
QCOM,QCOM,2014-09-10,75.80000305175781,76.25,75.76000213623047,75.93000030517578,6523400,54.66495895385742
QCOM,QCOM,2014-09-11,75.58000183105469,76.12000274658203,75.19999694824219,76.11000061035156,6898700,54.79454040527344
QCOM,QCOM,2014-09-12,75.80000305175781,75.86000061035156,75.20999908447266,75.33000183105469,8309300,54.23300552368164
QCOM,QCOM,2014-09-15,75.5,75.58000183105469,74.98999786376953,75.08000183105469,6637300,54.053016662597656
QCOM,QCOM,2014-09-16,75.08000183105469,75.97000122070312,74.9000015258789,75.70999908447266,7519800,54.506561279296875
QCOM,QCOM,2014-09-17,75.66000366210938,76.16999816894531,75.27999877929688,75.83000183105469,7212700,54.59297561645508
QCOM,QCOM,2014-09-18,75.91000366210938,76.44999694824219,75.83000183105469,76.44000244140625,7274000,55.032142639160156
QCOM,QCOM,2014-09-19,77.0,77.0,75.38999938964844,75.52999877929688,15396000,54.376983642578125
QCOM,QCOM,2014-09-22,75.48999786376953,76.33999633789062,75.27999877929688,76.29000091552734,10447100,54.924137115478516
QCOM,QCOM,2014-09-23,76.2300033569336,76.56999969482422,75.80999755859375,75.83000183105469,8788800,54.59297561645508
QCOM,QCOM,2014-09-24,75.6500015258789,76.23999786376953,75.41999816894531,76.23999786376953,6097800,54.88813781738281
QCOM,QCOM,2014-09-25,76.02999877929688,76.16999816894531,74.72000122070312,74.80999755859375,7452200,53.85862731933594
QCOM,QCOM,2014-09-26,74.58999633789062,75.12999725341797,74.16999816894531,75.05999755859375,6816400,54.03860092163086
QCOM,QCOM,2014-09-29,74.62999725341797,75.08000183105469,74.16000366210938,74.81999969482422,6630800,53.86581802368164
QCOM,QCOM,2014-09-30,74.72000122070312,75.08999633789062,74.11000061035156,74.7699966430664,8894400,53.8298225402832
QCOM,QCOM,2014-10-01,74.63999938964844,74.80999755859375,73.83999633789062,73.87999725341797,9098800,53.189083099365234
QCOM,QCOM,2014-10-02,74.13999938964844,74.13999938964844,73.16000366210938,73.66000366210938,7489200,53.03071975708008
QCOM,QCOM,2014-10-03,73.87999725341797,75.19999694824219,73.87000274658203,74.86000061035156,7978400,53.894622802734375
QCOM,QCOM,2014-10-06,75.0,75.33999633789062,74.30999755859375,74.72000122070312,6217300,53.79383850097656
QCOM,QCOM,2014-10-07,74.2300033569336,74.43000030517578,73.4800033569336,73.51000213623047,8242000,52.92272186279297
QCOM,QCOM,2014-10-08,73.44000244140625,75.44000244140625,73.22000122070312,75.19000244140625,9851600,54.1322021484375
QCOM,QCOM,2014-10-09,75.22000122070312,75.30000305175781,73.94999694824219,74.08000183105469,9914600,53.33306884765625
QCOM,QCOM,2014-10-10,73.5199966430664,73.94000244140625,71.19999694824219,71.22000122070312,17357100,51.274044036865234
QCOM,QCOM,2014-10-13,71.18000030517578,72.5,70.25,70.70999908447266,10742600,50.90686798095703
QCOM,QCOM,2014-10-14,71.75,72.69999694824219,71.33000183105469,71.86000061035156,10488400,51.734806060791016
QCOM,QCOM,2014-10-15,71.0999984741211,72.62999725341797,70.2699966430664,71.19999694824219,14883500,51.2596435546875
QCOM,QCOM,2014-10-16,69.83999633789062,71.88999938964844,69.36000061035156,71.13999938964844,11997100,51.21644973754883
QCOM,QCOM,2014-10-17,72.05000305175781,72.87999725341797,71.54000091552734,72.43000030517578,8467100,52.145172119140625
QCOM,QCOM,2014-10-20,72.05000305175781,73.30000305175781,72.0,73.2699966430664,6492300,52.74991226196289
QCOM,QCOM,2014-10-21,73.93000030517578,75.11000061035156,73.83000183105469,75.0,8733300,53.99542236328125
QCOM,QCOM,2014-10-22,75.01000213623047,75.0999984741211,74.25,74.30000305175781,7127900,53.491455078125
QCOM,QCOM,2014-10-23,75.0,75.4000015258789,74.73999786376953,75.13999938964844,9750000,54.09621047973633
QCOM,QCOM,2014-10-24,75.41999816894531,76.01000213623047,74.91000366210938,76.0,6238500,54.71536636352539
QCOM,QCOM,2014-10-27,75.86000061035156,76.02999877929688,75.2699966430664,75.83999633789062,4761500,54.600162506103516
QCOM,QCOM,2014-10-28,76.19000244140625,76.62000274658203,75.98999786376953,76.56999969482422,6314800,55.125728607177734
QCOM,QCOM,2014-10-29,76.5,77.37999725341797,76.30999755859375,76.88999938964844,5389600,55.35609817504883
QCOM,QCOM,2014-10-30,76.6500015258789,77.58999633789062,76.52999877929688,77.37000274658203,5314200,55.70166778564453
QCOM,QCOM,2014-10-31,78.52999877929688,78.52999877929688,77.69000244140625,78.51000213623047,10144500,56.52240753173828
QCOM,QCOM,2014-11-03,78.30999755859375,78.52999877929688,77.95999908447266,78.23999786376953,8732700,56.328025817871094
QCOM,QCOM,2014-11-04,77.48999786376953,77.72000122070312,76.4000015258789,77.11000061035156,15347400,55.51447296142578
QCOM,QCOM,2014-11-05,77.45999908447266,77.47000122070312,76.41999816894531,77.19999694824219,13811400,55.57927322387695
QCOM,QCOM,2014-11-06,71.02999877929688,71.06999969482422,67.66999816894531,70.58000183105469,70919700,50.813289642333984
QCOM,QCOM,2014-11-07,70.69999694824219,70.69999694824219,69.12999725341797,69.26000213623047,24945900,49.86297607421875
QCOM,QCOM,2014-11-10,68.91000366210938,70.02999877929688,68.48999786376953,69.36000061035156,14453300,49.93494415283203
QCOM,QCOM,2014-11-11,69.70999908447266,69.8499984741211,69.02999877929688,69.63999938964844,10042000,50.13653564453125
QCOM,QCOM,2014-11-12,69.62000274658203,70.44999694824219,69.29000091552734,70.29000091552734,9460500,50.604515075683594
QCOM,QCOM,2014-11-13,70.20999908447266,70.83000183105469,70.19000244140625,70.6500015258789,9833100,50.86366653442383
QCOM,QCOM,2014-11-14,71.01000213623047,71.20999908447266,70.55000305175781,70.8499984741211,7454800,51.007667541503906
QCOM,QCOM,2014-11-17,70.62000274658203,70.83999633789062,70.19000244140625,70.4000015258789,7350700,50.683692932128906
QCOM,QCOM,2014-11-18,70.23999786376953,72.05999755859375,70.23999786376953,72.01000213623047,10986100,51.84280776977539
QCOM,QCOM,2014-11-19,71.58999633789062,71.83999633789062,70.36000061035156,70.47000122070312,11115500,50.73411178588867
QCOM,QCOM,2014-11-20,70.11000061035156,70.83999633789062,69.5999984741211,70.70999908447266,12030300,50.90686798095703
QCOM,QCOM,2014-11-21,71.0999984741211,71.81999969482422,70.69000244140625,71.47000122070312,15146200,51.45402526855469
QCOM,QCOM,2014-11-24,71.69999694824219,71.94000244140625,71.18000030517578,71.69000244140625,9413800,51.61244201660156
QCOM,QCOM,2014-11-25,71.7300033569336,72.27999877929688,71.61000061035156,72.2699966430664,12488600,52.02996826171875
QCOM,QCOM,2014-11-26,71.66000366210938,72.3499984741211,71.62000274658203,72.26000213623047,6997000,52.32687759399414
QCOM,QCOM,2014-11-28,72.51000213623047,73.0,72.06999969482422,72.9000015258789,5817900,52.79033279418945
QCOM,QCOM,2014-12-01,72.45999908447266,72.66000366210938,71.29000091552734,71.79000091552734,9474300,51.98654556274414
QCOM,QCOM,2014-12-02,71.80999755859375,73.48999786376953,71.3499984741211,73.31999969482422,17181800,53.094482421875
QCOM,QCOM,2014-12-03,73.62999725341797,74.83999633789062,73.44000244140625,74.37000274658203,13143700,53.8548469543457
QCOM,QCOM,2014-12-04,74.23999786376953,74.33999633789062,72.93000030517578,73.33999633789062,9374000,53.108951568603516
QCOM,QCOM,2014-12-05,73.01000213623047,73.91000366210938,73.01000213623047,73.37000274658203,6588600,53.13069152832031
QCOM,QCOM,2014-12-08,73.22000122070312,73.51000213623047,72.20999908447266,72.61000061035156,7201700,52.580318450927734
QCOM,QCOM,2014-12-09,71.95999908447266,73.20999908447266,71.86000061035156,73.01000213623047,7548400,52.86997604370117
QCOM,QCOM,2014-12-10,72.81999969482422,73.0,71.20999908447266,71.5,9059300,51.776527404785156
QCOM,QCOM,2014-12-11,71.7300033569336,72.7699966430664,71.56999969482422,71.98999786376953,9487300,52.131351470947266
QCOM,QCOM,2014-12-12,71.62999725341797,71.80999755859375,70.58000183105469,70.58000183105469,8351600,51.110313415527344
QCOM,QCOM,2014-12-15,70.8499984741211,71.41999816894531,69.58999633789062,70.37000274658203,11016100,50.95823669433594
QCOM,QCOM,2014-12-16,70.20999908447266,71.77999877929688,70.08000183105469,70.30999755859375,11499400,50.914794921875
QCOM,QCOM,2014-12-17,70.41999816894531,72.37000274658203,70.13999938964844,72.20999908447266,11423400,52.29069137573242
QCOM,QCOM,2014-12-18,73.27999877929688,73.36000061035156,72.61000061035156,73.36000061035156,8864600,53.12345504760742
QCOM,QCOM,2014-12-19,73.29000091552734,73.7300033569336,73.16999816894531,73.43000030517578,16332000,53.174129486083984
QCOM,QCOM,2014-12-22,73.58000183105469,74.66000366210938,73.44999694824219,74.55999755859375,9074200,53.9924201965332
QCOM,QCOM,2014-12-23,74.61000061035156,75.12000274658203,74.4800033569336,74.5999984741211,6405800,54.02138900756836
QCOM,QCOM,2014-12-24,74.69000244140625,75.1500015258789,74.63999938964844,74.66000366210938,3791900,54.0648307800293
QCOM,QCOM,2014-12-26,75.08999633789062,75.72000122070312,75.0,75.62000274658203,4986700,54.760009765625
QCOM,QCOM,2014-12-29,75.0,75.5999984741211,74.83000183105469,74.98999786376953,5959800,54.30380630493164
QCOM,QCOM,2014-12-30,74.75,75.37000274658203,74.69999694824219,75.0199966430664,6131700,54.325523376464844
QCOM,QCOM,2014-12-31,75.20999908447266,75.41000366210938,74.30999755859375,74.33000183105469,7763500,53.825862884521484
QCOM,QCOM,2015-01-02,74.51000213623047,74.87000274658203,73.75,74.27999877929688,6662700,53.789669036865234
QCOM,QCOM,2015-01-05,73.70999908447266,74.5,73.62999725341797,73.93000030517578,12042800,53.53620529174805
QCOM,QCOM,2015-01-06,73.86000061035156,74.61000061035156,72.73999786376953,72.87999725341797,11094000,52.77584457397461
QCOM,QCOM,2015-01-07,73.37000274658203,74.47000122070312,72.95999908447266,73.7300033569336,10030700,53.39137268066406
QCOM,QCOM,2015-01-08,74.30000305175781,75.30000305175781,74.13999938964844,74.51000213623047,10937200,53.95621109008789
QCOM,QCOM,2015-01-09,74.56999969482422,74.87000274658203,73.63999938964844,74.41999816894531,9038900,53.89104080200195
QCOM,QCOM,2015-01-12,74.13999938964844,74.37999725341797,72.87999725341797,73.56999969482422,8749300,53.275508880615234
QCOM,QCOM,2015-01-13,73.95999908447266,75.05000305175781,72.55000305175781,72.97000122070312,12584500,52.841026306152344
QCOM,QCOM,2015-01-14,72.45999908447266,73.0,71.44000244140625,72.22000122070312,13203500,52.29791259765625
QCOM,QCOM,2015-01-15,72.26000213623047,72.58999633789062,71.05000305175781,71.37999725341797,10858400,51.68962478637695
QCOM,QCOM,2015-01-16,70.8499984741211,71.43000030517578,70.12000274658203,71.29000091552734,12372300,51.62445831298828
QCOM,QCOM,2015-01-20,71.75,73.20999908447266,71.18000030517578,72.4800033569336,12036700,52.4862060546875
QCOM,QCOM,2015-01-21,70.27999877929688,72.61000061035156,69.94999694824219,71.58999633789062,17008900,51.841712951660156
QCOM,QCOM,2015-01-22,71.86000061035156,72.08999633789062,70.83999633789062,71.91000366210938,10450100,52.07343673706055
QCOM,QCOM,2015-01-23,72.01000213623047,72.3499984741211,71.43000030517578,72.18000030517578,8142100,52.268959045410156
QCOM,QCOM,2015-01-26,72.16999816894531,72.9000015258789,71.72000122070312,72.61000061035156,9203700,52.580318450927734
QCOM,QCOM,2015-01-27,71.9000015258789,72.5,70.94000244140625,71.7699966430664,11398800,51.972049713134766
QCOM,QCOM,2015-01-28,72.5,72.5,70.8499984741211,70.98999786376953,15722100,51.40719985961914
QCOM,QCOM,2015-01-29,65.51000213623047,65.69000244140625,62.470001220703125,63.689998626708984,47115300,46.120941162109375
QCOM,QCOM,2015-01-30,63.040000915527344,64.01000213623047,62.38999938964844,62.459999084472656,26407800,45.2302360534668
QCOM,QCOM,2015-02-02,62.4900016784668,65.93000030517578,62.2599983215332,65.52999877929688,21130600,47.4533805847168
QCOM,QCOM,2015-02-03,65.77999877929688,67.04000091552734,65.4800033569336,66.95999908447266,16354200,48.48889923095703
QCOM,QCOM,2015-02-04,66.58999633789062,67.70999908447266,66.12000274658203,66.95999908447266,13089600,48.48889923095703
QCOM,QCOM,2015-02-05,67.16999816894531,67.98999786376953,66.79000091552734,67.94999694824219,10650500,49.20579147338867
QCOM,QCOM,2015-02-06,67.80999755859375,67.94999694824219,66.06999969482422,66.3499984741211,11779500,48.047176361083984
QCOM,QCOM,2015-02-09,68.16000366210938,68.95999908447266,66.95999908447266,67.11000061035156,15651100,48.59751892089844
QCOM,QCOM,2015-02-10,69.08999633789062,70.45999908447266,68.83000183105469,70.26000213623047,36081200,50.878578186035156
QCOM,QCOM,2015-02-11,70.56999969482422,70.94999694824219,70.0,70.20999908447266,13439300,50.842376708984375
QCOM,QCOM,2015-02-12,69.58000183105469,70.38999938964844,69.55999755859375,70.38999938964844,12798300,50.97272491455078
QCOM,QCOM,2015-02-13,70.48999786376953,70.93000030517578,70.2699966430664,70.87999725341797,8050200,51.32754898071289
QCOM,QCOM,2015-02-17,70.76000213623047,70.91000366210938,70.45999908447266,70.80000305175781,8764300,51.26963806152344
QCOM,QCOM,2015-02-18,70.33999633789062,70.87999725341797,70.11000061035156,70.54000091552734,8097400,51.08134841918945
QCOM,QCOM,2015-02-19,70.2300033569336,71.2699966430664,70.20999908447266,70.9800033569336,9785300,51.39997482299805
QCOM,QCOM,2015-02-20,70.83000183105469,71.72000122070312,70.58999633789062,71.5199966430664,8657300,51.79102325439453
QCOM,QCOM,2015-02-23,71.26000213623047,71.55000305175781,70.36000061035156,70.94000244140625,8617700,51.371002197265625
QCOM,QCOM,2015-02-24,70.73999786376953,71.47000122070312,70.37000274658203,71.37000274658203,10131900,51.6823844909668
QCOM,QCOM,2015-02-25,71.01000213623047,72.2300033569336,71.01000213623047,71.68000030517578,10578100,51.90686798095703
QCOM,QCOM,2015-02-26,71.87000274658203,72.2699966430664,71.61000061035156,72.01000213623047,9838700,52.14584732055664
QCOM,QCOM,2015-02-27,71.80999755859375,72.56999969482422,71.19999694824219,72.51000213623047,10297400,52.507904052734375
QCOM,QCOM,2015-03-02,71.80000305175781,72.9000015258789,71.61000061035156,72.66000366210938,8979300,52.923099517822266
QCOM,QCOM,2015-03-03,72.01000213623047,72.48999786376953,71.3499984741211,71.41000366210938,9236400,52.012630462646484
QCOM,QCOM,2015-03-04,71.0999984741211,71.5,70.55999755859375,70.8499984741211,8476200,51.604740142822266
QCOM,QCOM,2015-03-05,71.19999694824219,71.2699966430664,70.69000244140625,70.93000030517578,6955800,51.66301345825195
QCOM,QCOM,2015-03-06,70.55999755859375,71.69000244140625,70.51000213623047,71.51000213623047,12022100,52.08545684814453
QCOM,QCOM,2015-03-09,71.63999938964844,72.87000274658203,71.63999938964844,72.70999908447266,12754700,52.95949935913086
QCOM,QCOM,2015-03-10,73.87000274658203,74.08999633789062,71.86000061035156,71.88999938964844,29111600,52.362247467041016
QCOM,QCOM,2015-03-11,71.5199966430664,71.72000122070312,70.23999786376953,70.2699966430664,21690200,51.18229675292969
QCOM,QCOM,2015-03-12,70.0,70.55000305175781,69.19999694824219,69.37000274658203,16004300,50.526756286621094
QCOM,QCOM,2015-03-13,69.01000213623047,69.63999938964844,68.31999969482422,68.63999938964844,13946800,49.995059967041016
QCOM,QCOM,2015-03-16,69.13999938964844,70.02999877929688,68.91000366210938,70.0,11643400,50.98563003540039
QCOM,QCOM,2015-03-17,69.44000244140625,70.16999816894531,69.20999908447266,69.81999969482422,11540300,50.854530334472656
QCOM,QCOM,2015-03-18,69.5999984741211,70.48999786376953,69.05999755859375,70.2300033569336,10245700,51.15315246582031
QCOM,QCOM,2015-03-19,70.2300033569336,70.58999633789062,69.77999877929688,69.83000183105469,6959800,50.86180877685547
QCOM,QCOM,2015-03-20,70.19999694824219,70.61000061035156,69.79000091552734,70.04000091552734,22646600,51.0147705078125
QCOM,QCOM,2015-03-23,69.91999816894531,70.58000183105469,69.80999755859375,70.06999969482422,7700600,51.036617279052734
QCOM,QCOM,2015-03-24,69.98999786376953,70.2300033569336,68.97000122070312,68.97000122070312,9964700,50.235416412353516
QCOM,QCOM,2015-03-25,68.86000061035156,68.87000274658203,67.19999694824219,67.20999908447266,11980500,48.953495025634766
QCOM,QCOM,2015-03-26,66.54000091552734,67.44999694824219,65.68000030517578,67.16000366210938,13835900,48.91707229614258
QCOM,QCOM,2015-03-27,67.22000122070312,67.93000030517578,66.75,67.02999877929688,8560400,48.822364807128906
QCOM,QCOM,2015-03-30,67.73999786376953,69.0,67.45999908447266,68.87999725341797,11404500,50.16984558105469
QCOM,QCOM,2015-03-31,68.16000366210938,69.54000091552734,68.16000366210938,69.33999633789062,13035300,50.50490951538086
QCOM,QCOM,2015-04-01,68.47000122070312,69.47000122070312,68.44999694824219,69.43000030517578,10455800,50.5704460144043
QCOM,QCOM,2015-04-02,69.5199966430664,69.61000061035156,67.76000213623047,67.97000122070312,14206200,49.507041931152344
QCOM,QCOM,2015-04-06,66.19000244140625,67.95999908447266,66.18000030517578,67.76000213623047,11906300,49.35409164428711
QCOM,QCOM,2015-04-07,67.72000122070312,68.12000274658203,67.26000213623047,67.31999969482422,13948000,49.033607482910156
QCOM,QCOM,2015-04-08,66.94000244140625,67.58999633789062,66.93000030517578,67.26000213623047,15783100,48.989906311035156
QCOM,QCOM,2015-04-09,67.41999816894531,69.08999633789062,67.30999755859375,68.80999755859375,14169200,50.118892669677734
QCOM,QCOM,2015-04-10,68.66999816894531,69.19999694824219,68.47000122070312,69.16000366210938,10437900,50.37380599975586
QCOM,QCOM,2015-04-13,71.2300033569336,71.9000015258789,68.63999938964844,68.7300033569336,28612900,50.060611724853516
QCOM,QCOM,2015-04-14,69.16000366210938,69.19999694824219,68.5999984741211,68.97000122070312,12305100,50.235416412353516
QCOM,QCOM,2015-04-15,69.29000091552734,69.5,68.19000244140625,68.45999908447266,11923400,49.86393737792969
QCOM,QCOM,2015-04-16,68.16000366210938,68.25,67.7300033569336,67.91000366210938,10649900,49.4633674621582
QCOM,QCOM,2015-04-17,67.48999786376953,67.94999694824219,66.95999908447266,67.11000061035156,14011100,48.88064956665039
QCOM,QCOM,2015-04-20,67.25,68.80000305175781,67.19000244140625,68.63999938964844,12893800,49.995059967041016
QCOM,QCOM,2015-04-21,68.83999633789062,68.94000244140625,68.37999725341797,68.56999969482422,7839300,49.94406509399414
QCOM,QCOM,2015-04-22,68.76000213623047,69.20999908447266,68.25,68.94000244140625,13289500,50.21356201171875
QCOM,QCOM,2015-04-23,67.3499984741211,68.43000030517578,66.95999908447266,68.33999633789062,18341100,49.77653121948242
QCOM,QCOM,2015-04-24,68.02999877929688,68.31999969482422,67.66999816894531,68.23999786376953,8757800,49.70370864868164
QCOM,QCOM,2015-04-27,68.7699966430664,69.68000030517578,68.61000061035156,69.2300033569336,11818400,50.4247932434082
QCOM,QCOM,2015-04-28,69.04000091552734,69.81999969482422,69.01000213623047,69.6500015258789,8272600,50.730712890625
QCOM,QCOM,2015-04-29,69.19000244140625,69.33999633789062,68.0,68.66999816894531,7660400,50.01689529418945
QCOM,QCOM,2015-04-30,68.33000183105469,68.58999633789062,67.61000061035156,68.0,8319800,49.5289192199707
QCOM,QCOM,2015-05-01,68.30999755859375,68.54000091552734,67.95999908447266,68.41999816894531,7166200,49.834815979003906
QCOM,QCOM,2015-05-04,68.44999694824219,69.36000061035156,68.22000122070312,69.05999755859375,7013800,50.300960540771484
QCOM,QCOM,2015-05-05,68.8499984741211,69.0,68.12999725341797,68.37000274658203,8660600,49.79840087890625
QCOM,QCOM,2015-05-06,68.19999694824219,68.8499984741211,67.5,67.80999755859375,7858200,49.39051055908203
QCOM,QCOM,2015-05-07,67.80000305175781,68.44999694824219,67.79000091552734,68.43000030517578,6514000,49.84210968017578
QCOM,QCOM,2015-05-08,68.8499984741211,69.41000366210938,68.55000305175781,69.41000366210938,7393300,50.5558967590332
QCOM,QCOM,2015-05-11,69.16999816894531,69.3499984741211,68.81999969482422,69.05000305175781,6379200,50.29368209838867
QCOM,QCOM,2015-05-12,68.69999694824219,69.0199966430664,68.0999984741211,68.79000091552734,8070400,50.10431671142578
QCOM,QCOM,2015-05-13,69.2300033569336,70.5,69.0,69.7300033569336,12031200,50.788970947265625
QCOM,QCOM,2015-05-14,69.98999786376953,70.66000366210938,69.80999755859375,70.5199966430664,10945700,51.36438751220703
QCOM,QCOM,2015-05-15,70.61000061035156,71.08999633789062,70.43000030517578,71.05999755859375,9858600,51.75769805908203
QCOM,QCOM,2015-05-18,70.98999786376953,71.12999725341797,70.25,70.41999816894531,5352500,51.29155349731445
QCOM,QCOM,2015-05-19,70.33000183105469,70.41999816894531,69.47000122070312,69.62000274658203,7609100,50.708858489990234
QCOM,QCOM,2015-05-20,69.80000305175781,69.83999633789062,69.22000122070312,69.27999877929688,8420200,50.461219787597656
QCOM,QCOM,2015-05-21,69.62999725341797,70.94999694824219,69.02999877929688,70.08999633789062,27529700,51.051177978515625
QCOM,QCOM,2015-05-22,69.56999969482422,69.94000244140625,69.44000244140625,69.51000213623047,13177300,50.62873458862305
QCOM,QCOM,2015-05-26,69.52999877929688,69.62000274658203,68.75,69.36000061035156,14768600,50.51947021484375
QCOM,QCOM,2015-05-27,69.4000015258789,71.13999938964844,69.0999984741211,71.0199966430664,17559100,51.72856140136719
QCOM,QCOM,2015-05-28,70.94999694824219,71.31999969482422,70.51000213623047,70.5999984741211,11939000,51.42265701293945
QCOM,QCOM,2015-05-29,70.69000244140625,70.9000015258789,69.5999984741211,69.68000030517578,18256900,50.7525634765625
QCOM,QCOM,2015-06-01,69.51000213623047,69.9000015258789,69.11000061035156,69.41999816894531,8600500,50.91390609741211
QCOM,QCOM,2015-06-02,69.36000061035156,69.66000366210938,69.05999755859375,69.3499984741211,12071300,50.86255645751953
QCOM,QCOM,2015-06-03,69.80000305175781,70.05000305175781,69.44999694824219,69.86000061035156,6533300,51.23659133911133
QCOM,QCOM,2015-06-04,69.36000061035156,69.51000213623047,68.76000213623047,68.9000015258789,9909300,50.53252410888672
QCOM,QCOM,2015-06-05,68.95999908447266,68.95999908447266,68.22000122070312,68.26000213623047,8067900,50.06314468383789
QCOM,QCOM,2015-06-08,68.02999877929688,68.19999694824219,67.25,67.27999877929688,9158400,49.34440231323242
QCOM,QCOM,2015-06-09,67.37999725341797,67.47000122070312,66.7699966430664,66.83999633789062,7611700,49.021690368652344
QCOM,QCOM,2015-06-10,66.91000366210938,67.69000244140625,66.91000366210938,67.30999755859375,12825900,49.366390228271484
QCOM,QCOM,2015-06-11,67.58999633789062,67.80999755859375,67.38999938964844,67.5999984741211,10609800,49.57907485961914
QCOM,QCOM,2015-06-12,67.05999755859375,67.55000305175781,66.79000091552734,67.02999877929688,6855600,49.16101837158203
QCOM,QCOM,2015-06-15,66.54000091552734,66.8499984741211,66.05999755859375,66.62999725341797,6817500,48.867679595947266
QCOM,QCOM,2015-06-16,66.44999694824219,66.62999725341797,65.93000030517578,66.45999908447266,6746800,48.74298858642578
QCOM,QCOM,2015-06-17,66.69000244140625,67.08000183105469,66.08000183105469,66.55000305175781,9563600,48.808990478515625
QCOM,QCOM,2015-06-18,66.72000122070312,67.66999816894531,66.66999816894531,67.36000061035156,10443500,49.4030647277832
QCOM,QCOM,2015-06-19,67.41000366210938,67.51000213623047,66.63999938964844,66.87999725341797,13233700,49.051029205322266
QCOM,QCOM,2015-06-22,67.04000091552734,67.62999725341797,67.0,67.36000061035156,11762800,49.4030647277832
QCOM,QCOM,2015-06-23,67.54000091552734,67.62000274658203,66.76000213623047,66.9800033569336,11791100,49.12437057495117
QCOM,QCOM,2015-06-24,67.08000183105469,67.12999725341797,65.29000091552734,65.3499984741211,15282700,47.928897857666016
QCOM,QCOM,2015-06-25,65.51000213623047,65.87000274658203,65.0199966430664,65.26000213623047,9838800,47.862892150878906
QCOM,QCOM,2015-06-26,65.37999725341797,65.55999755859375,64.5999984741211,64.66999816894531,34801400,47.430179595947266
QCOM,QCOM,2015-06-29,63.400001525878906,64.02999877929688,62.58000183105469,62.619998931884766,16549700,45.92665100097656
QCOM,QCOM,2015-06-30,62.75,63.150001525878906,62.45000076293945,62.630001068115234,12697400,45.93400192260742
QCOM,QCOM,2015-07-01,63.099998474121094,63.279998779296875,62.0099983215332,62.900001525878906,12669900,46.13202667236328
QCOM,QCOM,2015-07-02,63.0099983215332,63.650001525878906,62.9900016784668,63.11000061035156,11302800,46.28604507446289
QCOM,QCOM,2015-07-06,62.65999984741211,63.54999923706055,62.650001525878906,63.11000061035156,10068400,46.28604507446289
QCOM,QCOM,2015-07-07,63.27000045776367,63.380001068115234,61.47999954223633,62.79999923706055,13582600,46.058685302734375
QCOM,QCOM,2015-07-08,62.45000076293945,62.599998474121094,61.70000076293945,61.90999984741211,13827900,45.40592575073242
QCOM,QCOM,2015-07-09,62.849998474121094,63.43000030517578,61.849998474121094,61.86000061035156,12238900,45.369266510009766
QCOM,QCOM,2015-07-10,62.40999984741211,63.06999969482422,62.33000183105469,62.72999954223633,12906100,46.00733184814453
QCOM,QCOM,2015-07-13,63.0,63.70000076293945,63.0,63.43000030517578,11426600,46.52073669433594
QCOM,QCOM,2015-07-14,63.619998931884766,64.27999877929688,63.45000076293945,63.939998626708984,10282300,46.894771575927734
QCOM,QCOM,2015-07-15,63.310001373291016,64.19999694824219,63.29999923706055,63.880001068115234,8492000,46.850772857666016
QCOM,QCOM,2015-07-16,63.45000076293945,64.68000030517578,63.380001068115234,64.55000305175781,10385900,47.342166900634766
QCOM,QCOM,2015-07-17,64.11000061035156,64.6500015258789,64.01000213623047,64.33999633789062,8953500,47.18813705444336
QCOM,QCOM,2015-07-20,64.62999725341797,64.62999725341797,63.7400016784668,63.790000915527344,11381000,46.784759521484375
QCOM,QCOM,2015-07-21,64.61000061035156,66.05000305175781,64.44999694824219,65.13999938964844,17818900,47.77487564086914
QCOM,QCOM,2015-07-22,64.5,64.97000122070312,64.05000305175781,64.19000244140625,22660300,47.078128814697266
QCOM,QCOM,2015-07-23,62.56999969482422,62.779998779296875,60.83000183105469,61.779998779296875,37879800,45.31058120727539
QCOM,QCOM,2015-07-24,61.86000061035156,62.20000076293945,61.310001373291016,61.63999938964844,18525500,45.207908630371094
QCOM,QCOM,2015-07-27,61.97999954223633,62.5,61.5099983215332,61.97999954223633,14749700,45.45728302001953
QCOM,QCOM,2015-07-28,62.34000015258789,63.40999984741211,62.220001220703125,63.099998474121094,14090200,46.27870178222656
QCOM,QCOM,2015-07-29,63.08000183105469,63.560001373291016,62.75,63.16999816894531,9779100,46.330039978027344
QCOM,QCOM,2015-07-30,62.9900016784668,64.77999877929688,62.79999923706055,64.41000366210938,12697200,47.23948287963867
QCOM,QCOM,2015-07-31,64.66000366210938,64.94999694824219,64.2300033569336,64.38999938964844,9611600,47.224815368652344
QCOM,QCOM,2015-08-03,64.3499984741211,64.70999908447266,64.08000183105469,64.43000030517578,9847900,47.254146575927734
QCOM,QCOM,2015-08-04,64.41000366210938,64.81999969482422,63.220001220703125,63.45000076293945,12106800,46.535400390625
QCOM,QCOM,2015-08-05,63.65999984741211,64.48999786376953,63.5,63.880001068115234,9451300,46.850772857666016
QCOM,QCOM,2015-08-06,63.75,64.11000061035156,62.650001525878906,62.84000015258789,12280300,46.088016510009766
QCOM,QCOM,2015-08-07,62.7599983215332,63.43000030517578,62.599998474121094,63.02000045776367,17441700,46.22002029418945
QCOM,QCOM,2015-08-10,62.5,63.33000183105469,62.5,63.150001525878906,17649600,46.31538009643555
QCOM,QCOM,2015-08-11,62.56999969482422,63.060001373291016,62.34000015258789,62.54999923706055,13667000,45.87531661987305
QCOM,QCOM,2015-08-12,62.400001525878906,62.66999816894531,61.599998474121094,62.58000183105469,12672100,45.8973274230957
QCOM,QCOM,2015-08-13,62.5,62.599998474121094,61.95000076293945,62.029998779296875,9402600,45.49394226074219
QCOM,QCOM,2015-08-14,61.790000915527344,62.54999923706055,61.790000915527344,61.90999984741211,9202800,45.40592575073242
QCOM,QCOM,2015-08-17,61.5,62.11000061035156,61.47999954223633,62.06999969482422,11549700,45.523277282714844
QCOM,QCOM,2015-08-18,61.56999969482422,61.849998474121094,61.29999923706055,61.31999969482422,10632100,44.973228454589844
QCOM,QCOM,2015-08-19,60.88999938964844,61.619998931884766,60.709999084472656,61.18000030517578,11577000,44.87054443359375
QCOM,QCOM,2015-08-20,60.849998474121094,61.34000015258789,60.150001525878906,60.150001525878906,13173500,44.115108489990234
QCOM,QCOM,2015-08-21,59.689998626708984,60.099998474121094,57.560001373291016,57.61000061035156,19647300,42.25223922729492
QCOM,QCOM,2015-08-24,54.18000030517578,57.810001373291016,52.59000015258789,55.279998779296875,29486900,40.54336929321289
QCOM,QCOM,2015-08-25,56.619998931884766,56.91999816894531,53.7400016784668,53.880001068115234,21855400,39.51658248901367
QCOM,QCOM,2015-08-26,55.5,56.7400016784668,54.849998474121094,56.65999984741211,22001500,41.55549240112305
QCOM,QCOM,2015-08-27,57.06999969482422,57.45000076293945,56.16999816894531,57.36000061035156,18261600,42.06888961791992
QCOM,QCOM,2015-08-28,57.150001525878906,57.7599983215332,57.029998779296875,57.45000076293945,12673300,42.13487243652344
QCOM,QCOM,2015-08-31,56.56999969482422,57.2599983215332,56.349998474121094,56.58000183105469,9898800,41.8464469909668
QCOM,QCOM,2015-09-01,55.25,55.90999984741211,54.689998626708984,55.02000045776367,13136600,40.69266128540039
QCOM,QCOM,2015-09-02,55.630001068115234,55.880001068115234,55.0099983215332,55.86000061035156,11629100,41.31393814086914
QCOM,QCOM,2015-09-03,56.220001220703125,56.7599983215332,55.470001220703125,55.54999923706055,10717900,41.08466720581055
QCOM,QCOM,2015-09-04,54.939998626708984,55.099998474121094,54.13999938964844,54.290000915527344,11424700,40.15277862548828
QCOM,QCOM,2015-09-08,55.11000061035156,55.349998474121094,54.77000045776367,55.20000076293945,10938500,40.82578659057617
QCOM,QCOM,2015-09-09,55.849998474121094,55.88999938964844,54.15999984741211,54.31999969482422,12577200,40.174957275390625
QCOM,QCOM,2015-09-10,54.5,55.810001373291016,54.279998779296875,55.33000183105469,13997100,40.921939849853516
QCOM,QCOM,2015-09-11,55.04999923706055,55.15999984741211,54.349998474121094,54.65999984741211,10793300,40.426422119140625
QCOM,QCOM,2015-09-14,54.75,54.97999954223633,54.06999969482422,54.310001373291016,9720700,40.16755676269531
QCOM,QCOM,2015-09-15,54.81999969482422,55.16999816894531,54.36000061035156,54.869998931884766,9265000,40.58173370361328
QCOM,QCOM,2015-09-16,54.810001373291016,55.529998779296875,54.68000030517578,55.20000076293945,8091900,40.82578659057617
QCOM,QCOM,2015-09-17,55.189998626708984,55.90999984741211,54.849998474121094,54.97999954223633,9698100,40.6630973815918
QCOM,QCOM,2015-09-18,54.25,54.959999084472656,54.02000045776367,54.45000076293945,26572500,40.27110290527344
QCOM,QCOM,2015-09-21,54.630001068115234,54.72999954223633,54.0,54.38999938964844,9289600,40.226722717285156
QCOM,QCOM,2015-09-22,53.779998779296875,54.22999954223633,53.58000183105469,53.939998626708984,9946800,39.89390563964844
QCOM,QCOM,2015-09-23,54.150001525878906,54.150001525878906,53.369998931884766,53.560001373291016,7243900,39.61286163330078
QCOM,QCOM,2015-09-24,53.18000030517578,53.529998779296875,52.38999938964844,53.27000045776367,13502000,39.39837646484375
QCOM,QCOM,2015-09-25,53.95000076293945,54.0,52.959999084472656,53.220001220703125,11661900,39.361412048339844
QCOM,QCOM,2015-09-28,53.04999923706055,53.27000045776367,52.52000045776367,52.540000915527344,11773100,38.85847091674805
QCOM,QCOM,2015-09-29,52.5,52.90999984741211,52.16999816894531,52.43000030517578,9789900,38.77711868286133
QCOM,QCOM,2015-09-30,52.9900016784668,53.810001373291016,52.900001525878906,53.72999954223633,12849700,39.73859786987305
QCOM,QCOM,2015-10-01,53.599998474121094,53.81999969482422,53.0,53.18000030517578,9554900,39.33181381225586
QCOM,QCOM,2015-10-02,53.06999969482422,55.150001525878906,53.0,55.06999969482422,13192200,40.72965621948242
QCOM,QCOM,2015-10-05,55.58000183105469,56.4900016784668,55.56999969482422,56.22999954223633,9933200,41.58759307861328
QCOM,QCOM,2015-10-06,56.0,56.52000045776367,55.41999816894531,56.31999969482422,10336500,41.654151916503906
QCOM,QCOM,2015-10-07,56.560001373291016,57.349998474121094,56.040000915527344,56.61000061035156,8952300,41.8686408996582
QCOM,QCOM,2015-10-08,56.4900016784668,57.68000030517578,56.31999969482422,57.65999984741211,8635200,42.64521408081055
QCOM,QCOM,2015-10-09,57.869998931884766,58.119998931884766,57.369998931884766,57.779998779296875,8883000,42.73396301269531
QCOM,QCOM,2015-10-12,57.630001068115234,58.08000183105469,57.470001220703125,57.790000915527344,6913400,42.741355895996094
QCOM,QCOM,2015-10-13,57.189998626708984,58.08000183105469,57.02000045776367,57.5099983215332,7377300,42.534271240234375
QCOM,QCOM,2015-10-14,57.52000045776367,59.13999938964844,57.5099983215332,58.630001068115234,12471600,43.36262893676758
QCOM,QCOM,2015-10-15,59.0,59.90999984741211,58.65999984741211,59.2599983215332,9055600,43.82856369018555
QCOM,QCOM,2015-10-16,59.47999954223633,60.0,58.90999984741211,59.90999984741211,8924900,44.3093147277832
QCOM,QCOM,2015-10-19,59.459999084472656,59.630001068115234,58.61000061035156,59.099998474121094,10975200,43.710227966308594
QCOM,QCOM,2015-10-20,58.68000030517578,59.209999084472656,58.68000030517578,59.0,9102200,43.63627624511719
QCOM,QCOM,2015-10-21,59.279998779296875,59.77000045776367,58.88999938964844,58.970001220703125,6915400,43.61408233642578
QCOM,QCOM,2015-10-22,59.4900016784668,60.63999938964844,59.4900016784668,60.43000030517578,10913600,44.69388961791992
QCOM,QCOM,2015-10-23,60.630001068115234,61.189998626708984,60.4900016784668,60.72999954223633,9175600,44.915767669677734
QCOM,QCOM,2015-10-26,60.90999984741211,60.90999984741211,58.70000076293945,59.209999084472656,13381000,43.79159164428711
QCOM,QCOM,2015-10-27,58.90999984741211,59.349998474121094,58.77000045776367,59.279998779296875,9485900,43.8433723449707
QCOM,QCOM,2015-10-28,59.33000183105469,60.29999923706055,59.22999954223633,60.27000045776367,7738300,44.5755500793457
QCOM,QCOM,2015-10-29,59.66999816894531,60.22999954223633,59.58000183105469,60.0,5567700,44.37586975097656
QCOM,QCOM,2015-10-30,60.119998931884766,60.20000076293945,59.41999816894531,59.41999816894531,8630300,43.946903228759766
QCOM,QCOM,2015-11-02,59.70000076293945,60.7599983215332,59.5099983215332,60.63999938964844,8577200,44.849205017089844
QCOM,QCOM,2015-11-03,60.400001525878906,61.18000030517578,60.2599983215332,60.869998931884766,7704300,45.01931381225586
QCOM,QCOM,2015-11-04,60.88999938964844,61.0099983215332,60.06999969482422,60.2599983215332,10795900,44.56816482543945
QCOM,QCOM,2015-11-05,56.72999954223633,56.810001373291016,49.91999816894531,51.06999969482422,65856400,37.77125549316406
QCOM,QCOM,2015-11-06,51.630001068115234,53.70000076293945,51.630001068115234,53.41999816894531,31252900,39.50931167602539
QCOM,QCOM,2015-11-09,52.880001068115234,53.349998474121094,52.619998931884766,52.939998626708984,15092000,39.15431213378906
QCOM,QCOM,2015-11-10,52.529998779296875,52.9900016784668,51.95000076293945,52.27000045776367,13489500,38.65878677368164
QCOM,QCOM,2015-11-11,52.599998474121094,53.2400016784668,52.369998931884766,52.849998474121094,11026300,39.08774948120117
QCOM,QCOM,2015-11-12,52.75,53.189998626708984,52.52000045776367,52.58000183105469,10807000,38.88805389404297
QCOM,QCOM,2015-11-13,52.29999923706055,52.75,51.81999969482422,51.939998626708984,10439900,38.41472244262695
QCOM,QCOM,2015-11-16,51.959999084472656,52.86000061035156,51.959999084472656,52.77000045776367,9214000,39.02857971191406
QCOM,QCOM,2015-11-17,52.70000076293945,53.54999923706055,52.56999969482422,52.97999954223633,10686200,39.18389892578125
QCOM,QCOM,2015-11-18,51.939998626708984,51.939998626708984,47.52000045776367,48.0,45214500,35.500701904296875
QCOM,QCOM,2015-11-19,48.5099983215332,49.279998779296875,48.22999954223633,48.38999938964844,20547900,35.78913497924805
QCOM,QCOM,2015-11-20,48.79999923706055,49.77000045776367,48.5,49.619998931884766,17229800,36.69883346557617
QCOM,QCOM,2015-11-23,49.09000015258789,49.58000183105469,48.7599983215332,48.970001220703125,11632800,36.218109130859375
QCOM,QCOM,2015-11-24,49.029998779296875,49.72999954223633,48.86000061035156,49.40999984741211,12090100,36.54351806640625
QCOM,QCOM,2015-11-25,49.40999984741211,49.650001525878906,48.849998474121094,49.099998474121094,9967100,36.31425476074219
QCOM,QCOM,2015-11-27,48.66999816894531,48.849998474121094,48.470001220703125,48.540000915527344,3441600,36.254493713378906
QCOM,QCOM,2015-11-30,48.599998474121094,48.86000061035156,48.29999923706055,48.790000915527344,13716000,36.441226959228516
QCOM,QCOM,2015-12-01,48.75,49.31999969482422,48.599998474121094,49.29999923706055,9915800,36.82215118408203
QCOM,QCOM,2015-12-02,51.90999984741211,53.439998626708984,51.79999923706055,51.849998474121094,36745100,38.726749420166016
QCOM,QCOM,2015-12-03,52.15999984741211,52.2400016784668,50.369998931884766,51.400001525878906,25438100,38.39063262939453
QCOM,QCOM,2015-12-04,52.09000015258789,52.56999969482422,51.40999984741211,52.34000015258789,16177700,39.09271240234375
QCOM,QCOM,2015-12-07,52.310001373291016,52.540000915527344,51.88999938964844,52.43000030517578,10160700,39.15994644165039
QCOM,QCOM,2015-12-08,50.630001068115234,50.959999084472656,49.310001373291016,49.47999954223633,18917100,36.95658493041992
QCOM,QCOM,2015-12-09,49.63999938964844,49.97999954223633,48.41999816894531,48.59000015258789,16131000,36.29185104370117
QCOM,QCOM,2015-12-10,48.650001525878906,49.56999969482422,48.470001220703125,48.56999969482422,11619500,36.276912689208984
QCOM,QCOM,2015-12-11,48.20000076293945,48.36000061035156,47.34000015258789,47.459999084472656,12977600,35.44785690307617
QCOM,QCOM,2015-12-14,47.40999984741211,47.959999084472656,45.93000030517578,46.83000183105469,17157400,34.9773063659668
QCOM,QCOM,2015-12-15,47.709999084472656,48.810001373291016,46.79999923706055,48.02000045776367,20086900,35.866119384765625
QCOM,QCOM,2015-12-16,48.25,48.599998474121094,47.150001525878906,48.06999969482422,13308300,35.903465270996094
QCOM,QCOM,2015-12-17,49.31999969482422,49.599998474121094,47.540000915527344,47.540000915527344,15328000,35.507598876953125
QCOM,QCOM,2015-12-18,47.369998931884766,48.040000915527344,47.02000045776367,47.43000030517578,46440200,35.42544174194336
QCOM,QCOM,2015-12-21,47.61000061035156,48.93000030517578,47.540000915527344,48.7599983215332,16779000,36.4188117980957
QCOM,QCOM,2015-12-22,48.529998779296875,49.189998626708984,48.43000030517578,49.06999969482422,10139800,36.650352478027344
QCOM,QCOM,2015-12-23,49.2400016784668,49.52000045776367,48.900001525878906,49.040000915527344,9397900,36.62795639038086
QCOM,QCOM,2015-12-24,49.0,49.880001068115234,49.0,49.54999923706055,5338500,37.008853912353516
QCOM,QCOM,2015-12-28,49.45000076293945,49.810001373291016,49.22999954223633,49.58000183105469,8395600,37.03128433227539
QCOM,QCOM,2015-12-29,50.279998779296875,51.25,50.06999969482422,50.880001068115234,14371300,38.00225067138672
QCOM,QCOM,2015-12-30,50.880001068115234,51.25,50.36000061035156,50.40999984741211,8529300,37.65119934082031
QCOM,QCOM,2015-12-31,50.060001373291016,50.439998626708984,49.88999938964844,49.9900016784668,7613400,37.337501525878906
QCOM,QCOM,2016-01-04,49.43000030517578,50.18000030517578,48.90999984741211,50.119998931884766,12571300,37.43461227416992
QCOM,QCOM,2016-01-05,50.459999084472656,50.599998474121094,49.06999969482422,49.13999938964844,13482300,36.702640533447266
QCOM,QCOM,2016-01-06,48.36000061035156,48.65999984741211,47.7599983215332,48.63999938964844,15783500,36.329200744628906
QCOM,QCOM,2016-01-07,47.779998779296875,48.0,45.97999954223633,46.13999938964844,20495600,34.46194839477539
QCOM,QCOM,2016-01-08,46.810001373291016,46.849998474121094,45.84000015258789,45.880001068115234,15285500,34.26775360107422
QCOM,QCOM,2016-01-11,46.36000061035156,46.529998779296875,45.33000183105469,46.06999969482422,13624900,34.409671783447266
QCOM,QCOM,2016-01-12,46.45000076293945,46.68000030517578,45.619998931884766,46.52000045776367,9290700,34.74576950073242
QCOM,QCOM,2016-01-13,47.220001220703125,47.970001220703125,46.06999969482422,46.099998474121094,17285100,34.43206787109375
QCOM,QCOM,2016-01-14,46.209999084472656,48.0099983215332,45.84000015258789,47.72999954223633,21649400,35.6495246887207
QCOM,QCOM,2016-01-15,46.040000915527344,46.5099983215332,45.130001068115234,45.81999969482422,17273300,34.22293472290039
QCOM,QCOM,2016-01-19,46.5,46.58000183105469,45.470001220703125,46.09000015258789,12680000,34.42460250854492
QCOM,QCOM,2016-01-20,45.5,46.18000030517578,44.38999938964844,45.93000030517578,14761500,34.305091857910156
QCOM,QCOM,2016-01-21,46.36000061035156,47.439998626708984,45.709999084472656,47.04999923706055,12913700,35.141624450683594
QCOM,QCOM,2016-01-22,47.810001373291016,48.279998779296875,47.439998626708984,48.06999969482422,12154900,35.903465270996094
QCOM,QCOM,2016-01-25,47.970001220703125,48.38999938964844,47.52000045776367,47.58000183105469,9365800,35.5374870300293
QCOM,QCOM,2016-01-26,47.599998474121094,48.849998474121094,47.52000045776367,48.52000045776367,9273400,36.23955154418945
QCOM,QCOM,2016-01-27,48.0,48.58000183105469,47.15999984741211,47.529998779296875,12305000,35.50013732910156
QCOM,QCOM,2016-01-28,45.79999923706055,45.81999969482422,43.470001220703125,43.59000015258789,27935200,32.55735397338867
QCOM,QCOM,2016-01-29,44.04999923706055,45.349998474121094,43.66999816894531,45.34000015258789,24039200,33.86442565917969
QCOM,QCOM,2016-02-01,44.709999084472656,46.40999984741211,44.38999938964844,46.11000061035156,13120400,34.43953323364258
QCOM,QCOM,2016-02-02,45.18000030517578,45.400001525878906,42.880001068115234,43.150001525878906,21079700,32.22870635986328
QCOM,QCOM,2016-02-03,43.599998474121094,45.0,43.310001373291016,44.72999954223633,16733600,33.408809661865234
QCOM,QCOM,2016-02-04,44.619998931884766,45.7599983215332,44.380001068115234,45.65999984741211,10798900,34.10343551635742
QCOM,QCOM,2016-02-05,45.45000076293945,45.599998474121094,43.77000045776367,44.02000045776367,10709800,32.87851333618164
QCOM,QCOM,2016-02-08,43.5099983215332,44.15999984741211,42.83000183105469,43.88999938964844,12799000,32.78141784667969
QCOM,QCOM,2016-02-09,43.650001525878906,44.060001373291016,43.16999816894531,43.61000061035156,10339800,32.57228469848633
QCOM,QCOM,2016-02-10,44.0,44.52000045776367,42.900001525878906,42.959999084472656,10044600,32.086795806884766
QCOM,QCOM,2016-02-11,42.5099983215332,43.290000915527344,42.2400016784668,43.0,12537700,32.116676330566406
QCOM,QCOM,2016-02-12,43.349998474121094,44.7599983215332,43.08000183105469,44.560001373291016,11696500,33.2818489074707
QCOM,QCOM,2016-02-16,45.599998474121094,46.83000183105469,45.400001525878906,46.72999954223633,13832500,34.902610778808594
QCOM,QCOM,2016-02-17,47.04999923706055,48.529998779296875,47.0099983215332,48.40999984741211,14868200,36.15740203857422
QCOM,QCOM,2016-02-18,48.40999984741211,49.310001373291016,48.02000045776367,49.08000183105469,13173100,36.65782165527344
QCOM,QCOM,2016-02-19,49.040000915527344,50.040000915527344,48.7599983215332,49.41999816894531,16196800,36.91177749633789
QCOM,QCOM,2016-02-22,50.08000183105469,51.290000915527344,50.06999969482422,51.279998779296875,16793600,38.300994873046875
QCOM,QCOM,2016-02-23,51.0,51.0,50.11000061035156,50.41999816894531,9358700,37.65867614746094
QCOM,QCOM,2016-02-24,50.0,51.65999984741211,49.72999954223633,51.52000045776367,10966600,38.48027420043945
QCOM,QCOM,2016-02-25,51.5,51.790000915527344,50.900001525878906,51.63999938964844,8352400,38.56987762451172
QCOM,QCOM,2016-02-26,52.0,52.0,51.220001220703125,51.619998931884766,9528400,38.554954528808594
QCOM,QCOM,2016-02-29,51.16999816894531,51.529998779296875,50.709999084472656,50.790000915527344,12127300,38.29108428955078
QCOM,QCOM,2016-03-01,51.08000183105469,52.11000061035156,51.060001373291016,52.11000061035156,11977400,39.2862434387207
QCOM,QCOM,2016-03-02,52.38999938964844,52.97999954223633,52.2400016784668,52.849998474121094,15664800,39.84415054321289
QCOM,QCOM,2016-03-03,52.45000076293945,52.810001373291016,51.86000061035156,52.380001068115234,12365200,39.489803314208984
QCOM,QCOM,2016-03-04,52.33000183105469,52.900001525878906,51.900001525878906,52.65999984741211,12770300,39.70089340209961
QCOM,QCOM,2016-03-07,52.439998626708984,53.52000045776367,52.36000061035156,53.29999923706055,10171500,40.18339157104492
QCOM,QCOM,2016-03-08,52.88999938964844,53.209999084472656,51.97999954223633,52.459999084472656,11684300,39.55012512207031
QCOM,QCOM,2016-03-09,52.40999984741211,52.52000045776367,51.7400016784668,51.95000076293945,13964500,39.165618896484375
QCOM,QCOM,2016-03-10,51.90999984741211,52.369998931884766,51.16999816894531,52.02000045776367,9539100,39.21840286254883
QCOM,QCOM,2016-03-11,52.59000015258789,52.63999938964844,51.88999938964844,52.220001220703125,11404300,39.36919021606445
QCOM,QCOM,2016-03-14,52.2400016784668,52.40999984741211,51.7400016784668,52.09000015258789,7407200,39.27116012573242
QCOM,QCOM,2016-03-15,51.75,51.83000183105469,50.97999954223633,51.630001068115234,12887600,38.924373626708984
QCOM,QCOM,2016-03-16,51.630001068115234,51.630001068115234,50.90999984741211,51.29999923706055,21052300,38.67557144165039
QCOM,QCOM,2016-03-17,51.150001525878906,51.689998626708984,51.119998931884766,51.380001068115234,10190400,38.735897064208984
QCOM,QCOM,2016-03-18,51.689998626708984,51.869998931884766,51.22999954223633,51.59000015258789,28991500,38.89420700073242
QCOM,QCOM,2016-03-21,51.599998474121094,52.349998474121094,51.5099983215332,52.209999084472656,11796500,39.361629486083984
QCOM,QCOM,2016-03-22,51.84000015258789,52.31999969482422,51.790000915527344,52.02000045776367,6623200,39.21840286254883
QCOM,QCOM,2016-03-23,52.119998931884766,52.15999984741211,50.810001373291016,50.9900016784668,9194600,38.441871643066406
QCOM,QCOM,2016-03-24,50.630001068115234,50.900001525878906,50.130001068115234,50.86000061035156,7527300,38.34385299682617
QCOM,QCOM,2016-03-28,50.43000030517578,50.61000061035156,49.95000076293945,50.189998626708984,9065200,37.8387336730957
QCOM,QCOM,2016-03-29,50.0,50.939998626708984,49.66999816894531,50.689998626708984,10462600,38.21567916870117
QCOM,QCOM,2016-03-30,51.16999816894531,51.650001525878906,50.72999954223633,50.9900016784668,7142800,38.441871643066406
QCOM,QCOM,2016-03-31,50.869998931884766,51.43000030517578,50.83000183105469,51.13999938964844,7315800,38.554954528808594
QCOM,QCOM,2016-04-01,51.08000183105469,51.11000061035156,50.0099983215332,50.880001068115234,9379800,38.35894775390625
QCOM,QCOM,2016-04-04,50.810001373291016,51.11000061035156,50.5099983215332,50.650001525878906,6289600,38.185550689697266
QCOM,QCOM,2016-04-05,50.439998626708984,50.529998779296875,50.0,50.06999969482422,6863300,37.74826431274414
QCOM,QCOM,2016-04-06,50.13999938964844,50.72999954223633,49.72999954223633,50.619998931884766,7631600,38.16291809082031
QCOM,QCOM,2016-04-07,50.400001525878906,50.45000076293945,49.77000045776367,50.029998779296875,7532200,37.71812057495117
QCOM,QCOM,2016-04-08,50.369998931884766,51.150001525878906,50.25,50.560001373291016,5584800,38.1176872253418
QCOM,QCOM,2016-04-11,50.86000061035156,51.58000183105469,50.86000061035156,51.0,8637200,38.44940185546875
QCOM,QCOM,2016-04-12,51.04999923706055,51.099998474121094,50.20000076293945,50.81999969482422,6116900,38.3137092590332
QCOM,QCOM,2016-04-13,51.29999923706055,52.439998626708984,51.150001525878906,51.91999816894531,13813500,39.14299774169922
QCOM,QCOM,2016-04-14,51.849998474121094,51.88999938964844,51.2400016784668,51.81999969482422,7921400,39.06761169433594
QCOM,QCOM,2016-04-15,51.93000030517578,51.9900016784668,51.029998779296875,51.060001373291016,10143300,38.494625091552734
QCOM,QCOM,2016-04-18,51.09000015258789,51.72999954223633,50.939998626708984,51.54999923706055,7673100,38.86405563354492
QCOM,QCOM,2016-04-19,51.72999954223633,51.93000030517578,51.29999923706055,51.83000183105469,9306400,39.07514953613281
QCOM,QCOM,2016-04-20,51.93000030517578,52.540000915527344,51.810001373291016,52.09000015258789,11216900,39.27116012573242
QCOM,QCOM,2016-04-21,51.29999923706055,51.79999923706055,50.7400016784668,51.66999816894531,16728600,38.954524993896484
QCOM,QCOM,2016-04-22,51.709999084472656,53.09000015258789,51.68000030517578,52.63999938964844,14029800,39.685829162597656
QCOM,QCOM,2016-04-25,52.599998474121094,52.720001220703125,52.029998779296875,52.43000030517578,6941200,39.527496337890625
QCOM,QCOM,2016-04-26,52.540000915527344,52.959999084472656,52.45000076293945,52.90999984741211,7600100,39.88937759399414
QCOM,QCOM,2016-04-27,52.029998779296875,53.130001068115234,52.0099983215332,52.900001525878906,8256600,39.88182830810547
QCOM,QCOM,2016-04-28,52.47999954223633,53.279998779296875,52.040000915527344,52.130001068115234,7795000,39.301326751708984
QCOM,QCOM,2016-04-29,51.83000183105469,52.0,50.11000061035156,50.52000045776367,11437400,38.0875244140625
QCOM,QCOM,2016-05-02,50.689998626708984,51.16999816894531,50.130001068115234,51.11000061035156,7123500,38.5323371887207
QCOM,QCOM,2016-05-03,50.66999816894531,50.91999816894531,50.189998626708984,50.72999954223633,7848600,38.245845794677734
QCOM,QCOM,2016-05-04,50.189998626708984,50.880001068115234,50.150001525878906,50.4900016784668,11981800,38.06491470336914
QCOM,QCOM,2016-05-05,50.7400016784668,51.27000045776367,50.43000030517578,51.130001068115234,10189100,38.547420501708984
QCOM,QCOM,2016-05-06,50.650001525878906,51.119998931884766,50.380001068115234,50.91999816894531,9434500,38.38908767700195
QCOM,QCOM,2016-05-09,51.0,51.599998474121094,50.790000915527344,51.20000076293945,7173600,38.60018539428711
QCOM,QCOM,2016-05-10,51.2599983215332,52.22999954223633,50.970001220703125,52.150001525878906,8199000,39.316402435302734
QCOM,QCOM,2016-05-11,51.83000183105469,52.529998779296875,51.689998626708984,52.150001525878906,8324100,39.316402435302734
QCOM,QCOM,2016-05-12,52.33000183105469,52.529998779296875,51.36000061035156,51.5099983215332,9516000,38.83390426635742
QCOM,QCOM,2016-05-13,51.459999084472656,52.08000183105469,51.11000061035156,51.31999969482422,6975100,38.69065856933594
QCOM,QCOM,2016-05-16,51.31999969482422,52.16999816894531,51.119998931884766,51.90999984741211,6823600,39.135467529296875
QCOM,QCOM,2016-05-17,51.7400016784668,52.279998779296875,51.5,51.9900016784668,9386200,39.19578170776367
QCOM,QCOM,2016-05-18,52.06999969482422,53.34000015258789,52.0,52.790000915527344,10507200,39.798912048339844
QCOM,QCOM,2016-05-19,52.709999084472656,53.08000183105469,52.2599983215332,52.7599983215332,8614000,39.77629089355469
QCOM,QCOM,2016-05-20,52.970001220703125,54.58000183105469,52.869998931884766,54.52000045776367,14003600,41.10317611694336
QCOM,QCOM,2016-05-23,54.20000076293945,54.86000061035156,54.150001525878906,54.18000030517578,9685300,40.84684753417969
QCOM,QCOM,2016-05-24,54.41999816894531,55.619998931884766,54.400001525878906,55.59000015258789,13097700,41.90986633300781
QCOM,QCOM,2016-05-25,55.70000076293945,56.27000045776367,55.689998626708984,55.97999954223633,9266500,42.20388412475586
QCOM,QCOM,2016-05-26,55.970001220703125,56.13999938964844,55.5099983215332,55.7400016784668,7020900,42.022945404052734
QCOM,QCOM,2016-05-27,55.33000183105469,55.38999938964844,55.02000045776367,55.27000045776367,5918200,42.06861877441406
QCOM,QCOM,2016-05-31,55.38999938964844,55.43000030517578,54.81999969482422,54.91999816894531,15093400,41.80221176147461
QCOM,QCOM,2016-06-01,54.5,54.970001220703125,54.45000076293945,54.790000915527344,12156800,41.7032470703125
QCOM,QCOM,2016-06-02,54.650001525878906,54.91999816894531,54.290000915527344,54.880001068115234,9036200,41.77177047729492
QCOM,QCOM,2016-06-03,54.9900016784668,55.0099983215332,54.470001220703125,54.939998626708984,10008100,41.81742858886719
QCOM,QCOM,2016-06-06,54.97999954223633,55.369998931884766,54.65999984741211,54.88999938964844,7905100,41.77937698364258
QCOM,QCOM,2016-06-07,54.939998626708984,55.18000030517578,54.66999816894531,54.84000015258789,5400200,41.74131393432617
QCOM,QCOM,2016-06-08,54.72999954223633,55.04999923706055,54.66999816894531,54.939998626708984,6314800,41.81742858886719
QCOM,QCOM,2016-06-09,54.400001525878906,55.040000915527344,54.189998626708984,54.97999954223633,8726200,41.847869873046875
QCOM,QCOM,2016-06-10,54.459999084472656,54.75,53.400001525878906,53.83000183105469,15791600,40.9725456237793
QCOM,QCOM,2016-06-13,53.599998474121094,53.900001525878906,52.7400016784668,52.83000183105469,12128900,40.211402893066406
QCOM,QCOM,2016-06-14,52.65999984741211,53.25,52.470001220703125,52.70000076293945,8887300,40.112464904785156
QCOM,QCOM,2016-06-15,53.04999923706055,53.560001373291016,52.66999816894531,53.279998779296875,8832400,40.553916931152344
QCOM,QCOM,2016-06-16,52.970001220703125,53.470001220703125,52.47999954223633,53.41999816894531,5907500,40.66048049926758
QCOM,QCOM,2016-06-17,53.72999954223633,53.81999969482422,53.099998474121094,53.54999923706055,14548800,40.759437561035156
QCOM,QCOM,2016-06-20,54.16999816894531,54.65999984741211,53.86000061035156,53.88999938964844,8680800,41.01821517944336
QCOM,QCOM,2016-06-21,54.25,54.25,53.599998474121094,53.880001068115234,6431700,41.010616302490234
QCOM,QCOM,2016-06-22,53.900001525878906,54.970001220703125,53.900001525878906,54.040000915527344,8481600,41.13239669799805
QCOM,QCOM,2016-06-23,54.849998474121094,55.56999969482422,54.56999969482422,55.54999923706055,8952200,42.28173065185547
QCOM,QCOM,2016-06-24,53.0099983215332,53.81999969482422,52.119998931884766,52.119998931884766,17018500,39.67098617553711
QCOM,QCOM,2016-06-27,52.290000915527344,52.290000915527344,50.84000015258789,51.13999938964844,11642700,38.925079345703125
QCOM,QCOM,2016-06-28,51.70000076293945,52.560001373291016,51.529998779296875,52.5099983215332,7470400,39.967838287353516
QCOM,QCOM,2016-06-29,53.060001373291016,53.84000015258789,52.75,53.54999923706055,7126900,40.759437561035156
QCOM,QCOM,2016-06-30,52.900001525878906,53.56999969482422,52.459999084472656,53.56999969482422,9254400,40.7746467590332
QCOM,QCOM,2016-07-01,52.9900016784668,53.38999938964844,52.84000015258789,53.0,6385000,40.34080505371094
QCOM,QCOM,2016-07-05,52.95000076293945,52.970001220703125,51.88999938964844,51.939998626708984,10626200,39.53398895263672
QCOM,QCOM,2016-07-06,51.56999969482422,52.529998779296875,51.15999984741211,52.369998931884766,7740700,39.86127471923828
QCOM,QCOM,2016-07-07,52.58000183105469,53.380001068115234,52.40999984741211,52.93000030517578,5763300,40.287513732910156
QCOM,QCOM,2016-07-08,53.4900016784668,54.33000183105469,53.31999969482422,54.189998626708984,6853900,41.24656677246094
QCOM,QCOM,2016-07-11,53.959999084472656,54.709999084472656,53.939998626708984,54.119998931884766,6941600,41.19329833984375
QCOM,QCOM,2016-07-12,54.45000076293945,54.7400016784668,54.209999084472656,54.619998931884766,7413700,41.573856353759766
QCOM,QCOM,2016-07-13,54.90999984741211,55.0,54.630001068115234,54.83000183105469,5676400,41.733699798583984
QCOM,QCOM,2016-07-14,55.189998626708984,55.369998931884766,54.560001373291016,54.880001068115234,6601500,41.77177047729492
QCOM,QCOM,2016-07-15,54.86000061035156,54.86000061035156,54.16999816894531,54.75,10236900,41.67280197143555
QCOM,QCOM,2016-07-18,55.13999938964844,55.650001525878906,54.97999954223633,55.349998474121094,9225900,42.12950134277344
QCOM,QCOM,2016-07-19,55.72999954223633,55.900001525878906,54.95000076293945,55.13999938964844,8164200,41.96965789794922
QCOM,QCOM,2016-07-20,55.36000061035156,55.95000076293945,55.040000915527344,55.81999969482422,17204300,42.48724365234375
QCOM,QCOM,2016-07-21,59.79999923706055,60.470001220703125,59.130001068115234,59.93000030517578,33912300,45.61555099487305
QCOM,QCOM,2016-07-22,60.209999084472656,61.18000030517578,59.83000183105469,61.150001525878906,12505700,46.544151306152344
QCOM,QCOM,2016-07-25,60.959999084472656,60.970001220703125,60.150001525878906,60.72999954223633,9166200,46.22446823120117
QCOM,QCOM,2016-07-26,61.0,61.5,60.77000045776367,61.349998474121094,11272600,46.696380615234375
QCOM,QCOM,2016-07-27,61.81999969482422,62.65999984741211,61.650001525878906,62.5099983215332,13395100,47.579322814941406
QCOM,QCOM,2016-07-28,62.439998626708984,62.790000915527344,62.16999816894531,62.43000030517578,8514200,47.5184211730957
QCOM,QCOM,2016-07-29,62.599998474121094,62.81999969482422,62.2400016784668,62.58000183105469,8291000,47.63260269165039
QCOM,QCOM,2016-08-01,62.369998931884766,62.400001525878906,61.58000183105469,61.849998474121094,14606200,47.07696533203125
QCOM,QCOM,2016-08-02,61.7400016784668,61.95000076293945,60.02000045776367,60.599998474121094,14732800,46.125518798828125
QCOM,QCOM,2016-08-03,60.59000015258789,61.11000061035156,60.5,61.0099983215332,6448200,46.437591552734375
QCOM,QCOM,2016-08-04,61.11000061035156,61.22999954223633,60.72999954223633,60.97999954223633,5169600,46.41476821899414
QCOM,QCOM,2016-08-05,61.52000045776367,62.11000061035156,61.27000045776367,62.0,8320700,47.19113540649414
QCOM,QCOM,2016-08-08,62.04999923706055,62.189998626708984,61.369998931884766,61.58000183105469,8410600,46.87144088745117
QCOM,QCOM,2016-08-09,61.90999984741211,62.439998626708984,61.83000183105469,61.9900016784668,5350300,47.18352127075195
QCOM,QCOM,2016-08-10,62.0,62.15999984741211,61.439998626708984,61.709999084472656,3836200,46.970394134521484
QCOM,QCOM,2016-08-11,61.88999938964844,62.15999984741211,61.66999816894531,61.7400016784668,4988300,46.99323272705078
QCOM,QCOM,2016-08-12,61.540000915527344,61.9900016784668,61.279998779296875,61.709999084472656,4947700,46.970394134521484
QCOM,QCOM,2016-08-15,61.79999923706055,62.4900016784668,61.79999923706055,62.43000030517578,6499000,47.5184211730957
QCOM,QCOM,2016-08-16,62.08000183105469,62.5,61.7599983215332,62.06999969482422,7650600,47.244415283203125
QCOM,QCOM,2016-08-17,62.220001220703125,62.400001525878906,61.790000915527344,62.279998779296875,6812400,47.40424728393555
QCOM,QCOM,2016-08-18,62.349998474121094,63.040000915527344,62.18000030517578,63.040000915527344,7935900,47.98272705078125
QCOM,QCOM,2016-08-19,62.61000061035156,62.84000015258789,62.0099983215332,62.7599983215332,7093000,47.76959991455078
QCOM,QCOM,2016-08-22,62.70000076293945,62.869998931884766,62.349998474121094,62.83000183105469,5720900,47.82288360595703
QCOM,QCOM,2016-08-23,63.0,63.689998626708984,62.83000183105469,63.09000015258789,5970600,48.02078628540039
QCOM,QCOM,2016-08-24,62.91999816894531,63.2400016784668,62.470001220703125,62.61000061035156,6902400,47.65542984008789
QCOM,QCOM,2016-08-25,62.66999816894531,62.959999084472656,62.58000183105469,62.63999938964844,4916700,47.67826461791992
QCOM,QCOM,2016-08-26,62.88999938964844,63.5099983215332,62.650001525878906,62.970001220703125,7255600,47.929443359375
QCOM,QCOM,2016-08-29,62.41999816894531,63.09000015258789,62.369998931884766,62.97999954223633,5354700,48.343955993652344
QCOM,QCOM,2016-08-30,63.0,63.5099983215332,62.709999084472656,62.939998626708984,5047600,48.3132438659668
QCOM,QCOM,2016-08-31,62.97999954223633,63.119998931884766,62.529998779296875,63.06999969482422,6516600,48.41304016113281
QCOM,QCOM,2016-09-01,62.869998931884766,63.5,62.5099983215332,63.470001220703125,6906300,48.72007369995117
QCOM,QCOM,2016-09-02,63.529998779296875,63.70000076293945,63.09000015258789,63.349998474121094,6325900,48.62796401977539
QCOM,QCOM,2016-09-06,63.119998931884766,63.38999938964844,62.880001068115234,63.09000015258789,5603000,48.42839431762695
QCOM,QCOM,2016-09-07,63.189998626708984,63.25,62.31999969482422,62.43000030517578,6281600,47.92176818847656
QCOM,QCOM,2016-09-08,62.029998779296875,62.810001373291016,62.0099983215332,62.689998626708984,7698100,48.121341705322266
QCOM,QCOM,2016-09-09,62.0099983215332,62.290000915527344,60.5,60.52000045776367,10625600,46.455631256103516
QCOM,QCOM,2016-09-12,60.22999954223633,62.27000045776367,59.93000030517578,62.25,10158600,47.78358459472656
QCOM,QCOM,2016-09-13,61.81999969482422,62.20000076293945,60.939998626708984,61.290000915527344,8397100,47.04669952392578
QCOM,QCOM,2016-09-14,61.290000915527344,61.95000076293945,61.040000915527344,61.59000015258789,5982400,47.2769775390625
QCOM,QCOM,2016-09-15,61.95000076293945,62.66999816894531,61.54999923706055,62.540000915527344,8871200,48.006202697753906
QCOM,QCOM,2016-09-16,62.880001068115234,63.439998626708984,62.369998931884766,62.9900016784668,14677700,48.35162353515625
QCOM,QCOM,2016-09-19,63.130001068115234,63.38999938964844,62.7599983215332,62.86000061035156,6759900,48.251827239990234
QCOM,QCOM,2016-09-20,63.27000045776367,63.29999923706055,62.529998779296875,62.70000076293945,5471400,48.1290168762207
QCOM,QCOM,2016-09-21,63.099998474121094,63.63999938964844,62.90999984741211,63.56999969482422,7488600,48.79683303833008
QCOM,QCOM,2016-09-22,63.709999084472656,64.0,63.36000061035156,63.52000045776367,7895700,48.75845718383789
QCOM,QCOM,2016-09-23,63.0,63.56999969482422,62.66999816894531,62.75,7794700,48.16739273071289
QCOM,QCOM,2016-09-26,62.4900016784668,62.560001373291016,61.86000061035156,62.310001373291016,6207400,47.82966232299805
QCOM,QCOM,2016-09-27,62.529998779296875,63.36000061035156,62.439998626708984,63.310001373291016,5228300,48.59726333618164
QCOM,QCOM,2016-09-28,63.22999954223633,63.689998626708984,63.0,63.45000076293945,5251900,48.70472717285156
QCOM,QCOM,2016-09-29,63.279998779296875,68.83000183105469,62.709999084472656,67.44999694824219,43098800,51.77516555786133
QCOM,QCOM,2016-09-30,68.4000015258789,70.4000015258789,68.1500015258789,68.5,34879500,52.58114242553711
QCOM,QCOM,2016-10-03,68.08000183105469,69.27999877929688,66.87000274658203,67.11000061035156,10153600,51.514156341552734
QCOM,QCOM,2016-10-04,67.69999694824219,67.69999694824219,66.55999755859375,66.68000030517578,9746400,51.18409729003906
QCOM,QCOM,2016-10-05,66.83999633789062,67.41999816894531,66.55000305175781,66.83999633789062,6362000,51.306922912597656
QCOM,QCOM,2016-10-06,66.80000305175781,69.31999969482422,66.2300033569336,67.54000091552734,12957200,51.84425735473633
QCOM,QCOM,2016-10-07,67.52999877929688,68.33000183105469,67.48999786376953,68.19000244140625,8398100,52.34319305419922
QCOM,QCOM,2016-10-10,68.33999633789062,68.58000183105469,67.05999755859375,67.25,7029800,51.621639251708984
QCOM,QCOM,2016-10-11,67.0,67.08999633789062,65.44999694824219,66.08999633789062,8910600,50.73121643066406
QCOM,QCOM,2016-10-12,66.48999786376953,66.48999786376953,65.05999755859375,66.05999755859375,6615700,50.70817184448242
QCOM,QCOM,2016-10-13,65.55000305175781,66.05999755859375,64.30000305175781,65.69999694824219,7236600,50.431846618652344
QCOM,QCOM,2016-10-14,65.94000244140625,66.58999633789062,65.44999694824219,65.69999694824219,6743100,50.431846618652344
QCOM,QCOM,2016-10-17,65.52999877929688,65.70999908447266,65.08999633789062,65.19000244140625,6348200,50.04035949707031
QCOM,QCOM,2016-10-18,66.18000030517578,66.22000122070312,65.56999969482422,66.0999984741211,5966900,50.7388916015625
QCOM,QCOM,2016-10-19,65.87999725341797,66.06999969482422,65.30999755859375,65.79000091552734,5414700,50.50092697143555
QCOM,QCOM,2016-10-20,65.4800033569336,68.16999816894531,65.4800033569336,67.33999633789062,13579000,51.69072341918945
QCOM,QCOM,2016-10-21,67.11000061035156,69.44000244140625,66.69999694824219,67.93000030517578,19676600,52.143619537353516
QCOM,QCOM,2016-10-24,68.4000015258789,68.44999694824219,67.4800033569336,68.05999755859375,6669600,52.24339294433594
QCOM,QCOM,2016-10-25,67.9000015258789,68.25,67.4800033569336,67.70999908447266,5370000,51.9747428894043
QCOM,QCOM,2016-10-26,67.30999755859375,68.62000274658203,67.25,68.19999694824219,9241200,52.35087585449219
QCOM,QCOM,2016-10-27,70.80000305175781,71.62000274658203,70.0,70.08999633789062,33941700,53.80162811279297
QCOM,QCOM,2016-10-28,70.5199966430664,70.52999877929688,67.66000366210938,68.4000015258789,17952700,52.504390716552734
QCOM,QCOM,2016-10-31,69.0,69.51000213623047,68.68000030517578,68.72000122070312,10108300,52.75001907348633
QCOM,QCOM,2016-11-01,69.0,69.3499984741211,67.54000091552734,68.33999633789062,8910100,52.458309173583984
QCOM,QCOM,2016-11-02,68.45999908447266,68.5999984741211,67.02999877929688,67.08999633789062,15183000,51.498817443847656
QCOM,QCOM,2016-11-03,67.69000244140625,68.56999969482422,65.93000030517578,66.94999694824219,15642500,51.391361236572266
QCOM,QCOM,2016-11-04,65.73999786376953,67.41000366210938,65.73999786376953,66.7300033569336,8584300,51.22248077392578
QCOM,QCOM,2016-11-07,67.72000122070312,68.58000183105469,67.38999938964844,68.45999908447266,9205300,52.55043029785156
QCOM,QCOM,2016-11-08,68.22000122070312,68.70999908447266,67.62999725341797,68.2699966430664,6696600,52.40459060668945
QCOM,QCOM,2016-11-09,66.62999725341797,68.08999633789062,66.25,67.87999725341797,11604400,52.10520553588867
QCOM,QCOM,2016-11-10,67.80999755859375,68.20999908447266,64.31999969482422,66.30999755859375,17774400,50.90008544921875
QCOM,QCOM,2016-11-11,65.87000274658203,67.0,65.83999633789062,66.87999725341797,10239800,51.33762741088867
QCOM,QCOM,2016-11-14,67.41999816894531,67.41999816894531,65.93000030517578,65.93000030517578,8256800,50.6083869934082
QCOM,QCOM,2016-11-15,66.26000213623047,67.16000366210938,65.94999694824219,66.7699966430664,9615200,51.25318145751953
QCOM,QCOM,2016-11-16,66.70999908447266,66.70999908447266,65.6500015258789,66.30000305175781,9552200,50.892425537109375
QCOM,QCOM,2016-11-17,66.44000244140625,66.7699966430664,66.16000366210938,66.66999816894531,6982500,51.17641830444336
QCOM,QCOM,2016-11-18,66.68000030517578,67.45999908447266,65.94000244140625,67.30999755859375,9889300,51.667686462402344
QCOM,QCOM,2016-11-21,66.86000061035156,67.19999694824219,66.1500015258789,67.0999984741211,7868900,51.506492614746094
QCOM,QCOM,2016-11-22,67.56999969482422,68.5999984741211,67.04000091552734,68.30999755859375,9803600,52.435302734375
QCOM,QCOM,2016-11-23,68.33000183105469,68.5,67.75,68.12999725341797,4820300,52.29713439941406
QCOM,QCOM,2016-11-25,68.16000366210938,68.41999816894531,67.70999908447266,68.29000091552734,4200100,52.419944763183594
QCOM,QCOM,2016-11-28,67.41999816894531,67.69999694824219,66.80000305175781,67.0999984741211,8225200,51.909358978271484
QCOM,QCOM,2016-11-29,67.2300033569336,67.54000091552734,66.62999725341797,66.7699966430664,6544900,51.6540641784668
QCOM,QCOM,2016-11-30,66.80000305175781,68.30999755859375,66.5,68.12999725341797,12470000,52.7061882019043
QCOM,QCOM,2016-12-01,67.72000122070312,67.91999816894531,63.779998779296875,64.16000366210938,16563900,49.63494873046875
QCOM,QCOM,2016-12-02,63.95000076293945,66.33000183105469,63.95000076293945,65.83999633789062,9687000,50.934608459472656
QCOM,QCOM,2016-12-05,66.37999725341797,66.94000244140625,65.69000244140625,66.36000061035156,8708200,51.33688735961914
QCOM,QCOM,2016-12-06,66.6500015258789,67.4800033569336,66.5,67.44999694824219,6701800,52.18013381958008
QCOM,QCOM,2016-12-07,67.3499984741211,68.33999633789062,66.95999908447266,68.33999633789062,7202700,52.868621826171875
QCOM,QCOM,2016-12-08,68.41999816894531,69.18000030517578,68.37000274658203,68.55000305175781,5552600,53.03109359741211
QCOM,QCOM,2016-12-09,68.61000061035156,68.88999938964844,67.80000305175781,68.5199966430664,5551800,53.007896423339844
QCOM,QCOM,2016-12-12,68.37000274658203,68.6500015258789,67.91999816894531,68.47000122070312,5615200,52.96923065185547
QCOM,QCOM,2016-12-13,68.72000122070312,70.23999786376953,68.48999786376953,69.33999633789062,8494200,53.64226150512695
QCOM,QCOM,2016-12-14,68.63999938964844,69.18000030517578,67.3499984741211,67.55999755859375,9957700,52.26522445678711
QCOM,QCOM,2016-12-15,68.0999984741211,68.7699966430664,67.30999755859375,68.02999877929688,7162400,52.628822326660156
QCOM,QCOM,2016-12-16,68.48999786376953,68.48999786376953,66.30000305175781,66.45999908447266,18155600,51.414249420166016
QCOM,QCOM,2016-12-19,66.79000091552734,67.43000030517578,66.63999938964844,67.0199966430664,7884700,51.84747314453125
QCOM,QCOM,2016-12-20,67.37999725341797,67.55999755859375,66.7699966430664,66.91000366210938,6685400,51.762386322021484
QCOM,QCOM,2016-12-21,67.06999969482422,67.3499984741211,66.81999969482422,67.16000366210938,5211400,51.955780029296875
QCOM,QCOM,2016-12-22,67.63999938964844,67.75,66.45999908447266,66.76000213623047,5900200,51.6463508605957
QCOM,QCOM,2016-12-23,66.88999938964844,66.94000244140625,66.5199966430664,66.86000061035156,3088100,51.72370529174805
QCOM,QCOM,2016-12-27,67.13999938964844,67.58000183105469,67.05999755859375,67.25,3028200,52.02540969848633
QCOM,QCOM,2016-12-28,66.6500015258789,67.06999969482422,65.69999694824219,65.75,6547200,50.864990234375
QCOM,QCOM,2016-12-29,65.5,66.08000183105469,65.41999816894531,66.04000091552734,3700800,51.0893440246582
QCOM,QCOM,2016-12-30,66.25,66.3499984741211,65.04000091552734,65.19999694824219,5941900,50.439491271972656
QCOM,QCOM,2017-01-03,65.86000061035156,66.13999938964844,64.5999984741211,65.4000015258789,9519800,50.59421920776367
QCOM,QCOM,2017-01-04,65.66999816894531,65.94999694824219,65.26000213623047,65.47000122070312,6221700,50.64836883544922
QCOM,QCOM,2017-01-05,65.22000122070312,65.9800033569336,65.05000305175781,65.55000305175781,5998900,50.71026611328125
QCOM,QCOM,2017-01-06,65.4800033569336,65.87000274658203,64.86000061035156,65.52999877929688,6749400,50.694801330566406
QCOM,QCOM,2017-01-09,65.52999877929688,66.2699966430664,65.48999786376953,65.6500015258789,4769200,50.78762435913086
QCOM,QCOM,2017-01-10,65.94999694824219,66.16000366210938,65.56999969482422,65.62999725341797,6076000,50.77215576171875
QCOM,QCOM,2017-01-11,65.75,66.11000061035156,65.41999816894531,66.0999984741211,8349800,51.1357536315918
QCOM,QCOM,2017-01-12,65.3499984741211,66.18000030517578,65.05000305175781,66.12000274658203,6113600,51.1512336730957
QCOM,QCOM,2017-01-13,66.25,67.08000183105469,66.16000366210938,66.87999725341797,6177400,51.73917770385742
QCOM,QCOM,2017-01-17,66.70999908447266,66.97000122070312,63.150001525878906,64.19000244140625,22426300,49.65815353393555
QCOM,QCOM,2017-01-18,64.66999816894531,66.08999633789062,63.810001373291016,65.12999725341797,15883200,50.385345458984375
QCOM,QCOM,2017-01-19,64.97000122070312,65.4000015258789,64.36000061035156,64.44000244140625,9429200,49.85154724121094
QCOM,QCOM,2017-01-20,65.19000244140625,65.73999786376953,62.619998931884766,62.880001068115234,20936900,48.64472198486328
QCOM,QCOM,2017-01-23,58.66999816894531,58.66999816894531,53.77000045776367,54.880001068115234,94436000,42.45582580566406
QCOM,QCOM,2017-01-24,55.02000045776367,55.77000045776367,54.70000076293945,55.0,41751800,42.54866027832031
QCOM,QCOM,2017-01-25,56.099998474121094,56.97999954223633,55.5,56.900001525878906,27307900,44.018524169921875
QCOM,QCOM,2017-01-26,55.349998474121094,55.4900016784668,53.5,54.04999923706055,37888200,41.813716888427734
QCOM,QCOM,2017-01-27,54.650001525878906,54.7599983215332,54.0,54.2400016784668,23474400,41.96072006225586
QCOM,QCOM,2017-01-30,54.38999938964844,54.400001525878906,53.54999923706055,53.61000061035156,14853900,41.47333526611328
QCOM,QCOM,2017-01-31,53.61000061035156,53.63999938964844,52.83000183105469,53.43000030517578,13995400,41.3340950012207
QCOM,QCOM,2017-02-01,53.63999938964844,53.81999969482422,52.86000061035156,53.150001525878906,16102100,41.11747360229492
QCOM,QCOM,2017-02-02,52.95000076293945,53.099998474121094,52.369998931884766,52.65999984741211,14481200,40.738407135009766
QCOM,QCOM,2017-02-03,52.95000076293945,53.220001220703125,52.75,52.97999954223633,10965300,40.985958099365234
QCOM,QCOM,2017-02-06,53.310001373291016,53.40999984741211,52.81999969482422,52.880001068115234,8215100,40.90859603881836
QCOM,QCOM,2017-02-07,53.220001220703125,53.279998779296875,52.7599983215332,53.27000045776367,10374100,41.21031951904297
QCOM,QCOM,2017-02-08,53.38999938964844,53.38999938964844,52.720001220703125,52.88999938964844,9229000,40.91633987426758
QCOM,QCOM,2017-02-09,52.90999984741211,53.099998474121094,52.7599983215332,52.880001068115234,7615100,40.90859603881836
QCOM,QCOM,2017-02-10,53.099998474121094,54.279998779296875,52.93000030517578,54.0,14042200,41.7750358581543
QCOM,QCOM,2017-02-13,54.58000183105469,55.130001068115234,54.2599983215332,54.93000030517578,14516200,42.494510650634766
QCOM,QCOM,2017-02-14,55.43000030517578,55.52000045776367,54.81999969482422,55.47999954223633,13072000,42.91999435424805
QCOM,QCOM,2017-02-15,55.630001068115234,56.5,55.4900016784668,56.4900016784668,14149200,43.70134353637695
QCOM,QCOM,2017-02-16,56.58000183105469,56.900001525878906,56.45000076293945,56.880001068115234,11622900,44.003047943115234
QCOM,QCOM,2017-02-17,56.849998474121094,56.939998626708984,56.04999923706055,56.459999084472656,12456600,43.678138732910156
QCOM,QCOM,2017-02-21,56.83000183105469,57.189998626708984,56.58000183105469,56.75,9878200,43.9024772644043
QCOM,QCOM,2017-02-22,56.779998779296875,57.099998474121094,56.47999954223633,57.099998474121094,8711500,44.173255920410156
QCOM,QCOM,2017-02-23,57.0099983215332,57.310001373291016,56.77000045776367,57.13999938964844,10152800,44.20418167114258
QCOM,QCOM,2017-02-24,57.02000045776367,57.22999954223633,56.5,57.220001220703125,10644800,44.26607894897461
QCOM,QCOM,2017-02-27,56.560001373291016,56.97999954223633,56.310001373291016,56.72999954223633,7127600,44.29731369018555
QCOM,QCOM,2017-02-28,56.4900016784668,56.52000045776367,55.88999938964844,56.47999954223633,10388200,44.10210037231445
QCOM,QCOM,2017-03-01,56.93000030517578,57.08000183105469,56.27000045776367,57.0099983215332,11082400,44.51594161987305
QCOM,QCOM,2017-03-02,56.95000076293945,57.150001525878906,56.2400016784668,56.369998931884766,8451700,44.01620101928711
QCOM,QCOM,2017-03-03,56.52000045776367,56.56999969482422,56.0,56.439998626708984,6971400,44.07087326049805
QCOM,QCOM,2017-03-06,56.27000045776367,56.560001373291016,56.06999969482422,56.45000076293945,7241600,44.078670501708984
QCOM,QCOM,2017-03-07,56.599998474121094,56.81999969482422,56.189998626708984,56.72999954223633,7131700,44.29731369018555
QCOM,QCOM,2017-03-08,56.91999816894531,58.08000183105469,56.79999923706055,57.77000045776367,13201700,45.10939025878906
QCOM,QCOM,2017-03-09,57.650001525878906,58.099998474121094,57.400001525878906,57.970001220703125,9875600,45.26557159423828
QCOM,QCOM,2017-03-10,58.36000061035156,58.790000915527344,58.29999923706055,58.63999938964844,9752000,45.78873062133789
QCOM,QCOM,2017-03-13,59.029998779296875,59.040000915527344,58.20000076293945,58.459999084472656,7737900,45.64817810058594
QCOM,QCOM,2017-03-14,58.380001068115234,58.380001068115234,57.720001220703125,58.220001220703125,6276900,45.46076965332031
QCOM,QCOM,2017-03-15,58.41999816894531,58.75,58.18000030517578,58.52000045776367,9029500,45.69501876831055
QCOM,QCOM,2017-03-16,58.29999923706055,58.72999954223633,58.15999984741211,58.349998474121094,7206200,45.56228256225586
QCOM,QCOM,2017-03-17,58.56999969482422,58.61000061035156,57.5099983215332,57.54999923706055,20057800,44.93760299682617
QCOM,QCOM,2017-03-20,57.790000915527344,58.06999969482422,57.59000015258789,57.810001373291016,7498200,45.140625
QCOM,QCOM,2017-03-21,57.93000030517578,58.099998474121094,56.7400016784668,56.79999923706055,10092600,44.351966857910156
QCOM,QCOM,2017-03-22,56.72999954223633,57.130001068115234,56.099998474121094,57.040000915527344,9129700,44.539371490478516
QCOM,QCOM,2017-03-23,57.15999984741211,57.27000045776367,56.59000015258789,56.810001373291016,7718700,44.35977554321289
QCOM,QCOM,2017-03-24,57.470001220703125,57.470001220703125,56.63999938964844,56.91999816894531,5621400,44.4456787109375
QCOM,QCOM,2017-03-27,56.720001220703125,56.939998626708984,56.47999954223633,56.65999984741211,4726300,44.24264907836914
QCOM,QCOM,2017-03-28,56.66999816894531,57.61000061035156,56.66999816894531,57.380001068115234,5953500,44.804866790771484
QCOM,QCOM,2017-03-29,57.09000015258789,57.369998931884766,56.86000061035156,57.36000061035156,4042600,44.789241790771484
QCOM,QCOM,2017-03-30,57.36000061035156,57.650001525878906,57.189998626708984,57.20000076293945,6359000,44.66432189941406
QCOM,QCOM,2017-03-31,57.459999084472656,57.689998626708984,56.970001220703125,57.34000015258789,10065000,44.77363586425781
QCOM,QCOM,2017-04-03,57.2599983215332,57.34000015258789,56.040000915527344,56.5,11343500,44.117713928222656
QCOM,QCOM,2017-04-04,56.29999923706055,56.90999984741211,56.25,56.68000030517578,7123900,44.25826644897461
QCOM,QCOM,2017-04-05,56.79999923706055,57.529998779296875,56.41999816894531,56.470001220703125,7857700,44.09428024291992
QCOM,QCOM,2017-04-06,56.439998626708984,56.72999954223633,56.13999938964844,56.529998779296875,5757800,44.141136169433594
QCOM,QCOM,2017-04-07,56.58000183105469,56.599998474121094,56.189998626708984,56.31999969482422,5229800,43.977176666259766
QCOM,QCOM,2017-04-10,56.43000030517578,56.810001373291016,56.27000045776367,56.52000045776367,6039800,44.13332748413086
QCOM,QCOM,2017-04-11,56.31999969482422,56.36000061035156,54.720001220703125,55.349998474121094,17301800,43.21974563598633
QCOM,QCOM,2017-04-12,54.63999938964844,54.650001525878906,53.119998931884766,53.38999938964844,24822200,41.68929672241211
QCOM,QCOM,2017-04-13,53.130001068115234,53.68000030517578,52.779998779296875,52.790000915527344,17014400,41.22079849243164
QCOM,QCOM,2017-04-17,52.9900016784668,53.130001068115234,52.75,52.88999938964844,10471700,41.29887008666992
QCOM,QCOM,2017-04-18,52.599998474121094,52.97999954223633,52.38999938964844,52.66999816894531,11262800,41.1270751953125
QCOM,QCOM,2017-04-19,53.0,53.099998474121094,52.29999923706055,52.61000061035156,15441500,41.080223083496094
QCOM,QCOM,2017-04-20,53.220001220703125,53.400001525878906,51.400001525878906,52.65999984741211,24664600,41.1192741394043
QCOM,QCOM,2017-04-21,52.77000045776367,52.79999923706055,52.209999084472656,52.5,10951500,40.994354248046875
QCOM,QCOM,2017-04-24,53.0099983215332,53.25,52.75,52.810001373291016,10784400,41.23640060424805
QCOM,QCOM,2017-04-25,53.16999816894531,53.4900016784668,52.959999084472656,53.0,11688700,41.3847541809082
QCOM,QCOM,2017-04-26,53.20000076293945,53.29999923706055,52.90999984741211,53.040000915527344,7373800,41.41600036621094
QCOM,QCOM,2017-04-27,53.2400016784668,53.34000015258789,52.90999984741211,53.209999084472656,6956200,41.548744201660156
QCOM,QCOM,2017-04-28,51.79999923706055,53.95000076293945,51.04999923706055,53.7400016784668,34374100,41.96258544921875
QCOM,QCOM,2017-05-01,53.650001525878906,53.70000076293945,53.099998474121094,53.599998474121094,12987700,41.853271484375
QCOM,QCOM,2017-05-02,53.650001525878906,53.72999954223633,52.900001525878906,53.290000915527344,10445400,41.611209869384766
QCOM,QCOM,2017-05-03,53.40999984741211,54.77000045776367,53.25,54.4900016784668,18428300,42.54821014404297
QCOM,QCOM,2017-05-04,54.72999954223633,55.0,54.5,54.90999984741211,11993400,42.87617492675781
QCOM,QCOM,2017-05-05,54.93000030517578,55.0,54.70000076293945,54.93000030517578,9108800,42.89179611206055
QCOM,QCOM,2017-05-08,54.9900016784668,55.0,54.560001373291016,54.619998931884766,7033400,42.64973449707031
QCOM,QCOM,2017-05-09,54.689998626708984,55.189998626708984,54.630001068115234,55.150001525878906,8332900,43.06358337402344
QCOM,QCOM,2017-05-10,55.220001220703125,55.43000030517578,54.86000061035156,55.33000183105469,8517700,43.204132080078125
QCOM,QCOM,2017-05-11,55.25,55.29999923706055,54.40999984741211,54.68000030517578,13514700,42.69657516479492
QCOM,QCOM,2017-05-12,54.5,55.349998474121094,54.400001525878906,55.31999969482422,9107600,43.19632339477539
QCOM,QCOM,2017-05-15,55.08000183105469,55.4900016784668,55.08000183105469,55.400001525878906,10686100,43.2587890625
QCOM,QCOM,2017-05-16,55.38999938964844,55.97999954223633,55.099998474121094,55.95000076293945,9599300,43.68825912475586
QCOM,QCOM,2017-05-17,55.63999938964844,56.08000183105469,55.29999923706055,55.36000061035156,14811300,43.22756576538086
QCOM,QCOM,2017-05-18,55.58000183105469,56.310001373291016,55.02000045776367,56.119998931884766,13125300,43.82100296020508
QCOM,QCOM,2017-05-19,56.4900016784668,57.790000915527344,56.20000076293945,57.66999816894531,16643800,45.031307220458984
QCOM,QCOM,2017-05-22,58.38999938964844,59.540000915527344,58.380001068115234,59.279998779296875,20771500,46.2884635925293
QCOM,QCOM,2017-05-23,59.380001068115234,59.88999938964844,59.130001068115234,59.220001220703125,14223400,46.24161911010742
QCOM,QCOM,2017-05-24,59.279998779296875,59.619998931884766,58.56999969482422,58.63999938964844,8592600,45.78873062133789
QCOM,QCOM,2017-05-25,58.650001525878906,58.95000076293945,58.2599983215332,58.45000076293945,9556500,45.64037322998047
QCOM,QCOM,2017-05-26,57.65999984741211,57.97999954223633,57.369998931884766,57.52000045776367,8261900,45.35649108886719
QCOM,QCOM,2017-05-30,57.279998779296875,57.7400016784668,57.16999816894531,57.34000015258789,11553700,45.214569091796875
QCOM,QCOM,2017-05-31,57.2599983215332,57.72999954223633,57.0,57.27000045776367,14082600,45.159358978271484
QCOM,QCOM,2017-06-01,57.45000076293945,58.650001525878906,57.349998474121094,58.619998931884766,11560100,46.223880767822266
QCOM,QCOM,2017-06-02,58.88999938964844,58.959999084472656,58.349998474121094,58.58000183105469,9538000,46.19234848022461
QCOM,QCOM,2017-06-05,58.5,59.04999923706055,58.47999954223633,58.86000061035156,7960800,46.413124084472656
QCOM,QCOM,2017-06-06,58.599998474121094,58.90999984741211,58.18000030517578,58.20000076293945,7871500,45.89269256591797
QCOM,QCOM,2017-06-07,58.29999923706055,58.4900016784668,57.130001068115234,57.529998779296875,10126500,45.36437225341797
QCOM,QCOM,2017-06-08,57.77000045776367,58.150001525878906,57.61000061035156,58.119998931884766,10322200,45.829612731933594
QCOM,QCOM,2017-06-09,58.369998931884766,58.4900016784668,56.7400016784668,57.04999923706055,13624800,44.98588562011719
QCOM,QCOM,2017-06-12,56.52000045776367,57.68000030517578,56.47999954223633,57.4900016784668,9985100,45.332828521728516
QCOM,QCOM,2017-06-13,57.95000076293945,58.06999969482422,57.5,57.540000915527344,7111500,45.37226104736328
QCOM,QCOM,2017-06-14,57.70000076293945,57.970001220703125,56.66999816894531,57.0099983215332,6740000,44.9543342590332
QCOM,QCOM,2017-06-15,56.41999816894531,57.16999816894531,56.400001525878906,56.93000030517578,5416600,44.891258239746094
QCOM,QCOM,2017-06-16,56.97999954223633,57.0099983215332,56.349998474121094,56.81999969482422,14555600,44.80451202392578
QCOM,QCOM,2017-06-19,56.959999084472656,57.65999984741211,56.90999984741211,57.61000061035156,7166200,45.427467346191406
QCOM,QCOM,2017-06-20,57.459999084472656,57.61000061035156,56.5099983215332,56.790000915527344,8181600,44.780860900878906
QCOM,QCOM,2017-06-21,56.790000915527344,56.84000015258789,56.119998931884766,56.33000183105469,8324900,44.418148040771484
QCOM,QCOM,2017-06-22,56.2400016784668,56.75,56.060001373291016,56.470001220703125,5560100,44.528526306152344
QCOM,QCOM,2017-06-23,56.63999938964844,57.439998626708984,56.56999969482422,56.90999984741211,11847900,44.875484466552734
QCOM,QCOM,2017-06-26,57.09000015258789,57.689998626708984,56.209999084472656,56.560001373291016,7339100,44.5994987487793
QCOM,QCOM,2017-06-27,56.290000915527344,56.33000183105469,55.40999984741211,55.43000030517578,6814400,43.708457946777344
QCOM,QCOM,2017-06-28,55.400001525878906,56.31999969482422,55.18000030517578,56.15999984741211,7542400,44.284088134765625
QCOM,QCOM,2017-06-29,55.93000030517578,55.93000030517578,54.54999923706055,55.08000183105469,8456900,43.43246841430664
QCOM,QCOM,2017-06-30,55.599998474121094,55.630001068115234,55.029998779296875,55.220001220703125,8781900,43.54285430908203
QCOM,QCOM,2017-07-03,55.529998779296875,56.02000045776367,54.91999816894531,54.95000076293945,4379600,43.32994842529297
QCOM,QCOM,2017-07-05,55.0099983215332,55.560001373291016,54.779998779296875,55.45000076293945,6823800,43.72422790527344
QCOM,QCOM,2017-07-06,55.02000045776367,55.22999954223633,54.7400016784668,54.790000915527344,5663000,43.203792572021484
QCOM,QCOM,2017-07-07,55.040000915527344,55.72999954223633,54.869998931884766,55.349998474121094,5356000,43.6453742980957
QCOM,QCOM,2017-07-10,55.369998931884766,55.88999938964844,55.189998626708984,55.63999938964844,5098100,43.87405776977539
QCOM,QCOM,2017-07-11,55.630001068115234,55.630001068115234,55.02000045776367,55.33000183105469,6124900,43.62959289550781
QCOM,QCOM,2017-07-12,55.790000915527344,56.310001373291016,55.720001220703125,56.20000076293945,6126800,44.315616607666016
QCOM,QCOM,2017-07-13,56.380001068115234,56.52000045776367,56.16999816894531,56.22999954223633,6219200,44.339290618896484
QCOM,QCOM,2017-07-14,56.5,56.93000030517578,56.150001525878906,56.810001373291016,4440100,44.79662322998047
QCOM,QCOM,2017-07-17,56.72999954223633,56.91999816894531,56.38999938964844,56.459999084472656,5123600,44.5206413269043
QCOM,QCOM,2017-07-18,56.34000015258789,56.380001068115234,56.0,56.290000915527344,7441000,44.386592864990234
QCOM,QCOM,2017-07-19,56.459999084472656,56.939998626708984,56.0099983215332,56.779998779296875,8783700,44.77296829223633
QCOM,QCOM,2017-07-20,55.11000061035156,55.43000030517578,53.459999084472656,53.970001220703125,35943900,42.55720138549805
QCOM,QCOM,2017-07-21,53.65999984741211,54.0,53.369998931884766,53.84000015258789,12113100,42.454689025878906
QCOM,QCOM,2017-07-24,53.75,53.880001068115234,53.09000015258789,53.220001220703125,8832200,41.965797424316406
QCOM,QCOM,2017-07-25,53.20000076293945,53.650001525878906,53.06999969482422,53.27000045776367,7112100,42.00523376464844
QCOM,QCOM,2017-07-26,53.290000915527344,53.349998474121094,52.7400016784668,53.13999938964844,7581500,41.902713775634766
QCOM,QCOM,2017-07-27,53.08000183105469,53.369998931884766,52.22999954223633,52.4900016784668,14069200,41.39016342163086
QCOM,QCOM,2017-07-28,52.27000045776367,52.9900016784668,52.27000045776367,52.880001068115234,6644300,41.69768142700195
QCOM,QCOM,2017-07-31,53.099998474121094,53.29999923706055,52.75,53.189998626708984,11302700,41.94213104248047
QCOM,QCOM,2017-08-01,53.29999923706055,53.43000030517578,52.90999984741211,53.40999984741211,9372100,42.11562728881836
QCOM,QCOM,2017-08-02,53.29999923706055,53.38999938964844,52.779998779296875,53.16999816894531,23084000,41.92637634277344
QCOM,QCOM,2017-08-03,53.15999984741211,53.34000015258789,52.75,52.95000076293945,8643500,41.752891540527344
QCOM,QCOM,2017-08-04,53.0,53.0,52.5099983215332,52.619998931884766,8677900,41.49266815185547
QCOM,QCOM,2017-08-07,52.5,52.849998474121094,52.4900016784668,52.70000076293945,6561800,41.555763244628906
QCOM,QCOM,2017-08-08,52.54999923706055,53.33000183105469,52.209999084472656,52.290000915527344,10462200,41.232452392578125
QCOM,QCOM,2017-08-09,52.04999923706055,52.79999923706055,52.0,52.77000045776367,8085300,41.6109504699707
QCOM,QCOM,2017-08-10,52.540000915527344,52.75,52.11000061035156,52.34000015258789,10768000,41.271873474121094
QCOM,QCOM,2017-08-11,52.38999938964844,53.130001068115234,52.290000915527344,52.720001220703125,5894200,41.57154083251953
QCOM,QCOM,2017-08-14,53.040000915527344,53.63999938964844,52.90999984741211,53.54999923706055,8118200,42.22600555419922
QCOM,QCOM,2017-08-15,53.65999984741211,54.08000183105469,53.349998474121094,53.869998931884766,7876300,42.478336334228516
QCOM,QCOM,2017-08-16,54.060001373291016,54.099998474121094,53.2599983215332,53.310001373291016,7414900,42.03675842285156
QCOM,QCOM,2017-08-17,53.189998626708984,53.40999984741211,52.27000045776367,52.27000045776367,6589400,41.21669387817383
QCOM,QCOM,2017-08-18,52.2599983215332,52.41999816894531,51.900001525878906,51.91999816894531,6696400,40.940704345703125
QCOM,QCOM,2017-08-21,52.0,52.08000183105469,51.5,51.97999954223633,5205700,40.988014221191406
QCOM,QCOM,2017-08-22,52.209999084472656,52.619998931884766,52.209999084472656,52.349998474121094,4443300,41.27976989746094
QCOM,QCOM,2017-08-23,52.29999923706055,52.40999984741211,51.779998779296875,52.22999954223633,5259300,41.185142517089844
QCOM,QCOM,2017-08-24,52.369998931884766,52.709999084472656,52.2599983215332,52.4900016784668,6198600,41.39016342163086
QCOM,QCOM,2017-08-25,52.779998779296875,52.849998474121094,52.02000045776367,52.029998779296875,8684700,41.02743911743164
QCOM,QCOM,2017-08-28,51.77000045776367,51.810001373291016,51.459999084472656,51.810001373291016,4519000,41.30647277832031
QCOM,QCOM,2017-08-29,51.310001373291016,51.86000061035156,51.279998779296875,51.810001373291016,4980900,41.30647277832031
QCOM,QCOM,2017-08-30,52.22999954223633,52.290000915527344,51.560001373291016,52.119998931884766,4876200,41.55363845825195
QCOM,QCOM,2017-08-31,52.2599983215332,52.59000015258789,52.119998931884766,52.27000045776367,8215800,41.67322540283203
QCOM,QCOM,2017-09-01,52.529998779296875,52.77000045776367,51.93000030517578,52.04999923706055,5301300,41.497825622558594
QCOM,QCOM,2017-09-05,51.86000061035156,51.900001525878906,49.83000183105469,50.029998779296875,17811100,39.88734817504883
QCOM,QCOM,2017-09-06,50.189998626708984,50.77000045776367,49.83000183105469,50.45000076293945,16206900,40.22220230102539
QCOM,QCOM,2017-09-07,50.560001373291016,50.689998626708984,50.25,50.380001068115234,10035500,40.16638946533203
QCOM,QCOM,2017-09-08,50.349998474121094,50.45000076293945,48.91999816894531,49.63999938964844,12809400,39.5764045715332
QCOM,QCOM,2017-09-11,49.939998626708984,50.66999816894531,49.90999984741211,50.56999969482422,7473500,40.317867279052734
QCOM,QCOM,2017-09-12,50.599998474121094,51.06999969482422,50.52000045776367,50.900001525878906,4526800,40.58095169067383
QCOM,QCOM,2017-09-13,50.79999923706055,51.11000061035156,50.720001220703125,51.0099983215332,6191400,40.668670654296875
QCOM,QCOM,2017-09-14,50.970001220703125,51.59000015258789,50.66999816894531,51.47999954223633,7741300,41.043392181396484
QCOM,QCOM,2017-09-15,51.95000076293945,52.290000915527344,51.439998626708984,52.189998626708984,13177900,41.609439849853516
QCOM,QCOM,2017-09-18,52.2400016784668,52.369998931884766,51.959999084472656,52.25,6002700,41.65727996826172
QCOM,QCOM,2017-09-19,52.400001525878906,52.5,52.060001373291016,52.29999923706055,5825200,41.697147369384766
QCOM,QCOM,2017-09-20,52.43000030517578,52.52000045776367,51.47999954223633,51.97999954223633,8400300,41.4420166015625
QCOM,QCOM,2017-09-21,51.86000061035156,52.20000076293945,51.709999084472656,52.029998779296875,5750600,41.48188400268555
QCOM,QCOM,2017-09-22,51.81999969482422,52.22999954223633,51.779998779296875,52.09000015258789,4105100,41.529720306396484
QCOM,QCOM,2017-09-25,51.900001525878906,52.290000915527344,51.61000061035156,51.619998931884766,8178400,41.155006408691406
QCOM,QCOM,2017-09-26,51.75,51.869998931884766,50.849998474121094,51.130001068115234,9378800,40.764347076416016
QCOM,QCOM,2017-09-27,51.43000030517578,51.61000061035156,51.150001525878906,51.54999923706055,8200600,41.09919738769531
QCOM,QCOM,2017-09-28,51.380001068115234,52.040000915527344,51.310001373291016,51.75,5732900,41.25864791870117
QCOM,QCOM,2017-09-29,51.90999984741211,52.040000915527344,51.619998931884766,51.84000015258789,5371200,41.33041000366211
QCOM,QCOM,2017-10-02,52.09000015258789,52.15999984741211,51.70000076293945,51.880001068115234,4439200,41.36228561401367
QCOM,QCOM,2017-10-03,51.9900016784668,52.220001220703125,51.650001525878906,52.02000045776367,4378000,41.473907470703125
QCOM,QCOM,2017-10-04,51.93000030517578,52.119998931884766,51.66999816894531,51.959999084472656,4587700,41.42607498168945
QCOM,QCOM,2017-10-05,52.16999816894531,52.43000030517578,51.959999084472656,52.349998474121094,5179100,41.73699951171875
QCOM,QCOM,2017-10-06,52.15999984741211,52.630001068115234,52.15999984741211,52.4900016784668,4795300,41.84862518310547
QCOM,QCOM,2017-10-09,52.68000030517578,52.97999954223633,52.380001068115234,52.880001068115234,5817500,42.15956115722656
QCOM,QCOM,2017-10-10,52.95000076293945,53.900001525878906,52.900001525878906,53.869998931884766,8761700,42.9488639831543
QCOM,QCOM,2017-10-11,53.790000915527344,54.380001068115234,53.65999984741211,54.119998931884766,9427300,43.148170471191406
QCOM,QCOM,2017-10-12,53.880001068115234,54.18000030517578,52.959999084472656,53.0,7062300,42.2552375793457
QCOM,QCOM,2017-10-13,53.380001068115234,53.380001068115234,52.7400016784668,52.81999969482422,7005600,42.11172103881836
QCOM,QCOM,2017-10-16,52.97999954223633,53.0,52.310001373291016,52.380001068115234,5930900,41.76092529296875
QCOM,QCOM,2017-10-17,52.31999969482422,52.439998626708984,51.849998474121094,52.40999984741211,7662900,41.784847259521484
QCOM,QCOM,2017-10-18,52.540000915527344,52.66999816894531,52.02000045776367,52.209999084472656,6032600,41.62540054321289
QCOM,QCOM,2017-10-19,52.029998779296875,52.400001525878906,52.0099983215332,52.290000915527344,6825200,41.689170837402344
QCOM,QCOM,2017-10-20,52.5099983215332,52.59000015258789,51.939998626708984,52.02000045776367,8845000,41.473907470703125
QCOM,QCOM,2017-10-23,52.29999923706055,53.779998779296875,52.130001068115234,53.38999938964844,9775400,42.566165924072266
QCOM,QCOM,2017-10-24,53.439998626708984,54.439998626708984,53.400001525878906,54.25,11415700,43.2518196105957
QCOM,QCOM,2017-10-25,53.97999954223633,54.43000030517578,53.47999954223633,53.84000015258789,7581500,42.92494201660156
QCOM,QCOM,2017-10-26,54.099998474121094,54.38999938964844,53.66999816894531,53.79999923706055,5270800,42.893043518066406
QCOM,QCOM,2017-10-27,53.70000076293945,54.70000076293945,53.36000061035156,54.56999969482422,8962400,43.50693893432617
QCOM,QCOM,2017-10-30,54.15999984741211,54.77000045776367,54.08000183105469,54.65999984741211,7081500,43.57870101928711
QCOM,QCOM,2017-10-31,52.2599983215332,52.4900016784668,50.02000045776367,51.0099983215332,29914100,40.668670654296875
QCOM,QCOM,2017-11-01,51.470001220703125,53.4900016784668,50.5099983215332,53.459999084472656,15624400,42.62196731567383
QCOM,QCOM,2017-11-02,53.599998474121094,55.68000030517578,53.599998474121094,54.84000015258789,17337800,43.72220230102539
QCOM,QCOM,2017-11-03,54.7599983215332,64.98999786376953,54.209999084472656,61.810001373291016,80964500,49.279170989990234
QCOM,QCOM,2017-11-06,64.54000091552734,65.33000183105469,62.150001525878906,62.52000045776367,58900800,49.845237731933594
QCOM,QCOM,2017-11-07,62.52000045776367,64.16000366210938,62.45000076293945,64.0999984741211,23424600,51.10490036010742
QCOM,QCOM,2017-11-08,64.20999908447266,65.79000091552734,64.20999908447266,65.48999786376953,26515400,52.2131233215332
QCOM,QCOM,2017-11-09,64.91000366210938,65.33000183105469,63.93000030517578,64.5999984741211,15954900,51.503536224365234
QCOM,QCOM,2017-11-10,64.36000061035156,65.0999984741211,63.91999816894531,64.56999969482422,9626200,51.4796257019043
QCOM,QCOM,2017-11-13,64.95999908447266,66.81999969482422,64.75,66.48999786376953,24411600,53.01039123535156
QCOM,QCOM,2017-11-14,66.16000366210938,66.80000305175781,65.55000305175781,66.0,14036700,52.61973190307617
QCOM,QCOM,2017-11-15,65.55000305175781,66.4800033569336,65.23999786376953,65.61000061035156,10565400,52.30879211425781
QCOM,QCOM,2017-11-16,65.7699966430664,66.54000091552734,65.43000030517578,66.11000061035156,12339800,52.70741653442383
QCOM,QCOM,2017-11-17,66.37000274658203,66.94999694824219,66.0,66.72000122070312,13334000,53.193756103515625
QCOM,QCOM,2017-11-20,66.18000030517578,66.8499984741211,65.94999694824219,66.47000122070312,9749400,52.99443817138672
QCOM,QCOM,2017-11-21,65.3499984741211,66.93000030517578,65.2699966430664,66.66999816894531,11215800,53.153892517089844
QCOM,QCOM,2017-11-22,66.37000274658203,68.26000213623047,66.23999786376953,68.12999725341797,15489400,54.31790542602539
QCOM,QCOM,2017-11-24,68.51000213623047,69.27999877929688,68.44999694824219,68.91000366210938,9233500,54.93976593017578
QCOM,QCOM,2017-11-27,68.5999984741211,68.91999816894531,68.04000091552734,68.13999938964844,20404600,54.32587814331055
QCOM,QCOM,2017-11-28,67.58999633789062,68.41000366210938,67.22000122070312,68.37999725341797,12861300,54.977115631103516
QCOM,QCOM,2017-11-29,68.0999984741211,68.19999694824219,66.02999877929688,66.5199966430664,17022200,53.48167037963867
QCOM,QCOM,2017-11-30,66.51000213623047,67.0999984741211,65.72000122070312,66.33999633789062,15555600,53.336971282958984
QCOM,QCOM,2017-12-01,65.19999694824219,66.12000274658203,64.5999984741211,65.48999786376953,15851100,52.653568267822266
QCOM,QCOM,2017-12-04,65.5999984741211,65.69999694824219,63.79999923706055,64.55999755859375,17325100,51.90585708618164
QCOM,QCOM,2017-12-05,64.8499984741211,65.02999877929688,64.4000015258789,64.69000244140625,9661200,52.010379791259766
QCOM,QCOM,2017-12-06,64.63999938964844,65.68000030517578,64.36000061035156,64.9800033569336,6952300,52.24354553222656
QCOM,QCOM,2017-12-07,65.20999908447266,65.55000305175781,64.7699966430664,65.2300033569336,8755000,52.44453430175781
QCOM,QCOM,2017-12-08,65.5999984741211,65.5999984741211,63.880001068115234,64.23999786376953,9371900,51.64857864379883
QCOM,QCOM,2017-12-11,64.05999755859375,65.26000213623047,64.0,65.18000030517578,12185000,52.40433120727539
QCOM,QCOM,2017-12-12,64.87999725341797,65.11000061035156,64.55000305175781,64.86000061035156,7021200,52.14705276489258
QCOM,QCOM,2017-12-13,64.9800033569336,65.43000030517578,64.83000183105469,64.9000015258789,6490400,52.17921829223633
QCOM,QCOM,2017-12-14,64.86000061035156,65.16999816894531,64.55000305175781,64.69999694824219,7122000,52.0184211730957
QCOM,QCOM,2017-12-15,65.33000183105469,65.41999816894531,64.5,64.76000213623047,18833000,52.0666618347168
QCOM,QCOM,2017-12-18,64.93000030517578,65.45999908447266,64.80000305175781,65.37999725341797,7440900,52.56513977050781
QCOM,QCOM,2017-12-19,65.11000061035156,65.4800033569336,64.43000030517578,64.5,7130000,51.85761260986328
QCOM,QCOM,2017-12-20,64.55999755859375,65.16999816894531,64.33000183105469,64.5999984741211,6933600,51.938011169433594
QCOM,QCOM,2017-12-21,64.75,64.95999908447266,64.33999633789062,64.38999938964844,5451100,51.76918029785156
QCOM,QCOM,2017-12-22,64.30999755859375,64.9800033569336,64.30000305175781,64.7300033569336,4444300,52.04254150390625
QCOM,QCOM,2017-12-26,64.48999786376953,64.94000244140625,64.19999694824219,64.30000305175781,4236500,51.69682312011719
QCOM,QCOM,2017-12-27,64.31999969482422,64.63999938964844,64.18000030517578,64.54000091552734,4899600,51.889774322509766
QCOM,QCOM,2017-12-28,64.69000244140625,64.7300033569336,64.3499984741211,64.37999725341797,2451300,51.761131286621094
QCOM,QCOM,2017-12-29,64.36000061035156,64.6500015258789,64.0,64.0199966430664,6631800,51.47170639038086
QCOM,QCOM,2018-01-02,64.37999725341797,65.33000183105469,64.16999816894531,65.19999694824219,6329600,52.420413970947266
QCOM,QCOM,2018-01-03,65.22000122070312,66.05999755859375,64.69000244140625,65.94000244140625,6844200,53.01536560058594
QCOM,QCOM,2018-01-04,66.18000030517578,66.52999877929688,65.91000366210938,66.02999877929688,5060100,53.087730407714844
QCOM,QCOM,2018-01-05,66.04000091552734,66.5999984741211,65.5,66.47000122070312,5421800,53.441490173339844
QCOM,QCOM,2018-01-08,66.25,66.52999877929688,65.94000244140625,66.2699966430664,4266900,53.28068923950195
QCOM,QCOM,2018-01-09,65.63999938964844,65.86000061035156,64.94000244140625,65.2699966430664,7632300,52.4766960144043
QCOM,QCOM,2018-01-10,65.4800033569336,65.73999786376953,64.87999725341797,65.26000213623047,6569300,52.46865463256836
QCOM,QCOM,2018-01-11,65.19999694824219,65.5,65.13999938964844,65.43000030517578,4233100,52.60533142089844
QCOM,QCOM,2018-01-12,65.61000061035156,65.9000015258789,65.08000183105469,65.37999725341797,5007200,52.56513977050781
QCOM,QCOM,2018-01-16,66.2300033569336,68.6500015258789,66.02999877929688,68.25,24478800,54.87258529663086
QCOM,QCOM,2018-01-17,68.5199966430664,68.9000015258789,67.23999786376953,68.0199966430664,12559100,54.68767547607422
QCOM,QCOM,2018-01-18,67.75,68.18000030517578,67.48999786376953,68.05000305175781,6797900,54.7117919921875
QCOM,QCOM,2018-01-19,68.04000091552734,68.25,67.75,68.04000091552734,8864300,54.70376205444336
QCOM,QCOM,2018-01-22,67.80999755859375,68.75,67.70999908447266,68.66999816894531,8566200,55.21027755737305
QCOM,QCOM,2018-01-23,68.5999984741211,68.9000015258789,68.23999786376953,68.33999633789062,7825600,54.9449462890625
QCOM,QCOM,2018-01-24,68.19999694824219,68.29000091552734,67.37999725341797,67.9800033569336,12383100,54.65550994873047
QCOM,QCOM,2018-01-25,68.13999938964844,68.37000274658203,67.29000091552734,67.41999816894531,9122200,54.20528793334961
QCOM,QCOM,2018-01-26,67.94000244140625,68.52999877929688,67.5999984741211,68.52999877929688,7919000,55.097713470458984
QCOM,QCOM,2018-01-29,68.16000366210938,68.30000305175781,67.23999786376953,67.31999969482422,9745300,54.12488555908203
QCOM,QCOM,2018-01-30,67.43000030517578,67.91000366210938,66.7300033569336,66.98999786376953,8059500,53.85956573486328
QCOM,QCOM,2018-01-31,67.55000305175781,68.37999725341797,67.45999908447266,68.25,13915600,54.87258529663086
QCOM,QCOM,2018-02-01,67.0,68.3499984741211,66.31999969482422,66.80000305175781,16838500,53.70680236816406
QCOM,QCOM,2018-02-02,66.18000030517578,67.04000091552734,65.86000061035156,66.06999969482422,10971700,53.11989212036133
QCOM,QCOM,2018-02-05,66.30000305175781,66.55000305175781,60.5,61.72999954223633,35996000,49.63056182861328
QCOM,QCOM,2018-02-06,62.310001373291016,64.52999877929688,62.20000076293945,64.4000015258789,24458700,51.77722930908203
QCOM,QCOM,2018-02-07,64.22000122070312,66.12000274658203,64.0199966430664,65.04000091552734,15021200,52.29178237915039
QCOM,QCOM,2018-02-08,64.62999725341797,65.06999969482422,62.400001525878906,62.41999816894531,13451600,50.1853141784668
QCOM,QCOM,2018-02-09,62.95000076293945,64.31999969482422,61.459999084472656,63.9900016784668,23095000,51.44758987426758
QCOM,QCOM,2018-02-12,64.88999938964844,65.69999694824219,64.38999938964844,65.66000366210938,13692100,52.79024887084961
QCOM,QCOM,2018-02-13,65.2300033569336,65.76000213623047,64.9800033569336,65.69999694824219,7695900,52.822418212890625
QCOM,QCOM,2018-02-14,65.1500015258789,66.80000305175781,65.0999984741211,66.58999633789062,10370900,53.537960052490234
QCOM,QCOM,2018-02-15,66.37999725341797,66.37999725341797,63.86000061035156,65.27999877929688,15548400,52.4847297668457
QCOM,QCOM,2018-02-16,64.7699966430664,65.83000183105469,64.5999984741211,64.8499984741211,11760300,52.13901138305664
QCOM,QCOM,2018-02-20,63.0099983215332,64.13999938964844,61.86000061035156,63.9900016784668,27494600,51.44758987426758
QCOM,QCOM,2018-02-21,63.119998931884766,63.86000061035156,62.650001525878906,63.400001525878906,14895600,50.97321701049805
QCOM,QCOM,2018-02-22,63.150001525878906,63.58000183105469,62.029998779296875,62.18000030517578,11722300,49.99235153198242
QCOM,QCOM,2018-02-23,62.810001373291016,63.31999969482422,62.029998779296875,63.31999969482422,6762200,50.908905029296875
QCOM,QCOM,2018-02-26,64.55000305175781,67.36000061035156,64.19000244140625,66.9800033569336,27374300,53.851531982421875
QCOM,QCOM,2018-02-27,67.0,67.62999725341797,66.01000213623047,66.33999633789062,14326000,53.79476547241211
QCOM,QCOM,2018-02-28,66.69999694824219,66.72000122070312,64.91000366210938,65.0,9582100,52.70815658569336
QCOM,QCOM,2018-03-01,65.02999877929688,66.23999786376953,64.33000183105469,64.95999908447266,10799200,52.675716400146484
QCOM,QCOM,2018-03-02,64.30999755859375,64.8499984741211,64.02999877929688,64.73999786376953,10612700,52.49732971191406
QCOM,QCOM,2018-03-05,64.33999633789062,65.5999984741211,63.540000915527344,64.01000213623047,15445500,51.90538024902344
QCOM,QCOM,2018-03-06,63.5,63.54999923706055,61.060001373291016,62.13999938964844,23450400,50.38899612426758
QCOM,QCOM,2018-03-07,61.4900016784668,62.61000061035156,61.43000030517578,62.4900016784668,12602400,50.67280960083008
QCOM,QCOM,2018-03-08,62.650001525878906,62.7400016784668,61.56999969482422,61.81999969482422,8902100,50.129512786865234
QCOM,QCOM,2018-03-09,62.36000061035156,63.060001373291016,62.119998931884766,63.029998779296875,7655300,51.11069869995117
QCOM,QCOM,2018-03-12,63.04999923706055,63.47999954223633,62.29999923706055,62.810001373291016,15801300,50.93230056762695
QCOM,QCOM,2018-03-13,59.77000045776367,61.400001525878906,59.130001068115234,59.70000076293945,38572700,48.4104118347168
QCOM,QCOM,2018-03-14,59.900001525878906,60.380001068115234,57.900001525878906,60.119998931884766,29759100,48.75099563598633
QCOM,QCOM,2018-03-15,60.029998779296875,60.279998779296875,59.560001373291016,59.88999938964844,10494300,48.56449508666992
QCOM,QCOM,2018-03-16,60.599998474121094,61.4900016784668,60.47999954223633,60.619998931884766,25574500,49.15645217895508
QCOM,QCOM,2018-03-19,60.189998626708984,60.349998474121094,57.900001525878906,58.369998931884766,14131400,47.3319206237793
QCOM,QCOM,2018-03-20,58.9900016784668,59.09000015258789,57.95000076293945,58.2599983215332,10615400,47.24272537231445
QCOM,QCOM,2018-03-21,57.5,58.279998779296875,56.77000045776367,56.810001373291016,12231900,46.06693649291992
QCOM,QCOM,2018-03-22,56.2400016784668,56.83000183105469,55.52000045776367,55.58000183105469,13554600,45.06953811645508
QCOM,QCOM,2018-03-23,55.630001068115234,55.79999923706055,53.650001525878906,53.65999984741211,14713300,43.512603759765625
QCOM,QCOM,2018-03-26,54.58000183105469,56.13999938964844,54.25,56.130001068115234,12093900,45.51551055908203
QCOM,QCOM,2018-03-27,56.59000015258789,57.2400016784668,54.540000915527344,54.84000015258789,12243200,44.46946716308594
QCOM,QCOM,2018-03-28,54.810001373291016,55.970001220703125,54.459999084472656,54.70000076293945,12925500,44.35595703125
QCOM,QCOM,2018-03-29,55.040000915527344,55.93000030517578,54.619998931884766,55.40999984741211,8482500,44.931678771972656
QCOM,QCOM,2018-04-02,55.099998474121094,55.2400016784668,53.06999969482422,53.810001373291016,16469600,43.634254455566406
QCOM,QCOM,2018-04-03,54.290000915527344,55.04999923706055,53.619998931884766,54.779998779296875,7930700,44.42080307006836
QCOM,QCOM,2018-04-04,53.79999923706055,55.119998931884766,53.41999816894531,54.9900016784668,7496700,44.591102600097656
QCOM,QCOM,2018-04-05,55.4900016784668,55.5,54.439998626708984,55.040000915527344,5823300,44.63164138793945
QCOM,QCOM,2018-04-06,54.41999816894531,54.77000045776367,53.11000061035156,53.119998931884766,8322200,43.07473373413086
QCOM,QCOM,2018-04-09,53.52000045776367,54.88999938964844,53.34000015258789,53.43000030517578,7608500,43.326107025146484
QCOM,QCOM,2018-04-10,54.58000183105469,55.0099983215332,54.220001220703125,54.77000045776367,12009000,44.4127082824707
QCOM,QCOM,2018-04-11,54.189998626708984,55.06999969482422,54.150001525878906,55.0099983215332,6205300,44.60731887817383
QCOM,QCOM,2018-04-12,55.470001220703125,55.650001525878906,55.02000045776367,55.20000076293945,7412700,44.761390686035156
QCOM,QCOM,2018-04-13,56.61000061035156,56.790000915527344,55.41999816894531,55.72999954223633,12588200,45.191162109375
QCOM,QCOM,2018-04-16,55.939998626708984,55.9900016784668,54.56999969482422,54.77000045776367,7850500,44.4127082824707
QCOM,QCOM,2018-04-17,54.9900016784668,55.68000030517578,54.779998779296875,55.349998474121094,7089700,44.88302993774414
QCOM,QCOM,2018-04-18,55.13999938964844,55.619998931884766,54.880001068115234,55.22999954223633,4796800,44.78571319580078
QCOM,QCOM,2018-04-19,54.0,54.13999938964844,52.5,52.56999969482422,19179500,42.62873458862305
QCOM,QCOM,2018-04-20,52.810001373291016,52.88999938964844,51.31999969482422,51.439998626708984,11838200,41.71242141723633
QCOM,QCOM,2018-04-23,51.5,51.810001373291016,50.27000045776367,50.529998779296875,10961500,40.974517822265625
QCOM,QCOM,2018-04-24,50.880001068115234,51.290000915527344,49.380001068115234,49.939998626708984,11670000,40.49608612060547
QCOM,QCOM,2018-04-25,50.0,50.439998626708984,48.869998931884766,49.75,9619200,40.34202575683594
QCOM,QCOM,2018-04-26,49.52000045776367,50.59000015258789,48.560001373291016,50.470001220703125,13684000,40.92586135864258
QCOM,QCOM,2018-04-27,50.75,51.36000061035156,50.4900016784668,51.11000061035156,9443100,41.4448356628418
QCOM,QCOM,2018-04-30,51.25,51.81999969482422,51.0,51.0099983215332,9469600,41.363739013671875
QCOM,QCOM,2018-05-01,50.7599983215332,51.04999923706055,50.040000915527344,50.81999969482422,6780500,41.20966339111328
QCOM,QCOM,2018-05-02,51.2400016784668,51.25,49.91999816894531,50.2599983215332,8143000,40.75556945800781
QCOM,QCOM,2018-05-03,49.9900016784668,50.540000915527344,49.310001373291016,50.310001373291016,8609200,40.79612350463867
QCOM,QCOM,2018-05-04,50.18000030517578,52.599998474121094,49.91999816894531,52.4900016784668,9880600,42.56386947631836
QCOM,QCOM,2018-05-07,52.58000183105469,53.27000045776367,52.52000045776367,53.0099983215332,9571700,42.98552322387695
QCOM,QCOM,2018-05-08,53.040000915527344,53.27000045776367,52.11000061035156,52.86000061035156,9930000,42.8638916015625
QCOM,QCOM,2018-05-09,52.86000061035156,53.33000183105469,52.20000076293945,53.16999816894531,7016100,43.11528015136719
QCOM,QCOM,2018-05-10,54.45000076293945,55.06999969482422,53.95000076293945,54.970001220703125,12267200,44.57487487792969
QCOM,QCOM,2018-05-11,54.7599983215332,55.790000915527344,54.619998931884766,55.22999954223633,9639100,44.78571319580078
QCOM,QCOM,2018-05-14,57.33000183105469,57.79999923706055,56.34000015258789,56.7400016784668,15400300,46.01017761230469
QCOM,QCOM,2018-05-15,56.5,56.61000061035156,55.220001220703125,55.63999938964844,12050500,45.11817932128906
QCOM,QCOM,2018-05-16,55.7599983215332,56.810001373291016,55.66999816894531,56.70000076293945,8675600,45.97772979736328
QCOM,QCOM,2018-05-17,56.4900016784668,57.380001068115234,56.38999938964844,56.95000076293945,11450700,46.180458068847656
QCOM,QCOM,2018-05-18,56.93000030517578,57.9900016784668,56.400001525878906,57.5099983215332,11999700,46.634559631347656
QCOM,QCOM,2018-05-21,57.68000030517578,58.27000045776367,56.77000045776367,57.709999084472656,14286400,46.79673767089844
QCOM,QCOM,2018-05-22,57.90999984741211,58.36000061035156,57.06999969482422,57.38999938964844,9432500,46.53723907470703
QCOM,QCOM,2018-05-23,56.90999984741211,58.86000061035156,56.83000183105469,58.81999969482422,11322500,47.69682693481445
QCOM,QCOM,2018-05-24,58.58000183105469,59.25,58.04999923706055,59.08000183105469,12487200,47.907657623291016
QCOM,QCOM,2018-05-25,58.849998474121094,60.0,58.810001373291016,59.959999084472656,11501500,48.621246337890625
QCOM,QCOM,2018-05-29,59.5,59.599998474121094,57.70000076293945,58.22999954223633,14696300,47.711753845214844
QCOM,QCOM,2018-05-30,58.40999984741211,58.650001525878906,57.65999984741211,58.38999938964844,9146000,47.84284591674805
QCOM,QCOM,2018-05-31,58.0,58.56999969482422,57.7599983215332,58.119998931884766,12813200,47.62162399291992
QCOM,QCOM,2018-06-01,58.34000015258789,58.72999954223633,58.0099983215332,58.61000061035156,8869700,48.023109436035156
QCOM,QCOM,2018-06-04,58.619998931884766,58.869998931884766,57.95000076293945,58.709999084472656,9696700,48.10504913330078
QCOM,QCOM,2018-06-05,58.86000061035156,59.599998474121094,58.7599983215332,58.97999954223633,6562700,48.32627487182617
QCOM,QCOM,2018-06-06,59.2599983215332,59.849998474121094,59.11000061035156,59.84000015258789,6236700,49.030921936035156
QCOM,QCOM,2018-06-07,62.0,62.650001525878906,60.220001220703125,60.63999938964844,14786100,49.68642807006836
QCOM,QCOM,2018-06-08,60.25,60.619998931884766,59.810001373291016,60.2599983215332,7035300,49.375057220458984
QCOM,QCOM,2018-06-11,60.16999816894531,60.41999816894531,59.81999969482422,59.93000030517578,7369500,49.10467529296875
QCOM,QCOM,2018-06-12,60.11000061035156,60.380001068115234,59.54999923706055,59.790000915527344,7153500,48.98996353149414
QCOM,QCOM,2018-06-13,59.66999816894531,60.22999954223633,59.119998931884766,59.220001220703125,9676300,48.52292251586914
QCOM,QCOM,2018-06-14,59.290000915527344,59.70000076293945,58.95000076293945,59.459999084472656,8372900,48.719573974609375
QCOM,QCOM,2018-06-15,59.869998931884766,59.95000076293945,58.91999816894531,59.86000061035156,13804900,49.04732131958008
QCOM,QCOM,2018-06-18,59.310001373291016,59.369998931884766,58.91999816894531,59.20000076293945,6946600,48.50653076171875
QCOM,QCOM,2018-06-19,58.279998779296875,58.7400016784668,57.849998474121094,58.70000076293945,7958300,48.096858978271484
QCOM,QCOM,2018-06-20,59.18000030517578,59.20000076293945,58.310001373291016,58.790000915527344,6526400,48.17059326171875
QCOM,QCOM,2018-06-21,59.209999084472656,59.209999084472656,58.38999938964844,58.75,6605400,48.1378288269043
QCOM,QCOM,2018-06-22,58.779998779296875,59.099998474121094,58.43000030517578,58.5,8074100,47.932987213134766
QCOM,QCOM,2018-06-25,58.09000015258789,58.13999938964844,56.61000061035156,57.04999923706055,8635900,46.744895935058594
QCOM,QCOM,2018-06-26,57.08000183105469,57.150001525878906,56.310001373291016,56.45000076293945,8934700,46.253292083740234
QCOM,QCOM,2018-06-27,56.54999923706055,57.529998779296875,55.13999938964844,55.16999816894531,11832400,45.20449447631836
QCOM,QCOM,2018-06-28,55.119998931884766,56.459999084472656,55.09000015258789,55.900001525878906,11723600,45.80263137817383
QCOM,QCOM,2018-06-29,56.130001068115234,56.86000061035156,56.08000183105469,56.119998931884766,11274000,45.98289108276367
QCOM,QCOM,2018-07-02,55.400001525878906,56.220001220703125,55.119998931884766,56.18000030517578,7299900,46.032047271728516
QCOM,QCOM,2018-07-03,56.40999984741211,56.529998779296875,55.25,55.33000183105469,3618900,45.33559036254883
QCOM,QCOM,2018-07-05,55.70000076293945,57.43000030517578,55.650001525878906,57.380001068115234,11728300,47.01529312133789
QCOM,QCOM,2018-07-06,57.459999084472656,58.06999969482422,57.029998779296875,57.84000015258789,8806200,47.39220428466797
QCOM,QCOM,2018-07-09,58.060001373291016,58.310001373291016,57.22999954223633,58.040000915527344,4577100,47.55607604980469
QCOM,QCOM,2018-07-10,58.060001373291016,58.470001220703125,57.95000076293945,58.369998931884766,6848900,47.826454162597656
QCOM,QCOM,2018-07-11,57.43000030517578,58.0099983215332,56.7400016784668,57.29999923706055,8702000,46.94974899291992
QCOM,QCOM,2018-07-12,57.849998474121094,58.4900016784668,57.310001373291016,58.31999969482422,8426400,47.785499572753906
QCOM,QCOM,2018-07-13,58.25,58.779998779296875,58.18000030517578,58.38999938964844,5266100,47.84284591674805
QCOM,QCOM,2018-07-16,58.41999816894531,58.84000015258789,58.060001373291016,58.349998474121094,5907100,47.810081481933594
QCOM,QCOM,2018-07-17,57.91999816894531,58.90999984741211,57.619998931884766,58.90999984741211,7560300,48.268924713134766
QCOM,QCOM,2018-07-18,59.0,59.0,58.369998931884766,58.7599983215332,6795100,48.1460075378418
QCOM,QCOM,2018-07-19,58.709999084472656,59.59000015258789,58.650001525878906,59.310001373291016,8150200,48.5966682434082
QCOM,QCOM,2018-07-20,58.97999954223633,59.18000030517578,58.400001525878906,58.61000061035156,10859700,48.023109436035156
QCOM,QCOM,2018-07-23,58.400001525878906,59.209999084472656,57.81999969482422,59.08000183105469,8011800,48.4082145690918
QCOM,QCOM,2018-07-24,59.349998474121094,59.619998931884766,58.45000076293945,58.849998474121094,6637600,48.219757080078125
QCOM,QCOM,2018-07-25,58.54999923706055,59.5,57.7599983215332,59.41999816894531,13143100,48.68680191040039
QCOM,QCOM,2018-07-26,63.04999923706055,63.7599983215332,61.2599983215332,63.58000183105469,31025100,52.095375061035156
QCOM,QCOM,2018-07-27,63.220001220703125,63.5099983215332,62.220001220703125,62.689998626708984,13488800,51.366119384765625
QCOM,QCOM,2018-07-30,62.650001525878906,62.97999954223633,61.93000030517578,62.040000915527344,9547700,50.83354568481445
QCOM,QCOM,2018-07-31,63.83000183105469,64.66000366210938,63.5,64.08999633789062,22350800,52.513248443603516
QCOM,QCOM,2018-08-01,63.54999923706055,64.87000274658203,63.54999923706055,64.3499984741211,10706200,52.72626876831055
QCOM,QCOM,2018-08-02,63.959999084472656,65.04000091552734,63.63999938964844,64.7699966430664,10618500,53.07040786743164
QCOM,QCOM,2018-08-03,64.73999786376953,65.61000061035156,64.66999816894531,65.4000015258789,7809400,53.586612701416016
QCOM,QCOM,2018-08-06,65.86000061035156,66.0199966430664,65.33000183105469,65.7300033569336,10878400,53.85700607299805
QCOM,QCOM,2018-08-07,65.93000030517578,65.93000030517578,65.25,65.44000244140625,7810900,53.619384765625
QCOM,QCOM,2018-08-08,65.20999908447266,65.55000305175781,65.12000274658203,65.16000366210938,7912200,53.38996887207031
QCOM,QCOM,2018-08-09,65.0999984741211,65.30000305175781,64.91999816894531,65.08000183105469,6629700,53.32441711425781
QCOM,QCOM,2018-08-10,64.6500015258789,64.94000244140625,64.48999786376953,64.81999969482422,8736000,53.111385345458984
QCOM,QCOM,2018-08-13,65.1500015258789,65.2300033569336,64.6500015258789,64.83999633789062,7092400,53.127769470214844
QCOM,QCOM,2018-08-14,65.08999633789062,65.62000274658203,64.7699966430664,65.43000030517578,7844200,53.61119842529297
QCOM,QCOM,2018-08-15,65.13999938964844,65.81999969482422,64.55000305175781,65.68000030517578,13524800,53.8160514831543
QCOM,QCOM,2018-08-16,65.86000061035156,66.0999984741211,65.52999877929688,65.76000213623047,9958800,53.88157653808594
QCOM,QCOM,2018-08-17,65.5,66.19000244140625,65.12000274658203,66.05999755859375,15170500,54.12739944458008
QCOM,QCOM,2018-08-20,66.33000183105469,66.58999633789062,65.73999786376953,66.16000366210938,13966900,54.20933151245117
QCOM,QCOM,2018-08-21,66.08999633789062,66.77999877929688,66.02999877929688,66.55000305175781,12181400,54.52888870239258
QCOM,QCOM,2018-08-22,66.22000122070312,67.08000183105469,66.20999908447266,66.83999633789062,13860300,54.766510009765625
QCOM,QCOM,2018-08-23,66.9800033569336,67.29000091552734,66.80000305175781,66.86000061035156,12038100,54.782901763916016
QCOM,QCOM,2018-08-24,67.0,67.36000061035156,66.94000244140625,67.1500015258789,16001400,55.02050018310547
QCOM,QCOM,2018-08-27,67.37000274658203,67.4800033569336,67.22000122070312,67.33999633789062,12578000,55.17618179321289
QCOM,QCOM,2018-08-28,68.55999755859375,70.48999786376953,67.91999816894531,69.77999877929688,24952700,57.17546081542969
QCOM,QCOM,2018-08-29,69.66999816894531,70.06999969482422,69.13999938964844,69.19999694824219,11874300,56.70021057128906
QCOM,QCOM,2018-08-30,68.97000122070312,69.16000366210938,68.0,68.13999938964844,12027500,55.83169174194336
QCOM,QCOM,2018-08-31,67.98999786376953,69.0,67.94000244140625,68.70999908447266,11166900,56.2987174987793
QCOM,QCOM,2018-09-04,68.73999786376953,70.11000061035156,68.70999908447266,69.9800033569336,13024100,57.8614501953125
QCOM,QCOM,2018-09-05,69.80000305175781,71.06999969482422,69.30999755859375,70.88999938964844,15310700,58.613826751708984
QCOM,QCOM,2018-09-06,70.8499984741211,71.3499984741211,70.19000244140625,70.36000061035156,11997700,58.17561721801758
QCOM,QCOM,2018-09-07,69.83999633789062,70.62000274658203,69.61000061035156,70.37999725341797,24421900,58.19214630126953
QCOM,QCOM,2018-09-10,70.66999816894531,72.75,70.5,72.31999969482422,14636000,59.79618835449219
QCOM,QCOM,2018-09-11,71.83999633789062,72.66000366210938,71.80999755859375,72.51000213623047,9501100,59.95330810546875
QCOM,QCOM,2018-09-12,72.08999633789062,72.5,70.0199966430664,71.75,12638300,59.324913024902344
QCOM,QCOM,2018-09-13,73.68000030517578,75.36000061035156,73.4800033569336,74.61000061035156,24617700,61.689640045166016
QCOM,QCOM,2018-09-14,74.52999877929688,76.04000091552734,74.41000366210938,75.08999633789062,13450700,62.08650207519531
QCOM,QCOM,2018-09-17,74.83999633789062,75.27999877929688,73.11000061035156,73.23999786376953,11558300,60.5568733215332
QCOM,QCOM,2018-09-18,73.80000305175781,76.5,73.51000213623047,74.72000122070312,11692000,61.78057861328125
QCOM,QCOM,2018-09-19,75.37000274658203,75.37000274658203,73.7699966430664,74.05999755859375,12383200,61.23487854003906
QCOM,QCOM,2018-09-20,74.4800033569336,75.11000061035156,74.20999908447266,74.5999984741211,12013900,61.68135452270508
QCOM,QCOM,2018-09-21,74.83000183105469,74.87000274658203,73.12999725341797,73.69999694824219,23465400,60.93722152709961
QCOM,QCOM,2018-09-24,73.08000183105469,73.8499984741211,72.80000305175781,73.58000183105469,15446100,60.83799743652344
QCOM,QCOM,2018-09-25,72.63999938964844,73.56999969482422,72.58000183105469,72.73999786376953,20741900,60.14347457885742
QCOM,QCOM,2018-09-26,72.68000030517578,73.26000213623047,71.58000183105469,71.76000213623047,11306000,59.33316421508789
QCOM,QCOM,2018-09-27,72.18000030517578,72.68000030517578,71.47000122070312,71.70999908447266,12498300,59.29185104370117
QCOM,QCOM,2018-09-28,71.51000213623047,73.26000213623047,71.25,72.02999877929688,20080800,59.556427001953125
QCOM,QCOM,2018-10-01,72.45999908447266,73.43000030517578,72.0999984741211,72.5999984741211,9340200,60.027713775634766
QCOM,QCOM,2018-10-02,72.4000015258789,73.91000366210938,72.2699966430664,73.3499984741211,9221200,60.647830963134766
QCOM,QCOM,2018-10-03,73.58999633789062,73.88999938964844,72.58999633789062,72.63999938964844,7079800,60.0607795715332
QCOM,QCOM,2018-10-04,72.0,72.69999694824219,71.86000061035156,72.37999725341797,8599500,59.8458137512207
QCOM,QCOM,2018-10-05,72.38999938964844,72.66000366210938,70.55000305175781,71.20999908447266,23411300,58.87844467163086
QCOM,QCOM,2018-10-08,70.77999877929688,71.5999984741211,70.55999755859375,70.93000030517578,10104600,58.64691925048828
QCOM,QCOM,2018-10-09,70.76000213623047,70.95999908447266,70.08999633789062,70.12999725341797,10329200,57.985435485839844
QCOM,QCOM,2018-10-10,68.7699966430664,69.55999755859375,66.62000274658203,66.7300033569336,22296800,55.17424011230469
QCOM,QCOM,2018-10-11,66.3499984741211,66.98999786376953,63.61000061035156,64.29000091552734,25852600,53.15677261352539
QCOM,QCOM,2018-10-12,65.55000305175781,65.6500015258789,63.27000045776367,64.29000091552734,15760900,53.15677261352539
QCOM,QCOM,2018-10-15,64.2300033569336,65.19999694824219,64.01000213623047,64.16999816894531,12314700,53.05754852294922
QCOM,QCOM,2018-10-16,64.77999877929688,66.38999938964844,64.62000274658203,66.12000274658203,15931400,54.66987991333008
QCOM,QCOM,2018-10-17,66.37999725341797,66.61000061035156,65.29000091552734,66.0999984741211,14779100,54.65333938598633
QCOM,QCOM,2018-10-18,65.68000030517578,66.31999969482422,64.87000274658203,65.1500015258789,12218600,53.867855072021484
QCOM,QCOM,2018-10-19,65.44999694824219,66.20999908447266,65.0,65.36000061035156,10673000,54.041481018066406
QCOM,QCOM,2018-10-22,65.69000244140625,66.5999984741211,65.22000122070312,66.12000274658203,12890400,54.66987991333008
QCOM,QCOM,2018-10-23,63.65999984741211,66.91999816894531,63.56999969482422,66.37999725341797,13441000,54.88484191894531
QCOM,QCOM,2018-10-24,65.87000274658203,66.38999938964844,62.5,62.619998931884766,23384300,51.77597427368164
QCOM,QCOM,2018-10-25,63.810001373291016,63.83000183105469,62.349998474121094,63.20000076293945,20385700,52.25553512573242
QCOM,QCOM,2018-10-26,61.5,63.63999938964844,61.18000030517578,62.47999954223633,17049300,51.66020965576172
QCOM,QCOM,2018-10-29,63.5,63.689998626708984,61.27000045776367,62.16999816894531,14778300,51.403900146484375
QCOM,QCOM,2018-10-30,62.36000061035156,63.720001220703125,62.16999816894531,63.18000030517578,18865300,52.238990783691406
QCOM,QCOM,2018-10-31,62.90999984741211,63.52000045776367,62.06999969482422,62.88999938964844,12917500,51.99921798706055
QCOM,QCOM,2018-11-01,63.20000076293945,64.30999755859375,62.880001068115234,63.709999084472656,11003900,52.677207946777344
QCOM,QCOM,2018-11-02,63.939998626708984,63.959999084472656,62.34000015258789,63.33000183105469,13707900,52.363014221191406
QCOM,QCOM,2018-11-05,63.08000183105469,63.79999923706055,62.65999984741211,63.470001220703125,13373800,52.47877502441406
QCOM,QCOM,2018-11-06,63.349998474121094,64.33999633789062,62.40999984741211,63.630001068115234,8774100,52.6110725402832
QCOM,QCOM,2018-11-07,63.5,63.75,62.279998779296875,63.209999084472656,18493500,52.2637939453125
QCOM,QCOM,2018-11-08,58.0,60.150001525878906,57.599998474121094,58.04999923706055,32155200,47.99736785888672
QCOM,QCOM,2018-11-09,57.779998779296875,58.2400016784668,56.189998626708984,56.720001220703125,21745200,46.8976936340332
QCOM,QCOM,2018-11-12,56.369998931884766,56.5,54.43000030517578,54.4900016784668,24447800,45.05385971069336
QCOM,QCOM,2018-11-13,54.7400016784668,55.4900016784668,54.04999923706055,54.15999984741211,20883800,44.781009674072266
QCOM,QCOM,2018-11-14,54.84000015258789,54.88999938964844,53.66999816894531,53.939998626708984,14071900,44.599090576171875
QCOM,QCOM,2018-11-15,53.83000183105469,55.540000915527344,53.529998779296875,55.38999938964844,18856300,45.79800796508789
QCOM,QCOM,2018-11-16,55.119998931884766,57.040000915527344,54.9900016784668,55.880001068115234,57303300,46.20315170288086
QCOM,QCOM,2018-11-19,55.849998474121094,56.619998931884766,54.869998931884766,54.900001525878906,20321400,45.39286422729492
QCOM,QCOM,2018-11-20,54.20000076293945,55.43000030517578,54.06999969482422,54.91999816894531,20658300,45.40939712524414
QCOM,QCOM,2018-11-21,55.209999084472656,56.5,55.18000030517578,55.27000045776367,13015500,45.69878387451172
QCOM,QCOM,2018-11-23,54.77000045776367,55.75,54.75,55.25,4671900,45.68224334716797
QCOM,QCOM,2018-11-26,55.790000915527344,56.380001068115234,55.18000030517578,55.72999954223633,10373700,46.07912063598633
QCOM,QCOM,2018-11-27,55.59000015258789,56.22999954223633,55.349998474121094,55.56999969482422,9719000,45.946834564208984
QCOM,QCOM,2018-11-28,55.88999938964844,56.720001220703125,54.689998626708984,56.650001525878906,17483500,46.83980941772461
QCOM,QCOM,2018-11-29,57.88999938964844,59.04999923706055,57.77000045776367,58.11000061035156,26949000,48.046966552734375
QCOM,QCOM,2018-11-30,58.220001220703125,58.470001220703125,57.02000045776367,58.2599983215332,18197800,48.17100143432617
QCOM,QCOM,2018-12-03,60.5099983215332,60.5099983215332,58.400001525878906,59.13999938964844,17114500,48.89860916137695
QCOM,QCOM,2018-12-04,58.9900016784668,59.47999954223633,57.220001220703125,57.72999954223633,15836500,47.7327880859375
QCOM,QCOM,2018-12-06,56.0099983215332,57.209999084472656,55.689998626708984,57.11000061035156,18203300,47.7327766418457
QCOM,QCOM,2018-12-07,56.61000061035156,57.119998931884766,55.72999954223633,55.9900016784668,17054700,46.79667663574219
QCOM,QCOM,2018-12-10,57.77000045776367,58.25,56.63999938964844,57.2400016784668,20484900,47.8414306640625
QCOM,QCOM,2018-12-11,58.45000076293945,58.65999984741211,56.83000183105469,57.349998474121094,13116300,47.93338394165039
QCOM,QCOM,2018-12-12,58.439998626708984,58.58000183105469,57.529998779296875,57.720001220703125,13246500,48.24262619018555
QCOM,QCOM,2018-12-13,58.13999938964844,58.380001068115234,57.560001373291016,58.09000015258789,8949900,48.55186080932617
QCOM,QCOM,2018-12-14,57.560001373291016,59.0,57.36000061035156,57.619998931884766,13551000,48.159034729003906
QCOM,QCOM,2018-12-17,57.59000015258789,58.34000015258789,56.66999816894531,57.0,16648200,47.64084243774414
QCOM,QCOM,2018-12-18,57.689998626708984,58.540000915527344,57.400001525878906,57.779998779296875,12384200,48.29276657104492
QCOM,QCOM,2018-12-19,57.540000915527344,58.5,56.060001373291016,56.689998626708984,17376400,47.38174057006836
QCOM,QCOM,2018-12-20,57.220001220703125,57.939998626708984,56.060001373291016,56.369998931884766,21742300,47.11428451538086
QCOM,QCOM,2018-12-21,56.2599983215332,57.279998779296875,54.689998626708984,54.849998474121094,38202300,45.8438606262207
QCOM,QCOM,2018-12-24,53.70000076293945,54.88999938964844,53.56999969482422,53.650001525878906,8275000,44.840904235839844
QCOM,QCOM,2018-12-26,54.25,56.0,53.5099983215332,55.959999084472656,18451600,46.771602630615234
QCOM,QCOM,2018-12-27,55.540000915527344,56.38999938964844,54.77000045776367,56.09000015258789,15804800,46.880271911621094
QCOM,QCOM,2018-12-28,56.33000183105469,57.529998779296875,56.2400016784668,56.810001373291016,12749600,47.48203659057617
QCOM,QCOM,2018-12-31,57.119998931884766,57.40999984741211,56.279998779296875,56.90999984741211,8877000,47.56562423706055
QCOM,QCOM,2019-01-02,56.20000076293945,58.0,55.91999816894531,57.400001525878906,9896600,47.97516632080078
QCOM,QCOM,2019-01-03,55.95000076293945,56.84000015258789,55.52000045776367,55.70000076293945,14422200,46.55430603027344
QCOM,QCOM,2019-01-04,56.5,56.83000183105469,55.209999084472656,56.599998474121094,14177300,47.3065071105957
QCOM,QCOM,2019-01-07,56.38999938964844,57.15999984741211,55.95000076293945,56.439998626708984,12352000,47.17279052734375
QCOM,QCOM,2019-01-08,56.709999084472656,56.880001068115234,55.61000061035156,55.95000076293945,12110000,46.76325607299805
QCOM,QCOM,2019-01-09,56.2599983215332,57.11000061035156,56.13999938964844,56.61000061035156,10971000,47.31488800048828
QCOM,QCOM,2019-01-10,56.189998626708984,56.9900016784668,56.099998474121094,56.79999923706055,10958200,47.47368240356445
QCOM,QCOM,2019-01-11,56.470001220703125,58.16999816894531,56.33000183105469,57.5,12024300,48.058746337890625
QCOM,QCOM,2019-01-14,57.02000045776367,57.650001525878906,56.369998931884766,57.29999923706055,9449400,47.89158630371094
QCOM,QCOM,2019-01-15,57.31999969482422,57.400001525878906,55.560001373291016,55.72999954223633,17423400,46.579368591308594
QCOM,QCOM,2019-01-16,55.75,56.08000183105469,55.15999984741211,55.27000045776367,13856000,46.19489669799805
QCOM,QCOM,2019-01-17,54.970001220703125,55.20000076293945,54.369998931884766,54.77000045776367,18365000,45.77700424194336
QCOM,QCOM,2019-01-18,55.38999938964844,55.900001525878906,54.9900016784668,55.27000045776367,28020000,46.19489669799805
QCOM,QCOM,2019-01-22,54.970001220703125,54.9900016784668,53.939998626708984,54.290000915527344,17867500,45.37580871582031
QCOM,QCOM,2019-01-23,52.91999816894531,53.56999969482422,51.220001220703125,51.77000045776367,33788600,43.26959228515625
QCOM,QCOM,2019-01-24,51.95000076293945,51.97999954223633,50.40999984741211,50.810001373291016,32782700,42.46721267700195
QCOM,QCOM,2019-01-25,50.93000030517578,52.029998779296875,50.279998779296875,51.29999923706055,19516200,42.876766204833984
QCOM,QCOM,2019-01-28,50.31999969482422,51.290000915527344,50.2400016784668,50.63999938964844,24457600,42.32513427734375
QCOM,QCOM,2019-01-29,50.4900016784668,50.84000015258789,49.34000015258789,49.400001525878906,26266600,41.28873062133789
QCOM,QCOM,2019-01-30,49.68000030517578,50.869998931884766,49.209999084472656,50.16999816894531,18124100,41.93230438232422
QCOM,QCOM,2019-01-31,51.20000076293945,51.279998779296875,49.099998474121094,49.52000045776367,24736300,41.389034271240234
QCOM,QCOM,2019-02-01,49.58000183105469,50.279998779296875,49.400001525878906,49.61000061035156,15533200,41.46425247192383
QCOM,QCOM,2019-02-04,49.709999084472656,49.79999923706055,49.470001220703125,49.689998626708984,10880000,41.53110885620117
QCOM,QCOM,2019-02-05,49.72999954223633,51.08000183105469,49.720001220703125,50.72999954223633,15454200,42.40034484863281
QCOM,QCOM,2019-02-06,50.939998626708984,51.63999938964844,50.93000030517578,51.099998474121094,11052900,42.709598541259766
QCOM,QCOM,2019-02-07,50.83000183105469,51.119998931884766,50.27000045776367,50.54999923706055,10623300,42.249908447265625
QCOM,QCOM,2019-02-08,50.2400016784668,50.68000030517578,49.90999984741211,50.290000915527344,12461200,42.03260040283203
QCOM,QCOM,2019-02-11,50.54999923706055,51.29999923706055,50.380001068115234,50.83000183105469,9971800,42.48393630981445
QCOM,QCOM,2019-02-12,51.29999923706055,52.18000030517578,51.02000045776367,51.65999984741211,16637600,43.177642822265625
QCOM,QCOM,2019-02-13,52.0,52.4900016784668,51.560001373291016,51.59000015258789,11004000,43.119140625
QCOM,QCOM,2019-02-14,51.5,51.77000045776367,51.09000015258789,51.56999969482422,17895000,43.102420806884766
QCOM,QCOM,2019-02-15,52.08000183105469,52.36000061035156,51.599998474121094,51.97999954223633,12239500,43.445106506347656
QCOM,QCOM,2019-02-19,52.0,52.47999954223633,51.75,52.0099983215332,8258400,43.47017288208008
QCOM,QCOM,2019-02-20,52.25,52.91999816894531,52.13999938964844,52.45000076293945,12863700,43.83793640136719
QCOM,QCOM,2019-02-21,52.5,52.59000015258789,51.900001525878906,52.349998474121094,7826200,43.75435256958008
QCOM,QCOM,2019-02-22,52.689998626708984,53.150001525878906,52.63999938964844,53.119998931884766,13394500,44.39792251586914
QCOM,QCOM,2019-02-25,53.779998779296875,53.970001220703125,52.900001525878906,52.9900016784668,15341700,44.289276123046875
QCOM,QCOM,2019-02-26,53.08000183105469,53.220001220703125,52.279998779296875,53.029998779296875,11366700,44.32269287109375
QCOM,QCOM,2019-02-27,52.95000076293945,53.130001068115234,52.27000045776367,53.040000915527344,10426200,44.331058502197266
QCOM,QCOM,2019-02-28,53.0,53.7599983215332,52.709999084472656,53.38999938964844,19000200,44.62358093261719
QCOM,QCOM,2019-03-01,54.0,54.400001525878906,53.709999084472656,54.20000076293945,12659000,45.300594329833984
QCOM,QCOM,2019-03-04,54.58000183105469,54.70000076293945,53.2599983215332,53.779998779296875,14021700,44.94956588745117
QCOM,QCOM,2019-03-05,53.900001525878906,54.22999954223633,53.70000076293945,53.939998626708984,10092800,45.08326721191406
QCOM,QCOM,2019-03-06,53.88999938964844,55.459999084472656,53.72999954223633,54.79999923706055,20521300,46.334659576416016
QCOM,QCOM,2019-03-07,54.83000183105469,55.04999923706055,53.61000061035156,54.029998779296875,13667300,45.68360900878906
QCOM,QCOM,2019-03-08,53.45000076293945,53.630001068115234,53.029998779296875,53.529998779296875,10117100,45.2608528137207
QCOM,QCOM,2019-03-11,53.720001220703125,54.75,53.650001525878906,54.349998474121094,10738800,45.95417022705078
QCOM,QCOM,2019-03-12,54.65999984741211,55.310001373291016,54.540000915527344,54.84000015258789,9575300,46.36847686767578
QCOM,QCOM,2019-03-13,55.029998779296875,55.939998626708984,55.0,55.38999938964844,9198900,46.833526611328125
QCOM,QCOM,2019-03-14,55.529998779296875,55.869998931884766,55.25,55.400001525878906,7306100,46.84197235107422
QCOM,QCOM,2019-03-15,55.0,57.34000015258789,54.91999816894531,56.599998474121094,27985600,47.856590270996094
QCOM,QCOM,2019-03-18,56.619998931884766,57.189998626708984,56.439998626708984,56.83000183105469,13089300,48.05106735229492
QCOM,QCOM,2019-03-19,57.16999816894531,57.68000030517578,56.779998779296875,56.970001220703125,9363700,48.16944122314453
QCOM,QCOM,2019-03-20,57.029998779296875,57.689998626708984,56.75,57.15999984741211,8804800,48.33009719848633
QCOM,QCOM,2019-03-21,57.22999954223633,58.279998779296875,57.20000076293945,57.77000045776367,19542700,48.845863342285156
QCOM,QCOM,2019-03-22,57.68000030517578,58.09000015258789,56.75,56.81999969482422,10243500,48.04262161254883
QCOM,QCOM,2019-03-25,56.58000183105469,56.939998626708984,56.06999969482422,56.63999938964844,6929600,47.89041519165039
QCOM,QCOM,2019-03-26,57.150001525878906,58.38999938964844,56.66999816894531,58.0,16051800,49.04032516479492
QCOM,QCOM,2019-03-27,57.349998474121094,57.66999816894531,56.31999969482422,56.90999984741211,11934400,48.118709564208984
QCOM,QCOM,2019-03-28,57.029998779296875,57.38999938964844,56.34000015258789,56.54999923706055,11064300,47.81431579589844
QCOM,QCOM,2019-03-29,57.0,57.560001373291016,56.939998626708984,57.029998779296875,8529100,48.22016906738281
QCOM,QCOM,2019-04-01,57.63999938964844,58.150001525878906,57.11000061035156,57.810001373291016,12066500,48.879676818847656
QCOM,QCOM,2019-04-02,57.97999954223633,58.529998779296875,57.65999984741211,58.09000015258789,7614500,49.11642837524414
QCOM,QCOM,2019-04-03,58.20000076293945,58.290000915527344,57.18000030517578,57.68000030517578,11563400,48.76974868774414
QCOM,QCOM,2019-04-04,57.75,58.61000061035156,57.689998626708984,57.86000061035156,9905100,48.921958923339844
QCOM,QCOM,2019-04-05,57.97999954223633,58.189998626708984,57.689998626708984,57.9900016784668,12332600,49.03188705444336
QCOM,QCOM,2019-04-08,57.790000915527344,58.4900016784668,57.5099983215332,57.7599983215332,8942400,48.83740234375
QCOM,QCOM,2019-04-09,57.56999969482422,57.65999984741211,57.029998779296875,57.439998626708984,11713400,48.56683349609375
QCOM,QCOM,2019-04-10,57.709999084472656,57.86000061035156,56.099998474121094,56.33000183105469,15976500,47.6282958984375
QCOM,QCOM,2019-04-11,56.439998626708984,56.900001525878906,55.790000915527344,55.900001525878906,13903800,47.264732360839844
QCOM,QCOM,2019-04-12,56.279998779296875,57.16999816894531,56.06999969482422,56.95000076293945,13483500,48.15253448486328
QCOM,QCOM,2019-04-15,57.13999938964844,57.66999816894531,57.029998779296875,57.18000030517578,10712500,48.34700393676758
QCOM,QCOM,2019-04-16,57.459999084472656,71.02999877929688,57.290000915527344,70.44999694824219,86755900,59.567073822021484
QCOM,QCOM,2019-04-17,78.81999969482422,82.5199966430664,76.48999786376953,79.08000183105469,156019300,66.86397552490234
QCOM,QCOM,2019-04-18,78.72000122070312,80.19999694824219,78.0199966430664,79.88999938964844,41621200,67.54883575439453
QCOM,QCOM,2019-04-22,79.83000183105469,82.5,79.33999633789062,81.97000122070312,33292500,69.3074951171875
QCOM,QCOM,2019-04-23,83.9000015258789,87.95999908447266,83.2699966430664,86.72000122070312,56973700,73.32374572753906
QCOM,QCOM,2019-04-24,87.04000091552734,88.62999725341797,85.30000305175781,86.83000183105469,40290400,73.416748046875
QCOM,QCOM,2019-04-25,86.16999816894531,86.31999969482422,84.5199966430664,85.06999969482422,20732200,71.92864990234375
QCOM,QCOM,2019-04-26,84.51000213623047,86.76000213623047,84.20999908447266,86.63999938964844,18860600,73.25611114501953
QCOM,QCOM,2019-04-29,86.4000015258789,87.9800033569336,85.83999633789062,87.25,17930000,73.77186584472656
QCOM,QCOM,2019-04-30,86.9800033569336,87.45999908447266,86.05000305175781,86.12999725341797,17582400,72.82488250732422
QCOM,QCOM,2019-05-01,87.16999816894531,88.22000122070312,86.1500015258789,86.37000274658203,28211500,73.02781677246094
QCOM,QCOM,2019-05-02,87.5,90.33999633789062,86.1500015258789,87.13999938964844,40342000,73.6788558959961
QCOM,QCOM,2019-05-03,87.76000213623047,89.81999969482422,87.05999755859375,89.29000091552734,21068400,75.49675750732422
QCOM,QCOM,2019-05-06,86.33000183105469,88.69999694824219,86.13999938964844,88.25,15682100,74.61741638183594
QCOM,QCOM,2019-05-07,87.19999694824219,88.1500015258789,84.77999877929688,85.19999694824219,21579500,72.0385513305664
QCOM,QCOM,2019-05-08,84.8499984741211,85.72000122070312,84.11000061035156,84.54000091552734,15500700,71.4804916381836
QCOM,QCOM,2019-05-09,83.37000274658203,84.83999633789062,82.26000213623047,83.77999877929688,14516000,70.83789825439453
QCOM,QCOM,2019-05-10,83.37999725341797,86.33000183105469,83.3499984741211,85.83999633789062,15955600,72.5796890258789
QCOM,QCOM,2019-05-13,83.23999786376953,84.8499984741211,82.98999786376953,83.88999938964844,16689000,70.93092346191406
QCOM,QCOM,2019-05-14,84.2699966430664,86.44000244140625,84.0,86.12999725341797,14353700,72.82488250732422
QCOM,QCOM,2019-05-15,85.55000305175781,87.0,84.88999938964844,86.26000213623047,11784800,72.93478393554688
QCOM,QCOM,2019-05-16,83.79000091552734,84.80000305175781,82.12999725341797,82.80999755859375,22498800,70.01774597167969
QCOM,QCOM,2019-05-17,80.48999786376953,83.12000274658203,80.0,81.5,19523400,68.9101333618164
QCOM,QCOM,2019-05-20,77.94999694824219,78.33000183105469,76.06999969482422,76.62000274658203,32679300,64.7839584350586
QCOM,QCOM,2019-05-21,78.91000366210938,79.04000091552734,77.22000122070312,77.75,17282200,65.73941802978516
QCOM,QCOM,2019-05-22,69.12999725341797,71.73999786376953,67.97000122070312,69.30999755859375,66150700,58.60319900512695
QCOM,QCOM,2019-05-23,67.0199966430664,68.2699966430664,65.9000015258789,68.26000213623047,31820700,57.715389251708984
QCOM,QCOM,2019-05-24,68.93000030517578,69.1500015258789,65.97000122070312,66.20999908447266,21420000,55.98207092285156
QCOM,QCOM,2019-05-28,66.63999938964844,67.70999908447266,65.23999786376953,65.37000274658203,22667300,55.27183532714844
QCOM,QCOM,2019-05-29,65.36000061035156,66.1500015258789,64.76000213623047,65.76000213623047,16312600,55.60158157348633
QCOM,QCOM,2019-05-30,65.97000122070312,67.06999969482422,65.93000030517578,66.58999633789062,11554600,56.30335998535156
QCOM,QCOM,2019-05-31,65.77999877929688,67.83999633789062,65.52999877929688,66.81999969482422,15060300,56.497840881347656
QCOM,QCOM,2019-06-03,67.08999633789062,68.12999725341797,66.27999877929688,66.66000366210938,13620700,56.36256790161133
QCOM,QCOM,2019-06-04,67.61000061035156,68.5,66.69999694824219,68.44999694824219,15866700,57.87602615356445
QCOM,QCOM,2019-06-05,68.04000091552734,68.33000183105469,65.83000183105469,67.0199966430664,11779200,57.18490982055664
QCOM,QCOM,2019-06-06,66.91999816894531,67.97000122070312,66.2699966430664,67.58999633789062,10781700,57.67124938964844
QCOM,QCOM,2019-06-07,67.69000244140625,68.77999877929688,67.30000305175781,68.69000244140625,10495600,58.609832763671875
QCOM,QCOM,2019-06-10,69.0,71.45999908447266,69.0,70.54000091552734,15229200,60.188358306884766
QCOM,QCOM,2019-06-11,71.58000183105469,72.22000122070312,70.2699966430664,71.23999786376953,11839500,60.78562927246094
QCOM,QCOM,2019-06-12,69.52999877929688,70.37000274658203,69.19999694824219,69.58999633789062,9396200,59.377769470214844
QCOM,QCOM,2019-06-13,69.97000122070312,70.48999786376953,69.37999725341797,69.93000030517578,6790500,59.66787338256836
QCOM,QCOM,2019-06-14,68.3499984741211,69.12000274658203,67.9000015258789,68.72000122070312,12119500,58.63543701171875
QCOM,QCOM,2019-06-17,69.08999633789062,69.9800033569336,68.9000015258789,69.11000061035156,9411100,58.96819305419922
QCOM,QCOM,2019-06-18,69.69000244140625,72.38999938964844,69.66999816894531,71.95999908447266,14508000,61.399959564208984
QCOM,QCOM,2019-06-19,72.37000274658203,72.62000274658203,70.80000305175781,71.80000305175781,11999300,61.26345443725586
QCOM,QCOM,2019-06-20,73.19000244140625,73.66999816894531,72.2300033569336,72.73999786376953,9871800,62.065513610839844
QCOM,QCOM,2019-06-21,72.30999755859375,73.16999816894531,72.30999755859375,72.72000122070312,15244500,62.0484504699707
QCOM,QCOM,2019-06-24,72.97000122070312,73.44999694824219,72.19999694824219,73.16000366210938,8893000,62.42388153076172
QCOM,QCOM,2019-06-25,73.2300033569336,74.13999938964844,72.5199966430664,72.55000305175781,8953400,61.90338897705078
QCOM,QCOM,2019-06-26,73.76000213623047,75.69000244140625,73.6500015258789,74.94999694824219,13808000,63.95117950439453
QCOM,QCOM,2019-06-27,75.33999633789062,75.9000015258789,75.16999816894531,75.43000030517578,11151900,64.36075592041016
QCOM,QCOM,2019-06-28,75.66000366210938,76.44000244140625,74.80999755859375,76.06999969482422,29217500,64.90682983398438
QCOM,QCOM,2019-07-01,80.66999816894531,80.76000213623047,77.08000183105469,77.5199966430664,17693000,66.14403533935547
QCOM,QCOM,2019-07-02,77.27999877929688,77.4800033569336,76.62000274658203,77.01000213623047,7075600,65.70890808105469
QCOM,QCOM,2019-07-03,77.06999969482422,77.2300033569336,76.05000305175781,76.62999725341797,5290400,65.3846435546875
QCOM,QCOM,2019-07-05,74.19999694824219,76.72000122070312,74.0999984741211,76.66000366210938,9220800,65.41024780273438
QCOM,QCOM,2019-07-08,75.9800033569336,77.02999877929688,75.93000030517578,76.62999725341797,7924900,65.3846435546875
QCOM,QCOM,2019-07-09,76.44000244140625,76.83999633789062,75.83999633789062,76.55000305175781,7506500,65.31639862060547
QCOM,QCOM,2019-07-10,76.83000183105469,76.91000366210938,74.08000183105469,74.36000061035156,15075700,63.447757720947266
QCOM,QCOM,2019-07-11,74.5199966430664,75.77999877929688,73.30000305175781,73.70999908447266,14298400,62.893165588378906
QCOM,QCOM,2019-07-12,74.25,74.9800033569336,73.66000366210938,74.9000015258789,8028100,63.90852355957031
QCOM,QCOM,2019-07-15,75.1500015258789,75.9000015258789,74.79000091552734,75.43000030517578,8898200,64.36075592041016
QCOM,QCOM,2019-07-16,75.11000061035156,76.5,74.55000305175781,75.66999816894531,9909600,64.56553649902344
QCOM,QCOM,2019-07-17,78.56999969482422,79.4000015258789,75.70999908447266,75.76000213623047,20602300,64.6423110961914
QCOM,QCOM,2019-07-18,74.97000122070312,75.3499984741211,74.05000305175781,74.37000274658203,12580800,63.456321716308594
QCOM,QCOM,2019-07-19,74.41999816894531,75.70999908447266,74.41999816894531,75.0,14477400,63.99385070800781
QCOM,QCOM,2019-07-22,75.05999755859375,76.62000274658203,75.05999755859375,75.94999694824219,9645800,64.80445861816406
QCOM,QCOM,2019-07-23,75.33999633789062,75.58999633789062,73.30999755859375,74.12000274658203,14420400,63.243003845214844
QCOM,QCOM,2019-07-24,74.01000213623047,76.41999816894531,73.68000030517578,75.87000274658203,14012700,64.73619079589844
QCOM,QCOM,2019-07-25,75.83999633789062,76.13999938964844,75.0999984741211,75.3499984741211,7299500,64.29251098632812
QCOM,QCOM,2019-07-26,75.11000061035156,75.8499984741211,74.8499984741211,75.22000122070312,8262500,64.18158721923828
QCOM,QCOM,2019-07-29,75.16000366210938,76.31999969482422,74.66999816894531,74.97000122070312,8237500,63.96826171875
QCOM,QCOM,2019-07-30,74.58000183105469,75.06999969482422,74.36000061035156,74.80999755859375,7397900,63.83171844482422
QCOM,QCOM,2019-07-31,74.83000183105469,75.27999877929688,72.76000213623047,73.16000366210938,14052800,62.42388153076172
QCOM,QCOM,2019-08-01,68.87999725341797,73.70999908447266,68.25,71.19999694824219,29729800,60.75151062011719
QCOM,QCOM,2019-08-02,70.44000244140625,71.52999877929688,70.01000213623047,71.1500015258789,12649400,60.70882797241211
QCOM,QCOM,2019-08-05,69.97000122070312,70.83999633789062,68.55999755859375,68.80000305175781,13071800,58.70371627807617
QCOM,QCOM,2019-08-06,69.5199966430664,69.93000030517578,67.37999725341797,68.16999816894531,13189900,58.166160583496094
QCOM,QCOM,2019-08-07,67.26000213623047,69.5999984741211,67.12000274658203,69.4000015258789,8934900,59.21565246582031
QCOM,QCOM,2019-08-08,69.55999755859375,71.3499984741211,69.3499984741211,71.26000213623047,8367900,60.80268478393555
QCOM,QCOM,2019-08-09,70.51000213623047,72.19000244140625,70.19000244140625,71.5,8702200,61.00748062133789
QCOM,QCOM,2019-08-12,71.0,71.4800033569336,69.7300033569336,69.80000305175781,7364300,59.55695724487305
QCOM,QCOM,2019-08-13,69.88999938964844,72.47000122070312,69.30999755859375,72.18000030517578,10134800,61.58768844604492
QCOM,QCOM,2019-08-14,70.63999938964844,71.88999938964844,70.55000305175781,70.87999725341797,10336900,60.47846603393555
QCOM,QCOM,2019-08-15,71.44000244140625,72.19000244140625,70.58999633789062,71.16000366210938,9107000,60.71735763549805
QCOM,QCOM,2019-08-16,71.8499984741211,73.41000366210938,71.7300033569336,73.27999877929688,10090600,62.52626037597656
QCOM,QCOM,2019-08-19,74.58000183105469,75.52999877929688,74.13999938964844,74.87000274658203,9688400,63.882957458496094
QCOM,QCOM,2019-08-20,74.56999969482422,76.44000244140625,74.33000183105469,76.06999969482422,9387300,64.90682983398438
QCOM,QCOM,2019-08-21,76.5,77.19000244140625,75.98999786376953,76.69999694824219,11004100,65.44437408447266
QCOM,QCOM,2019-08-22,76.91000366210938,77.94999694824219,76.5999984741211,77.1500015258789,7198800,65.82835388183594
QCOM,QCOM,2019-08-23,76.12000274658203,79.0999984741211,73.22000122070312,73.5199966430664,16479400,62.73104476928711
QCOM,QCOM,2019-08-26,74.9000015258789,75.08999633789062,72.5199966430664,72.91000366210938,11153800,62.210567474365234
QCOM,QCOM,2019-08-27,73.68000030517578,74.37999725341797,73.19999694824219,73.97000122070312,7303100,63.11499786376953
QCOM,QCOM,2019-08-28,73.79000091552734,74.87999725341797,72.91000366210938,74.3499984741211,5678500,63.43923568725586
QCOM,QCOM,2019-08-29,75.22000122070312,77.02999877929688,75.22000122070312,76.44999694824219,7348400,65.23106384277344
QCOM,QCOM,2019-08-30,77.18000030517578,78.05000305175781,77.0,77.7699966430664,8465300,66.35733795166016
QCOM,QCOM,2019-09-03,76.7699966430664,76.98999786376953,74.69999694824219,75.12000274658203,7580700,64.09624481201172
QCOM,QCOM,2019-09-04,75.98999786376953,77.12000274658203,75.62999725341797,77.08999633789062,4923700,65.77714538574219
QCOM,QCOM,2019-09-05,77.88999938964844,80.44000244140625,77.88999938964844,78.98999786376953,13480300,67.39834594726562
QCOM,QCOM,2019-09-06,78.95999908447266,79.08000183105469,78.44000244140625,78.83999633789062,5128000,67.27033996582031
QCOM,QCOM,2019-09-09,79.04000091552734,79.44999694824219,77.97000122070312,78.20999908447266,6885100,66.73279571533203
QCOM,QCOM,2019-09-10,78.02999877929688,78.87999725341797,77.33999633789062,78.70999908447266,9373900,67.15943145751953
QCOM,QCOM,2019-09-11,78.16999816894531,79.91000366210938,78.12000274658203,79.9000015258789,6575700,68.716064453125
QCOM,QCOM,2019-09-12,80.05000305175781,80.05000305175781,78.58000183105469,79.08000183105469,5847100,68.01084899902344
QCOM,QCOM,2019-09-13,79.18000030517578,79.54000091552734,78.37000274658203,78.41000366210938,5343700,67.43463134765625
QCOM,QCOM,2019-09-16,77.58000183105469,78.48999786376953,76.91000366210938,78.04000091552734,3756500,67.1164321899414
QCOM,QCOM,2019-09-17,77.61000061035156,78.79000091552734,77.51000213623047,78.69000244140625,4400800,67.67543029785156
QCOM,QCOM,2019-09-18,78.69000244140625,79.06999969482422,77.63999938964844,78.9000015258789,5147500,67.85604858398438
QCOM,QCOM,2019-09-19,79.23999786376953,80.0,78.20999908447266,78.2300033569336,5180900,67.27981567382812
QCOM,QCOM,2019-09-20,78.19999694824219,78.69999694824219,76.16999816894531,76.44000244140625,9122000,65.74037170410156
QCOM,QCOM,2019-09-23,76.66999816894531,77.91000366210938,76.05999755859375,77.23999786376953,5815700,66.42839813232422
QCOM,QCOM,2019-09-24,78.08000183105469,78.30000305175781,74.62999725341797,75.2300033569336,10177800,64.69976806640625
QCOM,QCOM,2019-09-25,75.02999877929688,77.48999786376953,74.87999725341797,77.26000213623047,5571600,66.44559478759766
QCOM,QCOM,2019-09-26,77.16000366210938,77.69000244140625,75.94000244140625,77.3499984741211,3760300,66.52299499511719
QCOM,QCOM,2019-09-27,77.01000213623047,78.19999694824219,76.20999908447266,76.62999725341797,5013200,65.90375518798828
QCOM,QCOM,2019-09-30,76.88999938964844,76.94999694824219,76.0199966430664,76.27999877929688,4775800,65.60276794433594
QCOM,QCOM,2019-10-01,77.05999755859375,78.05999755859375,74.97000122070312,75.47000122070312,7043700,64.90616607666016
QCOM,QCOM,2019-10-02,75.26000213623047,75.70999908447266,73.7699966430664,73.98999786376953,5997500,63.633323669433594
QCOM,QCOM,2019-10-03,73.93000030517578,75.83000183105469,73.16000366210938,75.7300033569336,5419400,65.12977600097656
QCOM,QCOM,2019-10-04,76.31999969482422,77.55999755859375,75.83999633789062,77.48999786376953,4893600,66.64338684082031
QCOM,QCOM,2019-10-07,77.01000213623047,77.55000305175781,76.2699966430664,76.33999633789062,4215500,65.65438079833984
QCOM,QCOM,2019-10-08,75.5199966430664,75.81999969482422,72.80999755859375,72.8499984741211,8489600,62.65288543701172
QCOM,QCOM,2019-10-09,73.91000366210938,74.80000305175781,73.55999755859375,74.3499984741211,5137500,63.94293212890625
QCOM,QCOM,2019-10-10,74.3499984741211,75.97000122070312,74.16999816894531,74.97000122070312,5580600,64.47614288330078
QCOM,QCOM,2019-10-11,76.19000244140625,77.81999969482422,76.01000213623047,76.69999694824219,7280800,65.96398162841797
QCOM,QCOM,2019-10-14,76.6500015258789,77.37000274658203,76.27999877929688,76.30000305175781,4545300,65.61997985839844
QCOM,QCOM,2019-10-15,76.87999725341797,77.9800033569336,76.27999877929688,77.81999969482422,5222500,66.92720031738281
QCOM,QCOM,2019-10-16,77.48999786376953,78.31999969482422,77.27999877929688,78.2300033569336,6218000,67.27981567382812
QCOM,QCOM,2019-10-17,78.69999694824219,79.95999908447266,78.4000015258789,78.97000122070312,5916700,67.9162368774414
QCOM,QCOM,2019-10-18,78.62000274658203,79.22000122070312,77.66999816894531,77.68000030517578,6107000,66.80680084228516
QCOM,QCOM,2019-10-21,78.37999725341797,79.08999633789062,78.01000213623047,78.9800033569336,5119800,67.92486572265625
QCOM,QCOM,2019-10-22,78.93000030517578,79.06999969482422,78.23999786376953,78.47000122070312,4944500,67.48621368408203
QCOM,QCOM,2019-10-23,77.20999908447266,78.12999725341797,76.87000274658203,77.23999786376953,5785700,66.42839813232422
QCOM,QCOM,2019-10-24,78.05999755859375,79.0199966430664,77.58999633789062,78.98999786376953,5271200,67.9334487915039
QCOM,QCOM,2019-10-25,79.0,80.2300033569336,78.91000366210938,80.16999816894531,6712300,68.94827270507812
QCOM,QCOM,2019-10-28,80.55000305175781,83.12999725341797,80.54000091552734,83.05000305175781,9949800,71.4251480102539
QCOM,QCOM,2019-10-29,82.75,82.8499984741211,81.44000244140625,81.66000366210938,4993600,70.22970581054688
QCOM,QCOM,2019-10-30,82.0999984741211,82.25,80.8499984741211,81.44000244140625,3971000,70.0405044555664
QCOM,QCOM,2019-10-31,81.44000244140625,81.47000122070312,79.83999633789062,80.44000244140625,5693700,69.18048858642578
QCOM,QCOM,2019-11-01,81.58999633789062,83.6500015258789,81.25,83.58000183105469,8620300,71.88096618652344
QCOM,QCOM,2019-11-04,84.54000091552734,85.87000274658203,84.30999755859375,85.08999633789062,8389200,73.1795883178711
QCOM,QCOM,2019-11-05,85.19999694824219,85.73999786376953,84.7300033569336,85.45999908447266,7280000,73.49781036376953
QCOM,QCOM,2019-11-06,85.33999633789062,85.61000061035156,84.22000122070312,84.62999725341797,9755300,72.78397369384766
QCOM,QCOM,2019-11-07,89.83000183105469,92.5,88.31999969482422,89.9800033569336,30254000,77.3851318359375
QCOM,QCOM,2019-11-08,89.9800033569336,94.11000061035156,89.5999984741211,94.02999877929688,16371300,80.86822509765625
QCOM,QCOM,2019-11-11,91.70999908447266,92.5199966430664,90.88999938964844,91.83999633789062,11297700,78.9847640991211
QCOM,QCOM,2019-11-12,92.18000030517578,92.25,90.16999816894531,90.97000122070312,9332100,78.2365493774414
QCOM,QCOM,2019-11-13,90.69999694824219,91.9000015258789,89.62000274658203,90.47000122070312,9353200,77.8065185546875
QCOM,QCOM,2019-11-14,90.30999755859375,90.58000183105469,89.43000030517578,90.4800033569336,8793600,77.81513214111328
QCOM,QCOM,2019-11-15,92.5999984741211,93.94000244140625,90.58000183105469,90.80999755859375,25490200,78.09893035888672
QCOM,QCOM,2019-11-18,90.80999755859375,91.9800033569336,89.27999877929688,90.4800033569336,10360500,77.81513214111328
QCOM,QCOM,2019-11-19,91.25,91.38999938964844,86.68000030517578,87.95999908447266,18091300,75.64788055419922
QCOM,QCOM,2019-11-20,87.81999969482422,88.36000061035156,85.30999755859375,85.62000274658203,13045100,73.63541412353516
QCOM,QCOM,2019-11-21,84.79000091552734,86.30000305175781,84.55000305175781,85.11000061035156,10180400,73.19677734375
QCOM,QCOM,2019-11-22,85.29000091552734,85.81999969482422,84.52999877929688,84.88999938964844,6166700,73.00761413574219
QCOM,QCOM,2019-11-25,85.76000213623047,86.29000091552734,85.08000183105469,85.29000091552734,8964100,73.35160827636719
QCOM,QCOM,2019-11-26,85.25,85.55000305175781,84.13999938964844,84.62999725341797,11584500,72.78397369384766
QCOM,QCOM,2019-11-27,85.16000366210938,85.30999755859375,84.47000122070312,84.80000305175781,5215000,72.9301986694336
QCOM,QCOM,2019-11-29,84.51000213623047,85.0999984741211,83.41999816894531,83.55000305175781,3882400,71.85517120361328
QCOM,QCOM,2019-12-02,83.9800033569336,84.29000091552734,82.30999755859375,82.44999694824219,7668800,70.90911102294922
QCOM,QCOM,2019-12-03,81.37999725341797,81.38999938964844,79.80999755859375,80.58000183105469,11126100,69.30089569091797
QCOM,QCOM,2019-12-04,80.91999816894531,82.44000244140625,80.44999694824219,82.08000183105469,8477400,71.1382827758789
QCOM,QCOM,2019-12-05,82.6500015258789,83.44000244140625,81.77999877929688,82.58999633789062,6358300,71.58027648925781
QCOM,QCOM,2019-12-06,83.44999694824219,84.25,83.41999816894531,83.81999969482422,6860400,72.64633178710938
QCOM,QCOM,2019-12-09,84.0,85.30000305175781,83.83999633789062,84.91999816894531,8382900,73.59967041015625
QCOM,QCOM,2019-12-10,85.04000091552734,85.33000183105469,83.69000244140625,84.12000274658203,8082200,72.90633392333984
QCOM,QCOM,2019-12-11,84.83999633789062,87.0999984741211,84.76000213623047,86.98999786376953,9571500,75.39374542236328
QCOM,QCOM,2019-12-12,86.83999633789062,89.2300033569336,86.37000274658203,89.05000305175781,12164600,77.17913818359375
QCOM,QCOM,2019-12-13,88.91000366210938,89.69999694824219,87.55999755859375,87.83000183105469,12269100,76.12178039550781
QCOM,QCOM,2019-12-16,89.27999877929688,90.45999908447266,88.3499984741211,88.43000030517578,8719100,76.64177703857422
QCOM,QCOM,2019-12-17,89.0,89.04000091552734,87.68000030517578,88.31999969482422,7485900,76.54645538330078
QCOM,QCOM,2019-12-18,88.54000091552734,88.6500015258789,87.58999633789062,87.9800033569336,5860600,76.25180053710938
QCOM,QCOM,2019-12-19,88.36000061035156,88.69999694824219,87.62000274658203,88.48999786376953,7471400,76.69378662109375
QCOM,QCOM,2019-12-20,88.81999969482422,89.8499984741211,88.18000030517578,88.8499984741211,17538000,77.00579833984375
QCOM,QCOM,2019-12-23,89.01000213623047,89.33000183105469,88.25,88.44999694824219,7274700,76.65911865234375
QCOM,QCOM,2019-12-24,88.62000274658203,88.80999755859375,87.9800033569336,88.7699966430664,2435200,76.93646240234375
QCOM,QCOM,2019-12-26,88.91999816894531,88.95999908447266,88.0,88.4000015258789,5070000,76.61578369140625
QCOM,QCOM,2019-12-27,88.9000015258789,88.94999694824219,88.08999633789062,88.80000305175781,5808900,76.96246337890625
QCOM,QCOM,2019-12-30,88.70999908447266,88.77999877929688,87.30999755859375,88.43000030517578,6543100,76.64177703857422
QCOM,QCOM,2019-12-31,87.98999786376953,88.7699966430664,87.87999725341797,88.2300033569336,5173400,76.46844482421875
QCOM,QCOM,2020-01-02,89.05000305175781,89.80999755859375,88.08000183105469,88.69000244140625,8413900,76.86713409423828
QCOM,QCOM,2020-01-03,87.26000213623047,87.63999938964844,86.44000244140625,87.0199966430664,8340300,75.41973876953125
QCOM,QCOM,2020-01-06,85.91000366210938,86.55000305175781,85.54000091552734,86.51000213623047,8381400,74.97774505615234
QCOM,QCOM,2020-01-07,87.04000091552734,89.48999786376953,86.91000366210938,88.97000122070312,8377400,77.10979461669922
QCOM,QCOM,2020-01-08,88.9000015258789,89.47000122070312,87.91999816894531,88.70999908447266,7619900,76.88443756103516
QCOM,QCOM,2020-01-09,89.66000366210938,90.72000122070312,88.83000183105469,89.91000366210938,9155500,77.92449188232422
QCOM,QCOM,2020-01-10,90.51000213623047,92.38999938964844,89.87000274658203,90.26000213623047,9668300,78.22782135009766
QCOM,QCOM,2020-01-13,91.05000305175781,92.7300033569336,90.55000305175781,90.97000122070312,10367800,78.84319305419922
QCOM,QCOM,2020-01-14,91.12999725341797,91.61000061035156,90.29000091552734,90.55999755859375,7800100,78.48783874511719
QCOM,QCOM,2020-01-15,90.75,91.18000030517578,89.25,89.66999816894531,7259100,77.71647644042969
QCOM,QCOM,2020-01-16,90.22000122070312,92.2300033569336,89.81999969482422,91.79000091552734,9295500,79.55387115478516
QCOM,QCOM,2020-01-17,93.0,96.16999816894531,92.94999694824219,95.91000366210938,23694400,83.12467193603516
QCOM,QCOM,2020-01-21,95.33000183105469,95.72000122070312,93.41999816894531,94.54000091552734,10868500,81.93728637695312
QCOM,QCOM,2020-01-22,95.26000213623047,95.38999938964844,92.70999908447266,92.97000122070312,8342300,80.57656860351562
QCOM,QCOM,2020-01-23,92.8499984741211,92.94999694824219,91.45999908447266,92.0,11282000,79.73589324951172
QCOM,QCOM,2020-01-24,92.68000030517578,93.25,88.83000183105469,89.6500015258789,9471700,77.69917297363281
QCOM,QCOM,2020-01-27,87.30000305175781,88.22000122070312,86.44999694824219,87.05000305175781,9240200,75.44573211669922
QCOM,QCOM,2020-01-28,88.1500015258789,89.54000091552734,87.38999938964844,89.1500015258789,9187000,77.26583099365234
QCOM,QCOM,2020-01-29,88.66000366210938,89.0199966430664,87.3499984741211,88.2300033569336,8158500,76.46844482421875
QCOM,QCOM,2020-01-30,87.30999755859375,87.86000061035156,86.19000244140625,87.77999877929688,8379400,76.07842254638672
QCOM,QCOM,2020-01-31,87.05000305175781,87.16999816894531,85.04000091552734,85.30999755859375,9503600,73.93769073486328
QCOM,QCOM,2020-02-03,85.55000305175781,86.58000183105469,85.16000366210938,86.4800033569336,7792700,74.95173645019531
QCOM,QCOM,2020-02-04,88.25,88.94999694824219,87.37000274658203,88.93000030517578,9236400,77.07514190673828
QCOM,QCOM,2020-02-05,90.98999786376953,91.13999938964844,89.2699966430664,90.91000366210938,14220900,78.79116821289062
QCOM,QCOM,2020-02-06,88.05999755859375,90.77999877929688,86.19000244140625,90.61000061035156,21059000,78.53116607666016
QCOM,QCOM,2020-02-07,89.62000274658203,90.02999877929688,87.37999725341797,87.41999816894531,10725100,75.76643371582031
QCOM,QCOM,2020-02-10,86.77999877929688,88.63999938964844,86.5,88.5999984741211,7481300,76.78912353515625
QCOM,QCOM,2020-02-11,89.37000274658203,91.47000122070312,88.9000015258789,90.0,9452800,78.00252532958984
QCOM,QCOM,2020-02-12,91.6500015258789,92.44000244140625,91.29000091552734,91.72000122070312,9824200,79.49322509765625
QCOM,QCOM,2020-02-13,91.02999877929688,91.37999725341797,89.77999877929688,90.02999877929688,8428300,78.02849578857422
QCOM,QCOM,2020-02-14,90.55000305175781,90.80000305175781,88.79000091552734,89.5999984741211,6256500,77.65581512451172
QCOM,QCOM,2020-02-18,87.83000183105469,89.0,87.52999877929688,88.02999877929688,7248100,76.29511260986328
QCOM,QCOM,2020-02-19,88.91999816894531,90.62000274658203,88.6500015258789,90.55999755859375,7820900,78.48783874511719
QCOM,QCOM,2020-02-20,90.80999755859375,91.87999725341797,88.68000030517578,89.47000122070312,9754900,77.54313659667969
QCOM,QCOM,2020-02-21,88.55999755859375,89.02999877929688,86.33000183105469,87.02999877929688,12257600,75.42841339111328
QCOM,QCOM,2020-02-24,83.9000015258789,84.83000183105469,82.70999908447266,83.31999969482422,12158500,72.21297454833984
QCOM,QCOM,2020-02-25,83.94000244140625,84.4000015258789,79.63999938964844,80.22000122070312,14725000,69.5262222290039
QCOM,QCOM,2020-02-26,81.0,82.02999877929688,79.08999633789062,79.66000366210938,13125000,69.04088592529297
QCOM,QCOM,2020-02-27,77.12999725341797,78.19000244140625,75.33000183105469,75.94000244140625,17898300,65.8167495727539
QCOM,QCOM,2020-02-28,73.76000213623047,79.80999755859375,73.33999633789062,78.30000305175781,20843300,67.86217498779297
QCOM,QCOM,2020-03-02,79.0199966430664,80.70999908447266,77.12999725341797,80.55999755859375,15043400,69.8208999633789
QCOM,QCOM,2020-03-03,80.81999969482422,82.6500015258789,77.83000183105469,78.55999755859375,16356200,68.08749389648438
QCOM,QCOM,2020-03-04,79.12000274658203,81.91000366210938,78.05000305175781,81.80000305175781,9894900,71.45955657958984
QCOM,QCOM,2020-03-05,79.45999908447266,81.37000274658203,78.69999694824219,79.16999816894531,9396200,69.1620101928711
QCOM,QCOM,2020-03-06,76.33000183105469,78.08000183105469,75.83000183105469,77.47000122070312,11536500,67.67693328857422
QCOM,QCOM,2020-03-09,72.4000015258789,76.0999984741211,71.83000183105469,72.63999938964844,13898500,63.457496643066406
QCOM,QCOM,2020-03-10,74.80000305175781,79.04000091552734,74.16000366210938,78.88999938964844,13615600,68.91743469238281
QCOM,QCOM,2020-03-11,76.29000091552734,77.79000091552734,73.72000122070312,74.62000274658203,13376500,65.18720245361328
QCOM,QCOM,2020-03-12,69.5199966430664,72.52999877929688,67.0,67.0199966430664,19386200,58.54792022705078
QCOM,QCOM,2020-03-13,71.18000030517578,76.66999816894531,67.26000213623047,75.80999755859375,15971400,66.22676849365234
QCOM,QCOM,2020-03-16,68.27999877929688,71.16999816894531,64.45999908447266,64.4800033569336,16134700,56.32900619506836
QCOM,QCOM,2020-03-17,65.91000366210938,69.80999755859375,62.20000076293945,68.86000061035156,16864500,60.15533447265625
QCOM,QCOM,2020-03-18,63.560001373291016,65.55999755859375,58.0,61.189998626708984,18381200,53.45490264892578
QCOM,QCOM,2020-03-19,61.119998931884766,67.55000305175781,59.040000915527344,65.0,17127400,56.783267974853516
QCOM,QCOM,2020-03-20,65.02999877929688,67.9800033569336,60.790000915527344,60.90999984741211,16591500,53.210296630859375
QCOM,QCOM,2020-03-23,61.54999923706055,64.86000061035156,59.11000061035156,62.529998779296875,14920300,54.62550354003906
QCOM,QCOM,2020-03-24,66.0,67.62000274658203,62.189998626708984,65.45999908447266,18966800,57.18513107299805
QCOM,QCOM,2020-03-25,65.9000015258789,66.95999908447266,62.459999084472656,63.08000183105469,15969800,55.105987548828125
QCOM,QCOM,2020-03-26,64.0,69.66000366210938,63.25,68.9800033569336,15820300,60.26015090942383
QCOM,QCOM,2020-03-27,66.5,69.12000274658203,65.93000030517578,66.58999633789062,9739100,58.17228698730469
QCOM,QCOM,2020-03-30,67.19000244140625,69.5,66.05999755859375,69.02999877929688,9880800,60.30384826660156
QCOM,QCOM,2020-03-31,69.30000305175781,70.36000061035156,66.66000366210938,67.6500015258789,13213900,59.09827423095703
QCOM,QCOM,2020-04-01,65.0,68.69999694824219,65.0,65.9000015258789,14167900,57.56950759887695
QCOM,QCOM,2020-04-02,65.87000274658203,68.26000213623047,65.30999755859375,68.0199966430664,15432900,59.421512603759766
QCOM,QCOM,2020-04-03,67.68000030517578,68.69000244140625,64.55000305175781,65.2300033569336,8600700,56.984195709228516
QCOM,QCOM,2020-04-06,68.5,71.37000274658203,67.6500015258789,70.94999694824219,12153100,61.98113250732422
QCOM,QCOM,2020-04-07,73.66000366210938,74.9000015258789,70.86000061035156,72.7300033569336,11285600,63.53611755371094
QCOM,QCOM,2020-04-08,73.69999694824219,74.37999725341797,72.41999816894531,73.33000183105469,10695600,64.06028747558594
QCOM,QCOM,2020-04-09,74.62000274658203,74.83999633789062,70.0,71.58000183105469,15459400,62.53147888183594
QCOM,QCOM,2020-04-13,71.70999908447266,73.51000213623047,71.44000244140625,73.30000305175781,7896500,64.03406524658203
QCOM,QCOM,2020-04-14,75.0,77.66999816894531,74.97000122070312,77.55000305175781,11314100,67.74681854248047
QCOM,QCOM,2020-04-15,75.86000061035156,76.33999633789062,74.02999877929688,75.98999786376953,9951700,66.38400268554688
QCOM,QCOM,2020-04-16,76.86000061035156,77.69000244140625,75.37999725341797,76.8499984741211,8819700,67.13529968261719
QCOM,QCOM,2020-04-17,77.31999969482422,78.25,75.4800033569336,76.16999816894531,9926000,66.54124450683594
QCOM,QCOM,2020-04-20,75.0199966430664,76.2300033569336,74.0999984741211,74.30999755859375,7217700,64.91638946533203
QCOM,QCOM,2020-04-21,73.30999755859375,73.97000122070312,71.75,71.83999633789062,9273800,62.75861740112305
QCOM,QCOM,2020-04-22,73.79000091552734,75.33999633789062,72.75,74.68000030517578,7365300,65.23961639404297
QCOM,QCOM,2020-04-23,75.0,76.16999816894531,73.76000213623047,73.80999755859375,7673800,64.47960662841797
QCOM,QCOM,2020-04-24,73.91999816894531,76.11000061035156,73.66000366210938,76.04000091552734,6071300,66.42770385742188
QCOM,QCOM,2020-04-27,76.58999633789062,77.81999969482422,75.48999786376953,75.9800033569336,7219500,66.37525939941406
QCOM,QCOM,2020-04-28,77.11000061035156,77.77999877929688,75.16000366210938,75.29000091552734,6250500,65.77249145507812
QCOM,QCOM,2020-04-29,77.16999816894531,79.23999786376953,76.83000183105469,78.97000122070312,11950200,68.98731231689453
QCOM,QCOM,2020-04-30,80.2699966430664,80.87000274658203,77.27999877929688,78.66999816894531,17113500,68.72521209716797
QCOM,QCOM,2020-05-01,76.8499984741211,77.58999633789062,74.68000030517578,75.63999938964844,9742100,66.0782699584961
QCOM,QCOM,2020-05-04,75.16000366210938,75.94000244140625,74.08999633789062,75.68000030517578,7202400,66.11319732666016
QCOM,QCOM,2020-05-05,76.75,78.80999755859375,76.55999755859375,77.62999725341797,7540800,67.81669616699219
QCOM,QCOM,2020-05-06,78.80999755859375,80.13999938964844,78.5199966430664,78.87000274658203,8179700,68.89995574951172
QCOM,QCOM,2020-05-07,79.69999694824219,80.16999816894531,78.26000213623047,78.83000183105469,7291800,68.86499786376953
QCOM,QCOM,2020-05-08,79.69999694824219,81.08999633789062,79.36000061035156,80.55999755859375,7887200,70.3763198852539
QCOM,QCOM,2020-05-11,80.29000091552734,81.2699966430664,79.54000091552734,80.4800033569336,6604600,70.30643463134766
QCOM,QCOM,2020-05-12,81.29000091552734,81.79000091552734,78.4000015258789,78.41999816894531,7318100,68.5068359375
QCOM,QCOM,2020-05-13,78.86000061035156,79.51000213623047,76.75,78.0,9584800,68.13992309570312
QCOM,QCOM,2020-05-14,77.5,80.0,76.47000122070312,79.87000274658203,9956800,69.77355194091797
QCOM,QCOM,2020-05-15,74.66999816894531,77.69999694824219,74.37000274658203,75.7699966430664,29597800,66.19181060791016
QCOM,QCOM,2020-05-18,77.2699966430664,80.18000030517578,77.20999908447266,79.94000244140625,13191000,69.83470153808594
QCOM,QCOM,2020-05-19,79.75,80.1500015258789,78.0,78.08999633789062,8118400,68.21856689453125
QCOM,QCOM,2020-05-20,79.95999908447266,81.95999908447266,79.69000244140625,80.62999725341797,11379200,70.43746185302734
QCOM,QCOM,2020-05-21,79.47000122070312,80.08999633789062,77.87000274658203,78.0,8141500,68.13992309570312
QCOM,QCOM,2020-05-22,78.26000213623047,78.76000213623047,77.29000091552734,78.69999694824219,5530400,68.75144958496094
QCOM,QCOM,2020-05-26,80.19000244140625,80.56999969482422,77.77999877929688,78.0199966430664,10067300,68.15740203857422
QCOM,QCOM,2020-05-27,78.2699966430664,79.31999969482422,76.16000366210938,79.29000091552734,9125900,69.26685333251953
QCOM,QCOM,2020-05-28,80.23999786376953,81.4800033569336,77.7300033569336,78.11000061035156,11161700,68.23601531982422
QCOM,QCOM,2020-05-29,78.69999694824219,81.19999694824219,77.9000015258789,80.87999725341797,10558700,70.6558609008789
QCOM,QCOM,2020-06-01,79.88999938964844,80.4800033569336,79.23999786376953,79.7300033569336,6474800,69.6512451171875
QCOM,QCOM,2020-06-02,79.93000030517578,84.87999725341797,79.91000366210938,84.62999725341797,13255300,73.93183135986328
QCOM,QCOM,2020-06-03,84.94999694824219,85.94999694824219,83.62000274658203,84.11000061035156,13029300,74.0462646484375
QCOM,QCOM,2020-06-04,83.94999694824219,86.69999694824219,83.94999694824219,86.04000091552734,12109000,75.7453384399414
QCOM,QCOM,2020-06-05,88.0,89.4800033569336,87.81999969482422,88.55000305175781,11882100,77.95502471923828
QCOM,QCOM,2020-06-08,89.0,91.5,88.33999633789062,91.37000274658203,9748300,80.43760681152344
QCOM,QCOM,2020-06-09,90.2300033569336,90.38999938964844,89.05999755859375,89.75,7327700,79.01142120361328
QCOM,QCOM,2020-06-10,90.25,92.13999938964844,90.02999877929688,91.01000213623047,9079700,80.12068939208984
QCOM,QCOM,2020-06-11,88.62000274658203,89.05999755859375,83.91000366210938,84.0199966430664,15241700,73.967041015625
QCOM,QCOM,2020-06-12,86.25,87.13999938964844,83.52999877929688,85.23999786376953,10113200,75.04107666015625
QCOM,QCOM,2020-06-15,83.66999816894531,86.56999969482422,83.0999984741211,86.38999938964844,9852600,76.05345916748047
QCOM,QCOM,2020-06-16,89.9000015258789,90.44000244140625,87.76000213623047,89.5199966430664,12639800,78.80896759033203
QCOM,QCOM,2020-06-17,90.68000030517578,91.08999633789062,89.30000305175781,89.94000244140625,7620300,79.17871856689453
QCOM,QCOM,2020-06-18,89.8499984741211,90.48999786376953,89.02999877929688,89.91999816894531,5709500,79.1611099243164
QCOM,QCOM,2020-06-19,89.87000274658203,90.25,87.54000091552734,88.80999755859375,23213800,78.18392181396484
QCOM,QCOM,2020-06-22,88.72000122070312,89.44000244140625,87.61000061035156,89.12999725341797,8028000,78.46562957763672
QCOM,QCOM,2020-06-23,90.13999938964844,90.61000061035156,89.11000061035156,89.3499984741211,7778700,78.65931701660156
QCOM,QCOM,2020-06-24,89.16999816894531,89.83000183105469,87.41999816894531,89.13999938964844,8208800,78.47442626953125
QCOM,QCOM,2020-06-25,88.69999694824219,89.45999908447266,87.31999969482422,88.95999908447266,7062600,78.31594848632812
QCOM,QCOM,2020-06-26,89.06999969482422,89.7300033569336,87.54000091552734,88.0199966430664,9126500,77.48844146728516
QCOM,QCOM,2020-06-29,88.20999908447266,89.1500015258789,86.68000030517578,89.01000213623047,5870400,78.3599853515625
QCOM,QCOM,2020-06-30,89.19999694824219,91.93000030517578,89.0,91.20999908447266,9378500,80.29673767089844
QCOM,QCOM,2020-07-01,91.01000213623047,91.30000305175781,89.58000183105469,89.77999877929688,6990600,79.03784942626953
QCOM,QCOM,2020-07-02,91.08999633789062,92.5,90.80000305175781,91.87000274658203,8317300,80.87777709960938
QCOM,QCOM,2020-07-06,93.20999908447266,93.75,92.0999984741211,92.91999816894531,6933100,81.80216217041016
QCOM,QCOM,2020-07-07,92.97000122070312,93.55000305175781,91.91000366210938,92.13999938964844,6722400,81.11548614501953
QCOM,QCOM,2020-07-08,93.2699966430664,93.5999984741211,92.33999633789062,93.52999877929688,6692700,82.33916473388672
QCOM,QCOM,2020-07-09,93.94999694824219,93.94999694824219,91.44000244140625,93.25,6287700,82.09268188476562
QCOM,QCOM,2020-07-10,93.0,93.5199966430664,91.55999755859375,92.51000213623047,5687600,81.44121551513672
QCOM,QCOM,2020-07-13,93.30000305175781,94.12999725341797,91.19999694824219,91.33000183105469,7606400,80.40240478515625
QCOM,QCOM,2020-07-14,90.86000061035156,92.62000274658203,89.19999694824219,92.37999725341797,6571000,81.3267593383789
QCOM,QCOM,2020-07-15,92.93000030517578,92.93000030517578,91.01000213623047,92.55000305175781,6154100,81.47643280029297
QCOM,QCOM,2020-07-16,91.26000213623047,91.75,90.68000030517578,91.19999694824219,6178700,80.28792572021484
QCOM,QCOM,2020-07-17,91.68000030517578,92.45999908447266,91.0,92.2300033569336,5985700,81.19471740722656
QCOM,QCOM,2020-07-20,92.19000244140625,93.2699966430664,91.30000305175781,93.16999816894531,5407500,82.02223205566406
QCOM,QCOM,2020-07-21,93.55000305175781,93.8499984741211,91.80999755859375,92.30999755859375,7098600,81.26512145996094
QCOM,QCOM,2020-07-22,92.73999786376953,93.29000091552734,91.66999816894531,92.5999984741211,4366400,81.52043151855469
QCOM,QCOM,2020-07-23,92.91000366210938,92.97000122070312,89.2300033569336,89.66999816894531,9438500,78.9410171508789
QCOM,QCOM,2020-07-24,89.20999908447266,90.29000091552734,87.51000213623047,88.88999938964844,9520000,78.25432586669922
QCOM,QCOM,2020-07-27,90.0199966430664,92.83999633789062,89.26000213623047,92.69999694824219,8021700,81.60848999023438
QCOM,QCOM,2020-07-28,92.16999816894531,92.58999633789062,90.56999969482422,91.44999694824219,5818400,80.50804901123047
QCOM,QCOM,2020-07-29,92.08000183105469,93.62000274658203,91.73999786376953,93.02999877929688,11453000,81.89901733398438
QCOM,QCOM,2020-07-30,102.41999816894531,107.69000244140625,100.69999694824219,107.19000244140625,42122500,94.36476135253906
QCOM,QCOM,2020-07-31,105.66000366210938,107.75,104.51000213623047,105.61000061035156,16765100,92.97381591796875
QCOM,QCOM,2020-08-03,107.4000015258789,113.0,107.02999877929688,109.58999633789062,18899400,96.47758483886719
QCOM,QCOM,2020-08-04,109.48999786376953,111.0199966430664,108.66000366210938,110.94999694824219,10205400,97.67485809326172
QCOM,QCOM,2020-08-05,111.0,112.45999908447266,110.08000183105469,111.38999938964844,7967400,98.06221008300781
QCOM,QCOM,2020-08-06,111.2300033569336,111.36000061035156,109.93000030517578,111.05999755859375,6392200,97.7717056274414
QCOM,QCOM,2020-08-07,110.01000213623047,111.05000305175781,106.0,108.25,11155900,95.29794311523438
QCOM,QCOM,2020-08-10,108.5999984741211,108.98999786376953,105.72000122070312,106.36000061035156,10087100,93.63406372070312
QCOM,QCOM,2020-08-11,106.19999694824219,112.01000213623047,104.73999786376953,108.83000183105469,17803000,95.80851745605469
QCOM,QCOM,2020-08-12,110.38999938964844,116.25,109.6500015258789,115.79000091552734,18664700,101.93575286865234
QCOM,QCOM,2020-08-13,116.19999694824219,116.19999694824219,112.7699966430664,113.41000366210938,9958400,99.84053802490234
QCOM,QCOM,2020-08-14,113.30000305175781,114.5199966430664,112.56999969482422,113.73999786376953,6641000,100.13105010986328
QCOM,QCOM,2020-08-17,113.29000091552734,114.48999786376953,110.62999725341797,112.18000030517578,10283000,98.75770568847656
QCOM,QCOM,2020-08-18,112.91000366210938,113.37999725341797,111.5199966430664,112.02999877929688,6387000,98.62565612792969
QCOM,QCOM,2020-08-19,112.33000183105469,113.47000122070312,110.75,111.04000091552734,7747600,97.75410461425781
QCOM,QCOM,2020-08-20,110.0,110.9800033569336,109.66999816894531,110.66000366210938,7200300,97.4195785522461
QCOM,QCOM,2020-08-21,110.2300033569336,113.1500015258789,109.94999694824219,113.0,8546900,99.47959899902344
QCOM,QCOM,2020-08-24,114.37000274658203,116.0,113.2699966430664,115.91000366210938,10235000,102.0414047241211
QCOM,QCOM,2020-08-25,116.11000061035156,117.0999984741211,114.44000244140625,115.94999694824219,6208000,102.07661437988281
QCOM,QCOM,2020-08-26,116.25,116.55000305175781,115.16999816894531,116.04000091552734,7487400,102.15586853027344
QCOM,QCOM,2020-08-27,116.43000030517578,118.18000030517578,115.3499984741211,116.0199966430664,8206200,102.13823699951172
QCOM,QCOM,2020-08-28,116.70999908447266,118.26000213623047,116.16999816894531,118.19999694824219,6280300,104.05741119384766
QCOM,QCOM,2020-08-31,118.33000183105469,121.05999755859375,118.12000274658203,119.0999984741211,9694600,104.8497314453125
QCOM,QCOM,2020-09-01,121.08000183105469,122.56999969482422,119.51000213623047,122.01000213623047,9091900,107.41152954101562
QCOM,QCOM,2020-09-02,123.26000213623047,123.93000030517578,121.80999755859375,123.18000030517578,9167700,109.02237701416016
QCOM,QCOM,2020-09-03,121.30000305175781,121.70999908447266,115.5999984741211,116.43000030517578,13560800,103.04816436767578
QCOM,QCOM,2020-09-04,115.69000244140625,117.81999969482422,112.37999725341797,115.97000122070312,11064300,102.64105987548828
QCOM,QCOM,2020-09-08,111.94000244140625,113.87999725341797,109.62000274658203,109.7699966430664,10245200,97.15362548828125
QCOM,QCOM,2020-09-09,113.4800033569336,115.7699966430664,112.30000305175781,114.0199966430664,9708400,100.9151611328125
QCOM,QCOM,2020-09-10,115.1500015258789,115.80999755859375,111.56999969482422,112.44000244140625,6166300,99.51676940917969
QCOM,QCOM,2020-09-11,113.37999725341797,114.8499984741211,112.4000015258789,113.41999816894531,6740200,100.38412475585938
QCOM,QCOM,2020-09-14,115.23999786376953,115.43000030517578,112.6500015258789,113.45999908447266,5397300,100.4195327758789
QCOM,QCOM,2020-09-15,114.94000244140625,117.80999755859375,114.79000091552734,116.58000183105469,8773700,103.18094635009766
QCOM,QCOM,2020-09-16,118.0,118.0,114.54000091552734,114.55999755859375,6340100,101.3930892944336
QCOM,QCOM,2020-09-17,111.91999816894531,115.69999694824219,111.0,114.87999725341797,7418100,101.67633819580078
QCOM,QCOM,2020-09-18,115.04000091552734,115.43000030517578,109.80000305175781,110.69000244140625,15443200,97.96788024902344
QCOM,QCOM,2020-09-21,109.16000366210938,112.13999938964844,108.30000305175781,111.91999816894531,8197600,99.05652618408203
QCOM,QCOM,2020-09-22,112.61000061035156,114.25,110.41999816894531,113.81999969482422,6911200,100.73815155029297
QCOM,QCOM,2020-09-23,113.63999938964844,113.93000030517578,110.06999969482422,110.56999969482422,6553300,97.8616943359375
QCOM,QCOM,2020-09-24,109.38999938964844,113.29000091552734,109.23999786376953,112.19000244140625,6849000,99.2955093383789
QCOM,QCOM,2020-09-25,113.55000305175781,115.75,111.80000305175781,114.5,11718000,101.33999633789062
QCOM,QCOM,2020-09-28,115.95999908447266,118.73999786376953,114.91999816894531,118.47000122070312,9043600,104.85372161865234
QCOM,QCOM,2020-09-29,118.13999938964844,119.25,117.19999694824219,117.37999725341797,5655700,103.88897705078125
QCOM,QCOM,2020-09-30,117.5,119.26000213623047,116.91999816894531,117.68000030517578,5829700,104.15451049804688
QCOM,QCOM,2020-10-01,119.93000030517578,120.20999908447266,117.69999694824219,119.5199966430664,5316800,105.78302764892578
QCOM,QCOM,2020-10-02,116.77999877929688,118.66000366210938,115.43000030517578,115.47000122070312,5834300,102.19850158691406
QCOM,QCOM,2020-10-05,116.9000015258789,120.6500015258789,116.7300033569336,120.5199966430664,5835900,106.6680679321289
QCOM,QCOM,2020-10-06,120.44999694824219,122.5199966430664,119.0999984741211,119.54000091552734,7637000,105.80072784423828
QCOM,QCOM,2020-10-07,121.23999786376953,123.36000061035156,120.6500015258789,123.02999877929688,7410300,108.88957214355469
QCOM,QCOM,2020-10-08,124.0,124.43000030517578,121.83999633789062,122.33999633789062,4757500,108.27890014648438
QCOM,QCOM,2020-10-09,123.93000030517578,125.88999938964844,122.79000091552734,124.87000274658203,11073400,110.51811981201172
QCOM,QCOM,2020-10-12,127.69999694824219,127.69999694824219,124.94999694824219,126.69000244140625,7893800,112.12894439697266
QCOM,QCOM,2020-10-13,127.47000122070312,128.17999267578125,125.4000015258789,127.45999908447266,7605700,112.81044006347656
QCOM,QCOM,2020-10-14,129.0800018310547,132.4199981689453,128.92999267578125,129.8800048828125,13177100,114.95230865478516
QCOM,QCOM,2020-10-15,127.30000305175781,129.13999938964844,126.6500015258789,128.5800018310547,7376600,113.80171203613281
QCOM,QCOM,2020-10-16,129.6999969482422,130.19000244140625,127.73999786376953,129.02999877929688,6625400,114.19998931884766
QCOM,QCOM,2020-10-19,130.1300048828125,131.9600067138672,127.69999694824219,128.4199981689453,5765800,113.66009521484375
QCOM,QCOM,2020-10-20,129.17999267578125,129.3300018310547,127.51000213623047,128.3000030517578,4409800,113.55388641357422
QCOM,QCOM,2020-10-21,128.0399932861328,130.4199981689453,126.37000274658203,128.5500030517578,4344000,113.77515411376953
QCOM,QCOM,2020-10-22,129.50999450683594,129.58999633789062,126.86000061035156,128.3800048828125,3895100,113.62469482421875
QCOM,QCOM,2020-10-23,128.58999633789062,129.10000610351562,127.0999984741211,128.8800048828125,3943100,114.0672378540039
QCOM,QCOM,2020-10-26,127.52999877929688,128.6699981689453,124.4000015258789,126.19999694824219,6065900,111.6952896118164
QCOM,QCOM,2020-10-27,126.51000213623047,126.95999908447266,125.19000244140625,125.91000366210938,5825500,111.4385986328125
QCOM,QCOM,2020-10-28,123.5,123.81999969482422,121.05000305175781,121.58000183105469,8234800,107.60623931884766
QCOM,QCOM,2020-10-29,122.05999755859375,127.69000244140625,121.88999938964844,126.44000244140625,7053300,111.9076919555664
QCOM,QCOM,2020-10-30,123.68000030517578,125.25,121.5999984741211,123.36000061035156,7811200,109.1816635131836
QCOM,QCOM,2020-11-02,124.5,126.16999816894531,122.41000366210938,123.97000122070312,5860300,109.72158813476562
QCOM,QCOM,2020-11-03,125.44000244140625,126.91999816894531,124.69000244140625,125.44999694824219,5832800,111.0314712524414
QCOM,QCOM,2020-11-04,129.32000732421875,129.57000732421875,126.06999969482422,128.97000122070312,12608900,114.14688873291016
QCOM,QCOM,2020-11-05,145.82000732421875,148.8000030517578,141.8300018310547,145.41000366210938,27910900,128.6973876953125
QCOM,QCOM,2020-11-06,146.00999450683594,146.22999572753906,143.9600067138672,145.00999450683594,7278500,128.34336853027344
QCOM,QCOM,2020-11-09,149.41000366210938,149.41000366210938,142.44000244140625,142.61000061035156,10666300,126.21919250488281
QCOM,QCOM,2020-11-10,140.14999389648438,143.1699981689453,138.52999877929688,140.11000061035156,12019900,124.00650024414062
QCOM,QCOM,2020-11-11,144.5,148.08999633789062,144.0,147.69000244140625,10222700,130.71531677246094
QCOM,QCOM,2020-11-12,147.57000732421875,148.50999450683594,143.07000732421875,143.91000366210938,8580700,127.36978149414062
QCOM,QCOM,2020-11-13,145.5399932861328,146.25,143.22999572753906,144.25999450683594,5899200,127.67955017089844
QCOM,QCOM,2020-11-16,145.1999969482422,149.25,144.5500030517578,149.07000732421875,7598500,131.93675231933594
QCOM,QCOM,2020-11-17,149.02000427246094,149.85000610351562,147.17999267578125,148.74000549316406,7438600,131.64463806152344
QCOM,QCOM,2020-11-18,149.24000549316406,153.3300018310547,146.91000366210938,147.0500030517578,12124500,130.14889526367188
QCOM,QCOM,2020-11-19,146.55999755859375,149.3000030517578,145.4600067138672,147.52999877929688,7743700,130.57369995117188
QCOM,QCOM,2020-11-20,148.27999877929688,149.10000610351562,145.94000244140625,146.02999877929688,5551900,129.24609375
QCOM,QCOM,2020-11-23,142.35000610351562,147.0,141.8800048828125,143.82000732421875,11649400,127.2901382446289
QCOM,QCOM,2020-11-24,143.38999938964844,146.3300018310547,141.11000061035156,145.92999267578125,10800800,129.15757751464844
QCOM,QCOM,2020-11-25,145.9499969482422,147.49000549316406,144.0399932861328,144.0800018310547,6398900,127.52023315429688
QCOM,QCOM,2020-11-27,145.49000549316406,146.42999267578125,143.6999969482422,143.8300018310547,3878000,127.29896545410156
QCOM,QCOM,2020-11-30,144.6300048828125,147.2899932861328,144.0500030517578,147.1699981689453,8712500,130.25506591796875
QCOM,QCOM,2020-12-01,148.7899932861328,152.38999938964844,147.7899932861328,151.25999450683594,11906100,133.87501525878906
QCOM,QCOM,2020-12-02,150.50999450683594,151.49000549316406,149.6199951171875,149.97999572753906,7800300,133.31497192382812
QCOM,QCOM,2020-12-03,151.0399932861328,152.77000427246094,149.63999938964844,149.91000366210938,6355300,133.25279235839844
QCOM,QCOM,2020-12-04,150.3000030517578,158.08999633789062,150.0,157.6199951171875,12759900,140.1060791015625
QCOM,QCOM,2020-12-07,158.5500030517578,158.97000122070312,156.7100067138672,158.02000427246094,7009300,140.46165466308594
QCOM,QCOM,2020-12-08,157.4600067138672,159.2899932861328,155.8699951171875,158.8000030517578,6088300,141.1549530029297
QCOM,QCOM,2020-12-09,158.60000610351562,161.07000732421875,155.5500030517578,156.02000427246094,7947200,138.68386840820312
QCOM,QCOM,2020-12-10,154.4199981689453,157.85000610351562,152.72999572753906,155.75,7522200,138.44387817382812
QCOM,QCOM,2020-12-11,149.24000549316406,150.27000427246094,141.88999938964844,144.27999877929688,25923100,128.24835205078125
QCOM,QCOM,2020-12-14,144.89999389648438,147.75,143.3300018310547,146.2899932861328,12258500,130.03501892089844
QCOM,QCOM,2020-12-15,149.3699951171875,149.9199981689453,147.10000610351562,148.36000061035156,6616400,131.8750457763672
QCOM,QCOM,2020-12-16,149.13999938964844,150.44000244140625,146.7100067138672,149.74000549316406,6610900,133.10166931152344
QCOM,QCOM,2020-12-17,150.8699951171875,151.22999572753906,148.3800048828125,149.52999877929688,7039000,132.91502380371094
QCOM,QCOM,2020-12-18,150.7899932861328,150.7899932861328,146.1199951171875,147.4199981689453,13288300,131.03944396972656
QCOM,QCOM,2020-12-21,145.00999450683594,147.36000061035156,144.41000366210938,146.8000030517578,7024600,130.48837280273438
QCOM,QCOM,2020-12-22,146.61000061035156,147.02999877929688,144.72000122070312,146.33999633789062,5751500,130.0794677734375
QCOM,QCOM,2020-12-23,147.6300048828125,151.5399932861328,146.8699951171875,146.9600067138672,5186700,130.63055419921875
QCOM,QCOM,2020-12-24,147.8000030517578,148.89999389648438,147.1999969482422,148.7899932861328,2120200,132.25721740722656
QCOM,QCOM,2020-12-28,150.6199951171875,151.07000732421875,147.44000244140625,147.74000549316406,4576600,131.32388305664062
QCOM,QCOM,2020-12-29,148.97000122070312,148.99000549316406,147.02999877929688,148.49000549316406,3543800,131.99053955078125
QCOM,QCOM,2020-12-30,149.1199951171875,151.61000061035156,148.9199981689453,149.9499969482422,3965600,133.28831481933594
QCOM,QCOM,2020-12-31,150.32000732421875,152.55999755859375,150.10000610351562,152.33999633789062,4941700,135.41278076171875
QCOM,QCOM,2021-01-04,153.00999450683594,155.14999389648438,147.13999938964844,148.5,9827000,131.99948120117188
QCOM,QCOM,2021-01-05,148.64999389648438,152.6999969482422,148.5,152.42999267578125,8507200,135.4927520751953
QCOM,QCOM,2021-01-06,151.52999877929688,153.8699951171875,149.47000122070312,151.19000244140625,7174600,134.3905487060547
QCOM,QCOM,2021-01-07,152.3300018310547,156.4199981689453,152.25999450683594,155.6999969482422,8482300,138.39942932128906
QCOM,QCOM,2021-01-08,157.22999572753906,157.52999877929688,154.5399932861328,156.63999938964844,6252400,139.23495483398438
QCOM,QCOM,2021-01-11,156.10000610351562,158.1300048828125,154.9199981689453,156.11000061035156,5147800,138.7638702392578
QCOM,QCOM,2021-01-12,156.63999938964844,156.8699951171875,153.9600067138672,154.4499969482422,4385700,137.28834533691406
QCOM,QCOM,2021-01-13,155.19000244140625,157.92999267578125,153.64999389648438,157.4199981689453,5479900,139.92831420898438
QCOM,QCOM,2021-01-14,159.39999389648438,163.17999267578125,158.5,160.85000610351562,10102400,142.97718811035156
QCOM,QCOM,2021-01-15,160.77000427246094,160.86000061035156,156.8800048828125,157.08999633789062,8607400,139.6349639892578
QCOM,QCOM,2021-01-19,158.94000244140625,164.10000610351562,158.4499969482422,163.77000427246094,8209000,145.57276916503906
QCOM,QCOM,2021-01-20,164.72000122070312,167.94000244140625,164.44000244140625,164.60000610351562,7943300,146.31048583984375
QCOM,QCOM,2021-01-21,165.80999755859375,166.49000549316406,163.33999633789062,164.75,6295700,146.44384765625
QCOM,QCOM,2021-01-22,164.0,164.27000427246094,161.52000427246094,162.4199981689453,5062300,144.37269592285156
QCOM,QCOM,2021-01-25,164.32000732421875,167.0500030517578,161.72999572753906,164.39999389648438,5370800,146.13272094726562
QCOM,QCOM,2021-01-26,164.1999969482422,164.64999389648438,160.91000366210938,162.5500030517578,6554200,144.48828125
QCOM,QCOM,2021-01-27,158.49000549316406,160.72999572753906,152.69000244140625,153.6699981689453,9854000,136.59498596191406
QCOM,QCOM,2021-01-28,156.27999877929688,158.97000122070312,153.11000061035156,155.5500030517578,8087400,138.26612854003906
QCOM,QCOM,2021-01-29,160.25,160.63999938964844,154.75,156.27999877929688,9502100,138.91497802734375
QCOM,QCOM,2021-02-01,157.3699951171875,162.39999389648438,156.49000549316406,161.5800018310547,8265100,143.62608337402344
QCOM,QCOM,2021-02-02,164.50999450683594,165.3800048828125,161.3000030517578,164.77999877929688,6926500,146.47047424316406
QCOM,QCOM,2021-02-03,167.5800018310547,167.5800018310547,161.8000030517578,162.3000030517578,14156700,144.26612854003906
QCOM,QCOM,2021-02-04,150.17999267578125,151.77999877929688,145.1999969482422,147.97000122070312,46141800,131.5283203125
QCOM,QCOM,2021-02-05,148.85000610351562,148.89999389648438,144.6199951171875,145.83999633789062,24695400,129.63499450683594
QCOM,QCOM,2021-02-08,147.10000610351562,147.60000610351562,145.3000030517578,147.3800048828125,12181600,131.00392150878906
QCOM,QCOM,2021-02-09,147.5500030517578,148.5,145.89999389648438,146.11000061035156,11681300,129.87501525878906
QCOM,QCOM,2021-02-10,147.6199951171875,147.75,144.3699951171875,145.5,11701300,129.33279418945312
QCOM,QCOM,2021-02-11,145.77999877929688,146.57000732421875,143.52999877929688,145.55999755859375,11600200,129.3861083984375
QCOM,QCOM,2021-02-12,145.57000732421875,151.39999389648438,144.8699951171875,147.97999572753906,9155200,131.5372314453125
QCOM,QCOM,2021-02-16,149.0,149.74000549316406,146.05999755859375,147.16000366210938,10211900,130.80836486816406
QCOM,QCOM,2021-02-17,145.82000732421875,146.88999938964844,143.4199981689453,144.75,11937200,128.66612243652344
QCOM,QCOM,2021-02-18,143.5399932861328,144.6999969482422,142.9600067138672,143.91000366210938,8404400,127.91949462890625
QCOM,QCOM,2021-02-19,144.77999877929688,145.85000610351562,143.49000549316406,144.94000244140625,10012500,128.8350372314453
QCOM,QCOM,2021-02-22,142.25,144.1199951171875,139.0800018310547,139.4600067138672,12763900,123.96395874023438
QCOM,QCOM,2021-02-23,136.3800048828125,138.47999572753906,134.44000244140625,137.1199951171875,14425300,121.88392639160156
QCOM,QCOM,2021-02-24,136.39999389648438,141.17999267578125,135.08999633789062,141.10000610351562,13146200,125.42169952392578
QCOM,QCOM,2021-02-25,139.55999755859375,140.8300018310547,135.02000427246094,135.52999877929688,12701100,120.47061157226562
QCOM,QCOM,2021-02-26,136.75999450683594,138.14999389648438,134.6999969482422,136.19000244140625,11772600,121.05729675292969
QCOM,QCOM,2021-03-01,137.5,139.6300048828125,136.4600067138672,139.49000549316406,9421400,123.99061584472656
QCOM,QCOM,2021-03-02,140.0,140.10000610351562,136.77000427246094,137.0399932861328,8693200,121.81282806396484
QCOM,QCOM,2021-03-03,135.60000610351562,136.17999267578125,131.5399932861328,131.66000366210938,14862700,117.58836364746094
QCOM,QCOM,2021-03-04,132.35000610351562,134.1999969482422,126.58000183105469,127.80000305175781,15831100,114.14090728759766
QCOM,QCOM,2021-03-05,130.9199981689453,131.1699981689453,125.4000015258789,129.75,13292000,115.88249969482422
QCOM,QCOM,2021-03-08,129.0,129.77000427246094,122.98999786376953,123.19999694824219,15256100,110.03254699707031
QCOM,QCOM,2021-03-09,127.38999938964844,129.9199981689453,126.33000183105469,129.11000061035156,13130200,115.3109130859375
QCOM,QCOM,2021-03-10,130.6699981689453,131.10000610351562,127.63999938964844,127.87000274658203,12492300,114.20344543457031
QCOM,QCOM,2021-03-11,131.00999450683594,133.24000549316406,130.00999450683594,131.74000549316406,11920200,117.65982818603516
QCOM,QCOM,2021-03-12,129.89999389648438,130.3300018310547,127.62000274658203,129.97999572753906,9365700,116.08790588378906
QCOM,QCOM,2021-03-15,130.05999755859375,131.75999450683594,129.1199951171875,131.63999938964844,7807200,117.57048797607422
QCOM,QCOM,2021-03-16,132.88999938964844,135.44000244140625,132.2899932861328,133.64999389648438,10434700,119.36568450927734
QCOM,QCOM,2021-03-17,131.30999755859375,135.60000610351562,129.67999267578125,133.9199981689453,10781500,119.60680389404297
QCOM,QCOM,2021-03-18,132.44000244140625,133.60000610351562,129.66000366210938,129.75,9579000,115.88249969482422
QCOM,QCOM,2021-03-19,129.7899932861328,132.47999572753906,129.1699981689453,131.02000427246094,17599900,117.01677703857422
QCOM,QCOM,2021-03-22,132.9600067138672,135.5500030517578,132.60000610351562,134.08999633789062,9036900,119.7586441040039
QCOM,QCOM,2021-03-23,134.0,134.35000610351562,131.41000366210938,132.52000427246094,7425700,118.35647583007812
QCOM,QCOM,2021-03-24,132.99000549316406,133.05999755859375,127.11000061035156,127.18000030517578,10962300,113.58718872070312
QCOM,QCOM,2021-03-25,126.66000366210938,127.63999938964844,124.38999938964844,127.27999877929688,10460800,113.67649841308594
QCOM,QCOM,2021-03-26,127.05999755859375,133.35000610351562,127.04000091552734,132.99000549316406,11071600,118.77621459960938
QCOM,QCOM,2021-03-29,132.5399932861328,133.33999633789062,129.77000427246094,131.27000427246094,9750100,117.24004364013672
QCOM,QCOM,2021-03-30,130.1699981689453,131.24000549316406,129.07000732421875,130.11000061035156,7097300,116.20401000976562
QCOM,QCOM,2021-03-31,130.9600067138672,133.52000427246094,130.57000732421875,132.58999633789062,8361300,118.41896057128906
QCOM,QCOM,2021-04-01,134.5,138.42999267578125,133.60000610351562,137.7899932861328,14069600,123.06318664550781
QCOM,QCOM,2021-04-05,139.0399932861328,140.5,138.22999572753906,140.3300018310547,12562800,125.33171081542969
QCOM,QCOM,2021-04-06,139.85000610351562,140.22999572753906,137.63999938964844,138.05999755859375,9100000,123.30437469482422
QCOM,QCOM,2021-04-07,138.3300018310547,139.9499969482422,137.39999389648438,139.42999267578125,6958500,124.52790832519531
QCOM,QCOM,2021-04-08,140.0,140.3699951171875,138.80999755859375,140.33999633789062,7304900,125.34066009521484
QCOM,QCOM,2021-04-09,139.89999389648438,140.67999267578125,138.8800048828125,140.57000732421875,6033200,125.54607391357422
QCOM,QCOM,2021-04-12,138.86000061035156,139.88999938964844,136.0500030517578,137.44000244140625,10355500,122.7506103515625
QCOM,QCOM,2021-04-13,138.3800048828125,138.77000427246094,135.75,137.3000030517578,9225200,122.62557983398438
QCOM,QCOM,2021-04-14,137.0800018310547,137.83999633789062,133.91000366210938,134.75,9967800,120.34813690185547
QCOM,QCOM,2021-04-15,136.0,137.99000549316406,135.57000732421875,137.83999633789062,11733200,123.10787200927734
QCOM,QCOM,2021-04-16,137.6199951171875,139.00999450683594,136.64999389648438,138.2100067138672,6583900,123.43829345703125
QCOM,QCOM,2021-04-19,136.89999389648438,137.0500030517578,134.08999633789062,135.25,8728900,120.79466247558594
QCOM,QCOM,2021-04-20,134.5500030517578,134.77999877929688,132.7899932861328,133.39999389648438,7473700,119.14239501953125
QCOM,QCOM,2021-04-21,132.82000732421875,136.3699951171875,132.5,136.19000244140625,7237900,121.63421630859375
QCOM,QCOM,2021-04-22,135.3699951171875,135.9600067138672,132.47000122070312,132.97000122070312,8345100,118.75836181640625
QCOM,QCOM,2021-04-23,133.74000549316406,136.11000061035156,133.5399932861328,135.42999267578125,7666600,120.9554672241211
QCOM,QCOM,2021-04-26,135.3300018310547,139.69000244140625,135.1199951171875,138.9600067138672,9715400,124.10816955566406
QCOM,QCOM,2021-04-27,138.7100067138672,139.3800048828125,136.97999572753906,138.00999450683594,9284500,123.25967407226562
QCOM,QCOM,2021-04-28,138.1699981689453,138.27000427246094,135.75,136.57000732421875,13118100,121.97360229492188
QCOM,QCOM,2021-04-29,145.00999450683594,145.3000030517578,140.6699981689453,142.67999267578125,20502100,127.43055725097656
QCOM,QCOM,2021-04-30,141.07000732421875,142.08999633789062,138.25999450683594,138.8000030517578,11374600,123.96524047851562
QCOM,QCOM,2021-05-03,139.6999969482422,139.75999450683594,136.8699951171875,137.42999267578125,7920300,122.74166107177734
QCOM,QCOM,2021-05-04,136.0,136.0,132.4199981689453,134.1199951171875,11996300,119.7854232788086
QCOM,QCOM,2021-05-05,136.0800018310547,136.4499969482422,134.11000061035156,134.64999389648438,6285500,120.25877380371094
QCOM,QCOM,2021-05-06,134.49000549316406,136.5399932861328,133.10000610351562,136.0,8352500,121.4645004272461
QCOM,QCOM,2021-05-07,136.94000244140625,138.69000244140625,136.2899932861328,137.85000610351562,6893700,123.1167984008789
QCOM,QCOM,2021-05-10,136.02000427246094,136.67999267578125,128.82000732421875,128.94000244140625,19537200,115.15907287597656
QCOM,QCOM,2021-05-11,125.25,128.55999755859375,124.7699966430664,128.3699951171875,11948000,114.65001678466797
QCOM,QCOM,2021-05-12,126.02999877929688,127.12999725341797,123.68000030517578,124.62000274658203,13529600,111.3008041381836
QCOM,QCOM,2021-05-13,127.12000274658203,128.47999572753906,125.87000274658203,127.11000061035156,10633000,113.52466583251953
QCOM,QCOM,2021-05-14,128.6300048828125,131.4199981689453,127.80999755859375,130.14999389648438,9391100,116.23976135253906
QCOM,QCOM,2021-05-17,129.2899932861328,129.8300018310547,127.70999908447266,129.8000030517578,5917400,115.92717742919922
QCOM,QCOM,2021-05-18,130.63999938964844,131.24000549316406,128.7899932861328,128.91000366210938,8651100,115.13229370117188
QCOM,QCOM,2021-05-19,127.19000244140625,130.8300018310547,126.44999694824219,130.66000366210938,8112900,116.69524383544922
QCOM,QCOM,2021-05-20,131.52999877929688,133.27999877929688,131.4600067138672,132.63999938964844,9208400,118.46363830566406
QCOM,QCOM,2021-05-21,132.13999938964844,132.69000244140625,130.49000549316406,131.4600067138672,8674000,117.40975189208984
QCOM,QCOM,2021-05-24,131.3300018310547,134.0,131.3300018310547,132.91000366210938,8229300,118.70476531982422
QCOM,QCOM,2021-05-25,133.5399932861328,134.3000030517578,132.8000030517578,133.75,7271400,119.45500183105469
QCOM,QCOM,2021-05-26,133.8699951171875,134.52000427246094,132.22000122070312,133.08999633789062,6663300,118.86553192138672
QCOM,QCOM,2021-05-27,132.72999572753906,134.63999938964844,132.7100067138672,133.63999938964844,7379300,119.35675048828125
QCOM,QCOM,2021-05-28,134.14999389648438,135.63999938964844,133.9499969482422,134.5399932861328,7042200,120.16053771972656
QCOM,QCOM,2021-06-01,135.10000610351562,136.07000732421875,133.52999877929688,133.94000244140625,7059600,119.62467956542969
QCOM,QCOM,2021-06-02,133.17999267578125,134.72999572753906,132.47000122070312,133.82000732421875,6026000,120.12737274169922
QCOM,QCOM,2021-06-03,132.64999389648438,133.38999938964844,131.4199981689453,131.77999877929688,6644000,118.29611206054688
QCOM,QCOM,2021-06-04,132.52999877929688,135.0500030517578,132.1999969482422,134.33999633789062,7416700,120.59417724609375
QCOM,QCOM,2021-06-07,133.6999969482422,133.77000427246094,132.63999938964844,133.32000732421875,5563300,119.67857360839844
QCOM,QCOM,2021-06-08,134.05999755859375,135.38999938964844,133.0,134.1999969482422,9657900,120.468505859375
QCOM,QCOM,2021-06-09,135.10000610351562,135.35000610351562,132.7899932861328,132.88999938964844,6717200,119.29254150390625
QCOM,QCOM,2021-06-10,133.0500030517578,135.10000610351562,132.5800018310547,134.22000122070312,5522300,120.4864501953125
QCOM,QCOM,2021-06-11,133.8000030517578,134.64999389648438,133.64999389648438,134.6199951171875,6529900,120.84554290771484
QCOM,QCOM,2021-06-14,135.1999969482422,137.30999755859375,134.7899932861328,137.30999755859375,7912600,123.2602767944336
QCOM,QCOM,2021-06-15,137.13999938964844,137.3800048828125,135.22999572753906,135.5800018310547,5723600,121.70728302001953
QCOM,QCOM,2021-06-16,136.47000122070312,137.0500030517578,133.66000366210938,134.9499969482422,7404700,121.14176177978516
QCOM,QCOM,2021-06-17,134.30999755859375,136.6199951171875,134.08999633789062,135.35000610351562,6618300,121.5008316040039
QCOM,QCOM,2021-06-18,134.5500030517578,134.5800018310547,132.24000549316406,133.0,12753600,119.39126586914062
QCOM,QCOM,2021-06-21,133.0500030517578,135.10000610351562,132.66000366210938,133.9600067138672,6371400,120.25305938720703
QCOM,QCOM,2021-06-22,134.22000122070312,135.30999755859375,133.2899932861328,135.0800018310547,5976400,121.25845336914062
QCOM,QCOM,2021-06-23,134.88999938964844,136.22999572753906,134.80999755859375,135.52000427246094,6613800,121.6534423828125
QCOM,QCOM,2021-06-24,136.6199951171875,138.50999450683594,136.35000610351562,137.9199981689453,7941700,123.80787658691406
QCOM,QCOM,2021-06-25,138.4499969482422,139.47000122070312,136.97000122070312,137.64999389648438,7949200,123.56551361083984
QCOM,QCOM,2021-06-28,138.22999572753906,140.1699981689453,137.97999572753906,139.72000122070312,6645500,125.42366790771484
QCOM,QCOM,2021-06-29,139.6300048828125,142.9499969482422,139.25,142.6199951171875,6885400,128.02694702148438
QCOM,QCOM,2021-06-30,142.35000610351562,143.6300048828125,141.83999633789062,142.92999267578125,6449700,128.30523681640625
QCOM,QCOM,2021-07-01,142.91000366210938,143.02000427246094,140.35000610351562,140.8000030517578,6094100,126.39320373535156
QCOM,QCOM,2021-07-02,141.99000549316406,142.67999267578125,141.25,142.5800018310547,5399100,127.99104309082031
QCOM,QCOM,2021-07-06,143.0,143.17999267578125,139.67999267578125,141.19000244140625,7095200,126.74331665039062
QCOM,QCOM,2021-07-07,142.24000549316406,142.36000061035156,139.05999755859375,139.97000122070312,5034900,125.64810180664062
QCOM,QCOM,2021-07-08,137.72000122070312,138.8699951171875,135.60000610351562,138.2899932861328,7501100,124.14000701904297
QCOM,QCOM,2021-07-09,137.88999938964844,141.72999572753906,137.80999755859375,141.42999267578125,7356800,126.95870971679688
QCOM,QCOM,2021-07-12,141.39999389648438,143.02000427246094,141.1999969482422,142.47000122070312,6786500,127.89226531982422
QCOM,QCOM,2021-07-13,142.44000244140625,142.66000366210938,140.4199981689453,141.17999267578125,5657600,126.7342758178711
QCOM,QCOM,2021-07-14,143.5,146.33999633789062,142.5,143.75,11305700,129.0413360595703
QCOM,QCOM,2021-07-15,144.1199951171875,144.13999938964844,140.72000122070312,141.4600067138672,6667400,126.98567962646484
QCOM,QCOM,2021-07-16,141.8699951171875,142.50999450683594,139.52999877929688,139.7100067138672,5914300,125.41471862792969
QCOM,QCOM,2021-07-19,138.32000732421875,138.89999389648438,136.80999755859375,138.7899932861328,9371300,124.58882904052734
QCOM,QCOM,2021-07-20,139.02000427246094,140.4199981689453,137.1999969482422,139.5500030517578,6020400,125.27111053466797
QCOM,QCOM,2021-07-21,139.64999389648438,142.22000122070312,139.64999389648438,142.1699981689453,6161900,127.62300872802734
QCOM,QCOM,2021-07-22,142.0,142.85000610351562,141.5,142.44000244140625,3862600,127.8653793334961
QCOM,QCOM,2021-07-23,143.4499969482422,144.99000549316406,142.02999877929688,144.8800048828125,6310400,130.05569458007812
QCOM,QCOM,2021-07-26,143.9499969482422,144.3800048828125,142.24000549316406,143.5,6253900,128.81692504882812
QCOM,QCOM,2021-07-27,142.49000549316406,143.0,138.2100067138672,140.92999267578125,7575800,126.5098876953125
QCOM,QCOM,2021-07-28,141.27000427246094,142.91000366210938,140.13999938964844,142.44000244140625,9303400,127.8653793334961
QCOM,QCOM,2021-07-29,146.5,151.52000427246094,146.41000366210938,150.99000549316406,19446900,135.5405731201172
QCOM,QCOM,2021-07-30,149.1999969482422,150.41000366210938,148.36000061035156,149.8000030517578,8404800,134.47232055664062
QCOM,QCOM,2021-08-02,150.0,152.27999877929688,148.2100067138672,148.86000061035156,10823800,133.6284637451172
QCOM,QCOM,2021-08-03,148.91000366210938,149.5800018310547,146.55999755859375,147.9499969482422,6223400,132.81155395507812
QCOM,QCOM,2021-08-04,148.02000427246094,149.1999969482422,147.3300018310547,148.22000122070312,5556400,133.05397033691406
QCOM,QCOM,2021-08-05,147.24000549316406,147.47000122070312,144.57000732421875,146.8300018310547,7169200,131.80618286132812
QCOM,QCOM,2021-08-06,146.1300048828125,148.22999572753906,145.9199981689453,146.27999877929688,5733300,131.3124542236328
QCOM,QCOM,2021-08-09,146.7899932861328,147.72000122070312,145.75,146.9199981689453,4966600,131.88699340820312
QCOM,QCOM,2021-08-10,147.32000732421875,147.5,142.39999389648438,145.8699951171875,4197100,130.94439697265625
QCOM,QCOM,2021-08-11,146.05999755859375,146.7899932861328,144.39999389648438,146.67999267578125,6216000,131.6715087890625
QCOM,QCOM,2021-08-12,147.75999450683594,148.0,146.38999938964844,147.14999389648438,5777700,132.09344482421875
QCOM,QCOM,2021-08-13,147.0,149.30999755859375,146.92999267578125,148.63999938964844,5764000,133.43096923828125
QCOM,QCOM,2021-08-16,148.39999389648438,149.0800018310547,146.72000122070312,148.1300048828125,4410800,132.97315979003906
QCOM,QCOM,2021-08-17,146.9499969482422,147.0,143.57000732421875,144.41000366210938,7256800,129.63380432128906
QCOM,QCOM,2021-08-18,143.83999633789062,144.66000366210938,141.97999572753906,142.17999267578125,6546500,127.6319351196289
QCOM,QCOM,2021-08-19,140.64999389648438,141.4499969482422,138.9600067138672,140.61000061035156,8661000,126.22262573242188
QCOM,QCOM,2021-08-20,140.61000061035156,142.25999450683594,140.3000030517578,142.08999633789062,6141000,127.55118560791016
QCOM,QCOM,2021-08-23,142.64999389648438,144.61000061035156,142.35000610351562,144.13999938964844,6936900,129.3914337158203
QCOM,QCOM,2021-08-24,144.58999633789062,145.58999633789062,143.83999633789062,144.4600067138672,7066800,129.67864990234375
QCOM,QCOM,2021-08-25,144.4600067138672,145.42999267578125,143.47000122070312,143.8699951171875,5721600,129.14907836914062
QCOM,QCOM,2021-08-26,143.19000244140625,143.75999450683594,141.6199951171875,142.3800048828125,6825100,127.81155395507812
QCOM,QCOM,2021-08-27,142.1999969482422,144.9499969482422,141.9199981689453,144.85000610351562,6274500,130.02877807617188
QCOM,QCOM,2021-08-30,145.58999633789062,147.86000061035156,145.55999755859375,145.94000244140625,5263600,131.00726318359375
QCOM,QCOM,2021-08-31,146.8000030517578,147.52999877929688,144.55999755859375,146.69000244140625,7820500,131.68052673339844
QCOM,QCOM,2021-09-01,146.83999633789062,148.10000610351562,146.22000122070312,146.4499969482422,6451400,132.0773468017578
QCOM,QCOM,2021-09-02,146.6999969482422,146.88999938964844,144.50999450683594,145.1199951171875,6006700,130.87783813476562
QCOM,QCOM,2021-09-03,145.1199951171875,145.99000549316406,144.22999572753906,144.6300048828125,5505800,130.43592834472656
QCOM,QCOM,2021-09-07,144.67999267578125,144.75999450683594,143.1199951171875,143.75,6361200,129.64230346679688
QCOM,QCOM,2021-09-08,143.36000061035156,143.6199951171875,141.49000549316406,142.52000427246094,5981300,128.53302001953125
QCOM,QCOM,2021-09-09,142.47000122070312,143.5399932861328,141.4499969482422,141.5800018310547,6190800,127.68524932861328
QCOM,QCOM,2021-09-10,143.1300048828125,146.0,142.5399932861328,142.67999267578125,6263300,128.6772918701172
QCOM,QCOM,2021-09-13,144.02000427246094,144.72999572753906,142.02999877929688,143.41000366210938,4312800,129.3356475830078
QCOM,QCOM,2021-09-14,144.47000122070312,144.80999755859375,140.6199951171875,141.13999938964844,6442100,127.28843688964844
QCOM,QCOM,2021-09-15,140.80999755859375,141.0,137.52000427246094,138.24000549316406,11289100,124.67306518554688
QCOM,QCOM,2021-09-16,137.32000732421875,138.9600067138672,137.32000732421875,138.39999389648438,6719900,124.81733703613281
QCOM,QCOM,2021-09-17,137.80999755859375,138.0,133.13999938964844,133.60000610351562,14550500,120.48844146728516
QCOM,QCOM,2021-09-20,131.47000122070312,133.1199951171875,130.61000061035156,132.75999450683594,9647100,119.73085021972656
QCOM,QCOM,2021-09-21,133.58999633789062,133.91000366210938,131.27999877929688,131.75,6175300,118.81999969482422
QCOM,QCOM,2021-09-22,132.58999633789062,133.49000549316406,131.97999572753906,133.00999450683594,5163000,119.95631408691406
QCOM,QCOM,2021-09-23,133.75,135.16000366210938,133.22000122070312,133.91000366210938,5918900,120.76802062988281
QCOM,QCOM,2021-09-24,133.11000061035156,134.5500030517578,132.8000030517578,133.8800048828125,4554600,120.740966796875
QCOM,QCOM,2021-09-27,132.42999267578125,134.0399932861328,132.02000427246094,133.47999572753906,4319500,120.38020324707031
QCOM,QCOM,2021-09-28,131.75,132.74000549316406,129.6999969482422,129.89999389648438,8851700,117.15155792236328
QCOM,QCOM,2021-09-29,130.58999633789062,131.4499969482422,128.88999938964844,129.27999877929688,7037200,116.5923843383789
QCOM,QCOM,2021-09-30,130.35000610351562,131.0800018310547,128.6999969482422,128.97999572753906,6976800,116.32183074951172
QCOM,QCOM,2021-10-01,129.8000030517578,130.02000427246094,126.47000122070312,128.7100067138672,6863700,116.07835388183594
QCOM,QCOM,2021-10-04,128.9199981689453,129.7899932861328,125.91999816894531,126.68000030517578,8470300,114.24755859375
QCOM,QCOM,2021-10-05,126.12999725341797,128.77000427246094,125.69000244140625,127.52999877929688,9244300,115.01414489746094
QCOM,QCOM,2021-10-06,126.55000305175781,128.27000427246094,126.06999969482422,128.05999755859375,8513700,115.49211883544922
QCOM,QCOM,2021-10-07,129.25999450683594,130.72000122070312,127.58999633789062,127.83999633789062,8010600,115.29371643066406
QCOM,QCOM,2021-10-08,128.58999633789062,128.58999633789062,126.20999908447266,126.55000305175781,6920500,114.13032531738281
QCOM,QCOM,2021-10-11,126.05999755859375,127.2300033569336,124.87999725341797,124.94000244140625,6288200,112.67833709716797
QCOM,QCOM,2021-10-12,125.37999725341797,125.47000122070312,122.16999816894531,122.94999694824219,10531500,110.88362884521484
QCOM,QCOM,2021-10-13,125.19999694824219,126.31999969482422,123.5199966430664,125.04000091552734,12373800,112.76851654052734
QCOM,QCOM,2021-10-14,126.16000366210938,129.3000030517578,125.98999786376953,128.66000366210938,10637900,116.03324127197266
QCOM,QCOM,2021-10-15,129.02000427246094,130.47999572753906,128.67999267578125,130.1999969482422,7609700,117.4220962524414
QCOM,QCOM,2021-10-18,129.32000732421875,130.27000427246094,128.24000549316406,130.1199951171875,5290000,117.34994506835938
QCOM,QCOM,2021-10-19,131.02000427246094,132.8000030517578,130.32000732421875,132.5,7330700,119.49638366699219
QCOM,QCOM,2021-10-20,132.5,133.00999450683594,131.25999450683594,132.16000366210938,4804100,119.18976593017578
QCOM,QCOM,2021-10-21,132.0,133.25999450683594,131.39999389648438,133.0500030517578,4579200,119.9924087524414
QCOM,QCOM,2021-10-22,132.89999389648438,133.69000244140625,131.42999267578125,131.6199951171875,5216200,118.70274353027344
QCOM,QCOM,2021-10-25,131.82000732421875,133.1699981689453,131.3000030517578,131.92999267578125,4876300,118.98231506347656
QCOM,QCOM,2021-10-26,132.89999389648438,133.7899932861328,131.07000732421875,131.94000244140625,5802200,118.99134826660156
QCOM,QCOM,2021-10-27,131.94000244140625,132.36000061035156,130.50999450683594,131.1999969482422,5090400,118.323974609375
QCOM,QCOM,2021-10-28,131.99000549316406,133.8300018310547,131.8699951171875,133.69000244140625,5016700,120.56958770751953
QCOM,QCOM,2021-10-29,132.86000061035156,133.67999267578125,132.4499969482422,133.0399932861328,5251100,119.98339080810547
QCOM,QCOM,2021-11-01,132.44000244140625,134.8699951171875,132.44000244140625,134.80999755859375,6903000,121.57967376708984
QCOM,QCOM,2021-11-02,134.5500030517578,135.72999572753906,134.1199951171875,135.22999572753906,7321900,121.95845794677734
QCOM,QCOM,2021-11-03,135.75,138.85000610351562,135.0399932861328,138.47999572753906,13216000,124.8895263671875
QCOM,QCOM,2021-11-04,156.32000732421875,159.5800018310547,153.3000030517578,156.11000061035156,48321500,140.78927612304688
QCOM,QCOM,2021-11-05,157.07000732421875,168.5500030517578,155.91000366210938,163.02999877929688,27226600,147.03018188476562
QCOM,QCOM,2021-11-08,163.2100067138672,167.7100067138672,161.27999877929688,165.85000610351562,14541400,149.57339477539062
QCOM,QCOM,2021-11-09,166.50999450683594,169.52000427246094,164.3800048828125,166.74000549316406,12353900,150.3760528564453
QCOM,QCOM,2021-11-10,165.08999633789062,166.1199951171875,159.02999877929688,159.8000030517578,11327100,144.1171112060547
QCOM,QCOM,2021-11-11,161.8000030517578,165.55999755859375,161.38999938964844,164.4199981689453,7624200,148.2837677001953
QCOM,QCOM,2021-11-12,165.0,166.02000427246094,164.3300018310547,164.94000244140625,7371000,148.75271606445312
QCOM,QCOM,2021-11-15,166.5,169.94000244140625,165.80999755859375,168.50999450683594,12350200,151.9723358154297
QCOM,QCOM,2021-11-16,168.11000061035156,183.72999572753906,167.05999755859375,181.80999755859375,33338200,163.9670867919922
QCOM,QCOM,2021-11-17,180.7899932861328,186.3300018310547,178.6300048828125,183.5399932861328,21678900,165.5272979736328
QCOM,QCOM,2021-11-18,185.24000549316406,188.72000122070312,182.75,186.32000732421875,15542600,168.0344696044922
QCOM,QCOM,2021-11-19,184.69000244140625,186.60000610351562,182.3000030517578,185.0,11889100,166.84402465820312
QCOM,QCOM,2021-11-22,181.11000061035156,188.77000427246094,180.97999572753906,181.39999389648438,16062800,163.5972900390625
QCOM,QCOM,2021-11-23,180.33999633789062,181.3300018310547,177.02000427246094,180.94000244140625,10696200,163.1824493408203
QCOM,QCOM,2021-11-24,179.52000427246094,180.77999877929688,177.3300018310547,180.7100067138672,7886200,162.9750213623047
QCOM,QCOM,2021-11-26,175.6699981689453,180.25,175.05999755859375,175.74000549316406,7835900,158.49281311035156
QCOM,QCOM,2021-11-29,179.47999572753906,184.07000732421875,179.0,183.74000549316406,10440500,165.7076873779297
QCOM,QCOM,2021-11-30,183.22000122070312,186.80999755859375,180.33999633789062,180.55999755859375,19309200,162.83975219726562
QCOM,QCOM,2021-12-01,180.88999938964844,183.14999389648438,175.32000732421875,175.6300048828125,10637700,158.99237060546875
QCOM,QCOM,2021-12-02,172.08999633789062,177.88999938964844,171.2100067138672,177.02999877929688,13101400,160.2597198486328
QCOM,QCOM,2021-12-03,178.0399932861328,180.27000427246094,173.7100067138672,176.50999450683594,12111800,159.78900146484375
QCOM,QCOM,2021-12-06,176.8800048828125,176.97999572753906,172.27000427246094,175.4499969482422,8577500,158.82940673828125
QCOM,QCOM,2021-12-07,179.07000732421875,184.77999877929688,178.5,183.72000122070312,9910100,166.3159942626953
QCOM,QCOM,2021-12-08,183.00999450683594,183.72000122070312,180.77999877929688,182.6300048828125,4799400,165.32923889160156
QCOM,QCOM,2021-12-09,181.77000427246094,187.83999633789062,181.50999450683594,182.25999450683594,9398900,164.99429321289062
QCOM,QCOM,2021-12-10,185.5500030517578,185.5500030517578,181.14999389648438,183.8800048828125,6854800,166.46083068847656
QCOM,QCOM,2021-12-13,186.85000610351562,191.3000030517578,183.11000061035156,183.32000732421875,16346800,165.9539031982422
QCOM,QCOM,2021-12-14,181.1999969482422,183.89999389648438,179.41000366210938,181.97999572753906,8542800,164.7407989501953
QCOM,QCOM,2021-12-15,183.97000122070312,189.77999877929688,179.97999572753906,189.27999877929688,11082000,171.3493194580078
QCOM,QCOM,2021-12-16,190.3000030517578,192.67999267578125,176.11000061035156,178.14999389648438,14873000,161.2736358642578
QCOM,QCOM,2021-12-17,175.72999572753906,180.1199951171875,175.02000427246094,176.8000030517578,16232300,160.051513671875
QCOM,QCOM,2021-12-20,174.2899932861328,177.0800018310547,173.4600067138672,176.6699981689453,6306400,159.933837890625
QCOM,QCOM,2021-12-21,179.3800048828125,180.14999389648438,174.22000122070312,179.5800018310547,7702400,162.56817626953125
QCOM,QCOM,2021-12-22,179.0,181.52000427246094,177.6300048828125,181.3800048828125,5227200,164.19766235351562
QCOM,QCOM,2021-12-23,181.52999877929688,183.7100067138672,181.3800048828125,182.74000549316406,4918900,165.4288330078125
QCOM,QCOM,2021-12-27,183.2100067138672,186.41000366210938,183.02000427246094,186.3300018310547,4865900,168.6787109375
QCOM,QCOM,2021-12-28,186.58999633789062,186.72999572753906,183.49000549316406,184.82000732421875,5399400,167.31178283691406
QCOM,QCOM,2021-12-29,184.67999267578125,187.38999938964844,184.55999755859375,186.1999969482422,5417200,168.56103515625
QCOM,QCOM,2021-12-30,185.8800048828125,186.52000427246094,182.30999755859375,182.72999572753906,4108400,165.4197540283203
QCOM,QCOM,2021-12-31,183.30999755859375,185.14999389648438,182.60000610351562,182.8699951171875,4113300,165.54649353027344
QCOM,QCOM,2022-01-03,182.91000366210938,186.8800048828125,182.24000549316406,186.2100067138672,5990200,168.5701141357422
QCOM,QCOM,2022-01-04,187.0,188.92999267578125,181.00999450683594,187.22999572753906,8484200,169.49343872070312
QCOM,QCOM,2022-01-05,186.5,193.5800018310547,184.72999572753906,186.5,17141200,168.83265686035156
QCOM,QCOM,2022-01-06,184.52000427246094,188.47000122070312,183.0,185.9499969482422,9117700,168.33474731445312
QCOM,QCOM,2022-01-07,186.60000610351562,188.36000061035156,180.1199951171875,180.41000366210938,7386200,163.31954956054688
QCOM,QCOM,2022-01-10,178.27000427246094,180.0,173.75999450683594,179.67999267578125,11159300,162.65867614746094
QCOM,QCOM,2022-01-11,179.19000244140625,185.64999389648438,177.22000122070312,185.39999389648438,9591000,167.83685302734375
QCOM,QCOM,2022-01-12,186.60000610351562,189.4600067138672,185.19000244140625,186.4199981689453,7317500,168.7602081298828
QCOM,QCOM,2022-01-13,188.6999969482422,191.5800018310547,183.2899932861328,183.88999938964844,10190900,166.46990966796875
QCOM,QCOM,2022-01-14,182.8000030517578,190.08999633789062,182.00999450683594,188.69000244140625,9587300,170.81517028808594
QCOM,QCOM,2022-01-18,185.8699951171875,186.0,178.27000427246094,178.86000061035156,10471200,161.91639709472656
QCOM,QCOM,2022-01-19,180.57000732421875,181.2100067138672,172.27000427246094,172.47000122070312,10082700,156.13172912597656
QCOM,QCOM,2022-01-20,174.52999877929688,174.99000549316406,166.2899932861328,166.5,9468500,150.72726440429688
QCOM,QCOM,2022-01-21,166.24000549316406,172.0399932861328,164.57000732421875,164.92999267578125,11898700,149.30596923828125
QCOM,QCOM,2022-01-24,162.17999267578125,170.82000732421875,158.60000610351562,170.07000732421875,17489100,153.95909118652344
QCOM,QCOM,2022-01-25,166.1699981689453,170.32000732421875,161.1999969482422,165.4499969482422,10708500,149.77671813964844
QCOM,QCOM,2022-01-26,168.5800018310547,174.5500030517578,163.89999389648438,167.0,10492200,151.1798858642578
QCOM,QCOM,2022-01-27,169.30999755859375,171.4499969482422,160.61000061035156,161.1999969482422,10743000,145.92933654785156
QCOM,QCOM,2022-01-28,162.00999450683594,166.94000244140625,157.3800048828125,166.80999755859375,10320800,151.0078887939453
QCOM,QCOM,2022-01-31,167.05999755859375,175.9499969482422,165.8000030517578,175.75999450683594,11273500,159.1100311279297
QCOM,QCOM,2022-02-01,176.44000244140625,177.42999267578125,173.11000061035156,177.1300048828125,9724600,160.35023498535156
QCOM,QCOM,2022-02-02,180.94000244140625,188.63999938964844,180.25999450683594,188.1999969482422,25646300,170.37159729003906
QCOM,QCOM,2022-02-03,180.8000030517578,192.10000610351562,177.2899932861328,179.10000610351562,36120200,162.13363647460938
QCOM,QCOM,2022-02-04,178.99000549316406,182.41000366210938,176.80999755859375,179.47000122070312,15708400,162.46859741210938
QCOM,QCOM,2022-02-07,179.6699981689453,180.64999389648438,174.44000244140625,175.08999633789062,10376300,158.5034942626953
QCOM,QCOM,2022-02-08,174.30999755859375,179.2899932861328,173.97999572753906,178.58999633789062,10163900,161.67193603515625
QCOM,QCOM,2022-02-09,181.39999389648438,184.0,178.9499969482422,183.9499969482422,9666900,166.52420043945312
QCOM,QCOM,2022-02-10,179.39999389648438,181.99000549316406,173.4499969482422,174.07000732421875,14362200,157.58018493652344
QCOM,QCOM,2022-02-11,174.6999969482422,175.47999572753906,163.5500030517578,164.63999938964844,13572000,149.04344177246094
QCOM,QCOM,2022-02-14,165.35000610351562,167.85000610351562,162.47999572753906,165.1300048828125,8381700,149.48703002929688
QCOM,QCOM,2022-02-15,169.0,173.9600067138672,168.25,173.0,11100000,156.6114959716797
QCOM,QCOM,2022-02-16,170.67999267578125,173.2100067138672,168.25999450683594,172.60000610351562,8340600,156.24942016601562
QCOM,QCOM,2022-02-17,169.8800048828125,170.77000427246094,166.6999969482422,166.8000030517578,8878900,150.99884033203125
QCOM,QCOM,2022-02-18,167.47000122070312,170.4499969482422,164.24000549316406,167.63999938964844,9591700,151.75924682617188
QCOM,QCOM,2022-02-22,164.05999755859375,169.9600067138672,163.60000610351562,165.88999938964844,9835500,150.17503356933594
QCOM,QCOM,2022-02-23,166.64999389648438,169.16000366210938,161.32000732421875,161.6199951171875,9749000,146.3095245361328
QCOM,QCOM,2022-02-24,156.88999938964844,168.36000061035156,155.7899932861328,167.97999572753906,12567000,152.06707763671875
QCOM,QCOM,2022-02-25,167.61000061035156,171.08999633789062,165.60000610351562,170.92999267578125,7350200,154.7376251220703
QCOM,QCOM,2022-02-28,168.3000030517578,172.99000549316406,168.1999969482422,171.99000549316406,10638900,155.69720458984375
QCOM,QCOM,2022-03-01,170.9600067138672,171.83999633789062,161.72000122070312,163.69000244140625,10723300,148.18344116210938
QCOM,QCOM,2022-03-02,165.25,170.49000549316406,164.35000610351562,169.25,7299400,153.85594177246094
QCOM,QCOM,2022-03-03,170.6699981689453,170.8300018310547,164.5,165.35000610351562,8553900,150.3106231689453
QCOM,QCOM,2022-03-04,163.85000610351562,166.07000732421875,159.88999938964844,162.25999450683594,9057300,147.50167846679688
QCOM,QCOM,2022-03-07,162.32000732421875,163.16000366210938,150.0,150.10000610351562,13416100,136.4477081298828
QCOM,QCOM,2022-03-08,150.66000366210938,158.33999633789062,147.8800048828125,150.75999450683594,11878400,137.04763793945312
QCOM,QCOM,2022-03-09,156.00999450683594,158.47999572753906,154.1699981689453,157.11000061035156,9276800,142.82009887695312
QCOM,QCOM,2022-03-10,154.0399932861328,155.3000030517578,150.3300018310547,154.7100067138672,8888800,140.63839721679688
QCOM,QCOM,2022-03-11,157.9499969482422,158.32000732421875,152.02000427246094,152.33999633789062,7394400,138.48391723632812
QCOM,QCOM,2022-03-14,150.8000030517578,151.2899932861328,140.47000122070312,141.2899932861328,16154200,128.43899536132812
QCOM,QCOM,2022-03-15,142.5,144.42999267578125,139.0500030517578,144.2100067138672,13893000,131.0933837890625
QCOM,QCOM,2022-03-16,146.97000122070312,151.55999755859375,143.57000732421875,150.4499969482422,11727700,136.76585388183594
QCOM,QCOM,2022-03-17,149.19000244140625,152.94000244140625,146.5800018310547,152.8300018310547,8602900,138.9293670654297
QCOM,QCOM,2022-03-18,152.52000427246094,156.02999877929688,149.00999450683594,153.99000549316406,18454200,139.9838409423828
QCOM,QCOM,2022-03-21,153.99000549316406,157.7100067138672,152.80999755859375,155.58999633789062,8986400,141.43833923339844
QCOM,QCOM,2022-03-22,155.4499969482422,159.94000244140625,154.77000427246094,157.61000061035156,7220500,143.2745819091797
QCOM,QCOM,2022-03-23,156.11000061035156,157.2100067138672,152.5800018310547,152.8699951171875,7245600,138.9657440185547
QCOM,QCOM,2022-03-24,154.3000030517578,158.55999755859375,153.58999633789062,158.4600067138672,9261000,144.04730224609375
QCOM,QCOM,2022-03-25,157.97000122070312,158.4600067138672,155.17999267578125,157.97000122070312,7198700,143.60186767578125
QCOM,QCOM,2022-03-28,156.5,158.5,154.0500030517578,158.4499969482422,9470800,144.03819274902344
QCOM,QCOM,2022-03-29,161.2100067138672,161.3000030517578,156.64999389648438,161.07000732421875,10212400,146.41989135742188
QCOM,QCOM,2022-03-30,159.38999938964844,160.27000427246094,151.7899932861328,152.72999572753906,14777800,138.8384552001953
QCOM,QCOM,2022-03-31,152.88999938964844,155.13999938964844,151.02999877929688,152.82000732421875,13364200,138.9202880859375
QCOM,QCOM,2022-04-01,151.94000244140625,152.8699951171875,142.55999755859375,146.99000549316406,19762100,133.62057495117188
QCOM,QCOM,2022-04-04,147.74000549316406,154.1300048828125,146.66000366210938,153.80999755859375,12116000,139.8202362060547
QCOM,QCOM,2022-04-05,151.80999755859375,152.00999450683594,145.27000427246094,145.4600067138672,15946100,132.22972106933594
QCOM,QCOM,2022-04-06,142.89999389648438,143.0,137.4600067138672,139.27999877929688,21054200,126.61178588867188
QCOM,QCOM,2022-04-07,139.7899932861328,141.49000549316406,136.9199981689453,139.22000122070312,10201200,126.55728149414062
QCOM,QCOM,2022-04-08,138.5399932861328,139.9600067138672,136.36000061035156,136.69000244140625,12992500,124.25737762451172
QCOM,QCOM,2022-04-11,134.2899932861328,137.61000061035156,133.69000244140625,135.36000061035156,11210400,123.0483627319336
QCOM,QCOM,2022-04-12,137.9199981689453,140.16000366210938,135.5,136.08999633789062,10591300,123.71195220947266
QCOM,QCOM,2022-04-13,137.5399932861328,142.58999633789062,136.47999572753906,140.5,10440800,127.7208480834961
QCOM,QCOM,2022-04-14,141.0500030517578,141.55999755859375,136.67999267578125,136.91000366210938,8002600,124.4573745727539
QCOM,QCOM,2022-04-18,135.6199951171875,140.35000610351562,135.55999755859375,139.32000732421875,8785700,126.6481704711914
QCOM,QCOM,2022-04-19,138.8300018310547,141.39999389648438,137.5399932861328,141.0500030517578,7213800,128.2208251953125
QCOM,QCOM,2022-04-20,143.2100067138672,144.80999755859375,140.05999755859375,140.33999633789062,7731600,127.57540130615234
QCOM,QCOM,2022-04-21,142.33999633789062,143.63999938964844,135.25999450683594,136.11000061035156,8576500,123.73014831542969
QCOM,QCOM,2022-04-22,136.1300048828125,137.3300018310547,132.64999389648438,132.80999755859375,8315100,120.73028564453125
QCOM,QCOM,2022-04-25,131.32000732421875,136.80999755859375,130.91000366210938,136.55999755859375,9673200,124.13921356201172
QCOM,QCOM,2022-04-26,135.02000427246094,136.35000610351562,132.6300048828125,133.5,9262800,121.35755157470703
QCOM,QCOM,2022-04-27,130.82000732421875,138.11000061035156,130.66000366210938,135.10000610351562,13855900,122.81202697753906
QCOM,QCOM,2022-04-28,142.8699951171875,151.1999969482422,139.1300048828125,148.19000244140625,31111100,134.71141052246094
QCOM,QCOM,2022-04-29,145.80999755859375,147.5,139.52000427246094,139.69000244140625,13693100,126.98455047607422
QCOM,QCOM,2022-05-02,140.60000610351562,145.66000366210938,139.16000366210938,145.27000427246094,13320900,132.05699157714844
QCOM,QCOM,2022-05-03,144.7100067138672,145.69000244140625,142.75999450683594,144.25999450683594,7556800,131.1388702392578
QCOM,QCOM,2022-05-04,144.5800018310547,149.5,140.35000610351562,149.0500030517578,11038100,135.49319458007812
QCOM,QCOM,2022-05-05,146.97999572753906,146.97999572753906,139.17999267578125,141.63999938964844,14561400,128.75714111328125
QCOM,QCOM,2022-05-06,141.25,144.10000610351562,137.8800048828125,140.5800018310547,10080600,127.79356384277344
QCOM,QCOM,2022-05-09,137.99000549316406,140.11000061035156,134.05999755859375,134.9199981689453,11668100,122.6483383178711
QCOM,QCOM,2022-05-10,139.5,139.8000030517578,134.6300048828125,136.80999755859375,8841200,124.3664779663086
QCOM,QCOM,2022-05-11,135.02999877929688,138.2899932861328,131.88999938964844,132.3000030517578,11530900,120.26668548583984
QCOM,QCOM,2022-05-12,131.0,133.05999755859375,127.81999969482422,131.77000427246094,10749800,119.78490447998047
QCOM,QCOM,2022-05-13,134.2899932861328,135.99000549316406,132.5,134.92999267578125,9280700,122.65746307373047
QCOM,QCOM,2022-05-16,133.97999572753906,135.97999572753906,132.0,133.91000366210938,6378800,121.7302474975586
QCOM,QCOM,2022-05-17,137.25,140.0,136.6999969482422,139.69000244140625,9094100,126.98455047607422
QCOM,QCOM,2022-05-18,136.8300018310547,137.27999877929688,129.8800048828125,130.4499969482422,11992700,118.58495330810547
QCOM,QCOM,2022-05-19,130.4499969482422,133.38999938964844,129.47999572753906,130.57000732421875,8419500,118.69402313232422
QCOM,QCOM,2022-05-20,132.8800048828125,133.2899932861328,125.86000061035156,131.60000610351562,11370100,119.63035583496094
QCOM,QCOM,2022-05-23,129.9499969482422,132.42999267578125,128.14999389648438,132.1199951171875,10023400,120.10302734375
QCOM,QCOM,2022-05-24,130.33999633789062,130.33999633789062,126.05000305175781,128.52999877929688,9157100,116.83958435058594
QCOM,QCOM,2022-05-25,127.80000305175781,132.07000732421875,127.25,131.22999572753906,9766000,119.29397583007812
QCOM,QCOM,2022-05-26,130.00999450683594,136.0,129.86000061035156,134.83999633789062,7932800,122.57563781738281
QCOM,QCOM,2022-05-27,136.10000610351562,140.13999938964844,136.10000610351562,139.75999450683594,9180800,127.04813385009766
QCOM,QCOM,2022-05-31,139.5,143.97000122070312,137.44000244140625,143.22000122070312,16007300,130.19345092773438
QCOM,QCOM,2022-06-01,142.5500030517578,143.91000366210938,138.1699981689453,140.02000427246094,8514300,127.95459747314453
QCOM,QCOM,2022-06-02,140.25999450683594,146.25,139.6999969482422,146.1999969482422,9589500,133.60205078125
QCOM,QCOM,2022-06-03,142.17999267578125,143.44000244140625,140.61000061035156,141.22000122070312,7458900,129.0511474609375
QCOM,QCOM,2022-06-06,144.9499969482422,144.97000122070312,139.9199981689453,140.44000244140625,7238700,128.33836364746094
QCOM,QCOM,2022-06-07,139.1300048828125,142.14999389648438,138.49000549316406,141.88999938964844,6062800,129.66342163085938
QCOM,QCOM,2022-06-08,140.75,141.75999450683594,137.4499969482422,138.9600067138672,6773000,126.98589324951172
QCOM,QCOM,2022-06-09,137.77000427246094,140.44000244140625,136.69000244140625,136.7100067138672,7153200,124.92977905273438
QCOM,QCOM,2022-06-10,134.75,136.05999755859375,132.4199981689453,133.1999969482422,8544700,121.72224426269531
QCOM,QCOM,2022-06-13,130.58999633789062,131.35000610351562,126.5999984741211,128.66000366210938,12320900,117.57344055175781
QCOM,QCOM,2022-06-14,130.2100067138672,131.92999267578125,128.82000732421875,130.25999450683594,6794700,119.03557586669922
QCOM,QCOM,2022-06-15,131.6699981689453,133.27999877929688,128.2100067138672,131.02999877929688,7860000,119.73921966552734
QCOM,QCOM,2022-06-16,126.26000213623047,126.6500015258789,119.02999877929688,120.81999969482422,16422800,110.40900421142578
QCOM,QCOM,2022-06-17,121.41999816894531,122.83000183105469,118.36000061035156,120.98999786376953,17273400,110.56434631347656
QCOM,QCOM,2022-06-21,123.7699966430664,126.12000274658203,123.72000122070312,124.38999938964844,9208500,113.67140197753906
QCOM,QCOM,2022-06-22,121.80000305175781,123.66000366210938,120.36000061035156,122.16000366210938,9081000,111.63355255126953
QCOM,QCOM,2022-06-23,122.75,122.93000030517578,118.2300033569336,120.08999633789062,7908900,109.74191284179688
QCOM,QCOM,2022-06-24,122.37999725341797,125.37000274658203,121.76000213623047,125.0999984741211,8128000,114.32019805908203
QCOM,QCOM,2022-06-27,126.19999694824219,130.0399932861328,125.44000244140625,127.18000030517578,9947300,116.22097778320312
QCOM,QCOM,2022-06-28,129.77999877929688,136.4499969482422,126.5999984741211,131.60000610351562,27081900,120.2601089477539
QCOM,QCOM,2022-06-29,130.0800018310547,131.57000732421875,126.9000015258789,130.22999572753906,9973300,119.00816345214844
QCOM,QCOM,2022-06-30,127.61000061035156,130.08999633789062,125.33000183105469,127.73999786376953,9277900,116.73272705078125
QCOM,QCOM,2022-07-01,125.75,126.76000213623047,122.0999984741211,123.52999877929688,7672800,112.885498046875
QCOM,QCOM,2022-07-05,121.0999984741211,126.16999816894531,120.36000061035156,125.83000183105469,8113100,114.9873046875
QCOM,QCOM,2022-07-06,126.05999755859375,128.22999572753906,125.05999755859375,127.05999755859375,6038400,116.11132049560547
QCOM,QCOM,2022-07-07,130.64999389648438,134.7100067138672,130.25999450683594,134.39999389648438,9408100,122.81884002685547
QCOM,QCOM,2022-07-08,132.52000427246094,136.38999938964844,131.6199951171875,136.00999450683594,8393200,124.29011535644531
QCOM,QCOM,2022-07-11,133.58999633789062,134.60000610351562,131.32000732421875,132.24000549316406,5887200,120.84496307373047
QCOM,QCOM,2022-07-12,133.74000549316406,135.35000610351562,131.9600067138672,132.9499969482422,5991300,121.49378204345703
QCOM,QCOM,2022-07-13,130.5500030517578,136.77999877929688,130.52000427246094,135.63999938964844,7200200,123.95197296142578
QCOM,QCOM,2022-07-14,134.94000244140625,142.35000610351562,133.85000610351562,141.89999389648438,10718700,129.6725616455078
QCOM,QCOM,2022-07-15,143.75999450683594,145.47999572753906,142.02999877929688,144.3699951171875,11880500,131.92974853515625
QCOM,QCOM,2022-07-18,145.97000122070312,146.42999267578125,140.82000732421875,141.69000244140625,7856600,129.4806671142578
QCOM,QCOM,2022-07-19,144.13999938964844,148.47000122070312,143.17999267578125,147.3699951171875,9686500,134.67120361328125
QCOM,QCOM,2022-07-20,147.42999267578125,152.3300018310547,146.6199951171875,151.7100067138672,8517400,138.63723754882812
QCOM,QCOM,2022-07-21,152.8800048828125,155.9199981689453,150.6300048828125,155.86000061035156,8060400,142.42965698242188
QCOM,QCOM,2022-07-22,155.66000366210938,156.66000366210938,152.35000610351562,153.6999969482422,7200100,140.45579528808594
QCOM,QCOM,2022-07-25,152.8000030517578,154.0399932861328,151.6699981689453,153.25,4928900,140.04452514648438
QCOM,QCOM,2022-07-26,152.6199951171875,152.6999969482422,149.80999755859375,149.97000122070312,5941800,137.04718017578125
QCOM,QCOM,2022-07-27,151.52999877929688,154.8000030517578,150.5500030517578,153.4199981689453,12863000,140.1999053955078
QCOM,QCOM,2022-07-28,149.77999877929688,149.99000549316406,143.0,146.4499969482422,17051000,133.8304901123047
QCOM,QCOM,2022-07-29,144.60000610351562,145.30999755859375,140.6699981689453,145.05999755859375,11749400,132.5602569580078
QCOM,QCOM,2022-08-01,144.30999755859375,149.4600067138672,144.07000732421875,147.42999267578125,7611400,134.72607421875
QCOM,QCOM,2022-08-02,145.69000244140625,149.39999389648438,144.83999633789062,147.02999877929688,5946400,134.36053466796875
QCOM,QCOM,2022-08-03,147.66000366210938,150.33999633789062,146.58999633789062,149.16000366210938,6890200,136.30697631835938
QCOM,QCOM,2022-08-04,148.67999267578125,151.16000366210938,147.7100067138672,151.00999450683594,6254700,137.99758911132812
QCOM,QCOM,2022-08-05,148.57000732421875,151.27999877929688,147.6699981689453,150.2100067138672,5041300,137.26649475097656
QCOM,QCOM,2022-08-08,149.80999755859375,151.19000244140625,146.5500030517578,147.80999755859375,5553300,135.07327270507812
QCOM,QCOM,2022-08-09,145.58999633789062,146.5,141.30999755859375,142.50999450683594,6770800,130.22998046875
QCOM,QCOM,2022-08-10,145.85000610351562,147.17999267578125,143.69000244140625,146.99000549316406,6840000,134.32398986816406
QCOM,QCOM,2022-08-11,148.30999755859375,151.63999938964844,147.02000427246094,147.8300018310547,6243200,135.09156799316406
QCOM,QCOM,2022-08-12,148.0,151.47000122070312,147.17999267578125,151.2899932861328,4967500,138.25343322753906
QCOM,QCOM,2022-08-15,150.32000732421875,152.6999969482422,148.39999389648438,152.1300048828125,4502900,139.0210723876953
QCOM,QCOM,2022-08-16,151.4499969482422,152.49000549316406,148.85000610351562,150.02999877929688,5270800,137.1020050048828
QCOM,QCOM,2022-08-17,148.22999572753906,149.6300048828125,146.36000061035156,148.52999877929688,5169600,135.73126220703125
QCOM,QCOM,2022-08-18,148.07000732421875,152.91000366210938,147.75999450683594,151.3800048828125,7808200,138.33566284179688
QCOM,QCOM,2022-08-19,149.2899932861328,150.3800048828125,146.89999389648438,147.60000610351562,5400300,134.8813934326172
QCOM,QCOM,2022-08-22,145.3000030517578,145.80999755859375,141.10000610351562,141.61000061035156,6736800,129.40756225585938
QCOM,QCOM,2022-08-23,142.08999633789062,143.61000061035156,140.55999755859375,140.72000122070312,4499300,128.59425354003906
QCOM,QCOM,2022-08-24,140.25,141.7100067138672,138.61000061035156,141.30999755859375,5113100,129.1334228515625
QCOM,QCOM,2022-08-25,142.33999633789062,147.0,142.02000427246094,146.25,5618800,133.64773559570312
QCOM,QCOM,2022-08-26,146.16000366210938,147.36000061035156,138.0500030517578,138.3800048828125,7918600,126.45588684082031
QCOM,QCOM,2022-08-29,137.80999755859375,139.1300048828125,136.11000061035156,137.0800018310547,6852300,125.26789093017578
QCOM,QCOM,2022-08-30,137.8000030517578,138.3000030517578,132.94000244140625,134.41000366210938,6147400,122.8279800415039
QCOM,QCOM,2022-08-31,133.7899932861328,134.1699981689453,131.3000030517578,132.27000427246094,8701100,121.5506362915039
QCOM,QCOM,2022-09-01,129.97999572753906,130.1300048828125,126.08000183105469,129.9199981689453,8716300,119.39105987548828
QCOM,QCOM,2022-09-02,131.63999938964844,132.6699981689453,127.55999755859375,128.47999572753906,6121400,118.06777954101562
QCOM,QCOM,2022-09-06,128.83999633789062,129.52000427246094,126.20999908447266,126.66999816894531,6674200,116.40444946289062
QCOM,QCOM,2022-09-07,127.47000122070312,129.77999877929688,126.37000274658203,128.60000610351562,5340100,118.17806243896484
QCOM,QCOM,2022-09-08,127.47000122070312,129.8000030517578,125.9000015258789,128.85000610351562,6618800,118.40779113769531
QCOM,QCOM,2022-09-09,130.67999267578125,132.61000061035156,130.30999755859375,132.0500030517578,5097300,121.34844970703125
QCOM,QCOM,2022-09-12,133.0,134.22000122070312,132.32000732421875,133.0,7081300,122.22144317626953
QCOM,QCOM,2022-09-13,128.3800048828125,129.89999389648438,124.48999786376953,124.93000030517578,9610900,114.80547332763672
QCOM,QCOM,2022-09-14,126.2699966430664,127.9000015258789,125.5,127.52999877929688,7509300,117.19475555419922
QCOM,QCOM,2022-09-15,126.69999694824219,128.0800018310547,124.2300033569336,124.9800033569336,7459600,114.85142517089844
QCOM,QCOM,2022-09-16,124.12000274658203,125.73999786376953,123.05000305175781,124.94999694824219,13818500,114.82386016845703
QCOM,QCOM,2022-09-19,123.62000274658203,127.18000030517578,123.41000366210938,126.6500015258789,5922700,116.38607025146484
QCOM,QCOM,2022-09-20,125.73999786376953,126.55000305175781,123.88999938964844,124.7699966430664,5672700,114.6584243774414
QCOM,QCOM,2022-09-21,125.44000244140625,129.7899932861328,124.5,124.62000274658203,8123700,114.52059173583984
QCOM,QCOM,2022-09-22,124.75,125.16000366210938,122.47000122070312,123.68000030517578,8753000,113.6567611694336
QCOM,QCOM,2022-09-23,122.33999633789062,122.68000030517578,119.05000305175781,121.19000244140625,10681300,111.36856842041016
QCOM,QCOM,2022-09-26,121.54000091552734,123.18000030517578,119.58999633789062,119.73999786376953,6424600,110.03607177734375
QCOM,QCOM,2022-09-27,121.55999755859375,122.68000030517578,118.75,120.33999633789062,5544400,110.58743286132812
QCOM,QCOM,2022-09-28,118.58000183105469,120.44999694824219,117.77999877929688,118.93000030517578,11321200,109.29170227050781
QCOM,QCOM,2022-09-29,117.27999877929688,117.47000122070312,113.45999908447266,114.83999633789062,12125800,105.53317260742188
QCOM,QCOM,2022-09-30,113.76000213623047,116.27999877929688,112.91999816894531,112.9800033569336,7568100,103.82392120361328
QCOM,QCOM,2022-10-03,114.98999786376953,118.31999969482422,113.66999816894531,117.22000122070312,7481700,107.72030639648438
QCOM,QCOM,2022-10-04,120.4000015258789,122.44999694824219,120.31999969482422,122.37000274658203,6637200,112.45292663574219
QCOM,QCOM,2022-10-05,120.87999725341797,125.55999755859375,120.52999877929688,124.88999938964844,7070300,114.76872253417969
QCOM,QCOM,2022-10-06,124.51000213623047,127.20999908447266,124.4000015258789,125.27999877929688,6238600,115.12711334228516
QCOM,QCOM,2022-10-07,122.62000274658203,124.11000061035156,120.31999969482422,120.91000366210938,8618500,111.11125183105469
QCOM,QCOM,2022-10-10,120.58999633789062,121.04000091552734,113.44999694824219,114.5999984741211,9512600,105.31263732910156
QCOM,QCOM,2022-10-11,112.0,112.48999786376953,108.6500015258789,110.02999877929688,10758800,101.11298370361328
QCOM,QCOM,2022-10-12,110.31999969482422,110.80000305175781,108.37999725341797,108.63999938964844,6987900,99.83563995361328
QCOM,QCOM,2022-10-13,105.37999725341797,115.19999694824219,104.66000366210938,112.86000061035156,10455000,103.71363067626953
QCOM,QCOM,2022-10-14,114.62999725341797,114.98999786376953,109.79000091552734,109.94999694824219,7989800,101.03947448730469
QCOM,QCOM,2022-10-17,113.91999816894531,114.4800033569336,110.61000061035156,111.58999633789062,7886400,102.54656219482422
QCOM,QCOM,2022-10-18,114.94999694824219,116.08999633789062,109.54000091552734,111.20999908447266,8908900,102.1973648071289
QCOM,QCOM,2022-10-19,110.86000061035156,113.66999816894531,110.75,112.8499984741211,5620200,103.70445251464844
QCOM,QCOM,2022-10-20,113.16999816894531,116.08999633789062,111.72000122070312,111.9800033569336,7736400,102.90496063232422
QCOM,QCOM,2022-10-21,111.75,115.98999786376953,111.0199966430664,115.73999786376953,7490100,106.36023712158203
QCOM,QCOM,2022-10-24,116.33999633789062,117.0199966430664,114.23999786376953,116.37999725341797,6525700,106.9483642578125
QCOM,QCOM,2022-10-25,116.56999969482422,119.94000244140625,116.2300033569336,119.16999816894531,6205100,109.51227569580078
QCOM,QCOM,2022-10-26,118.04000091552734,120.73999786376953,116.16000366210938,118.11000061035156,7342300,108.53816223144531
QCOM,QCOM,2022-10-27,119.31999969482422,120.5999984741211,114.37999725341797,114.69999694824219,8937200,105.40452575683594
QCOM,QCOM,2022-10-28,114.16999816894531,119.44999694824219,112.33000183105469,119.20999908447266,9418700,109.54901123046875
QCOM,QCOM,2022-10-31,118.12999725341797,118.37999725341797,115.4000015258789,117.66000366210938,6870800,108.12464141845703
QCOM,QCOM,2022-11-01,119.73999786376953,120.62999725341797,116.75,117.33000183105469,5749100,107.82139587402344
QCOM,QCOM,2022-11-02,118.70999908447266,118.79000091552734,112.25,112.5,13936300,103.38280487060547
QCOM,QCOM,2022-11-03,104.37999725341797,106.5,101.93000030517578,103.87999725341797,24706100,95.4614028930664
QCOM,QCOM,2022-11-04,106.61000061035156,107.5,104.33000183105469,106.69000244140625,11977900,98.04367065429688
QCOM,QCOM,2022-11-07,107.4800033569336,110.27999877929688,106.26000213623047,110.08999633789062,7570800,101.16812133789062
QCOM,QCOM,2022-11-08,111.56999969482422,114.88999938964844,109.91999816894531,112.54000091552734,9383600,103.4195785522461
QCOM,QCOM,2022-11-09,111.45999908447266,113.51000213623047,110.2699966430664,110.43000030517578,9581300,101.4805679321289
QCOM,QCOM,2022-11-10,115.91000366210938,121.0,114.52999877929688,120.68000030517578,11673200,110.89990997314453
QCOM,QCOM,2022-11-11,118.98999786376953,122.16000366210938,118.98999786376953,121.43000030517578,9433800,111.58911895751953
QCOM,QCOM,2022-11-14,120.73999786376953,123.20999908447266,120.26000213623047,120.80000305175781,6971000,111.01016998291016
QCOM,QCOM,2022-11-15,125.6500015258789,128.1300048828125,123.41999816894531,126.0199966430664,12470200,115.80711364746094
QCOM,QCOM,2022-11-16,123.19999694824219,123.83999633789062,119.95999908447266,120.7300033569336,9561700,110.94585418701172
QCOM,QCOM,2022-11-17,118.94999694824219,123.12000274658203,118.70999908447266,122.86000061035156,7273700,112.90322875976562
QCOM,QCOM,2022-11-18,124.04000091552734,124.48999786376953,122.12999725341797,123.8499984741211,6436600,113.81298828125
QCOM,QCOM,2022-11-21,121.08999633789062,122.5,120.0999984741211,120.19999694824219,8204200,110.45878601074219
QCOM,QCOM,2022-11-22,120.83999633789062,123.79000091552734,120.02999877929688,123.6500015258789,7010200,113.62920379638672
QCOM,QCOM,2022-11-23,123.54000091552734,127.04000091552734,123.29000091552734,125.1500015258789,5481500,115.00765228271484
QCOM,QCOM,2022-11-25,124.86000061035156,125.36000061035156,123.4000015258789,123.44999694824219,3153800,113.4454116821289
QCOM,QCOM,2022-11-28,122.16000366210938,123.44999694824219,118.8499984741211,119.54000091552734,7087500,109.85227966308594
QCOM,QCOM,2022-11-29,120.13999938964844,121.37000274658203,118.31999969482422,118.37999725341797,6277600,108.78629302978516
QCOM,QCOM,2022-11-30,118.75,126.5999984741211,118.06999969482422,126.48999786376953,12776700,116.98017883300781
QCOM,QCOM,2022-12-01,126.72000122070312,128.1999969482422,125.68000030517578,126.80999755859375,7924800,117.27610778808594
QCOM,QCOM,2022-12-02,123.70999908447266,125.81999969482422,123.12000274658203,125.66000366210938,6122200,116.21258544921875
QCOM,QCOM,2022-12-05,124.58000183105469,125.47000122070312,122.43000030517578,123.30000305175781,6091600,114.0300064086914
QCOM,QCOM,2022-12-06,122.81999969482422,123.0,118.56999969482422,119.77999877929688,5968000,110.77464294433594
QCOM,QCOM,2022-12-07,118.5,120.31999969482422,117.76000213623047,118.20999908447266,5427100,109.32270050048828
QCOM,QCOM,2022-12-08,118.9800033569336,122.3499984741211,118.18000030517578,121.75,7347600,112.5965347290039
QCOM,QCOM,2022-12-09,120.41000366210938,121.4000015258789,118.8499984741211,119.05000305175781,6036000,110.09954071044922
QCOM,QCOM,2022-12-12,116.05999755859375,121.25,116.05999755859375,121.20999908447266,9008400,112.09712982177734
QCOM,QCOM,2022-12-13,126.9800033569336,127.94999694824219,121.81999969482422,123.48999786376953,9712700,114.20571899414062
QCOM,QCOM,2022-12-14,124.2300033569336,126.58000183105469,120.0999984741211,121.70999908447266,9444100,112.55955505371094
QCOM,QCOM,2022-12-15,120.25,120.5199966430664,116.08000183105469,116.63999938964844,10207800,107.87071990966797
QCOM,QCOM,2022-12-16,116.08000183105469,116.66000366210938,113.3499984741211,114.52999877929688,12733900,105.91934967041016
QCOM,QCOM,2022-12-19,114.01000213623047,115.16000366210938,111.51000213623047,112.61000061035156,7720200,104.14371490478516
QCOM,QCOM,2022-12-20,111.4000015258789,112.77999877929688,111.0999984741211,112.0999984741211,6260200,103.67204284667969
QCOM,QCOM,2022-12-21,112.76000213623047,114.95999908447266,112.69000244140625,114.58999633789062,5843800,105.97484588623047
QCOM,QCOM,2022-12-22,112.56999969482422,112.58999633789062,107.37999725341797,110.68000030517578,12051400,102.35880279541016
QCOM,QCOM,2022-12-23,109.69999694824219,110.91999816894531,108.20999908447266,110.83999633789062,5356700,102.50677490234375
QCOM,QCOM,2022-12-27,109.75,110.69000244140625,108.88999938964844,109.45999908447266,6158100,101.23054504394531
QCOM,QCOM,2022-12-28,108.87000274658203,110.2699966430664,106.81999969482422,106.97000122070312,5395600,98.92774963378906
QCOM,QCOM,2022-12-29,108.3499984741211,110.66000366210938,108.11000061035156,109.83999633789062,6668600,101.58197784423828
QCOM,QCOM,2022-12-30,107.97000122070312,110.05999755859375,107.22000122070312,109.94000244140625,5642300,101.67444610595703
QCOM,QCOM,2023-01-03,111.3499984741211,111.73999786376953,107.12999725341797,107.19999694824219,8110400,99.14043426513672
QCOM,QCOM,2023-01-04,109.80000305175781,112.2300033569336,108.80999755859375,111.52999877929688,7614200,103.1448974609375
QCOM,QCOM,2023-01-05,109.93000030517578,110.91999816894531,109.12999725341797,109.4000015258789,7546000,101.17505645751953
QCOM,QCOM,2023-01-06,110.95999908447266,115.9800033569336,110.05000305175781,115.33999633789062,10259300,106.66847229003906
QCOM,QCOM,2023-01-09,116.7300033569336,118.8499984741211,113.54000091552734,114.61000061035156,10291800,105.99335479736328
QCOM,QCOM,2023-01-10,114.0199966430664,116.97000122070312,113.72000122070312,116.91000366210938,6384800,108.12042999267578
QCOM,QCOM,2023-01-11,117.44000244140625,118.5,115.16999816894531,118.38999938964844,7374400,109.48916625976562
QCOM,QCOM,2023-01-12,119.23999786376953,122.37999725341797,117.6500015258789,121.58999633789062,9527600,112.44856262207031
QCOM,QCOM,2023-01-13,119.81999969482422,121.41999816894531,119.72000122070312,120.23999786376953,8040400,111.2000732421875
QCOM,QCOM,2023-01-17,119.73999786376953,121.31999969482422,119.0199966430664,120.27999877929688,6179500,111.237060546875
QCOM,QCOM,2023-01-18,121.62000274658203,123.98999786376953,121.01000213623047,122.04000091552734,10960400,112.86475372314453
QCOM,QCOM,2023-01-19,121.05999755859375,121.0999984741211,117.41999816894531,117.58000183105469,8716200,108.74004364013672
QCOM,QCOM,2023-01-20,118.41999816894531,122.95999908447266,117.33999633789062,122.9000015258789,8895000,113.66009521484375
QCOM,QCOM,2023-01-23,126.54000091552734,132.05999755859375,125.81999969482422,131.02999877929688,13419500,121.17886352539062
QCOM,QCOM,2023-01-24,130.5500030517578,132.97000122070312,130.14999389648438,130.6999969482422,7952400,120.87364959716797
QCOM,QCOM,2023-01-25,128.4499969482422,131.5399932861328,127.69999694824219,131.1699981689453,6880300,121.30831909179688
QCOM,QCOM,2023-01-26,134.41000366210938,134.85000610351562,131.16000366210938,133.9600067138672,7413600,123.88858795166016
QCOM,QCOM,2023-01-27,131.49000549316406,134.88999938964844,131.4199981689453,133.39999389648438,6581900,123.37065124511719
QCOM,QCOM,2023-01-30,131.0500030517578,132.39999389648438,130.14999389648438,131.6300048828125,9854300,121.7337646484375
QCOM,QCOM,2023-01-31,131.32000732421875,133.63999938964844,131.32000732421875,133.2100067138672,7125100,123.1949462890625
QCOM,QCOM,2023-02-01,132.67999267578125,139.94000244140625,132.67999267578125,138.4600067138672,10500600,128.05023193359375
QCOM,QCOM,2023-02-02,138.4600067138672,139.16000366210938,134.8000030517578,135.85000610351562,17673200,125.63648986816406
QCOM,QCOM,2023-02-03,131.16000366210938,138.39999389648438,128.57000732421875,135.02000427246094,13187300,124.86886596679688
QCOM,QCOM,2023-02-06,132.27000427246094,134.8800048828125,131.86000061035156,132.92999267578125,6830500,122.93600463867188
QCOM,QCOM,2023-02-07,133.14999389648438,137.3800048828125,132.3300018310547,136.6300048828125,7664200,126.35784912109375
QCOM,QCOM,2023-02-08,135.30999755859375,136.27999877929688,131.75999450683594,132.1699981689453,7151700,122.23312377929688
QCOM,QCOM,2023-02-09,133.88999938964844,135.22999572753906,129.9199981689453,130.52999877929688,5717500,120.7164535522461
QCOM,QCOM,2023-02-10,129.2899932861328,129.94000244140625,127.62000274658203,128.99000549316406,5319200,119.29224395751953
QCOM,QCOM,2023-02-13,129.4600067138672,131.42999267578125,128.38999938964844,130.83999633789062,5550400,121.00311279296875
QCOM,QCOM,2023-02-14,129.1999969482422,132.8800048828125,128.36000061035156,132.33999633789062,5579900,122.3903579711914
QCOM,QCOM,2023-02-15,130.60000610351562,133.3300018310547,130.3000030517578,133.07000732421875,3501100,123.06549072265625
QCOM,QCOM,2023-02-16,130.75,132.58999633789062,129.9499969482422,130.16000366210938,5788400,120.374267578125
QCOM,QCOM,2023-02-17,129.5,129.80999755859375,126.95999908447266,127.72000122070312,6022500,118.1176986694336
QCOM,QCOM,2023-02-21,125.45999908447266,127.62000274658203,123.55000305175781,123.69999694824219,8164400,114.39994049072266
QCOM,QCOM,2023-02-22,124.31999969482422,124.97000122070312,122.91999816894531,123.94999694824219,5517800,114.63113403320312
QCOM,QCOM,2023-02-23,126.61000061035156,127.2300033569336,123.66999816894531,126.19999694824219,6440200,116.71196746826172
QCOM,QCOM,2023-02-24,124.23999786376953,124.70999908447266,123.18000030517578,124.33999633789062,7357200,114.99181365966797
QCOM,QCOM,2023-02-27,126.5,126.5999984741211,123.04000091552734,123.41999816894531,7787200,114.1409683227539
QCOM,QCOM,2023-02-28,123.62000274658203,125.0999984741211,122.91999816894531,123.52999877929688,6491800,114.24271392822266
QCOM,QCOM,2023-03-01,123.77999877929688,125.47000122070312,122.9800033569336,123.68000030517578,5530600,115.08012390136719
QCOM,QCOM,2023-03-02,122.16000366210938,124.26000213623047,120.86000061035156,123.77999877929688,5258900,115.1731948852539
QCOM,QCOM,2023-03-03,123.98999786376953,124.20999908447266,121.66999816894531,123.5999984741211,7052100,115.00569915771484
QCOM,QCOM,2023-03-06,124.27999877929688,125.16999816894531,122.02999877929688,122.41000366210938,7031300,113.89844512939453
QCOM,QCOM,2023-03-07,122.4800033569336,122.5,118.27999877929688,119.19000244140625,8879700,110.90233612060547
QCOM,QCOM,2023-03-08,119.55000305175781,121.75,119.3499984741211,121.19999694824219,7633900,112.7725830078125
QCOM,QCOM,2023-03-09,121.27999877929688,121.91999816894531,116.94000244140625,117.22000122070312,8055500,109.0693130493164
QCOM,QCOM,2023-03-10,117.54000091552734,118.2300033569336,114.52999877929688,115.19000244140625,6884500,107.18047332763672
QCOM,QCOM,2023-03-13,113.76000213623047,116.23999786376953,113.27999877929688,114.43000030517578,7673700,106.47332000732422
QCOM,QCOM,2023-03-14,116.41000366210938,117.05999755859375,113.91999816894531,116.55000305175781,8312100,108.44591522216797
QCOM,QCOM,2023-03-15,115.25,116.18000030517578,113.13999938964844,115.48999786376953,8596900,107.45960998535156
QCOM,QCOM,2023-03-16,117.0,120.83000183105469,115.91000366210938,120.51000213623047,11207800,112.13056182861328
QCOM,QCOM,2023-03-17,120.77999877929688,122.87000274658203,119.1500015258789,120.7300033569336,12304100,112.33526611328125
QCOM,QCOM,2023-03-20,120.7699966430664,122.0199966430664,119.80999755859375,121.81999969482422,5945000,113.3494644165039
QCOM,QCOM,2023-03-21,122.98999786376953,125.06999969482422,122.1500015258789,123.80000305175781,6900600,115.19178771972656
QCOM,QCOM,2023-03-22,124.0,126.23999786376953,121.87000274658203,121.97000122070312,7072700,113.48904418945312
QCOM,QCOM,2023-03-23,123.94000244140625,127.0,122.0999984741211,124.1500015258789,7353800,115.5174560546875
QCOM,QCOM,2023-03-24,123.62999725341797,124.93000030517578,122.25,124.76000213623047,6987200,116.08503723144531
QCOM,QCOM,2023-03-27,125.73999786376953,126.05999755859375,123.31999969482422,123.5999984741211,4818000,115.00569915771484
QCOM,QCOM,2023-03-28,123.5999984741211,123.68000030517578,120.20999908447266,121.33999633789062,5272100,112.90283966064453
QCOM,QCOM,2023-03-29,123.41999816894531,125.95999908447266,123.25,125.08999633789062,6410100,116.39209747314453
QCOM,QCOM,2023-03-30,127.08000183105469,128.19000244140625,126.43000030517578,127.4000015258789,8156400,118.54147338867188
QCOM,QCOM,2023-03-31,126.6500015258789,127.97000122070312,126.29000091552734,127.58000183105469,6222400,118.70895385742188
QCOM,QCOM,2023-04-03,126.98999786376953,127.56999969482422,123.61000061035156,124.73999786376953,6367800,116.0664291381836
QCOM,QCOM,2023-04-04,124.93000030517578,125.22000122070312,121.80999755859375,122.30000305175781,6962700,113.79607391357422
QCOM,QCOM,2023-04-05,121.41999816894531,123.22000122070312,121.25,123.04000091552734,6920900,114.48463439941406
QCOM,QCOM,2023-04-06,122.33999633789062,123.8499984741211,121.05000305175781,123.0,5260600,114.44741821289062
QCOM,QCOM,2023-04-10,122.08999633789062,124.58000183105469,121.68000030517578,124.29000091552734,5243700,115.64772033691406
QCOM,QCOM,2023-04-11,125.25,125.25,123.16999816894531,123.56999969482422,5001400,114.97779083251953
QCOM,QCOM,2023-04-12,124.41000366210938,124.5,120.1500015258789,120.2699966430664,5288300,111.9072494506836
QCOM,QCOM,2023-04-13,120.05000305175781,121.66000366210938,119.12000274658203,121.12999725341797,6077100,112.70744323730469
QCOM,QCOM,2023-04-14,120.87000274658203,121.91999816894531,118.76000213623047,120.16000366210938,4833100,111.8049087524414
QCOM,QCOM,2023-04-17,119.12999725341797,119.83999633789062,118.16999816894531,119.37999725341797,6370200,111.07913970947266
QCOM,QCOM,2023-04-18,120.33999633789062,120.80000305175781,117.41000366210938,118.36000061035156,4829900,110.13004302978516
QCOM,QCOM,2023-04-19,117.25,118.69000244140625,116.44999694824219,118.54000091552734,4241900,110.29753875732422
QCOM,QCOM,2023-04-20,117.29000091552734,119.9000015258789,117.12000274658203,118.63999938964844,5125000,110.39058685302734
QCOM,QCOM,2023-04-21,117.87000274658203,118.19000244140625,116.55000305175781,117.76000213623047,4980700,109.57178497314453
QCOM,QCOM,2023-04-24,117.81999969482422,117.83000183105469,116.56999969482422,117.3499984741211,4097900,109.1902847290039
QCOM,QCOM,2023-04-25,116.73999786376953,116.83999633789062,113.68000030517578,114.05000305175781,7045200,106.1197509765625
QCOM,QCOM,2023-04-26,114.29000091552734,115.0999984741211,113.20999908447266,114.16000366210938,4671100,106.22209930419922
QCOM,QCOM,2023-04-27,113.87999725341797,114.30999755859375,112.1500015258789,113.91999816894531,6945700,105.998779296875
QCOM,QCOM,2023-04-28,115.0999984741211,116.9000015258789,113.7300033569336,116.80000305175781,8652500,108.67852020263672
QCOM,QCOM,2023-05-01,117.20999908447266,117.58000183105469,115.51000213623047,115.83999633789062,6208500,107.78524780273438
QCOM,QCOM,2023-05-02,116.12999725341797,117.05999755859375,114.44000244140625,116.11000061035156,7081200,108.03650665283203
QCOM,QCOM,2023-05-03,116.66000366210938,116.81999969482422,112.5999984741211,112.83000183105469,11491700,104.98456573486328
QCOM,QCOM,2023-05-04,104.02999877929688,107.12000274658203,103.5,106.58000183105469,22117500,99.16915893554688
QCOM,QCOM,2023-05-05,108.20999908447266,109.2699966430664,105.7699966430664,108.77999877929688,10745600,101.2161636352539
QCOM,QCOM,2023-05-08,108.37999725341797,108.83000183105469,106.87000274658203,108.30999755859375,6694400,100.77886199951172
QCOM,QCOM,2023-05-09,107.0,107.43000030517578,105.30000305175781,105.7699966430664,7804100,98.41547393798828
QCOM,QCOM,2023-05-10,107.0,107.4800033569336,105.13999938964844,106.45999908447266,7980100,99.0574951171875
QCOM,QCOM,2023-05-11,106.29000091552734,106.51000213623047,103.68000030517578,104.05999755859375,10630500,96.82437896728516
QCOM,QCOM,2023-05-12,104.47000122070312,104.73999786376953,102.61000061035156,103.62000274658203,7635900,96.41497802734375
QCOM,QCOM,2023-05-15,103.76000213623047,106.4000015258789,102.88999938964844,106.27999877929688,7444900,98.8900146484375
QCOM,QCOM,2023-05-16,105.66999816894531,106.4800033569336,103.72000122070312,103.79000091552734,7027000,96.57316589355469
QCOM,QCOM,2023-05-17,104.19000244140625,105.44999694824219,103.58000183105469,104.80999755859375,9504700,97.52222442626953
QCOM,QCOM,2023-05-18,104.80999755859375,107.12000274658203,104.80999755859375,106.95999908447266,9142000,99.52272033691406
QCOM,QCOM,2023-05-19,106.94999694824219,107.12000274658203,105.5199966430664,105.86000061035156,5783200,98.49922180175781
QCOM,QCOM,2023-05-22,103.66999816894531,105.87000274658203,103.25,105.27999877929688,7912400,97.95954132080078
QCOM,QCOM,2023-05-23,104.06999969482422,105.63999938964844,103.47000122070312,103.55999755859375,7452500,96.35913848876953
QCOM,QCOM,2023-05-24,102.08000183105469,103.13999938964844,101.58000183105469,103.0199966430664,8193700,95.85669708251953
QCOM,QCOM,2023-05-25,101.93000030517578,104.11000061035156,101.47000122070312,104.0199966430664,11677400,96.78715515136719
QCOM,QCOM,2023-05-26,104.94000244140625,111.27999877929688,104.81999969482422,110.3499984741211,15969900,102.67700958251953
QCOM,QCOM,2023-05-30,114.5,116.69000244140625,112.61000061035156,116.0,18291800,107.93415832519531
QCOM,QCOM,2023-05-31,113.55999755859375,114.0,111.5999984741211,113.41000366210938,14924000,106.2570571899414
QCOM,QCOM,2023-06-01,114.55999755859375,116.55999755859375,112.30999755859375,115.83000183105469,8616500,108.52442932128906
QCOM,QCOM,2023-06-02,117.23999786376953,117.4000015258789,114.69000244140625,115.62000274658203,7873400,108.32766723632812
QCOM,QCOM,2023-06-05,115.43000030517578,115.91999816894531,112.63999938964844,112.7300033569336,7769300,105.61994934082031
QCOM,QCOM,2023-06-06,112.58000183105469,116.79000091552734,112.23999786376953,116.36000061035156,7594500,109.02099609375
QCOM,QCOM,2023-06-07,116.62999725341797,117.16000366210938,114.48999786376953,115.18000030517578,7555400,107.9154281616211
QCOM,QCOM,2023-06-08,115.5999984741211,116.63999938964844,114.0999984741211,116.3499984741211,5793400,109.0116195678711
QCOM,QCOM,2023-06-09,117.48999786376953,120.8499984741211,117.37999725341797,119.11000061035156,13807000,111.59754943847656
QCOM,QCOM,2023-06-12,121.04000091552734,122.30999755859375,119.7699966430664,122.13999938964844,9675100,114.43643188476562
QCOM,QCOM,2023-06-13,124.27999877929688,125.4000015258789,122.75,124.43000030517578,8873200,116.58200073242188
QCOM,QCOM,2023-06-14,124.3499984741211,124.43000030517578,121.5,123.4000015258789,7324600,115.61697387695312
QCOM,QCOM,2023-06-15,121.58000183105469,124.69000244140625,121.04000091552734,123.61000061035156,8132600,115.81372833251953
QCOM,QCOM,2023-06-16,124.58999633789062,124.9800033569336,122.0999984741211,122.68000030517578,12905700,114.9423828125
QCOM,QCOM,2023-06-20,121.94000244140625,122.37000274658203,118.70999908447266,119.81999969482422,8667400,112.26276397705078
QCOM,QCOM,2023-06-21,118.61000061035156,119.0199966430664,115.66999816894531,115.76000213623047,7925400,108.4588394165039
QCOM,QCOM,2023-06-22,116.01000213623047,116.68000030517578,114.91000366210938,116.4000015258789,7283000,109.0584716796875
QCOM,QCOM,2023-06-23,114.08999633789062,115.27999877929688,113.02999877929688,113.43000030517578,11958500,106.2757797241211
QCOM,QCOM,2023-06-26,114.55999755859375,117.61000061035156,114.30000305175781,116.62999725341797,9377000,109.27395629882812
QCOM,QCOM,2023-06-27,116.73999786376953,119.94000244140625,115.6500015258789,119.79000091552734,7308900,112.23465728759766
QCOM,QCOM,2023-06-28,117.0199966430664,118.0999984741211,116.58000183105469,117.54000091552734,6384800,110.12655639648438
QCOM,QCOM,2023-06-29,117.55999755859375,118.1500015258789,116.87999725341797,118.05999755859375,5138500,110.61376190185547
QCOM,QCOM,2023-06-30,119.5999984741211,119.86000061035156,118.37999725341797,119.04000091552734,6565100,111.5319595336914
QCOM,QCOM,2023-07-03,119.2699966430664,120.4800033569336,118.45999908447266,120.08999633789062,2662000,112.51573181152344
QCOM,QCOM,2023-07-05,119.0199966430664,119.05000305175781,117.0999984741211,117.12999725341797,6249200,109.742431640625
QCOM,QCOM,2023-07-06,115.16000366210938,116.19999694824219,113.62000274658203,115.22000122070312,7544600,107.95288848876953
QCOM,QCOM,2023-07-07,115.37000274658203,117.7300033569336,114.76000213623047,115.94000244140625,6108400,108.62747192382812
QCOM,QCOM,2023-07-10,116.47000122070312,118.27999877929688,116.47000122070312,117.12000274658203,6037000,109.73306274414062
QCOM,QCOM,2023-07-11,117.80000305175781,117.87000274658203,114.88999938964844,116.87000274658203,5784000,109.49884033203125
QCOM,QCOM,2023-07-12,117.55999755859375,119.2300033569336,117.0999984741211,118.68000030517578,8371300,111.19466400146484
QCOM,QCOM,2023-07-13,120.0,123.41999816894531,119.87999725341797,123.12000274658203,9823000,115.35462188720703
QCOM,QCOM,2023-07-14,123.0,123.18000030517578,121.12999725341797,122.55999755859375,7892200,114.82994842529297
QCOM,QCOM,2023-07-17,122.33000183105469,124.45999908447266,120.76000213623047,123.4000015258789,6125000,115.61697387695312
QCOM,QCOM,2023-07-18,122.31999969482422,123.2300033569336,121.26000213623047,122.86000061035156,7481200,115.11102294921875
QCOM,QCOM,2023-07-19,125.33999633789062,127.0999984741211,124.30000305175781,124.41999816894531,8866700,116.5726318359375
QCOM,QCOM,2023-07-20,123.5199966430664,124.5999984741211,120.2300033569336,120.72000122070312,9148600,113.10600280761719
QCOM,QCOM,2023-07-21,121.93000030517578,126.66000366210938,121.37999725341797,124.72000122070312,23704100,116.85370635986328
QCOM,QCOM,2023-07-24,124.72000122070312,125.5999984741211,123.16999816894531,124.0999984741211,5859300,116.2728042602539
QCOM,QCOM,2023-07-25,124.19999694824219,125.9800033569336,124.19999694824219,125.06999969482422,5592100,117.181640625
QCOM,QCOM,2023-07-26,123.19999694824219,125.23999786376953,122.33999633789062,124.0199966430664,5291800,116.19786071777344
QCOM,QCOM,2023-07-27,126.55999755859375,127.7699966430664,124.91999816894531,125.8499984741211,7917900,117.91242218017578
QCOM,QCOM,2023-07-28,128.3000030517578,129.9199981689453,127.55999755859375,129.47999572753906,11762200,121.31348419189453
QCOM,QCOM,2023-07-31,129.99000549316406,132.97000122070312,129.10000610351562,132.1699981689453,11029600,123.83381652832031
QCOM,QCOM,2023-08-01,131.9199981689453,132.38999938964844,130.24000549316406,132.0800018310547,7128700,123.7494888305664
QCOM,QCOM,2023-08-02,130.1999969482422,131.5800018310547,128.8300018310547,129.27000427246094,13711100,121.11672973632812
QCOM,QCOM,2023-08-03,116.97000122070312,119.11000061035156,114.88999938964844,118.69999694824219,29239600,111.21338653564453
QCOM,QCOM,2023-08-04,117.76000213623047,122.0,117.76000213623047,121.5,12658700,113.83679962158203
QCOM,QCOM,2023-08-07,122.20999908447266,122.73999786376953,117.91999816894531,119.33999633789062,7706500,111.81302642822266
QCOM,QCOM,2023-08-08,117.0,117.87999725341797,115.95999908447266,117.66000366210938,8934600,110.23900604248047
QCOM,QCOM,2023-08-09,117.2300033569336,118.11000061035156,116.5199966430664,116.56999969482422,5642500,109.21774291992188
QCOM,QCOM,2023-08-10,117.68000030517578,118.38999938964844,115.06999969482422,115.61000061035156,6224500,108.31829833984375
QCOM,QCOM,2023-08-11,114.12999725341797,115.45999908447266,113.72000122070312,114.61000061035156,5712500,107.38136291503906
QCOM,QCOM,2023-08-14,113.87999725341797,114.5199966430664,112.80999755859375,114.0199966430664,8537500,106.82856750488281
QCOM,QCOM,2023-08-15,113.33999633789062,113.51000213623047,111.4000015258789,111.68000030517578,6843600,104.63616180419922
QCOM,QCOM,2023-08-16,111.3499984741211,111.91999816894531,110.05000305175781,110.1500015258789,6426700,103.2026596069336
QCOM,QCOM,2023-08-17,110.19000244140625,111.12999725341797,109.66000366210938,110.08000183105469,6250500,103.13709259033203
QCOM,QCOM,2023-08-18,108.81999969482422,110.5199966430664,108.5,110.0999984741211,6384700,103.15581512451172
QCOM,QCOM,2023-08-21,109.83999633789062,110.95999908447266,109.0,110.68000030517578,6539800,103.69923400878906
QCOM,QCOM,2023-08-22,111.47000122070312,111.83999633789062,109.13999938964844,109.47000122070312,4587000,102.56554412841797
QCOM,QCOM,2023-08-23,109.33999633789062,111.52999877929688,108.8499984741211,111.16999816894531,6873900,104.15833282470703
QCOM,QCOM,2023-08-24,112.16000366210938,112.56999969482422,108.16000366210938,108.51000213623047,8698100,101.66609954833984
QCOM,QCOM,2023-08-25,108.88999938964844,110.5199966430664,107.76000213623047,110.31999969482422,6669900,103.36193084716797
QCOM,QCOM,2023-08-28,111.30000305175781,112.19000244140625,110.62000274658203,111.68000030517578,4316400,104.63616180419922
QCOM,QCOM,2023-08-29,110.5199966430664,113.98999786376953,110.5199966430664,113.77999877929688,6971400,106.60372161865234
QCOM,QCOM,2023-08-30,112.55999755859375,113.45999908447266,111.66999816894531,113.2699966430664,6490300,106.87734985351562
QCOM,QCOM,2023-08-31,112.43000030517578,115.16000366210938,112.43000030517578,114.52999877929688,7962500,108.06622314453125
QCOM,QCOM,2023-09-01,115.69999694824219,115.69999694824219,114.41000366210938,115.38999938964844,5310700,108.87769317626953
QCOM,QCOM,2023-09-05,114.91000366210938,117.05999755859375,114.91000366210938,116.55000305175781,7294800,109.97223663330078
QCOM,QCOM,2023-09-06,116.0,116.72000122070312,113.62999725341797,114.68000030517578,7411900,108.207763671875
QCOM,QCOM,2023-09-07,110.5999984741211,110.69999694824219,106.06999969482422,106.4000015258789,17947800,100.39507293701172
QCOM,QCOM,2023-09-08,106.16999816894531,107.06999969482422,105.51000213623047,106.13999938964844,9819300,100.14972686767578
QCOM,QCOM,2023-09-11,111.2699966430664,111.83999633789062,108.81999969482422,110.27999877929688,18771700,104.05608367919922
QCOM,QCOM,2023-09-12,109.58000183105469,112.73999786376953,109.51000213623047,111.2300033569336,9250100,104.95247650146484
QCOM,QCOM,2023-09-13,111.58000183105469,113.5999984741211,111.52999877929688,112.63999938964844,8131500,106.28290557861328
QCOM,QCOM,2023-09-14,113.7699966430664,114.73999786376953,113.0,114.04000091552734,7138100,107.60388946533203
QCOM,QCOM,2023-09-15,113.97000122070312,115.19000244140625,112.45999908447266,113.13999938964844,12247400,106.75466918945312
QCOM,QCOM,2023-09-18,112.88999938964844,113.83000183105469,112.45999908447266,112.75,5065100,106.38668823242188
QCOM,QCOM,2023-09-19,112.19999694824219,112.33999633789062,109.91000366210938,110.72000122070312,5658800,104.47126007080078
QCOM,QCOM,2023-09-20,111.73999786376953,111.80000305175781,109.16000366210938,109.22000122070312,7073800,103.05591583251953
QCOM,QCOM,2023-09-21,107.9800033569336,109.58999633789062,107.8499984741211,107.95999908447266,7007200,101.86701965332031
QCOM,QCOM,2023-09-22,108.7699966430664,109.77999877929688,107.36000061035156,107.68000030517578,6965500,101.60282897949219
QCOM,QCOM,2023-09-25,106.83999633789062,110.4800033569336,106.70999908447266,110.43000030517578,6782500,104.19762420654297
QCOM,QCOM,2023-09-26,109.8499984741211,110.63999938964844,109.33999633789062,109.72000122070312,6559800,103.52770233154297
QCOM,QCOM,2023-09-27,110.7300033569336,110.80999755859375,107.43000030517578,109.19000244140625,7225000,103.0276107788086
QCOM,QCOM,2023-09-28,109.76000213623047,111.91000366210938,109.18000030517578,111.0999984741211,4851300,104.8298110961914
QCOM,QCOM,2023-09-29,111.87999725341797,112.2300033569336,110.63999938964844,111.05999755859375,4869300,104.79206085205078
QCOM,QCOM,2023-10-02,110.4000015258789,111.79000091552734,109.5999984741211,111.0999984741211,5751500,104.8298110961914
QCOM,QCOM,2023-10-03,110.80999755859375,112.26000213623047,109.37999725341797,110.19000244140625,7750700,103.97117614746094
QCOM,QCOM,2023-10-04,110.80000305175781,111.06999969482422,108.80000305175781,109.8499984741211,7189400,103.65035247802734
QCOM,QCOM,2023-10-05,109.69999694824219,110.45999908447266,108.94999694824219,109.80000305175781,5089700,103.60318756103516
QCOM,QCOM,2023-10-06,110.87000274658203,111.33000183105469,108.05000305175781,110.87999725341797,7930600,104.62222290039062
QCOM,QCOM,2023-10-09,110.31999969482422,111.9800033569336,109.4800033569336,111.80000305175781,4714500,105.49031066894531
QCOM,QCOM,2023-10-10,111.5,112.98999786376953,110.43000030517578,112.30999755859375,6253000,105.97151184082031
QCOM,QCOM,2023-10-11,112.27999877929688,112.63999938964844,109.58000183105469,111.12000274658203,6378600,104.84868621826172
QCOM,QCOM,2023-10-12,111.9800033569336,112.20999908447266,110.31999969482422,111.45999908447266,5371700,105.16949462890625
QCOM,QCOM,2023-10-13,111.72000122070312,111.97000122070312,108.54000091552734,108.66000366210938,6035600,102.52751922607422
QCOM,QCOM,2023-10-16,109.08999633789062,111.08000183105469,108.94999694824219,110.51000213623047,6254700,104.27310180664062
QCOM,QCOM,2023-10-17,108.80999755859375,112.2699966430664,108.0199966430664,112.19999694824219,7334000,105.86772918701172
QCOM,QCOM,2023-10-18,111.05999755859375,112.11000061035156,110.02999877929688,110.9800033569336,7174500,104.71659088134766
QCOM,QCOM,2023-10-19,112.38999938964844,114.4000015258789,110.83999633789062,111.27999877929688,10511500,104.9996566772461
QCOM,QCOM,2023-10-20,111.5199966430664,111.61000061035156,108.62999725341797,108.62999725341797,7756500,102.49922180175781
QCOM,QCOM,2023-10-23,107.94000244140625,110.56999969482422,107.68000030517578,108.66000366210938,6679200,102.52751922607422
QCOM,QCOM,2023-10-24,109.30000305175781,110.33000183105469,108.44000244140625,109.38999938964844,8578600,103.21632385253906
QCOM,QCOM,2023-10-25,108.80999755859375,109.29000091552734,104.43000030517578,104.77999877929688,8571600,98.86650085449219
QCOM,QCOM,2023-10-26,104.75,106.47000122070312,104.33000183105469,105.62000274658203,8705200,99.65908813476562
QCOM,QCOM,2023-10-27,106.9000015258789,107.88999938964844,105.83999633789062,106.45999908447266,7292000,100.4516830444336
QCOM,QCOM,2023-10-30,106.70999908447266,109.33000183105469,106.18000030517578,107.83000183105469,6634000,101.74434661865234
QCOM,QCOM,2023-10-31,108.30000305175781,109.20999908447266,106.69000244140625,108.98999786376953,6485500,102.8388900756836
QCOM,QCOM,2023-11-01,109.16999816894531,111.19000244140625,108.69999694824219,110.88999938964844,12809900,104.63166046142578
QCOM,QCOM,2023-11-02,117.97000122070312,119.08000183105469,114.44999694824219,117.36000061035156,22106100,110.73651123046875
QCOM,QCOM,2023-11-03,117.94999694824219,120.0999984741211,117.36000061035156,119.5199966430664,10670100,112.77460479736328
QCOM,QCOM,2023-11-06,120.0,120.55999755859375,118.37999725341797,119.93000030517578,7756400,113.16146850585938
QCOM,QCOM,2023-11-07,119.8499984741211,121.08000183105469,119.16999816894531,120.72000122070312,7898400,113.90687561035156
QCOM,QCOM,2023-11-08,121.4000015258789,122.05999755859375,119.1500015258789,120.05999755859375,7681900,113.28414154052734
QCOM,QCOM,2023-11-09,121.12000274658203,122.43000030517578,119.8499984741211,120.0999984741211,9002700,113.3218765258789
QCOM,QCOM,2023-11-10,121.9000015258789,124.80999755859375,120.97000122070312,124.20999908447266,12191600,117.19990539550781
QCOM,QCOM,2023-11-13,124.0,124.55000305175781,122.62999725341797,123.8499984741211,7959200,116.86023712158203
QCOM,QCOM,2023-11-14,127.33999633789062,128.22000122070312,126.08000183105469,127.36000061035156,11255400,120.1721420288086
QCOM,QCOM,2023-11-15,127.91999816894531,129.72999572753906,127.55999755859375,128.9199981689453,7789100,121.64409637451172
QCOM,QCOM,2023-11-16,129.08999633789062,130.3699951171875,128.30999755859375,128.6999969482422,11655700,121.43651580810547
QCOM,QCOM,2023-11-17,129.3000030517578,129.7899932861328,128.4199981689453,129.47000122070312,6543300,122.1630630493164
QCOM,QCOM,2023-11-20,129.44000244140625,130.1199951171875,129.02000427246094,129.50999450683594,7148600,122.20079040527344
QCOM,QCOM,2023-11-21,126.88999938964844,127.47000122070312,125.75,127.0199966430664,14641800,119.85132598876953
QCOM,QCOM,2023-11-22,127.88999938964844,129.50999450683594,127.16000366210938,127.5,6647400,120.30423736572266
QCOM,QCOM,2023-11-24,128.22999572753906,128.22999572753906,127.55999755859375,127.75,3708200,120.54013061523438
QCOM,QCOM,2023-11-27,127.2699966430664,129.02000427246094,126.79000091552734,128.1999969482422,8586400,120.96472930908203
QCOM,QCOM,2023-11-28,127.19999694824219,127.30999755859375,125.66999816894531,126.58999633789062,8817900,119.44558715820312
QCOM,QCOM,2023-11-29,129.24000549316406,130.60000610351562,127.62000274658203,127.91000366210938,10608300,121.45867156982422
QCOM,QCOM,2023-11-30,129.27000427246094,129.39999389648438,127.48999786376953,129.0500030517578,11731800,122.54118347167969
QCOM,QCOM,2023-12-01,129.05999755859375,130.27000427246094,128.50999450683594,129.6699981689453,8866500,123.12991333007812
QCOM,QCOM,2023-12-04,129.3300018310547,130.0500030517578,128.02999877929688,129.9499969482422,7485000,123.39579772949219
QCOM,QCOM,2023-12-05,129.08999633789062,130.85000610351562,128.9499969482422,130.75,6231600,124.15545654296875
QCOM,QCOM,2023-12-06,131.97999572753906,132.13999938964844,129.66000366210938,129.9600067138672,6912400,123.40528106689453
QCOM,QCOM,2023-12-07,131.3300018310547,133.3300018310547,130.38999938964844,132.94000244140625,7815700,126.23497772216797
QCOM,QCOM,2023-12-08,131.22000122070312,133.97000122070312,131.17999267578125,132.97000122070312,7678600,126.26345825195312
QCOM,QCOM,2023-12-11,134.50999450683594,136.60000610351562,134.07000732421875,136.10000610351562,11010700,129.23561096191406
QCOM,QCOM,2023-12-12,135.97999572753906,137.22999572753906,135.5,136.67999267578125,7380400,129.78634643554688
QCOM,QCOM,2023-12-13,136.3800048828125,138.99000549316406,136.0800018310547,138.8000030517578,7507700,131.79940795898438
QCOM,QCOM,2023-12-14,139.60000610351562,142.75999450683594,139.60000610351562,141.5,11468900,134.36325073242188
QCOM,QCOM,2023-12-15,142.0500030517578,143.49000549316406,141.3800048828125,143.1300048828125,25053500,135.9110565185547
QCOM,QCOM,2023-12-18,142.50999450683594,143.1199951171875,141.2899932861328,141.64999389648438,7832100,134.50567626953125
QCOM,QCOM,2023-12-19,142.02999877929688,143.42999267578125,141.44000244140625,143.22999572753906,5658400,136.0059814453125
QCOM,QCOM,2023-12-20,141.97000122070312,142.97999572753906,140.36000061035156,140.44000244140625,7264800,133.35671997070312
QCOM,QCOM,2023-12-21,141.8000030517578,142.69000244140625,140.99000549316406,142.44000244140625,8361600,135.2558135986328
QCOM,QCOM,2023-12-22,143.25,144.39999389648438,142.75,143.49000549316406,4659200,136.2528839111328
QCOM,QCOM,2023-12-26,144.1699981689453,146.0500030517578,143.9600067138672,145.4600067138672,4381200,138.12350463867188
QCOM,QCOM,2023-12-27,145.85000610351562,146.22000122070312,145.0399932861328,145.72000122070312,4470300,138.37039184570312
QCOM,QCOM,2023-12-28,146.17999267578125,146.88999938964844,145.72999572753906,145.86000061035156,4928800,138.5033416748047
QCOM,QCOM,2023-12-29,145.41000366210938,145.6199951171875,143.7899932861328,144.6300048828125,4839300,137.33538818359375
QCOM,QCOM,2024-01-02,142.19000244140625,142.1999969482422,138.77999877929688,140.22999572753906,8495800,133.15728759765625
QCOM,QCOM,2024-01-03,138.88999938964844,138.88999938964844,136.99000549316406,137.60000610351562,8133300,130.65994262695312
QCOM,QCOM,2024-01-04,135.44000244140625,137.3300018310547,134.94000244140625,136.1699981689453,6770300,129.3020782470703
QCOM,QCOM,2024-01-05,136.16000366210938,138.07000732421875,135.85000610351562,136.72999572753906,6827300,129.8338623046875
QCOM,QCOM,2024-01-08,136.99000549316406,139.14999389648438,136.63999938964844,139.02999877929688,7729400,132.017822265625
QCOM,QCOM,2024-01-09,137.5399932861328,140.9499969482422,137.13999938964844,139.88999938964844,5856900,132.83444213867188
QCOM,QCOM,2024-01-10,139.88999938964844,140.02999877929688,137.7899932861328,139.30999755859375,5652500,132.28370666503906
QCOM,QCOM,2024-01-11,139.0,139.9499969482422,136.02999877929688,139.02999877929688,7374900,132.017822265625
QCOM,QCOM,2024-01-12,142.1199951171875,142.66000366210938,139.16000366210938,140.1999969482422,6546600,133.1288299560547
QCOM,QCOM,2024-01-16,140.0,141.22999572753906,137.97999572753906,141.1199951171875,7483000,134.0023956298828
QCOM,QCOM,2024-01-17,139.6199951171875,139.6300048828125,137.35000610351562,139.32000732421875,6584700,132.29318237304688
QCOM,QCOM,2024-01-18,143.14999389648438,145.64999389648438,142.3300018310547,145.2899932861328,12893000,137.9620819091797
QCOM,QCOM,2024-01-19,147.25999450683594,152.77000427246094,146.74000549316406,151.9600067138672,16193900,144.29568481445312
QCOM,QCOM,2024-01-22,152.75,154.57000732421875,151.8699951171875,152.8699951171875,10456100,145.15977478027344
QCOM,QCOM,2024-01-23,152.8699951171875,153.74000549316406,151.41000366210938,153.5,6232300,145.75799560546875
QCOM,QCOM,2024-01-24,154.7899932861328,156.32000732421875,153.89999389648438,154.3699951171875,8331900,146.58412170410156
QCOM,QCOM,2024-01-25,157.60000610351562,157.97999572753906,153.6699981689453,154.47000122070312,7740900,146.6790771484375
QCOM,QCOM,2024-01-26,152.2100067138672,152.97999572753906,150.3800048828125,150.72000122070312,7744700,143.1182403564453
QCOM,QCOM,2024-01-29,150.39999389648438,151.24000549316406,148.4199981689453,149.63999938964844,10770700,142.09271240234375
QCOM,QCOM,2024-01-30,148.0,148.8000030517578,145.57000732421875,145.97999572753906,9132800,138.61727905273438
QCOM,QCOM,2024-01-31,145.33999633789062,150.16000366210938,144.33999633789062,148.50999450683594,21184200,141.01968383789062
QCOM,QCOM,2024-02-01,140.8699951171875,143.91000366210938,140.08999633789062,141.11000061035156,22810600,133.992919921875
QCOM,QCOM,2024-02-02,140.64999389648438,142.13999938964844,139.25999450683594,141.69000244140625,10442700,134.5436553955078
QCOM,QCOM,2024-02-05,141.86000061035156,144.64999389648438,141.2100067138672,144.02999877929688,8032600,136.76564025878906
QCOM,QCOM,2024-02-06,144.5,144.80999755859375,142.42999267578125,144.10000610351562,7286300,136.83209228515625
QCOM,QCOM,2024-02-07,145.16000366210938,145.9499969482422,143.6300048828125,145.88999938964844,7361900,138.5318145751953
QCOM,QCOM,2024-02-08,146.85000610351562,148.61000061035156,146.2899932861328,148.17999267578125,9448700,140.70628356933594
QCOM,QCOM,2024-02-09,149.0,153.39999389648438,148.35000610351562,151.0,11981500,143.38409423828125
QCOM,QCOM,2024-02-12,150.3800048828125,154.75999450683594,150.25,153.10000610351562,11806300,145.3782196044922
QCOM,QCOM,2024-02-13,150.0,151.25,148.41000366210938,150.0399932861328,8976300,142.47251892089844
QCOM,QCOM,2024-02-14,151.30999755859375,154.38999938964844,151.0500030517578,153.94000244140625,8715100,146.17584228515625
QCOM,QCOM,2024-02-15,155.0,157.1699981689453,154.49000549316406,155.97999572753906,9372400,148.1129150390625
QCOM,QCOM,2024-02-16,157.47000122070312,157.75999450683594,152.60000610351562,152.69000244140625,8429100,144.9888458251953
QCOM,QCOM,2024-02-20,151.88999938964844,152.89999389648438,149.8699951171875,151.9600067138672,8745500,144.29568481445312
QCOM,QCOM,2024-02-21,149.8300018310547,152.0500030517578,148.89999389648438,152.00999450683594,9760300,144.34315490722656
QCOM,QCOM,2024-02-22,154.77000427246094,155.50999450683594,152.32000732421875,154.75,11407500,146.94496154785156
QCOM,QCOM,2024-02-23,155.6999969482422,156.91000366210938,154.3300018310547,154.91000366210938,5953300,147.0968780517578
QCOM,QCOM,2024-02-26,156.0,157.47999572753906,155.7899932861328,157.02999877929688,6307600,149.10997009277344
QCOM,QCOM,2024-02-27,157.75,159.1999969482422,157.49000549316406,158.3000030517578,6021400,150.31591796875
QCOM,QCOM,2024-02-28,156.0,156.5399932861328,154.9600067138672,155.85000610351562,5211000,148.74118041992188
QCOM,QCOM,2024-02-29,156.8699951171875,158.1999969482422,156.17999267578125,157.7899932861328,8321400,150.5926971435547
QCOM,QCOM,2024-03-01,159.38999938964844,164.0,158.07000732421875,163.08999633789062,10405700,155.65093994140625
QCOM,QCOM,2024-03-04,165.1199951171875,167.8300018310547,164.72000122070312,166.55999755859375,11865100,158.96267700195312
QCOM,QCOM,2024-03-05,164.72999572753906,165.58999633789062,160.22999572753906,161.4499969482422,9608800,154.0857391357422
QCOM,QCOM,2024-03-06,164.82000732421875,169.25,164.3300018310547,167.88999938964844,12230500,160.2319793701172
QCOM,QCOM,2024-03-07,169.60000610351562,177.58999633789062,169.42999267578125,175.72000122070312,14495100,167.704833984375
QCOM,QCOM,2024-03-08,174.82000732421875,175.47000122070312,170.5399932861328,170.57000732421875,11318000,162.78973388671875
QCOM,QCOM,2024-03-11,169.0,171.97999572753906,168.1199951171875,171.1199951171875,7256300,163.3146514892578
QCOM,QCOM,2024-03-12,172.91000366210938,173.89999389648438,170.5800018310547,173.0800018310547,7642200,165.18524169921875
QCOM,QCOM,2024-03-13,171.22000122070312,171.5,168.60000610351562,169.25,8730500,161.5299530029297
QCOM,QCOM,2024-03-14,169.60000610351562,169.9499969482422,166.7100067138672,168.4499969482422,8151000,160.76644897460938
QCOM,QCOM,2024-03-15,167.10000610351562,168.77000427246094,165.85000610351562,167.1999969482422,16414600,159.5734405517578
QCOM,QCOM,2024-03-18,170.91000366210938,171.4600067138672,166.35000610351562,166.9199981689453,6653700,159.30624389648438
QCOM,QCOM,2024-03-19,166.08999633789062,166.4600067138672,163.6300048828125,164.10000610351562,7404400,156.61488342285156
QCOM,QCOM,2024-03-20,164.10000610351562,168.1699981689453,163.8300018310547,167.6699981689453,5995800,160.0220184326172
QCOM,QCOM,2024-03-21,170.74000549316406,172.9199981689453,169.6300048828125,170.85000610351562,8497500,163.0570068359375
QCOM,QCOM,2024-03-22,169.5500030517578,171.89999389648438,169.3000030517578,170.10000610351562,5645500,162.3411865234375
QCOM,QCOM,2024-03-25,167.8800048828125,168.77000427246094,166.97000122070312,167.52000427246094,5682500,159.8788604736328
QCOM,QCOM,2024-03-26,168.0500030517578,169.4199981689453,167.0,167.07000732421875,5289900,159.44940185546875
QCOM,QCOM,2024-03-27,169.4499969482422,169.47999572753906,166.97000122070312,169.1300048828125,6309700,161.41543579101562
QCOM,QCOM,2024-03-28,169.10000610351562,169.88999938964844,167.97999572753906,169.3000030517578,5324000,161.57766723632812
QCOM,QCOM,2024-04-01,168.27000427246094,172.8000030517578,168.2100067138672,171.72000122070312,6679100,163.88731384277344
QCOM,QCOM,2024-04-02,170.47000122070312,171.39999389648438,169.27999877929688,171.0399932861328,7436300,163.23828125
QCOM,QCOM,2024-04-03,170.0,173.9600067138672,169.3300018310547,173.91000366210938,6943200,165.97740173339844
QCOM,QCOM,2024-04-04,175.0,175.9499969482422,169.41000366210938,169.75999450683594,9031200,162.01669311523438
QCOM,QCOM,2024-04-05,170.17999267578125,172.24000549316406,169.7100067138672,171.52999877929688,5863300,163.70594787597656
QCOM,QCOM,2024-04-08,172.92999267578125,174.38999938964844,172.36000061035156,173.6199951171875,4812000,165.7006378173828
QCOM,QCOM,2024-04-09,175.27000427246094,175.99000549316406,173.3699951171875,175.57000732421875,5028500,167.56170654296875
QCOM,QCOM,2024-04-10,172.4199981689453,173.7100067138672,170.07000732421875,170.86000061035156,6177400,163.0665283203125
QCOM,QCOM,2024-04-11,171.6699981689453,175.6300048828125,170.5,175.1300048828125,6262600,167.1417236328125
QCOM,QCOM,2024-04-12,172.27999877929688,173.38999938964844,170.9600067138672,171.2899932861328,8216700,163.4768829345703
QCOM,QCOM,2024-04-15,174.27000427246094,174.3800048828125,168.5800018310547,169.83999633789062,6570600,162.09304809570312
QCOM,QCOM,2024-04-16,169.5,169.57000732421875,167.4499969482422,168.5800018310547,6390100,160.89053344726562
QCOM,QCOM,2024-04-17,169.22000122070312,170.19000244140625,163.77000427246094,164.32000732421875,8082000,156.82484436035156
QCOM,QCOM,2024-04-18,162.36000061035156,164.10000610351562,159.86000061035156,161.44000244140625,9209400,154.076171875
QCOM,QCOM,2024-04-19,161.2899932861328,161.38999938964844,156.33999633789062,157.6300048828125,10292200,150.4399871826172
QCOM,QCOM,2024-04-22,158.0399932861328,161.63999938964844,157.16000366210938,160.17999267578125,7848700,152.8736572265625
QCOM,QCOM,2024-04-23,160.9600067138672,162.25999450683594,159.67999267578125,161.35000610351562,6616700,153.9903106689453
QCOM,QCOM,2024-04-24,163.8699951171875,165.92999267578125,162.0,163.6300048828125,6130500,156.1663055419922
QCOM,QCOM,2024-04-25,164.0800018310547,164.6300048828125,161.72999572753906,163.3000030517578,6230700,155.8513946533203
QCOM,QCOM,2024-04-26,162.89999389648438,166.52000427246094,162.50999450683594,165.66000366210938,7141300,158.1037139892578
QCOM,QCOM,2024-04-29,165.1999969482422,169.27000427246094,165.1999969482422,169.1999969482422,6623900,161.4822540283203
QCOM,QCOM,2024-04-30,169.22999572753906,169.24000549316406,165.80999755859375,165.85000610351562,6914200,158.28506469726562
QCOM,QCOM,2024-05-01,164.50999450683594,169.63999938964844,163.7899932861328,164.11000061035156,13113600,156.62440490722656
QCOM,QCOM,2024-05-02,175.47000122070312,181.69000244140625,175.2899932861328,180.10000610351562,25894800,171.88504028320312
QCOM,QCOM,2024-05-03,182.24000549316406,183.19000244140625,177.8000030517578,179.63999938964844,10043900,171.44602966308594
QCOM,QCOM,2024-05-06,181.91000366210938,182.39999389648438,180.39999389648438,181.85000610351562,6980100,173.5552520751953
QCOM,QCOM,2024-05-07,182.4499969482422,184.30999755859375,179.22000122070312,180.14999389648438,8011100,171.93275451660156
QCOM,QCOM,2024-05-08,176.72999572753906,180.7899932861328,176.6199951171875,180.5500030517578,6242600,172.3145294189453
QCOM,QCOM,2024-05-09,181.0,181.7100067138672,179.44000244140625,180.5399932861328,5513500,172.30496215820312
QCOM,QCOM,2024-05-10,182.0,183.5500030517578,181.24000549316406,182.0800018310547,4702500,173.77474975585938
QCOM,QCOM,2024-05-13,183.17999267578125,184.72999572753906,182.89999389648438,184.2100067138672,6384800,175.8075714111328
QCOM,QCOM,2024-05-14,184.50999450683594,189.2899932861328,184.49000549316406,188.97000122070312,7713400,180.3504638671875
QCOM,QCOM,2024-05-15,190.00999450683594,196.0800018310547,190.0,194.61000061035156,11349100,185.73321533203125
QCOM,QCOM,2024-05-16,195.0,195.6300048828125,192.77999877929688,193.27000427246094,8173400,184.45433044433594
QCOM,QCOM,2024-05-17,192.89999389648438,195.44000244140625,191.8699951171875,193.86000061035156,5799700,185.01742553710938
QCOM,QCOM,2024-05-20,194.0,199.99000549316406,193.27999877929688,197.75999450683594,8879700,188.739501953125
QCOM,QCOM,2024-05-21,196.00999450683594,201.97999572753906,195.75999450683594,200.85000610351562,11498800,191.6885528564453
QCOM,QCOM,2024-05-22,202.92999267578125,204.83999633789062,201.6999969482422,202.92999267578125,11170100,193.6737060546875
QCOM,QCOM,2024-05-23,205.8800048828125,207.9499969482422,199.4199981689453,201.75999450683594,14475100,192.5570831298828
QCOM,QCOM,2024-05-24,203.88999938964844,211.3000030517578,203.55999755859375,210.36000061035156,13809900,200.76480102539062
QCOM,QCOM,2024-05-28,217.22999572753906,217.42999267578125,211.3000030517578,213.0800018310547,12485400,203.36073303222656
QCOM,QCOM,2024-05-29,208.64999389648438,210.66000366210938,206.6999969482422,208.25999450683594,12552500,198.76058959960938
QCOM,QCOM,2024-05-30,208.0,209.3699951171875,203.82000732421875,204.8000030517578,12245300,196.2594451904297
QCOM,QCOM,2024-05-31,208.0,209.0500030517578,198.7100067138672,204.0500030517578,15064900,195.5406951904297
QCOM,QCOM,2024-06-03,209.55999755859375,210.97999572753906,202.41000366210938,205.91000366210938,12419500,197.32315063476562
QCOM,QCOM,2024-06-04,205.91000366210938,206.22999572753906,201.66000366210938,204.3699951171875,6629100,195.8473358154297
QCOM,QCOM,2024-06-05,206.92999267578125,212.5,205.3699951171875,211.89999389648438,11626300,203.0633544921875
QCOM,QCOM,2024-06-06,211.89999389648438,212.24000549316406,208.7899932861328,209.44000244140625,7597200,200.70591735839844
QCOM,QCOM,2024-06-07,209.72999572753906,209.8000030517578,204.88999938964844,206.6199951171875,5714400,198.00352478027344
QCOM,QCOM,2024-06-10,205.2899932861328,210.5800018310547,204.55999755859375,209.35000610351562,6465100,200.6196746826172
QCOM,QCOM,2024-06-11,207.14999389648438,209.4499969482422,204.77999877929688,208.52000427246094,8197500,199.8242950439453
QCOM,QCOM,2024-06-12,212.5,215.6199951171875,210.8800048828125,215.38999938964844,9502800,206.40780639648438
QCOM,QCOM,2024-06-13,216.36000061035156,218.36000061035156,213.00999450683594,217.80999755859375,10102800,208.7268829345703
QCOM,QCOM,2024-06-14,217.63999938964844,218.0500030517578,213.64999389648438,215.3300018310547,6438200,206.3502960205078
QCOM,QCOM,2024-06-17,217.08999633789062,222.6699981689453,213.39999389648438,222.22000122070312,12109100,212.95297241210938
QCOM,QCOM,2024-06-18,226.82000732421875,230.6300048828125,226.0,227.08999633789062,22037500,217.619873046875
QCOM,QCOM,2024-06-20,224.1999969482422,225.89999389648438,212.83999633789062,215.47000122070312,18701200,206.4844512939453
QCOM,QCOM,2024-06-21,211.75999450683594,215.47000122070312,209.41000366210938,212.52999877929688,22286500,203.6670684814453
QCOM,QCOM,2024-06-24,206.91000366210938,207.02999877929688,200.24000549316406,200.83999633789062,16087700,192.46456909179688
QCOM,QCOM,2024-06-25,203.13999938964844,203.14999389648438,199.1699981689453,202.1699981689453,11974900,193.73910522460938
QCOM,QCOM,2024-06-26,200.30999755859375,201.14999389648438,195.6999969482422,197.3300018310547,10023800,189.10092163085938
QCOM,QCOM,2024-06-27,196.8699951171875,198.57000732421875,193.83999633789062,195.14999389648438,11936600,187.01185607910156
QCOM,QCOM,2024-06-28,196.0,203.94000244140625,195.61000061035156,199.17999267578125,15547500,190.87380981445312
QCOM,QCOM,2024-07-01,199.47000122070312,200.6699981689453,196.0800018310547,200.02999877929688,6800600,191.68833923339844
QCOM,QCOM,2024-07-02,198.25,200.47999572753906,197.08999633789062,200.16000366210938,5632900,191.8129425048828
QCOM,QCOM,2024-07-03,202.67999267578125,204.86000061035156,200.44000244140625,203.80999755859375,4996200,195.31068420410156
QCOM,QCOM,2024-07-05,205.85000610351562,206.75,203.97999572753906,205.75,6375200,197.1697998046875
QCOM,QCOM,2024-07-08,207.24000549316406,210.44000244140625,206.14999389648438,207.88999938964844,6920400,199.22056579589844
QCOM,QCOM,2024-07-09,206.47999572753906,208.5500030517578,204.66000366210938,207.1199951171875,5272600,198.482666015625
QCOM,QCOM,2024-07-10,208.74000549316406,209.24000549316406,206.55999755859375,208.8000030517578,5159400,200.09262084960938
QCOM,QCOM,2024-07-11,210.02000427246094,210.1300048828125,199.77000427246094,199.85000610351562,8602200,191.51585388183594
QCOM,QCOM,2024-07-12,201.66000366210938,206.0800018310547,200.25,202.42999267578125,7217200,193.98825073242188
QCOM,QCOM,2024-07-15,203.0,209.24000549316406,202.7899932861328,208.17999267578125,7463700,199.49844360351562
QCOM,QCOM,2024-07-16,210.0,211.08999633789062,206.6199951171875,209.63999938964844,5998500,200.8975830078125
QCOM,QCOM,2024-07-17,199.72999572753906,200.0,190.55999755859375,191.60000610351562,16156200,183.60989379882812
QCOM,QCOM,2024-07-18,193.77999877929688,193.89999389648438,186.9499969482422,191.4600067138672,9960600,183.47572326660156
QCOM,QCOM,2024-07-19,191.69000244140625,193.08999633789062,185.75999450683594,186.2100067138672,9195700,178.44467163085938
QCOM,QCOM,2024-07-22,191.0,195.5,189.0500030517578,194.97000122070312,7590000,186.83935546875
QCOM,QCOM,2024-07-23,194.1999969482422,196.24000549316406,192.14999389648438,193.35000610351562,5796700,185.28692626953125
QCOM,QCOM,2024-07-24,189.33999633789062,189.61000061035156,180.69000244140625,181.07000732421875,13295300,173.51901245117188
QCOM,QCOM,2024-07-25,179.6199951171875,180.24000549316406,173.27000427246094,175.38999938964844,12700100,168.0758819580078
QCOM,QCOM,2024-07-26,179.00999450683594,181.3000030517578,177.57000732421875,180.0500030517578,6567800,172.54156494140625
QCOM,QCOM,2024-07-29,181.5,182.63999938964844,177.85000610351562,178.63999938964844,6051600,171.19033813476562
QCOM,QCOM,2024-07-30,179.33999633789062,179.39999389648438,166.77000427246094,166.94000244140625,15338900,159.97828674316406
QCOM,QCOM,2024-07-31,175.5800018310547,181.0800018310547,173.41000366210938,180.9499969482422,19222200,173.4040069580078
QCOM,QCOM,2024-08-01,171.75999450683594,176.97000122070312,161.3300018310547,164.0,24795000,157.16087341308594
QCOM,QCOM,2024-08-02,160.52000427246094,164.25999450683594,157.52999877929688,159.30999755859375,16618900,152.66644287109375
QCOM,QCOM,2024-08-05,153.27000427246094,162.82000732421875,151.38999938964844,157.9499969482422,12733900,151.36318969726562
QCOM,QCOM,2024-08-06,158.4199981689453,163.6300048828125,156.5,158.72000122070312,9301000,152.10104370117188
QCOM,QCOM,2024-08-07,163.5800018310547,164.32000732421875,155.5,156.1199951171875,9266900,149.60948181152344
QCOM,QCOM,2024-08-08,160.74000549316406,165.58999633789062,157.8699951171875,164.9499969482422,9590900,158.07125854492188
QCOM,QCOM,2024-08-09,164.07000732421875,165.88999938964844,161.97999572753906,164.47999572753906,4824600,157.62086486816406
QCOM,QCOM,2024-08-12,160.55999755859375,163.38999938964844,157.4199981689453,162.88999938964844,8548000,156.09713745117188
QCOM,QCOM,2024-08-13,164.3000030517578,169.55999755859375,163.27999877929688,169.47000122070312,11102100,162.4027557373047
QCOM,QCOM,2024-08-14,170.63999938964844,171.25999450683594,164.72000122070312,167.14999389648438,7208200,160.1794891357422
QCOM,QCOM,2024-08-15,171.75,174.63999938964844,170.61000061035156,173.33999633789062,10752100,166.11138916015625
QCOM,QCOM,2024-08-16,172.2899932861328,173.3800048828125,170.6300048828125,172.17999267578125,5435700,164.99974060058594
QCOM,QCOM,2024-08-19,171.57000732421875,174.32000732421875,168.74000549316406,174.25999450683594,6708100,166.9929962158203
QCOM,QCOM,2024-08-20,173.86000061035156,175.42999267578125,171.14999389648438,172.11000061035156,6222400,164.9326629638672
QCOM,QCOM,2024-08-21,172.99000549316406,174.8699951171875,172.0800018310547,174.22000122070312,6309500,166.9546661376953
QCOM,QCOM,2024-08-22,174.3000030517578,174.58999633789062,168.3800048828125,169.0,6743500,161.95236206054688
QCOM,QCOM,2024-08-23,171.75999450683594,174.6199951171875,170.6300048828125,173.5,6823600,166.2646942138672
QCOM,QCOM,2024-08-26,171.97000122070312,172.3800048828125,168.52999877929688,169.49000549316406,7437600,162.4219207763672
QCOM,QCOM,2024-08-27,169.1699981689453,174.44000244140625,168.27000427246094,173.92999267578125,6498800,166.6767578125
QCOM,QCOM,2024-08-28,174.3800048828125,175.72000122070312,169.6300048828125,171.85000610351562,6534600,164.68348693847656
QCOM,QCOM,2024-08-29,173.4199981689453,176.36000061035156,168.92999267578125,169.49000549316406,12514200,162.4219207763672
QCOM,QCOM,2024-08-30,172.2899932861328,175.4600067138672,170.8000030517578,175.3000030517578,11110800,167.98963928222656
QCOM,QCOM,2024-09-03,171.88999938964844,172.16000366210938,162.0,163.24000549316406,11620300,156.4325714111328
QCOM,QCOM,2024-09-04,163.0,168.24000549316406,162.6300048828125,165.3300018310547,6737000,158.43539428710938
QCOM,QCOM,2024-09-05,163.0800018310547,165.8000030517578,161.85000610351562,163.6999969482422,5600000,157.68408203125
QCOM,QCOM,2024-09-06,162.74000549316406,163.19000244140625,157.1300048828125,158.19000244140625,10703000,152.37655639648438
QCOM,QCOM,2024-09-09,161.08999633789062,162.3699951171875,158.57000732421875,160.77000427246094,7494900,154.86175537109375
QCOM,QCOM,2024-09-10,160.0,162.05999755859375,157.67999267578125,161.67999267578125,7918100,155.73831176757812
QCOM,QCOM,2024-09-11,162.36000061035156,166.89999389648438,159.25,166.55999755859375,8275400,160.43896484375
QCOM,QCOM,2024-09-12,165.8800048828125,166.30999755859375,162.89999389648438,164.97999572753906,6039200,158.9170379638672
QCOM,QCOM,2024-09-13,165.80999755859375,168.3000030517578,165.44000244140625,167.72999572753906,4049900,161.5659637451172
QCOM,QCOM,2024-09-16,164.92999267578125,167.33999633789062,163.7899932861328,166.61000061035156,6510000,160.48712158203125
QCOM,QCOM,2024-09-17,168.8800048828125,169.5,166.0800018310547,168.6999969482422,5828000,162.50033569335938
QCOM,QCOM,2024-09-18,169.52000427246094,172.4199981689453,167.6999969482422,168.3000030517578,5877600,162.11502075195312
QCOM,QCOM,2024-09-19,174.4199981689453,176.8000030517578,172.49000549316406,173.9199981689453,10900000,167.5284881591797
QCOM,QCOM,2024-09-20,172.69000244140625,173.07000732421875,164.3000030517578,168.9199981689453,27546400,162.71224975585938
QCOM,QCOM,2024-09-23,168.4199981689453,169.97999572753906,165.35000610351562,165.9600067138672,9810000,159.86102294921875
QCOM,QCOM,2024-09-24,167.4199981689453,169.36000061035156,165.97999572753906,166.9499969482422,9666800,160.81463623046875
QCOM,QCOM,2024-09-25,166.27999877929688,168.58999633789062,165.75999450683594,168.27000427246094,5095500,162.08615112304688
QCOM,QCOM,2024-09-26,174.91000366210938,175.75,166.77999877929688,172.66000366210938,8475000,166.31480407714844
QCOM,QCOM,2024-09-27,173.0,173.4499969482422,169.8300018310547,170.1300048828125,5880700,163.87777709960938
QCOM,QCOM,2024-09-30,171.3699951171875,172.22999572753906,167.75,170.0500030517578,8099700,163.8007049560547
QCOM,QCOM,2024-10-01,169.8000030517578,170.2899932861328,164.0800018310547,165.77999877929688,8277600,159.68763732910156
QCOM,QCOM,2024-10-02,166.14999389648438,169.75,165.14999389648438,168.32000732421875,4484600,162.13430786132812
QCOM,QCOM,2024-10-03,165.9499969482422,169.52999877929688,165.66000366210938,168.9199981689453,6260200,162.71224975585938
QCOM,QCOM,2024-10-04,172.5500030517578,172.8000030517578,166.47999572753906,168.89999389648438,6586500,162.69296264648438
QCOM,QCOM,2024-10-07,167.63999938964844,168.72000122070312,165.74000549316406,166.94000244140625,4359300,160.80502319335938
QCOM,QCOM,2024-10-08,164.86000061035156,167.72000122070312,163.66000366210938,166.33999633789062,7843500,160.22703552246094
QCOM,QCOM,2024-10-09,165.9499969482422,170.3000030517578,164.6699981689453,170.22000122070312,5486500,163.96444702148438
QCOM,QCOM,2024-10-10,167.22999572753906,168.75,165.3300018310547,168.52000427246094,5048000,162.32693481445312
QCOM,QCOM,2024-10-11,168.0,170.42999267578125,166.8699951171875,169.97999572753906,3801400,163.73329162597656
QCOM,QCOM,2024-10-14,171.33999633789062,178.8699951171875,170.89999389648438,178.0399932861328,9933600,171.4970703125
QCOM,QCOM,2024-10-15,177.22000122070312,179.8300018310547,172.75,174.08999633789062,12910400,167.69224548339844
QCOM,QCOM,2024-10-16,174.6199951171875,174.6699981689453,170.22000122070312,171.47999572753906,6495700,165.1781463623047
QCOM,QCOM,2024-10-17,175.6199951171875,175.6199951171875,171.02000427246094,171.10000610351562,6093200,164.81214904785156
QCOM,QCOM,2024-10-18,172.11000061035156,172.5800018310547,169.4199981689453,170.9199981689453,6432700,164.6387481689453
QCOM,QCOM,2024-10-21,169.63999938964844,170.1699981689453,166.07000732421875,169.00999450683594,7297700,162.79891967773438
QCOM,QCOM,2024-10-22,169.00999450683594,173.47999572753906,168.22999572753906,173.17999267578125,7313000,166.81565856933594
QCOM,QCOM,2024-10-23,169.33999633789062,172.63999938964844,164.3000030517578,166.60000610351562,9788200,160.4774932861328
QCOM,QCOM,2024-10-24,166.61000061035156,168.94000244140625,165.52999877929688,168.10000610351562,4933400,161.92239379882812
QCOM,QCOM,2024-10-25,170.27999877929688,173.17999267578125,169.80999755859375,170.27000427246094,5496600,164.0126190185547
QCOM,QCOM,2024-10-28,169.4199981689453,173.14999389648438,169.3699951171875,172.22000122070312,5024600,165.89097595214844
QCOM,QCOM,2024-10-29,172.1999969482422,176.57000732421875,171.25999450683594,176.0,6427700,169.53204345703125
QCOM,QCOM,2024-10-30,169.9199981689453,171.74000549316406,167.52999877929688,167.6199951171875,8819700,161.45999145507812
QCOM,QCOM,2024-10-31,167.6199951171875,167.77999877929688,162.0800018310547,162.77000427246094,10261200,156.78826904296875
QCOM,QCOM,2024-11-01,163.0800018310547,166.0800018310547,162.77000427246094,165.27000427246094,6498100,159.1963653564453
QCOM,QCOM,2024-11-04,165.05999755859375,167.5,163.63999938964844,165.17999267578125,4949800,159.1096954345703
QCOM,QCOM,2024-11-05,165.0,167.58999633789062,164.25,165.91000366210938,5373200,159.81285095214844
QCOM,QCOM,2024-11-06,169.25,178.4499969482422,168.6699981689453,172.99000549316406,17661900,166.63265991210938
QCOM,QCOM,2024-11-07,180.27000427246094,182.10000610351562,171.6300048828125,172.91000366210938,23586300,166.55560302734375
QCOM,QCOM,2024-11-08,172.08999633789062,173.49000549316406,168.75,170.91000366210938,10736600,164.6291046142578
QCOM,QCOM,2024-11-11,170.0,170.7899932861328,166.08999633789062,168.2899932861328,7829500,162.1053924560547
QCOM,QCOM,2024-11-12,167.0500030517578,167.3300018310547,161.86000061035156,163.41000366210938,8483300,157.40472412109375
QCOM,QCOM,2024-11-13,162.7899932861328,162.94000244140625,159.75,160.4199981689453,7921700,154.52459716796875
QCOM,QCOM,2024-11-14,162.9499969482422,164.91000366210938,161.8699951171875,163.97000122070312,7012600,157.9441680908203
QCOM,QCOM,2024-11-15,163.0,164.3300018310547,159.60000610351562,160.5,9737000,154.60165405273438
QCOM,QCOM,2024-11-18,162.60000610351562,165.13999938964844,162.0,164.5,7814200,158.45468139648438
QCOM,QCOM,2024-11-19,164.02999877929688,166.22999572753906,162.64999389648438,164.7100067138672,6176800,158.65695190429688
QCOM,QCOM,2024-11-20,164.0,164.1999969482422,152.9499969482422,154.27000427246094,14483000,148.6006317138672
QCOM,QCOM,2024-11-21,155.16000366210938,156.94000244140625,153.58999633789062,155.4600067138672,10685800,149.74691772460938
QCOM,QCOM,2024-11-22,154.7899932861328,156.8800048828125,153.72999572753906,156.7899932861328,5709300,151.02801513671875
QCOM,QCOM,2024-11-25,158.94000244140625,159.64999389648438,157.22000122070312,158.82000732421875,9189800,152.98342895507812
QCOM,QCOM,2024-11-26,159.75,161.47000122070312,156.08999633789062,156.92999267578125,9489900,151.16285705566406
QCOM,QCOM,2024-11-27,156.92999267578125,157.64999389648438,154.4600067138672,156.39999389648438,6337900,150.65235900878906
QCOM,QCOM,2024-11-29,158.11000061035156,161.52000427246094,157.75,158.52999877929688,6112000,152.70408630371094
QCOM,QCOM,2024-12-02,158.3800048828125,163.3699951171875,158.3800048828125,163.02999877929688,9812700,157.0386962890625
QCOM,QCOM,2024-12-03,161.5,163.86000061035156,161.32000732421875,162.5800018310547,6961400,156.60523986816406
QCOM,QCOM,2024-12-04,164.47999572753906,165.0,162.24000549316406,163.33999633789062,6721600,157.33729553222656
QCOM,QCOM,2024-12-05,162.58999633789062,164.4499969482422,159.92999267578125,160.38999938964844,7279800,155.3038787841797
QCOM,QCOM,2024-12-06,160.38999938964844,160.38999938964844,157.24000549316406,159.50999450683594,9918400,154.45181274414062
QCOM,QCOM,2024-12-09,157.47999572753906,162.92999267578125,157.47000122070312,160.74000549316406,9481200,155.64279174804688
QCOM,QCOM,2024-12-10,160.77000427246094,161.49000549316406,156.0399932861328,156.4600067138672,8683600,151.49851989746094
QCOM,QCOM,2024-12-11,157.2899932861328,160.4600067138672,156.97000122070312,159.8300018310547,7081800,154.76165771484375
QCOM,QCOM,2024-12-12,158.6699981689453,159.4600067138672,156.9199981689453,158.24000549316406,5796100,153.2220916748047
QCOM,QCOM,2024-12-13,158.24000549316406,159.67999267578125,156.6199951171875,158.52999877929688,8886700,153.5028839111328
QCOM,QCOM,2024-12-16,158.16000366210938,158.7100067138672,154.02000427246094,157.88999938964844,9951100,152.88316345214844
QCOM,QCOM,2024-12-17,156.49000549316406,159.97999572753906,156.49000549316406,157.9199981689453,7187400,152.91221618652344
QCOM,QCOM,2024-12-18,158.25,161.16000366210938,152.32000732421875,153.0500030517578,10295200,148.1966552734375
QCOM,QCOM,2024-12-19,154.02999877929688,155.47000122070312,150.05999755859375,150.39999389648438,8414800,145.6306610107422
QCOM,QCOM,2024-12-20,149.5800018310547,154.57000732421875,149.42999267578125,152.88999938964844,17347100,148.04171752929688
QCOM,QCOM,2024-12-23,155.66000366210938,158.69000244140625,154.5500030517578,158.24000549316406,8863200,153.2220916748047
QCOM,QCOM,2024-12-24,158.63999938964844,159.39999389648438,157.5399932861328,159.36000061035156,2839600,154.3065643310547
QCOM,QCOM,2024-12-26,157.39999389648438,159.55999755859375,157.35000610351562,158.52999877929688,3846900,153.5028839111328
QCOM,QCOM,2024-12-27,157.19000244140625,157.75,155.52000427246094,157.24000549316406,7232500,152.25376892089844
QCOM,QCOM,2024-12-30,155.22999572753906,156.1300048828125,153.8000030517578,154.5800018310547,5356000,149.67813110351562
QCOM,QCOM,2024-12-31,154.72000122070312,155.83999633789062,153.2100067138672,153.6199951171875,4423300,148.74856567382812
QCOM,QCOM,2025-01-02,155.00999450683594,157.50999450683594,152.7899932861328,153.63999938964844,5009100,148.76795959472656
QCOM,QCOM,2025-01-03,155.4199981689453,158.44000244140625,154.49000549316406,157.8300018310547,5885800,152.82505798339844
QCOM,QCOM,2025-01-06,159.3300018310547,165.6699981689453,159.3300018310547,159.85000610351562,9599800,154.78102111816406
QCOM,QCOM,2025-01-07,162.0,163.4499969482422,159.25,160.52000427246094,7666000,155.42977905273438
QCOM,QCOM,2025-01-08,160.0500030517578,160.19000244140625,156.94000244140625,159.0800018310547,7731900,154.0354461669922
QCOM,QCOM,2025-01-10,157.6999969482422,158.27999877929688,155.5500030517578,156.97999572753906,6236800,152.0020294189453
QCOM,QCOM,2025-01-13,155.22000122070312,157.3699951171875,154.8000030517578,157.1300048828125,5714700,152.14727783203125
QCOM,QCOM,2025-01-14,160.13999938964844,161.00999450683594,156.55999755859375,159.52999877929688,6476500,154.47117614746094
QCOM,QCOM,2025-01-15,162.10000610351562,165.4499969482422,162.08999633789062,164.41000366210938,9284000,159.1964111328125
QCOM,QCOM,2025-01-16,165.35000610351562,165.83999633789062,161.27999877929688,161.42999267578125,7188900,156.31092834472656
QCOM,QCOM,2025-01-17,165.3800048828125,165.61000061035156,163.10000610351562,164.55999755859375,8097500,159.34165954589844
QCOM,QCOM,2025-01-21,166.0,168.67999267578125,165.35000610351562,167.27000427246094,7380500,161.96571350097656
QCOM,QCOM,2025-01-22,168.32000732421875,172.08999633789062,168.19000244140625,170.24000549316406,7281700,164.84153747558594
QCOM,QCOM,2025-01-23,170.3800048828125,174.3800048828125,169.3800048828125,174.36000061035156,7172300,168.83090209960938
QCOM,QCOM,2025-01-24,175.10000610351562,175.1999969482422,171.94000244140625,172.11000061035156,5825800,166.65223693847656
QCOM,QCOM,2025-01-27,172.10000610351562,172.1999969482422,167.27999877929688,171.17999267578125,15632600,165.751708984375
QCOM,QCOM,2025-01-28,170.22000122070312,173.49000549316406,169.80999755859375,171.5500030517578,8720200,166.1099853515625
QCOM,QCOM,2025-01-29,171.5500030517578,173.49000549316406,170.22000122070312,171.7100067138672,5118900,166.2649383544922
QCOM,QCOM,2025-01-30,172.33999633789062,173.5399932861328,170.97000122070312,171.92999267578125,6010600,166.4779510498047
QCOM,QCOM,2025-01-31,172.50999450683594,176.7899932861328,172.2899932861328,172.92999267578125,7800500,167.44622802734375
QCOM,QCOM,2025-02-03,168.8800048828125,172.5800018310547,168.05999755859375,170.24000549316406,7447100,164.84153747558594
QCOM,QCOM,2025-02-04,168.5,173.7899932861328,168.5,173.0399932861328,5457900,167.55274963378906
QCOM,QCOM,2025-02-05,173.0,177.0,169.89999389648438,175.86000061035156,15197800,170.2833251953125
QCOM,QCOM,2025-02-06,167.83999633789062,169.49000549316406,165.39999389648438,169.32000732421875,16293500,163.95071411132812
QCOM,QCOM,2025-02-07,169.8300018310547,171.3000030517578,166.05999755859375,167.9600067138672,7841700,162.6338348388672
QCOM,QCOM,2025-02-10,169.72999572753906,171.8000030517578,169.0,171.36000061035156,6237700,165.92601013183594
QCOM,QCOM,2025-02-11,169.64999389648438,172.6999969482422,169.11000061035156,171.99000549316406,6588100,166.5360565185547
QCOM,QCOM,2025-02-12,169.5500030517578,170.92999267578125,168.24000549316406,170.2899932861328,5505700,164.8899383544922
QCOM,QCOM,2025-02-13,170.19000244140625,172.36000061035156,169.47000122070312,172.14999389648438,6362200,166.69097900390625
QCOM,QCOM,2025-02-14,172.60000610351562,172.82000732421875,171.0399932861328,172.22999572753906,4691300,166.7684326171875
QCOM,QCOM,2025-02-18,173.25999450683594,173.72000122070312,171.24000549316406,173.63999938964844,7292600,168.13372802734375
QCOM,QCOM,2025-02-19,173.99000549316406,176.5,173.35000610351562,175.22000122070312,6849600,169.66360473632812
QCOM,QCOM,2025-02-20,176.0,176.38999938964844,172.89999389648438,173.6999969482422,6316400,168.1918182373047
QCOM,QCOM,2025-02-21,174.97999572753906,175.42999267578125,165.2100067138672,165.42999267578125,12531900,160.18406677246094
QCOM,QCOM,2025-02-24,165.91000366210938,166.58999633789062,160.99000549316406,161.10000610351562,9827800,155.99136352539062
QCOM,QCOM,2025-02-25,161.66000366210938,163.3300018310547,159.44000244140625,161.22000122070312,8244900,156.10757446289062
QCOM,QCOM,2025-02-26,161.8300018310547,164.13999938964844,160.92999267578125,162.10000610351562,9161900,156.95965576171875
QCOM,QCOM,2025-02-27,162.33999633789062,163.25,154.10000610351562,154.44000244140625,10807200,149.54257202148438
QCOM,QCOM,2025-02-28,155.10000610351562,157.30999755859375,153.39999389648438,157.1699981689453,10149500,152.1859893798828
QCOM,QCOM,2025-03-03,158.99000549316406,160.0800018310547,152.52000427246094,153.6199951171875,9601900,148.74856567382812
QCOM,QCOM,2025-03-04,155.27000427246094,157.1999969482422,151.35000610351562,154.4600067138672,8956800,149.56195068359375
QCOM,QCOM,2025-03-05,155.0399932861328,159.14999389648438,153.02999877929688,158.49000549316406,6786900,153.46414184570312
QCOM,QCOM,2025-03-06,154.11000061035156,157.8800048828125,154.08999633789062,156.0399932861328,7808100,151.9065399169922
QCOM,QCOM,2025-03-07,155.22000122070312,161.82000732421875,155.22000122070312,161.22000122070312,8727600,156.94931030273438
QCOM,QCOM,2025-03-10,157.35000610351562,159.25999450683594,152.61000061035156,154.97999572753906,10139900,150.8745880126953
QCOM,QCOM,2025-03-11,154.85000610351562,156.22999572753906,150.86000061035156,153.10000610351562,8692900,149.04441833496094
QCOM,QCOM,2025-03-12,154.2100067138672,155.86000061035156,151.9199981689453,152.8000030517578,7117400,148.7523651123047
QCOM,QCOM,2025-03-13,152.60000610351562,155.6300048828125,150.4199981689453,151.94000244140625,5861700,147.91514587402344
QCOM,QCOM,2025-03-14,153.55999755859375,156.9499969482422,153.5399932861328,156.5800018310547,5309400,152.43223571777344
QCOM,QCOM,2025-03-17,155.60000610351562,158.72000122070312,155.44000244140625,157.9499969482422,5781000,153.7659149169922
QCOM,QCOM,2025-03-18,157.9499969482422,159.72999572753906,155.9199981689453,156.2899932861328,6898400,152.14988708496094
QCOM,QCOM,2025-03-19,156.42999267578125,160.50999450683594,155.05999755859375,158.25999450683594,5871000,154.0677032470703
QCOM,QCOM,2025-03-20,158.0,159.1199951171875,156.52000427246094,157.9499969482422,5089300,153.7659149169922
QCOM,QCOM,2025-03-21,154.97999572753906,157.4199981689453,153.55999755859375,156.82000732421875,10949300,152.66586303710938
QCOM,QCOM,2025-03-24,160.0,161.0,158.8000030517578,160.0800018310547,6033400,155.83949279785156
QCOM,QCOM,2025-03-25,159.8800048828125,161.47000122070312,159.4199981689453,160.14999389648438,3978200,155.90765380859375
QCOM,QCOM,2025-03-26,159.4499969482422,160.80999755859375,156.85000610351562,158.38999938964844,5960300,154.19427490234375
QCOM,QCOM,2025-03-27,158.2100067138672,159.25,155.75,157.97000122070312,6102000,153.78538513183594
QCOM,QCOM,2025-03-28,156.9199981689453,157.63999938964844,151.55999755859375,152.72000122070312,8918000,148.6744842529297
QCOM,QCOM,2025-03-31,150.80999755859375,153.85000610351562,147.8800048828125,153.61000061035156,8613600,149.54090881347656
QCOM,QCOM,2025-04-01,152.38999938964844,153.32000732421875,150.25999450683594,153.0500030517578,5708900,148.99571228027344
QCOM,QCOM,2025-04-02,150.7899932861328,155.4600067138672,150.3699951171875,154.0800018310547,5377200,149.99844360351562
QCOM,QCOM,2025-04-03,147.0,147.39999389648438,138.55999755859375,139.4199981689453,16465000,135.72679138183594
QCOM,QCOM,2025-04-04,134.33999633789062,135.86000061035156,126.68000030517578,127.45999908447266,19018600,124.08360290527344
QCOM,QCOM,2025-04-07,124.58999633789062,137.1999969482422,120.80000305175781,129.72000122070312,17938300,126.28372955322266
QCOM,QCOM,2025-04-08,131.1300048828125,135.2899932861328,121.73999786376953,124.66000366210938,14965900,121.35778045654297
QCOM,QCOM,2025-04-09,125.16000366210938,144.86000061035156,124.19000244140625,143.58999633789062,21242600,139.7863006591797
QCOM,QCOM,2025-04-10,137.00999450683594,139.05999755859375,129.2899932861328,134.39999389648438,14898800,130.83975219726562
QCOM,QCOM,2025-04-11,134.0,140.64999389648438,131.11000061035156,139.25,10955300,135.56129455566406
QCOM,QCOM,2025-04-14,142.75,143.11000061035156,136.8300018310547,139.19000244140625,6930300,135.5028839111328
QCOM,QCOM,2025-04-15,139.4600067138672,140.83999633789062,138.02999877929688,138.60000610351562,6346800,134.92852783203125
QCOM,QCOM,2025-04-16,133.67999267578125,137.30999755859375,131.7899932861328,135.74000549316406,10417200,132.14425659179688
QCOM,QCOM,2025-04-17,137.3800048828125,138.14999389648438,135.7100067138672,136.66000366210938,7135900,133.0399169921875
QCOM,QCOM,2025-04-21,134.72999572753906,136.5500030517578,133.36000061035156,136.13999938964844,8128300,132.53366088867188
QCOM,QCOM,2025-04-22,136.75,139.10000610351562,136.49000549316406,138.74000549316406,8228000,135.06480407714844
QCOM,QCOM,2025-04-23,142.5800018310547,143.8800048828125,139.77999877929688,140.4600067138672,9073500,136.73924255371094
QCOM,QCOM,2025-04-24,142.77999877929688,147.82000732421875,141.99000549316406,147.2100067138672,8810600,143.3104248046875
QCOM,QCOM,2025-04-25,146.0800018310547,149.1999969482422,146.0800018310547,148.55999755859375,5145600,144.6246795654297
QCOM,QCOM,2025-04-28,148.17999267578125,149.3000030517578,145.44000244140625,147.6199951171875,5743500,143.7095489501953
QCOM,QCOM,2025-04-29,146.66000366210938,148.25999450683594,145.52000427246094,146.8800048828125,6692000,142.98919677734375
QCOM,QCOM,2025-04-30,145.1999969482422,148.85000610351562,143.8800048828125,148.4600067138672,10851900,144.52731323242188
QCOM,QCOM,2025-05-01,138.7899932861328,138.9600067138672,134.8699951171875,135.2100067138672,22836600,131.62831115722656
QCOM,QCOM,2025-05-02,137.85000610351562,141.41000366210938,137.2899932861328,139.80999755859375,13185600,136.10647583007812
QCOM,QCOM,2025-05-05,138.3000030517578,140.77000427246094,138.2899932861328,139.44000244140625,7165300,135.7462615966797
QCOM,QCOM,2025-05-06,137.82000732421875,140.8000030517578,137.4600067138672,139.89999389648438,6957900,136.19406127929688
QCOM,QCOM,2025-05-07,140.3800048828125,144.6999969482422,140.25,144.3000030517578,10196400,140.47752380371094
QCOM,QCOM,2025-05-08,145.63999938964844,147.5,143.88999938964844,145.10000610351562,8489100,141.25633239746094
QCOM,QCOM,2025-05-09,145.66000366210938,146.97999572753906,144.60000610351562,145.17999267578125,6217100,141.33421325683594
QCOM,QCOM,2025-05-12,154.0800018310547,154.36000061035156,149.8300018310547,152.1199951171875,11414600,148.0903778076172
QCOM,QCOM,2025-05-13,152.00999450683594,153.2899932861328,150.9600067138672,151.33999633789062,10160900,147.33102416992188
QCOM,QCOM,2025-05-14,151.92999267578125,153.27000427246094,150.42999267578125,152.97999572753906,6971200,148.92758178710938
QCOM,QCOM,2025-05-15,151.7100067138672,153.38999938964844,150.17999267578125,152.61000061035156,6941200,148.56739807128906
QCOM,QCOM,2025-05-16,152.8699951171875,153.05999755859375,151.3000030517578,152.5,6668000,148.46029663085938
QCOM,QCOM,2025-05-19,150.5500030517578,153.82000732421875,150.11000061035156,153.6999969482422,7241100,149.62850952148438
QCOM,QCOM,2025-05-20,153.0399932861328,153.88999938964844,151.92999267578125,153.82000732421875,5269500,149.74534606933594
QCOM,QCOM,2025-05-21,153.5800018310547,156.1300048828125,150.8300018310547,151.30999755859375,9684500,147.30181884765625
QCOM,QCOM,2025-05-22,151.38999938964844,151.5800018310547,147.22000122070312,147.3699951171875,9539100,143.4661865234375
QCOM,QCOM,2025-05-23,143.4199981689453,146.49000549316406,141.77000427246094,145.3800048828125,8994600,141.52891540527344
QCOM,QCOM,2025-05-27,147.5500030517578,149.35000610351562,146.42999267578125,148.6300048828125,9788800,144.6928253173828
QCOM,QCOM,2025-05-28,148.82000732421875,149.49000549316406,147.36000061035156,147.60000610351562,7032300,143.6901092529297
QCOM,QCOM,2025-05-29,149.86000061035156,150.5,147.24000549316406,148.33999633789062,5980700,144.41050720214844
QCOM,QCOM,2025-05-30,148.0,148.02000427246094,143.47999572753906,145.1999969482422,13755600,141.35365295410156
QCOM,QCOM,2025-06-02,144.8000030517578,147.2100067138672,144.47999572753906,146.6300048828125,6419500,142.74578857421875
QCOM,QCOM,2025-06-03,146.7100067138672,149.77999877929688,145.50999450683594,148.94000244140625,6164100,144.99459838867188
QCOM,QCOM,2025-06-04,150.0,150.0500030517578,147.3800048828125,149.0500030517578,7143800,145.1016845703125
QCOM,QCOM,2025-06-05,148.8000030517578,150.0800018310547,147.0,147.55999755859375,5605500,144.51406860351562
QCOM,QCOM,2025-06-06,149.8000030517578,150.58999633789062,149.0500030517578,149.24000549316406,5794700,146.15939331054688
QCOM,QCOM,2025-06-09,151.80999755859375,156.1199951171875,151.1699981689453,155.41000366210938,10589400,152.20204162597656
QCOM,QCOM,2025-06-10,156.19000244140625,159.50999450683594,155.07000732421875,159.1300048828125,9068400,155.8452606201172
QCOM,QCOM,2025-06-11,160.0,162.13999938964844,157.6999969482422,159.47999572753906,8859900,156.18801879882812
QCOM,QCOM,2025-06-12,159.0,159.61000061035156,157.9499969482422,158.6999969482422,5689400,155.4241180419922
QCOM,QCOM,2025-06-13,156.33999633789062,157.1699981689453,154.44000244140625,154.72000122070312,8446400,151.52627563476562
QCOM,QCOM,2025-06-16,157.02999877929688,158.4499969482422,155.63999938964844,156.8699951171875,8686300,153.63189697265625
QCOM,QCOM,2025-06-17,156.64999389648438,157.5800018310547,154.38999938964844,154.4600067138672,7146900,151.2716522216797
QCOM,QCOM,2025-06-18,155.0,156.10000610351562,153.14999389648438,153.6300048828125,6708700,150.45877075195312
QCOM,QCOM,2025-06-20,154.22999572753906,155.1199951171875,150.6300048828125,151.32000732421875,15501900,148.19647216796875
QCOM,QCOM,2025-06-23,151.22999572753906,153.52000427246094,149.67999267578125,153.13999938964844,6860700,149.9788818359375
QCOM,QCOM,2025-06-24,154.72999572753906,156.3000030517578,154.14999389648438,155.7100067138672,7692700,152.49583435058594
QCOM,QCOM,2025-06-25,156.10000610351562,156.52999877929688,154.58999633789062,155.92999267578125,5280100,152.71128845214844
QCOM,QCOM,2025-06-26,156.5,158.4199981689453,155.91000366210938,158.19000244140625,6278200,154.9246368408203
QCOM,QCOM,2025-06-27,158.64999389648438,161.10000610351562,157.57000732421875,158.5399932861328,22100300,155.26742553710938
QCOM,QCOM,2025-06-30,158.38999938964844,159.86000061035156,157.8000030517578,159.25999450683594,7988200,155.97256469726562
QCOM,QCOM,2025-07-01,158.22000122070312,161.64999389648438,157.97999572753906,159.39999389648438,8942300,156.10964965820312
QCOM,QCOM,2025-07-02,159.67999267578125,162.7899932861328,158.8000030517578,162.32000732421875,8916400,158.96939086914062
QCOM,QCOM,2025-07-03,163.0399932861328,163.9600067138672,162.08999633789062,162.2100067138672,4280800,158.8616943359375
QCOM,QCOM,2025-07-07,161.11000061035156,161.49000549316406,157.57000732421875,158.08999633789062,7187400,154.8267059326172
QCOM,QCOM,2025-07-08,159.47000122070312,161.8300018310547,158.61000061035156,159.4499969482422,6879100,156.1586456298828
QCOM,QCOM,2025-07-09,159.39999389648438,161.47999572753906,158.25,159.35000610351562,4190100,156.0607147216797
QCOM,QCOM,2025-07-10,158.99000549316406,160.2899932861328,157.7899932861328,159.08999633789062,5674400,155.80606079101562
QCOM,QCOM,2025-07-11,159.0,159.1699981689453,157.14999389648438,157.4600067138672,5907700,154.20970153808594
QCOM,QCOM,2025-07-14,156.4199981689453,156.5,153.47999572753906,154.2899932861328,7382600,151.1051483154297
QCOM,QCOM,2025-07-15,156.2899932861328,156.7100067138672,154.1199951171875,154.3000030517578,6467300,151.1149444580078
QCOM,QCOM,2025-07-16,154.3000030517578,154.5,151.5399932861328,154.07000732421875,7106700,150.88970947265625
QCOM,QCOM,2025-07-17,153.0,153.52999877929688,151.8000030517578,152.61000061035156,7018600,149.4598388671875
QCOM,QCOM,2025-07-18,153.0399932861328,155.42999267578125,152.72999572753906,154.8000030517578,7433900,151.60462951660156
QCOM,QCOM,2025-07-21,154.9199981689453,159.92999267578125,154.91000366210938,158.97000122070312,7662300,155.68853759765625
QCOM,QCOM,2025-07-22,158.9600067138672,159.0399932861328,156.1699981689453,157.99000549316406,6951600,154.72879028320312
QCOM,QCOM,2025-07-23,158.58999633789062,160.0399932861328,156.92999267578125,159.8800048828125,7296200,156.57977294921875
QCOM,QCOM,2025-07-24,158.35000610351562,159.08999633789062,156.7899932861328,158.83999633789062,5014800,155.56124877929688
QCOM,QCOM,2025-07-25,158.89999389648438,159.1999969482422,157.41000366210938,158.39999389648438,4808200,155.13031005859375
QCOM,QCOM,2025-07-28,159.75999450683594,161.9600067138672,159.16000366210938,161.0500030517578,9627300,157.72561645507812
QCOM,QCOM,2025-07-29,162.0399932861328,163.60000610351562,161.13999938964844,162.0800018310547,9460900,158.73434448242188
QCOM,QCOM,2025-07-30,163.0,163.27000427246094,158.0,159.05999755859375,14382500,155.7766876220703
QCOM,QCOM,2025-07-31,153.11000061035156,156.8000030517578,145.5800018310547,146.75999450683594,24440100,143.73057556152344
QCOM,QCOM,2025-08-01,146.4600067138672,149.1699981689453,145.7899932861328,148.19000244140625,12706700,145.13107299804688
QCOM,QCOM,2025-08-04,148.50999450683594,150.7899932861328,147.07000732421875,147.50999450683594,8150200,144.465087890625
QCOM,QCOM,2025-08-05,148.52000427246094,148.64999389648438,145.6699981689453,146.7100067138672,7794500,143.68162536621094
QCOM,QCOM,2025-08-06,146.64999389648438,146.7100067138672,144.11000061035156,145.83999633789062,8475700,142.82957458496094
QCOM,QCOM,2025-08-07,148.32000732421875,148.32000732421875,144.80999755859375,145.89999389648438,6753500,142.88832092285156
QCOM,QCOM,2025-08-08,146.35000610351562,148.02000427246094,145.69000244140625,147.55999755859375,5028700,144.51406860351562
QCOM,QCOM,2025-08-11,148.57000732421875,151.05999755859375,147.7100067138672,147.97000122070312,6215900,144.9156036376953
QCOM,QCOM,2025-08-12,148.7899932861328,153.89999389648438,148.57000732421875,153.72999572753906,9304100,150.5567169189453
QCOM,QCOM,2025-08-13,153.97000122070312,157.11000061035156,153.6300048828125,156.58999633789062,7103300,153.35768127441406
QCOM,QCOM,2025-08-14,154.89999389648438,158.64999389648438,154.89999389648438,158.08999633789062,6294800,154.8267059326172
QCOM,QCOM,2025-08-15,158.0399932861328,159.25999450683594,156.69000244140625,157.85000610351562,7583700,154.59165954589844
QCOM,QCOM,2025-08-18,157.77999877929688,159.75,157.24000549316406,158.89999389648438,4774400,155.6199951171875
QCOM,QCOM,2025-08-19,159.07000732421875,159.42999267578125,156.0500030517578,156.25,6396500,153.02468872070312
QCOM,QCOM,2025-08-20,156.38999938964844,156.63999938964844,153.4600067138672,155.44000244140625,7151700,152.23141479492188
QCOM,QCOM,2025-08-21,154.82000732421875,155.1999969482422,153.0500030517578,154.1300048828125,4997300,150.94845581054688
QCOM,QCOM,2025-08-22,154.8300018310547,159.88999938964844,154.55999755859375,158.00999450683594,7711500,154.74835205078125
QCOM,QCOM,2025-08-25,157.61000061035156,158.0500030517578,155.39999389648438,156.4199981689453,4653000,153.19117736816406
QCOM,QCOM,2025-08-26,157.66000366210938,159.9600067138672,157.41000366210938,159.1699981689453,9173000,155.88442993164062
QCOM,QCOM,2025-08-27,158.36000061035156,159.97000122070312,157.8000030517578,159.77000427246094,4549900,156.47203063964844
QCOM,QCOM,2025-08-28,159.91000366210938,161.22000122070312,159.02999877929688,160.8000030517578,8156300,157.48077392578125
QCOM,QCOM,2025-08-29,159.52999877929688,161.60000610351562,159.39999389648438,160.72999572753906,9949100,157.41221618652344
QCOM,QCOM,2025-09-02,157.82000732421875,158.94000244140625,154.60000610351562,158.77999877929688,7520300,155.50247192382812
QCOM,QCOM,2025-09-03,159.39999389648438,159.57000732421875,156.05999755859375,157.27999877929688,6336400,154.03341674804688
QCOM,QCOM,2025-09-04,156.1999969482422,159.86000061035156,154.47000122070312,159.7100067138672,7781200,157.30340576171875
QCOM,QCOM,2025-09-05,160.0800018310547,163.49000549316406,159.14999389648438,159.83999633789062,7954200,157.43142700195312
QCOM,QCOM,2025-09-08,160.2899932861328,160.2899932861328,158.00999450683594,160.24000549316406,7019700,157.82542419433594
QCOM,QCOM,2025-09-09,160.3699951171875,161.60000610351562,157.57000732421875,158.66000366210938,6126000,156.2692413330078
QCOM,QCOM,2025-09-10,158.6199951171875,159.2100067138672,156.61000061035156,158.9499969482422,8256900,156.5548553466797
QCOM,QCOM,2025-09-11,159.19000244140625,162.07000732421875,157.9600067138672,161.50999450683594,8360200,159.07627868652344
QCOM,QCOM,2025-09-12,161.3300018310547,162.3300018310547,159.5800018310547,161.8300018310547,5430600,159.39144897460938
QCOM,QCOM,2025-09-15,161.39999389648438,162.67999267578125,160.2100067138672,161.22000122070312,5604800,158.7906494140625
QCOM,QCOM,2025-09-16,161.82000732421875,165.0,161.5,164.13999938964844,7997500,161.66664123535156
QCOM,QCOM,2025-09-17,164.67999267578125,166.3699951171875,163.22999572753906,165.25999450683594,6057800,162.76976013183594
QCOM,QCOM,2025-09-18,166.8800048828125,168.86000061035156,166.22999572753906,168.1300048828125,10421200,165.59652709960938
QCOM,QCOM,2025-09-19,169.1699981689453,169.5800018310547,166.2899932861328,166.85000610351562,19444400,164.3358154296875
QCOM,QCOM,2025-09-22,166.85000610351562,170.22000122070312,165.9199981689453,169.72000122070312,6196600,167.16258239746094
QCOM,QCOM,2025-09-23,169.82000732421875,170.85000610351562,168.3000030517578,169.52999877929688,5468400,166.97543334960938
QCOM,QCOM,2025-09-24,169.0500030517578,174.44000244140625,168.6699981689453,173.5500030517578,9213700,170.9348602294922
QCOM,QCOM,2025-09-25,171.2100067138672,171.97000122070312,167.94000244140625,169.67999267578125,8093700,167.12315368652344
QCOM,QCOM,2025-09-26,169.67999267578125,170.92999267578125,168.1300048828125,169.1999969482422,4846000,166.650390625
QCOM,QCOM,2025-09-29,169.1999969482422,169.83999633789062,164.75999450683594,165.3000030517578,7523100,162.80918884277344
QCOM,QCOM,2025-09-30,165.63999938964844,166.83999633789062,164.8800048828125,166.36000061035156,5593300,163.8531951904297
QCOM,QCOM,2025-10-01,165.8000030517578,166.77000427246094,164.49000549316406,166.49000549316406,6153000,163.9812469482422
QCOM,QCOM,2025-10-02,167.75,169.5399932861328,167.17999267578125,168.85000610351562,5499500,166.30567932128906
QCOM,QCOM,2025-10-03,168.85000610351562,171.75,168.74000549316406,169.17999267578125,5137900,166.63070678710938
QCOM,QCOM,2025-10-06,170.5399932861328,170.8800048828125,167.72000122070312,168.6199951171875,8265800,166.0791473388672
QCOM,QCOM,2025-10-07,169.89999389648438,171.97999572753906,165.13999938964844,165.4600067138672,7147500,162.96676635742188
QCOM,QCOM,2025-10-08,166.24000549316406,168.5500030517578,163.88999938964844,167.77000427246094,7302200,165.24195861816406
QCOM,QCOM,2025-10-09,167.3699951171875,167.61000061035156,163.22999572753906,165.66000366210938,6928400,163.16375732421875
QCOM,QCOM,2025-10-10,164.82000732421875,165.08999633789062,153.35000610351562,153.58999633789062,15818600,151.27561950683594
QCOM,QCOM,2025-10-13,155.9499969482422,162.38999938964844,155.77999877929688,161.77999877929688,10311000,159.3422088623047
QCOM,QCOM,2025-10-14,159.3000030517578,164.27000427246094,159.25999450683594,161.74000549316406,8675200,159.30282592773438
QCOM,QCOM,2025-10-15,164.24000549316406,164.24000549316406,160.30999755859375,162.97000122070312,7334100,160.51426696777344
QCOM,QCOM,2025-10-16,164.49000549316406,165.19000244140625,162.2100067138672,164.0800018310547,5686700,161.60755920410156
QCOM,QCOM,2025-10-17,162.86000061035156,163.7899932861328,161.6699981689453,163.4499969482422,4833100,160.98704528808594
QCOM,QCOM,2025-10-20,163.33999633789062,167.64999389648438,162.05999755859375,167.0399932861328,8194100,164.52294921875
QCOM,QCOM,2025-10-21,166.8000030517578,169.24000549316406,166.1999969482422,168.8300018310547,6176100,166.2859649658203
QCOM,QCOM,2025-10-22,167.49000549316406,169.77999877929688,166.02000427246094,169.27000427246094,10083800,166.71934509277344
QCOM,QCOM,2025-10-23,168.3300018310547,171.25,167.8800048828125,170.02999877929688,6546400,167.4678955078125
QCOM,QCOM,2025-10-24,171.69000244140625,172.4199981689453,168.47000122070312,168.94000244140625,6256000,166.39431762695312
QCOM,QCOM,2025-10-27,168.9499969482422,205.9499969482422,168.82000732421875,187.67999267578125,81799300,184.85191345214844
QCOM,QCOM,2025-10-28,183.92999267578125,185.91000366210938,179.41000366210938,181.02999877929688,20323100,178.30213928222656
QCOM,QCOM,2025-10-29,182.0,183.49000549316406,178.1999969482422,178.6699981689453,11614600,175.97769165039062
QCOM,QCOM,2025-10-30,178.67999267578125,179.8800048828125,177.19000244140625,177.25999450683594,7862900,174.5889434814453
QCOM,QCOM,2025-10-31,178.52000427246094,182.14999389648438,176.8300018310547,180.89999389648438,9452800,178.17408752441406
QCOM,QCOM,2025-11-03,182.9499969482422,183.4499969482422,179.08999633789062,180.72000122070312,8535100,177.996826171875
QCOM,QCOM,2025-11-04,177.47999572753906,179.33999633789062,172.2899932861328,172.83999633789062,12323600,170.2355499267578
QCOM,QCOM,2025-11-05,174.75999450683594,183.42999267578125,174.32000732421875,179.72000122070312,18845500,177.0118865966797
QCOM,QCOM,2025-11-06,177.8000030517578,178.50999450683594,170.05999755859375,173.1999969482422,16184700,170.59011840820312
QCOM,QCOM,2025-11-07,172.72999572753906,174.25,168.25,170.88999938964844,10614700,168.31492614746094
QCOM,QCOM,2025-11-10,173.75999450683594,174.8000030517578,169.5,171.57000732421875,10129300,168.9846954345703
QCOM,QCOM,2025-11-11,171.0,175.97999572753906,171.0,173.97999572753906,8419100,171.35836791992188
QCOM,QCOM,2025-11-12,175.0,177.4199981689453,174.8800048828125,176.6699981689453,8785800,174.0078582763672
QCOM,QCOM,2025-11-13,176.6300048828125,178.8300018310547,173.02999877929688,174.5,9526100,171.8705291748047
QCOM,QCOM,2025-11-14,171.77999877929688,175.69000244140625,171.39999389648438,173.97999572753906,7949900,171.35836791992188
QCOM,QCOM,2025-11-17,172.8000030517578,174.83999633789062,165.1699981689453,166.75,10211100,164.23731994628906
QCOM,QCOM,2025-11-18,164.88999938964844,166.7899932861328,161.38999938964844,165.05999755859375,11073200,162.57278442382812
QCOM,QCOM,2025-11-19,164.69000244140625,167.50999450683594,164.11000061035156,166.11000061035156,8176500,163.60696411132812
QCOM,QCOM,2025-11-20,167.1300048828125,168.8800048828125,158.85000610351562,159.58999633789062,12075400,157.18521118164062
QCOM,QCOM,2025-11-21,160.75,165.27000427246094,159.10000610351562,163.3000030517578,10815000,160.8393096923828
QCOM,QCOM,2025-11-24,164.3699951171875,166.94000244140625,163.72000122070312,165.05999755859375,12070100,162.57278442382812
QCOM,QCOM,2025-11-25,163.99000549316406,164.97000122070312,161.8699951171875,163.3000030517578,7758100,160.8393096923828
QCOM,QCOM,2025-11-26,164.1199951171875,166.25,163.14999389648438,165.13999938964844,7967700,162.6515655517578
QCOM,QCOM,2025-11-28,165.02999877929688,168.19000244140625,164.1300048828125,168.08999633789062,5068800,165.55712890625
QCOM,QCOM,2025-12-01,165.91000366210938,169.02999877929688,165.5,168.0399932861328,6818300,165.50787353515625
QCOM,QCOM,2025-12-02,168.75,171.1699981689453,167.63999938964844,170.6999969482422,9159100,168.12779235839844
QCOM,QCOM,2025-12-03,170.89999389648438,175.08999633789062,170.35000610351562,175.07000732421875,7624300,172.43194580078125
QCOM,QCOM,2025-12-04,174.3300018310547,174.92999267578125,173.22999572753906,174.35000610351562,7245000,172.60025024414062
QCOM,QCOM,2025-12-05,174.74000549316406,177.25,174.5,174.80999755859375,8400100,173.0556182861328
QCOM,QCOM,2025-12-08,174.74000549316406,175.5,173.72000122070312,175.30999755859375,6690200,173.5506134033203
QCOM,QCOM,2025-12-09,174.5,176.35000610351562,172.32000732421875,176.0,7719100,174.2336883544922
QCOM,QCOM,2025-12-10,175.80999755859375,183.44000244140625,175.25,182.2100067138672,11100100,180.38136291503906
QCOM,QCOM,2025-12-11,181.3699951171875,181.63999938964844,178.08999633789062,181.27000427246094,6319200,179.45079040527344
QCOM,QCOM,2025-12-12,181.25,183.11000061035156,177.8699951171875,178.2899932861328,8865800,176.50070190429688
QCOM,QCOM,2025-12-15,179.72000122070312,180.30999755859375,176.38999938964844,179.25999450683594,6954700,177.46096801757812
QCOM,QCOM,2025-12-16,179.19000244140625,179.19000244140625,174.80999755859375,176.1199951171875,7136000,174.35247802734375
QCOM,QCOM,2025-12-17,176.1199951171875,177.47999572753906,172.0500030517578,172.33999633789062,8501900,170.61041259765625
QCOM,QCOM,2025-12-18,175.7100067138672,177.0800018310547,173.52999877929688,174.19000244140625,8967500,172.44186401367188
QCOM,QCOM,2025-12-19,174.44000244140625,177.19000244140625,174.1999969482422,175.25,25223500,173.4912109375
QCOM,QCOM,2025-12-22,177.55999755859375,178.32000732421875,173.89999389648438,174.22000122070312,6422100,172.47154235839844
QCOM,QCOM,2025-12-23,173.61000061035156,175.27000427246094,173.50999450683594,174.75,4690400,172.99623107910156
QCOM,QCOM,2025-12-24,175.0399932861328,175.49000549316406,174.4199981689453,174.77000427246094,1645300,173.0160369873047
QCOM,QCOM,2025-12-26,175.0,175.5,174.35000610351562,174.80999755859375,2442800,173.0556182861328
QCOM,QCOM,2025-12-29,174.00999450683594,175.19000244140625,172.7899932861328,173.42999267578125,3978400,171.68946838378906
QCOM,QCOM,2025-12-30,174.05999755859375,174.39999389648438,173.33999633789062,173.64999389648438,3429300,171.9072723388672
QCOM,QCOM,2025-12-31,173.61000061035156,173.77999877929688,171.00999450683594,171.0500030517578,4682600,169.3333740234375
QCOM,QCOM,2026-01-02,173.8000030517578,174.67999267578125,172.1999969482422,172.97999572753906,6532200,171.24398803710938
QCOM,QCOM,2026-01-05,175.4600067138672,178.85000610351562,174.00999450683594,176.30999755859375,8972200,174.5405731201172
QCOM,QCOM,2026-01-06,177.2100067138672,184.4499969482422,176.6199951171875,182.4499969482422,11033900,180.61895751953125
QCOM,QCOM,2026-01-07,182.38999938964844,184.07000732421875,177.11000061035156,180.19000244140625,9853000,178.3816375732422
QCOM,QCOM,2026-01-08,178.8000030517578,184.30999755859375,176.1999969482422,181.8699951171875,8353500,180.04476928710938
QCOM,QCOM,2026-01-09,178.1199951171875,179.44000244140625,174.8000030517578,177.77999877929688,9662200,175.99581909179688
QCOM,QCOM,2026-01-12,175.8800048828125,175.8800048828125,169.24000549316406,169.27000427246094,13657600,167.57122802734375
QCOM,QCOM,2026-01-13,166.97999572753906,168.35000610351562,164.97000122070312,165.2899932861328,9993300,163.63116455078125
QCOM,QCOM,2026-01-14,163.69000244140625,164.74000549316406,162.35000610351562,164.5399932861328,7959900,162.88868713378906
QCOM,QCOM,2026-01-15,166.4499969482422,166.5,161.02999877929688,161.38999938964844,9241600,159.7703094482422
QCOM,QCOM,2026-01-16,161.38999938964844,161.6999969482422,159.2100067138672,159.4199981689453,11990800,157.82008361816406
QCOM,QCOM,2026-01-20,154.9499969482422,157.72000122070312,153.25,154.07000732421875,11971400,152.52378845214844
QCOM,QCOM,2026-01-21,156.3300018310547,157.52999877929688,154.6199951171875,156.3699951171875,9181900,154.80067443847656
QCOM,QCOM,2026-01-22,158.47000122070312,159.42999267578125,156.80999755859375,157.8000030517578,7450300,156.21633911132812
QCOM,QCOM,2026-01-23,157.0399932861328,157.97999572753906,154.85000610351562,155.82000732421875,7106700,154.2562255859375
QCOM,QCOM,2026-01-26,154.8000030517578,156.1999969482422,154.3000030517578,154.52000427246094,8004200,152.96925354003906
QCOM,QCOM,2026-01-27,156.3300018310547,156.74000549316406,152.66000366210938,153.0399932861328,8354600,151.5041046142578
QCOM,QCOM,2026-01-28,152.0,154.0,150.39999389648438,152.6999969482422,8539000,151.16751098632812
QCOM,QCOM,2026-01-29,153.08999633789062,153.22999572753906,149.72999572753906,152.22000122070312,9142900,150.6923370361328
QCOM,QCOM,2026-01-30,149.9600067138672,153.07000732421875,149.8300018310547,151.58999633789062,9577200,150.06866455078125
QCOM,QCOM,2026-02-02,150.97000122070312,153.63999938964844,150.82000732421875,152.6199951171875,9099100,151.0883331298828
QCOM,QCOM,2026-02-03,150.72000122070312,150.72000122070312,144.3000030517578,147.17999267578125,11966400,145.70291137695312
QCOM,QCOM,2026-02-04,148.7100067138672,153.47000122070312,148.1699981689453,148.88999938964844,19249300,147.395751953125
QCOM,QCOM,2026-02-05,132.9199981689453,139.3300018310547,132.72999572753906,136.3000030517578,30229600,134.93211364746094
QCOM,QCOM,2026-02-06,136.8699951171875,139.14999389648438,135.27999877929688,137.33999633789062,15036800,135.961669921875
QCOM,QCOM,2026-02-09,137.10000610351562,139.94000244140625,136.5,138.92999267578125,11022700,137.53570556640625
QCOM,QCOM,2026-02-10,138.14999389648438,140.41000366210938,136.7899932861328,140.08999633789062,9762900,138.68406677246094
QCOM,QCOM,2026-02-11,140.02999877929688,142.38999938964844,139.11000061035156,141.0399932861328,9379300,139.62452697753906
QCOM,QCOM,2026-02-12,140.86000061035156,141.5,136.74000549316406,138.47000122070312,12416600,137.08033752441406
QCOM,QCOM,2026-02-13,137.1199951171875,141.47999572753906,136.74000549316406,140.6999969482422,13134400,139.28794860839844
QCOM,QCOM,2026-02-17,141.0,143.5,140.00999450683594,142.6300048828125,10670700,141.19859313964844
QCOM,QCOM,2026-02-18,143.5,144.47999572753906,140.72000122070312,143.24000549316406,9944500,141.80247497558594
QCOM,QCOM,2026-02-19,141.8800048828125,142.32000732421875,139.89999389648438,141.27000427246094,8219400,139.85223388671875
QCOM,QCOM,2026-02-20,140.30999755859375,144.07000732421875,140.10000610351562,142.8800048828125,10265100,141.44607543945312
QCOM,QCOM,2026-02-23,141.97000122070312,144.05999755859375,139.63999938964844,140.41000366210938,8260100,139.00086975097656
QCOM,QCOM,2026-02-24,142.55999755859375,146.3699951171875,142.05999755859375,144.77999877929688,11085700,143.32699584960938
QCOM,QCOM,2026-02-25,145.60000610351562,146.02999877929688,144.02000427246094,145.82000732421875,7358300,144.3565673828125
QCOM,QCOM,2026-02-26,145.9199981689453,146.94000244140625,144.52000427246094,145.58999633789062,8642100,144.12887573242188
QCOM,QCOM,2026-02-27,142.86000061035156,143.91000366210938,141.35000610351562,142.36000061035156,12439900,140.93128967285156
QCOM,QCOM,2026-03-02,137.8300018310547,142.00999450683594,136.88999938964844,141.02999877929688,8963900,139.61463928222656
QCOM,QCOM,2026-03-03,138.27000427246094,139.1999969482422,136.3000030517578,138.1300048828125,10372400,136.74374389648438
QCOM,QCOM,2026-03-04,138.22000122070312,139.88999938964844,137.4199981689453,139.50999450683594,9309800,138.10987854003906
QCOM,QCOM,2026-03-05,137.58999633789062,139.66000366210938,135.8000030517578,137.0,8981000,136.49586486816406
QCOM,QCOM,2026-03-06,134.1699981689453,137.17999267578125,133.4199981689453,135.69000244140625,9197000,135.190673828125
QCOM,QCOM,2026-03-09,133.49000549316406,138.5800018310547,132.4600067138672,138.11000061035156,12304600,137.60177612304688
QCOM,QCOM,2026-03-10,134.6999969482422,136.75,132.16000366210938,135.1999969482422,10447300,134.70248413085938
QCOM,QCOM,2026-03-11,136.4499969482422,138.1999969482422,133.9600067138672,134.1199951171875,7830500,133.62644958496094
QCOM,QCOM,2026-03-12,133.47000122070312,134.8699951171875,130.61000061035156,131.14999389648438,9162800,130.66737365722656
QCOM,QCOM,2026-03-13,131.14999389648438,133.4199981689453,129.22000122070312,129.82000732421875,7786700,129.34228515625
QCOM,QCOM,2026-03-16,131.07000732421875,131.8699951171875,128.94000244140625,129.38999938964844,10132900,128.9138641357422
QCOM,QCOM,2026-03-17,133.52000427246094,134.0500030517578,131.17999267578125,131.58999633789062,10544300,131.1057586669922
QCOM,QCOM,2026-03-18,130.72999572753906,132.74000549316406,129.92999267578125,130.47000122070312,9894300,129.98988342285156
QCOM,QCOM,2026-03-19,129.13999938964844,132.67999267578125,128.89999389648438,131.27999877929688,9846700,130.79690551757812
QCOM,QCOM,2026-03-20,131.30999755859375,132.75,129.77999877929688,129.89999389648438,78568000,129.42198181152344
QCOM,QCOM,2026-03-23,133.14999389648438,133.97000122070312,127.41000366210938,128.35000610351562,11431600,127.87769317626953
QCOM,QCOM,2026-03-24,128.33999633789062,129.17999267578125,127.30999755859375,128.6699981689453,8409200,128.19650268554688
QCOM,QCOM,2026-03-25,130.16000366210938,131.92999267578125,129.9499969482422,130.35000610351562,6669400,129.87033081054688
QCOM,QCOM,2026-03-26,128.7899932861328,132.33999633789062,128.30999755859375,130.5399932861328,11912500,130.0596160888672
QCOM,QCOM,2026-03-27,129.88999938964844,130.0399932861328,126.68000030517578,127.11000061035156,8964900,126.64225006103516
QCOM,QCOM,2026-03-30,127.44999694824219,128.60000610351562,126.33999633789062,127.06999969482422,11555900,126.60240173339844
QCOM,QCOM,2026-03-31,128.39999389648438,129.2899932861328,125.77999877929688,128.77999877929688,12219800,128.3061065673828
QCOM,QCOM,2026-04-01,128.0,130.22999572753906,126.9800033569336,127.27999877929688,10210700,126.8116226196289
QCOM,QCOM,2026-04-02,125.2300033569336,127.0,124.01000213623047,126.80000305175781,8575300,126.3333969116211
QCOM,QCOM,2026-04-06,126.55999755859375,127.43000030517578,123.70999908447266,125.7300033569336,8038600,125.267333984375
QCOM,QCOM,2026-04-07,125.06999969482422,125.41000366210938,121.98999786376953,124.06999969482422,8840400,123.61344146728516
QCOM,QCOM,2026-04-08,128.64999389648438,128.88999938964844,125.62000274658203,127.51000213623047,12535800,127.04077911376953
QCOM,QCOM,2026-04-09,127.26000213623047,128.58999633789062,126.80000305175781,127.75,9352700,127.27989959716797
QCOM,QCOM,2026-04-10,128.8000030517578,130.61000061035156,127.8499984741211,128.05999755859375,8427400,127.58875274658203
QCOM,QCOM,2026-04-13,128.0,131.30999755859375,126.45999908447266,131.24000549316406,8615000,130.75706481933594
QCOM,QCOM,2026-04-14,132.1999969482422,132.94000244140625,131.0500030517578,132.83999633789062,7608300,132.35116577148438
QCOM,QCOM,2026-04-15,133.44000244140625,134.33999633789062,132.27999877929688,133.0500030517578,9691500,132.56039428710938
QCOM,QCOM,2026-04-16,131.7899932861328,135.6999969482422,131.7899932861328,134.47000122070312,8163700,133.9751739501953
QCOM,QCOM,2026-04-17,136.69000244140625,136.97000122070312,134.41000366210938,136.1999969482422,9667600,135.69879150390625
QCOM,QCOM,2026-04-20,136.41000366210938,138.5,136.0800018310547,137.52000427246094,7953800,137.01394653320312
QCOM,QCOM,2026-04-21,138.1199951171875,138.25999450683594,135.0500030517578,135.55999755859375,11874600,135.0611572265625
QCOM,QCOM,2026-04-22,136.63999938964844,137.49000549316406,135.5500030517578,136.07000732421875,9432700,135.5692901611328
QCOM,QCOM,2026-04-23,136.0,136.99000549316406,132.0500030517578,133.9499969482422,10164900,133.4570770263672
QCOM,QCOM,2026-04-24,145.61000061035156,151.5399932861328,143.5800018310547,148.85000610351562,29449600,148.30226135253906
QCOM,QCOM,2026-04-27,156.30999755859375,161.0,147.0500030517578,150.25999450683594,41744000,149.70706176757812
QCOM,QCOM,2026-04-28,145.0800018310547,151.5,144.0,150.0,22921300,149.44801330566406
QCOM,QCOM,2026-04-29,151.4499969482422,157.2899932861328,151.0,156.0,37571200,155.42593383789062
QCOM,QCOM,2026-04-30,172.0500030517578,186.88999938964844,163.55999755859375,179.5800018310547,61132700,178.91917419433594
QCOM,QCOM,2026-05-01,179.1300048828125,179.99000549316406,171.14999389648438,177.00999450683594,21111500,176.35862731933594
QCOM,QCOM,2026-05-04,177.22000122070312,180.49000549316406,166.8300018310547,168.3800048828125,23117400,167.76039123535156
QCOM,QCOM,2026-05-05,167.64999389648438,187.22000122070312,164.7899932861328,186.5500030517578,34274900,185.863525390625
QCOM,QCOM,2026-05-06,195.17999267578125,197.5,188.22000122070312,192.57000732421875,30145000,191.8613739013672
QCOM,QCOM,2026-05-07,190.6699981689453,223.66000366210938,187.63999938964844,202.5500030517578,51092200,201.8046417236328
QCOM,QCOM,2026-05-08,213.0,228.0500030517578,208.6300048828125,219.08999633789062,37850000,218.2837677001953
QCOM,QCOM,2026-05-11,232.00999450683594,247.89999389648438,231.1999969482422,237.52999877929688,45474000,236.65591430664062
QCOM,QCOM,2026-05-12,229.83999633789062,230.0,202.0,210.30999755859375,38590100,209.5360870361328
QCOM,QCOM,2026-05-13,216.6300048828125,219.49000549316406,207.14999389648438,213.1699981689453,26226300,212.38555908203125
QCOM,QCOM,2026-05-14,208.50999450683594,209.52999877929688,199.66000366210938,200.0800018310547,24883900,199.34373474121094
QCOM,QCOM,2026-05-15,201.64999389648438,207.39999389648438,199.16000366210938,201.49000549316406,25876800,200.74855041503906
QCOM,QCOM,2026-05-18,206.77000427246094,210.8000030517578,193.5800018310547,203.63999938964844,21082500,202.890625
QCOM,QCOM,2026-05-19,196.86000061035156,201.5,191.02000427246094,195.61000061035156,19605200,194.8901824951172
QCOM,QCOM,2026-05-20,197.0,203.58999633789062,194.0,202.50999450683594,19037500,201.76478576660156
QCOM,QCOM,2026-05-21,202.77999877929688,214.00999450683594,197.60000610351562,213.41000366210938,28163700,212.6246795654297
QCOM,QCOM,2026-05-22,214.42999267578125,243.0,214.1699981689453,238.16000366210938,30375700,237.28359985351562
QCOM,QCOM,2026-05-26,240.72000122070312,258.0,235.8000030517578,248.82000732421875,30646400,247.90438842773438
QCOM,QCOM,2026-05-27,245.42999267578125,248.27000427246094,224.17999267578125,233.39999389648438,25694700,232.54110717773438
QCOM,QCOM,2026-05-28,236.0,249.4600067138672,231.52000427246094,243.2899932861328,21118400,242.39471435546875
QCOM,QCOM,2026-05-29,250.19000244140625,259.9200134277344,247.50999450683594,251.02000427246094,28781800,250.09628295898438
QCOM,QCOM,2026-06-01,233.3300018310547,238.02000427246094,226.80999755859375,228.99000549316406,21185200,228.14735412597656
QCOM,QCOM,2026-06-02,232.0,245.19000244140625,226.0500030517578,240.83999633789062,18508500,239.9537353515625
QCOM,QCOM,2026-06-03,235.02000427246094,255.08999633789062,233.02000427246094,250.00999450683594,19467000,249.08999633789062
QCOM,QCOM,2026-06-04,239.4499969482422,246.6999969482422,235.32000732421875,242.57000732421875,14185600,242.57000732421875
QCOM,QCOM,2026-06-05,237.64999389648438,238.44000244140625,215.0,215.94000244140625,24189200,215.94000244140625
QCOM,QCOM,2026-06-08,221.02999877929688,221.92999267578125,214.6300048828125,217.77000427246094,17180600,217.77000427246094
QCOM,QCOM,2026-06-09,216.4600067138672,219.63999938964844,192.6699981689453,205.4199981689453,29906300,205.4199981689453
QCOM,QCOM,2026-06-10,199.4600067138672,204.89999389648438,190.10000610351562,191.1999969482422,18426600,191.1999969482422
QCOM,QCOM,2026-06-11,190.9199981689453,203.83999633789062,190.75,202.9600067138672,18933100,202.9600067138672
QCOM,QCOM,2026-06-12,201.85000610351562,215.00999450683594,200.10000610351562,211.72000122070312,14123700,211.72000122070312
QCOM,QCOM,2026-06-15,219.77000427246094,226.4600067138672,216.27999877929688,220.80999755859375,13993800,220.80999755859375
QCOM,QCOM,2026-06-16,225.8300018310547,231.19000244140625,213.8000030517578,214.07000732421875,19629600,214.07000732421875
QCOM,QCOM,2026-06-17,219.0399932861328,221.32000732421875,212.67999267578125,212.97000122070312,11955800,212.97000122070312
QCOM,QCOM,2026-06-18,220.7100067138672,229.4199981689453,214.72999572753906,226.11000061035156,47081500,226.11000061035156
