ticker,source_symbol,date,open,high,low,close,volume,adj_close
COP,COP,2009-01-02,39.625213623046875,42.11036682128906,39.510868072509766,41.81306457519531,15538296,22.63591957092285
COP,COP,2009-01-05,41.66059875488281,42.72784423828125,41.50813674926758,42.28569793701172,20390217,22.891782760620117
COP,COP,2009-01-06,43.093753814697266,43.7874641418457,42.16373062133789,42.44578552246094,17082142,22.97845458984375
COP,COP,2009-01-07,41.92741012573242,41.92741012573242,40.20457458496094,40.58573532104492,13447170,21.971494674682617
COP,COP,2009-01-08,40.3951530456543,41.34804916381836,40.074981689453125,41.157470703125,10084393,22.281005859375
COP,COP,2009-01-09,41.16509246826172,41.309932708740234,39.487998962402344,39.63283920288086,13818013,21.45563316345215
COP,COP,2009-01-12,39.18307113647461,39.23643112182617,38.047218322753906,38.474117279052734,15255605,20.82834815979004
COP,COP,2009-01-13,38.321651458740234,39.49562072753906,38.27591323852539,39.04585266113281,16274735,21.13786506652832
COP,COP,2009-01-14,38.51223373413086,38.573219299316406,36.99522399902344,37.52122116088867,19027004,20.312488555908203
COP,COP,2009-01-15,37.32301712036133,37.422119140625,35.188533782958984,36.94186019897461,30470675,19.99884033203125
COP,COP,2009-01-16,37.650814056396484,38.25304412841797,36.84275817871094,37.643192291259766,20883450,20.37851333618164
COP,COP,2009-01-20,36.75890350341797,37.13243865966797,34.654911041259766,34.83024215698242,24183129,18.855703353881836
COP,COP,2009-01-21,34.99795150756836,37.65843963623047,34.99032974243164,37.643192291259766,21142529,20.37851333618164
COP,COP,2009-01-22,36.83513641357422,37.544090270996094,35.806007385253906,36.6598014831543,18106258,19.846153259277344
COP,COP,2009-01-23,35.72215270996094,37.33064270019531,35.44771957397461,36.72841262817383,15686528,19.883291244506836
COP,COP,2009-01-26,37.22391891479492,38.664695739746094,36.99522399902344,37.452613830566406,15675115,20.27535057067871
COP,COP,2009-01-27,37.452613830566406,38.09295654296875,36.972354888916016,37.74229431152344,14798708,20.432172775268555
COP,COP,2009-01-28,38.588462829589844,38.588462829589844,37.52122116088867,38.23780059814453,24500189,20.70041275024414
COP,COP,2009-01-29,37.36113357543945,37.36113357543945,35.73740005493164,35.95084762573242,21109210,19.46235466003418
COP,COP,2009-01-30,36.522586822509766,36.8122673034668,35.98896408081055,36.232906341552734,24927571,19.615041732788086
COP,COP,2009-02-02,35.63829803466797,35.63829803466797,34.685401916503906,34.86073684692383,22388468,18.872215270996094
COP,COP,2009-02-03,35.142791748046875,35.52395248413086,34.685401916503906,35.25714111328125,18161484,19.086807250976562
COP,COP,2009-02-04,35.699283599853516,35.699283599853516,34.69302749633789,34.93696975708008,18853716,18.913482666015625
COP,COP,2009-02-05,34.74638748168945,36.072818756103516,34.34998321533203,35.76026916503906,21409872,19.35918426513672
COP,COP,2009-02-06,35.38673400878906,36.77415084838867,35.10467529296875,36.54545593261719,16260305,19.78425407409668
COP,COP,2009-02-09,36.61406326293945,37.48310470581055,36.301513671875,36.99522399902344,16737404,20.027734756469727
COP,COP,2009-02-10,36.6902961730957,37.40687561035156,34.8226203918457,35.15041732788086,20591970,19.029022216796875
COP,COP,2009-02-11,35.63067626953125,35.79838562011719,34.334739685058594,35.036067962646484,16859269,18.967124938964844
COP,COP,2009-02-12,34.67015838623047,35.325748443603516,33.99931716918945,35.219024658203125,18736573,19.06616973876953
COP,COP,2009-02-13,35.26476287841797,35.54682159423828,34.761634826660156,34.814998626708984,13220623,18.847448348999023
COP,COP,2009-02-17,33.618160247802734,33.92308807373047,32.69575881958008,32.73387145996094,19035268,17.720809936523438
COP,COP,2009-02-18,32.977813720703125,33.19888687133789,31.933441162109375,32.223121643066406,20790182,17.444311141967773
COP,COP,2009-02-19,32.497554779052734,32.72624969482422,31.666629791259766,31.857208251953125,14197776,17.440135955810547
COP,COP,2009-02-20,31.247356414794922,31.247356414794922,29.707475662231445,30.065765380859375,29925101,16.45941734313965
COP,COP,2009-02-23,30.622255325317383,30.97292137145996,28.43440818786621,28.647855758666992,25582023,15.683178901672363
COP,COP,2009-02-24,28.90704345703125,30.004779815673828,28.685972213745117,29.92092514038086,23014980,16.380117416381836
COP,COP,2009-02-25,29.85231590270996,29.974287033081055,28.968029022216797,29.26533317565918,24169356,16.021221160888672
COP,COP,2009-02-26,29.776084899902344,30.48503875732422,29.234840393066406,29.311071395874023,18981747,16.0462589263916
COP,COP,2009-02-27,28.60211753845215,29.56263542175293,28.1675968170166,28.472522735595703,22452221,15.587207794189453
COP,COP,2009-03-02,27.98464012145996,28.091365814208984,26.719194412231445,26.780181884765625,25669389,14.660736083984375
COP,COP,2009-03-03,27.275686264038086,27.717830657958984,26.681079864501953,26.886905670166016,25184551,14.71915054321289
COP,COP,2009-03-04,27.885540008544922,28.853681564331055,27.557743072509766,28.24382781982422,22203899,15.462002754211426
COP,COP,2009-03-05,27.603483200073242,27.786439895629883,26.551485061645508,26.986005783081055,24575617,14.773406982421875
COP,COP,2009-03-06,27.626352310180664,28.1675968170166,26.01024055480957,26.95551300048828,27945215,14.756717681884766
COP,COP,2009-03-09,26.803049087524414,28.42678451538086,26.45238494873047,27.847423553466797,29007503,15.244996070861816
COP,COP,2009-03-10,28.64023208618164,29.120492935180664,28.487770080566406,28.968029022216797,27099241,15.858460426330566
COP,COP,2009-03-11,29.158607482910156,29.692230224609375,28.403915405273438,28.952783584594727,19844643,15.850113868713379
COP,COP,2009-03-12,28.9832763671875,29.257709503173828,27.565366744995117,28.503015518188477,33577914,15.603886604309082
COP,COP,2009-03-13,28.89179801940918,28.99852180480957,26.94788932800293,27.755945205688477,34073771,15.19491195678711
COP,COP,2009-03-16,27.85504722595215,28.586870193481445,27.48151206970215,27.534873962402344,24962071,15.07388687133789
COP,COP,2009-03-17,27.641597747802734,28.685972213745117,27.367164611816406,28.663103103637695,22516237,15.691534042358398
COP,COP,2009-03-18,28.442031860351562,29.47115707397461,27.725452423095703,29.18910026550293,22586811,15.979491233825684
COP,COP,2009-03-19,30.424053192138672,30.66799545288086,29.143362045288086,29.158607482910156,34090562,15.962796211242676
COP,COP,2009-03-20,29.593128204345703,29.959041595458984,28.701217651367188,28.82318878173828,29402483,15.77916145324707
COP,COP,2009-03-23,29.57025909423828,31.087268829345703,29.539766311645508,31.06439971923828,24093403,17.006113052368164
COP,COP,2009-03-24,30.49266242980957,30.84332847595215,29.94379425048828,30.20298194885254,17715213,16.53453826904297
COP,COP,2009-03-25,30.21822738647461,30.820457458496094,29.440664291381836,30.263967514038086,20065417,16.567920684814453
COP,COP,2009-03-26,30.873821258544922,30.995790481567383,30.233474731445312,30.728979110717773,18042898,16.82248878479004
COP,COP,2009-03-27,30.340198516845703,31.125385284423828,30.195358276367188,30.744226455688477,18847944,16.83083724975586
COP,COP,2009-03-30,30.01240348815918,30.0352725982666,29.158607482910156,29.74559211730957,22162840,16.284137725830078
COP,COP,2009-03-31,30.11150360107422,30.530778884887695,29.692230224609375,29.85231590270996,22567265,16.342567443847656
COP,COP,2009-04-01,29.311071395874023,30.629878997802734,29.08237648010254,30.340198516845703,20260350,16.609651565551758
COP,COP,2009-04-02,31.262601852416992,32.39845275878906,31.14825439453125,31.598020553588867,26244084,17.29824447631836
COP,COP,2009-04-03,31.43031120300293,32.421321868896484,31.011037826538086,32.29172897338867,22579465,17.678020477294922
COP,COP,2009-04-06,31.69712257385254,32.093528747558594,30.995790481567383,31.376949310302734,19296839,17.177223205566406
COP,COP,2009-04-07,30.797588348388672,30.812835693359375,30.088634490966797,30.256343841552734,17314592,16.563749313354492
COP,COP,2009-04-08,29.989532470703125,30.302082061767578,29.326318740844727,30.149620056152344,19484163,16.505319595336914
COP,COP,2009-04-09,30.873821258544922,30.988168716430664,30.27921485900879,30.797588348388672,16356066,16.860048294067383
COP,COP,2009-04-13,30.38593864440918,30.835704803466797,30.004779815673828,30.538400650024414,12583880,16.718164443969727
COP,COP,2009-04-14,30.21060562133789,30.820457458496094,29.890432357788086,30.164865493774414,15434271,16.513669967651367
COP,COP,2009-04-15,30.065765380859375,30.363069534301758,29.54738998413086,30.263967514038086,15379044,16.567920684814453
COP,COP,2009-04-16,30.515531539916992,30.515531539916992,29.6617374420166,30.332576751708984,15955183,16.605484008789062
COP,COP,2009-04-17,30.4088077545166,30.97292137145996,30.27921485900879,30.622255325317383,16898623,16.764068603515625
COP,COP,2009-04-20,29.981910705566406,30.088634490966797,28.80794334411621,28.922290802001953,18406264,15.83342456817627
COP,COP,2009-04-21,28.701217651367188,29.63886833190918,28.60211753845215,29.509273529052734,16647415,16.154760360717773
COP,COP,2009-04-22,29.211971282958984,29.6464900970459,28.952783584594727,29.01376724243164,15900088,15.883500099182129
COP,COP,2009-04-23,29.90567970275879,30.49266242980957,29.509273529052734,30.439300537109375,24437355,16.663904190063477
COP,COP,2009-04-24,31.072023391723633,31.98680305480957,30.95005226135254,31.41506576538086,22069965,17.198089599609375
COP,COP,2009-04-27,30.728979110717773,31.506542205810547,30.530778884887695,31.277847290039062,19599994,17.122962951660156
COP,COP,2009-04-28,30.881444931030273,31.445558547973633,30.828081130981445,31.026283264160156,14119331,16.985244750976562
COP,COP,2009-04-29,31.293094635009766,32.017295837402344,31.05677604675293,31.643760681152344,18090779,17.323284149169922
COP,COP,2009-04-30,32.05541229248047,32.192626953125,30.889066696166992,31.25497817993164,18850699,17.11044692993164
COP,COP,2009-05-01,31.369325637817383,32.44419479370117,31.270225524902344,32.39845275878906,18834564,17.73643684387207
COP,COP,2009-05-04,32.817726135253906,33.58004379272461,32.58903121948242,33.44282531738281,18318768,18.308176040649414
COP,COP,2009-05-05,33.694393157958984,33.76300048828125,32.55854034423828,32.74911880493164,13097053,17.92841148376465
COP,COP,2009-05-06,33.237003326416016,34.05268096923828,33.00830841064453,33.70963668823242,18377667,18.45424461364746
COP,COP,2009-05-07,34.48720169067383,34.685401916503906,33.12265396118164,33.343727111816406,22847464,18.25392723083496
COP,COP,2009-05-08,34.10604476928711,36.03470230102539,34.02981185913086,35.76026916503906,29250447,19.576854705810547
COP,COP,2009-05-11,35.02082443237305,35.02082443237305,34.18989944458008,34.40334701538086,17200072,18.83401107788086
COP,COP,2009-05-12,34.86835861206055,35.211402893066406,34.26612854003906,34.662532806396484,16293100,18.975894927978516
COP,COP,2009-05-13,34.281375885009766,35.11992263793945,33.89259338378906,33.99931716918945,19124076,18.612831115722656
COP,COP,2009-05-14,33.717262268066406,34.433837890625,33.564796447753906,34.10604476928711,13025953,18.67125129699707
COP,COP,2009-05-15,33.915462493896484,34.16702651977539,33.22175598144531,33.48856735229492,13172612,18.33321762084961
COP,COP,2009-05-18,33.991695404052734,35.01319885253906,33.961204528808594,34.70064926147461,14302588,18.996768951416016
COP,COP,2009-05-19,34.9598388671875,35.46296691894531,34.87598419189453,34.99032974243164,14496471,19.155351638793945
COP,COP,2009-05-20,35.66116714477539,36.072818756103516,35.09705352783203,35.211402893066406,15022893,19.27638053894043
COP,COP,2009-05-21,34.441463470458984,34.5710563659668,33.641029357910156,34.0450553894043,15663703,18.829463958740234
COP,COP,2009-05-22,34.25088119506836,34.433837890625,33.74775314331055,33.831607818603516,9887493,18.711410522460938
COP,COP,2009-05-26,33.541927337646484,34.41859436035156,33.313232421875,34.32711410522461,13306808,18.98546600341797
COP,COP,2009-05-27,34.41096878051758,35.142791748046875,33.74013137817383,33.90021514892578,14664774,18.74935531616211
COP,COP,2009-05-28,34.18989944458008,34.97508239746094,34.174652099609375,34.769256591796875,19877438,19.23000144958496
COP,COP,2009-05-29,35.409603118896484,35.56206512451172,34.64728927612305,34.9445915222168,18368878,19.32697868347168
COP,COP,2009-06-01,35.851749420166016,36.73603439331055,35.61542892456055,36.51496124267578,17637817,20.195507049560547
COP,COP,2009-06-02,36.59119415283203,37.13243865966797,36.423484802246094,36.53783416748047,18694858,20.208152770996094
COP,COP,2009-06-03,36.042327880859375,36.042327880859375,34.26612854003906,34.78450393676758,27559024,19.238426208496094
COP,COP,2009-06-04,35.142791748046875,35.35624313354492,34.45670700073242,35.04369354248047,26003502,19.38178825378418
COP,COP,2009-06-05,35.333370208740234,35.54682159423828,34.090797424316406,34.30424499511719,24437223,18.97281265258789
COP,COP,2009-06-08,34.12128829956055,34.53293991088867,33.70963668823242,34.31949234008789,17714688,18.98124885559082
COP,COP,2009-06-09,34.70064926147461,35.04369354248047,34.22801208496094,34.72351837158203,16923153,19.204700469970703
COP,COP,2009-06-10,35.39435958862305,35.47058868408203,34.49482345581055,34.88360595703125,17591380,19.293245315551758
COP,COP,2009-06-11,34.99795150756836,35.44771957397461,34.662532806396484,34.72351837158203,23353815,19.204700469970703
COP,COP,2009-06-12,34.27375030517578,34.29662322998047,33.36659622192383,33.8239860534668,26892371,18.707195281982422
COP,COP,2009-06-15,33.41233444213867,33.435203552246094,32.36033630371094,32.85584259033203,27168897,18.17174530029297
COP,COP,2009-06-16,33.48094177246094,33.70963668823242,32.84059524536133,32.985435485839844,21696105,18.2434139251709
COP,COP,2009-06-17,32.85584259033203,32.9549446105957,31.98680305480957,32.421321868896484,18551742,17.931413650512695
COP,COP,2009-06-18,32.37558364868164,32.7033805847168,32.047786712646484,32.63477325439453,17442360,18.049470901489258
COP,COP,2009-06-19,33.084537506103516,33.25987243652344,32.66526412963867,32.75674057006836,22597830,18.11692237854004
COP,COP,2009-06-22,32.16975784301758,32.16975784301758,30.820457458496094,30.820457458496094,25528896,17.0460205078125
COP,COP,2009-06-23,31.300718307495117,31.666629791259766,30.904312133789062,31.445558547973633,20632505,17.391740798950195
COP,COP,2009-06-24,31.880077362060547,32.44419479370117,31.643760681152344,31.78860092163086,19738126,17.58147430419922
COP,COP,2009-06-25,31.659006118774414,32.017295837402344,31.23973274230957,31.834339141845703,23365359,17.606769561767578
COP,COP,2009-06-26,31.88770294189453,31.98680305480957,31.498920440673828,31.727615356445312,15091762,17.547739028930664
COP,COP,2009-06-29,32.2078742980957,32.45181655883789,31.91057014465332,32.17738342285156,17603317,17.796497344970703
COP,COP,2009-06-30,32.10115051269531,32.44419479370117,31.483673095703125,32.06303405761719,27683644,17.733257293701172
COP,COP,2009-07-01,32.62714767456055,32.73387145996094,32.017295837402344,32.06303405761719,15700039,17.733257293701172
COP,COP,2009-07-02,31.62851333618164,31.666629791259766,31.224485397338867,31.224485397338867,16364330,17.26947784423828
COP,COP,2009-07-06,30.59176254272461,31.171123504638672,30.29446029663086,31.125385284423828,18032273,17.214664459228516
COP,COP,2009-07-07,31.05677604675293,31.133007049560547,30.141996383666992,30.48503875732422,21599951,16.860506057739258
COP,COP,2009-07-08,30.347822189331055,30.553647994995117,29.440664291381836,30.065765380859375,30069529,16.628620147705078
COP,COP,2009-07-09,30.462169647216797,31.23210906982422,30.3935604095459,30.728979110717773,21113145,16.995424270629883
COP,COP,2009-07-10,30.241098403930664,30.378314971923828,29.776084899902344,30.27921485900879,16662369,16.746671676635742
COP,COP,2009-07-13,30.46979331970215,30.980545043945312,29.85231590270996,30.965299606323242,17217257,17.126121520996094
COP,COP,2009-07-14,31.125385284423828,31.43793487548828,30.629878997802734,30.911935806274414,19052977,17.096607208251953
COP,COP,2009-07-15,31.392196655273438,31.864831924438477,31.308340072631836,31.742860794067383,18015088,17.55617332458496
COP,COP,2009-07-16,31.559906005859375,32.47468566894531,31.51416778564453,32.299354553222656,15230156,17.863954544067383
COP,COP,2009-07-17,32.314598083496094,32.5814094543457,32.017295837402344,32.306976318359375,14459741,17.86817169189453
COP,COP,2009-07-20,32.688133239746094,33.02355194091797,32.44419479370117,32.92445373535156,16927613,18.20968246459961
COP,COP,2009-07-21,33.19888687133789,33.48856735229492,32.77961349487305,33.160770416259766,16151951,18.34038734436035
COP,COP,2009-07-22,32.74149703979492,33.27511978149414,32.497554779052734,32.90158462524414,14611122,18.19703483581543
COP,COP,2009-07-23,32.85584259033203,33.694393157958984,32.82535171508789,33.534305572509766,16188813,18.546972274780273
COP,COP,2009-07-24,33.35897445678711,34.388099670410156,33.351348876953125,34.26612854003906,16207703,18.95174217224121
COP,COP,2009-07-27,34.464332580566406,34.86835861206055,34.182273864746094,34.49482345581055,14868364,19.078210830688477
COP,COP,2009-07-28,34.11366653442383,34.37285232543945,33.65627670288086,34.22801208496094,18384620,18.93065071105957
COP,COP,2009-07-29,33.4656982421875,33.48856735229492,32.299354553222656,32.672889709472656,25487181,18.261707305908203
COP,COP,2009-07-30,33.130279541015625,33.4656982421875,32.672889709472656,32.92445373535156,18167781,18.402313232421875
COP,COP,2009-07-31,32.77961349487305,33.41995620727539,32.467063903808594,33.320858001708984,17994362,18.623884201049805
COP,COP,2009-08-03,33.801116943359375,34.56343460083008,33.74013137817383,34.29662322998047,17455872,19.16925811767578
COP,COP,2009-08-04,34.15178298950195,34.357608795166016,33.86972427368164,34.18989944458008,11498898,19.10960578918457
COP,COP,2009-08-05,34.205142974853516,34.24325942993164,33.65627670288086,33.991695404052734,11654738,18.998825073242188
COP,COP,2009-08-06,34.022186279296875,34.08317184448242,33.40471267700195,33.63340759277344,10518858,18.79857063293457
COP,COP,2009-08-07,34.08317184448242,34.174652099609375,33.48094177246094,33.59529113769531,9282102,18.777267456054688
COP,COP,2009-08-10,33.534305572509766,33.92308807373047,33.41995620727539,33.70963668823242,11141303,18.841171264648438
COP,COP,2009-08-11,33.58004379272461,33.74775314331055,33.20650863647461,33.25224685668945,10658171,18.585527420043945
COP,COP,2009-08-12,33.267494201660156,33.686767578125,33.267494201660156,33.458072662353516,14644310,18.700571060180664
COP,COP,2009-08-13,33.564796447753906,33.73250961303711,33.25224685668945,33.7020149230957,13751112,18.836915969848633
COP,COP,2009-08-14,33.7020149230957,33.84685516357422,32.970191955566406,33.36659622192383,11107197,18.649442672729492
COP,COP,2009-08-17,32.63477325439453,32.63477325439453,32.06303405761719,32.29172897338867,13423033,18.048673629760742
COP,COP,2009-08-18,32.35271453857422,32.63477325439453,32.16975784301758,32.467063903808594,10646365,18.146669387817383
COP,COP,2009-08-19,32.146888732910156,33.267494201660156,32.05541229248047,32.871089935302734,13612849,18.37249183654785
COP,COP,2009-08-20,32.90920639038086,33.27511978149414,32.764366149902344,32.970191955566406,11903716,18.42787742614746
COP,COP,2009-08-21,33.52668380737305,33.77824783325195,33.351348876953125,33.694393157958984,20595119,18.832651138305664
COP,COP,2009-08-24,33.95357894897461,34.61679458618164,33.877349853515625,34.54056167602539,22353050,19.30560302734375
COP,COP,2009-08-25,34.685401916503906,34.93696975708008,34.205142974853516,34.32711410522461,15433877,19.18630027770996
COP,COP,2009-08-26,34.0450553894043,34.88360595703125,33.92308807373047,34.75401306152344,20385232,19.42491340637207
COP,COP,2009-08-27,34.67778015136719,34.97508239746094,33.97644805908203,34.86073684692383,19722253,19.484554290771484
COP,COP,2009-08-28,35.036067962646484,35.15041732788086,34.654911041259766,34.837867736816406,8721574,19.471773147583008
COP,COP,2009-08-31,34.45670700073242,34.56343460083008,34.05268096923828,34.32711410522461,13495312,19.18630027770996
COP,COP,2009-09-01,34.288997650146484,34.708274841308594,33.541927337646484,33.65627670288086,20067648,18.811355590820312
COP,COP,2009-09-02,34.10604476928711,34.205142974853516,33.717262268066406,33.801116943359375,13888194,18.892303466796875
COP,COP,2009-09-03,33.95357894897461,33.984073638916016,33.48094177246094,33.70963668823242,9436237,18.841171264648438
COP,COP,2009-09-04,33.59529113769531,34.395721435546875,33.59529113769531,34.281375885009766,11125299,19.160736083984375
COP,COP,2009-09-08,34.87598419189453,35.24951934814453,34.837867736816406,35.06656265258789,12019023,19.599586486816406
COP,COP,2009-09-09,35.17328643798828,35.28763198852539,34.708274841308594,34.93696975708008,13439430,19.527164459228516
COP,COP,2009-09-10,35.09705352783203,35.41722869873047,34.83024215698242,35.35624313354492,13255910,19.76150131225586
COP,COP,2009-09-11,35.44771957397461,35.62305450439453,34.853111267089844,35.036067962646484,14038918,19.582550048828125
COP,COP,2009-09-14,34.578678131103516,35.57731246948242,34.548187255859375,35.516326904296875,14664512,19.85097312927246
COP,COP,2009-09-15,35.592559814453125,35.64592361450195,35.10467529296875,35.3181266784668,19367282,19.740198135375977
COP,COP,2009-09-16,35.54682159423828,35.7069091796875,35.325748443603516,35.668792724609375,15822692,19.936201095581055
COP,COP,2009-09-17,35.57731246948242,35.87461853027344,35.333370208740234,35.668792724609375,14338794,19.936201095581055
COP,COP,2009-09-18,35.859371185302734,36.05757141113281,35.44771957397461,35.676414489746094,16154575,19.940460205078125
COP,COP,2009-09-21,35.17328643798828,35.325748443603516,34.90647506713867,35.180908203125,12531146,19.66350746154785
COP,COP,2009-09-22,35.5696907043457,35.71453094482422,35.34099578857422,35.554443359375,10392139,19.872282028198242
COP,COP,2009-09-23,35.65354537963867,35.668792724609375,34.87598419189453,34.93696975708008,18929406,19.527164459228516
COP,COP,2009-09-24,34.96746063232422,35.01319885253906,34.15178298950195,34.34998321533203,15408428,19.199079513549805
COP,COP,2009-09-25,34.38047790527344,34.79975128173828,34.23563766479492,34.34998321533203,11648704,19.199079513549805
COP,COP,2009-09-28,34.471954345703125,34.98270797729492,34.4490852355957,34.83024215698242,11213321,19.467514038085938
COP,COP,2009-09-29,35.09705352783203,35.09705352783203,34.41859436035156,34.471954345703125,14971340,19.26724624633789
COP,COP,2009-09-30,34.60154724121094,34.69302749633789,33.94595718383789,34.42621612548828,22286017,19.24168586730957
COP,COP,2009-10-01,34.30424499511719,34.929344177246094,34.2127685546875,34.685401916503906,31428282,19.38654899597168
COP,COP,2009-10-02,34.45670700073242,35.87461853027344,34.30424499511719,35.676414489746094,35222769,19.940460205078125
COP,COP,2009-10-05,35.9127311706543,36.636932373046875,35.783138275146484,36.48447036743164,23127269,20.392099380493164
COP,COP,2009-10-06,36.91899108886719,37.1858024597168,36.606441497802734,36.903743743896484,24299879,20.626441955566406
COP,COP,2009-10-07,36.6598014831543,37.92524719238281,36.59119415283203,37.88713455200195,32299836,21.17608070373535
COP,COP,2009-10-08,38.07771301269531,39.63283920288086,37.88713455200195,39.19069290161133,37771579,21.904678344726562
COP,COP,2009-10-09,38.946754455566406,39.0534782409668,38.32927703857422,38.71043395996094,16301889,21.63624382019043
COP,COP,2009-10-12,39.25930404663086,39.55660629272461,38.984867095947266,39.1525764465332,12099304,21.883373260498047
COP,COP,2009-10-13,39.137332916259766,39.25930404663086,38.420753479003906,38.85527420043945,15500385,21.717206954956055
COP,COP,2009-10-14,39.137332916259766,39.23643112182617,38.63420486450195,38.75617218017578,21425876,21.66180992126465
COP,COP,2009-10-15,38.588462829589844,39.55660629272461,38.420753479003906,39.46512985229492,22427297,22.058063507080078
COP,COP,2009-10-16,39.26692581176758,39.90727233886719,39.19831848144531,39.60996627807617,17429111,22.139026641845703
COP,COP,2009-10-19,39.83103942871094,40.70770263671875,39.64046096801758,40.46376419067383,17057874,22.616233825683594
COP,COP,2009-10-20,40.65434265136719,40.77631378173828,39.83103942871094,40.32654571533203,13724220,22.539541244506836
COP,COP,2009-10-21,40.13596725463867,41.24894714355469,39.84628677368164,40.37990951538086,17679794,22.569351196289062
COP,COP,2009-10-22,40.28080749511719,40.38753128051758,39.57185363769531,40.34941482543945,14509064,22.55231285095215
COP,COP,2009-10-23,40.456138610839844,40.57810974121094,39.358402252197266,39.617591857910156,14501062,22.143278121948242
COP,COP,2009-10-26,39.74718475341797,40.555240631103516,38.43600082397461,38.6799430847168,21604804,21.619190216064453
COP,COP,2009-10-27,39.0687255859375,39.617591857910156,38.916259765625,39.18307113647461,25983300,21.900413513183594
COP,COP,2009-10-28,38.81715774536133,39.10683822631836,37.5593376159668,37.727046966552734,33992440,21.293745040893555
COP,COP,2009-10-29,38.14632034301758,39.297420501708984,37.940494537353516,39.12970733642578,21818757,22.085424423217773
COP,COP,2009-10-30,38.99249267578125,39.19069290161133,37.88713455200195,38.25304412841797,21645207,21.590627670288086
COP,COP,2009-11-02,38.25304412841797,38.9010124206543,37.566959381103516,38.100582122802734,14590133,21.504579544067383
COP,COP,2009-11-03,37.544090270996094,38.81715774536133,37.452613830566406,38.687564849853516,16482916,21.835880279541016
COP,COP,2009-11-04,38.9315071105957,39.64046096801758,38.878143310546875,39.0687255859375,15352021,22.051015853881836
COP,COP,2009-11-05,39.3050422668457,39.892024993896484,39.289794921875,39.60234451293945,12499269,22.352195739746094
COP,COP,2009-11-06,39.221187591552734,39.93776321411133,39.114463806152344,39.72431564331055,11081879,22.42103385925293
COP,COP,2009-11-09,40.24269104003906,40.57810974121094,40.13596725463867,40.288429260253906,11934412,22.739431381225586
COP,COP,2009-11-10,40.074981689453125,40.97451400756836,40.074981689453125,40.84492111206055,17944645,23.053516387939453
COP,COP,2009-11-11,41.12697982788086,41.23370361328125,40.40277862548828,40.524749755859375,14119069,22.872819900512695
COP,COP,2009-11-12,40.410400390625,40.57048797607422,39.63283920288086,39.808170318603516,13685260,22.468372344970703
COP,COP,2009-11-13,39.86915588378906,40.555240631103516,39.52611541748047,40.27318572998047,12834170,22.7308349609375
COP,COP,2009-11-16,40.50188064575195,41.26419448852539,40.47138595581055,41.043121337890625,12420431,23.16538429260254
COP,COP,2009-11-17,40.814430236816406,41.09648513793945,40.48663330078125,40.928775787353516,11048691,23.100841522216797
COP,COP,2009-11-18,40.982139587402344,41.13460159301758,40.456138610839844,40.84492111206055,11109820,23.053516387939453
COP,COP,2009-11-19,40.555240631103516,40.62384796142578,39.93776321411133,40.06735610961914,12715977,22.614656448364258
COP,COP,2009-11-20,39.85390853881836,40.05973434448242,39.358402252197266,39.701446533203125,15549052,22.408124923706055
COP,COP,2009-11-23,40.235069274902344,40.91352844238281,39.75481033325195,39.92251968383789,14094932,22.532901763916016
COP,COP,2009-11-24,39.85390853881836,40.25031280517578,39.48037338256836,40.158836364746094,13855924,22.666284561157227
COP,COP,2009-11-25,40.1740837097168,40.372283935546875,40.00637435913086,40.32654571533203,9489496,22.760942459106445
COP,COP,2009-11-27,38.99249267578125,39.777679443359375,38.72568130493164,39.57947540283203,6896348,22.339279174804688
COP,COP,2009-11-30,39.46512985229492,39.8157958984375,39.09921646118164,39.46512985229492,11052364,22.274738311767578
COP,COP,2009-12-01,40.33416748046875,40.33416748046875,39.693824768066406,39.838661193847656,10710774,22.485570907592773
COP,COP,2009-12-02,39.93776321411133,39.94538879394531,39.327911376953125,39.518489837646484,8960582,22.304868698120117
COP,COP,2009-12-03,39.487998962402344,39.60996627807617,38.916259765625,39.00773620605469,11591904,22.016578674316406
COP,COP,2009-12-04,39.44988250732422,39.85390853881836,38.496986389160156,38.61895751953125,13664796,21.797157287597656
COP,COP,2009-12-07,38.496986389160156,39.144954681396484,38.44362258911133,38.740928649902344,9278035,21.865989685058594
COP,COP,2009-12-08,38.420753479003906,38.43600082397461,37.95574188232422,38.07008743286133,13236102,21.487356185913086
COP,COP,2009-12-09,38.17681121826172,38.496986389160156,37.97861099243164,38.283538818359375,12065854,21.60783576965332
COP,COP,2009-12-10,38.5274772644043,38.86289978027344,38.3064079284668,38.794288635253906,12061918,21.8961124420166
COP,COP,2009-12-11,38.878143310546875,39.02298355102539,38.5579719543457,38.81715774536133,9268853,21.909015655517578
COP,COP,2009-12-14,39.19831848144531,39.335533142089844,38.7790412902832,38.946754455566406,13570740,21.982162475585938
COP,COP,2009-12-15,38.580841064453125,38.96962356567383,38.38264083862305,38.61895751953125,10321303,21.797157287597656
COP,COP,2009-12-16,38.840030670166016,39.2745475769043,38.73330307006836,38.771419525146484,10480423,21.883203506469727
COP,COP,2009-12-17,38.5274772644043,38.740928649902344,38.23017501831055,38.27591323852539,11638866,21.603544235229492
COP,COP,2009-12-18,38.61133575439453,38.64182662963867,37.65843963623047,37.96336364746094,19531125,21.427125930786133
COP,COP,2009-12-21,38.26066970825195,38.573219299316406,38.199684143066406,38.573219299316406,11246771,21.771320343017578
COP,COP,2009-12-22,38.62657928466797,38.870521545410156,38.5274772644043,38.75617218017578,9950591,21.874601364135742
COP,COP,2009-12-23,38.664695739746094,38.80191421508789,38.4055061340332,38.48173904418945,6576139,21.71969985961914
COP,COP,2009-12-24,38.48936462402344,38.840030670166016,38.42837905883789,38.7790412902832,2931197,21.887510299682617
COP,COP,2009-12-28,38.878143310546875,39.0687255859375,38.75617218017578,39.00011444091797,5286518,22.012283325195312
COP,COP,2009-12-29,39.0687255859375,39.167823791503906,38.67231750488281,38.72568130493164,6151644,21.85738754272461
COP,COP,2009-12-30,38.542724609375,38.878143310546875,38.496986389160156,38.870521545410156,5805462,21.939146041870117
COP,COP,2009-12-31,38.96962356567383,39.167823791503906,38.81715774536133,38.9315071105957,7838476,21.973560333251953
COP,COP,2010-01-04,39.46512985229492,40.158836364746094,39.28217315673828,40.082603454589844,13880848,22.623254776000977
COP,COP,2010-01-05,40.13596725463867,40.22744369506836,39.8005485534668,40.12071990966797,10084524,22.644777297973633
COP,COP,2010-01-06,40.151214599609375,40.456138610839844,39.892024993896484,40.410400390625,11631913,22.808269500732422
COP,COP,2010-01-07,40.181705474853516,40.47138595581055,40.0216178894043,40.25031280517578,7648922,22.717924118041992
COP,COP,2010-01-08,40.105472564697266,40.61622619628906,39.968257904052734,40.60097885131836,7284244,22.91583824157715
COP,COP,2010-01-11,40.814430236816406,40.96689224243164,40.448516845703125,40.83729934692383,8968059,23.049217224121094
COP,COP,2010-01-12,40.40277862548828,40.410400390625,39.85390853881836,39.968257904052734,11301079,22.558717727661133
COP,COP,2010-01-13,39.8005485534668,40.372283935546875,39.625213623046875,40.21982192993164,9470737,22.70069694519043
COP,COP,2010-01-14,40.14358901977539,40.51712417602539,40.0216178894043,40.38753128051758,8835699,22.79536247253418
COP,COP,2010-01-15,40.27318572998047,40.448516845703125,39.991127014160156,40.41802215576172,11596757,22.812576293945312
COP,COP,2010-01-19,39.98350143432617,41.012630462646484,39.98350143432617,40.94402313232422,11379262,23.109460830688477
COP,COP,2010-01-20,40.257938385009766,40.524749755859375,40.02924346923828,40.448516845703125,12374649,22.82977867126465
COP,COP,2010-01-21,40.4256477355957,40.608604431152344,39.68619918823242,39.82341766357422,20681828,22.47696876525879
COP,COP,2010-01-22,39.64046096801758,39.785301208496094,38.504608154296875,38.573219299316406,17651460,21.771320343017578
COP,COP,2010-01-25,38.847652435302734,39.320289611816406,38.61133575439453,38.687564849853516,11458232,21.835880279541016
COP,COP,2010-01-26,38.367393493652344,38.89339065551758,38.08533477783203,38.44362258911133,14525855,21.698196411132812
COP,COP,2010-01-27,38.44362258911133,38.90863800048828,37.34588623046875,37.97098922729492,15845255,21.431434631347656
COP,COP,2010-01-28,38.14632034301758,38.29878234863281,36.415863037109375,36.85800552368164,17975210,20.80324935913086
COP,COP,2010-01-29,37.086700439453125,37.25440979003906,36.423484802246094,36.59119415283203,22175040,20.65265464782715
COP,COP,2010-02-01,36.93423843383789,37.59745407104492,36.789398193359375,37.40687561035156,14723936,21.113035202026367
COP,COP,2010-02-02,37.62794494628906,38.29878234863281,37.353511810302734,38.23017501831055,16306743,21.577716827392578
COP,COP,2010-02-03,37.98623275756836,38.504608154296875,37.90237808227539,38.10820388793945,13534928,21.508869171142578
COP,COP,2010-02-04,37.803279876708984,37.8109016418457,36.522586822509766,36.713165283203125,17513722,20.721485137939453
COP,COP,2010-02-05,36.50733947753906,36.66742706298828,35.54682159423828,36.57594680786133,20077224,20.64405059814453
COP,COP,2010-02-08,36.522586822509766,36.78177261352539,36.05757141113281,36.11093521118164,10417326,20.3815860748291
COP,COP,2010-02-09,36.553077697753906,38.35976791381836,36.13380432128906,36.96472930908203,17508081,20.86348533630371
COP,COP,2010-02-10,36.979976654052734,37.086700439453125,36.4387321472168,36.789398193359375,11795625,20.764522552490234
COP,COP,2010-02-11,36.80464172363281,37.4373664855957,36.56070327758789,37.277278900146484,9869653,21.039894104003906
COP,COP,2010-02-12,36.86562728881836,37.22391891479492,36.54545593261719,37.10194778442383,13941059,20.940929412841797
COP,COP,2010-02-16,37.41449737548828,38.214927673339844,37.41449737548828,38.05484390258789,14967929,21.47875213623047
COP,COP,2010-02-17,38.047218322753906,38.3064079284668,37.34588623046875,37.58220672607422,15882378,21.211992263793945
COP,COP,2010-02-18,37.0638313293457,37.47548294067383,36.99522399902344,37.25440979003906,12565646,21.242420196533203
COP,COP,2010-02-19,37.12481689453125,37.52122116088867,36.94186019897461,37.277278900146484,12413609,21.25546646118164
COP,COP,2010-02-22,37.574581146240234,37.574581146240234,36.99522399902344,37.12481689453125,10961588,21.168529510498047
COP,COP,2010-02-23,36.91899108886719,37.086700439453125,36.255775451660156,36.47684860229492,13906165,20.79905128479004
COP,COP,2010-02-24,36.48447036743164,36.98759841918945,36.309139251708984,36.85800552368164,10245744,21.01639175415039
COP,COP,2010-02-25,36.2862663269043,36.86562728881836,35.9432258605957,36.819889068603516,11975471,20.994651794433594
COP,COP,2010-02-26,36.88087463378906,36.99522399902344,36.553077697753906,36.59119415283203,10411160,20.864253997802734
COP,COP,2010-03-01,36.873252868652344,37.34588623046875,36.797019958496094,37.28490447998047,11431603,21.259803771972656
COP,COP,2010-03-02,37.60507583618164,38.05484390258789,37.50597381591797,37.89475631713867,13249220,21.607545852661133
COP,COP,2010-03-03,38.024349212646484,38.100582122802734,37.61269760131836,37.643192291259766,18194935,21.464088439941406
COP,COP,2010-03-04,37.63556671142578,37.76516342163086,37.422119140625,37.61269760131836,13562214,21.446718215942383
COP,COP,2010-03-05,38.00148010253906,38.504608154296875,37.910003662109375,38.42837905883789,15240519,21.911821365356445
COP,COP,2010-03-08,38.542724609375,38.7790412902832,38.42837905883789,38.67231750488281,8167604,22.050912857055664
COP,COP,2010-03-09,38.466495513916016,38.946754455566406,38.390262603759766,38.763797760009766,12696432,22.10307502746582
COP,COP,2010-03-10,38.7790412902832,39.35078048706055,38.763797760009766,39.23643112182617,15930521,22.3725643157959
COP,COP,2010-03-11,39.23643112182617,39.26692581176758,38.840030670166016,39.10683822631836,10174776,22.29867172241211
COP,COP,2010-03-12,39.289794921875,39.46512985229492,39.00773620605469,39.39651870727539,10019591,22.463850021362305
COP,COP,2010-03-15,39.20594024658203,39.701446533203125,39.00011444091797,39.37364959716797,12761890,22.450807571411133
COP,COP,2010-03-16,39.58709716796875,39.86915588378906,39.45750427246094,39.77005386352539,15411183,22.67682647705078
COP,COP,2010-03-17,39.93014144897461,40.53999328613281,39.87677764892578,40.38753128051758,15822692,23.02892303466797
COP,COP,2010-03-18,40.32654571533203,40.33416748046875,39.77005386352539,40.181705474853516,11119528,22.91155433654785
COP,COP,2010-03-19,39.92251968383789,40.38753128051758,39.411766052246094,39.92251968383789,15383635,22.763765335083008
COP,COP,2010-03-22,39.213565826416016,39.838661193847656,39.137332916259766,39.71669387817383,10762720,22.646413803100586
COP,COP,2010-03-23,39.693824768066406,40.09785079956055,39.4270133972168,40.02924346923828,11690944,22.824628829956055
COP,COP,2010-03-24,40.33416748046875,40.35704040527344,39.8005485534668,40.044490814208984,19336193,22.83332061767578
COP,COP,2010-03-25,40.25031280517578,40.28080749511719,39.251678466796875,39.28217315673828,13804108,22.398645401000977
COP,COP,2010-03-26,39.48037338256836,39.49562072753906,38.61895751953125,38.89339065551758,19689983,22.17696189880371
COP,COP,2010-03-29,39.19069290161133,39.289794921875,38.771419525146484,38.99249267578125,16935353,22.233469009399414
COP,COP,2010-03-30,38.946754455566406,39.17544937133789,38.81715774536133,39.07634735107422,12100878,22.281295776367188
COP,COP,2010-03-31,39.038230895996094,39.20594024658203,38.85527420043945,39.00773620605469,16079803,22.242162704467773
COP,COP,2010-04-01,39.335533142089844,39.709068298339844,39.25930404663086,39.65570831298828,11926673,22.61164665222168
COP,COP,2010-04-05,39.914894104003906,40.639095306396484,39.65570831298828,40.61622619628906,12295942,23.159320831298828
COP,COP,2010-04-06,40.532371520996094,40.73057556152344,40.32654571533203,40.631473541259766,9739392,23.16801643371582
COP,COP,2010-04-07,40.53999328613281,40.53999328613281,39.96063232421875,40.33416748046875,14058202,22.99848747253418
COP,COP,2010-04-08,40.13596725463867,41.28706359863281,40.036865234375,41.119354248046875,19218001,23.446208953857422
COP,COP,2010-04-09,41.33280563354492,42.28569793701172,41.32518005371094,42.17135238647461,19614161,24.046058654785156
COP,COP,2010-04-12,42.239959716796875,42.81932067871094,42.125614166259766,42.65923309326172,18608542,24.32424545288086
COP,COP,2010-04-13,42.979408264160156,43.284332275390625,42.25520706176758,42.43816375732422,18785503,24.198196411132812
COP,COP,2010-04-14,42.62112045288086,43.4139289855957,42.46103286743164,43.36819076538086,14976455,24.728485107421875
COP,COP,2010-04-15,43.36819076538086,43.82558059692383,43.19285583496094,43.49778366088867,14571506,24.80238914489746
COP,COP,2010-04-16,43.31482696533203,43.50540542602539,42.33906173706055,42.72784423828125,17390282,24.363372802734375
COP,COP,2010-04-19,42.323814392089844,43.26908874511719,42.22471237182617,43.177608489990234,14289995,24.619829177856445
COP,COP,2010-04-20,43.50540542602539,43.917057037353516,43.40630340576172,43.7569694519043,12094451,24.950180053710938
COP,COP,2010-04-21,43.86369323730469,43.93992614746094,43.12424850463867,43.619754791259766,11909882,24.87192726135254
COP,COP,2010-04-22,43.253841400146484,43.467288970947266,42.65923309326172,43.436798095703125,12419644,24.767608642578125
COP,COP,2010-04-23,43.37581253051758,44.31346130371094,43.13187026977539,44.2829704284668,15646125,25.250097274780273
COP,COP,2010-04-26,44.33633041381836,44.57264709472656,44.26009750366211,44.44305419921875,14325676,25.34136390686035
COP,COP,2010-04-27,43.83320236206055,44.587894439697266,41.36329650878906,43.86369323730469,23420585,25.01102066040039
COP,COP,2010-04-28,43.90180969238281,44.824214935302734,43.772216796875,44.63363265991211,22939289,25.450048446655273
COP,COP,2010-04-29,44.97667694091797,45.85334014892578,44.97667694091797,45.05290985107422,17990426,25.689111709594727
COP,COP,2010-04-30,45.197750091552734,45.31971740722656,44.06951904296875,45.121517181396484,19471963,25.72823715209961
COP,COP,2010-05-03,45.37308120727539,46.14302062988281,45.29684829711914,45.51029968261719,16303463,25.94991683959961
COP,COP,2010-05-04,45.0300407409668,45.06053161621094,43.627376556396484,44.22198486328125,19230331,25.2153263092041
COP,COP,2010-05-05,43.2614631652832,43.52827453613281,42.583003997802734,43.26908874511719,19376596,24.671979904174805
COP,COP,2010-05-06,42.89555358886719,43.32244873046875,39.64046096801758,41.99601745605469,26741384,23.94608497619629
COP,COP,2010-05-07,41.59199142456055,42.476280212402344,41.005008697509766,41.683467864990234,26658348,23.76785659790039
COP,COP,2010-05-10,42.97178268432617,43.45204544067383,42.6363639831543,43.200477600097656,19664009,24.632848739624023
COP,COP,2010-05-11,42.74308776855469,44.52690887451172,42.689727783203125,43.66549301147461,17015372,24.898006439208984
COP,COP,2010-05-12,43.60450744628906,44.183868408203125,43.45966720581055,43.970420837402344,12655110,25.071889877319336
COP,COP,2010-05-13,43.772216796875,44.04664993286133,43.29195785522461,43.40630340576172,14040099,24.750225067138672
COP,COP,2010-05-14,43.03276824951172,43.10900115966797,42.11036682128906,42.56775665283203,16283918,24.272092819213867
COP,COP,2010-05-17,42.75833511352539,42.83456802368164,41.36329650878906,42.07225036621094,16532240,23.989547729492188
COP,COP,2010-05-18,42.57537841796875,42.765960693359375,41.58436965942383,41.675846099853516,17019045,23.763526916503906
COP,COP,2010-05-19,41.386165618896484,41.7673225402832,40.669586181640625,41.09648513793945,18077661,23.43316078186035
COP,COP,2010-05-20,39.73956298828125,39.95301055908203,38.70281219482422,38.82478332519531,31755049,22.366025924682617
COP,COP,2010-05-21,38.06246566772461,39.26692581176758,37.917625427246094,39.23643112182617,23895585,22.603164672851562
COP,COP,2010-05-24,39.1525764465332,39.26692581176758,38.14632034301758,38.199684143066406,17296227,22.00592041015625
COP,COP,2010-05-25,37.376380920410156,38.11582946777344,36.979976654052734,38.05484390258789,22400012,21.922481536865234
COP,COP,2010-05-26,38.3064079284668,38.64182662963867,37.65843963623047,37.78803253173828,17380444,21.768783569335938
COP,COP,2010-05-27,38.80191421508789,39.8157958984375,38.35214614868164,39.8005485534668,20260874,22.928144454956055
COP,COP,2010-05-28,39.991127014160156,40.082603454589844,39.320289611816406,39.53373718261719,15567680,22.77444076538086
COP,COP,2010-06-01,39.46512985229492,39.79292297363281,38.314029693603516,38.367393493652344,17827502,22.102537155151367
COP,COP,2010-06-02,39.061100006103516,40.01399612426758,38.70281219482422,40.01399612426758,18858570,23.051101684570312
COP,COP,2010-06-03,40.212196350097656,40.25031280517578,39.2745475769043,39.625213623046875,18174733,22.8271427154541
COP,COP,2010-06-04,38.83240509033203,39.144954681396484,37.87188720703125,38.16156768798828,18797047,21.98396110534668
COP,COP,2010-06-07,38.35976791381836,38.51985549926758,37.77278518676758,37.803279876708984,15674722,21.777555465698242
COP,COP,2010-06-08,37.77278518676758,38.878143310546875,37.749916076660156,38.75617218017578,19331602,22.32650375366211
COP,COP,2010-06-09,39.12208557128906,39.57185363769531,38.55034637451172,38.664695739746094,17130810,22.2737979888916
COP,COP,2010-06-10,39.693824768066406,40.852542877197266,39.45750427246094,40.68483352661133,18956298,23.43755340576172
COP,COP,2010-06-11,40.30367660522461,40.783935546875,40.074981689453125,40.783935546875,8953105,23.494646072387695
COP,COP,2010-06-14,41.279441833496094,41.683467864990234,40.181705474853516,40.25031280517578,16447891,23.187246322631836
COP,COP,2010-06-15,40.68483352661133,41.43952941894531,40.57810974121094,41.3937873840332,16419950,23.845962524414062
COP,COP,2010-06-16,41.088863372802734,41.531005859375,40.905906677246094,41.52338409423828,10568051,23.92061996459961
COP,COP,2010-06-17,41.74445343017578,42.1408576965332,41.309932708740234,42.06462860107422,13706642,24.232423782348633
COP,COP,2010-06-18,42.2933235168457,42.697349548339844,42.01126480102539,42.697349548339844,14205516,24.596933364868164
COP,COP,2010-06-21,43.29195785522461,43.4139289855957,42.2933235168457,42.53726577758789,10946502,24.504701614379883
COP,COP,2010-06-22,42.46103286743164,42.83456802368164,41.355674743652344,41.5157585144043,14831896,23.916231155395508
COP,COP,2010-06-23,41.500511169433594,41.645355224609375,40.639095306396484,40.79155731201172,14243295,23.499038696289062
COP,COP,2010-06-24,40.60097885131836,40.70008087158203,39.625213623046875,40.02924346923828,19443497,23.05988883972168
COP,COP,2010-06-25,40.14358901977539,40.14358901977539,39.404144287109375,39.57947540283203,29803367,22.80078125
COP,COP,2010-06-28,39.57947540283203,39.64046096801758,39.00011444091797,39.02298355102539,13479702,22.480201721191406
COP,COP,2010-06-29,38.44362258911133,38.61895751953125,37.78803253173828,37.993858337402344,18225762,21.88735008239746
COP,COP,2010-06-30,37.90237808227539,38.33689880371094,37.33064270019531,37.422119140625,19329634,21.557985305786133
COP,COP,2010-07-01,37.536468505859375,37.78803253173828,36.636932373046875,37.25440979003906,18899366,21.46137237548828
COP,COP,2010-07-02,37.48310470581055,37.62794494628906,36.903743743896484,37.21629333496094,9494219,21.439411163330078
COP,COP,2010-07-06,38.09295654296875,38.3064079284668,37.056209564208984,37.50597381591797,20722494,21.60628318786621
COP,COP,2010-07-07,37.5593376159668,39.07634735107422,37.5593376159668,39.00011444091797,15830694,22.467025756835938
COP,COP,2010-07-08,39.76243209838867,39.77005386352539,38.847652435302734,39.297420501708984,11443934,22.638309478759766
COP,COP,2010-07-09,39.37364959716797,39.998748779296875,39.18307113647461,39.86915588378906,11313279,22.96766471862793
COP,COP,2010-07-12,39.670955657958984,40.12834548950195,39.47275161743164,39.71669387817383,12374912,22.87984275817871
COP,COP,2010-07-13,40.31892395019531,40.89828109741211,40.16645812988281,40.57048797607422,11283239,23.371692657470703
COP,COP,2010-07-14,40.47138595581055,40.75344467163086,39.998748779296875,40.25031280517578,10444873,23.187246322631836
COP,COP,2010-07-15,40.20457458496094,40.4256477355957,39.68619918823242,40.29605484008789,9567548,23.21359634399414
COP,COP,2010-07-16,40.09785079956055,40.25031280517578,39.335533142089844,39.52611541748047,11406416,22.770044326782227
COP,COP,2010-07-19,39.79292297363281,39.85390853881836,39.251678466796875,39.518489837646484,9327096,22.765649795532227
COP,COP,2010-07-20,38.878143310546875,40.29605484008789,38.72568130493164,40.14358901977539,12506747,23.125761032104492
COP,COP,2010-07-21,40.46376419067383,40.50188064575195,39.37364959716797,39.731937408447266,11407466,22.88861656188965
COP,COP,2010-07-22,40.24269104003906,41.08123779296875,40.074981689453125,40.608604431152344,11721771,23.393651962280273
COP,COP,2010-07-23,40.57810974121094,41.05836868286133,40.21982192993164,41.005008697509766,10457860,23.622007369995117
COP,COP,2010-07-26,41.157470703125,41.70634078979492,40.98976135253906,41.492889404296875,8437964,23.903059005737305
COP,COP,2010-07-27,41.72158432006836,41.8892936706543,41.25657272338867,41.500511169433594,10823063,23.907445907592773
COP,COP,2010-07-28,41.942657470703125,42.079872131347656,41.0202522277832,41.500511169433594,14859444,23.907445907592773
COP,COP,2010-07-29,41.683467864990234,42.346683502197266,41.25657272338867,41.59199142456055,14933298,24.204683303833008
COP,COP,2010-07-30,41.24132537841797,42.5143928527832,41.08123779296875,42.09511947631836,15913205,24.497480392456055
COP,COP,2010-08-02,42.689727783203125,43.98566436767578,42.62874221801758,43.85607147216797,17988065,25.522275924682617
COP,COP,2010-08-03,43.352943420410156,44.1305046081543,43.29957962036133,43.87894058227539,12997881,25.535585403442383
COP,COP,2010-08-04,43.87131881713867,44.23722839355469,43.49016189575195,43.772216796875,13312842,25.473495483398438
COP,COP,2010-08-05,43.45204544067383,44.077144622802734,43.360565185546875,43.98566436767578,11103655,25.597705841064453
COP,COP,2010-08-06,43.48253631591797,43.86369323730469,42.872684478759766,43.398681640625,12876934,25.256103515625
COP,COP,2010-08-09,43.64262390136719,43.88656234741211,43.520652770996094,43.68836212158203,8365160,25.424678802490234
COP,COP,2010-08-10,43.08613204956055,43.66549301147461,42.93367004394531,43.352943420410156,12286628,25.229488372802734
COP,COP,2010-08-11,42.65923309326172,42.689727783203125,42.079872131347656,42.316192626953125,13870616,24.626140594482422
COP,COP,2010-08-12,41.88167190551758,42.4152946472168,41.62248229980469,42.19422149658203,10271324,24.555160522460938
COP,COP,2010-08-13,41.82068634033203,42.2628288269043,41.80543899536133,41.942657470703125,8487157,24.408750534057617
COP,COP,2010-08-16,41.77494812011719,41.904541015625,41.3937873840332,41.87405014038086,9422070,24.368837356567383
COP,COP,2010-08-17,42.21709060668945,42.880306243896484,41.87405014038086,42.59062576293945,11578130,24.785850524902344
COP,COP,2010-08-18,42.583003997802734,42.6363639831543,41.866424560546875,42.24758529663086,7930301,24.586212158203125
COP,COP,2010-08-19,42.01126480102539,42.125614166259766,41.409034729003906,41.70634078979492,9833710,24.271230697631836
COP,COP,2010-08-20,41.386165618896484,41.52338409423828,40.62384796142578,41.08123779296875,12857782,23.907440185546875
COP,COP,2010-08-23,41.24132537841797,41.599613189697266,40.852542877197266,40.94402313232422,14878727,23.827600479125977
COP,COP,2010-08-24,40.47138595581055,41.1422233581543,40.40277862548828,40.73057556152344,14798052,23.703384399414062
COP,COP,2010-08-25,40.40277862548828,40.928775787353516,39.892024993896484,40.75344467163086,10557163,23.716684341430664
COP,COP,2010-08-26,40.97451400756836,41.043121337890625,39.71669387817383,39.95301055908203,12361925,23.250877380371094
COP,COP,2010-08-27,40.372283935546875,41.08123779296875,39.71669387817383,40.72294998168945,14199219,23.698944091796875
COP,COP,2010-08-30,40.5476188659668,40.814430236816406,40.13596725463867,40.151214599609375,8570849,23.366214752197266
COP,COP,2010-08-31,39.838661193847656,40.257938385009766,39.64046096801758,39.968257904052734,11265268,23.25974464416504
COP,COP,2010-09-01,41.05074691772461,41.32518005371094,40.62384796142578,41.21083450317383,11545597,23.982873916625977
COP,COP,2010-09-02,41.23370361328125,41.53862762451172,40.98976135253906,41.492889404296875,6664423,24.147018432617188
COP,COP,2010-09-03,41.6682243347168,42.102745056152344,41.652976989746094,41.96552658081055,8186494,24.422075271606445
COP,COP,2010-09-07,41.645355224609375,41.759700775146484,40.852542877197266,40.905906677246094,11082404,23.805421829223633
COP,COP,2010-09-08,41.02787780761719,41.77494812011719,41.02787780761719,41.409034729003906,7869303,24.098203659057617
COP,COP,2010-09-09,41.91216278076172,42.232337951660156,41.69871520996094,41.72158432006836,7592384,24.28009605407715
COP,COP,2010-09-10,42.09511947631836,42.156105041503906,41.683467864990234,41.73683166503906,7317039,24.28897476196289
COP,COP,2010-09-13,42.133235931396484,42.43816375732422,41.91216278076172,42.21709060668945,9470344,24.568462371826172
COP,COP,2010-09-14,42.0417594909668,42.476280212402344,41.835933685302734,42.209468841552734,7607076,24.564035415649414
COP,COP,2010-09-15,41.98077392578125,42.40766906738281,41.72158432006836,42.35430908203125,8696256,24.648313522338867
COP,COP,2010-09-16,42.2628288269043,42.59062576293945,41.99601745605469,42.20184326171875,9146069,24.55957794189453
COP,COP,2010-09-17,42.2933235168457,42.499149322509766,41.98077392578125,42.133235931396484,11456002,24.519655227661133
COP,COP,2010-09-20,42.346683502197266,43.58163833618164,42.17135238647461,43.32244873046875,10200618,25.211732864379883
COP,COP,2010-09-21,43.39105987548828,43.48253631591797,42.91842269897461,43.08613204956055,11109820,25.0742130279541
COP,COP,2010-09-22,43.1623649597168,43.436798095703125,42.67448043823242,42.73546600341797,7976083,24.870140075683594
COP,COP,2010-09-23,42.316192626953125,42.67448043823242,41.92741012573242,42.09511947631836,9025647,24.497480392456055
COP,COP,2010-09-24,42.392425537109375,43.12424850463867,42.19422149658203,42.96416091918945,10187762,25.00322151184082
COP,COP,2010-09-27,43.08613204956055,43.29195785522461,42.697349548339844,42.88793182373047,7671878,24.958864212036133
COP,COP,2010-09-28,43.070884704589844,43.741722106933594,42.75833511352539,43.520652770996094,12702335,25.32708168029785
COP,COP,2010-09-29,43.47491455078125,43.98566436767578,43.18523406982422,43.726478576660156,11712195,25.44686508178711
COP,COP,2010-09-30,44.1305046081543,44.20673751831055,43.360565185546875,43.77983856201172,12823675,25.477920532226562
COP,COP,2010-10-01,44.191490173339844,44.2829704284668,43.71123123168945,44.107635498046875,15865325,25.668678283691406
COP,COP,2010-10-04,43.88656234741211,44.077144622802734,43.29957962036133,43.650245666503906,10609503,25.402496337890625
COP,COP,2010-10-05,44.0085334777832,44.86995315551758,43.96279525756836,44.81658935546875,16587204,26.081254959106445
COP,COP,2010-10-06,44.83945846557617,45.51029968261719,44.824214935302734,45.51029968261719,14564028,26.484970092773438
COP,COP,2010-10-07,45.73136901855469,45.73899459838867,45.09102249145508,45.517921447753906,11241393,26.489402770996094
COP,COP,2010-10-08,45.54841232299805,45.69325256347656,45.24348831176758,45.441688537597656,11496930,26.44504737854004
COP,COP,2010-10-11,45.5026741027832,45.73136901855469,45.37308120727539,45.57890701293945,7791120,26.52488899230957
COP,COP,2010-10-12,45.388328552246094,45.601776123046875,44.892822265625,45.441688537597656,11014322,26.44504737854004
COP,COP,2010-10-13,45.69325256347656,46.11252975463867,45.63227081298828,45.838096618652344,13165790,26.67573356628418
COP,COP,2010-10-14,45.944820404052734,46.242122650146484,45.70087814331055,45.98293685913086,10341373,26.760025024414062
COP,COP,2010-10-15,46.25736999511719,46.4022102355957,45.73899459838867,46.33359909057617,11257266,26.964086532592773
COP,COP,2010-10-18,46.318355560302734,46.84435272216797,46.15064239501953,46.69951248168945,16892851,27.177032470703125
COP,COP,2010-10-19,46.04391860961914,46.356468200683594,45.388328552246094,45.73899459838867,13672404,26.61806869506836
COP,COP,2010-10-20,45.8762092590332,47.02730941772461,45.66276168823242,46.70713424682617,12799670,27.181468963623047
COP,COP,2010-10-21,46.7757453918457,47.1492805480957,46.211631774902344,46.59278869628906,22305694,27.114933013916016
COP,COP,2010-10-22,46.85960006713867,47.172149658203125,46.66902160644531,47.012062072753906,24173160,27.358932495117188
COP,COP,2010-10-25,47.34748077392578,47.7438850402832,46.714759826660156,46.760498046875,22682834,27.21253204345703
COP,COP,2010-10-26,46.4022102355957,46.97394561767578,46.31072998046875,46.78336715698242,14269662,27.225831985473633
COP,COP,2010-10-27,45.51029968261719,46.10490417480469,45.39595031738281,45.79998016357422,15251932,26.89457893371582
COP,COP,2010-10-28,46.0286750793457,46.082035064697266,45.144386291503906,45.418819427490234,13447694,26.67074203491211
COP,COP,2010-10-29,45.266357421875,45.380706787109375,44.824214935302734,45.27397918701172,11147862,26.585697174072266
COP,COP,2010-11-01,45.708499908447266,45.83047103881836,44.664127349853516,44.938560485839844,12258293,26.38873863220215
COP,COP,2010-11-02,45.20537185668945,45.58652877807617,44.824214935302734,45.23586654663086,13768952,26.56331443786621
COP,COP,2010-11-03,45.27397918701172,45.31971740722656,44.49641799926758,45.28922653198242,13562214,26.594648361206055
COP,COP,2010-11-04,45.79998016357422,46.85197448730469,45.594154357910156,46.691890716552734,15869916,27.41832733154297
COP,COP,2010-11-05,46.78336715698242,47.179771423339844,46.67664337158203,47.1187858581543,11759157,27.669002532958984
COP,COP,2010-11-08,46.882469177246094,47.62191390991211,46.76811981201172,47.576175689697266,11610531,27.937583923339844
COP,COP,2010-11-09,47.835365295410156,47.98782730102539,47.05017852783203,47.286495208740234,13672798,27.767484664916992
COP,COP,2010-11-10,47.24837875366211,48.23176956176758,47.00444030761719,48.186031341552734,13714250,28.295713424682617
COP,COP,2010-11-11,47.949710845947266,48.132667541503906,47.71339416503906,47.94208908081055,10132011,28.152456283569336
COP,COP,2010-11-12,47.477073669433594,47.736263275146484,47.08066940307617,47.58380126953125,11394479,27.94206428527832
COP,COP,2010-11-15,47.59904479980469,47.682899475097656,47.278873443603516,47.31698989868164,10426508,27.785400390625
COP,COP,2010-11-16,46.722381591796875,46.722381591796875,46.12015151977539,46.455570220947266,14302064,27.279556274414062
COP,COP,2010-11-17,46.46319580078125,46.836727142333984,46.234500885009766,46.356468200683594,9155252,27.221364974975586
COP,COP,2010-11-18,47.00444030761719,47.41608810424805,46.89009094238281,47.07304763793945,8439014,27.642148971557617
COP,COP,2010-11-19,47.02730941772461,47.21788787841797,46.58516311645508,47.202640533447266,10254008,27.718242645263672
COP,COP,2010-11-22,47.07304763793945,47.07304763793945,46.14302062988281,46.87484359741211,8689959,27.525760650634766
COP,COP,2010-11-23,46.28786087036133,46.31072998046875,45.784732818603516,46.135398864746094,8995607,27.0915470123291
COP,COP,2010-11-24,46.33359909057617,46.86722183227539,46.272613525390625,46.84435272216797,7808436,27.507854461669922
COP,COP,2010-11-26,46.47843933105469,46.78336715698242,46.234500885009766,46.356468200683594,3374189,27.221364974975586
COP,COP,2010-11-29,46.07441329956055,46.425079345703125,45.411197662353516,46.25736999511719,8501586,27.163169860839844
COP,COP,2010-11-30,45.82284927368164,46.44032669067383,45.75423812866211,45.868587493896484,11452198,26.93486785888672
COP,COP,2010-12-01,46.806236267089844,47.629539489746094,46.65377426147461,47.60667037963867,13985004,27.95549774169922
COP,COP,2010-12-02,47.56092834472656,48.696781158447266,47.4923210144043,48.559566497802734,11490896,28.51506233215332
COP,COP,2010-12-03,48.52907180786133,48.83399963378906,48.429969787597656,48.72727584838867,13534928,28.61355209350586
COP,COP,2010-12-06,48.696781158447266,49.123680114746094,48.597679138183594,48.92547607421875,7505150,28.729930877685547
COP,COP,2010-12-07,49.35237503051758,49.550575256347656,49.03219985961914,49.070316314697266,10400797,28.814979553222656
COP,COP,2010-12-08,49.16941833496094,49.48958969116211,48.81875228881836,49.253273010253906,9009381,28.92241859436035
COP,COP,2010-12-09,49.51245880126953,49.520084381103516,48.971214294433594,49.29901123046875,8205122,28.94927215576172
COP,COP,2010-12-10,49.38286590576172,49.497215270996094,49.070316314697266,49.230403900146484,8456985,28.908998489379883
COP,COP,2010-12-13,49.45909881591797,50.572078704833984,49.39811325073242,49.90886688232422,12729751,29.307392120361328
COP,COP,2010-12-14,49.87837219238281,50.31289291381836,49.5963134765625,50.04608154296875,10241808,29.387954711914062
COP,COP,2010-12-15,49.87837219238281,50.02321243286133,49.5963134765625,49.64205551147461,10032578,29.150728225708008
COP,COP,2010-12-16,49.794517517089844,50.09944534301758,49.420982360839844,50.06132888793945,8660969,29.396921157836914
COP,COP,2010-12-17,50.06132888793945,50.22903823852539,49.29138946533203,49.5963134765625,14959271,29.12385368347168
COP,COP,2010-12-20,49.83263397216797,50.43486404418945,49.77164840698242,50.30527114868164,11691862,29.5401611328125
COP,COP,2010-12-21,50.57970428466797,50.99897766113281,50.450111389160156,50.79315185546875,7936729,29.826648712158203
COP,COP,2010-12-22,50.96086120605469,51.197181701660156,50.79315185546875,51.098079681396484,7806599,30.005720138549805
COP,COP,2010-12-23,50.95323944091797,51.15906524658203,50.838890075683594,51.13619613647461,5875905,30.028106689453125
COP,COP,2010-12-27,50.96086120605469,51.311527252197266,50.80077362060547,51.18955612182617,5756532,30.059432983398438
COP,COP,2010-12-28,51.29627990722656,51.608829498291016,50.96848678588867,51.494483947753906,6367171,30.238492965698242
COP,COP,2010-12-29,51.494483947753906,52.066219329833984,51.418251037597656,51.78416442871094,5502963,30.40860366821289
COP,COP,2010-12-30,51.8375244140625,52.07384490966797,51.62407684326172,51.8375244140625,5222634,30.439931869506836
COP,COP,2010-12-31,51.78416442871094,52.27967071533203,51.70793151855469,51.91375732421875,6363892,30.48470115661621
COP,COP,2011-01-03,52.42451095581055,52.45500183105469,51.8375244140625,52.02048110961914,9714599,30.547367095947266
COP,COP,2011-01-04,52.30253982543945,52.30253982543945,51.15143966674805,51.74604797363281,12524193,30.386213302612305
COP,COP,2011-01-05,51.56309127807617,51.66981506347656,51.27341079711914,51.494483947753906,12431712,30.238492965698242
COP,COP,2011-01-06,51.608829498291016,51.685062408447266,50.8541374206543,51.05234146118164,10508889,29.9788761138916
COP,COP,2011-01-07,51.16668701171875,51.4792366027832,50.77790451049805,51.15906524658203,7742453,30.04152488708496
COP,COP,2011-01-10,50.869384765625,51.15143966674805,50.69404983520508,50.98373031616211,6269180,29.938566207885742
COP,COP,2011-01-11,51.50973129272461,52.02048110961914,51.38013458251953,51.96712112426758,9711320,30.516035079956055
COP,COP,2011-01-12,52.31778335571289,52.592220306396484,52.058597564697266,52.363525390625,6918517,30.748815536499023
COP,COP,2011-01-13,52.11958312988281,52.363525390625,51.03709411621094,51.27341079711914,14240410,30.10868263244629
COP,COP,2011-01-14,51.288658142089844,51.70793151855469,50.907501220703125,51.62407684326172,9679443,30.314592361450195
COP,COP,2011-01-18,51.77654266357422,52.09671401977539,51.54022216796875,51.90613555908203,7984216,30.480224609375
COP,COP,2011-01-19,52.05097579956055,52.058597564697266,51.26578903198242,51.662193298339844,7305758,30.336978912353516
COP,COP,2011-01-20,51.45636749267578,51.51735305786133,50.70929718017578,51.235294342041016,11582721,30.08629035949707
COP,COP,2011-01-21,51.74604797363281,51.81465530395508,51.0904541015625,51.578338623046875,12130000,30.28774642944336
COP,COP,2011-01-24,51.654571533203125,52.028106689453125,51.31915283203125,51.91375732421875,12675836,30.48470115661621
COP,COP,2011-01-25,51.81465530395508,51.91375732421875,50.823646545410156,51.44112014770508,11129497,30.207164764404297
COP,COP,2011-01-26,51.868019104003906,53.21731948852539,51.51735305786133,52.79042053222656,14982490,30.99948501586914
COP,COP,2011-01-27,52.912391662597656,53.14870834350586,52.46262741088867,52.89714431762695,13330551,31.062164306640625
COP,COP,2011-01-28,53.14870834350586,54.5894889831543,53.102970123291016,53.78905487060547,23741449,31.585906982421875
COP,COP,2011-01-31,54.34554672241211,54.68859100341797,53.743316650390625,54.47513961791992,20863773,31.98879623413086
COP,COP,2011-02-01,54.597110748291016,54.89441680908203,54.52088165283203,54.66572189331055,15245635,32.100704193115234
COP,COP,2011-02-02,54.61235809326172,55.38229751586914,54.42940139770508,54.970645904541016,9492251,32.27975082397461
COP,COP,2011-02-03,54.98589324951172,54.98589324951172,54.223575592041016,54.90966033935547,13144408,32.24394226074219
COP,COP,2011-02-04,54.90203857421875,55.077369689941406,54.34554672241211,54.63522720336914,13540963,32.08279800415039
COP,COP,2011-02-07,54.66572189331055,55.30606460571289,54.66572189331055,55.10786437988281,12774745,32.36034393310547
COP,COP,2011-02-08,55.077369689941406,55.14598083496094,54.61235809326172,54.88679122924805,6220382,32.23052978515625
COP,COP,2011-02-09,54.673343658447266,54.69621276855469,53.64421463012695,53.86528778076172,11847834,31.63066864013672
COP,COP,2011-02-10,53.438392639160156,53.7052001953125,53.20969772338867,53.42314529418945,14924771,31.371047973632812
COP,COP,2011-02-11,53.263057708740234,55.22220993041992,53.17158126831055,54.566619873046875,15899432,32.042503356933594
COP,COP,2011-02-14,54.856300354003906,56.365684509277344,54.833431243896484,56.23609161376953,10643872,33.02286148071289
COP,COP,2011-02-15,56.15986251831055,56.365684509277344,55.7100944519043,56.03026580810547,9083890,32.9019889831543
COP,COP,2011-02-16,56.472412109375,57.19660949707031,56.38855743408203,57.13562774658203,10405257,33.55109786987305
COP,COP,2011-02-17,56.807830810546875,57.928436279296875,56.63249588012695,57.57014465332031,11677695,34.10658264160156
COP,COP,2011-02-18,57.89794158935547,58.48492431640625,57.33382797241211,58.408695220947266,11202039,34.60335922241211
COP,COP,2011-02-22,59.163387298583984,60.02480697631836,57.775970458984375,58.40107345581055,15975647,34.59883499145508
COP,COP,2011-02-23,58.65263748168945,60.680397033691406,58.599273681640625,59.89521026611328,18591620,35.48402786254883
COP,COP,2011-02-24,60.15439987182617,60.40596389770508,58.3248405456543,58.91182327270508,17269860,34.901424407958984
COP,COP,2011-02-25,58.9346923828125,59.22437286376953,58.53066635131836,58.91182327270508,10528172,34.901424407958984
COP,COP,2011-02-28,58.91182327270508,59.719879150390625,58.77460861206055,59.36159133911133,10513218,35.167877197265625
COP,COP,2011-03-01,59.68938446044922,60.29924011230469,59.12527084350586,59.33109664916992,13527845,35.149818420410156
COP,COP,2011-03-02,59.11764907836914,60.14677429199219,59.01854705810547,59.65127182006836,11534841,35.339508056640625
COP,COP,2011-03-03,59.84185028076172,60.840484619140625,59.76561737060547,60.64228057861328,11486960,35.926605224609375
COP,COP,2011-03-04,60.70326614379883,61.6866569519043,60.4135856628418,60.97007751464844,12042241,36.12080764770508
COP,COP,2011-03-07,61.45796203613281,61.747642517089844,60.306861877441406,60.37546920776367,10345309,35.76853561401367
COP,COP,2011-03-08,60.101036071777344,60.15439987182617,58.812721252441406,59.70463180541992,11719803,35.37110900878906
COP,COP,2011-03-09,59.59790802001953,60.13153076171875,59.270111083984375,59.49118423461914,8332496,35.24465560913086
COP,COP,2011-03-10,58.69075012207031,58.79747772216797,56.945045471191406,57.31095886230469,15892348,33.953025817871094
COP,COP,2011-03-11,56.22084426879883,58.64501190185547,56.03789138793945,58.16475296020508,9552724,34.4588508605957
COP,COP,2011-03-14,57.554901123046875,57.99704360961914,57.2042350769043,57.8140869140625,14889746,34.251094818115234
COP,COP,2011-03-15,55.25270462036133,57.593017578125,54.223575592041016,57.15849685668945,16720613,33.86268997192383
COP,COP,2011-03-16,57.24997329711914,57.51678466796875,55.56525421142578,56.21322250366211,16059339,33.30268096923828
COP,COP,2011-03-17,57.219482421875,58.92707061767578,56.82307434082031,58.48492431640625,13845298,34.64851379394531
COP,COP,2011-03-18,59.36159133911133,59.910457611083984,57.43292999267578,57.4405517578125,21501697,34.029808044433594
COP,COP,2011-03-21,58.82034683227539,59.43782043457031,58.44681167602539,59.11764907836914,16230659,35.02335739135742
COP,COP,2011-03-22,59.270111083984375,59.33109664916992,58.6983757019043,58.866085052490234,11117035,34.87433624267578
COP,COP,2011-03-23,58.599273681640625,60.169647216796875,58.54591369628906,59.87234115600586,12369927,35.47047805786133
COP,COP,2011-03-24,60.26874542236328,61.023441314697266,60.101036071777344,60.756629943847656,12067297,35.99435043334961
COP,COP,2011-03-25,60.870975494384766,61.51894760131836,60.37546920776367,61.16828155517578,10062224,36.23823547363281
COP,COP,2011-03-28,61.00819396972656,61.38172912597656,60.657527923583984,60.657527923583984,6901332,35.935630798339844
COP,COP,2011-03-29,60.177268981933594,60.573673248291016,59.68938446044922,60.07816696166992,11423338,35.592403411865234
COP,COP,2011-03-30,60.61941146850586,61.595176696777344,60.459327697753906,61.511322021484375,10166643,36.44145965576172
COP,COP,2011-03-31,61.61042404174805,62.35749435424805,60.85573196411133,60.87860107421875,11034524,36.06661605834961
COP,COP,2011-04-01,61.35123825073242,61.55706024169922,60.50506591796875,60.74138259887695,10012770,35.98533630371094
COP,COP,2011-04-04,60.98532485961914,60.98532485961914,60.33735656738281,60.74138259887695,8212992,35.98533630371094
COP,COP,2011-04-05,60.99294662475586,61.44271469116211,60.680397033691406,61.22926712036133,8572161,36.274383544921875
COP,COP,2011-04-06,61.61042404174805,61.671409606933594,61.214019775390625,61.3131217956543,9523734,36.324039459228516
COP,COP,2011-04-07,61.22926712036133,61.57230758666992,60.82523727416992,61.290252685546875,8159471,36.310489654541016
COP,COP,2011-04-08,61.55706024169922,61.884857177734375,61.3131217956543,61.587554931640625,11362340,36.48662567138672
COP,COP,2011-04-11,61.5341911315918,62.31937789916992,60.98532485961914,61.07680130004883,8695075,36.18402099609375
COP,COP,2011-04-12,60.253501892089844,60.51268768310547,58.21049118041992,58.82034683227539,16974707,34.84724044799805
COP,COP,2011-04-13,59.27773666381836,59.49118423461914,58.599273681640625,59.20150375366211,9284988,35.073036193847656
COP,COP,2011-04-14,59.00330352783203,59.92570495605469,58.85083770751953,59.67414093017578,7215769,35.353057861328125
COP,COP,2011-04-15,60.062923431396484,60.79474639892578,59.75799560546875,60.31448745727539,9605327,35.73240280151367
COP,COP,2011-04-18,59.01092529296875,59.47593688964844,58.812721252441406,59.163387298583984,8883055,35.05044937133789
COP,COP,2011-04-19,59.06428527832031,59.75037384033203,59.06428527832031,59.57503890991211,7589367,35.2943229675293
COP,COP,2011-04-20,60.58892059326172,61.107295989990234,60.4288330078125,60.977699279785156,8690091,36.125335693359375
COP,COP,2011-04-21,61.1911506652832,61.671409606933594,61.00819396972656,61.54181671142578,7415161,36.459537506103516
COP,COP,2011-04-25,61.74001693725586,61.747642517089844,60.8023681640625,61.35123825073242,6881656,36.34661865234375
COP,COP,2011-04-26,61.435089111328125,62.12879943847656,61.290252685546875,61.9077262878418,7739567,36.67630386352539
COP,COP,2011-04-27,61.28262710571289,61.73239517211914,59.76561737060547,60.85573196411133,13406110,36.05305862426758
COP,COP,2011-04-28,60.26874542236328,60.52031326293945,58.675506591796875,59.04141616821289,17423733,34.978206634521484
COP,COP,2011-04-29,59.056663513183594,60.22300720214844,59.01854705810547,60.13915252685547,12122261,35.62852096557617
COP,COP,2011-05-02,60.123905181884766,60.207763671875,58.713619232177734,59.056663513183594,11273532,34.98723220825195
COP,COP,2011-05-03,58.675506591796875,58.713619232177734,55.954036712646484,56.815452575683594,23246904,33.65946960449219
COP,COP,2011-05-04,56.922176361083984,56.922176361083984,55.1993408203125,56.144615173339844,20650739,33.26204299926758
COP,COP,2011-05-05,55.527137756347656,55.618614196777344,54.28456115722656,54.863922119140625,16738847,32.50331115722656
COP,COP,2011-05-06,55.51189041137695,56.74684524536133,55.267948150634766,55.603370666503906,15594571,32.941383361816406
COP,COP,2011-05-09,56.03026580810547,56.49528121948242,55.771080017089844,56.197975158691406,12537180,33.29365921020508
COP,COP,2011-05-10,56.327571868896484,57.01365661621094,56.07600784301758,56.86881637573242,9253636,33.69108200073242
COP,COP,2011-05-11,56.464786529541016,56.55626678466797,54.90966033935547,55.28319549560547,13287787,32.751705169677734
COP,COP,2011-05-12,55.161224365234375,55.19171905517578,53.87290954589844,54.52088165283203,16397388,32.300086975097656
COP,COP,2011-05-13,54.650474548339844,54.87916946411133,53.827171325683594,54.4522705078125,10836181,32.259437561035156
COP,COP,2011-05-16,54.406532287597656,54.970645904541016,53.91865158081055,54.4522705078125,10735698,32.259437561035156
COP,COP,2011-05-17,53.88815689086914,54.77244567871094,53.88815689086914,54.53612518310547,10869763,32.309104919433594
COP,COP,2011-05-18,54.749576568603516,55.96928024291992,54.51325607299805,55.504268646240234,11562126,32.882659912109375
COP,COP,2011-05-19,55.41279220581055,55.76345443725586,54.92490768432617,55.420413970947266,8657427,33.13334655761719
COP,COP,2011-05-20,55.344181060791016,55.74821090698242,54.71908187866211,55.351806640625,10245612,33.09232711791992
COP,COP,2011-05-23,54.53612518310547,54.66572189331055,54.002506256103516,54.376041412353516,9205231,32.50896453857422
COP,COP,2011-05-24,54.8410530090332,55.687225341796875,54.749576568603516,54.81818389892578,9788060,32.77328109741211
COP,COP,2011-05-25,54.39128494262695,55.22220993041992,54.33792495727539,54.863922119140625,9986927,32.800636291503906
COP,COP,2011-05-26,54.833431243896484,55.428035736083984,54.55137252807617,55.14598083496094,8057283,32.969268798828125
COP,COP,2011-05-27,55.64148712158203,55.91592025756836,55.077369689941406,55.37467575073242,5669692,33.10598373413086
COP,COP,2011-05-31,56.29707717895508,56.49528121948242,55.428035736083984,55.81681823730469,15173618,33.370338439941406
COP,COP,2011-06-01,55.78632736206055,56.060760498046875,54.93252944946289,55.14598083496094,9761037,32.969268798828125
COP,COP,2011-06-02,55.100242614746094,55.55763244628906,54.4522705078125,55.00114059448242,8088634,32.882667541503906
COP,COP,2011-06-03,53.97963333129883,55.64910888671875,53.956764221191406,55.18409729003906,9610181,32.9920539855957
COP,COP,2011-06-06,54.81056213378906,55.267948150634766,53.819549560546875,54.06349182128906,8360175,32.32209396362305
COP,COP,2011-06-07,54.36079406738281,54.650474548339844,53.91102600097656,54.02537536621094,14155799,32.2993049621582
COP,COP,2011-06-08,54.04824447631836,55.100242614746094,54.04824447631836,54.47513961791992,10532632,32.56820297241211
COP,COP,2011-06-09,54.84867477416992,55.74058532714844,54.42940139770508,55.27557373046875,9136100,33.04674530029297
COP,COP,2011-06-10,55.054500579833984,55.237457275390625,54.42940139770508,54.49801254272461,9634843,32.581886291503906
COP,COP,2011-06-13,54.55137252807617,54.9630241394043,53.552738189697266,53.933895111083984,9257440,32.2446174621582
COP,COP,2011-06-14,54.52088165283203,55.38991928100586,54.52088165283203,54.787689208984375,9883558,32.755069732666016
COP,COP,2011-06-15,54.231201171875,54.749576568603516,53.42314529418945,53.79668045043945,10119943,32.162593841552734
COP,COP,2011-06-16,53.88815689086914,55.06974792480469,53.78143310546875,54.597110748291016,10929056,32.64113235473633
COP,COP,2011-06-17,55.06212615966797,55.610992431640625,54.36079406738281,54.833431243896484,12751002,32.782413482666016
COP,COP,2011-06-20,54.42177963256836,55.48139953613281,54.17783737182617,55.09261703491211,15493301,32.9373664855957
COP,COP,2011-06-21,55.64910888671875,56.52577209472656,55.51951599121094,56.20560073852539,13283852,33.60276412963867
COP,COP,2011-06-22,55.992149353027344,56.65536880493164,55.85493469238281,55.870182037353516,9448043,33.4022331237793
COP,COP,2011-06-23,54.856300354003906,55.67959976196289,54.12447738647461,55.64910888671875,11831961,33.270057678222656
COP,COP,2011-06-24,55.46615219116211,55.793949127197266,54.383663177490234,54.4522705078125,17719673,32.55453109741211
COP,COP,2011-06-27,54.36841583251953,55.03163146972656,54.330299377441406,54.71908187866211,10192616,32.71403503417969
COP,COP,2011-06-28,55.046878814697266,55.93116760253906,55.01638412475586,55.84730911254883,9009512,33.388553619384766
COP,COP,2011-06-29,56.175106048583984,56.80020523071289,56.04551315307617,56.426673889160156,10559786,33.73493957519531
COP,COP,2011-06-30,56.6782341003418,57.37956619262695,56.66299057006836,57.318580627441406,9932881,34.2681770324707
COP,COP,2011-07-01,57.37956619262695,57.936058044433594,56.845947265625,57.844581604003906,10006735,34.58262252807617
COP,COP,2011-07-05,57.86745071411133,58.309593200683594,57.5777702331543,57.821712493896484,10316318,34.568965911865234
COP,COP,2011-07-06,57.86745071411133,58.05040740966797,57.60826110839844,57.958927154541016,8072499,34.6510009765625
COP,COP,2011-07-07,58.5764045715332,58.6983757019043,58.13426208496094,58.50779724121094,7971098,34.979148864746094
COP,COP,2011-07-08,57.43292999267578,57.89794158935547,57.257598876953125,57.86745071411133,10114040,34.59629821777344
COP,COP,2011-07-11,57.04414749145508,57.22710418701172,56.723976135253906,56.945045471191406,8613482,34.04484176635742
COP,COP,2011-07-12,56.60200500488281,57.33382797241211,56.40380096435547,56.67061233520508,9560202,33.88077163696289
COP,COP,2011-07-13,56.731597900390625,57.41006088256836,56.40380096435547,56.71635055541992,9746082,33.908111572265625
COP,COP,2011-07-14,61.06917953491211,61.08442687988281,57.554901123046875,57.638755798339844,81425360,34.45957946777344
COP,COP,2011-07-15,58.40107345581055,58.72124481201172,58.05040740966797,58.256229400634766,54703259,34.8287353515625
COP,COP,2011-07-18,58.2028694152832,58.27147674560547,57.33382797241211,57.50916290283203,29702490,34.38211441040039
COP,COP,2011-07-19,57.928436279296875,58.225738525390625,56.945045471191406,57.50153732299805,14289208,34.3775520324707
COP,COP,2011-07-20,57.775970458984375,57.87507247924805,57.17374038696289,57.257598876953125,11687271,34.23170471191406
COP,COP,2011-07-21,57.03652572631836,57.936058044433594,56.80020523071289,57.79121780395508,11245722,34.85702133178711
COP,COP,2011-07-22,57.714988708496094,57.821712493896484,57.23472595214844,57.371944427490234,10632328,34.604148864746094
COP,COP,2011-07-25,56.845947265625,57.371944427490234,56.66299057006836,56.8306999206543,11094604,34.2776985168457
COP,COP,2011-07-26,56.838321685791016,56.945045471191406,56.01502227783203,56.11412048339844,12838105,33.84547424316406
COP,COP,2011-07-27,56.55626678466797,56.78496170043945,55.74058532714844,55.74821090698242,13279654,33.6247673034668
COP,COP,2011-07-28,55.725341796875,56.04551315307617,55.30606460571289,55.473777770996094,10521876,33.459251403808594
COP,COP,2011-07-29,54.90203857421875,55.420413970947266,54.4675178527832,54.87916946411133,13237545,33.100608825683594
COP,COP,2011-08-01,55.99977493286133,55.99977493286133,54.459896087646484,54.87916946411133,11780539,33.100608825683594
COP,COP,2011-08-02,54.51325607299805,55.2145881652832,53.819549560546875,53.8424186706543,12745099,32.47529983520508
COP,COP,2011-08-03,53.850040435791016,54.32267761230469,52.889522552490234,53.78905487060547,15890774,32.44310760498047
COP,COP,2011-08-04,52.912391662597656,52.988624572753906,50.907501220703125,51.014225006103516,20754895,30.76945686340332
COP,COP,2011-08-05,51.16668701171875,52.79042053222656,49.741153717041016,51.64694595336914,24705091,31.151079177856445
COP,COP,2011-08-08,49.68016815185547,51.43349838256836,47.134033203125,47.202640533447266,38423933,28.470481872558594
COP,COP,2011-08-09,47.949710845947266,49.31425857543945,46.04391860961914,49.21515655517578,29061549,29.684337615966797
COP,COP,2011-08-10,49.154170989990234,49.68016815185547,47.30174255371094,47.80487060546875,20229916,28.833724975585938
COP,COP,2011-08-11,48.056434631347656,50.63306427001953,47.56855392456055,49.94697952270508,20693241,30.125736236572266
COP,COP,2011-08-12,50.7321662902832,51.16668701171875,49.794517517089844,50.351009368896484,14384182,30.369430541992188
COP,COP,2011-08-15,51.120948791503906,52.028106689453125,50.907501220703125,51.44112014770508,12985550,31.026941299438477
COP,COP,2011-08-16,50.94561767578125,51.120948791503906,50.122314453125,50.724544525146484,12622315,30.594736099243164
COP,COP,2011-08-17,51.29627990722656,51.54022216796875,50.59495162963867,50.937992095947266,9653339,30.723474502563477
COP,COP,2011-08-18,49.93173599243164,49.94697952270508,48.09455108642578,48.628173828125,21652685,29.330297470092773
COP,COP,2011-08-19,48.08692932128906,49.50483703613281,48.025943756103516,48.475711822509766,18009054,29.23833656311035
COP,COP,2011-08-22,49.84025573730469,50.076576232910156,48.04118728637695,48.27750778198242,11662216,29.118803024291992
COP,COP,2011-08-23,48.42234802246094,50.09944534301758,48.399478912353516,50.091819763183594,15304403,30.21310806274414
COP,COP,2011-08-24,49.83263397216797,50.47298049926758,49.40573501586914,50.40436935424805,10054878,30.401613235473633
COP,COP,2011-08-25,50.77790451049805,50.98373031616211,49.16941833496094,49.38286590576172,9999258,29.785493850708008
COP,COP,2011-08-26,49.001708984375,50.32814025878906,48.407100677490234,49.93935775756836,10132930,30.121152877807617
COP,COP,2011-08-29,50.831268310546875,51.715553283691406,50.755035400390625,51.66981506347656,10541290,31.164878845214844
COP,COP,2011-08-30,50.95323944091797,52.089088439941406,50.4806022644043,51.715553283691406,14379591,31.19245719909668
COP,COP,2011-08-31,52.066219329833984,52.409263610839844,51.494483947753906,51.89088821411133,11838258,31.298219680786133
COP,COP,2011-09-01,52.34065628051758,52.50074005126953,51.55546951293945,51.81465530395508,11748007,31.252233505249023
COP,COP,2011-09-02,50.62544250488281,51.014225006103516,50.1070671081543,50.648311614990234,11444721,30.548749923706055
COP,COP,2011-09-06,48.94834518432617,50.18330001831055,48.63579559326172,50.084197998046875,14460659,30.208515167236328
COP,COP,2011-09-07,50.81602096557617,51.37251281738281,50.59495162963867,51.311527252197266,11554517,30.948776245117188
COP,COP,2011-09-08,51.07521057128906,51.45636749267578,49.84025573730469,50.22141647338867,13725794,30.2912654876709
COP,COP,2011-09-09,49.520084381103516,50.122314453125,48.68915939331055,48.963592529296875,16024970,29.5325927734375
COP,COP,2011-09-12,48.34611511230469,48.9864616394043,47.98782730102539,48.971214294433594,15501828,29.537199020385742
COP,COP,2011-09-13,49.13892364501953,49.7640266418457,48.628173828125,49.367618560791016,10263190,29.776294708251953
COP,COP,2011-09-14,49.57344436645508,50.98373031616211,49.03219985961914,50.29002380371094,13171693,30.3326473236084
COP,COP,2011-09-15,50.68642807006836,51.1057014465332,50.3586311340332,51.014225006103516,12154006,30.76945686340332
COP,COP,2011-09-16,51.37251281738281,51.45636749267578,50.50347137451172,51.29627990722656,19606815,30.9395751953125
COP,COP,2011-09-19,50.22903823852539,51.242919921875,49.84788131713867,50.89987564086914,10983757,30.700485229492188
COP,COP,2011-09-20,51.14381790161133,52.0052375793457,50.84651565551758,51.08283233642578,10752488,30.810840606689453
COP,COP,2011-09-21,50.94561767578125,51.2276725769043,49.51245880126953,49.51245880126953,12438796,29.863651275634766
COP,COP,2011-09-22,48.01831817626953,48.26988220214844,47.134033203125,47.926841735839844,20736399,28.90728759765625
COP,COP,2011-09-23,47.15690231323242,48.208900451660156,47.11116409301758,47.652408599853516,12031878,28.741750717163086
COP,COP,2011-09-26,47.98020553588867,48.94834518432617,47.103538513183594,48.887359619140625,13408996,29.48664093017578
COP,COP,2011-09-27,49.87837219238281,50.274776458740234,48.696781158447266,48.9864616394043,12306436,29.546396255493164
COP,COP,2011-09-28,48.620548248291016,49.95460510253906,48.056434631347656,48.20127487182617,12599228,29.072803497314453
COP,COP,2011-09-29,49.29138946533203,49.29901123046875,48.07930374145508,49.070316314697266,17746171,29.596967697143555
COP,COP,2011-09-30,48.01069641113281,49.27614212036133,48.01069641113281,48.26988220214844,13489278,29.11419105529785
COP,COP,2011-10-03,47.80487060546875,47.95733642578125,46.46319580078125,46.49368667602539,15364090,28.042865753173828
COP,COP,2011-10-04,45.784732818603516,47.53043746948242,44.70986557006836,47.469451904296875,16659746,28.631406784057617
COP,COP,2011-10-05,48.1174201965332,48.79588317871094,47.43895721435547,48.73489761352539,16448810,29.394676208496094
COP,COP,2011-10-06,48.17840576171875,49.11605453491211,47.96495819091797,49.05507278442383,12444699,29.587778091430664
COP,COP,2011-10-07,49.367618560791016,49.6115608215332,48.36898422241211,48.91022872924805,11888631,29.500423431396484
COP,COP,2011-10-10,49.95460510253906,51.15143966674805,49.8859977722168,51.03709411621094,10621047,30.783245086669922
COP,COP,2011-10-11,50.57970428466797,51.35726547241211,50.52634048461914,51.0904541015625,11552156,30.8154354095459
COP,COP,2011-10-12,51.616455078125,52.23393249511719,51.22005081176758,51.72317886352539,11075058,31.197071075439453
COP,COP,2011-10-13,50.47298049926758,51.311527252197266,50.381500244140625,51.1057014465332,11066400,31.127426147460938
COP,COP,2011-10-14,51.8375244140625,52.592220306396484,51.70030975341797,52.592220306396484,9908089,32.0328254699707
COP,COP,2011-10-17,52.38639450073242,52.7218132019043,51.67744064331055,52.09671401977539,8503685,31.731019973754883
COP,COP,2011-10-18,51.91375732421875,53.362159729003906,51.75366973876953,52.75992965698242,13049828,32.13497543334961
COP,COP,2011-10-19,52.86665344238281,53.87290954589844,52.64558029174805,53.02674102783203,11622468,32.2974853515625
COP,COP,2011-10-20,52.965755462646484,53.83479690551758,52.5998420715332,53.56798553466797,11259233,32.62715530395508
COP,COP,2011-10-21,54.13209915161133,54.88679122924805,54.032997131347656,54.757198333740234,11797986,33.35145568847656
COP,COP,2011-10-24,54.749576568603516,55.1993408203125,54.39128494262695,54.978271484375,9556922,33.486122131347656
COP,COP,2011-10-25,55.03163146972656,55.03163146972656,53.7052001953125,53.88053512573242,14405302,32.81752014160156
COP,COP,2011-10-26,54.98589324951172,55.24508285522461,53.484130859375,54.80293655395508,11942152,33.37932586669922
COP,COP,2011-10-27,55.82444381713867,56.18273162841797,55.229835510253906,55.534759521484375,15944033,33.8250617980957
COP,COP,2011-10-28,55.473777770996094,55.62623977661133,54.51325607299805,54.68859100341797,19665321,33.30966567993164
COP,COP,2011-10-31,53.87290954589844,54.04062271118164,53.0953483581543,53.0953483581543,13541750,32.33926010131836
COP,COP,2011-11-01,51.768917083740234,52.49311828613281,51.26578903198242,51.77654266357422,15031682,31.536006927490234
COP,COP,2011-11-02,52.76755142211914,53.255435943603516,52.29491424560547,52.67607498168945,10156017,32.083900451660156
COP,COP,2011-11-03,53.19445037841797,53.94914245605469,52.56172561645508,53.743316650390625,12149546,32.73393249511719
COP,COP,2011-11-04,53.232566833496094,54.002506256103516,53.03436279296875,53.903404235839844,8212599,32.831424713134766
COP,COP,2011-11-07,53.99488067626953,54.787689208984375,53.69757843017578,54.566619873046875,7949978,33.23537826538086
COP,COP,2011-11-08,54.863922119140625,55.62623977661133,54.26169204711914,55.450904846191406,10131093,33.77399444580078
COP,COP,2011-11-09,53.98725891113281,54.673343658447266,53.285926818847656,53.529869079589844,12178668,32.60392379760742
COP,COP,2011-11-10,54.269317626953125,54.749576568603516,53.476505279541016,54.459896087646484,8220076,33.17037582397461
COP,COP,2011-11-11,55.100242614746094,55.48139953613281,54.87154769897461,54.99351501464844,8604431,33.495399475097656
COP,COP,2011-11-14,54.74195098876953,54.978271484375,54.231201171875,54.65809631347656,10844707,33.291099548339844
COP,COP,2011-11-15,54.55899429321289,55.267948150634766,54.44464874267578,54.87916946411133,8651130,33.42574691772461
COP,COP,2011-11-16,54.269317626953125,54.50563430786133,52.912391662597656,53.179203033447266,13159756,32.39033508300781
COP,COP,2011-11-17,53.072479248046875,54.04062271118164,52.5845947265625,53.02674102783203,11358929,32.2974853515625
COP,COP,2011-11-18,53.29355239868164,53.35453414916992,52.47787094116211,52.805667877197266,10538142,32.16282272338867
COP,COP,2011-11-21,52.066219329833984,52.7523078918457,51.738426208496094,52.485496520996094,10987693,31.96780776977539
COP,COP,2011-11-22,52.355899810791016,52.546478271484375,51.768917083740234,51.94424819946289,8898534,31.638151168823242
COP,COP,2011-11-23,51.288658142089844,51.654571533203125,51.021846771240234,51.021846771240234,11323511,31.076337814331055
COP,COP,2011-11-25,50.89225387573242,51.204803466796875,50.41199493408203,50.41961669921875,5497585,30.70952606201172
COP,COP,2011-11-28,51.89850997924805,52.04335021972656,50.838890075683594,51.281036376953125,13043663,31.234216690063477
COP,COP,2011-11-29,51.45636749267578,52.2110595703125,51.281036376953125,51.94424819946289,11096440,31.638151168823242
COP,COP,2011-11-30,53.38502883911133,54.406532287597656,53.369781494140625,54.36841583251953,15364877,33.114662170410156
COP,COP,2011-12-01,54.24644470214844,54.80293655395508,54.13972091674805,54.703834533691406,9337066,33.318973541259766
COP,COP,2011-12-02,55.1993408203125,55.74058532714844,54.76482009887695,55.30606460571289,14742038,33.68577194213867
COP,COP,2011-12-05,55.81681823730469,56.3351936340332,55.13835525512695,55.51189041137695,12112422,33.81113815307617
COP,COP,2011-12-06,55.580501556396484,55.877803802490234,55.29844284057617,55.29844284057617,11239032,33.681129455566406
COP,COP,2011-12-07,55.01638412475586,55.55763244628906,54.61997985839844,55.1993408203125,11222634,33.62077331542969
COP,COP,2011-12-08,54.93252944946289,55.13835525512695,53.97201156616211,54.13972091674805,9983123,32.975372314453125
COP,COP,2011-12-09,54.42177963256836,55.161224365234375,54.383663177490234,54.84867477416992,9268853,33.407188415527344
COP,COP,2011-12-12,54.23882293701172,54.42940139770508,53.17158126831055,53.72806930541992,9719584,32.72465896606445
COP,COP,2011-12-13,54.0787353515625,54.61997985839844,53.02674102783203,53.24781036376953,12212118,32.4321174621582
COP,COP,2011-12-14,52.920013427734375,53.32404327392578,51.959495544433594,52.23393249511719,12136428,31.814599990844727
COP,COP,2011-12-15,52.60746765136719,52.85140609741211,51.80703353881836,52.058597564697266,9276986,31.707807540893555
COP,COP,2011-12-16,52.67607498168945,52.68369674682617,51.82228088378906,52.142452239990234,22967493,31.75888442993164
COP,COP,2011-12-19,51.868019104003906,52.409263610839844,51.570716857910156,51.72317886352539,8296553,31.503511428833008
COP,COP,2011-12-20,52.77517318725586,53.362159729003906,52.698944091796875,53.19445037841797,8933559,32.39963150024414
COP,COP,2011-12-21,53.3316650390625,53.956764221191406,53.16395568847656,53.83479690551758,9004527,32.78964614868164
COP,COP,2011-12-22,53.91865158081055,54.81818389892578,53.819549560546875,54.68859100341797,9878836,33.30966567993164
COP,COP,2011-12-23,54.79531478881836,55.22220993041992,54.749576568603516,55.2145881652832,5381754,33.63005447387695
COP,COP,2011-12-27,55.03163146972656,55.77870178222656,55.03163146972656,55.603370666503906,5836945,33.86684799194336
COP,COP,2011-12-28,55.603370666503906,55.73296356201172,54.69621276855469,54.749576568603516,6935833,33.346824645996094
COP,COP,2011-12-29,54.81818389892578,55.580501556396484,54.81818389892578,55.55000686645508,5944119,33.8343505859375
COP,COP,2011-12-30,55.5881233215332,55.801570892333984,55.428035736083984,55.55000686645508,6077397,33.8343505859375
COP,COP,2012-01-03,56.350440979003906,57.04414749145508,56.350440979003906,56.541019439697266,10172677,34.43796920776367
COP,COP,2012-01-04,56.3351936340332,56.48003387451172,55.85493469238281,56.274208068847656,7411094,34.27545166015625
COP,COP,2012-01-05,55.84730911254883,56.00739669799805,55.36705017089844,55.82444381713867,10276177,34.00150680541992
COP,COP,2012-01-06,55.99977493286133,56.03026580810547,55.3365592956543,55.38991928100586,7268372,33.73684310913086
COP,COP,2012-01-09,55.46615219116211,55.67959976196289,55.25270462036133,55.603370666503906,10997793,33.86684799194336
COP,COP,2012-01-10,56.068382263183594,56.274208068847656,55.725341796875,55.86255645751953,6925994,34.02471160888672
COP,COP,2012-01-11,55.55763244628906,55.67197799682617,54.84867477416992,54.89441680908203,9819280,33.435035705566406
COP,COP,2012-01-12,54.4675178527832,54.65809631347656,53.87290954589844,53.94152069091797,14941562,32.85464859008789
COP,COP,2012-01-13,53.659461975097656,54.04062271118164,53.40027618408203,53.62134552001953,12567089,32.6596565246582
COP,COP,2012-01-17,54.12447738647461,54.32267761230469,53.735694885253906,53.97201156616211,8332234,32.87321472167969
COP,COP,2012-01-18,54.04062271118164,54.680965423583984,53.743316650390625,54.50563430786133,9496186,33.198246002197266
COP,COP,2012-01-19,54.673343658447266,54.726707458496094,53.97963333129883,54.330299377441406,10689391,33.09144592285156
COP,COP,2012-01-20,54.14734649658203,54.276939392089844,53.68233108520508,54.276939392089844,10097118,33.058956146240234
COP,COP,2012-01-23,53.956764221191406,54.15496826171875,53.66708755493164,53.78905487060547,12179192,32.76179504394531
COP,COP,2012-01-24,53.4688835144043,54.07111358642578,53.377403259277344,53.827171325683594,10897310,32.78499984741211
COP,COP,2012-01-25,54.51325607299805,54.597110748291016,52.60746765136719,53.3469123840332,22200882,32.492496490478516
COP,COP,2012-01-26,53.72806930541992,53.735694885253906,52.87427520751953,53.003868103027344,13117516,32.28355407714844
COP,COP,2012-01-27,52.66082763671875,53.179203033447266,52.439754486083984,52.90476989746094,10192616,32.223182678222656
COP,COP,2012-01-30,52.53123474121094,52.64558029174805,52.028106689453125,52.38639450073242,15003872,31.90745735168457
COP,COP,2012-01-31,52.60746765136719,52.729434967041016,51.8375244140625,51.99761199951172,28422444,31.670656204223633
COP,COP,2012-02-01,52.52360916137695,53.0953483581543,52.249176025390625,52.84378433227539,13598813,32.18605041503906
COP,COP,2012-02-02,52.75992965698242,53.41551971435547,52.7523078918457,53.29355239868164,11579442,32.459983825683594
COP,COP,2012-02-03,53.819549560546875,53.86528778076172,53.41551971435547,53.712825775146484,13078950,32.71535873413086
COP,COP,2012-02-06,53.54511642456055,54.39891052246094,53.51462173461914,54.36841583251953,8888696,33.114662170410156
COP,COP,2012-02-07,54.490386962890625,54.98589324951172,54.330299377441406,54.8258056640625,10817029,33.39324188232422
COP,COP,2012-02-08,55.10786437988281,55.2145881652832,54.673343658447266,55.077369689941406,7713331,33.546478271484375
COP,COP,2012-02-09,55.06974792480469,55.267948150634766,54.307430267333984,54.54375076293945,31544638,33.22146224975586
COP,COP,2012-02-10,54.642852783203125,55.24508285522461,54.4675178527832,55.077369689941406,46148676,33.546478271484375
COP,COP,2012-02-13,55.41279220581055,55.580501556396484,54.87154769897461,55.504268646240234,41798121,33.80650329589844
COP,COP,2012-02-14,55.35942840576172,56.34281539916992,55.351806640625,56.10649871826172,10558212,34.17329788208008
COP,COP,2012-02-15,56.41142654418945,56.41142654418945,55.73296356201172,55.992149353027344,11559633,34.1036491394043
COP,COP,2012-02-16,55.5881233215332,55.610992431640625,54.99351501464844,55.48139953613281,11008025,34.09897232055664
COP,COP,2012-02-17,55.76345443725586,56.04551315307617,55.618614196777344,55.92354202270508,10545619,34.370704650878906
COP,COP,2012-02-21,56.365684509277344,56.51052474975586,56.12174606323242,56.281829833984375,12840204,34.59090805053711
COP,COP,2012-02-22,56.434295654296875,56.78496170043945,56.34281539916992,56.51052474975586,8688517,34.73146438598633
COP,COP,2012-02-23,56.6934814453125,57.17374038696289,56.56388854980469,57.028900146484375,9835284,35.050071716308594
COP,COP,2012-02-24,57.23472595214844,58.12663650512695,57.17374038696289,57.89794158935547,14767750,35.58417510986328
COP,COP,2012-02-27,57.852203369140625,58.5764045715332,57.70736312866211,58.26385498046875,10564640,35.80905532836914
COP,COP,2012-02-28,58.515419006347656,59.02617263793945,58.24098587036133,58.90420150756836,14028949,36.20262908935547
COP,COP,2012-02-29,58.9499397277832,59.24724197387695,57.98179626464844,58.35533142089844,15948493,35.86528778076172
COP,COP,2012-03-01,58.782230377197266,59.643646240234375,58.705997467041016,59.62840270996094,12182341,36.6477165222168
COP,COP,2012-03-02,59.39970779418945,59.605533599853516,59.00330352783203,59.19388198852539,9302697,36.380653381347656
COP,COP,2012-03-05,58.888954162597656,59.24724197387695,58.53066635131836,59.12527084350586,9240912,36.338478088378906
COP,COP,2012-03-06,58.16475296020508,58.47730255126953,57.882694244384766,58.27910232543945,11580884,35.81843948364258
COP,COP,2012-03-07,58.27910232543945,59.079532623291016,58.15713119506836,58.713619232177734,9301516,36.085479736328125
COP,COP,2012-03-08,59.049041748046875,59.19388198852539,58.80509948730469,58.866085052490234,8055840,36.17919158935547
COP,COP,2012-03-09,58.87370681762695,59.460693359375,58.759361267089844,58.82034683227539,11161505,36.15108871459961
COP,COP,2012-03-12,58.82796859741211,59.3082275390625,58.683128356933594,58.9346923828125,9714993,36.22135925292969
COP,COP,2012-03-13,59.21675109863281,59.31584930419922,58.72886657714844,59.27773666381836,11394610,36.43218994140625
COP,COP,2012-03-14,59.30060577392578,59.5445442199707,58.91182327270508,59.087154388427734,10688735,36.315067291259766
COP,COP,2012-03-15,59.0719108581543,59.231998443603516,58.035160064697266,58.416316986083984,12184046,35.90277099609375
COP,COP,2012-03-16,58.62214279174805,59.0719108581543,58.53828811645508,58.83559036254883,19925449,36.16044616699219
COP,COP,2012-03-19,58.87370681762695,59.6817626953125,58.713619232177734,59.51405334472656,7828506,36.577430725097656
COP,COP,2012-03-20,59.087154388427734,59.453067779541016,58.782230377197266,59.132896423339844,9302172,36.34318161010742
COP,COP,2012-03-21,59.28535842895508,59.31584930419922,58.683128356933594,58.91944885253906,10526205,36.211997985839844
COP,COP,2012-03-22,58.591651916503906,58.6983757019043,57.72261047363281,57.852203369140625,12144036,35.55606460571289
COP,COP,2012-03-23,57.94368362426758,58.606895446777344,57.593017578125,58.3248405456543,10680340,35.84654998779297
COP,COP,2012-03-26,58.759361267089844,59.03379440307617,58.64501190185547,58.972808837890625,7875862,36.24480056762695
COP,COP,2012-03-27,59.06428527832031,59.079532623291016,58.54591369628906,58.5764045715332,8212730,36.00116729736328
COP,COP,2012-03-28,58.408695220947266,58.53828811645508,57.562522888183594,57.92081069946289,9905203,35.598228454589844
COP,COP,2012-03-29,57.32620620727539,57.821712493896484,56.74684524536133,57.78359603881836,10084918,35.51388931274414
COP,COP,2012-03-30,58.05802917480469,58.37057876586914,57.8140869140625,57.94368362426758,9034829,35.61227798461914
COP,COP,2012-04-02,57.928436279296875,58.9346923828125,57.844581604003906,58.599273681640625,7962309,36.01520538330078
COP,COP,2012-04-03,58.439186096191406,58.50779724121094,57.692115783691406,58.17237854003906,8912308,35.75284194946289
COP,COP,2012-04-04,57.73023223876953,58.50779724121094,57.478668212890625,58.07327651977539,9762349,35.69193649291992
COP,COP,2012-04-05,57.98179626464844,58.2028694152832,57.364322662353516,57.448177337646484,8342204,35.3077507019043
COP,COP,2012-04-09,56.914554595947266,57.54727554321289,56.86881637573242,57.211856842041016,8865739,35.162498474121094
COP,COP,2012-04-10,57.13562774658203,57.364322662353516,55.984527587890625,56.175106048583984,12813050,34.525306701660156
COP,COP,2012-04-11,56.7087287902832,57.00603103637695,55.96928024291992,56.068382263183594,12058508,34.45972442626953
COP,COP,2012-04-12,56.01502227783203,56.97554016113281,56.01502227783203,56.815452575683594,11161898,34.91887283325195
COP,COP,2012-04-13,56.541019439697266,56.90693283081055,56.12936782836914,56.12936782836914,9080611,34.49720764160156
COP,COP,2012-04-16,56.26658630371094,56.807830810546875,56.12174606323242,56.281829833984375,16771248,34.59090805053711
COP,COP,2012-04-17,56.71635055541992,56.92980194091797,56.57913589477539,56.60962677001953,7822603,34.792362213134766
COP,COP,2012-04-18,55.89305114746094,56.281829833984375,55.77870178222656,55.870182037353516,9701744,34.33791732788086
COP,COP,2012-04-19,55.793949127197266,55.9464111328125,55.11548614501953,55.56525421142578,9462342,34.15049743652344
COP,COP,2012-04-20,55.73296356201172,56.060760498046875,55.397544860839844,55.55763244628906,9299155,34.145816802978516
COP,COP,2012-04-23,54.68859100341797,55.43566131591797,54.406532287597656,55.13835525512695,10106956,33.88811492919922
COP,COP,2012-04-24,54.99351501464844,55.2145881652832,54.749576568603516,54.79531478881836,11502964,33.67728805541992
COP,COP,2012-04-25,55.054500579833984,55.054500579833984,53.76618576049805,54.13972091674805,13373972,33.27436065673828
COP,COP,2012-04-26,54.17783737182617,55.161224365234375,54.06349182128906,55.03163146972656,10519383,33.82254409790039
COP,COP,2012-04-27,55.16884994506836,55.267948150634766,54.52850341796875,54.87154769897461,7357573,33.724151611328125
COP,COP,2012-04-30,54.84867477416992,55.11548614501953,54.42940139770508,54.604736328125,9670261,33.5601692199707
COP,COP,2012-05-01,55.91999816894531,56.7400016784668,55.459999084472656,56.5099983215332,15247300,34.73114013671875
COP,COP,2012-05-02,55.83000183105469,55.83000183105469,54.43000030517578,54.59000015258789,14678600,33.551116943359375
COP,COP,2012-05-03,54.66999816894531,54.959999084472656,53.810001373291016,54.2599983215332,12943300,33.348297119140625
COP,COP,2012-05-04,53.79999923706055,54.0,52.959999084472656,53.16999816894531,12443400,32.678375244140625
COP,COP,2012-05-07,52.2400016784668,53.43000030517578,52.130001068115234,53.349998474121094,12194300,32.789005279541016
COP,COP,2012-05-08,52.84000015258789,54.4900016784668,52.72999954223633,54.310001373291016,14149700,33.379032135009766
COP,COP,2012-05-09,53.68000030517578,53.93000030517578,52.68000030517578,53.470001220703125,10859400,32.86275863647461
COP,COP,2012-05-10,54.09000015258789,54.599998474121094,53.81999969482422,54.220001220703125,30869700,33.323699951171875
COP,COP,2012-05-11,54.0099983215332,54.5,53.43000030517578,53.5,31293500,32.88119888305664
COP,COP,2012-05-14,52.65999984741211,53.16999816894531,52.5099983215332,52.93000030517578,31388900,32.5308837890625
COP,COP,2012-05-15,53.0,53.119998931884766,52.40999984741211,52.529998779296875,8085600,32.28502655029297
COP,COP,2012-05-16,52.75,53.11000061035156,52.31999969482422,52.31999969482422,10259300,32.15596389770508
COP,COP,2012-05-17,51.79999923706055,52.08000183105469,51.16999816894531,51.189998626708984,8634200,31.863407135009766
COP,COP,2012-05-18,51.33000183105469,51.61000061035156,50.65999984741211,50.81999969482422,13088300,31.633094787597656
COP,COP,2012-05-21,50.81999969482422,51.880001068115234,50.79999923706055,51.77000045776367,9445000,32.22443771362305
COP,COP,2012-05-22,51.9900016784668,52.45000076293945,51.36000061035156,51.66999816894531,8906600,32.16218566894531
COP,COP,2012-05-23,51.29999923706055,52.119998931884766,50.970001220703125,52.09000015258789,8513800,32.423622131347656
COP,COP,2012-05-24,52.36000061035156,52.38999938964844,51.56999969482422,52.13999938964844,7334200,32.45474624633789
COP,COP,2012-05-25,52.220001220703125,52.439998626708984,51.970001220703125,52.11000061035156,5785400,32.436065673828125
COP,COP,2012-05-29,52.90999984741211,53.5,52.709999084472656,53.27000045776367,10987600,33.15812301635742
COP,COP,2012-05-30,52.689998626708984,52.7599983215332,51.90999984741211,52.040000915527344,9675800,32.39249801635742
COP,COP,2012-05-31,52.189998626708984,52.63999938964844,51.34000015258789,52.15999984741211,12155900,32.467201232910156
COP,COP,2012-06-01,51.400001525878906,51.63999938964844,50.88999938964844,51.189998626708984,16184000,31.863407135009766
COP,COP,2012-06-04,51.400001525878906,51.52000045776367,50.619998931884766,51.29999923706055,9257700,31.931880950927734
COP,COP,2012-06-05,51.779998779296875,52.0,51.349998474121094,51.869998931884766,9662800,32.28667068481445
COP,COP,2012-06-06,52.400001525878906,53.58000183105469,52.400001525878906,53.58000183105469,15104200,33.35107421875
COP,COP,2012-06-07,54.2400016784668,54.59000015258789,53.75,53.810001373291016,14205400,33.494232177734375
COP,COP,2012-06-08,53.77000045776367,54.279998779296875,53.56999969482422,53.970001220703125,8630900,33.59383010864258
COP,COP,2012-06-11,54.5099983215332,54.77000045776367,53.79999923706055,53.880001068115234,9279500,33.537818908691406
COP,COP,2012-06-12,54.27000045776367,54.75,53.939998626708984,54.709999084472656,7442100,34.054443359375
COP,COP,2012-06-13,54.630001068115234,54.84000015258789,53.84000015258789,54.099998474121094,9045900,33.67477035522461
COP,COP,2012-06-14,54.029998779296875,54.88999938964844,53.790000915527344,54.68000030517578,9699500,34.03577423095703
COP,COP,2012-06-15,54.7599983215332,55.459999084472656,54.709999084472656,55.459999084472656,12542400,34.521297454833984
COP,COP,2012-06-18,55.029998779296875,55.2400016784668,54.540000915527344,55.06999969482422,8850100,34.27853012084961
COP,COP,2012-06-19,55.5,56.0,55.29999923706055,55.63999938964844,9477800,34.633331298828125
COP,COP,2012-06-20,55.34000015258789,55.54999923706055,53.9900016784668,54.439998626708984,11757400,33.886383056640625
COP,COP,2012-06-21,54.33000183105469,54.47999954223633,52.68000030517578,52.7599983215332,12560600,32.840660095214844
COP,COP,2012-06-22,53.189998626708984,53.70000076293945,52.75,53.40999984741211,12575700,33.24524688720703
COP,COP,2012-06-25,52.81999969482422,53.04999923706055,52.290000915527344,52.959999084472656,6980100,32.965152740478516
COP,COP,2012-06-26,53.349998474121094,53.88999938964844,53.0,53.63999938964844,7548900,33.388427734375
COP,COP,2012-06-27,53.88999938964844,54.599998474121094,53.7400016784668,54.45000076293945,9130600,33.89262008666992
COP,COP,2012-06-28,54.06999969482422,54.61000061035156,53.65999984741211,54.529998779296875,8444900,33.9423942565918
COP,COP,2012-06-29,55.68000030517578,55.880001068115234,55.25,55.880001068115234,8550500,34.78271484375
COP,COP,2012-07-02,55.970001220703125,56.099998474121094,55.189998626708984,55.72999954223633,6163100,34.689353942871094
COP,COP,2012-07-03,56.0099983215332,56.470001220703125,55.81999969482422,56.40999984741211,5784200,35.11262130737305
COP,COP,2012-07-05,56.22999954223633,56.310001373291016,55.189998626708984,55.279998779296875,19880900,34.409236907958984
COP,COP,2012-07-06,54.77000045776367,54.90999984741211,54.25,54.75,16980400,34.079349517822266
COP,COP,2012-07-09,54.66999816894531,54.75,54.04999923706055,54.33000183105469,13532900,33.81791305541992
COP,COP,2012-07-10,54.61000061035156,54.75,53.22999954223633,53.47999954223633,7696800,33.28882598876953
COP,COP,2012-07-11,53.5,54.650001525878906,53.38999938964844,54.36000061035156,11461300,33.83658218383789
COP,COP,2012-07-12,53.849998474121094,54.25,53.5,53.97999954223633,6494800,33.60005187988281
COP,COP,2012-07-13,54.2400016784668,55.04999923706055,54.11000061035156,54.97999954223633,5514900,34.22250747680664
COP,COP,2012-07-16,54.90999984741211,55.619998931884766,54.599998474121094,55.459999084472656,6008900,34.521297454833984
COP,COP,2012-07-17,55.77000045776367,56.36000061035156,55.08000183105469,56.279998779296875,6910500,35.031700134277344
COP,COP,2012-07-18,56.209999084472656,56.88999938964844,56.02000045776367,56.77000045776367,6103700,35.336692810058594
COP,COP,2012-07-19,56.41999816894531,56.560001373291016,55.95000076293945,56.369998931884766,7473200,35.50043869018555
COP,COP,2012-07-20,56.06999969482422,56.06999969482422,55.5099983215332,55.9900016784668,7843500,35.26112747192383
COP,COP,2012-07-23,54.81999969482422,55.189998626708984,54.349998474121094,55.04999923706055,7692500,34.66913986206055
COP,COP,2012-07-24,55.040000915527344,55.130001068115234,53.83000183105469,54.63999938964844,6951600,34.41093063354492
COP,COP,2012-07-25,54.2599983215332,54.599998474121094,52.84000015258789,53.2400016784668,12716800,33.52924728393555
COP,COP,2012-07-26,54.029998779296875,54.529998779296875,53.31999969482422,54.400001525878906,10981800,34.25979232788086
COP,COP,2012-07-27,54.869998931884766,55.15999984741211,54.47999954223633,54.970001220703125,13707500,34.61875534057617
COP,COP,2012-07-30,54.939998626708984,55.15999984741211,54.560001373291016,54.86000061035156,5810000,34.549476623535156
COP,COP,2012-07-31,54.849998474121094,55.099998474121094,54.15999984741211,54.439998626708984,8958000,34.284969329833984
COP,COP,2012-08-01,54.63999938964844,55.41999816894531,54.279998779296875,55.220001220703125,7613900,34.77619171142578
COP,COP,2012-08-02,54.619998931884766,55.209999084472656,54.189998626708984,54.650001525878906,8003900,34.4172248840332
COP,COP,2012-08-03,55.560001373291016,55.9900016784668,55.40999984741211,55.709999084472656,6640700,35.084781646728516
COP,COP,2012-08-06,55.93000030517578,56.38999938964844,55.79999923706055,55.88999938964844,5922800,35.198150634765625
COP,COP,2012-08-07,56.34000015258789,56.70000076293945,56.2400016784668,56.45000076293945,7858300,35.55082321166992
COP,COP,2012-08-08,56.029998779296875,57.349998474121094,56.029998779296875,57.16999816894531,10027100,36.0042610168457
COP,COP,2012-08-09,57.16999816894531,57.369998931884766,56.849998474121094,57.09000015258789,5093100,35.95388412475586
COP,COP,2012-08-10,56.79999923706055,57.31999969482422,56.58000183105469,57.279998779296875,4700600,36.07353591918945
COP,COP,2012-08-13,57.459999084472656,57.650001525878906,57.040000915527344,57.310001373291016,5692900,36.09244155883789
COP,COP,2012-08-14,57.66999816894531,57.7599983215332,57.209999084472656,57.349998474121094,4445100,36.11762237548828
COP,COP,2012-08-15,57.36000061035156,57.5,57.06999969482422,57.2400016784668,4052100,36.048343658447266
COP,COP,2012-08-16,57.290000915527344,57.68000030517578,57.220001220703125,57.54999923706055,5065300,36.24358367919922
COP,COP,2012-08-17,57.7400016784668,57.77000045776367,57.25,57.38999938964844,5182300,36.142818450927734
COP,COP,2012-08-20,57.34000015258789,57.369998931884766,56.869998931884766,57.029998779296875,7862600,35.91611099243164
COP,COP,2012-08-21,57.11000061035156,57.29999923706055,56.56999969482422,56.630001068115234,6032000,35.664180755615234
COP,COP,2012-08-22,56.4900016784668,56.779998779296875,56.20000076293945,56.68000030517578,4454500,35.6956672668457
COP,COP,2012-08-23,56.650001525878906,56.650001525878906,56.060001373291016,56.15999984741211,4637000,35.368202209472656
COP,COP,2012-08-24,56.06999969482422,56.45000076293945,55.779998779296875,56.36000061035156,3931300,35.494136810302734
COP,COP,2012-08-27,56.41999816894531,56.77000045776367,56.33000183105469,56.380001068115234,3412500,35.506744384765625
COP,COP,2012-08-28,56.439998626708984,56.630001068115234,56.27000045776367,56.459999084472656,4057800,35.55712890625
COP,COP,2012-08-29,56.380001068115234,56.560001373291016,56.15999984741211,56.349998474121094,6401500,35.48784637451172
COP,COP,2012-08-30,56.130001068115234,56.34000015258789,55.970001220703125,56.11000061035156,4001000,35.33669662475586
COP,COP,2012-08-31,56.56999969482422,57.130001068115234,56.540000915527344,56.790000915527344,11848700,35.76495361328125
COP,COP,2012-09-04,56.959999084472656,57.0,56.0,56.209999084472656,5698700,35.399681091308594
COP,COP,2012-09-05,56.15999984741211,56.18000030517578,54.83000183105469,54.869998931884766,8608700,34.5557861328125
COP,COP,2012-09-06,55.27000045776367,56.18000030517578,55.27000045776367,55.790000915527344,6560600,35.13517761230469
COP,COP,2012-09-07,56.029998779296875,56.68000030517578,56.0,56.63999938964844,5837500,35.67048645019531
COP,COP,2012-09-10,56.66999816894531,56.68000030517578,56.150001525878906,56.18000030517578,4696400,35.38079833984375
COP,COP,2012-09-11,56.41999816894531,56.79999923706055,56.349998474121094,56.369998931884766,5112500,35.50043869018555
COP,COP,2012-09-12,56.72999954223633,56.779998779296875,56.36000061035156,56.540000915527344,4807300,35.607505798339844
COP,COP,2012-09-13,56.66999816894531,57.970001220703125,56.099998474121094,57.650001525878906,7735800,36.30656433105469
COP,COP,2012-09-14,57.88999938964844,58.900001525878906,57.88999938964844,58.209999084472656,8576300,36.659236907958984
COP,COP,2012-09-17,58.099998474121094,58.75,58.02000045776367,58.29999923706055,11627300,36.71591567993164
COP,COP,2012-09-18,58.36000061035156,58.38999938964844,57.599998474121094,57.81999969482422,5837400,36.41362762451172
COP,COP,2012-09-19,57.709999084472656,57.880001068115234,57.2599983215332,57.310001373291016,5166100,36.09244155883789
COP,COP,2012-09-20,57.11000061035156,57.7599983215332,56.77000045776367,57.59000015258789,6137000,36.26876449584961
COP,COP,2012-09-21,57.7599983215332,57.849998474121094,57.130001068115234,57.36000061035156,12777500,36.12390899658203
COP,COP,2012-09-24,57.099998474121094,58.060001373291016,57.04999923706055,57.959999084472656,7289900,36.50177764892578
COP,COP,2012-09-25,58.060001373291016,58.08000183105469,57.349998474121094,57.40999984741211,7457600,36.15541076660156
COP,COP,2012-09-26,57.31999969482422,57.470001220703125,56.880001068115234,57.0099983215332,6459100,35.90349197387695
COP,COP,2012-09-27,57.29999923706055,57.459999084472656,57.02000045776367,57.38999938964844,4240200,36.142818450927734
COP,COP,2012-09-28,57.16999816894531,57.31999969482422,56.83000183105469,57.18000030517578,5013500,36.010555267333984
COP,COP,2012-10-01,57.47999954223633,57.849998474121094,57.25,57.40999984741211,4817600,36.15541076660156
COP,COP,2012-10-02,57.70000076293945,57.810001373291016,57.040000915527344,57.369998931884766,5187800,36.130226135253906
COP,COP,2012-10-03,57.31999969482422,57.38999938964844,56.59000015258789,56.77000045776367,6840200,35.75234603881836
COP,COP,2012-10-04,57.119998931884766,57.45000076293945,56.810001373291016,57.400001525878906,4432200,36.14910888671875
COP,COP,2012-10-05,57.61000061035156,58.029998779296875,57.40999984741211,57.58000183105469,4362700,36.26247787475586
COP,COP,2012-10-08,57.369998931884766,57.689998626708984,57.27000045776367,57.619998931884766,2463200,36.28765106201172
COP,COP,2012-10-09,57.709999084472656,58.22999954223633,57.619998931884766,57.79999923706055,4924800,36.40102005004883
COP,COP,2012-10-10,57.70000076293945,57.83000183105469,57.130001068115234,57.2400016784668,6493600,36.048343658447266
COP,COP,2012-10-11,57.08000183105469,57.08000183105469,56.630001068115234,56.630001068115234,5972900,36.08020782470703
COP,COP,2012-10-12,56.79999923706055,56.88999938964844,55.900001525878906,56.16999816894531,5854900,35.7871208190918
COP,COP,2012-10-15,56.16999816894531,56.88999938964844,55.88999938964844,56.790000915527344,4697500,36.18214416503906
COP,COP,2012-10-16,57.150001525878906,57.79999923706055,56.959999084472656,57.619998931884766,5490300,36.710960388183594
COP,COP,2012-10-17,57.470001220703125,58.279998779296875,57.36000061035156,58.119998931884766,4687000,37.029510498046875
COP,COP,2012-10-18,58.25,58.52000045776367,58.099998474121094,58.27000045776367,4853400,37.12507247924805
COP,COP,2012-10-19,58.20000076293945,58.349998474121094,57.33000183105469,57.45000076293945,5982800,36.602630615234375
COP,COP,2012-10-22,57.52000045776367,57.540000915527344,56.43000030517578,57.040000915527344,5891200,36.34142303466797
COP,COP,2012-10-23,56.2599983215332,56.33000183105469,55.70000076293945,56.060001373291016,6852800,35.71706008911133
COP,COP,2012-10-24,56.08000183105469,56.43000030517578,55.810001373291016,55.95000076293945,6605000,35.6469612121582
COP,COP,2012-10-25,56.709999084472656,57.529998779296875,56.650001525878906,57.15999984741211,9705100,36.41788101196289
COP,COP,2012-10-26,57.0099983215332,57.56999969482422,57.0,57.310001373291016,6012900,36.51344680786133
COP,COP,2012-10-31,57.61000061035156,57.91999816894531,57.5,57.849998474121094,6167800,36.857486724853516
COP,COP,2012-11-01,58.0,58.5,57.91999816894531,58.41999816894531,6731500,37.220645904541016
COP,COP,2012-11-02,58.61000061035156,58.79999923706055,57.560001373291016,57.650001525878906,11408200,36.730072021484375
COP,COP,2012-11-05,57.4900016784668,57.81999969482422,57.279998779296875,57.529998779296875,4805200,36.65360641479492
COP,COP,2012-11-06,57.540000915527344,58.40999984741211,57.470001220703125,58.220001220703125,7424500,37.093223571777344
COP,COP,2012-11-07,57.43000030517578,57.54999923706055,56.56999969482422,56.77000045776367,7946200,36.169403076171875
COP,COP,2012-11-08,56.72999954223633,56.9900016784668,55.849998474121094,55.86000061035156,6084800,35.58960723876953
COP,COP,2012-11-09,55.68000030517578,56.2599983215332,55.61000061035156,55.66999816894531,5695900,35.46856689453125
COP,COP,2012-11-12,55.83000183105469,56.04999923706055,55.439998626708984,55.63999938964844,3989300,35.44944763183594
COP,COP,2012-11-13,55.310001373291016,56.0,55.25,55.349998474121094,4463300,35.26469039916992
COP,COP,2012-11-14,55.369998931884766,55.70000076293945,54.65999984741211,54.77000045776367,6435000,34.895164489746094
COP,COP,2012-11-15,54.650001525878906,55.13999938964844,54.119998931884766,54.59000015258789,7598900,34.78047180175781
COP,COP,2012-11-16,54.56999969482422,55.13999938964844,53.95000076293945,55.029998779296875,8942400,35.06081008911133
COP,COP,2012-11-19,55.689998626708984,56.0099983215332,55.43000030517578,55.72999954223633,5675300,35.506805419921875
COP,COP,2012-11-20,55.630001068115234,55.689998626708984,55.15999984741211,55.630001068115234,4432200,35.443084716796875
COP,COP,2012-11-21,55.81999969482422,56.060001373291016,55.529998779296875,56.04999923706055,3325700,35.7106819152832
COP,COP,2012-11-23,56.310001373291016,56.70000076293945,56.09000015258789,56.66999816894531,2057300,36.105690002441406
COP,COP,2012-11-26,56.22999954223633,56.79999923706055,56.0099983215332,56.79999923706055,5478400,36.18852233886719
COP,COP,2012-11-27,56.66999816894531,57.0099983215332,56.13999938964844,56.18000030517578,7198000,35.79349899291992
COP,COP,2012-11-28,55.939998626708984,57.06999969482422,55.779998779296875,57.060001373291016,7168100,36.35417556762695
COP,COP,2012-11-29,57.310001373291016,57.380001068115234,56.869998931884766,56.97999954223633,4398400,36.30320358276367
COP,COP,2012-11-30,57.130001068115234,57.20000076293945,56.75,56.939998626708984,7627100,36.277713775634766
COP,COP,2012-12-03,57.33000183105469,57.400001525878906,56.869998931884766,57.16999816894531,7163100,36.42426300048828
COP,COP,2012-12-04,57.06999969482422,57.20000076293945,56.56999969482422,56.84000015258789,5416200,36.21399688720703
COP,COP,2012-12-05,56.84000015258789,57.61000061035156,56.650001525878906,57.18000030517578,6072900,36.43061828613281
COP,COP,2012-12-06,57.18000030517578,57.5099983215332,56.91999816894531,57.349998474121094,6688700,36.5389289855957
COP,COP,2012-12-07,57.4900016784668,57.939998626708984,57.400001525878906,57.939998626708984,5342100,36.914852142333984
COP,COP,2012-12-10,57.59000015258789,58.08000183105469,57.59000015258789,57.880001068115234,5328400,36.876590728759766
COP,COP,2012-12-11,58.0099983215332,58.380001068115234,57.849998474121094,58.119998931884766,4806400,37.029510498046875
COP,COP,2012-12-12,58.36000061035156,58.75,58.09000015258789,58.20000076293945,5480200,37.08048629760742
COP,COP,2012-12-13,58.099998474121094,58.130001068115234,57.529998779296875,57.880001068115234,6066100,36.876590728759766
COP,COP,2012-12-14,57.59000015258789,57.90999984741211,57.54999923706055,57.689998626708984,3858000,36.75556182861328
COP,COP,2012-12-17,57.97999954223633,58.65999984741211,57.66999816894531,58.279998779296875,5484600,37.13145065307617
COP,COP,2012-12-18,58.220001220703125,59.34000015258789,58.18000030517578,59.29999923706055,7308900,37.781314849853516
COP,COP,2012-12-19,59.34000015258789,59.650001525878906,59.20000076293945,59.20000076293945,6877500,37.717620849609375
COP,COP,2012-12-20,59.29999923706055,59.5,58.529998779296875,59.279998779296875,7144500,37.768585205078125
COP,COP,2012-12-21,58.540000915527344,59.029998779296875,58.209999084472656,58.61000061035156,15284900,37.34170150756836
COP,COP,2012-12-24,58.560001373291016,58.689998626708984,58.33000183105469,58.439998626708984,2121500,37.23339080810547
COP,COP,2012-12-26,58.619998931884766,58.66999816894531,57.880001068115234,57.95000076293945,4761600,36.921207427978516
COP,COP,2012-12-27,58.0,58.189998626708984,57.20000076293945,57.900001525878906,5110800,36.889347076416016
COP,COP,2012-12-28,57.630001068115234,57.70000076293945,57.0099983215332,57.06999969482422,4861000,36.36054229736328
COP,COP,2012-12-31,56.97999954223633,58.02000045776367,56.84000015258789,57.9900016784668,6877700,36.946693420410156
COP,COP,2013-01-02,59.150001525878906,59.22999954223633,58.5099983215332,59.209999084472656,6263400,37.72397994995117
COP,COP,2013-01-03,59.13999938964844,59.470001220703125,58.869998931884766,59.16999816894531,4377500,37.69849395751953
COP,COP,2013-01-04,59.290000915527344,59.900001525878906,59.25,59.83000183105469,4827700,38.118995666503906
COP,COP,2013-01-07,59.630001068115234,59.709999084472656,59.040000915527344,59.16999816894531,5489500,37.69849395751953
COP,COP,2013-01-08,58.9900016784668,59.09000015258789,58.25,58.369998931884766,6137700,37.18880081176758
COP,COP,2013-01-09,58.59000015258789,58.66999816894531,58.16999816894531,58.25,4156300,37.11233901977539
COP,COP,2013-01-10,58.529998779296875,58.630001068115234,58.119998931884766,58.5,5433800,37.27162170410156
COP,COP,2013-01-11,58.33000183105469,58.36000061035156,58.029998779296875,58.27000045776367,3964700,37.12507247924805
COP,COP,2013-01-14,58.20000076293945,58.54999923706055,58.189998626708984,58.470001220703125,4219900,37.25251007080078
COP,COP,2013-01-15,58.400001525878906,59.08000183105469,58.279998779296875,59.029998779296875,6180400,37.60929870605469
COP,COP,2013-01-16,58.939998626708984,59.13999938964844,58.72999954223633,58.880001068115234,5598100,37.51372146606445
COP,COP,2013-01-17,59.11000061035156,59.31999969482422,58.650001525878906,59.13999938964844,5299700,37.679378509521484
COP,COP,2013-01-18,59.060001373291016,59.36000061035156,58.970001220703125,59.27000045776367,5309500,37.762210845947266
COP,COP,2013-01-22,59.29999923706055,59.97999954223633,59.16999816894531,59.97999954223633,4712600,38.21457290649414
COP,COP,2013-01-23,59.84000015258789,59.91999816894531,59.43000030517578,59.54999923706055,4493400,37.94060516357422
COP,COP,2013-01-24,59.66999816894531,60.58000183105469,59.52000045776367,60.40999984741211,7088600,38.488525390625
COP,COP,2013-01-25,60.470001220703125,61.099998474121094,60.34000015258789,61.060001373291016,5500100,38.90266418457031
COP,COP,2013-01-28,60.880001068115234,60.939998626708984,60.18000030517578,60.75,4889300,38.70515060424805
COP,COP,2013-01-29,61.0,61.7599983215332,60.939998626708984,61.65999984741211,7362200,39.2849235534668
COP,COP,2013-01-30,61.66999816894531,62.04999923706055,60.91999816894531,61.09000015258789,6792500,38.92177200317383
COP,COP,2013-01-31,59.20000076293945,59.459999084472656,57.810001373291016,58.0,16914000,36.95305633544922
COP,COP,2013-02-01,58.470001220703125,58.84000015258789,58.02000045776367,58.81999969482422,11468700,37.475502014160156
COP,COP,2013-02-04,58.470001220703125,58.47999954223633,58.0,58.029998779296875,7313100,36.972190856933594
COP,COP,2013-02-05,58.439998626708984,58.529998779296875,57.630001068115234,57.720001220703125,7783100,36.77466583251953
COP,COP,2013-02-06,57.5,57.70000076293945,57.04999923706055,57.59000015258789,6874600,36.69183349609375
COP,COP,2013-02-07,57.66999816894531,57.84000015258789,57.36000061035156,57.630001068115234,5705900,36.71733474731445
COP,COP,2013-02-08,57.81999969482422,57.869998931884766,57.58000183105469,57.869998931884766,17871800,36.87023162841797
COP,COP,2013-02-11,57.939998626708984,57.939998626708984,57.529998779296875,57.59000015258789,19329700,36.69183349609375
COP,COP,2013-02-12,57.84000015258789,58.2599983215332,57.599998474121094,58.25,21826800,37.11233901977539
COP,COP,2013-02-13,58.349998474121094,58.619998931884766,58.0,58.61000061035156,6789300,37.34170150756836
COP,COP,2013-02-14,57.79999923706055,58.0099983215332,57.619998931884766,57.91999816894531,5764400,37.322364807128906
COP,COP,2013-02-15,57.900001525878906,58.0099983215332,56.779998779296875,57.02000045776367,9695600,36.74243927001953
COP,COP,2013-02-19,57.63999938964844,58.61000061035156,57.52000045776367,58.599998474121094,8119800,37.76054382324219
COP,COP,2013-02-20,58.599998474121094,58.61000061035156,57.63999938964844,57.66999816894531,5925400,37.16127395629883
COP,COP,2013-02-21,57.560001373291016,58.15999984741211,57.09000015258789,58.11000061035156,7297900,37.44480514526367
COP,COP,2013-02-22,58.29999923706055,58.33000183105469,57.650001525878906,58.20000076293945,4386600,37.50279998779297
COP,COP,2013-02-25,58.470001220703125,58.54999923706055,56.83000183105469,56.88999938964844,8408400,36.6586799621582
COP,COP,2013-02-26,57.29999923706055,57.91999816894531,56.95000076293945,57.75,7763500,37.21283721923828
COP,COP,2013-02-27,57.560001373291016,58.18000030517578,57.40999984741211,58.040000915527344,6116300,37.39970397949219
COP,COP,2013-02-28,57.900001525878906,58.29999923706055,57.849998474121094,57.95000076293945,7527700,37.34170150756836
COP,COP,2013-03-01,57.93000030517578,58.279998779296875,57.650001525878906,58.279998779296875,6730000,37.55434036254883
COP,COP,2013-03-04,58.13999938964844,58.189998626708984,57.25,57.619998931884766,5845200,37.12906265258789
COP,COP,2013-03-05,57.939998626708984,58.0099983215332,57.36000061035156,57.65999984741211,7151000,37.154842376708984
COP,COP,2013-03-06,57.93000030517578,58.040000915527344,57.439998626708984,58.0,6691100,37.37391662597656
COP,COP,2013-03-07,58.0,58.13999938964844,57.849998474121094,57.86000061035156,5329000,37.28371047973633
COP,COP,2013-03-08,57.970001220703125,58.4900016784668,57.83000183105469,58.38999938964844,4797900,37.625244140625
COP,COP,2013-03-11,58.40999984741211,58.599998474121094,58.08000183105469,58.439998626708984,4726000,37.657447814941406
COP,COP,2013-03-12,58.560001373291016,58.91999816894531,58.45000076293945,58.72999954223633,4664700,37.84431838989258
COP,COP,2013-03-13,58.7599983215332,58.939998626708984,58.560001373291016,58.779998779296875,4485100,37.876529693603516
COP,COP,2013-03-14,59.0,59.560001373291016,58.869998931884766,59.52000045776367,5129700,38.35337829589844
COP,COP,2013-03-15,59.099998474121094,59.38999938964844,58.810001373291016,59.06999969482422,10303400,38.06339645385742
COP,COP,2013-03-18,58.66999816894531,59.650001525878906,58.54999923706055,59.150001525878906,5002900,38.114952087402344
COP,COP,2013-03-19,59.209999084472656,59.47999954223633,58.709999084472656,59.310001373291016,6748900,38.21806716918945
COP,COP,2013-03-20,60.0,60.540000915527344,59.630001068115234,60.439998626708984,8178800,38.94622802734375
COP,COP,2013-03-21,60.16999816894531,61.029998779296875,60.0099983215332,60.939998626708984,8993500,39.26838684082031
COP,COP,2013-03-22,61.11000061035156,61.11000061035156,60.68000030517578,60.90999984741211,6440800,39.24906921386719
COP,COP,2013-03-25,61.0,61.189998626708984,60.060001373291016,60.209999084472656,5776900,38.79800796508789
COP,COP,2013-03-26,60.5,60.619998931884766,60.08000183105469,60.439998626708984,4516300,38.94622802734375
COP,COP,2013-03-27,60.20000076293945,60.709999084472656,60.029998779296875,60.380001068115234,4103200,38.907535552978516
COP,COP,2013-03-28,60.400001525878906,60.59000015258789,60.060001373291016,60.099998474121094,5293000,38.72711181640625
COP,COP,2013-04-01,60.20000076293945,60.70000076293945,60.02000045776367,60.47999954223633,4118900,38.971988677978516
COP,COP,2013-04-02,60.58000183105469,60.650001525878906,59.849998474121094,60.040000915527344,4769900,38.68844985961914
COP,COP,2013-04-03,60.13999938964844,60.349998474121094,59.130001068115234,59.279998779296875,5535500,38.19873046875
COP,COP,2013-04-04,59.220001220703125,59.40999984741211,58.70000076293945,58.880001068115234,4965200,37.94097900390625
COP,COP,2013-04-05,58.380001068115234,58.689998626708984,58.060001373291016,58.540000915527344,6736500,37.72188186645508
COP,COP,2013-04-08,58.599998474121094,59.34000015258789,58.5099983215332,59.310001373291016,4744100,38.21806716918945
COP,COP,2013-04-09,59.5099983215332,60.060001373291016,59.0,59.779998779296875,4618100,38.520912170410156
COP,COP,2013-04-10,59.97999954223633,60.599998474121094,59.88999938964844,60.25,5449400,38.82378005981445
COP,COP,2013-04-11,60.400001525878906,60.630001068115234,59.83000183105469,60.15999984741211,6837200,38.76577377319336
COP,COP,2013-04-12,59.630001068115234,59.86000061035156,59.08000183105469,59.36000061035156,5148200,38.25028610229492
COP,COP,2013-04-15,58.720001220703125,58.720001220703125,57.20000076293945,57.2400016784668,9785400,36.88419723510742
COP,COP,2013-04-16,58.0099983215332,58.0099983215332,56.880001068115234,57.439998626708984,9318800,37.013065338134766
COP,COP,2013-04-17,57.16999816894531,57.20000076293945,56.380001068115234,56.810001373291016,7038700,36.60713195800781
COP,COP,2013-04-18,56.959999084472656,57.56999969482422,56.470001220703125,57.31999969482422,6182100,36.93574905395508
COP,COP,2013-04-19,57.63999938964844,57.9900016784668,57.040000915527344,57.4900016784668,6411900,37.04529571533203
COP,COP,2013-04-22,57.58000183105469,57.790000915527344,56.91999816894531,57.38999938964844,5465400,36.9808464050293
COP,COP,2013-04-23,57.61000061035156,57.79999923706055,57.0,57.779998779296875,7522300,37.23215103149414
COP,COP,2013-04-24,57.88999938964844,58.54999923706055,57.88999938964844,58.2599983215332,7812100,37.541465759277344
COP,COP,2013-04-25,58.369998931884766,58.77000045776367,57.720001220703125,58.369998931884766,6285700,37.61233901977539
COP,COP,2013-04-26,58.41999816894531,59.0,58.36000061035156,58.90999984741211,6303600,37.96031188964844
COP,COP,2013-04-29,59.290000915527344,60.04999923706055,59.02000045776367,59.900001525878906,5645200,38.598236083984375
COP,COP,2013-04-30,59.84000015258789,60.45000076293945,59.5099983215332,60.45000076293945,6207700,38.9526481628418
COP,COP,2013-05-01,60.150001525878906,60.720001220703125,59.900001525878906,60.0099983215332,7150200,38.66912841796875
COP,COP,2013-05-02,60.099998474121094,61.22999954223633,59.95000076293945,60.959999084472656,8343100,39.28127670288086
COP,COP,2013-05-03,61.40999984741211,61.970001220703125,61.25,61.91999816894531,6456400,39.89986801147461
COP,COP,2013-05-06,61.959999084472656,62.41999816894531,61.709999084472656,62.220001220703125,5802500,40.09320831298828
COP,COP,2013-05-07,62.380001068115234,62.9900016784668,62.2599983215332,62.84000015258789,5933700,40.49272155761719
COP,COP,2013-05-08,62.79999923706055,62.939998626708984,62.33000183105469,62.59000015258789,6497100,40.33161163330078
COP,COP,2013-05-09,62.560001373291016,62.88999938964844,62.33000183105469,62.58000183105469,11026300,40.32518005371094
COP,COP,2013-05-10,62.439998626708984,62.58000183105469,61.81999969482422,62.22999954223633,12466000,40.09963607788086
COP,COP,2013-05-13,62.11000061035156,62.33000183105469,61.75,62.0,12518500,39.95143127441406
COP,COP,2013-05-14,62.02000045776367,63.13999938964844,61.84000015258789,63.060001373291016,6927600,40.63447189331055
COP,COP,2013-05-15,62.84000015258789,62.84000015258789,61.86000061035156,62.41999816894531,8092100,40.222084045410156
COP,COP,2013-05-16,62.369998931884766,62.869998931884766,62.2400016784668,62.43000030517578,5214000,40.22850799560547
COP,COP,2013-05-17,62.38999938964844,63.310001373291016,62.369998931884766,63.310001373291016,7076800,40.79557800292969
COP,COP,2013-05-20,63.29999923706055,64.45999908447266,63.25,64.02999877929688,6215900,41.259521484375
COP,COP,2013-05-21,64.25,64.7699966430664,63.79999923706055,64.30999755859375,6543700,41.43994903564453
COP,COP,2013-05-22,63.540000915527344,63.970001220703125,62.56999969482422,62.7400016784668,9364600,40.847476959228516
COP,COP,2013-05-23,62.029998779296875,62.93000030517578,61.900001525878906,62.790000915527344,5274700,40.88003158569336
COP,COP,2013-05-24,62.540000915527344,62.619998931884766,62.18000030517578,62.529998779296875,4623700,40.710750579833984
COP,COP,2013-05-28,63.2400016784668,63.61000061035156,62.720001220703125,62.84000015258789,5906600,40.9125862121582
COP,COP,2013-05-29,62.4900016784668,63.0099983215332,62.20000076293945,62.779998779296875,6431700,40.87351989746094
COP,COP,2013-05-30,62.58000183105469,62.61000061035156,62.04999923706055,62.279998779296875,5658200,40.54798889160156
COP,COP,2013-05-31,62.119998931884766,62.650001525878906,61.34000015258789,61.34000015258789,8032400,39.936004638671875
COP,COP,2013-06-03,61.58000183105469,62.099998474121094,61.279998779296875,62.09000015258789,6813400,40.42429733276367
COP,COP,2013-06-04,61.88999938964844,62.08000183105469,61.31999969482422,61.68000030517578,5171300,40.1573600769043
COP,COP,2013-06-05,61.959999084472656,62.11000061035156,61.439998626708984,61.619998931884766,7571900,40.11830520629883
COP,COP,2013-06-06,61.5099983215332,61.91999816894531,60.959999084472656,61.90999984741211,6616200,40.30711364746094
COP,COP,2013-06-07,62.16999816894531,62.380001068115234,61.7599983215332,62.31999969482422,5081700,40.57403564453125
COP,COP,2013-06-10,62.36000061035156,62.439998626708984,61.95000076293945,62.20000076293945,4148100,40.49590301513672
COP,COP,2013-06-11,61.720001220703125,62.18000030517578,61.36000061035156,61.90999984741211,4698000,40.30711364746094
COP,COP,2013-06-12,62.27000045776367,62.27000045776367,60.790000915527344,60.880001068115234,5031600,39.636512756347656
COP,COP,2013-06-13,60.66999816894531,61.720001220703125,60.380001068115234,61.650001525878906,5346900,40.137821197509766
COP,COP,2013-06-14,61.66999816894531,61.709999084472656,60.869998931884766,61.029998779296875,3327800,39.73416519165039
COP,COP,2013-06-17,61.45000076293945,62.04999923706055,61.439998626708984,61.939998626708984,3664000,40.326637268066406
COP,COP,2013-06-18,61.939998626708984,62.22999954223633,61.75,62.099998474121094,3437300,40.43080520629883
COP,COP,2013-06-19,62.150001525878906,62.56999969482422,61.709999084472656,61.709999084472656,5932600,40.17689514160156
COP,COP,2013-06-20,61.130001068115234,61.209999084472656,60.119998931884766,60.279998779296875,7998200,39.245880126953125
COP,COP,2013-06-21,60.77000045776367,60.79999923706055,59.54999923706055,60.36000061035156,8780900,39.297969818115234
COP,COP,2013-06-24,59.779998779296875,59.900001525878906,58.709999084472656,59.349998474121094,7389700,38.6403923034668
COP,COP,2013-06-25,59.810001373291016,60.02000045776367,59.369998931884766,59.83000183105469,6078400,38.95289993286133
COP,COP,2013-06-26,60.369998931884766,60.45000076293945,59.7599983215332,60.33000183105469,4009600,39.2784423828125
COP,COP,2013-06-27,60.619998931884766,61.099998474121094,60.310001373291016,60.34000015258789,3704500,39.28493881225586
COP,COP,2013-06-28,60.29999923706055,60.77000045776367,60.040000915527344,60.5,6160900,39.38911437988281
COP,COP,2013-07-01,60.72999954223633,61.630001068115234,60.72999954223633,61.22999954223633,5100100,39.864383697509766
COP,COP,2013-07-02,61.209999084472656,62.189998626708984,61.04999923706055,61.790000915527344,6708000,40.228973388671875
COP,COP,2013-07-03,61.470001220703125,62.0099983215332,61.060001373291016,61.84000015258789,3780700,40.26152038574219
COP,COP,2013-07-05,62.11000061035156,62.41999816894531,61.52000045776367,62.310001373291016,4281700,40.567527770996094
COP,COP,2013-07-08,62.5099983215332,63.209999084472656,62.310001373291016,63.040000915527344,5872800,41.04280471801758
COP,COP,2013-07-09,63.310001373291016,63.68000030517578,63.209999084472656,63.5,4831500,41.34228515625
COP,COP,2013-07-10,63.619998931884766,63.880001068115234,63.310001373291016,63.529998779296875,4849600,41.36180877685547
COP,COP,2013-07-11,64.11000061035156,64.44000244140625,63.880001068115234,64.31999969482422,6187500,41.87614822387695
COP,COP,2013-07-12,64.26000213623047,64.8499984741211,64.25,64.83999633789062,16577100,42.21469497680664
COP,COP,2013-07-15,64.79000091552734,65.31999969482422,64.66999816894531,65.26000213623047,15601600,42.48814392089844
COP,COP,2013-07-16,65.23999786376953,65.4000015258789,64.70999908447266,64.94999694824219,16526800,42.28633499145508
COP,COP,2013-07-17,65.23999786376953,65.63999938964844,65.12999725341797,65.55999755859375,4853300,42.6834716796875
COP,COP,2013-07-18,65.37000274658203,65.77999877929688,65.1500015258789,65.30000305175781,5061400,42.96641159057617
COP,COP,2013-07-19,65.58999633789062,66.0,65.27999877929688,66.0,6958100,43.4269905090332
COP,COP,2013-07-22,66.08000183105469,66.16999816894531,65.72000122070312,65.83000183105469,3984000,43.31513595581055
COP,COP,2013-07-23,65.97000122070312,66.23999786376953,65.91999816894531,66.12000274658203,4089800,43.505950927734375
COP,COP,2013-07-24,66.25,66.25,65.12999725341797,65.58999633789062,5025400,43.1572265625
COP,COP,2013-07-25,65.41000366210938,65.93000030517578,65.30000305175781,65.70999908447266,4094800,43.23617172241211
COP,COP,2013-07-26,65.41000366210938,65.7300033569336,65.33000183105469,65.72000122070312,3118000,43.242759704589844
COP,COP,2013-07-29,65.54000091552734,65.58000183105469,64.9000015258789,65.18000030517578,4255200,42.88744354248047
COP,COP,2013-07-30,65.44999694824219,65.45999908447266,64.51000213623047,64.83000183105469,5285100,42.65715789794922
COP,COP,2013-07-31,64.91999816894531,65.63999938964844,64.86000061035156,64.86000061035156,5529900,42.676883697509766
COP,COP,2013-08-01,65.72000122070312,66.29000091552734,65.5199966430664,66.08999633789062,7272900,43.48622131347656
COP,COP,2013-08-02,65.95999908447266,67.2300033569336,65.79000091552734,67.2300033569336,7520800,44.2363166809082
COP,COP,2013-08-05,67.0,67.41999816894531,66.56999969482422,67.19000244140625,4002600,44.21000289916992
COP,COP,2013-08-06,67.12000274658203,67.47000122070312,66.62999725341797,67.08999633789062,6248000,44.14419174194336
COP,COP,2013-08-07,66.93000030517578,66.97000122070312,66.27999877929688,66.5199966430664,4168400,43.769142150878906
COP,COP,2013-08-08,67.04000091552734,67.29000091552734,66.37000274658203,67.08999633789062,4646200,44.14419174194336
COP,COP,2013-08-09,67.01000213623047,67.0199966430664,66.16999816894531,66.83000183105469,3668600,43.973121643066406
COP,COP,2013-08-12,66.31999969482422,66.5199966430664,66.05999755859375,66.0999984741211,4489200,43.49278259277344
COP,COP,2013-08-13,66.43000030517578,67.30000305175781,66.30000305175781,66.9000015258789,4963300,44.01918411254883
COP,COP,2013-08-14,67.1500015258789,67.5,66.72000122070312,67.16000366210938,6488600,44.190250396728516
COP,COP,2013-08-15,66.76000213623047,67.69999694824219,66.62000274658203,67.62000274658203,6475900,44.492942810058594
COP,COP,2013-08-16,67.37000274658203,67.91000366210938,66.97000122070312,67.37999725341797,6536000,44.33499526977539
COP,COP,2013-08-19,67.41000366210938,67.41000366210938,65.79000091552734,65.83000183105469,6449400,43.31513595581055
COP,COP,2013-08-20,65.81999969482422,66.4000015258789,65.55999755859375,65.9800033569336,5589600,43.41383361816406
COP,COP,2013-08-21,65.97000122070312,66.0199966430664,65.29000091552734,65.5199966430664,4414200,43.11115264892578
COP,COP,2013-08-22,65.58000183105469,66.43000030517578,65.44999694824219,66.1500015258789,4100800,43.52567672729492
COP,COP,2013-08-23,66.26000213623047,66.6500015258789,66.04000091552734,66.55000305175781,4396400,43.78888702392578
COP,COP,2013-08-26,66.58999633789062,66.94000244140625,66.20999908447266,66.30999755859375,3214400,43.630977630615234
COP,COP,2013-08-27,65.94999694824219,66.55999755859375,65.94000244140625,66.0199966430664,5352100,43.440155029296875
COP,COP,2013-08-28,66.18000030517578,67.33000183105469,66.18000030517578,66.7699966430664,6656000,43.93363952636719
COP,COP,2013-08-29,66.51000213623047,66.55000305175781,65.9800033569336,66.16000366210938,4382800,43.53227615356445
COP,COP,2013-08-30,66.27999877929688,66.54000091552734,66.12000274658203,66.30000305175781,4963300,43.6244010925293
COP,COP,2013-09-03,66.95999908447266,66.98999786376953,66.51000213623047,66.79000091552734,5541900,43.94679641723633
COP,COP,2013-09-04,66.87000274658203,68.0999984741211,66.70999908447266,67.66000366210938,6529100,44.51924514770508
COP,COP,2013-09-05,67.66000366210938,68.11000061035156,67.45999908447266,67.7699966430664,4285000,44.59161376953125
COP,COP,2013-09-06,67.87999725341797,68.7699966430664,67.44999694824219,68.19999694824219,5990100,44.874534606933594
COP,COP,2013-09-09,68.25,68.91999816894531,68.05000305175781,68.87000274658203,5166400,45.31541442871094
COP,COP,2013-09-10,68.9000015258789,68.97000122070312,68.30999755859375,68.66000366210938,4464700,45.17722702026367
COP,COP,2013-09-11,68.7300033569336,69.37999725341797,68.58000183105469,69.16000366210938,3782500,45.506229400634766
COP,COP,2013-09-12,69.19000244140625,69.20999908447266,68.72000122070312,68.77999877929688,3616300,45.25619125366211
COP,COP,2013-09-13,69.13999938964844,69.41999816894531,68.87999725341797,69.19000244140625,3996100,45.52595520019531
COP,COP,2013-09-16,69.7699966430664,69.80999755859375,69.13999938964844,69.33999633789062,4780300,45.62466812133789
COP,COP,2013-09-17,69.30999755859375,69.91999816894531,69.26000213623047,69.69999694824219,3737500,45.861541748046875
COP,COP,2013-09-18,69.58999633789062,70.94000244140625,69.41999816894531,70.55999755859375,5209400,46.42740249633789
COP,COP,2013-09-19,70.5999984741211,70.91000366210938,70.05999755859375,70.83999633789062,4741300,46.61164093017578
COP,COP,2013-09-20,70.8499984741211,71.08999633789062,70.2699966430664,71.0,10130600,46.716922760009766
COP,COP,2013-09-23,70.66000366210938,70.7300033569336,69.80000305175781,70.58000183105469,4680500,46.440574645996094
COP,COP,2013-09-24,70.62999725341797,71.04000091552734,70.33999633789062,70.4000015258789,5739700,46.32213592529297
COP,COP,2013-09-25,70.48999786376953,70.69000244140625,70.02999877929688,70.31999969482422,3970000,46.26948165893555
COP,COP,2013-09-26,70.33999633789062,70.44000244140625,69.88999938964844,70.2300033569336,3836600,46.210269927978516
COP,COP,2013-09-27,70.16000366210938,70.37999725341797,69.91999816894531,70.30999755859375,3423000,46.26289367675781
COP,COP,2013-09-30,69.69000244140625,69.91999816894531,69.30000305175781,69.51000213623047,4802100,45.736507415771484
COP,COP,2013-10-01,69.45999908447266,70.44999694824219,69.31999969482422,70.04000091552734,4141300,46.085262298583984
COP,COP,2013-10-02,70.0199966430664,70.56999969482422,69.75,70.36000061035156,5022400,46.295814514160156
COP,COP,2013-10-03,70.19000244140625,70.31999969482422,69.56999969482422,70.16999816894531,6550800,46.17079162597656
COP,COP,2013-10-04,70.18000030517578,70.98999786376953,70.02999877929688,70.97000122070312,4996700,46.69718551635742
COP,COP,2013-10-07,70.4000015258789,71.18000030517578,70.1500015258789,70.87999725341797,4621600,46.63795471191406
COP,COP,2013-10-08,70.7699966430664,71.12999725341797,70.1500015258789,70.16999816894531,5142800,46.17079162597656
COP,COP,2013-10-09,70.23999786376953,70.38999938964844,69.62000274658203,69.7699966430664,5768400,45.90758514404297
COP,COP,2013-10-10,69.80000305175781,71.11000061035156,69.69000244140625,71.08000183105469,4454400,47.236717224121094
COP,COP,2013-10-11,70.81999969482422,71.8499984741211,70.76000213623047,71.70999908447266,4592100,47.655364990234375
COP,COP,2013-10-14,71.30000305175781,72.02999877929688,71.25,71.95999908447266,4223800,47.82152557373047
COP,COP,2013-10-15,71.9000015258789,72.25,71.47000122070312,71.88999938964844,6252200,47.775001525878906
COP,COP,2013-10-16,72.31999969482422,73.08999633789062,72.19999694824219,72.95999908447266,5534800,48.4860725402832
COP,COP,2013-10-17,72.68000030517578,73.47000122070312,72.54000091552734,73.41000366210938,4494300,48.785133361816406
COP,COP,2013-10-18,73.58000183105469,73.58999633789062,72.7300033569336,73.43000030517578,5223700,48.79840850830078
COP,COP,2013-10-21,73.52999877929688,73.58000183105469,72.9000015258789,73.05000305175781,3407000,48.5458869934082
COP,COP,2013-10-22,73.26000213623047,73.52999877929688,72.87999725341797,73.26000213623047,3597300,48.68545150756836
COP,COP,2013-10-23,72.91999816894531,72.91999816894531,71.94999694824219,72.38999938964844,4442600,48.1072883605957
COP,COP,2013-10-24,72.66999816894531,73.48999786376953,72.44000244140625,73.38999938964844,3707900,48.77184295654297
COP,COP,2013-10-25,73.52999877929688,74.0999984741211,73.01000213623047,74.05999755859375,4218700,49.21709442138672
COP,COP,2013-10-28,73.91000366210938,74.05999755859375,73.5999984741211,73.88999938964844,3480100,49.104122161865234
COP,COP,2013-10-29,74.19999694824219,74.58999633789062,74.0,74.33999633789062,3389900,49.403160095214844
COP,COP,2013-10-30,74.4000015258789,74.4800033569336,72.87000274658203,73.25,5278500,48.678794860839844
COP,COP,2013-10-31,73.66000366210938,74.4800033569336,73.27999877929688,73.33000183105469,5556600,48.73196029663086
COP,COP,2013-11-01,73.55999755859375,73.55999755859375,72.20999908447266,73.08999633789062,4921000,48.57247543334961
COP,COP,2013-11-04,73.37000274658203,73.51000213623047,72.83999633789062,73.33000183105469,3604300,48.73196029663086
COP,COP,2013-11-05,73.02999877929688,73.27999877929688,72.5,72.56999969482422,4592500,48.22692108154297
COP,COP,2013-11-06,73.19000244140625,73.97000122070312,73.11000061035156,73.9000015258789,5644300,49.110755920410156
COP,COP,2013-11-07,73.8499984741211,73.93000030517578,72.2699966430664,72.51000213623047,5836600,48.18702697753906
COP,COP,2013-11-08,72.48999786376953,73.72000122070312,72.37000274658203,73.69000244140625,4819600,48.97121047973633
COP,COP,2013-11-11,73.45999908447266,73.83000183105469,73.33000183105469,73.55999755859375,2786700,48.884830474853516
COP,COP,2013-11-12,73.25,73.47000122070312,72.61000061035156,72.81999969482422,3125000,48.39305877685547
COP,COP,2013-11-13,72.73999786376953,73.36000061035156,72.56999969482422,73.33999633789062,3463600,48.738609313964844
COP,COP,2013-11-14,73.58000183105469,73.80000305175781,73.19999694824219,73.68000030517578,3833000,48.96455764770508
COP,COP,2013-11-15,73.55000305175781,73.56999969482422,72.75,73.30000305175781,5341200,48.712032318115234
COP,COP,2013-11-18,73.47000122070312,73.62999725341797,72.19999694824219,72.30999755859375,4718300,48.05412673950195
COP,COP,2013-11-19,72.12000274658203,72.69000244140625,71.76000213623047,72.26000213623047,7124200,48.02090072631836
COP,COP,2013-11-20,72.48999786376953,72.93000030517578,72.08999633789062,72.25,4139300,48.014251708984375
COP,COP,2013-11-21,72.47000122070312,73.5999984741211,72.4000015258789,73.33999633789062,3988900,48.738609313964844
COP,COP,2013-11-22,73.48999786376953,74.06999969482422,73.23999786376953,74.0199966430664,3633800,49.190513610839844
COP,COP,2013-11-25,73.76000213623047,73.91999816894531,72.75,72.80999755859375,5294800,48.38638687133789
COP,COP,2013-11-26,72.81999969482422,73.51000213623047,72.48999786376953,72.93000030517578,4089800,48.46613693237305
COP,COP,2013-11-27,72.94000244140625,73.4000015258789,72.37999725341797,72.62000274658203,3301300,48.26012420654297
COP,COP,2013-11-29,72.63999938964844,73.54000091552734,72.5,72.80000305175781,2434300,48.37974166870117
COP,COP,2013-12-02,73.38999938964844,73.48999786376953,72.25,72.56999969482422,5696100,48.22692108154297
COP,COP,2013-12-03,72.47000122070312,73.13999938964844,72.13999938964844,72.47000122070312,5411900,48.16044616699219
COP,COP,2013-12-04,72.33999633789062,72.62000274658203,71.12000274658203,71.41000366210938,5399100,47.45602035522461
COP,COP,2013-12-05,71.20999908447266,71.3499984741211,70.12000274658203,70.83999633789062,5040400,47.07722091674805
COP,COP,2013-12-06,71.18000030517578,71.4800033569336,70.19999694824219,70.7699966430664,5560700,47.03069305419922
COP,COP,2013-12-09,70.55000305175781,70.98999786376953,70.19999694824219,70.44000244140625,4952900,46.811405181884766
COP,COP,2013-12-10,70.19999694824219,70.62999725341797,69.80999755859375,70.30999755859375,4712300,46.724998474121094
COP,COP,2013-12-11,70.30999755859375,70.33000183105469,69.05000305175781,69.11000061035156,5776900,45.92753982543945
COP,COP,2013-12-12,69.12999725341797,69.79000091552734,68.91000366210938,69.4800033569336,5714600,46.17341232299805
COP,COP,2013-12-13,69.54000091552734,70.16000366210938,69.29000091552734,69.43000030517578,4649000,46.14019775390625
COP,COP,2013-12-16,69.69999694824219,70.13999938964844,69.5199966430664,69.79000091552734,4167400,46.37944030761719
COP,COP,2013-12-17,69.81999969482422,69.8499984741211,69.05000305175781,69.05999755859375,4880900,45.89431381225586
COP,COP,2013-12-18,69.44999694824219,69.5999984741211,68.2300033569336,69.4000015258789,7959500,46.1202507019043
COP,COP,2013-12-19,68.91000366210938,69.37999725341797,68.72000122070312,69.08000183105469,6962200,45.90760040283203
COP,COP,2013-12-20,69.11000061035156,70.48999786376953,69.05000305175781,69.87999725341797,8311700,46.439239501953125
COP,COP,2013-12-23,70.08000183105469,70.75,69.44999694824219,69.55999755859375,4177400,46.22658920288086
COP,COP,2013-12-24,69.62999725341797,69.9800033569336,69.30999755859375,69.93000030517578,1625000,46.472469329833984
COP,COP,2013-12-26,70.0,70.44000244140625,69.93000030517578,70.19000244140625,2413200,46.64524841308594
COP,COP,2013-12-27,70.06999969482422,70.58999633789062,70.05999755859375,70.38999938964844,1965600,46.778160095214844
COP,COP,2013-12-30,70.47000122070312,70.63999938964844,69.87000274658203,69.91000366210938,3035400,46.459190368652344
COP,COP,2013-12-31,69.94999694824219,70.73999786376953,69.75,70.6500015258789,3281300,46.95096969604492
COP,COP,2014-01-02,70.2699966430664,70.91999816894531,69.52999877929688,69.77999877929688,4351800,46.3727912902832
COP,COP,2014-01-03,70.08000183105469,70.3499984741211,69.83000183105469,69.95999908447266,3095000,46.49240493774414
COP,COP,2014-01-06,70.33999633789062,70.80999755859375,70.0199966430664,70.26000213623047,4418300,46.691776275634766
COP,COP,2014-01-07,70.25,70.48999786376953,69.95999908447266,70.37000274658203,3659500,46.76486587524414
COP,COP,2014-01-08,70.4800033569336,70.4800033569336,69.5199966430664,69.69000244140625,6405300,46.31297302246094
COP,COP,2014-01-09,69.80999755859375,69.93000030517578,69.12999725341797,69.45999908447266,4078900,46.16012954711914
COP,COP,2014-01-10,69.62000274658203,69.77999877929688,68.79000091552734,68.87000274658203,4799400,45.768043518066406
COP,COP,2014-01-13,68.68000030517578,68.75,67.4800033569336,67.73999786376953,7244000,45.01708984375
COP,COP,2014-01-14,67.83000183105469,68.37999725341797,67.66000366210938,68.31999969482422,4783800,45.402549743652344
COP,COP,2014-01-15,68.37000274658203,68.69999694824219,67.80999755859375,68.08000183105469,4573700,45.24303436279297
COP,COP,2014-01-16,68.05000305175781,68.06999969482422,67.08999633789062,67.83000183105469,5356700,45.076900482177734
COP,COP,2014-01-17,68.0199966430664,68.29000091552734,67.5,67.51000213623047,4852000,44.8642463684082
COP,COP,2014-01-21,68.08000183105469,68.2699966430664,67.70999908447266,68.26000213623047,4711800,45.3626594543457
COP,COP,2014-01-22,68.48999786376953,68.79000091552734,68.05000305175781,68.37000274658203,4100700,45.435760498046875
COP,COP,2014-01-23,68.05000305175781,68.58999633789062,67.5999984741211,67.8499984741211,4333500,45.09019470214844
COP,COP,2014-01-24,67.7699966430664,67.7699966430664,66.4000015258789,66.56999969482422,6016100,44.23954772949219
COP,COP,2014-01-27,66.27999877929688,66.5999984741211,65.63999938964844,65.86000061035156,5381000,43.76771926879883
COP,COP,2014-01-28,65.94999694824219,66.27999877929688,65.7300033569336,66.20999908447266,4338000,44.00031661987305
COP,COP,2014-01-29,66.16999816894531,66.20999908447266,65.33999633789062,65.81999969482422,5671600,43.741153717041016
COP,COP,2014-01-30,66.5999984741211,66.6500015258789,65.31999969482422,65.75,5527800,43.694618225097656
COP,COP,2014-01-31,65.05000305175781,65.4800033569336,64.3499984741211,64.94999694824219,10717600,43.1629753112793
COP,COP,2014-02-03,65.0999984741211,65.38999938964844,63.77000045776367,63.86000061035156,7768000,42.43861770629883
COP,COP,2014-02-04,64.0199966430664,64.08000183105469,63.45000076293945,63.709999084472656,6543700,42.33891677856445
COP,COP,2014-02-05,63.68000030517578,63.810001373291016,62.7400016784668,63.459999084472656,6528300,42.17279052734375
COP,COP,2014-02-06,63.68000030517578,64.4000015258789,63.459999084472656,64.30000305175781,5546800,42.73101043701172
COP,COP,2014-02-07,64.79000091552734,65.0,64.16000366210938,64.97000122070312,5337100,43.176273345947266
COP,COP,2014-02-10,64.95999908447266,64.95999908447266,64.12999725341797,64.58000183105469,5854800,42.91708755493164
COP,COP,2014-02-11,64.6500015258789,65.69999694824219,64.5999984741211,65.56999969482422,5754200,43.57500076293945
COP,COP,2014-02-12,66.62999725341797,66.79000091552734,65.08999633789062,65.22000122070312,6962800,43.3424072265625
COP,COP,2014-02-13,64.44000244140625,65.11000061035156,64.2300033569336,64.70999908447266,5844700,43.46329879760742
COP,COP,2014-02-14,64.66000366210938,65.6500015258789,64.5,65.52999877929688,4596800,44.014068603515625
COP,COP,2014-02-18,65.56999969482422,65.7300033569336,65.19999694824219,65.37000274658203,4877100,43.90659713745117
COP,COP,2014-02-19,65.26000213623047,66.0,64.98999786376953,65.0,6144900,43.6580924987793
COP,COP,2014-02-20,64.9800033569336,65.19999694824219,64.87000274658203,64.91999816894531,6111800,43.604347229003906
COP,COP,2014-02-21,64.98999786376953,65.02999877929688,64.62999725341797,64.68000030517578,6576200,43.44316482543945
COP,COP,2014-02-24,65.0,66.79000091552734,64.9800033569336,66.41999816894531,8054500,44.61185073852539
COP,COP,2014-02-25,66.30000305175781,66.8499984741211,66.13999938964844,66.5199966430664,5871500,44.679012298583984
COP,COP,2014-02-26,66.62999725341797,66.80000305175781,65.83000183105469,66.12999725341797,5159400,44.41706085205078
COP,COP,2014-02-27,66.0,66.25,65.33000183105469,66.25,4988900,44.497676849365234
COP,COP,2014-02-28,66.29000091552734,66.87999725341797,65.62000274658203,66.5,6263300,44.66557312011719
COP,COP,2014-03-03,66.36000061035156,67.19999694824219,65.9800033569336,66.30999755859375,6218300,44.53797912597656
COP,COP,2014-03-04,66.80000305175781,66.88999938964844,66.3499984741211,66.5,4906600,44.66557312011719
COP,COP,2014-03-05,66.58000183105469,67.0,66.25,66.30000305175781,4671500,44.53125
COP,COP,2014-03-06,66.5999984741211,66.66999816894531,66.30000305175781,66.38999938964844,3996600,44.59169387817383
COP,COP,2014-03-07,66.63999938964844,67.0,66.30999755859375,66.51000213623047,4938700,44.67228317260742
COP,COP,2014-03-10,66.4000015258789,66.94000244140625,66.0999984741211,66.88999938964844,3711400,44.92753219604492
COP,COP,2014-03-11,67.0,67.38999938964844,66.27999877929688,66.52999877929688,4415600,44.68574142456055
COP,COP,2014-03-12,66.16999816894531,66.75,66.01000213623047,66.54000091552734,4135300,44.69244384765625
COP,COP,2014-03-13,66.77999877929688,66.83999633789062,66.08999633789062,66.31999969482422,4531900,44.5446891784668
COP,COP,2014-03-14,66.08999633789062,66.70999908447266,66.04000091552734,66.5999984741211,4648300,44.732765197753906
COP,COP,2014-03-17,66.73999786376953,67.29000091552734,66.6500015258789,67.29000091552734,4663900,45.19619369506836
COP,COP,2014-03-18,67.41999816894531,68.12000274658203,67.3499984741211,68.0999984741211,5658600,45.7402458190918
COP,COP,2014-03-19,68.37999725341797,68.41000366210938,67.02999877929688,67.5,4322600,45.337242126464844
COP,COP,2014-03-20,67.41000366210938,68.0,67.11000061035156,67.9000015258789,3968600,45.605918884277344
COP,COP,2014-03-21,68.45999908447266,68.4800033569336,67.47000122070312,67.4800033569336,9094200,45.32383346557617
COP,COP,2014-03-24,67.68000030517578,68.06999969482422,67.41000366210938,67.55999755859375,5339900,45.37754440307617
COP,COP,2014-03-25,67.94000244140625,68.47000122070312,67.68000030517578,68.38999938964844,5986600,45.935020446777344
COP,COP,2014-03-26,68.70999908447266,69.19000244140625,68.48999786376953,68.5999984741211,5732100,46.076072692871094
COP,COP,2014-03-27,68.61000061035156,69.61000061035156,68.61000061035156,69.29000091552734,6049900,46.53953170776367
COP,COP,2014-03-28,69.43000030517578,70.4000015258789,69.16999816894531,70.3499984741211,5763100,47.251487731933594
COP,COP,2014-03-31,70.76000213623047,70.98999786376953,70.12999725341797,70.3499984741211,5020800,47.251487731933594
COP,COP,2014-04-01,70.47000122070312,70.66999816894531,70.12999725341797,70.30999755859375,4957700,47.224613189697266
COP,COP,2014-04-02,70.30999755859375,71.0,70.25,70.88999938964844,5672800,47.614200592041016
COP,COP,2014-04-03,70.91999816894531,70.91999816894531,70.18000030517578,70.19999694824219,5161000,47.150733947753906
COP,COP,2014-04-04,70.83000183105469,71.0,70.04000091552734,70.22000122070312,5520200,47.16416931152344
COP,COP,2014-04-07,70.23999786376953,70.23999786376953,69.33000183105469,69.4800033569336,5528800,46.66712951660156
COP,COP,2014-04-08,70.01000213623047,70.2300033569336,69.45999908447266,70.06999969482422,5751200,47.06342697143555
COP,COP,2014-04-09,70.11000061035156,71.55999755859375,70.06999969482422,71.54000091552734,7536400,48.05077362060547
COP,COP,2014-04-10,70.7300033569336,70.83000183105469,69.70999908447266,69.70999908447266,7581100,46.82162094116211
COP,COP,2014-04-11,70.27999877929688,71.36000061035156,69.9800033569336,70.87000274658203,8390800,47.60075378417969
COP,COP,2014-04-14,71.62999725341797,71.62999725341797,70.58999633789062,71.51000213623047,6240700,48.030609130859375
COP,COP,2014-04-15,71.47000122070312,73.0199966430664,71.29000091552734,72.94000244140625,7615000,48.9910774230957
COP,COP,2014-04-16,73.37999725341797,73.87000274658203,73.19000244140625,73.77999877929688,7284800,49.55531311035156
COP,COP,2014-04-17,73.56999969482422,74.88999938964844,73.55000305175781,74.7699966430664,7229700,50.220252990722656
COP,COP,2014-04-21,74.7300033569336,74.94999694824219,74.19999694824219,74.5999984741211,6328900,50.10606002807617
COP,COP,2014-04-22,74.69000244140625,74.69000244140625,73.94000244140625,74.16999816894531,5086300,49.817237854003906
COP,COP,2014-04-23,74.16000366210938,74.54000091552734,73.94999694824219,74.0199966430664,5285700,49.71648406982422
COP,COP,2014-04-24,74.41999816894531,74.63999938964844,73.94999694824219,74.48999786376953,5250300,50.03218078613281
COP,COP,2014-04-25,74.44000244140625,74.5,74.1500015258789,74.4000015258789,4658500,49.971717834472656
COP,COP,2014-04-28,74.55999755859375,74.83000183105469,74.08000183105469,74.6500015258789,5190800,50.1396484375
COP,COP,2014-04-29,74.98999786376953,75.33999633789062,74.66999816894531,74.68000030517578,5293400,50.1597900390625
COP,COP,2014-04-30,75.02999877929688,75.02999877929688,74.16999816894531,74.30999755859375,6853600,49.91127014160156
COP,COP,2014-05-01,75.01000213623047,75.33000183105469,74.05000305175781,75.02999877929688,5895900,50.394874572753906
COP,COP,2014-05-02,74.87999725341797,76.8499984741211,74.87000274658203,76.5199966430664,9359500,51.39563751220703
COP,COP,2014-05-05,76.4000015258789,77.30000305175781,76.22000122070312,76.88999938964844,5842700,51.644161224365234
COP,COP,2014-05-06,77.19999694824219,77.30000305175781,76.63999938964844,77.08000183105469,5020100,51.77177429199219
COP,COP,2014-05-07,77.62000274658203,78.22000122070312,77.33999633789062,78.11000061035156,7189300,52.46358108520508
COP,COP,2014-05-08,77.91999816894531,78.06999969482422,76.7699966430664,77.01000213623047,6709900,51.72474670410156
COP,COP,2014-05-09,77.0999984741211,77.6500015258789,76.91000366210938,77.63999938964844,5609600,52.14789962768555
COP,COP,2014-05-12,78.11000061035156,78.41999816894531,77.79000091552734,78.41000366210938,4979100,52.66510009765625
COP,COP,2014-05-13,78.44999694824219,78.81999969482422,78.23999786376953,78.63999938964844,5229000,52.8195686340332
COP,COP,2014-05-14,78.73999786376953,78.79000091552734,78.3499984741211,78.52999877929688,4463000,52.74569320678711
COP,COP,2014-05-15,78.45999908447266,78.68000030517578,77.5199966430664,78.11000061035156,7914100,52.46358108520508
COP,COP,2014-05-16,78.11000061035156,78.23999786376953,77.44999694824219,78.05999755859375,5868000,52.43000411987305
COP,COP,2014-05-19,78.01000213623047,78.56999969482422,77.94000244140625,78.43000030517578,3341700,52.678531646728516
COP,COP,2014-05-20,78.5,78.68000030517578,78.11000061035156,78.54000091552734,4353500,52.752403259277344
COP,COP,2014-05-21,78.23999786376953,78.66000366210938,78.04000091552734,78.52999877929688,4484300,53.213172912597656
COP,COP,2014-05-22,78.4000015258789,78.75,78.13999938964844,78.45999908447266,3508900,53.165767669677734
COP,COP,2014-05-23,78.52999877929688,78.7699966430664,78.30000305175781,78.43000030517578,3566300,53.145423889160156
COP,COP,2014-05-27,78.45999908447266,79.05000305175781,78.45999908447266,79.04000091552734,4175600,53.55876159667969
COP,COP,2014-05-28,79.80999755859375,80.54000091552734,79.51000213623047,79.56999969482422,6549900,53.91789627075195
COP,COP,2014-05-29,79.48999786376953,79.83999633789062,78.9000015258789,79.55000305175781,4065600,53.90436553955078
COP,COP,2014-05-30,79.41999816894531,80.11000061035156,79.20999908447266,79.94000244140625,5991400,54.16862106323242
COP,COP,2014-06-02,80.20999908447266,80.55000305175781,79.05000305175781,79.4800033569336,5071900,53.85696029663086
COP,COP,2014-06-03,79.47000122070312,79.87000274658203,79.27999877929688,79.81999969482422,4551700,54.08729553222656
COP,COP,2014-06-04,79.72000122070312,79.98999786376953,79.58000183105469,79.80000305175781,3585400,54.07374572753906
COP,COP,2014-06-05,79.80999755859375,80.05999755859375,79.5,80.05000305175781,4144600,54.2431526184082
COP,COP,2014-06-06,80.36000061035156,81.18000030517578,80.22000122070312,80.83999633789062,5409500,54.77846145629883
COP,COP,2014-06-09,80.56999969482422,81.12999725341797,80.4000015258789,80.8499984741211,3213400,54.78526306152344
COP,COP,2014-06-10,80.83000183105469,81.66000366210938,80.55999755859375,81.62999725341797,6663400,55.31378173828125
COP,COP,2014-06-11,81.5,82.0999984741211,81.45999908447266,81.94999694824219,4538300,55.5306282043457
COP,COP,2014-06-12,82.1500015258789,83.23999786376953,82.12999725341797,82.86000061035156,6279100,56.147247314453125
COP,COP,2014-06-13,82.80000305175781,83.08999633789062,82.05000305175781,83.08000183105469,4374900,56.296329498291016
COP,COP,2014-06-16,83.19000244140625,83.83000183105469,82.91999816894531,83.69000244140625,4753500,56.70968246459961
COP,COP,2014-06-17,83.18000030517578,83.77999877929688,82.63999938964844,83.75,4859500,56.750335693359375
COP,COP,2014-06-18,83.56999969482422,84.30000305175781,83.18000030517578,84.23999786376953,4511900,57.08235168457031
COP,COP,2014-06-19,84.2699966430664,84.7699966430664,84.13999938964844,84.7699966430664,4083800,57.4415168762207
COP,COP,2014-06-20,85.11000061035156,85.45999908447266,84.77999877929688,85.36000061035156,7426200,57.8413200378418
COP,COP,2014-06-23,85.58999633789062,86.43000030517578,85.47000122070312,86.0999984741211,5943500,58.34273910522461
COP,COP,2014-06-24,86.0199966430664,86.0199966430664,84.79000091552734,84.80000305175781,8087800,57.46183395385742
COP,COP,2014-06-25,84.6500015258789,85.7300033569336,84.6500015258789,85.62000274658203,4980600,58.01747131347656
COP,COP,2014-06-26,85.58999633789062,85.97000122070312,84.55999755859375,85.95999908447266,4587900,58.247867584228516
COP,COP,2014-06-27,85.75,86.05999755859375,85.4000015258789,86.0,4511900,58.27499008178711
COP,COP,2014-06-30,85.80999755859375,85.93000030517578,85.22000122070312,85.7300033569336,4045900,58.092037200927734
COP,COP,2014-07-01,86.25,86.38999938964844,85.63999938964844,86.11000061035156,3537900,58.349517822265625
COP,COP,2014-07-02,85.80999755859375,85.9800033569336,85.30999755859375,85.86000061035156,3513600,58.180118560791016
COP,COP,2014-07-03,85.7300033569336,86.4000015258789,85.54000091552734,86.4000015258789,2669800,58.54602813720703
COP,COP,2014-07-07,85.83999633789062,86.20999908447266,85.18000030517578,86.0999984741211,3925600,58.34273910522461
COP,COP,2014-07-08,85.9800033569336,86.6500015258789,85.7300033569336,86.04000091552734,4988900,58.302093505859375
COP,COP,2014-07-09,86.06999969482422,86.29000091552734,85.70999908447266,85.80000305175781,5722700,58.13945388793945
COP,COP,2014-07-10,84.91000366210938,85.93000030517578,82.77999877929688,85.66999816894531,8248600,58.05135726928711
COP,COP,2014-07-11,85.5199966430664,85.61000061035156,84.44000244140625,84.7300033569336,4875800,57.41440200805664
COP,COP,2014-07-14,85.12999725341797,85.9000015258789,84.91999816894531,85.83999633789062,4671900,58.16655349731445
COP,COP,2014-07-15,85.62999725341797,85.80000305175781,84.31999969482422,84.70999908447266,6041900,57.40084457397461
COP,COP,2014-07-16,85.22000122070312,86.76000213623047,85.16999816894531,86.69000244140625,6313600,58.74253463745117
COP,COP,2014-07-17,86.0199966430664,86.4000015258789,84.58000183105469,84.68000030517578,5087400,57.8678092956543
COP,COP,2014-07-18,84.9000015258789,85.20999908447266,84.5199966430664,84.76000213623047,4689200,57.92250061035156
COP,COP,2014-07-21,84.87999725341797,85.16999816894531,84.33000183105469,84.52999877929688,4718900,57.76530838012695
COP,COP,2014-07-22,84.93000030517578,86.11000061035156,84.86000061035156,86.0199966430664,4426100,58.783546447753906
COP,COP,2014-07-23,86.12000274658203,86.87000274658203,85.69000244140625,86.76000213623047,4104700,59.28923797607422
COP,COP,2014-07-24,86.68000030517578,87.08999633789062,86.23999786376953,86.25,5033400,58.94069290161133
COP,COP,2014-07-25,86.16000366210938,86.63999938964844,85.77999877929688,85.91999816894531,3047300,58.71519470214844
COP,COP,2014-07-28,86.0,86.11000061035156,85.08000183105469,85.19000244140625,4804400,58.21635055541992
COP,COP,2014-07-29,85.01000213623047,85.44000244140625,84.69999694824219,84.70999908447266,4054300,57.888301849365234
COP,COP,2014-07-30,85.25,85.88999938964844,84.11000061035156,84.62999725341797,5531800,57.833648681640625
COP,COP,2014-07-31,84.22000122070312,84.55999755859375,82.37000274658203,82.5,7106000,56.378074645996094
COP,COP,2014-08-01,81.91000366210938,81.93000030517578,79.83000183105469,80.69999694824219,9530200,55.14799880981445
COP,COP,2014-08-04,80.76000213623047,82.16000366210938,80.30000305175781,81.9800033569336,5609600,56.02272033691406
COP,COP,2014-08-05,81.44000244140625,81.58999633789062,79.37999725341797,79.73999786376953,6406400,54.49197006225586
COP,COP,2014-08-06,79.6500015258789,81.5,79.5,80.61000061035156,5412400,55.08651351928711
COP,COP,2014-08-07,80.83000183105469,80.9800033569336,79.16999816894531,79.58999633789062,4055500,54.389461517333984
COP,COP,2014-08-08,79.69000244140625,81.43000030517578,79.69000244140625,81.33000183105469,4104900,55.57851791381836
COP,COP,2014-08-11,81.7300033569336,81.87999725341797,80.76000213623047,80.80000305175781,3583300,55.21633529663086
COP,COP,2014-08-12,80.5199966430664,80.76000213623047,80.08999633789062,80.41999816894531,4046400,54.9566535949707
COP,COP,2014-08-13,81.19000244140625,81.41999816894531,80.72000122070312,80.88999938964844,3837600,55.27783966064453
COP,COP,2014-08-14,81.12000274658203,81.20999908447266,79.94999694824219,80.16999816894531,4557800,54.785831451416016
COP,COP,2014-08-15,80.26000213623047,80.88999938964844,79.80999755859375,80.62000274658203,5433200,55.09332275390625
COP,COP,2014-08-18,80.94999694824219,80.94999694824219,78.91000366210938,79.33999633789062,8478100,54.21861267089844
COP,COP,2014-08-19,79.6500015258789,80.18000030517578,79.4000015258789,79.91000366210938,5417300,54.608154296875
COP,COP,2014-08-20,80.19000244140625,80.5999984741211,79.7699966430664,80.5,4301800,55.01133728027344
COP,COP,2014-08-21,80.56999969482422,81.06999969482422,80.4000015258789,80.9800033569336,3122100,55.33934783935547
COP,COP,2014-08-22,80.68000030517578,80.91000366210938,79.87000274658203,80.23999786376953,3645600,54.833641052246094
COP,COP,2014-08-25,80.33000183105469,80.98999786376953,80.30999755859375,80.80000305175781,3531700,55.21633529663086
COP,COP,2014-08-26,80.7300033569336,81.0,80.52999877929688,80.54000091552734,3335600,55.03868103027344
COP,COP,2014-08-27,80.87999725341797,81.47000122070312,80.61000061035156,81.02999877929688,3146400,55.37350082397461
COP,COP,2014-08-28,80.88999938964844,81.0,80.54000091552734,80.66000366210938,2987000,55.12069320678711
COP,COP,2014-08-29,80.87000274658203,81.2300033569336,80.66000366210938,81.22000122070312,3409200,55.50334548950195
COP,COP,2014-09-02,81.05999755859375,81.0999984741211,79.7699966430664,80.22000122070312,5578000,54.819976806640625
COP,COP,2014-09-03,80.9800033569336,81.37000274658203,80.80000305175781,80.9000015258789,5902700,55.28468704223633
COP,COP,2014-09-04,81.13999938964844,81.23999786376953,79.44999694824219,79.8499984741211,5772500,54.567134857177734
COP,COP,2014-09-05,79.77999877929688,80.48999786376953,79.47000122070312,80.3499984741211,3596500,54.90882873535156
COP,COP,2014-09-08,79.94000244140625,80.05000305175781,78.66000366210938,79.02999877929688,6122800,54.00675964355469
COP,COP,2014-09-09,79.47000122070312,79.75,78.44000244140625,78.95999908447266,6466800,53.95895004272461
COP,COP,2014-09-10,78.76000213623047,79.01000213623047,77.70999908447266,78.98999786376953,6569200,53.979427337646484
COP,COP,2014-09-11,78.2300033569336,79.44999694824219,78.0199966430664,79.37999725341797,4310300,54.24596405029297
COP,COP,2014-09-12,79.20999908447266,79.22000122070312,78.11000061035156,78.44999694824219,3950800,53.61042785644531
COP,COP,2014-09-15,78.23999786376953,79.62000274658203,77.95999908447266,79.4000015258789,3919800,54.259639739990234
COP,COP,2014-09-16,79.5,81.27999877929688,79.31999969482422,80.75,6172500,55.18216323852539
COP,COP,2014-09-17,81.0,81.08999633789062,80.37000274658203,80.63999938964844,4242500,55.106990814208984
COP,COP,2014-09-18,80.83999633789062,80.87000274658203,79.6500015258789,79.97000122070312,4424100,54.649147033691406
COP,COP,2014-09-19,80.45999908447266,81.0,80.30999755859375,80.55999755859375,8054300,55.05233383178711
COP,COP,2014-09-22,80.33000183105469,80.33000183105469,79.41000366210938,79.68000030517578,5235600,54.450950622558594
COP,COP,2014-09-23,79.54000091552734,79.83999633789062,78.86000061035156,78.91000366210938,4344800,53.9247932434082
COP,COP,2014-09-24,78.8499984741211,79.08000183105469,77.58999633789062,78.72000122070312,6278900,53.79491424560547
COP,COP,2014-09-25,78.69999694824219,78.69999694824219,77.56999969482422,77.56999969482422,4911400,53.00905990600586
COP,COP,2014-09-26,77.5999984741211,78.47000122070312,77.12000274658203,78.12000274658203,5253100,53.38491439819336
COP,COP,2014-09-29,77.5,77.94999694824219,76.77999877929688,77.83999633789062,5887100,53.19355392456055
COP,COP,2014-09-30,77.31999969482422,77.63999938964844,75.91999816894531,76.5199966430664,8400600,52.29151153564453
COP,COP,2014-10-01,76.2699966430664,76.5199966430664,74.58000183105469,75.0,8719600,51.25279235839844
COP,COP,2014-10-02,74.56999969482422,75.12999725341797,73.37000274658203,74.69000244140625,7414200,51.04094314575195
COP,COP,2014-10-03,74.94999694824219,75.16999816894531,74.11000061035156,74.7699966430664,5562700,51.095638275146484
COP,COP,2014-10-06,75.26000213623047,75.73999786376953,74.31999969482422,74.95999908447266,6384900,51.22543716430664
COP,COP,2014-10-07,74.62000274658203,75.33999633789062,73.88999938964844,73.91000366210938,7293900,50.50791931152344
COP,COP,2014-10-08,73.68000030517578,74.62999725341797,72.66000366210938,74.52999877929688,11995700,50.93160629272461
COP,COP,2014-10-09,73.44999694824219,73.56999969482422,71.4000015258789,71.44000244140625,10351000,49.302913665771484
COP,COP,2014-10-10,71.4000015258789,71.9000015258789,69.91000366210938,70.36000061035156,10320600,48.55756378173828
COP,COP,2014-10-13,70.12000274658203,70.62000274658203,68.0,68.06999969482422,8606300,46.9771728515625
COP,COP,2014-10-14,68.2699966430664,68.62000274658203,65.91000366210938,66.19999694824219,13016100,45.68661117553711
COP,COP,2014-10-15,63.790000915527344,66.3499984741211,63.560001373291016,66.25,16072300,45.72113037109375
COP,COP,2014-10-16,64.95999908447266,67.37000274658203,64.88999938964844,66.93000030517578,12799200,46.19041061401367
COP,COP,2014-10-17,67.93000030517578,70.0199966430664,67.5,68.08000183105469,11005600,46.98406219482422
COP,COP,2014-10-20,68.18000030517578,68.95999908447266,67.33000183105469,68.83000183105469,6742800,47.50165557861328
COP,COP,2014-10-21,70.06999969482422,70.83999633789062,69.6500015258789,70.58999633789062,9000900,48.71628952026367
COP,COP,2014-10-22,71.0,71.44999694824219,69.37999725341797,69.44000244140625,9845000,47.922630310058594
COP,COP,2014-10-23,70.79000091552734,70.91999816894531,69.69999694824219,70.0,7660700,48.309112548828125
COP,COP,2014-10-24,69.98999786376953,70.26000213623047,69.11000061035156,70.06999969482422,5421600,48.357418060302734
COP,COP,2014-10-27,69.0199966430664,69.16999816894531,68.26000213623047,68.83000183105469,7491000,47.50165557861328
COP,COP,2014-10-28,69.08000183105469,70.27999877929688,68.69000244140625,70.22000122070312,5758400,48.460933685302734
COP,COP,2014-10-29,71.91000366210938,72.1500015258789,70.20999908447266,70.75,7751900,48.82670593261719
COP,COP,2014-10-30,69.37000274658203,71.91000366210938,69.25,71.3499984741211,7172900,49.240779876708984
COP,COP,2014-10-31,71.58999633789062,72.23999786376953,70.06999969482422,72.1500015258789,9434100,49.79289245605469
COP,COP,2014-11-03,72.26000213623047,72.56999969482422,70.47000122070312,70.55999755859375,9544400,48.69557571411133
COP,COP,2014-11-04,69.19999694824219,69.83999633789062,68.20999908447266,68.7699966430664,10962400,47.46025848388672
COP,COP,2014-11-05,69.94999694824219,70.25,68.9800033569336,69.87999725341797,7883400,48.22629165649414
COP,COP,2014-11-06,69.72000122070312,71.3499984741211,69.48999786376953,71.31999969482422,7761100,49.22007369995117
COP,COP,2014-11-07,71.44000244140625,72.30999755859375,71.4000015258789,72.16000366210938,7367200,49.799800872802734
COP,COP,2014-11-10,72.81999969482422,73.22000122070312,71.45999908447266,71.5999984741211,7301800,49.413333892822266
COP,COP,2014-11-11,71.5199966430664,71.94999694824219,71.06999969482422,71.75,5921800,49.516841888427734
COP,COP,2014-11-12,71.36000061035156,71.87999725341797,71.08999633789062,71.19999694824219,5751500,49.137245178222656
COP,COP,2014-11-13,70.77999877929688,71.0,69.54000091552734,70.3499984741211,7521100,48.55064392089844
COP,COP,2014-11-14,70.56999969482422,71.45999908447266,70.48999786376953,71.41000366210938,5272700,49.28219223022461
COP,COP,2014-11-17,71.02999877929688,71.7699966430664,70.61000061035156,71.41999816894531,5100600,49.289085388183594
COP,COP,2014-11-18,71.52999877929688,72.1500015258789,71.06999969482422,71.66999816894531,5305700,49.46162414550781
COP,COP,2014-11-19,72.36000061035156,72.4800033569336,71.31999969482422,72.12999725341797,6372600,49.77907180786133
COP,COP,2014-11-20,72.12999725341797,73.25,72.12999725341797,73.20999908447266,5726300,50.524417877197266
COP,COP,2014-11-21,74.47000122070312,74.68000030517578,73.18000030517578,73.63999938964844,8938200,50.821197509765625
COP,COP,2014-11-24,73.55999755859375,73.79000091552734,72.66000366210938,73.33000183105469,6118600,50.60724639892578
COP,COP,2014-11-25,73.9000015258789,73.91000366210938,71.56999969482422,71.7300033569336,8907100,49.50304412841797
COP,COP,2014-11-26,71.75,71.75,70.55000305175781,70.83000183105469,7391200,48.88191223144531
COP,COP,2014-11-28,67.69999694824219,68.13999938964844,65.6500015258789,66.06999969482422,11779100,45.59688949584961
COP,COP,2014-12-01,65.93000030517578,67.9000015258789,65.4000015258789,67.7699966430664,14028700,46.77012252807617
COP,COP,2014-12-02,67.33000183105469,69.58000183105469,67.23999786376953,69.20999908447266,11685600,47.76390075683594
COP,COP,2014-12-03,69.66000366210938,71.22000122070312,69.27999877929688,70.80000305175781,11904000,48.86122512817383
COP,COP,2014-12-04,70.16000366210938,70.43000030517578,68.68000030517578,69.30999755859375,10649700,47.83293533325195
COP,COP,2014-12-05,69.37000274658203,69.37000274658203,67.47000122070312,67.8499984741211,9822100,46.8253288269043
COP,COP,2014-12-08,66.9800033569336,67.12999725341797,64.87999725341797,65.02999877929688,10164200,44.87916564941406
COP,COP,2014-12-09,64.3499984741211,66.25,63.369998931884766,64.95999908447266,12127800,44.83085632324219
COP,COP,2014-12-10,63.90999984741211,64.1500015258789,62.83000183105469,63.540000915527344,9843100,43.85086441040039
COP,COP,2014-12-11,63.29999923706055,65.44999694824219,63.29999923706055,63.61000061035156,8175100,43.89918899536133
COP,COP,2014-12-12,62.689998626708984,63.790000915527344,62.310001373291016,62.45000076293945,8678400,43.0986328125
COP,COP,2014-12-15,63.279998779296875,63.5,61.5,61.689998626708984,9823200,42.57413864135742
COP,COP,2014-12-16,61.439998626708984,64.9800033569336,60.84000015258789,63.220001220703125,12951500,43.630035400390625
COP,COP,2014-12-17,64.13999938964844,67.66999816894531,64.01000213623047,66.94000244140625,15364100,46.19731140136719
COP,COP,2014-12-18,69.22000122070312,69.83999633789062,66.66000366210938,69.75,15948500,48.136573791503906
COP,COP,2014-12-19,69.62999725341797,71.0,68.62999725341797,70.9800033569336,17823400,48.98543930053711
COP,COP,2014-12-22,70.08000183105469,70.44999694824219,68.48999786376953,69.5199966430664,9510100,47.97783279418945
COP,COP,2014-12-23,70.31999969482422,71.37000274658203,69.80000305175781,71.05000305175781,8170900,49.03373336791992
COP,COP,2014-12-24,70.54000091552734,70.62999725341797,68.94000244140625,70.12999725341797,3849000,48.39883041381836
COP,COP,2014-12-26,70.55000305175781,70.79000091552734,69.5199966430664,69.87999725341797,3340100,48.22629165649414
COP,COP,2014-12-29,70.44999694824219,70.68000030517578,69.55000305175781,70.11000061035156,5241500,48.38502502441406
COP,COP,2014-12-30,69.61000061035156,70.19999694824219,69.2699966430664,69.93000030517578,4537900,48.26079559326172
COP,COP,2014-12-31,69.33999633789062,69.75,68.69999694824219,69.05999755859375,5923600,47.66039276123047
COP,COP,2015-01-02,68.5,69.4800033569336,68.2300033569336,68.91999816894531,5701800,47.56376266479492
COP,COP,2015-01-05,67.70999908447266,67.9800033569336,65.43000030517578,65.63999938964844,10938900,45.300132751464844
COP,COP,2015-01-06,65.29000091552734,66.5999984741211,62.880001068115234,62.93000030517578,18054700,43.429893493652344
COP,COP,2015-01-07,64.01000213623047,64.2300033569336,62.849998474121094,63.349998474121094,12350500,43.71974182128906
COP,COP,2015-01-08,64.8499984741211,65.48999786376953,63.900001525878906,64.93000030517578,10348300,44.81016159057617
COP,COP,2015-01-09,64.94000244140625,65.33999633789062,64.01000213623047,64.91999816894531,7984100,44.80323791503906
COP,COP,2015-01-12,64.1500015258789,64.2699966430664,62.61000061035156,63.06999969482422,8317100,43.526512145996094
COP,COP,2015-01-13,63.189998626708984,63.83000183105469,61.5099983215332,62.439998626708984,10240900,43.091732025146484
COP,COP,2015-01-14,61.81999969482422,62.779998779296875,60.849998474121094,62.619998931884766,10005400,43.215946197509766
COP,COP,2015-01-15,63.61000061035156,63.869998931884766,61.380001068115234,61.40999984741211,9994000,42.38089370727539
COP,COP,2015-01-16,61.75,63.47999954223633,61.47999954223633,63.08000183105469,10031400,43.533416748046875
COP,COP,2015-01-20,62.810001373291016,63.279998779296875,61.7599983215332,63.189998626708984,6890500,43.609336853027344
COP,COP,2015-01-21,63.88999938964844,64.77999877929688,63.22999954223633,64.54000091552734,7979700,44.54098892211914
COP,COP,2015-01-22,65.0999984741211,65.58000183105469,64.0,65.30000305175781,8759500,45.06550216674805
COP,COP,2015-01-23,65.3499984741211,65.70999908447266,64.63999938964844,64.6500015258789,6392900,44.61690902709961
COP,COP,2015-01-26,64.88999938964844,66.0,63.88999938964844,65.81999969482422,5861100,45.42437744140625
COP,COP,2015-01-27,65.29000091552734,66.1500015258789,65.05999755859375,65.54000091552734,5939900,45.23112106323242
COP,COP,2015-01-28,65.26000213623047,65.44999694824219,62.5,62.58000183105469,8679300,43.1883430480957
COP,COP,2015-01-29,63.18000030517578,63.58000183105469,60.63999938964844,62.81999969482422,11360100,43.353973388671875
COP,COP,2015-01-30,62.22999954223633,63.810001373291016,61.150001525878906,62.97999954223633,10524300,43.46439743041992
COP,COP,2015-02-02,64.47000122070312,65.77999877929688,63.40999984741211,65.7699966430664,10075800,45.38985824584961
COP,COP,2015-02-03,66.93000030517578,67.95999908447266,66.51000213623047,67.73999786376953,15631700,46.749427795410156
COP,COP,2015-02-04,66.62000274658203,66.66000366210938,65.23999786376953,65.87000274658203,12243300,45.458885192871094
COP,COP,2015-02-05,67.0199966430664,67.58999633789062,66.29000091552734,67.56999969482422,8707900,46.6320915222168
COP,COP,2015-02-06,68.23999786376953,68.37999725341797,67.18000030517578,67.48999786376953,7653100,46.57688522338867
COP,COP,2015-02-09,67.97000122070312,68.61000061035156,67.63999938964844,67.8499984741211,8070600,46.8253288269043
COP,COP,2015-02-10,67.86000061035156,68.11000061035156,66.5,67.98999786376953,7876600,46.92195129394531
COP,COP,2015-02-11,67.2300033569336,68.47000122070312,66.80000305175781,67.87999725341797,8365400,46.84602737426758
COP,COP,2015-02-12,68.23999786376953,68.8499984741211,67.62000274658203,68.04000091552734,8642800,47.46692657470703
COP,COP,2015-02-13,68.83000183105469,70.11000061035156,68.69999694824219,69.87999725341797,8419200,48.75056457519531
COP,COP,2015-02-17,69.1500015258789,69.97000122070312,68.5199966430664,69.47000122070312,7652700,48.46453857421875
COP,COP,2015-02-18,68.02999877929688,69.05999755859375,67.61000061035156,67.7300033569336,8932600,47.25066375732422
COP,COP,2015-02-19,66.05999755859375,67.8499984741211,65.41999816894531,67.41999816894531,9022600,47.03438949584961
COP,COP,2015-02-20,67.19000244140625,67.41999816894531,66.33000183105469,67.37999725341797,8781600,47.0064811706543
COP,COP,2015-02-23,66.68000030517578,67.54000091552734,66.51000213623047,66.91999816894531,6072800,46.685585021972656
COP,COP,2015-02-24,67.47000122070312,67.4800033569336,66.76000213623047,67.08999633789062,4867500,46.804176330566406
COP,COP,2015-02-25,67.47000122070312,67.83999633789062,66.95999908447266,67.52999877929688,6151800,47.11114501953125
COP,COP,2015-02-26,66.88999938964844,66.88999938964844,65.58999633789062,65.8499984741211,7837000,45.93910217285156
COP,COP,2015-02-27,66.0,66.0999984741211,65.12999725341797,65.19999694824219,6963500,45.48564529418945
COP,COP,2015-03-02,65.19999694824219,65.36000061035156,63.83000183105469,64.4000015258789,8059200,44.92755889892578
COP,COP,2015-03-03,64.36000061035156,65.2699966430664,64.2699966430664,64.77999877929688,5424700,45.19265365600586
COP,COP,2015-03-04,64.79000091552734,64.79000091552734,63.66999816894531,64.25,5487100,44.822898864746094
COP,COP,2015-03-05,64.01000213623047,64.08000183105469,63.33000183105469,63.33000183105469,5987600,44.181087493896484
COP,COP,2015-03-06,63.0,63.68000030517578,62.66999816894531,62.790000915527344,6732800,43.80435562133789
COP,COP,2015-03-09,62.77000045776367,63.34000015258789,61.970001220703125,61.970001220703125,6492800,43.2323112487793
COP,COP,2015-03-10,60.9900016784668,61.720001220703125,60.689998626708984,60.869998931884766,8922400,42.46489715576172
COP,COP,2015-03-11,60.95000076293945,61.869998931884766,60.810001373291016,61.29999923706055,6341200,42.7648811340332
COP,COP,2015-03-12,61.58000183105469,61.90999984741211,61.31999969482422,61.36000061035156,5520900,42.80674362182617
COP,COP,2015-03-13,60.7599983215332,61.79999923706055,60.56999969482422,61.63999938964844,8255800,43.002071380615234
COP,COP,2015-03-16,61.209999084472656,62.459999084472656,60.83000183105469,62.400001525878906,6318000,43.53227233886719
COP,COP,2015-03-17,62.0099983215332,62.4900016784668,61.380001068115234,62.0099983215332,6488900,43.26020431518555
COP,COP,2015-03-18,61.540000915527344,64.30999755859375,61.5099983215332,63.63999938964844,9536300,44.39734649658203
COP,COP,2015-03-19,62.779998779296875,63.310001373291016,62.45000076293945,62.7599983215332,7907100,43.78343200683594
COP,COP,2015-03-20,63.150001525878906,64.12000274658203,63.0,63.84000015258789,10059900,44.536861419677734
COP,COP,2015-03-23,64.0,64.18000030517578,63.209999084472656,63.22999954223633,7428600,44.11130905151367
COP,COP,2015-03-24,63.45000076293945,63.619998931884766,62.529998779296875,62.54999923706055,6377400,43.636924743652344
COP,COP,2015-03-25,63.220001220703125,63.5,62.65999984741211,63.04999923706055,7662300,43.9857292175293
COP,COP,2015-03-26,63.95000076293945,64.13999938964844,62.91999816894531,63.2400016784668,6889900,44.118289947509766
COP,COP,2015-03-27,62.959999084472656,63.09000015258789,62.459999084472656,62.93000030517578,5199100,43.90202713012695
COP,COP,2015-03-30,63.47999954223633,64.1500015258789,63.400001525878906,64.0,6027400,44.648494720458984
COP,COP,2015-03-31,63.25,63.470001220703125,62.2400016784668,62.2599983215332,9169700,43.43461608886719
COP,COP,2015-04-01,62.709999084472656,63.4900016784668,62.63999938964844,63.02000045776367,8939300,43.96481704711914
COP,COP,2015-04-02,62.709999084472656,63.40999984741211,62.56999969482422,63.18000030517578,5908200,44.07644271850586
COP,COP,2015-04-06,63.41999816894531,65.87999725341797,63.400001525878906,65.38999938964844,10170000,45.618202209472656
COP,COP,2015-04-07,65.26000213623047,66.04000091552734,65.06999969482422,65.79000091552734,7177200,45.89725875854492
COP,COP,2015-04-08,66.06999969482422,66.2300033569336,64.80000305175781,64.80999755859375,8571600,45.21357727050781
COP,COP,2015-04-09,65.0199966430664,67.45999908447266,64.86000061035156,67.0,10984100,46.74139404296875
COP,COP,2015-04-10,67.36000061035156,67.4000015258789,66.38999938964844,66.52999877929688,6015900,46.41350555419922
COP,COP,2015-04-13,66.9000015258789,67.41999816894531,66.33000183105469,66.33999633789062,5737100,46.280948638916016
COP,COP,2015-04-14,66.81999969482422,68.55000305175781,66.73999786376953,68.36000061035156,8917600,47.69017791748047
COP,COP,2015-04-15,68.91000366210938,69.66000366210938,68.5,69.4000015258789,7773700,48.41570281982422
COP,COP,2015-04-16,68.98999786376953,69.72000122070312,68.20999908447266,69.01000213623047,8395000,48.143638610839844
COP,COP,2015-04-17,68.58999633789062,68.58999633789062,67.18000030517578,67.69000244140625,9616700,47.2227668762207
COP,COP,2015-04-20,68.08999633789062,69.25,68.05000305175781,68.61000061035156,7846100,47.86457443237305
COP,COP,2015-04-21,68.61000061035156,68.98999786376953,67.6500015258789,68.0199966430664,5563400,47.452972412109375
COP,COP,2015-04-22,67.94999694824219,68.13999938964844,67.12999725341797,67.87999725341797,4480200,47.35530090332031
COP,COP,2015-04-23,68.26000213623047,68.87999725341797,68.01000213623047,68.26000213623047,4627500,47.620399475097656
COP,COP,2015-04-24,67.8499984741211,67.87000274658203,67.02999877929688,67.51000213623047,6275700,47.09718704223633
COP,COP,2015-04-27,67.77999877929688,67.97000122070312,67.0,67.05999755859375,4427900,46.78323745727539
COP,COP,2015-04-28,67.19999694824219,67.76000213623047,67.01000213623047,67.73999786376953,4265700,47.257652282714844
COP,COP,2015-04-29,67.41999816894531,68.30999755859375,67.22000122070312,68.05999755859375,6038400,47.48086929321289
COP,COP,2015-04-30,69.0199966430664,69.02999877929688,67.66000366210938,67.91999816894531,7365700,47.38322448730469
COP,COP,2015-05-01,67.73999786376953,67.9800033569336,66.97000122070312,67.44000244140625,5974400,47.0483512878418
COP,COP,2015-05-04,67.41000366210938,67.62000274658203,66.69999694824219,67.0199966430664,6638100,46.75535583496094
COP,COP,2015-05-05,67.44000244140625,68.36000061035156,66.9800033569336,67.19999694824219,9142900,46.88091278076172
COP,COP,2015-05-06,67.95999908447266,68.16999816894531,66.79000091552734,67.2300033569336,7089600,46.90185546875
COP,COP,2015-05-07,67.52999877929688,67.52999877929688,66.0999984741211,66.62000274658203,6298900,46.47630310058594
COP,COP,2015-05-08,67.13999938964844,67.37000274658203,66.36000061035156,67.16999816894531,5961200,46.859981536865234
COP,COP,2015-05-11,67.12000274658203,67.19999694824219,65.11000061035156,65.27999877929688,7261800,45.541473388671875
COP,COP,2015-05-12,65.29000091552734,65.6500015258789,65.05000305175781,65.4000015258789,4719700,45.62518310546875
COP,COP,2015-05-13,65.80000305175781,66.02999877929688,65.1500015258789,65.38999938964844,5424500,45.618202209472656
COP,COP,2015-05-14,65.54000091552734,66.11000061035156,65.33000183105469,65.41999816894531,4345300,45.639129638671875
COP,COP,2015-05-15,65.25,66.05999755859375,65.05999755859375,65.76000213623047,4728800,45.876338958740234
COP,COP,2015-05-18,65.75,66.22000122070312,65.18000030517578,66.04000091552734,5158600,46.0716667175293
COP,COP,2015-05-19,65.75,65.75,65.11000061035156,65.12000274658203,7946000,45.42985153198242
COP,COP,2015-05-20,64.75,64.94999694824219,64.12000274658203,64.77999877929688,4837600,45.705013275146484
COP,COP,2015-05-21,65.12999725341797,65.75,64.87000274658203,65.58000183105469,6049900,46.269439697265625
COP,COP,2015-05-22,65.04000091552734,65.66000366210938,64.9000015258789,65.11000061035156,3804900,45.937835693359375
COP,COP,2015-05-26,64.56999969482422,64.81999969482422,63.5,63.84000015258789,6128800,45.04179763793945
COP,COP,2015-05-27,63.939998626708984,64.98999786376953,63.70000076293945,63.81999969482422,6754900,45.02769088745117
COP,COP,2015-05-28,63.529998779296875,63.95000076293945,63.11000061035156,63.86000061035156,5192500,45.055912017822266
COP,COP,2015-05-29,63.70000076293945,64.08000183105469,63.439998626708984,63.68000030517578,5701600,44.928916931152344
COP,COP,2015-06-01,64.45999908447266,64.47000122070312,63.2400016784668,63.61000061035156,4140400,44.879512786865234
COP,COP,2015-06-02,63.70000076293945,64.31999969482422,63.40999984741211,64.06999969482422,5076800,45.20407485961914
COP,COP,2015-06-03,63.810001373291016,64.29000091552734,63.619998931884766,63.79999923706055,5380800,45.013572692871094
COP,COP,2015-06-04,63.40999984741211,63.7400016784668,62.93000030517578,63.0,5361700,44.44913864135742
COP,COP,2015-06-05,62.7599983215332,64.22000122070312,62.709999084472656,63.040000915527344,5809900,44.47736358642578
COP,COP,2015-06-08,62.91999816894531,63.470001220703125,62.779998779296875,63.43000030517578,6630600,44.75252914428711
COP,COP,2015-06-09,63.779998779296875,64.33000183105469,63.060001373291016,63.060001373291016,6316900,44.491477966308594
COP,COP,2015-06-10,63.90999984741211,64.23999786376953,63.4900016784668,64.0199966430664,4776300,45.16878128051758
COP,COP,2015-06-11,63.970001220703125,64.23999786376953,63.849998474121094,64.02999877929688,3890700,45.17584991455078
COP,COP,2015-06-12,63.7599983215332,63.849998474121094,63.130001068115234,63.5099983215332,4996900,44.80896759033203
COP,COP,2015-06-15,63.08000183105469,63.63999938964844,62.79999923706055,63.27000045776367,4710200,44.639625549316406
COP,COP,2015-06-16,63.439998626708984,63.54999923706055,62.689998626708984,63.43000030517578,5310200,44.75252914428711
COP,COP,2015-06-17,63.880001068115234,64.12999725341797,62.709999084472656,63.09000015258789,4741000,44.51264190673828
COP,COP,2015-06-18,63.150001525878906,63.5,62.79999923706055,62.93000030517578,5413300,44.39974594116211
COP,COP,2015-06-19,62.54999923706055,63.279998779296875,62.130001068115234,62.349998474121094,13125900,43.99053955078125
COP,COP,2015-06-22,62.47999954223633,62.970001220703125,62.189998626708984,62.58000183105469,4356600,44.152809143066406
COP,COP,2015-06-23,62.68000030517578,63.349998474121094,62.5099983215332,63.16999816894531,3643700,44.56907653808594
COP,COP,2015-06-24,63.130001068115234,63.54999923706055,62.83000183105469,62.83000183105469,3974800,44.32917404174805
COP,COP,2015-06-25,63.16999816894531,63.16999816894531,62.130001068115234,62.220001220703125,4706500,43.89881896972656
COP,COP,2015-06-26,62.150001525878906,62.279998779296875,61.720001220703125,62.18000030517578,6684200,43.8705940246582
COP,COP,2015-06-29,61.41999816894531,61.7400016784668,61.0,61.0099983215332,5256900,43.04512023925781
COP,COP,2015-06-30,61.529998779296875,61.61000061035156,60.86000061035156,61.40999984741211,5356200,43.32732009887695
COP,COP,2015-07-01,61.5099983215332,61.5099983215332,59.689998626708984,60.029998779296875,7394100,42.35367965698242
COP,COP,2015-07-02,60.18000030517578,60.77000045776367,60.18000030517578,60.52000045776367,6777200,42.69939422607422
COP,COP,2015-07-06,59.52000045776367,59.7599983215332,58.720001220703125,59.060001373291016,7553700,41.66929244995117
COP,COP,2015-07-07,58.900001525878906,59.900001525878906,58.2400016784668,59.650001525878906,7129800,42.085567474365234
COP,COP,2015-07-08,59.13999938964844,59.720001220703125,58.08000183105469,58.36000061035156,5629100,41.17543411254883
COP,COP,2015-07-09,59.650001525878906,59.7599983215332,58.65999984741211,58.66999816894531,5436600,41.394142150878906
COP,COP,2015-07-10,59.310001373291016,59.540000915527344,58.66999816894531,59.130001068115234,5056900,41.71868896484375
COP,COP,2015-07-13,59.11000061035156,59.20000076293945,58.63999938964844,58.93000030517578,4905900,41.57759094238281
COP,COP,2015-07-14,58.75,59.7400016784668,58.689998626708984,59.529998779296875,5481000,42.00090408325195
COP,COP,2015-07-15,59.11000061035156,59.54999923706055,58.130001068115234,58.41999816894531,5229800,41.217750549316406
COP,COP,2015-07-16,58.61000061035156,58.779998779296875,57.68000030517578,57.95000076293945,5322900,40.886146545410156
COP,COP,2015-07-17,57.599998474121094,57.88999938964844,56.650001525878906,57.20000076293945,7363800,40.35699462890625
COP,COP,2015-07-20,57.18000030517578,57.20000076293945,56.15999984741211,56.56999969482422,8086900,39.91250991821289
COP,COP,2015-07-21,56.7599983215332,57.15999984741211,56.16999816894531,56.4900016784668,8424500,39.85605239868164
COP,COP,2015-07-22,56.290000915527344,56.38999938964844,55.66999816894531,55.83000183105469,10373300,39.39039993286133
COP,COP,2015-07-23,55.099998474121094,55.310001373291016,53.29999923706055,54.040000915527344,12065300,38.63963317871094
COP,COP,2015-07-24,53.95000076293945,53.95000076293945,51.97999954223633,52.09000015258789,13241700,37.24534225463867
COP,COP,2015-07-27,51.34000015258789,52.02000045776367,50.540000915527344,50.650001525878906,14268100,36.21571350097656
COP,COP,2015-07-28,50.939998626708984,52.959999084472656,50.869998931884766,52.2400016784668,13384600,37.35260772705078
COP,COP,2015-07-29,52.04999923706055,53.439998626708984,52.0,52.900001525878906,11816700,37.82450485229492
COP,COP,2015-07-30,52.9900016784668,53.290000915527344,51.880001068115234,52.06999969482422,10081600,37.231048583984375
COP,COP,2015-07-31,51.43000030517578,51.45000076293945,50.25,50.34000015258789,12202300,35.99406433105469
COP,COP,2015-08-03,49.79999923706055,50.470001220703125,49.33000183105469,49.709999084472656,11241100,35.543601989746094
COP,COP,2015-08-04,49.59000015258789,50.34000015258789,49.59000015258789,49.869998931884766,7690600,35.657997131347656
COP,COP,2015-08-05,50.29999923706055,50.849998474121094,49.029998779296875,49.119998931884766,8047200,35.12173843383789
COP,COP,2015-08-06,48.88999938964844,50.36000061035156,48.33000183105469,50.279998779296875,11641100,35.95116424560547
COP,COP,2015-08-07,50.25,50.650001525878906,48.61000061035156,48.84000015258789,10286300,34.921531677246094
COP,COP,2015-08-10,48.88999938964844,50.209999084472656,48.54999923706055,50.20000076293945,10574000,35.89395523071289
COP,COP,2015-08-11,49.279998779296875,50.52000045776367,49.060001373291016,50.400001525878906,10713600,36.036964416503906
COP,COP,2015-08-12,50.209999084472656,51.880001068115234,50.150001525878906,51.540000915527344,13986500,36.85208511352539
COP,COP,2015-08-13,51.0,51.04999923706055,49.86000061035156,50.099998474121094,10045500,35.82244110107422
COP,COP,2015-08-14,49.9900016784668,50.290000915527344,49.689998626708984,49.77000045776367,7850100,35.58650588989258
COP,COP,2015-08-17,49.47999954223633,49.810001373291016,49.2599983215332,49.560001373291016,5807400,35.43635177612305
COP,COP,2015-08-18,49.619998931884766,49.790000915527344,49.130001068115234,49.5099983215332,7310200,35.40058517456055
COP,COP,2015-08-19,49.279998779296875,49.279998779296875,47.04999923706055,47.68000030517578,14528500,34.09211349487305
COP,COP,2015-08-20,47.45000076293945,48.099998474121094,47.0,47.0,10554700,33.60589599609375
COP,COP,2015-08-21,46.65999984741211,47.380001068115234,45.380001068115234,45.38999938964844,13905700,32.4547119140625
COP,COP,2015-08-24,41.97999954223633,44.93000030517578,41.099998474121094,42.93000030517578,21256700,30.69577407836914
COP,COP,2015-08-25,45.02000045776367,45.02000045776367,42.13999938964844,42.189998626708984,15891800,30.166654586791992
COP,COP,2015-08-26,42.93000030517578,43.56999969482422,42.25,43.40999984741211,18991000,31.038990020751953
COP,COP,2015-08-27,44.619998931884766,46.529998779296875,44.45000076293945,45.869998931884766,19431600,32.79792404174805
COP,COP,2015-08-28,45.560001373291016,48.0,45.560001373291016,46.81999969482422,14902000,33.47718811035156
COP,COP,2015-08-31,46.29999923706055,49.31999969482422,45.70000076293945,49.150001525878906,17775100,35.143192291259766
COP,COP,2015-09-01,48.16999816894531,48.16999816894531,46.790000915527344,47.75,17192400,34.14216995239258
COP,COP,2015-09-02,48.29999923706055,48.65999984741211,47.0,48.189998626708984,11265800,34.456764221191406
COP,COP,2015-09-03,48.5,49.869998931884766,47.77000045776367,48.18000030517578,9703800,34.449615478515625
COP,COP,2015-09-04,47.209999084472656,47.599998474121094,46.86000061035156,47.20000076293945,10520200,33.7489128112793
COP,COP,2015-09-08,48.27000045776367,48.68000030517578,47.150001525878906,48.459999084472656,13561500,34.64983367919922
COP,COP,2015-09-09,49.04999923706055,49.70000076293945,47.59000015258789,47.849998474121094,16203100,34.21366500854492
COP,COP,2015-09-10,48.0,48.75,47.33000183105469,48.43000030517578,8874700,34.62837600708008
COP,COP,2015-09-11,47.7400016784668,47.7599983215332,46.95000076293945,47.36000061035156,9270700,33.863304138183594
COP,COP,2015-09-14,47.119998931884766,47.150001525878906,46.34000015258789,46.77000045776367,8768800,33.44145584106445
COP,COP,2015-09-15,47.150001525878906,47.790000915527344,47.11000061035156,47.279998779296875,6678200,33.80610275268555
COP,COP,2015-09-16,47.709999084472656,49.540000915527344,47.63999938964844,49.470001220703125,11354000,35.37199401855469
COP,COP,2015-09-17,49.40999984741211,50.90999984741211,49.060001373291016,50.130001068115234,14823600,35.84390640258789
COP,COP,2015-09-18,49.150001525878906,49.52000045776367,47.93000030517578,48.36000061035156,12763300,34.57831573486328
COP,COP,2015-09-21,48.849998474121094,49.0,48.13999938964844,48.75,7728200,34.85718536376953
COP,COP,2015-09-22,47.72999954223633,49.0,47.61000061035156,48.619998931884766,10223400,34.76423645019531
COP,COP,2015-09-23,48.720001220703125,48.97999954223633,47.810001373291016,47.86000061035156,6323000,34.2208137512207
COP,COP,2015-09-24,47.5099983215332,48.22999954223633,47.33000183105469,47.7599983215332,8185800,34.14929962158203
COP,COP,2015-09-25,48.540000915527344,48.540000915527344,46.91999816894531,47.189998626708984,8631400,33.74174499511719
COP,COP,2015-09-28,46.439998626708984,47.04999923706055,45.84000015258789,45.849998474121094,8003400,32.78361892700195
COP,COP,2015-09-29,46.279998779296875,46.689998626708984,45.720001220703125,46.56999969482422,7978000,33.298431396484375
COP,COP,2015-09-30,46.91999816894531,48.0,46.900001525878906,47.959999084472656,8814400,34.29230880737305
COP,COP,2015-10-01,48.689998626708984,49.400001525878906,47.540000915527344,48.15999984741211,10430300,34.43531799316406
COP,COP,2015-10-02,47.58000183105469,51.189998626708984,47.560001373291016,51.189998626708984,12573500,36.60183334350586
COP,COP,2015-10-05,51.939998626708984,53.130001068115234,51.5099983215332,52.97999954223633,12806600,37.8817138671875
COP,COP,2015-10-06,53.18000030517578,55.529998779296875,53.060001373291016,55.13999938964844,15414000,39.426151275634766
COP,COP,2015-10-07,55.939998626708984,56.380001068115234,53.84000015258789,55.27000045776367,13745300,39.51910400390625
COP,COP,2015-10-08,55.0,56.54999923706055,54.59000015258789,56.279998779296875,9496900,40.241268157958984
COP,COP,2015-10-09,56.59000015258789,56.689998626708984,55.209999084472656,56.099998474121094,9118800,40.11255645751953
COP,COP,2015-10-12,56.06999969482422,56.099998474121094,54.459999084472656,55.27000045776367,7484500,39.51910400390625
COP,COP,2015-10-13,54.779998779296875,55.900001525878906,54.36000061035156,55.040000915527344,6214700,39.35464859008789
COP,COP,2015-10-14,55.04999923706055,55.70000076293945,54.88999938964844,55.459999084472656,6410200,39.65495300292969
COP,COP,2015-10-15,54.36000061035156,55.279998779296875,53.79999923706055,55.22999954223633,7832400,40.02455139160156
COP,COP,2015-10-16,55.689998626708984,55.95000076293945,54.5099983215332,55.22999954223633,7317000,40.02455139160156
COP,COP,2015-10-19,54.4900016784668,54.779998779296875,53.47999954223633,53.689998626708984,7980700,38.90851974487305
COP,COP,2015-10-20,53.900001525878906,54.25,53.189998626708984,53.540000915527344,8553600,38.7998161315918
COP,COP,2015-10-21,53.40999984741211,53.81999969482422,52.900001525878906,52.970001220703125,6331400,38.38675308227539
COP,COP,2015-10-22,53.33000183105469,54.7599983215332,53.189998626708984,54.58000183105469,7372600,39.55350875854492
COP,COP,2015-10-23,54.29999923706055,54.810001373291016,53.650001525878906,54.61000061035156,5907200,39.57524490356445
COP,COP,2015-10-26,54.560001373291016,54.56999969482422,52.939998626708984,52.95000076293945,5565200,38.372257232666016
COP,COP,2015-10-27,52.0099983215332,52.130001068115234,50.7400016784668,51.689998626708984,7990200,37.45917510986328
COP,COP,2015-10-28,51.75,53.66999816894531,51.58000183105469,53.34000015258789,9326000,38.654884338378906
COP,COP,2015-10-29,52.189998626708984,54.54999923706055,51.13999938964844,53.619998931884766,9326300,38.8577995300293
COP,COP,2015-10-30,53.93000030517578,54.16999816894531,52.59000015258789,53.349998474121094,7544600,38.66212463378906
COP,COP,2015-11-02,53.0,55.25,52.869998931884766,54.939998626708984,8140600,39.814395904541016
COP,COP,2015-11-03,55.29999923706055,57.150001525878906,55.15999984741211,56.72999954223633,9126400,41.111576080322266
COP,COP,2015-11-04,56.72999954223633,56.79999923706055,55.470001220703125,56.34000015258789,8720200,40.82896423339844
COP,COP,2015-11-05,55.880001068115234,57.2400016784668,55.77000045776367,56.279998779296875,7232800,40.78546905517578
COP,COP,2015-11-06,55.77000045776367,56.439998626708984,55.0,55.77000045776367,6562200,40.41587448120117
COP,COP,2015-11-09,55.630001068115234,56.13999938964844,54.38999938964844,54.63999938964844,5615200,39.59697341918945
COP,COP,2015-11-10,54.47999954223633,55.150001525878906,54.0,54.650001525878906,5186800,39.604225158691406
COP,COP,2015-11-11,54.52000045776367,54.7400016784668,53.33000183105469,53.439998626708984,6977700,38.72736740112305
COP,COP,2015-11-12,52.45000076293945,53.08000183105469,51.79999923706055,51.970001220703125,7391100,37.662071228027344
COP,COP,2015-11-13,51.88999938964844,52.11000061035156,51.029998779296875,51.83000183105469,6390900,37.560604095458984
COP,COP,2015-11-16,51.900001525878906,54.439998626708984,51.59000015258789,54.369998931884766,8294200,39.40131759643555
COP,COP,2015-11-17,54.150001525878906,54.689998626708984,53.45000076293945,53.900001525878906,6222900,39.06072235107422
COP,COP,2015-11-18,54.439998626708984,55.06999969482422,53.439998626708984,54.47999954223633,4918700,39.481040954589844
COP,COP,2015-11-19,54.189998626708984,54.470001220703125,53.18000030517578,53.560001373291016,6315700,38.81431579589844
COP,COP,2015-11-20,53.619998931884766,54.04999923706055,52.63999938964844,52.93000030517578,5729300,38.3577766418457
COP,COP,2015-11-23,52.790000915527344,53.77000045776367,52.470001220703125,53.279998779296875,5609900,38.61141586303711
COP,COP,2015-11-24,53.459999084472656,55.61000061035156,53.380001068115234,55.31999969482422,8209400,40.08977508544922
COP,COP,2015-11-25,54.9900016784668,55.08000183105469,54.31999969482422,54.380001068115234,5144100,39.4085693359375
COP,COP,2015-11-27,53.83000183105469,54.09000015258789,53.25,53.47999954223633,2786000,38.756351470947266
COP,COP,2015-11-30,53.5099983215332,54.4900016784668,53.349998474121094,54.04999923706055,8738300,39.16941452026367
COP,COP,2015-12-01,54.459999084472656,54.75,53.900001525878906,54.61000061035156,7704100,39.57524490356445
COP,COP,2015-12-02,54.209999084472656,54.56999969482422,52.18000030517578,52.54999923706055,10649300,38.08238983154297
COP,COP,2015-12-03,52.810001373291016,52.97999954223633,51.47999954223633,51.61000061035156,10673000,37.401180267333984
COP,COP,2015-12-04,50.84000015258789,51.4900016784668,50.15999984741211,51.189998626708984,9393900,37.09680938720703
COP,COP,2015-12-07,49.72999954223633,50.290000915527344,48.15999984741211,48.9900016784668,11541400,35.502498626708984
COP,COP,2015-12-08,47.650001525878906,49.150001525878906,46.880001068115234,48.29999923706055,8723000,35.0024528503418
COP,COP,2015-12-09,48.349998474121094,49.7400016784668,47.75,48.470001220703125,9891000,35.12567138671875
COP,COP,2015-12-10,48.22999954223633,49.95000076293945,48.0099983215332,49.220001220703125,11059900,35.66917037963867
COP,COP,2015-12-11,48.25,48.45000076293945,46.810001373291016,48.130001068115234,14658400,34.8792610168457
COP,COP,2015-12-14,47.58000183105469,50.13999938964844,47.400001525878906,49.529998779296875,14173900,35.893821716308594
COP,COP,2015-12-15,50.349998474121094,51.060001373291016,50.13999938964844,50.560001373291016,10759900,36.64026641845703
COP,COP,2015-12-16,50.29999923706055,50.84000015258789,49.119998931884766,49.349998474121094,11438900,35.76338577270508
COP,COP,2015-12-17,49.369998931884766,49.459999084472656,46.91999816894531,47.279998779296875,12951100,34.26327896118164
COP,COP,2015-12-18,47.04999923706055,47.58000183105469,45.7599983215332,45.93000030517578,16525400,33.284950256347656
COP,COP,2015-12-21,46.029998779296875,46.150001525878906,44.560001373291016,45.099998474121094,10873300,32.6834602355957
COP,COP,2015-12-22,45.18000030517578,46.560001373291016,44.90999984741211,46.279998779296875,10361500,33.5385856628418
COP,COP,2015-12-23,47.290000915527344,49.06999969482422,47.27000045776367,49.029998779296875,9806900,35.531490325927734
COP,COP,2015-12-24,49.040000915527344,49.209999084472656,48.060001373291016,48.59000015258789,3262100,35.21261215209961
COP,COP,2015-12-28,47.61000061035156,47.790000915527344,46.939998626708984,47.189998626708984,8786600,34.19804763793945
COP,COP,2015-12-29,48.22999954223633,48.369998931884766,47.20000076293945,47.77000045776367,6285300,34.618370056152344
COP,COP,2015-12-30,46.939998626708984,47.7400016784668,46.540000915527344,46.599998474121094,6605100,33.77049255371094
COP,COP,2015-12-31,46.060001373291016,47.20000076293945,45.880001068115234,46.689998626708984,6681700,33.83570861816406
COP,COP,2016-01-04,46.40999984741211,47.77000045776367,46.08000183105469,46.880001068115234,8918000,33.97340393066406
COP,COP,2016-01-05,46.66999816894531,47.52000045776367,45.9900016784668,47.400001525878906,7012400,34.35024642944336
COP,COP,2016-01-06,46.099998474121094,46.31999969482422,45.040000915527344,45.349998474121094,10995600,32.86463165283203
COP,COP,2016-01-07,44.7400016784668,45.619998931884766,43.91999816894531,44.060001373291016,10844000,31.92978286743164
COP,COP,2016-01-08,44.18000030517578,44.59000015258789,42.869998931884766,43.290000915527344,9118800,31.37177276611328
COP,COP,2016-01-11,43.31999969482422,43.619998931884766,40.599998474121094,41.119998931884766,17258800,29.7992000579834
COP,COP,2016-01-12,41.869998931884766,42.040000915527344,39.130001068115234,40.25,16782900,29.168725967407227
COP,COP,2016-01-13,40.75,41.790000915527344,38.869998931884766,39.0,19016500,28.26285743713379
COP,COP,2016-01-14,39.209999084472656,41.83000183105469,38.65999984741211,41.25,18244800,29.893402099609375
COP,COP,2016-01-15,39.34000015258789,40.45000076293945,38.36000061035156,39.36000061035156,19118600,28.52374839782715
COP,COP,2016-01-19,39.7400016784668,39.88999938964844,35.599998474121094,36.400001525878906,20838200,26.378673553466797
COP,COP,2016-01-20,35.540000915527344,35.61000061035156,32.709999084472656,34.75,31382700,25.182931900024414
COP,COP,2016-01-21,34.869998931884766,37.34000015258789,34.63999938964844,36.90999984741211,19576200,26.748258590698242
COP,COP,2016-01-22,38.209999084472656,39.56999969482422,36.7400016784668,37.66999816894531,18558700,27.299015045166016
COP,COP,2016-01-25,36.79999923706055,37.47999954223633,34.189998626708984,34.20000076293945,19646800,24.78435707092285
COP,COP,2016-01-26,35.06999969482422,35.90999984741211,33.439998626708984,35.349998474121094,28696200,25.617738723754883
COP,COP,2016-01-27,34.91999816894531,37.72999954223633,34.18000030517578,36.209999084472656,22071800,26.240970611572266
COP,COP,2016-01-28,37.91999816894531,39.43000030517578,37.08000183105469,38.02000045776367,16876200,27.552661895751953
COP,COP,2016-01-29,38.09000015258789,39.27000045776367,37.52000045776367,39.08000183105469,18712600,28.320831298828125
COP,COP,2016-02-01,38.2400016784668,38.97999954223633,37.61000061035156,38.599998474121094,12782800,27.972972869873047
COP,COP,2016-02-02,37.61000061035156,38.18000030517578,36.439998626708984,36.59000015258789,15918800,26.5163631439209
COP,COP,2016-02-03,37.59000015258789,38.72999954223633,35.59000015258789,38.630001068115234,19847700,27.994720458984375
COP,COP,2016-02-04,38.5,39.0,35.02000045776367,35.31999969482422,49188200,25.59600830078125
COP,COP,2016-02-05,34.02000045776367,34.40999984741211,31.59000015258789,32.900001525878906,46173200,23.84226417541504
COP,COP,2016-02-08,31.950000762939453,34.5,31.68000030517578,34.43000030517578,21946200,24.95102882385254
COP,COP,2016-02-09,33.220001220703125,34.15999984741211,32.70000076293945,33.58000183105469,20405400,24.33504295349121
COP,COP,2016-02-10,33.290000915527344,34.380001068115234,32.060001373291016,32.34000015258789,16643400,23.436429977416992
COP,COP,2016-02-11,31.229999542236328,32.380001068115234,31.049999237060547,31.8799991607666,20843100,23.283052444458008
COP,COP,2016-02-12,32.290000915527344,33.349998474121094,31.899999618530273,32.900001525878906,14965400,24.02800941467285
COP,COP,2016-02-16,33.4900016784668,33.70000076293945,32.54999923706055,32.7599983215332,12851700,23.925756454467773
COP,COP,2016-02-17,33.29999923706055,34.38999938964844,33.029998779296875,33.90999984741211,18316600,24.765634536743164
COP,COP,2016-02-18,34.47999954223633,34.5099983215332,33.439998626708984,33.70000076293945,16898700,24.61226463317871
COP,COP,2016-02-19,33.150001525878906,33.279998779296875,32.09000015258789,32.869998931884766,14644000,24.006093978881836
COP,COP,2016-02-22,32.869998931884766,34.70000076293945,32.869998931884766,34.45000076293945,11544000,25.160022735595703
COP,COP,2016-02-23,33.91999816894531,34.61000061035156,32.90999984741211,32.91999816894531,9719600,24.0426082611084
COP,COP,2016-02-24,32.099998474121094,33.040000915527344,31.81999969482422,32.959999084472656,10965300,24.071819305419922
COP,COP,2016-02-25,33.06999969482422,33.349998474121094,31.969999313354492,33.060001373291016,10323200,24.144851684570312
COP,COP,2016-02-26,33.86000061035156,34.810001373291016,33.81999969482422,34.119998931884766,11003000,24.919002532958984
COP,COP,2016-02-29,34.56999969482422,34.59000015258789,33.58000183105469,33.83000183105469,10521700,24.707210540771484
COP,COP,2016-03-01,34.06999969482422,34.75,33.34000015258789,34.459999084472656,11581000,25.167322158813477
COP,COP,2016-03-02,34.279998779296875,36.5099983215332,34.099998474121094,36.4900016784668,16943700,26.649911880493164
COP,COP,2016-03-03,36.5,38.810001373291016,36.31999969482422,38.560001373291016,20248700,28.161693572998047
COP,COP,2016-03-04,38.91999816894531,41.68000030517578,38.79999923706055,41.119998931884766,24819100,30.03135108947754
COP,COP,2016-03-07,41.25,42.45000076293945,40.900001525878906,41.400001525878906,17548300,30.2358455657959
COP,COP,2016-03-08,41.20000076293945,41.25,38.560001373291016,38.619998931884766,14129300,28.205516815185547
COP,COP,2016-03-09,39.349998474121094,39.720001220703125,38.380001068115234,39.04999923706055,13347800,28.51955795288086
COP,COP,2016-03-10,38.869998931884766,39.13999938964844,38.36000061035156,39.029998779296875,10860100,28.50494956970215
COP,COP,2016-03-11,39.79999923706055,40.65999984741211,39.72999954223633,40.52000045776367,13656300,29.59315299987793
COP,COP,2016-03-14,39.70000076293945,40.459999084472656,39.38999938964844,40.0099983215332,9316700,29.22067642211914
COP,COP,2016-03-15,39.209999084472656,39.849998474121094,38.81999969482422,39.83000183105469,7838800,29.089216232299805
COP,COP,2016-03-16,40.2400016784668,41.970001220703125,40.18000030517578,41.869998931884766,10151400,30.579111099243164
COP,COP,2016-03-17,42.400001525878906,43.779998779296875,42.189998626708984,43.0099983215332,12435000,31.411678314208984
COP,COP,2016-03-18,43.59000015258789,44.400001525878906,42.45000076293945,43.02000045776367,20946200,31.418983459472656
COP,COP,2016-03-21,42.72999954223633,43.40999984741211,42.15999984741211,42.58000183105469,8409600,31.097631454467773
COP,COP,2016-03-22,42.25,42.779998779296875,41.90999984741211,41.91999816894531,8245300,30.61561393737793
COP,COP,2016-03-23,41.290000915527344,41.68000030517578,39.810001373291016,39.849998474121094,11232700,29.103822708129883
COP,COP,2016-03-24,38.93000030517578,40.099998474121094,38.529998779296875,40.040000915527344,9218300,29.242591857910156
COP,COP,2016-03-28,40.099998474121094,40.150001525878906,39.02000045776367,39.68000030517578,6647600,28.979663848876953
COP,COP,2016-03-29,39.02000045776367,39.72999954223633,38.560001373291016,39.619998931884766,8115800,28.93584632873535
COP,COP,2016-03-30,40.47999954223633,40.7599983215332,39.56999969482422,40.08000183105469,7777000,29.271804809570312
COP,COP,2016-03-31,39.959999084472656,40.540000915527344,39.70000076293945,40.27000045776367,9353100,29.41057777404785
COP,COP,2016-04-01,39.38999938964844,39.91999816894531,38.790000915527344,39.779998779296875,9090500,29.052705764770508
COP,COP,2016-04-04,39.790000915527344,40.34000015258789,38.97999954223633,39.099998474121094,8663000,28.556076049804688
COP,COP,2016-04-05,38.75,39.290000915527344,38.189998626708984,39.040000915527344,7838100,28.51226234436035
COP,COP,2016-04-06,39.400001525878906,40.97999954223633,39.16999816894531,40.75,9816800,29.761123657226562
COP,COP,2016-04-07,40.43000030517578,41.029998779296875,39.7400016784668,40.310001373291016,7117600,29.43977928161621
COP,COP,2016-04-08,41.619998931884766,41.88999938964844,40.93000030517578,41.22999954223633,8081300,30.11168098449707
COP,COP,2016-04-11,41.43000030517578,41.97999954223633,41.150001525878906,41.189998626708984,7177800,30.082481384277344
COP,COP,2016-04-12,41.56999969482422,43.83000183105469,41.36000061035156,43.470001220703125,10651800,31.747636795043945
COP,COP,2016-04-13,43.630001068115234,43.959999084472656,43.0099983215332,43.58000183105469,9397600,31.827959060668945
COP,COP,2016-04-14,43.83000183105469,44.29999923706055,43.459999084472656,44.220001220703125,8241200,32.295379638671875
COP,COP,2016-04-15,43.75,44.16999816894531,43.52000045776367,43.70000076293945,8164500,31.91561508178711
COP,COP,2016-04-18,42.09000015258789,45.0,42.040000915527344,45.0,9362700,32.86505126953125
COP,COP,2016-04-19,45.209999084472656,47.099998474121094,44.970001220703125,47.060001373291016,12874100,34.369529724121094
COP,COP,2016-04-20,46.72999954223633,47.65999984741211,46.09000015258789,47.08000183105469,8500400,34.38414764404297
COP,COP,2016-04-21,46.9900016784668,47.31999969482422,46.119998931884766,46.22999954223633,10010700,33.76334762573242
COP,COP,2016-04-22,46.34000015258789,47.7400016784668,46.2599983215332,47.619998931884766,9399900,34.77851486206055
COP,COP,2016-04-25,47.15999984741211,47.22999954223633,45.84000015258789,46.27000045776367,11597100,33.792579650878906
COP,COP,2016-04-26,46.599998474121094,48.16999816894531,46.34000015258789,48.08000183105469,10715400,35.11448669433594
COP,COP,2016-04-27,48.54999923706055,48.90999984741211,47.81999969482422,48.11000061035156,11556500,35.136390686035156
COP,COP,2016-04-28,48.130001068115234,49.349998474121094,47.5,47.66999816894531,12327600,34.81502914428711
COP,COP,2016-04-29,47.900001525878906,48.83000183105469,46.95000076293945,47.790000915527344,9024000,34.90268325805664
COP,COP,2016-05-02,47.560001373291016,47.689998626708984,46.119998931884766,46.849998474121094,8278800,34.216163635253906
COP,COP,2016-05-03,46.099998474121094,46.2599983215332,44.709999084472656,45.08000183105469,8770100,32.9234733581543
COP,COP,2016-05-04,45.16999816894531,45.650001525878906,43.189998626708984,43.40999984741211,9267000,31.703821182250977
COP,COP,2016-05-05,44.540000915527344,44.97999954223633,42.7599983215332,43.209999084472656,8384600,31.55775260925293
COP,COP,2016-05-06,42.72999954223633,43.58000183105469,42.27000045776367,42.7599983215332,8148100,31.229095458984375
COP,COP,2016-05-09,42.310001373291016,42.4900016784668,41.119998931884766,41.650001525878906,7049800,30.41843032836914
COP,COP,2016-05-10,41.619998931884766,42.88999938964844,41.58000183105469,42.869998931884766,7969500,31.309425354003906
COP,COP,2016-05-11,42.869998931884766,44.43000030517578,42.310001373291016,43.68000030517578,8913000,31.901010513305664
COP,COP,2016-05-12,44.04999923706055,44.689998626708984,43.04999923706055,43.72999954223633,8380800,31.937524795532227
COP,COP,2016-05-13,43.369998931884766,43.91999816894531,42.84000015258789,43.02000045776367,6203300,31.418983459472656
COP,COP,2016-05-16,43.790000915527344,44.5099983215332,43.790000915527344,44.08000183105469,7837900,32.19313049316406
COP,COP,2016-05-17,43.880001068115234,44.45000076293945,43.459999084472656,43.779998779296875,11746900,31.974037170410156
COP,COP,2016-05-18,43.380001068115234,44.119998931884766,43.04999923706055,43.34000015258789,8155000,31.83447265625
COP,COP,2016-05-19,42.75,43.619998931884766,42.06999969482422,43.36000061035156,6284300,31.849178314208984
COP,COP,2016-05-20,43.52000045776367,43.9900016784668,43.040000915527344,43.58000183105469,6397700,32.01076889038086
COP,COP,2016-05-23,43.20000076293945,43.91999816894531,43.0,43.59000015258789,6753800,32.01810836791992
COP,COP,2016-05-24,43.91999816894531,43.97999954223633,43.290000915527344,43.459999084472656,5989300,31.922616958618164
COP,COP,2016-05-25,43.900001525878906,45.060001373291016,43.849998474121094,44.900001525878906,6456200,32.980342864990234
COP,COP,2016-05-26,45.41999816894531,45.779998779296875,44.689998626708984,44.72999954223633,7813700,32.855472564697266
COP,COP,2016-05-27,44.27000045776367,44.43000030517578,43.849998474121094,44.33000183105469,6068600,32.56166076660156
COP,COP,2016-05-31,44.59000015258789,45.27000045776367,43.68000030517578,43.790000915527344,9511600,32.165016174316406
COP,COP,2016-06-01,43.369998931884766,44.08000183105469,43.209999084472656,44.060001373291016,7262100,32.36334991455078
COP,COP,2016-06-02,43.75,44.630001068115234,43.45000076293945,44.380001068115234,7016600,32.598392486572266
COP,COP,2016-06-03,44.38999938964844,44.720001220703125,43.70000076293945,44.18000030517578,6086800,32.45147705078125
COP,COP,2016-06-06,44.79999923706055,45.630001068115234,44.470001220703125,45.52000045776367,7813100,33.43574523925781
COP,COP,2016-06-07,45.970001220703125,47.56999969482422,45.79999923706055,47.540000915527344,11227800,34.919498443603516
COP,COP,2016-06-08,47.95000076293945,48.45000076293945,47.439998626708984,47.4900016784668,9641000,34.882774353027344
COP,COP,2016-06-09,46.720001220703125,47.13999938964844,46.54999923706055,46.56999969482422,5425100,34.20701217651367
COP,COP,2016-06-10,45.900001525878906,46.119998931884766,44.2599983215332,44.5099983215332,9008300,32.69387435913086
COP,COP,2016-06-13,43.959999084472656,44.959999084472656,43.79999923706055,43.880001068115234,7394900,32.23111343383789
COP,COP,2016-06-14,43.84000015258789,44.599998474121094,43.349998474121094,44.31999969482422,7324500,32.55431365966797
COP,COP,2016-06-15,43.90999984741211,44.5099983215332,43.40999984741211,43.709999084472656,6898000,32.10626220703125
COP,COP,2016-06-16,43.20000076293945,43.31999969482422,42.220001220703125,43.15999984741211,7010100,31.702260971069336
COP,COP,2016-06-17,43.599998474121094,44.7400016784668,43.5099983215332,44.150001525878906,9672800,32.42945098876953
COP,COP,2016-06-20,45.0,45.36000061035156,44.56999969482422,44.689998626708984,8374600,32.82609176635742
COP,COP,2016-06-21,44.58000183105469,45.08000183105469,44.25,44.79999923706055,6783300,32.90687561035156
COP,COP,2016-06-22,45.119998931884766,45.18000030517578,43.90999984741211,43.9900016784668,8649100,32.31193923950195
COP,COP,2016-06-23,44.599998474121094,45.63999938964844,44.27000045776367,45.630001068115234,7714800,33.51655578613281
COP,COP,2016-06-24,43.31999969482422,44.41999816894531,42.91999816894531,43.16999816894531,13630200,31.709611892700195
COP,COP,2016-06-27,42.5099983215332,42.65999984741211,40.52000045776367,40.779998779296875,11940900,29.954082489013672
COP,COP,2016-06-28,41.970001220703125,42.13999938964844,41.439998626708984,41.95000076293945,8996500,30.813488006591797
COP,COP,2016-06-29,42.5,44.220001220703125,42.189998626708984,43.90999984741211,10234900,32.253150939941406
COP,COP,2016-06-30,43.720001220703125,44.119998931884766,43.209999084472656,43.599998474121094,9342200,32.02545166015625
COP,COP,2016-07-01,43.849998474121094,44.41999816894531,43.5,43.5099983215332,9611800,31.959346771240234
COP,COP,2016-07-05,42.720001220703125,42.77000045776367,41.369998931884766,41.70000076293945,10189600,30.629844665527344
COP,COP,2016-07-06,41.54999923706055,42.029998779296875,41.16999816894531,41.900001525878906,7023900,30.776756286621094
COP,COP,2016-07-07,42.29999923706055,42.790000915527344,41.189998626708984,41.5099983215332,8827900,30.49028778076172
COP,COP,2016-07-08,42.349998474121094,42.43000030517578,41.619998931884766,42.29999923706055,10801900,31.070571899414062
COP,COP,2016-07-11,42.7400016784668,42.959999084472656,42.400001525878906,42.45000076293945,6345700,31.180742263793945
COP,COP,2016-07-12,43.15999984741211,44.290000915527344,43.11000061035156,43.79999923706055,10303100,32.17237091064453
COP,COP,2016-07-13,43.79999923706055,44.04999923706055,42.11000061035156,42.869998931884766,9203700,31.489248275756836
COP,COP,2016-07-14,43.5099983215332,43.52000045776367,42.68000030517578,43.02000045776367,6580800,31.59942626953125
COP,COP,2016-07-15,43.27000045776367,43.4900016784668,42.68000030517578,42.939998626708984,5898400,31.540666580200195
COP,COP,2016-07-18,42.72999954223633,42.939998626708984,42.209999084472656,42.709999084472656,5261500,31.371715545654297
COP,COP,2016-07-19,42.45000076293945,42.650001525878906,41.70000076293945,41.90999984741211,7262300,30.78410530090332
COP,COP,2016-07-20,41.720001220703125,42.33000183105469,41.279998779296875,42.029998779296875,6695900,30.872238159179688
COP,COP,2016-07-21,41.79999923706055,42.209999084472656,40.880001068115234,41.040000915527344,8733800,30.325443267822266
COP,COP,2016-07-22,41.11000061035156,41.290000915527344,40.619998931884766,40.7599983215332,7306100,30.11854362487793
COP,COP,2016-07-25,40.43000030517578,40.66999816894531,39.810001373291016,40.2400016784668,7482400,29.73430633544922
COP,COP,2016-07-26,40.04999923706055,40.86000061035156,39.95000076293945,40.790000915527344,5896000,30.140710830688477
COP,COP,2016-07-27,40.939998626708984,41.439998626708984,40.0,40.06999969482422,10159400,29.60868263244629
COP,COP,2016-07-28,40.25,40.77000045776367,39.66999816894531,40.2599983215332,11526700,29.74907112121582
COP,COP,2016-07-29,39.77000045776367,40.90999984741211,39.66999816894531,40.81999969482422,8138900,30.162879943847656
COP,COP,2016-08-01,40.40999984741211,40.41999816894531,39.41999816894531,39.61000061035156,9592300,29.2687931060791
COP,COP,2016-08-02,39.810001373291016,40.04999923706055,38.79999923706055,39.790000915527344,7145800,29.40177345275879
COP,COP,2016-08-03,39.81999969482422,40.34000015258789,39.5,40.310001373291016,8586700,29.786039352416992
COP,COP,2016-08-04,40.16999816894531,40.459999084472656,39.65999984741211,40.099998474121094,6914900,29.63085174560547
COP,COP,2016-08-05,40.290000915527344,40.63999938964844,39.91999816894531,40.599998474121094,8736100,30.000314712524414
COP,COP,2016-08-08,40.97999954223633,41.79999923706055,40.90999984741211,41.560001373291016,9679500,30.709692001342773
COP,COP,2016-08-09,41.7400016784668,41.93000030517578,41.040000915527344,41.2400016784668,7076600,30.473220825195312
COP,COP,2016-08-10,41.45000076293945,41.540000915527344,40.5,40.599998474121094,6375500,30.000314712524414
COP,COP,2016-08-11,40.790000915527344,41.709999084472656,40.31999969482422,41.38999938964844,8784800,30.584074020385742
COP,COP,2016-08-12,41.54999923706055,41.650001525878906,41.18000030517578,41.369998931884766,4948800,30.56928062438965
COP,COP,2016-08-15,41.65999984741211,42.2400016784668,41.56999969482422,42.18000030517578,5896200,31.16781234741211
COP,COP,2016-08-16,42.18000030517578,43.060001373291016,41.7599983215332,42.86000061035156,10973800,31.6702880859375
COP,COP,2016-08-17,42.689998626708984,43.25,42.400001525878906,43.20000076293945,8857700,31.921512603759766
COP,COP,2016-08-18,43.34000015258789,43.689998626708984,43.13999938964844,43.59000015258789,6991500,32.209693908691406
COP,COP,2016-08-19,43.279998779296875,43.47999954223633,43.02000045776367,43.31999969482422,6190100,32.01019287109375
COP,COP,2016-08-22,42.7400016784668,42.93000030517578,42.310001373291016,42.630001068115234,6179600,31.500320434570312
COP,COP,2016-08-23,42.599998474121094,43.33000183105469,42.459999084472656,43.220001220703125,6179700,31.936302185058594
COP,COP,2016-08-24,42.959999084472656,43.369998931884766,42.849998474121094,42.959999084472656,5511400,31.744176864624023
COP,COP,2016-08-25,42.900001525878906,43.029998779296875,42.41999816894531,42.779998779296875,4504900,31.61117172241211
COP,COP,2016-08-26,42.900001525878906,43.290000915527344,42.13999938964844,42.29999923706055,5654600,31.256486892700195
COP,COP,2016-08-29,42.18000030517578,42.470001220703125,42.02000045776367,42.349998474121094,4461000,31.293439865112305
COP,COP,2016-08-30,42.59000015258789,42.869998931884766,42.099998474121094,42.22999954223633,5425200,31.20475196838379
COP,COP,2016-08-31,42.060001373291016,42.130001068115234,40.77000045776367,41.04999923706055,8770600,30.33283233642578
COP,COP,2016-09-01,40.900001525878906,41.099998474121094,40.130001068115234,40.599998474121094,7536600,30.000314712524414
COP,COP,2016-09-02,41.150001525878906,41.310001373291016,40.81999969482422,40.91999816894531,5606700,30.236770629882812
COP,COP,2016-09-06,41.040000915527344,41.22999954223633,40.61000061035156,41.0,6654500,30.295881271362305
COP,COP,2016-09-07,41.220001220703125,41.5,41.02000045776367,41.47999954223633,6368800,30.650569915771484
COP,COP,2016-09-08,41.91999816894531,43.34000015258789,41.66999816894531,43.279998779296875,10714900,31.98063850402832
COP,COP,2016-09-09,42.83000183105469,43.43000030517578,42.220001220703125,42.25,12586100,31.219545364379883
COP,COP,2016-09-12,41.970001220703125,43.130001068115234,41.560001373291016,42.66999816894531,10222600,31.529878616333008
COP,COP,2016-09-13,41.91999816894531,42.02000045776367,40.66999816894531,41.0099983215332,11732300,30.303274154663086
COP,COP,2016-09-14,40.86000061035156,41.45000076293945,39.880001068115234,39.9900016784668,10031800,29.549575805664062
COP,COP,2016-09-15,40.0099983215332,40.4900016784668,39.77000045776367,40.029998779296875,7802700,29.579133987426758
COP,COP,2016-09-16,39.619998931884766,39.97999954223633,39.5,39.869998931884766,9604200,29.460895538330078
COP,COP,2016-09-19,40.119998931884766,40.2400016784668,39.279998779296875,39.279998779296875,5424200,29.024925231933594
COP,COP,2016-09-20,39.33000183105469,39.83000183105469,39.0,39.0099983215332,5877200,28.825429916381836
COP,COP,2016-09-21,39.47999954223633,40.130001068115234,39.34000015258789,40.060001373291016,6385800,29.601295471191406
COP,COP,2016-09-22,40.75,41.33000183105469,40.75,41.02000045776367,7920200,30.310665130615234
COP,COP,2016-09-23,40.36000061035156,41.209999084472656,39.599998474121094,39.939998626708984,8530000,29.512624740600586
COP,COP,2016-09-26,40.08000183105469,40.77000045776367,39.9900016784668,40.02000045776367,4985900,29.571748733520508
COP,COP,2016-09-27,39.540000915527344,39.599998474121094,39.0,39.43000030517578,7796400,29.135774612426758
COP,COP,2016-09-28,39.599998474121094,42.27000045776367,39.119998931884766,42.18000030517578,13568400,31.16781234741211
COP,COP,2016-09-29,41.970001220703125,44.15999984741211,41.970001220703125,43.65999984741211,16585900,32.26142501831055
COP,COP,2016-09-30,43.81999969482422,44.119998931884766,43.22999954223633,43.470001220703125,8814000,32.12102508544922
COP,COP,2016-10-03,43.68000030517578,43.810001373291016,42.79999923706055,43.43000030517578,5244200,32.091461181640625
COP,COP,2016-10-04,43.43000030517578,43.540000915527344,42.59000015258789,42.869998931884766,6263800,31.677677154541016
COP,COP,2016-10-05,43.5,44.119998931884766,43.310001373291016,43.90999984741211,6424100,32.446144104003906
COP,COP,2016-10-06,44.06999969482422,44.560001373291016,43.529998779296875,44.52000045776367,8231600,32.896907806396484
COP,COP,2016-10-07,44.5,44.689998626708984,44.02000045776367,44.220001220703125,8281700,32.675228118896484
COP,COP,2016-10-10,44.630001068115234,45.040000915527344,44.36000061035156,44.38999938964844,9102100,32.80082702636719
COP,COP,2016-10-11,44.31999969482422,44.59000015258789,43.18000030517578,43.33000183105469,6899400,32.017578125
COP,COP,2016-10-12,43.16999816894531,43.540000915527344,42.56999969482422,43.470001220703125,5759100,32.12102508544922
COP,COP,2016-10-13,42.650001525878906,42.689998626708984,41.869998931884766,42.150001525878906,7443500,31.325796127319336
COP,COP,2016-10-14,42.349998474121094,42.7400016784668,41.63999938964844,41.66999816894531,6571300,30.969066619873047
COP,COP,2016-10-17,41.58000183105469,41.81999969482422,40.81999969482422,41.099998474121094,5645300,30.545442581176758
COP,COP,2016-10-18,41.59000015258789,41.619998931884766,40.369998931884766,40.650001525878906,6896900,30.211002349853516
COP,COP,2016-10-19,40.959999084472656,42.099998474121094,40.880001068115234,41.720001220703125,9634100,31.0062198638916
COP,COP,2016-10-20,41.380001068115234,42.06999969482422,41.09000015258789,41.4900016784668,6446100,30.835290908813477
COP,COP,2016-10-21,41.16999816894531,41.599998474121094,40.959999084472656,41.540000915527344,5553200,30.872455596923828
COP,COP,2016-10-24,41.869998931884766,42.560001373291016,41.63999938964844,42.2400016784668,9333800,31.392688751220703
COP,COP,2016-10-25,42.130001068115234,42.650001525878906,41.77000045776367,41.810001373291016,6268300,31.0731201171875
COP,COP,2016-10-26,41.25,42.290000915527344,41.130001068115234,41.79999923706055,8420200,31.065690994262695
COP,COP,2016-10-27,42.189998626708984,44.849998474121094,42.150001525878906,44.0,16604200,32.70072937011719
COP,COP,2016-10-28,44.70000076293945,45.84000015258789,44.290000915527344,44.970001220703125,18410500,33.42162322998047
COP,COP,2016-10-31,44.7599983215332,44.79999923706055,43.25,43.45000076293945,11284000,32.291969299316406
COP,COP,2016-11-01,43.970001220703125,44.06999969482422,42.540000915527344,43.540000915527344,8954800,32.35884094238281
COP,COP,2016-11-02,42.91999816894531,43.560001373291016,42.349998474121094,43.22999954223633,7498400,32.128475189208984
COP,COP,2016-11-03,43.459999084472656,44.0099983215332,43.09000015258789,43.599998474121094,6653900,32.4034423828125
COP,COP,2016-11-04,43.34000015258789,43.79999923706055,42.68000030517578,42.7599983215332,7323000,31.77915382385254
COP,COP,2016-11-07,43.5,44.0,43.18000030517578,43.91999816894531,5780400,32.64126968383789
COP,COP,2016-11-08,43.630001068115234,44.849998474121094,43.5,44.33000183105469,6343200,32.94597625732422
COP,COP,2016-11-09,43.470001220703125,46.209999084472656,43.38999938964844,45.72999954223633,10856700,33.9864616394043
COP,COP,2016-11-10,45.66999816894531,45.7400016784668,44.349998474121094,44.779998779296875,11182100,33.28041458129883
COP,COP,2016-11-11,44.310001373291016,44.68000030517578,43.41999816894531,43.939998626708984,8155500,32.65611267089844
COP,COP,2016-11-14,43.58000183105469,44.2599983215332,43.41999816894531,44.130001068115234,10020100,32.797332763671875
COP,COP,2016-11-15,44.25,45.59000015258789,44.25,45.279998779296875,11199700,33.65201187133789
COP,COP,2016-11-16,45.15999984741211,45.650001525878906,44.18000030517578,44.380001068115234,6800600,32.98314666748047
COP,COP,2016-11-17,44.79999923706055,45.08000183105469,43.5,43.61000061035156,6757600,32.41087341308594
COP,COP,2016-11-18,43.709999084472656,44.959999084472656,43.66999816894531,44.7599983215332,8429400,33.265541076660156
COP,COP,2016-11-21,45.63999938964844,46.5,45.540000915527344,46.36000061035156,9890700,34.45466232299805
COP,COP,2016-11-22,46.290000915527344,46.689998626708984,45.279998779296875,46.06999969482422,7255500,34.23914337158203
COP,COP,2016-11-23,45.720001220703125,46.45000076293945,45.529998779296875,46.29999923706055,4870600,34.41007995605469
COP,COP,2016-11-25,45.79999923706055,46.040000915527344,45.16999816894531,45.75,3494400,34.001319885253906
COP,COP,2016-11-28,46.720001220703125,46.849998474121094,45.38999938964844,45.5,9429500,33.81551742553711
COP,COP,2016-11-29,44.470001220703125,44.54999923706055,43.83000183105469,44.22999954223633,9376700,32.87165451049805
COP,COP,2016-11-30,46.29999923706055,49.31999969482422,46.22999954223633,48.52000045776367,20897800,36.05998229980469
COP,COP,2016-12-01,50.13999938964844,50.150001525878906,48.040000915527344,48.220001220703125,11105900,35.83701705932617
COP,COP,2016-12-02,48.04999923706055,48.47999954223633,47.72999954223633,48.119998931884766,5805000,35.76270294189453
COP,COP,2016-12-05,48.83000183105469,50.099998474121094,48.630001068115234,48.880001068115234,8860700,36.32752990722656
COP,COP,2016-12-06,48.470001220703125,50.04999923706055,48.130001068115234,49.900001525878906,7168300,37.08559036254883
COP,COP,2016-12-07,49.459999084472656,50.040000915527344,49.25,49.900001525878906,9074300,37.08559036254883
COP,COP,2016-12-08,50.09000015258789,50.18000030517578,48.91999816894531,49.779998779296875,5904600,36.99641799926758
COP,COP,2016-12-09,49.970001220703125,50.81999969482422,49.81999969482422,50.77000045776367,6126100,37.73217010498047
COP,COP,2016-12-12,52.15999984741211,53.099998474121094,51.27000045776367,51.380001068115234,10748300,38.18552780151367
COP,COP,2016-12-13,52.2599983215332,53.16999816894531,51.630001068115234,52.63999938964844,7962200,39.12195587158203
COP,COP,2016-12-14,52.2400016784668,52.619998931884766,51.380001068115234,51.4900016784668,8596500,38.26728820800781
COP,COP,2016-12-15,51.119998931884766,52.130001068115234,50.58000183105469,51.7400016784668,7934900,38.45307540893555
COP,COP,2016-12-16,51.97999954223633,52.13999938964844,51.56999969482422,51.939998626708984,10313100,38.60172653198242
COP,COP,2016-12-19,52.0,52.09000015258789,51.560001373291016,51.97999954223633,4748000,38.631439208984375
COP,COP,2016-12-20,52.220001220703125,52.58000183105469,51.36000061035156,51.54999923706055,4659500,38.31186294555664
COP,COP,2016-12-21,51.84000015258789,52.15999984741211,51.439998626708984,51.47999954223633,4187200,38.25983810424805
COP,COP,2016-12-22,51.54999923706055,51.779998779296875,51.380001068115234,51.540000915527344,4594800,38.30442810058594
COP,COP,2016-12-23,51.34000015258789,51.650001525878906,51.220001220703125,51.369998931884766,2860000,38.17809295654297
COP,COP,2016-12-27,51.45000076293945,51.939998626708984,51.349998474121094,51.599998474121094,2995400,38.349021911621094
COP,COP,2016-12-28,51.470001220703125,51.7400016784668,50.630001068115234,50.77000045776367,4275500,37.73217010498047
COP,COP,2016-12-29,50.65999984741211,50.81999969482422,50.2400016784668,50.540000915527344,3634500,37.561241149902344
COP,COP,2016-12-30,50.40999984741211,50.84000015258789,49.93000030517578,50.13999938964844,4806300,37.26395034790039
COP,COP,2017-01-03,50.81999969482422,51.61000061035156,49.91999816894531,50.61000061035156,7032600,37.613258361816406
COP,COP,2017-01-04,50.70000076293945,51.099998474121094,50.31999969482422,51.08000183105469,4990000,37.96256637573242
COP,COP,2017-01-05,51.209999084472656,51.68000030517578,50.720001220703125,50.93000030517578,4727100,37.85108947753906
COP,COP,2017-01-06,51.02000045776367,51.08000183105469,50.290000915527344,50.7400016784668,3472500,37.70987319946289
COP,COP,2017-01-09,50.27000045776367,50.529998779296875,49.630001068115234,49.65999984741211,5765600,36.907222747802734
COP,COP,2017-01-10,49.880001068115234,50.040000915527344,49.369998931884766,49.65999984741211,5447900,36.907222747802734
COP,COP,2017-01-11,49.959999084472656,51.4900016784668,49.459999084472656,51.220001220703125,8689400,38.06660842895508
COP,COP,2017-01-12,51.5,51.529998779296875,50.09000015258789,50.150001525878906,6963300,37.27139663696289
COP,COP,2017-01-13,49.900001525878906,50.869998931884766,49.84000015258789,50.59000015258789,4413300,37.5984001159668
COP,COP,2017-01-17,50.560001373291016,50.709999084472656,50.0,50.150001525878906,4995100,37.27139663696289
COP,COP,2017-01-18,49.79999923706055,50.59000015258789,49.790000915527344,50.27000045776367,4970000,37.36056900024414
COP,COP,2017-01-19,50.20000076293945,50.45000076293945,49.779998779296875,49.86000061035156,4915300,37.05585479736328
COP,COP,2017-01-20,50.38999938964844,51.09000015258789,50.31999969482422,50.72999954223633,5888500,37.70244598388672
COP,COP,2017-01-23,50.2599983215332,50.56999969482422,49.58000183105469,49.939998626708984,5969500,37.11531448364258
COP,COP,2017-01-24,50.13999938964844,51.400001525878906,50.0099983215332,50.27000045776367,5919200,37.36056900024414
COP,COP,2017-01-25,50.40999984741211,51.22999954223633,50.31999969482422,50.689998626708984,5991200,37.67271423339844
COP,COP,2017-01-26,50.630001068115234,51.02000045776367,50.34000015258789,50.630001068115234,4164100,37.62813186645508
COP,COP,2017-01-27,50.33000183105469,50.459999084472656,49.20000076293945,49.43000030517578,5408100,36.736289978027344
COP,COP,2017-01-30,49.0099983215332,49.18000030517578,47.189998626708984,47.47999954223633,10483200,35.287052154541016
COP,COP,2017-01-31,47.810001373291016,48.790000915527344,47.369998931884766,48.7599983215332,7464500,36.23835372924805
COP,COP,2017-02-01,49.0,49.150001525878906,47.439998626708984,48.5,10040900,36.045108795166016
COP,COP,2017-02-02,48.75,49.34000015258789,47.279998779296875,48.689998626708984,8625100,36.18631362915039
COP,COP,2017-02-03,48.849998474121094,50.4900016784668,48.81999969482422,50.43000030517578,8414400,37.4794807434082
COP,COP,2017-02-06,50.5,50.97999954223633,49.349998474121094,50.09000015258789,8127500,37.226802825927734
COP,COP,2017-02-07,49.54999923706055,50.22999954223633,49.08000183105469,49.41999816894531,7591600,36.72885513305664
COP,COP,2017-02-08,49.04999923706055,50.15999984741211,48.5099983215332,49.599998474121094,8588600,36.86262893676758
COP,COP,2017-02-09,50.040000915527344,50.33000183105469,49.47999954223633,49.810001373291016,6357000,37.01871109008789
COP,COP,2017-02-10,50.029998779296875,50.540000915527344,49.81999969482422,50.13999938964844,5996000,37.46327590942383
COP,COP,2017-02-13,50.040000915527344,50.040000915527344,49.220001220703125,49.70000076293945,6163400,37.134521484375
COP,COP,2017-02-14,50.0,50.18000030517578,49.33000183105469,50.13999938964844,6063400,37.46327590942383
COP,COP,2017-02-15,49.83000183105469,50.290000915527344,49.310001373291016,49.36000061035156,7461800,36.88046646118164
COP,COP,2017-02-16,49.59000015258789,49.650001525878906,48.27000045776367,48.34000015258789,9689100,36.11835479736328
COP,COP,2017-02-17,48.220001220703125,48.2400016784668,47.099998474121094,47.5099983215332,10694000,35.498199462890625
COP,COP,2017-02-21,48.130001068115234,48.52000045776367,47.81999969482422,48.130001068115234,9577200,35.96144104003906
COP,COP,2017-02-22,47.79999923706055,47.939998626708984,47.029998779296875,47.099998474121094,8007700,35.191856384277344
COP,COP,2017-02-23,47.790000915527344,47.86000061035156,47.029998779296875,47.29999923706055,7846400,35.34130096435547
COP,COP,2017-02-24,47.0099983215332,47.4900016784668,46.709999084472656,47.040000915527344,6749500,35.147029876708984
COP,COP,2017-02-27,47.22999954223633,47.63999938964844,46.970001220703125,47.36000061035156,6208300,35.38611602783203
COP,COP,2017-02-28,47.16999816894531,47.66999816894531,47.0,47.56999969482422,6710600,35.54302978515625
COP,COP,2017-03-01,48.0,49.22999954223633,47.86000061035156,49.04999923706055,9194500,36.64884567260742
COP,COP,2017-03-02,48.619998931884766,48.81999969482422,47.90999984741211,48.209999084472656,5955300,36.02122497558594
COP,COP,2017-03-03,48.189998626708984,48.439998626708984,47.63999938964844,47.81999969482422,5290100,35.72982406616211
COP,COP,2017-03-06,47.779998779296875,48.470001220703125,47.34000015258789,48.31999969482422,6078500,36.103416442871094
COP,COP,2017-03-07,48.45000076293945,48.5099983215332,47.599998474121094,47.720001220703125,5652800,35.655113220214844
COP,COP,2017-03-08,47.40999984741211,47.65999984741211,45.810001373291016,45.90999984741211,9435500,34.30271911621094
COP,COP,2017-03-09,45.61000061035156,46.630001068115234,45.47999954223633,46.47999954223633,7235900,34.72861099243164
COP,COP,2017-03-10,46.880001068115234,46.880001068115234,45.47999954223633,45.66999816894531,8455400,34.12340545654297
COP,COP,2017-03-13,45.68000030517578,46.16999816894531,45.540000915527344,45.84000015258789,6333800,34.25042724609375
COP,COP,2017-03-14,45.150001525878906,45.20000076293945,44.189998626708984,44.939998626708984,10538300,33.577964782714844
COP,COP,2017-03-15,45.470001220703125,46.119998931884766,44.849998474121094,45.84000015258789,7573400,34.25042724609375
COP,COP,2017-03-16,45.95000076293945,46.130001068115234,45.5099983215332,45.84000015258789,6393700,34.25042724609375
COP,COP,2017-03-17,45.970001220703125,46.36000061035156,45.63999938964844,45.689998626708984,8359700,34.13835144042969
COP,COP,2017-03-20,45.400001525878906,45.97999954223633,45.04999923706055,45.86000061035156,5754200,34.265357971191406
COP,COP,2017-03-21,46.040000915527344,46.16999816894531,44.880001068115234,45.18000030517578,6504200,33.75730514526367
COP,COP,2017-03-22,45.029998779296875,45.31999969482422,44.630001068115234,44.650001525878906,7852200,33.36128234863281
COP,COP,2017-03-23,44.650001525878906,45.0,44.349998474121094,44.47999954223633,9149400,33.23426055908203
COP,COP,2017-03-24,44.63999938964844,44.880001068115234,43.970001220703125,44.099998474121094,8797100,32.95034408569336
COP,COP,2017-03-27,43.4900016784668,44.439998626708984,43.2599983215332,44.290000915527344,6231900,33.092315673828125
COP,COP,2017-03-28,44.40999984741211,45.4900016784668,44.20000076293945,45.380001068115234,7034800,33.9067268371582
COP,COP,2017-03-29,45.33000183105469,46.060001373291016,45.0099983215332,45.95000076293945,6040800,34.33261489868164
COP,COP,2017-03-30,49.33000183105469,50.40999984741211,48.61000061035156,50.0,40059800,37.358665466308594
COP,COP,2017-03-31,49.63999938964844,50.04999923706055,49.02000045776367,49.869998931884766,13410500,37.261531829833984
COP,COP,2017-04-03,49.900001525878906,49.93000030517578,48.79999923706055,49.45000076293945,7711800,36.94771194458008
COP,COP,2017-04-04,49.43000030517578,49.790000915527344,49.04999923706055,49.72999954223633,6175900,37.156925201416016
COP,COP,2017-04-05,50.0099983215332,50.40999984741211,48.95000076293945,49.11000061035156,7490900,36.69367980957031
COP,COP,2017-04-06,49.38999938964844,49.970001220703125,49.15999984741211,49.810001373291016,6823800,37.216705322265625
COP,COP,2017-04-07,49.849998474121094,50.0,49.380001068115234,49.540000915527344,5857400,37.014957427978516
COP,COP,2017-04-10,49.790000915527344,50.470001220703125,49.72999954223633,50.150001525878906,6737400,37.470741271972656
COP,COP,2017-04-11,50.150001525878906,50.2400016784668,49.56999969482422,50.150001525878906,7395200,37.470741271972656
COP,COP,2017-04-12,50.13999938964844,50.619998931884766,49.29999923706055,49.439998626708984,7623000,36.940242767333984
COP,COP,2017-04-13,49.599998474121094,49.790000915527344,48.540000915527344,48.619998931884766,8807100,36.32756423950195
COP,COP,2017-04-17,48.59000015258789,49.02000045776367,48.459999084472656,48.95000076293945,5286600,36.57413101196289
COP,COP,2017-04-18,48.61000061035156,49.27000045776367,48.43000030517578,48.689998626708984,6046600,36.37986373901367
COP,COP,2017-04-19,48.7599983215332,49.06999969482422,47.81999969482422,48.0,6165200,35.864322662353516
COP,COP,2017-04-20,48.02000045776367,48.68000030517578,47.88999938964844,47.95000076293945,6278800,35.82695388793945
COP,COP,2017-04-21,47.86000061035156,48.130001068115234,47.29999923706055,47.7400016784668,6056300,35.670047760009766
COP,COP,2017-04-24,48.0,48.189998626708984,47.709999084472656,47.90999984741211,5750700,35.79707717895508
COP,COP,2017-04-25,47.970001220703125,48.900001525878906,47.79999923706055,48.790000915527344,7023200,36.45459747314453
COP,COP,2017-04-26,48.27000045776367,49.529998779296875,48.2400016784668,48.34000015258789,6536900,36.11835479736328
COP,COP,2017-04-27,47.83000183105469,48.13999938964844,46.86000061035156,47.86000061035156,7302700,35.759708404541016
COP,COP,2017-04-28,48.150001525878906,48.31999969482422,47.7400016784668,47.90999984741211,6429000,35.79707717895508
COP,COP,2017-05-01,47.900001525878906,48.029998779296875,47.459999084472656,47.47999954223633,5795400,35.47578811645508
COP,COP,2017-05-02,47.560001373291016,47.619998931884766,46.27000045776367,46.70000076293945,10390500,34.89298629760742
COP,COP,2017-05-03,46.25,47.439998626708984,46.25,47.08000183105469,5757200,35.17692184448242
COP,COP,2017-05-04,46.779998779296875,46.849998474121094,45.689998626708984,45.91999816894531,9999300,34.31018829345703
COP,COP,2017-05-05,45.95000076293945,46.849998474121094,45.88999938964844,46.77000045776367,7894400,34.945289611816406
COP,COP,2017-05-08,46.79999923706055,47.22999954223633,46.52000045776367,47.130001068115234,5861200,35.21428298950195
COP,COP,2017-05-09,47.18000030517578,47.209999084472656,46.060001373291016,46.27000045776367,6157400,34.57170867919922
COP,COP,2017-05-10,46.709999084472656,47.86000061035156,46.529998779296875,47.61000061035156,7950300,35.572906494140625
COP,COP,2017-05-11,47.0099983215332,47.810001373291016,47.0099983215332,47.41999816894531,8569900,35.629276275634766
COP,COP,2017-05-12,47.400001525878906,47.66999816894531,46.59000015258789,46.970001220703125,9151900,35.29116439819336
COP,COP,2017-05-15,48.09000015258789,48.33000183105469,47.2599983215332,47.439998626708984,7675600,35.6442985534668
COP,COP,2017-05-16,47.66999816894531,47.720001220703125,46.68000030517578,47.130001068115234,5288200,35.41138458251953
COP,COP,2017-05-17,47.130001068115234,47.400001525878906,46.33000183105469,46.40999984741211,7512800,34.870399475097656
COP,COP,2017-05-18,46.0,46.959999084472656,45.81999969482422,46.41999816894531,6543500,34.8779182434082
COP,COP,2017-05-19,46.88999938964844,47.689998626708984,46.619998931884766,47.47999954223633,7206200,35.674354553222656
COP,COP,2017-05-22,47.83000183105469,47.900001525878906,46.869998931884766,46.93000030517578,7967900,35.2611083984375
COP,COP,2017-05-23,46.86000061035156,47.33000183105469,46.66999816894531,46.7599983215332,7436700,35.13338851928711
COP,COP,2017-05-24,46.63999938964844,46.75,46.13999938964844,46.66999816894531,7765700,35.06576156616211
COP,COP,2017-05-25,46.470001220703125,46.970001220703125,44.68000030517578,45.04999923706055,12772200,33.84856033325195
COP,COP,2017-05-26,45.33000183105469,45.400001525878906,44.68000030517578,45.349998474121094,10758900,34.07396697998047
COP,COP,2017-05-30,44.93000030517578,45.09000015258789,44.529998779296875,44.790000915527344,9280900,33.6532096862793
COP,COP,2017-05-31,44.31999969482422,44.86000061035156,44.09000015258789,44.689998626708984,8770800,33.57807540893555
COP,COP,2017-06-01,44.79999923706055,45.31999969482422,44.38999938964844,44.86000061035156,7946800,33.705806732177734
COP,COP,2017-06-02,44.58000183105469,44.619998931884766,44.02000045776367,44.2599983215332,8000900,33.2549934387207
COP,COP,2017-06-05,44.060001373291016,44.529998779296875,44.0,44.02000045776367,5731300,33.074668884277344
COP,COP,2017-06-06,43.95000076293945,44.5099983215332,43.79999923706055,44.47999954223633,8584000,33.420284271240234
COP,COP,2017-06-07,44.20000076293945,44.43000030517578,43.2400016784668,43.560001373291016,13140900,32.72903823852539
COP,COP,2017-06-08,43.560001373291016,43.849998474121094,43.02000045776367,43.06999969482422,9179500,32.36088180541992
COP,COP,2017-06-09,43.099998474121094,44.939998626708984,43.06999969482422,44.81999969482422,10412900,33.675750732421875
COP,COP,2017-06-12,45.25,46.040000915527344,45.25,45.720001220703125,13550400,34.35196304321289
COP,COP,2017-06-13,45.720001220703125,46.65999984741211,45.61000061035156,46.43000030517578,8601000,34.88542938232422
COP,COP,2017-06-14,46.060001373291016,46.11000061035156,45.189998626708984,45.41999816894531,7069600,34.126548767089844
COP,COP,2017-06-15,45.36000061035156,45.849998474121094,44.900001525878906,45.38999938964844,9672500,34.10401916503906
COP,COP,2017-06-16,45.81999969482422,46.66999816894531,45.61000061035156,46.529998779296875,11639600,34.96056365966797
COP,COP,2017-06-19,46.540000915527344,46.720001220703125,46.220001220703125,46.36000061035156,6029900,34.83284378051758
COP,COP,2017-06-20,45.40999984741211,46.040000915527344,45.29999923706055,45.81999969482422,7739600,34.42709732055664
COP,COP,2017-06-21,45.81999969482422,46.220001220703125,44.65999984741211,44.95000076293945,10790300,33.773433685302734
COP,COP,2017-06-22,44.9900016784668,45.38999938964844,44.59000015258789,44.810001373291016,8881300,33.66823196411133
COP,COP,2017-06-23,44.790000915527344,45.310001373291016,44.470001220703125,44.83000183105469,8483100,33.68326950073242
COP,COP,2017-06-26,44.93000030517578,44.959999084472656,44.060001373291016,44.22999954223633,9047500,33.23244857788086
COP,COP,2017-06-27,44.52000045776367,44.630001068115234,43.959999084472656,43.970001220703125,8697100,33.03709411621094
COP,COP,2017-06-28,44.04999923706055,44.34000015258789,43.720001220703125,43.959999084472656,6983500,33.02957534790039
COP,COP,2017-06-29,44.060001373291016,44.65999984741211,43.97999954223633,44.08000183105469,8252400,33.1197624206543
COP,COP,2017-06-30,44.38999938964844,44.58000183105469,43.70000076293945,43.959999084472656,9126700,33.02957534790039
COP,COP,2017-07-03,44.209999084472656,45.83000183105469,44.189998626708984,45.65999984741211,5742900,34.306888580322266
COP,COP,2017-07-05,45.27000045776367,45.45000076293945,43.7599983215332,44.15999984741211,7725500,33.17985153198242
COP,COP,2017-07-06,44.150001525878906,44.310001373291016,43.220001220703125,43.310001373291016,7155500,32.541202545166016
COP,COP,2017-07-07,43.119998931884766,43.279998779296875,42.5,43.0,8494200,32.308284759521484
COP,COP,2017-07-10,42.83000183105469,43.47999954223633,42.77000045776367,43.2400016784668,5631900,32.48860549926758
COP,COP,2017-07-11,43.25,43.65999984741211,42.91999816894531,43.349998474121094,5782600,32.571258544921875
COP,COP,2017-07-12,43.81999969482422,44.0,42.93000030517578,43.2400016784668,7907900,32.48860549926758
COP,COP,2017-07-13,43.220001220703125,43.470001220703125,42.900001525878906,43.25,7014100,32.49612808227539
COP,COP,2017-07-14,43.31999969482422,43.779998779296875,43.27000045776367,43.45000076293945,5467300,32.64637756347656
COP,COP,2017-07-17,43.310001373291016,43.52000045776367,43.09000015258789,43.189998626708984,7014700,32.451026916503906
COP,COP,2017-07-18,43.45000076293945,43.45000076293945,42.79999923706055,43.06999969482422,6834800,32.36088180541992
COP,COP,2017-07-19,42.95000076293945,43.75,42.939998626708984,43.65999984741211,8823000,32.80417251586914
COP,COP,2017-07-20,43.779998779296875,43.83000183105469,43.099998474121094,43.22999954223633,7663000,32.6794319152832
COP,COP,2017-07-21,42.959999084472656,43.15999984741211,42.56999969482422,42.650001525878906,6480600,32.240989685058594
COP,COP,2017-07-24,42.72999954223633,42.959999084472656,42.540000915527344,42.61000061035156,6094100,32.21076202392578
COP,COP,2017-07-25,43.349998474121094,43.959999084472656,43.22999954223633,43.650001525878906,8641100,32.99694061279297
COP,COP,2017-07-26,43.90999984741211,44.380001068115234,43.58000183105469,43.70000076293945,7124500,33.03472900390625
COP,COP,2017-07-27,44.34000015258789,44.65999984741211,43.81999969482422,44.65999984741211,9803100,33.760459899902344
COP,COP,2017-07-28,44.72999954223633,45.939998626708984,44.619998931884766,45.2599983215332,10794900,34.21400451660156
COP,COP,2017-07-31,45.33000183105469,45.869998931884766,45.20000076293945,45.369998931884766,8368400,34.29717254638672
COP,COP,2017-08-01,45.33000183105469,45.33000183105469,44.619998931884766,44.75,6685100,33.82848358154297
COP,COP,2017-08-02,44.38999938964844,45.630001068115234,44.27000045776367,45.61000061035156,9562300,34.47859191894531
COP,COP,2017-08-03,45.63999938964844,45.95000076293945,44.68000030517578,44.90999984741211,9204100,33.94942855834961
COP,COP,2017-08-04,44.939998626708984,45.59000015258789,44.86000061035156,45.560001373291016,6105600,34.440792083740234
COP,COP,2017-08-07,45.27000045776367,45.47999954223633,44.83000183105469,45.16999816894531,6370200,34.145973205566406
COP,COP,2017-08-08,45.150001525878906,46.11000061035156,45.0,45.630001068115234,8032000,34.493717193603516
COP,COP,2017-08-09,45.790000915527344,46.0,45.369998931884766,45.650001525878906,7451100,34.50883102416992
COP,COP,2017-08-10,45.68000030517578,45.95000076293945,44.93000030517578,44.970001220703125,6441400,33.994789123535156
COP,COP,2017-08-11,44.959999084472656,45.380001068115234,44.66999816894531,44.790000915527344,4206900,33.85871887207031
COP,COP,2017-08-14,44.79999923706055,45.09000015258789,44.400001525878906,44.540000915527344,5063100,33.66973876953125
COP,COP,2017-08-15,44.439998626708984,44.70000076293945,44.04999923706055,44.5,8179300,33.63949966430664
COP,COP,2017-08-16,44.59000015258789,44.65999984741211,43.5099983215332,43.689998626708984,5795800,33.02717971801758
COP,COP,2017-08-17,43.5,43.86000061035156,42.959999084472656,43.0,6422500,32.50558090209961
COP,COP,2017-08-18,42.959999084472656,43.560001373291016,42.5099983215332,43.11000061035156,7310400,32.58873748779297
COP,COP,2017-08-21,42.900001525878906,42.939998626708984,42.27000045776367,42.5,5709600,32.12760543823242
COP,COP,2017-08-22,42.63999938964844,43.36000061035156,42.619998931884766,43.189998626708984,5850200,32.649200439453125
COP,COP,2017-08-23,42.95000076293945,43.95000076293945,42.83000183105469,43.689998626708984,5240900,33.02717971801758
COP,COP,2017-08-24,43.52000045776367,43.560001373291016,43.08000183105469,43.29999923706055,4370000,32.73237228393555
COP,COP,2017-08-25,43.4900016784668,44.11000061035156,43.36000061035156,43.58000183105469,5393800,32.94401168823242
COP,COP,2017-08-28,43.599998474121094,43.630001068115234,42.70000076293945,43.04999923706055,4593400,32.543373107910156
COP,COP,2017-08-29,42.720001220703125,42.9900016784668,42.43000030517578,42.849998474121094,4592900,32.39219665527344
COP,COP,2017-08-30,42.630001068115234,43.5,42.41999816894531,43.40999984741211,6846900,32.81550598144531
COP,COP,2017-08-31,43.779998779296875,44.150001525878906,43.52000045776367,43.65999984741211,7660100,33.00450134277344
COP,COP,2017-09-01,43.7599983215332,44.38999938964844,43.47999954223633,44.2400016784668,4808800,33.44295120239258
COP,COP,2017-09-05,44.4900016784668,44.709999084472656,44.11000061035156,44.38999938964844,5438800,33.55633544921875
COP,COP,2017-09-06,44.75,45.349998474121094,44.72999954223633,45.060001373291016,5939300,34.06283187866211
COP,COP,2017-09-07,44.900001525878906,45.189998626708984,44.470001220703125,45.11000061035156,5184700,34.10062789916992
COP,COP,2017-09-08,45.0,45.0,44.099998474121094,44.470001220703125,4147400,33.616817474365234
COP,COP,2017-09-11,44.65999984741211,45.290000915527344,44.5,44.93000030517578,4809400,33.964561462402344
COP,COP,2017-09-12,45.029998779296875,45.290000915527344,44.790000915527344,44.93000030517578,5189000,33.964561462402344
COP,COP,2017-09-13,45.040000915527344,45.790000915527344,45.0,45.560001373291016,6178600,34.440792083740234
COP,COP,2017-09-14,45.7400016784668,46.36000061035156,45.650001525878906,45.83000183105469,6573400,34.644901275634766
COP,COP,2017-09-15,45.83000183105469,46.5099983215332,45.779998779296875,46.5099983215332,11895000,35.15894317626953
COP,COP,2017-09-18,46.20000076293945,47.22999954223633,46.16999816894531,47.09000015258789,6988900,35.59738540649414
COP,COP,2017-09-19,47.11000061035156,47.779998779296875,47.09000015258789,47.54999923706055,6216100,35.945106506347656
COP,COP,2017-09-20,47.86000061035156,48.79999923706055,47.79999923706055,48.33000183105469,8843300,36.534759521484375
COP,COP,2017-09-21,48.189998626708984,48.779998779296875,47.88999938964844,48.689998626708984,5790700,36.806888580322266
COP,COP,2017-09-22,48.70000076293945,49.650001525878906,48.630001068115234,49.08000183105469,7388200,37.10173034667969
COP,COP,2017-09-25,49.40999984741211,50.189998626708984,49.38999938964844,49.97999954223633,6800100,37.78207015991211
COP,COP,2017-09-26,49.72999954223633,50.029998779296875,49.220001220703125,49.66999816894531,5434200,37.5477180480957
COP,COP,2017-09-27,49.66999816894531,50.220001220703125,49.58000183105469,50.220001220703125,5369500,37.96350860595703
COP,COP,2017-09-28,50.45000076293945,50.83000183105469,49.810001373291016,50.0,5490600,37.797176361083984
COP,COP,2017-09-29,49.779998779296875,50.099998474121094,49.61000061035156,50.04999923706055,4175700,37.83498764038086
COP,COP,2017-10-02,49.54999923706055,50.33000183105469,49.29999923706055,50.310001373291016,4832100,38.03152084350586
COP,COP,2017-10-03,50.16999816894531,50.22999954223633,49.22999954223633,49.2400016784668,6742100,37.22266387939453
COP,COP,2017-10-04,49.36000061035156,49.59000015258789,48.90999984741211,49.310001373291016,5432400,37.275577545166016
COP,COP,2017-10-05,49.459999084472656,49.790000915527344,49.40999984741211,49.70000076293945,5295400,37.570411682128906
COP,COP,2017-10-06,49.150001525878906,49.439998626708984,48.70000076293945,48.86000061035156,3902900,36.93540954589844
COP,COP,2017-10-09,49.099998474121094,49.20000076293945,48.83000183105469,48.90999984741211,4765500,36.973201751708984
COP,COP,2017-10-10,49.369998931884766,49.68000030517578,49.11000061035156,49.189998626708984,5252800,37.18488311767578
COP,COP,2017-10-11,49.20000076293945,49.72999954223633,48.88999938964844,49.599998474121094,4534800,37.494808197021484
COP,COP,2017-10-12,49.09000015258789,49.869998931884766,49.0099983215332,49.810001373291016,4443100,37.653564453125
COP,COP,2017-10-13,49.9900016784668,50.15999984741211,49.36000061035156,49.400001525878906,4629900,37.5433464050293
COP,COP,2017-10-16,49.709999084472656,50.130001068115234,49.650001525878906,49.720001220703125,4301600,37.78656005859375
COP,COP,2017-10-17,49.70000076293945,49.939998626708984,49.31999969482422,49.720001220703125,3579000,37.78656005859375
COP,COP,2017-10-18,49.75,50.18000030517578,49.560001373291016,49.709999084472656,6481700,37.77894973754883
COP,COP,2017-10-19,49.38999938964844,50.040000915527344,49.29999923706055,49.709999084472656,4015400,37.77894973754883
COP,COP,2017-10-20,49.900001525878906,50.400001525878906,49.560001373291016,50.25,5993200,38.18935012817383
COP,COP,2017-10-23,50.279998779296875,50.75,49.93000030517578,50.2599983215332,5589000,38.19694900512695
COP,COP,2017-10-24,50.47999954223633,51.31999969482422,50.41999816894531,50.9900016784668,7609400,38.75173568725586
COP,COP,2017-10-25,51.060001373291016,51.130001068115234,49.75,49.959999084472656,6989700,37.96894454956055
COP,COP,2017-10-26,50.38999938964844,51.77000045776367,49.790000915527344,51.459999084472656,7564600,39.10894012451172
COP,COP,2017-10-27,51.15999984741211,52.22999954223633,50.20000076293945,51.209999084472656,7835700,38.91893005371094
COP,COP,2017-10-30,51.38999938964844,51.79999923706055,50.88999938964844,51.38999938964844,6647600,39.05573654174805
COP,COP,2017-10-31,51.31999969482422,51.61000061035156,51.02000045776367,51.150001525878906,6171500,38.87333679199219
COP,COP,2017-11-01,51.810001373291016,52.279998779296875,51.43000030517578,52.099998474121094,6455500,39.59531784057617
COP,COP,2017-11-02,52.060001373291016,52.59000015258789,51.689998626708984,52.47999954223633,6177100,39.884124755859375
COP,COP,2017-11-03,52.369998931884766,53.27000045776367,51.9900016784668,52.959999084472656,8030100,40.248905181884766
COP,COP,2017-11-06,53.0099983215332,53.939998626708984,52.79999923706055,53.66999816894531,8438900,40.78850555419922
COP,COP,2017-11-07,53.93000030517578,54.06999969482422,52.93000030517578,53.47999954223633,8577500,40.64409255981445
COP,COP,2017-11-08,54.099998474121094,54.220001220703125,53.15999984741211,53.52000045776367,7513000,40.67448425292969
COP,COP,2017-11-09,53.27000045776367,53.650001525878906,52.83000183105469,53.529998779296875,6709400,40.682090759277344
COP,COP,2017-11-10,53.400001525878906,53.4900016784668,52.5,52.9900016784668,5504600,40.2717170715332
COP,COP,2017-11-13,52.65999984741211,52.959999084472656,52.5099983215332,52.56999969482422,6728300,39.952518463134766
COP,COP,2017-11-14,52.189998626708984,52.43000030517578,51.08000183105469,51.22999954223633,6945000,38.93412780761719
COP,COP,2017-11-15,50.7400016784668,51.16999816894531,49.95000076293945,50.4900016784668,7262700,38.37174606323242
COP,COP,2017-11-16,50.400001525878906,50.650001525878906,50.08000183105469,50.220001220703125,5694900,38.16654968261719
COP,COP,2017-11-17,50.2400016784668,50.52000045776367,50.0,50.130001068115234,4191800,38.09816360473633
COP,COP,2017-11-20,50.0,50.25,49.58000183105469,50.08000183105469,4429600,38.060142517089844
COP,COP,2017-11-21,50.27000045776367,50.7400016784668,49.66999816894531,50.0099983215332,6331500,38.0069465637207
COP,COP,2017-11-22,50.52000045776367,50.59000015258789,50.02000045776367,50.220001220703125,4818700,38.16654968261719
COP,COP,2017-11-24,50.45000076293945,50.869998931884766,50.439998626708984,50.470001220703125,2288900,38.35654830932617
COP,COP,2017-11-27,50.220001220703125,50.25,49.08000183105469,49.15999984741211,6369000,37.360958099365234
COP,COP,2017-11-28,49.36000061035156,50.15999984741211,48.970001220703125,50.130001068115234,6524700,38.09816360473633
COP,COP,2017-11-29,49.91999816894531,50.83000183105469,49.720001220703125,50.72999954223633,6897800,38.55414581298828
COP,COP,2017-11-30,50.91999816894531,51.779998779296875,50.650001525878906,50.880001068115234,11184300,38.668128967285156
COP,COP,2017-12-01,51.5099983215332,52.470001220703125,51.22999954223633,51.7400016784668,6683900,39.32172775268555
COP,COP,2017-12-04,51.869998931884766,52.36000061035156,51.25,51.290000915527344,6168500,38.9797248840332
COP,COP,2017-12-05,51.22999954223633,51.70000076293945,51.11000061035156,51.22999954223633,4531700,38.93412780761719
COP,COP,2017-12-06,51.06999969482422,51.2400016784668,50.31999969482422,50.380001068115234,4437300,38.288150787353516
COP,COP,2017-12-07,50.31999969482422,50.83000183105469,50.08000183105469,50.540000915527344,4037800,38.40974807739258
COP,COP,2017-12-08,50.869998931884766,51.709999084472656,50.7400016784668,51.56999969482422,5316200,39.192535400390625
COP,COP,2017-12-11,51.540000915527344,52.310001373291016,51.40999984741211,51.689998626708984,4040400,39.283721923828125
COP,COP,2017-12-12,51.880001068115234,52.060001373291016,51.209999084472656,51.959999084472656,6200200,39.48893356323242
COP,COP,2017-12-13,51.91999816894531,52.09000015258789,51.58000183105469,51.68000030517578,4906800,39.2761344909668
COP,COP,2017-12-14,51.900001525878906,52.7599983215332,51.849998474121094,52.310001373291016,6436200,39.75491714477539
COP,COP,2017-12-15,52.779998779296875,53.04999923706055,52.060001373291016,52.16999816894531,11363400,39.648521423339844
COP,COP,2017-12-18,52.11000061035156,52.65999984741211,52.11000061035156,52.34000015258789,5565300,39.7777214050293
COP,COP,2017-12-19,52.459999084472656,52.93000030517578,52.13999938964844,52.68000030517578,4795800,40.036109924316406
COP,COP,2017-12-20,52.900001525878906,54.5099983215332,52.459999084472656,54.25,8064600,41.22928237915039
COP,COP,2017-12-21,54.150001525878906,56.06999969482422,54.029998779296875,55.95000076293945,7824700,42.521270751953125
COP,COP,2017-12-22,56.04999923706055,56.209999084472656,55.459999084472656,55.5,3911900,42.17927932739258
COP,COP,2017-12-26,55.779998779296875,56.369998931884766,55.540000915527344,56.22999954223633,3194900,42.73405838012695
COP,COP,2017-12-27,56.060001373291016,56.06999969482422,55.13999938964844,55.59000015258789,4369600,42.24768829345703
COP,COP,2017-12-28,55.4900016784668,55.59000015258789,55.099998474121094,55.18000030517578,4240600,41.93608474731445
COP,COP,2017-12-29,55.439998626708984,55.5,54.869998931884766,54.88999938964844,3668500,41.715675354003906
COP,COP,2018-01-02,55.09000015258789,55.5099983215332,54.81999969482422,55.31999969482422,3985200,42.0424690246582
COP,COP,2018-01-03,55.380001068115234,56.38999938964844,55.33000183105469,56.34000015258789,4105800,42.81766891479492
COP,COP,2018-01-04,56.40999984741211,57.189998626708984,56.09000015258789,56.9900016784668,4897200,43.31166458129883
COP,COP,2018-01-05,56.68000030517578,56.90999984741211,56.18000030517578,56.880001068115234,3771900,43.228057861328125
COP,COP,2018-01-08,56.7599983215332,57.459999084472656,56.59000015258789,57.459999084472656,4522900,43.668853759765625
COP,COP,2018-01-09,57.470001220703125,58.31999969482422,57.40999984741211,57.93000030517578,5519700,44.026058197021484
COP,COP,2018-01-10,58.13999938964844,58.279998779296875,57.560001373291016,57.650001525878906,4627900,43.81325149536133
COP,COP,2018-01-11,58.16999816894531,59.47999954223633,57.540000915527344,59.18000030517578,7341800,44.97603225708008
COP,COP,2018-01-12,59.38999938964844,60.2400016784668,59.119998931884766,60.04999923706055,6742100,45.637210845947266
COP,COP,2018-01-16,60.0,60.220001220703125,58.79999923706055,58.84000015258789,5458600,44.717628479003906
COP,COP,2018-01-17,58.970001220703125,60.189998626708984,58.779998779296875,59.86000061035156,5798400,45.49281311035156
COP,COP,2018-01-18,59.619998931884766,60.060001373291016,59.150001525878906,59.7599983215332,4554800,45.416812896728516
COP,COP,2018-01-19,59.68000030517578,59.810001373291016,59.27000045776367,59.75,5037500,45.40922164916992
COP,COP,2018-01-22,59.86000061035156,60.68000030517578,59.790000915527344,60.66999816894531,5748800,46.10840606689453
COP,COP,2018-01-23,60.61000061035156,60.70000076293945,60.029998779296875,60.470001220703125,5478800,45.9564094543457
COP,COP,2018-01-24,60.540000915527344,61.31999969482422,60.45000076293945,60.4900016784668,4992000,45.97160339355469
COP,COP,2018-01-25,60.75,60.900001525878906,59.400001525878906,59.47999954223633,5473400,45.204017639160156
COP,COP,2018-01-26,59.70000076293945,60.52000045776367,59.61000061035156,60.38999938964844,5277700,45.8956184387207
COP,COP,2018-01-29,59.91999816894531,60.529998779296875,59.560001373291016,59.65999984741211,4167600,45.34081268310547
COP,COP,2018-01-30,58.939998626708984,59.31999969482422,58.08000183105469,58.459999084472656,6381000,44.428836822509766
COP,COP,2018-01-31,58.529998779296875,59.2400016784668,58.279998779296875,58.810001373291016,7073700,44.694828033447266
COP,COP,2018-02-01,59.0,59.970001220703125,58.150001525878906,59.349998474121094,7011000,45.10520935058594
COP,COP,2018-02-02,59.16999816894531,59.439998626708984,57.61000061035156,57.720001220703125,8433300,43.86644744873047
COP,COP,2018-02-05,57.13999938964844,58.470001220703125,55.40999984741211,55.939998626708984,11060300,42.51365661621094
COP,COP,2018-02-06,54.75,56.540000915527344,54.41999816894531,55.939998626708984,11013500,42.51365661621094
COP,COP,2018-02-07,56.060001373291016,56.970001220703125,55.630001068115234,55.630001068115234,7721700,42.278076171875
COP,COP,2018-02-08,55.619998931884766,55.83000183105469,53.22999954223633,53.2400016784668,8618400,40.46171569824219
COP,COP,2018-02-09,53.2400016784668,53.599998474121094,50.18000030517578,52.02000045776367,9685600,39.747291564941406
COP,COP,2018-02-12,52.630001068115234,53.959999084472656,52.54999923706055,53.40999984741211,7035400,40.809356689453125
COP,COP,2018-02-13,52.93000030517578,53.939998626708984,52.61000061035156,53.31999969482422,5438300,40.740596771240234
COP,COP,2018-02-14,52.70000076293945,55.86000061035156,52.540000915527344,55.5099983215332,6612400,42.413917541503906
COP,COP,2018-02-15,55.63999938964844,55.709999084472656,53.7599983215332,54.540000915527344,6190800,41.67275619506836
COP,COP,2018-02-16,54.38999938964844,55.060001373291016,54.22999954223633,54.650001525878906,5070900,41.75681686401367
COP,COP,2018-02-20,54.599998474121094,55.29999923706055,54.34000015258789,54.84000015258789,4262900,41.90199661254883
COP,COP,2018-02-21,54.59000015258789,55.439998626708984,53.72999954223633,53.75,5287000,41.06915283203125
COP,COP,2018-02-22,54.2599983215332,55.5,54.189998626708984,54.90999984741211,5565900,41.95547866821289
COP,COP,2018-02-23,55.349998474121094,57.13999938964844,55.06999969482422,57.04999923706055,6513900,43.59060287475586
COP,COP,2018-02-26,57.2599983215332,57.540000915527344,56.52000045776367,56.59000015258789,5986300,43.239131927490234
COP,COP,2018-02-27,56.5,57.619998931884766,55.81999969482422,55.83000183105469,5378300,42.65842819213867
COP,COP,2018-02-28,56.02000045776367,56.58000183105469,54.29999923706055,54.310001373291016,5889900,41.49702835083008
COP,COP,2018-03-01,54.5,55.0099983215332,53.52000045776367,53.880001068115234,5135400,41.16847610473633
COP,COP,2018-03-02,53.540000915527344,54.209999084472656,52.779998779296875,54.060001373291016,4574400,41.30600357055664
COP,COP,2018-03-05,53.4900016784668,54.22999954223633,53.310001373291016,53.9900016784668,5266000,41.25252914428711
COP,COP,2018-03-06,54.279998779296875,54.38999938964844,53.5,54.060001373291016,4931900,41.30600357055664
COP,COP,2018-03-07,53.310001373291016,54.459999084472656,53.2400016784668,54.06999969482422,7245800,41.313636779785156
COP,COP,2018-03-08,54.130001068115234,54.380001068115234,52.91999816894531,53.56999969482422,4726000,40.93161392211914
COP,COP,2018-03-09,54.06999969482422,55.06999969482422,54.0099983215332,55.060001373291016,5310000,42.07008743286133
COP,COP,2018-03-12,55.0099983215332,55.40999984741211,54.59000015258789,54.7400016784668,5074400,41.82558822631836
COP,COP,2018-03-13,54.939998626708984,55.209999084472656,53.58000183105469,53.959999084472656,5528100,41.22960662841797
COP,COP,2018-03-14,54.34000015258789,54.72999954223633,53.869998931884766,53.959999084472656,4101600,41.22960662841797
COP,COP,2018-03-15,54.310001373291016,54.5099983215332,53.380001068115234,54.029998779296875,4934600,41.2830810546875
COP,COP,2018-03-16,54.11000061035156,55.189998626708984,53.63999938964844,54.93000030517578,13000800,41.97075271606445
COP,COP,2018-03-19,54.7599983215332,54.90999984741211,53.380001068115234,53.56999969482422,4822000,40.93161392211914
COP,COP,2018-03-20,54.099998474121094,55.470001220703125,53.90999984741211,54.70000076293945,5140600,41.79501724243164
COP,COP,2018-03-21,55.099998474121094,57.59000015258789,55.040000915527344,57.040000915527344,7720100,43.58295822143555
COP,COP,2018-03-22,56.40999984741211,57.279998779296875,56.04999923706055,56.5,11053200,43.17036819458008
COP,COP,2018-03-23,57.040000915527344,58.380001068115234,56.970001220703125,57.7400016784668,9442000,44.11781692504883
COP,COP,2018-03-26,58.369998931884766,59.099998474121094,58.209999084472656,59.08000183105469,8795700,45.141685485839844
COP,COP,2018-03-27,59.150001525878906,59.81999969482422,58.689998626708984,59.13999938964844,9089600,45.18751525878906
COP,COP,2018-03-28,59.15999984741211,59.7400016784668,58.43000030517578,58.72999954223633,13327600,44.874229431152344
COP,COP,2018-03-29,58.7400016784668,59.59000015258789,58.7400016784668,59.290000915527344,8469200,45.30213165283203
COP,COP,2018-04-02,59.27000045776367,59.29999923706055,56.56999969482422,58.09000015258789,7403800,44.38523483276367
COP,COP,2018-04-03,58.540000915527344,60.08000183105469,57.86000061035156,60.029998779296875,8257300,45.867549896240234
COP,COP,2018-04-04,58.81999969482422,59.7400016784668,58.45000076293945,59.560001373291016,8174200,45.5084342956543
COP,COP,2018-04-05,59.83000183105469,61.16999816894531,59.72999954223633,60.459999084472656,6822600,46.19609832763672
COP,COP,2018-04-06,60.209999084472656,60.650001525878906,58.540000915527344,59.2599983215332,8837500,45.279205322265625
COP,COP,2018-04-09,59.86000061035156,61.150001525878906,59.5099983215332,60.619998931884766,10832100,46.31835174560547
COP,COP,2018-04-10,61.439998626708984,63.0,61.380001068115234,62.34000015258789,11069900,47.632568359375
COP,COP,2018-04-11,62.29999923706055,63.279998779296875,61.599998474121094,63.22999954223633,10014100,48.312599182128906
COP,COP,2018-04-12,63.290000915527344,63.880001068115234,62.84000015258789,63.2400016784668,10336200,48.320247650146484
COP,COP,2018-04-13,63.95000076293945,65.0,63.7400016784668,64.9000015258789,9672900,49.5886116027832
COP,COP,2018-04-16,64.97000122070312,65.98999786376953,64.37999725341797,65.7300033569336,8534900,50.22279739379883
COP,COP,2018-04-17,65.91999816894531,66.91000366210938,65.45999908447266,66.51000213623047,8312600,50.81877136230469
COP,COP,2018-04-18,67.0,67.30000305175781,66.37999725341797,66.41999816894531,11015600,50.74998474121094
COP,COP,2018-04-19,65.88999938964844,66.5999984741211,65.55000305175781,66.30999755859375,8366300,50.665950775146484
COP,COP,2018-04-20,65.8499984741211,66.11000061035156,65.33999633789062,65.79000091552734,7008400,50.26862335205078
COP,COP,2018-04-23,65.58000183105469,65.62999725341797,64.47000122070312,65.4800033569336,9209700,50.031761169433594
COP,COP,2018-04-24,66.0,66.62000274658203,64.8499984741211,65.30999755859375,8731600,49.90187072753906
COP,COP,2018-04-25,64.95999908447266,65.55999755859375,63.91999816894531,65.05999755859375,9869100,49.71086502075195
COP,COP,2018-04-26,65.75,67.12999725341797,65.0999984741211,66.97000122070312,10574600,51.170257568359375
COP,COP,2018-04-27,66.43000030517578,66.76000213623047,64.94999694824219,64.94999694824219,6398800,49.62681198120117
COP,COP,2018-04-30,64.87999725341797,66.1500015258789,64.76000213623047,65.5,6381300,50.04705047607422
COP,COP,2018-05-01,65.05000305175781,65.77999877929688,64.55000305175781,65.70999908447266,7433800,50.20751953125
COP,COP,2018-05-02,65.18000030517578,66.0,65.13999938964844,65.44999694824219,6810000,50.00883865356445
COP,COP,2018-05-03,64.9000015258789,66.16000366210938,64.31999969482422,65.98999786376953,7088800,50.42144012451172
COP,COP,2018-05-04,66.0,67.08999633789062,65.5999984741211,66.86000061035156,6302200,51.086204528808594
COP,COP,2018-05-07,67.2699966430664,68.63999938964844,66.69000244140625,66.7699966430664,9121500,51.01742172241211
COP,COP,2018-05-08,66.80000305175781,67.73999786376953,65.44999694824219,67.73999786376953,8988400,51.758575439453125
COP,COP,2018-05-09,68.61000061035156,70.1500015258789,68.5,68.69999694824219,9271200,52.492088317871094
COP,COP,2018-05-10,69.45999908447266,69.70999908447266,68.6500015258789,69.33999633789062,6512300,52.981109619140625
COP,COP,2018-05-11,69.12000274658203,69.88999938964844,68.87000274658203,69.44000244140625,6382200,53.2765007019043
COP,COP,2018-05-14,69.5,70.20999908447266,69.3499984741211,69.58999633789062,8805200,53.39155960083008
COP,COP,2018-05-15,69.55000305175781,70.58999633789062,69.23999786376953,70.08999633789062,5962700,53.77519607543945
COP,COP,2018-05-16,70.0,70.19999694824219,69.0999984741211,69.8499984741211,4363400,53.591033935546875
COP,COP,2018-05-17,70.19999694824219,71.0,70.08999633789062,70.66000366210938,5592700,54.21250915527344
COP,COP,2018-05-18,70.5,70.83000183105469,69.52999877929688,69.55000305175781,5094700,53.360877990722656
COP,COP,2018-05-21,70.0,70.77999877929688,69.56999969482422,70.66000366210938,5440000,54.21250915527344
COP,COP,2018-05-22,70.7699966430664,71.70999908447266,69.94000244140625,70.12999725341797,6079500,53.805877685546875
COP,COP,2018-05-23,69.62000274658203,69.87000274658203,68.27999877929688,69.12000274658203,6407500,53.030982971191406
COP,COP,2018-05-24,68.0,68.81999969482422,67.41000366210938,68.44999694824219,6404900,52.51691818237305
COP,COP,2018-05-25,66.80000305175781,66.86000061035156,64.44000244140625,65.47000122070312,8315800,50.23058319091797
COP,COP,2018-05-29,64.80000305175781,65.81999969482422,64.33999633789062,65.70999908447266,6310100,50.41472244262695
COP,COP,2018-05-30,66.33999633789062,68.73999786376953,66.16999816894531,68.05000305175781,10273400,52.21004104614258
COP,COP,2018-05-31,67.58000183105469,68.33999633789062,66.94000244140625,67.38999938964844,8508800,51.703670501708984
COP,COP,2018-06-01,67.76000213623047,68.97000122070312,67.33999633789062,68.29000091552734,7116200,52.39418411254883
COP,COP,2018-06-04,68.94999694824219,69.4000015258789,67.5999984741211,67.9000015258789,5599200,52.0949592590332
COP,COP,2018-06-05,67.72000122070312,68.55999755859375,67.5199966430664,67.55999755859375,6333100,51.83409881591797
COP,COP,2018-06-06,67.70999908447266,68.41999816894531,67.30999755859375,67.87999725341797,6412200,52.079612731933594
COP,COP,2018-06-07,68.5,69.68000030517578,68.26000213623047,69.4800033569336,7693500,53.307186126708984
COP,COP,2018-06-08,69.9800033569336,70.37000274658203,68.93000030517578,69.43000030517578,6656100,53.26882553100586
COP,COP,2018-06-11,69.95999908447266,70.98999786376953,69.5199966430664,70.48999786376953,6237300,54.08207702636719
COP,COP,2018-06-12,70.06999969482422,70.31999969482422,69.12999725341797,69.43000030517578,8329000,53.26882553100586
COP,COP,2018-06-13,69.3499984741211,69.93000030517578,68.66999816894531,69.62000274658203,6741100,53.414588928222656
COP,COP,2018-06-14,69.98999786376953,70.0199966430664,67.83999633789062,68.12999725341797,5694600,52.271419525146484
COP,COP,2018-06-15,67.44999694824219,67.80000305175781,65.20999908447266,65.36000061035156,15982700,50.146202087402344
COP,COP,2018-06-18,65.56999969482422,67.76000213623047,65.38999938964844,66.5999984741211,7680100,51.09756088256836
COP,COP,2018-06-19,65.72000122070312,67.04000091552734,65.43000030517578,66.26000213623047,5211500,50.83671188354492
COP,COP,2018-06-20,67.16000366210938,67.62999725341797,66.79000091552734,67.47000122070312,6323400,51.76504135131836
COP,COP,2018-06-21,66.86000061035156,66.95999908447266,64.79000091552734,65.11000061035156,7439700,49.954376220703125
COP,COP,2018-06-22,67.47000122070312,68.41000366210938,67.25,67.77999877929688,10945200,52.00288009643555
COP,COP,2018-06-25,67.79000091552734,68.12999725341797,65.37000274658203,66.13999938964844,5274300,50.744632720947266
COP,COP,2018-06-26,66.41000366210938,67.63999938964844,66.16999816894531,67.33999633789062,4956700,51.665306091308594
COP,COP,2018-06-27,68.2300033569336,69.5199966430664,68.08999633789062,68.73999786376953,7625000,52.739418029785156
COP,COP,2018-06-28,69.30000305175781,69.5,67.94000244140625,68.41000366210938,3958100,52.48623275756836
COP,COP,2018-06-29,68.94000244140625,70.62999725341797,68.70999908447266,69.62000274658203,7132000,53.414588928222656
COP,COP,2018-07-02,68.91000366210938,69.33000183105469,68.19999694824219,68.58999633789062,4952800,52.62434387207031
COP,COP,2018-07-03,69.36000061035156,71.44000244140625,69.36000061035156,69.55999755859375,5338400,53.368553161621094
COP,COP,2018-07-05,70.05000305175781,70.56999969482422,68.63999938964844,68.93000030517578,5719800,52.88520431518555
COP,COP,2018-07-06,68.69000244140625,69.80999755859375,68.47000122070312,69.6500015258789,4429600,53.437618255615234
COP,COP,2018-07-09,70.1500015258789,71.0,69.87999725341797,71.0,5271400,54.473365783691406
COP,COP,2018-07-10,71.48999786376953,72.0,71.36000061035156,71.73999786376953,5246400,55.041114807128906
COP,COP,2018-07-11,70.91999816894531,71.76000213623047,69.43000030517578,70.05000305175781,5636400,53.74451446533203
COP,COP,2018-07-12,70.86000061035156,71.69999694824219,70.41000366210938,71.44999694824219,6386700,54.818626403808594
COP,COP,2018-07-13,71.37000274658203,72.56999969482422,71.3499984741211,72.0,6313300,55.240604400634766
COP,COP,2018-07-16,70.87999725341797,71.58999633789062,69.54000091552734,70.58000183105469,6216200,54.15113830566406
COP,COP,2018-07-17,70.22000122070312,70.69000244140625,69.0999984741211,70.27999877929688,5724000,53.92095184326172
COP,COP,2018-07-18,69.4800033569336,70.5,68.80999755859375,70.3499984741211,5667700,53.974647521972656
COP,COP,2018-07-19,70.12999725341797,70.44000244140625,69.48999786376953,69.69000244140625,5959200,53.468292236328125
COP,COP,2018-07-20,69.75,70.13999938964844,69.69000244140625,70.01000213623047,5617200,53.934383392333984
COP,COP,2018-07-23,70.5,70.62000274658203,69.88999938964844,69.9800033569336,7936900,53.91126251220703
COP,COP,2018-07-24,70.69999694824219,71.55000305175781,70.37000274658203,70.8499984741211,4709100,54.58151626586914
COP,COP,2018-07-25,70.91999816894531,71.5999984741211,70.48999786376953,71.51000213623047,5148300,55.089962005615234
COP,COP,2018-07-26,71.22000122070312,71.94000244140625,70.61000061035156,71.80000305175781,7360100,55.3133544921875
COP,COP,2018-07-27,71.4800033569336,72.2699966430664,71.19000244140625,71.44999694824219,5587200,55.04372787475586
COP,COP,2018-07-30,72.30000305175781,72.94000244140625,72.13999938964844,72.2699966430664,4934100,55.67544174194336
COP,COP,2018-07-31,72.54000091552734,72.77999877929688,71.87999725341797,72.16999816894531,5422200,55.598392486572266
COP,COP,2018-08-01,71.5199966430664,72.05000305175781,70.91000366210938,71.80999755859375,5313200,55.32105255126953
COP,COP,2018-08-02,71.36000061035156,71.68000030517578,70.9800033569336,71.55999755859375,4669400,55.12846374511719
COP,COP,2018-08-03,71.25,71.4800033569336,70.61000061035156,71.29000091552734,4028500,54.92045974731445
COP,COP,2018-08-06,71.44000244140625,72.1500015258789,71.06999969482422,71.7300033569336,7177600,55.259437561035156
COP,COP,2018-08-07,72.55000305175781,73.76000213623047,72.38999938964844,72.9000015258789,5631400,56.160797119140625
COP,COP,2018-08-08,72.2300033569336,72.54000091552734,70.7300033569336,71.38999938964844,5784400,54.99749755859375
COP,COP,2018-08-09,72.19999694824219,72.63999938964844,71.5199966430664,71.75,5975600,55.274845123291016
COP,COP,2018-08-10,71.5999984741211,72.02999877929688,71.23999786376953,71.94000244140625,4855500,55.421226501464844
COP,COP,2018-08-13,71.91000366210938,72.5199966430664,71.01000213623047,71.06999969482422,4322200,54.750972747802734
COP,COP,2018-08-14,71.93000030517578,72.69000244140625,71.70999908447266,72.1500015258789,5223300,55.5829963684082
COP,COP,2018-08-15,71.27999877929688,71.37000274658203,67.70999908447266,67.81999969482422,7944500,52.247222900390625
COP,COP,2018-08-16,68.2699966430664,69.66000366210938,68.22000122070312,69.41000366210938,5453000,53.472164154052734
COP,COP,2018-08-17,69.87000274658203,70.11000061035156,69.31999969482422,69.7699966430664,4435200,53.74947738647461
COP,COP,2018-08-20,69.68000030517578,71.06999969482422,69.68000030517578,70.5199966430664,4659000,54.3272819519043
COP,COP,2018-08-21,71.04000091552734,71.55999755859375,70.79000091552734,70.88999938964844,3717600,54.61231994628906
COP,COP,2018-08-22,71.45999908447266,72.51000213623047,71.37999725341797,72.0,5019300,55.46744155883789
COP,COP,2018-08-23,71.55000305175781,72.11000061035156,71.22000122070312,72.05000305175781,3995500,55.505958557128906
COP,COP,2018-08-24,72.73999786376953,73.55999755859375,72.33999633789062,72.61000061035156,4934000,55.93737030029297
COP,COP,2018-08-27,72.61000061035156,73.18000030517578,72.61000061035156,72.83999633789062,3389300,56.11456298828125
COP,COP,2018-08-28,72.83999633789062,73.08999633789062,71.91999816894531,72.05000305175781,4072200,55.505958557128906
COP,COP,2018-08-29,72.7699966430664,73.73999786376953,72.4800033569336,73.54000091552734,4887000,56.65380859375
COP,COP,2018-08-30,73.68000030517578,74.43000030517578,73.26000213623047,73.55999755859375,5141200,56.66923141479492
COP,COP,2018-08-31,73.08000183105469,73.54000091552734,72.97000122070312,73.43000030517578,4152300,56.569091796875
COP,COP,2018-09-04,73.93000030517578,74.13999938964844,72.83000183105469,73.11000061035156,3447600,56.32257080078125
COP,COP,2018-09-05,72.83999633789062,73.11000061035156,72.04000091552734,73.0,5080200,56.23781967163086
COP,COP,2018-09-06,72.16999816894531,72.47000122070312,70.51000213623047,70.54000091552734,5443700,54.34268569946289
COP,COP,2018-09-07,69.93000030517578,70.62000274658203,69.41999816894531,70.22000122070312,4370600,54.09616470336914
COP,COP,2018-09-10,70.55999755859375,71.6500015258789,70.5199966430664,71.1500015258789,5188600,54.812618255615234
COP,COP,2018-09-11,70.98999786376953,72.08000183105469,70.5999984741211,71.47000122070312,4172200,55.05913543701172
COP,COP,2018-09-12,72.1500015258789,72.52999877929688,71.69000244140625,71.97000122070312,6137200,55.444332122802734
COP,COP,2018-09-13,71.98999786376953,72.58000183105469,71.12000274658203,72.55000305175781,4038600,55.891151428222656
COP,COP,2018-09-14,72.41000366210938,73.93000030517578,72.41000366210938,73.5,4618500,56.62300109863281
COP,COP,2018-09-17,73.70999908447266,74.9000015258789,73.62000274658203,74.23999786376953,6010100,57.19309616088867
COP,COP,2018-09-18,74.75,75.7300033569336,74.62999725341797,75.04000091552734,5989500,57.809383392333984
COP,COP,2018-09-19,75.0,75.86000061035156,74.6500015258789,75.52999877929688,3952800,58.186885833740234
COP,COP,2018-09-20,75.0999984741211,76.1500015258789,74.80999755859375,75.36000061035156,5220300,58.05592346191406
COP,COP,2018-09-21,75.7699966430664,76.66000366210938,75.36000061035156,76.27999877929688,15114300,58.7646598815918
COP,COP,2018-09-24,77.0,77.9000015258789,76.79000091552734,77.05999755859375,6377300,59.36556625366211
COP,COP,2018-09-25,77.94999694824219,78.61000061035156,77.63999938964844,78.11000061035156,6145100,60.17447280883789
COP,COP,2018-09-26,77.73999786376953,78.38999938964844,77.19999694824219,77.27999877929688,6148000,59.53504943847656
COP,COP,2018-09-27,77.72000122070312,77.98999786376953,77.30999755859375,77.5199966430664,4367000,59.71994400024414
COP,COP,2018-09-28,77.31999969482422,78.68000030517578,77.31999969482422,77.4000015258789,6190100,59.62749099731445
COP,COP,2018-10-01,77.7699966430664,80.23999786376953,77.73999786376953,79.88999938964844,6407200,61.54574966430664
COP,COP,2018-10-02,79.29000091552734,79.47000122070312,78.22000122070312,78.27999877929688,4534600,60.30542755126953
COP,COP,2018-10-03,78.62999725341797,78.91000366210938,77.88999938964844,78.56999969482422,6825500,60.528846740722656
COP,COP,2018-10-04,78.41000366210938,78.87999725341797,77.58999633789062,78.27999877929688,4457100,60.30542755126953
COP,COP,2018-10-05,78.0,78.56999969482422,77.58999633789062,78.38999938964844,6535600,60.39018249511719
COP,COP,2018-10-08,77.7300033569336,78.7699966430664,77.2699966430664,78.27999877929688,4034400,60.30542755126953
COP,COP,2018-10-09,78.58999633789062,79.95999908447266,78.13999938964844,79.4000015258789,4869600,61.16828155517578
COP,COP,2018-10-10,79.56999969482422,79.6500015258789,75.01000213623047,75.08999633789062,8332100,57.84790802001953
COP,COP,2018-10-11,74.16000366210938,74.7699966430664,71.93000030517578,72.79000091552734,9326500,56.0760383605957
COP,COP,2018-10-12,73.72000122070312,74.25,72.58999633789062,73.83000183105469,6296100,57.11656188964844
COP,COP,2018-10-15,73.83000183105469,74.19000244140625,73.01000213623047,73.2699966430664,6125000,56.683319091796875
COP,COP,2018-10-16,73.76000213623047,74.18000030517578,73.2300033569336,73.80000305175781,5726200,57.09334182739258
COP,COP,2018-10-17,74.06999969482422,74.06999969482422,72.22000122070312,72.4800033569336,7302700,56.0721549987793
COP,COP,2018-10-18,71.62000274658203,73.18000030517578,71.51000213623047,72.58999633789062,7800900,56.15726089477539
COP,COP,2018-10-19,72.66999816894531,73.9000015258789,72.26000213623047,72.48999786376953,5658000,56.079917907714844
COP,COP,2018-10-22,72.61000061035156,72.7699966430664,71.26000213623047,72.05000305175781,5385700,55.7395133972168
COP,COP,2018-10-23,70.54000091552734,70.58999633789062,68.20999908447266,69.22000122070312,7502000,53.5501594543457
COP,COP,2018-10-24,69.69999694824219,70.0199966430664,65.0,65.69000244140625,9260000,50.819271087646484
COP,COP,2018-10-25,67.87999725341797,68.69000244140625,66.54000091552734,68.0199966430664,8727300,52.62180709838867
COP,COP,2018-10-26,66.95999908447266,69.06999969482422,66.66999816894531,68.4800033569336,8193800,52.977684020996094
COP,COP,2018-10-29,69.18000030517578,69.70999908447266,66.22000122070312,67.3499984741211,6853100,52.10347366333008
COP,COP,2018-10-30,67.18000030517578,69.70999908447266,66.86000061035156,69.5199966430664,6506900,53.782249450683594
COP,COP,2018-10-31,70.38999938964844,71.81999969482422,69.75,69.9000015258789,6591400,54.076236724853516
COP,COP,2018-11-01,70.19999694824219,70.94999694824219,68.48999786376953,69.58000183105469,7826500,53.82866668701172
COP,COP,2018-11-02,69.69000244140625,70.25,67.37999725341797,67.83999633789062,5725200,52.482547760009766
COP,COP,2018-11-05,68.69000244140625,69.5,68.25,69.02999877929688,4955500,53.403175354003906
COP,COP,2018-11-06,69.3499984741211,69.56999969482422,68.25,69.5,6150200,53.766780853271484
COP,COP,2018-11-07,70.73999786376953,71.26000213623047,69.25,70.02999877929688,6585500,54.17678451538086
COP,COP,2018-11-08,69.76000213623047,70.30999755859375,66.66999816894531,66.91000366210938,9826900,51.76308822631836
COP,COP,2018-11-09,65.7300033569336,67.20999908447266,64.79000091552734,66.7300033569336,9190700,51.62384796142578
COP,COP,2018-11-12,67.58999633789062,68.06999969482422,65.13999938964844,65.13999938964844,6766600,50.393775939941406
COP,COP,2018-11-13,64.77999877929688,65.58000183105469,62.599998474121094,63.720001220703125,11213800,49.29523849487305
COP,COP,2018-11-14,64.81999969482422,66.01000213623047,63.52000045776367,64.12000274658203,9708500,49.60468673706055
COP,COP,2018-11-15,63.58000183105469,65.29000091552734,63.25,65.20999908447266,7782600,50.447933197021484
COP,COP,2018-11-16,65.58999633789062,66.44000244140625,65.37999725341797,66.12000274658203,7993600,51.15192413330078
COP,COP,2018-11-19,65.37000274658203,66.7300033569336,65.02999877929688,66.44000244140625,7793900,51.39948654174805
COP,COP,2018-11-20,65.55999755859375,65.55999755859375,63.220001220703125,63.9900016784668,7453900,49.504119873046875
COP,COP,2018-11-21,64.41000366210938,66.1500015258789,64.22000122070312,65.4800033569336,6392600,50.65681076049805
COP,COP,2018-11-23,62.880001068115234,63.93000030517578,62.40999984741211,63.79999923706055,5361000,49.35712814331055
COP,COP,2018-11-26,64.69999694824219,65.5999984741211,64.52999877929688,64.69999694824219,6355100,50.05339431762695
COP,COP,2018-11-27,64.7300033569336,65.5999984741211,64.1500015258789,65.27999877929688,6116400,50.502079010009766
COP,COP,2018-11-28,65.11000061035156,66.62999725341797,65.08999633789062,66.3499984741211,5602100,51.32986831665039
COP,COP,2018-11-29,66.45999908447266,67.51000213623047,66.20999908447266,66.87000274658203,4606000,51.73214340209961
COP,COP,2018-11-30,66.02999877929688,66.94000244140625,65.43000030517578,66.18000030517578,7175400,51.19833755493164
COP,COP,2018-12-03,68.0999984741211,69.26000213623047,67.55999755859375,69.11000061035156,7497100,53.465065002441406
COP,COP,2018-12-04,69.43000030517578,69.72000122070312,66.79000091552734,66.91999816894531,7532200,51.77083206176758
COP,COP,2018-12-06,64.91999816894531,66.61000061035156,64.30999755859375,66.61000061035156,8412000,51.531005859375
COP,COP,2018-12-07,68.23999786376953,69.12000274658203,65.80999755859375,65.91000366210938,8095500,50.98947525024414
COP,COP,2018-12-10,65.08999633789062,65.79000091552734,63.29999923706055,65.19999694824219,8750900,50.440185546875
COP,COP,2018-12-11,66.13999938964844,66.75,64.7300033569336,65.44000244140625,5569200,50.62588119506836
COP,COP,2018-12-12,66.05000305175781,67.05999755859375,65.22000122070312,65.2699966430664,5544900,50.49435043334961
COP,COP,2018-12-13,65.12000274658203,67.08000183105469,64.88999938964844,66.12999725341797,6417200,51.1596794128418
COP,COP,2018-12-14,66.12000274658203,66.29000091552734,64.30999755859375,64.55000305175781,6445900,49.937339782714844
COP,COP,2018-12-17,64.56999969482422,64.83999633789062,62.689998626708984,63.119998931884766,7018300,48.8310661315918
COP,COP,2018-12-18,63.029998779296875,63.619998931884766,61.470001220703125,61.90999984741211,6806200,47.89497756958008
COP,COP,2018-12-19,62.560001373291016,63.7599983215332,60.81999969482422,61.279998779296875,7699800,47.407588958740234
COP,COP,2018-12-20,60.27000045776367,61.720001220703125,59.66999816894531,60.0,8372900,46.417362213134766
COP,COP,2018-12-21,59.209999084472656,60.970001220703125,58.810001373291016,59.79999923706055,15043600,46.26262283325195
COP,COP,2018-12-24,58.83000183105469,59.68000030517578,57.0099983215332,57.0099983215332,3842800,44.10422897338867
COP,COP,2018-12-26,57.68000030517578,61.529998779296875,56.75,61.5,7263900,47.57779312133789
COP,COP,2018-12-27,60.630001068115234,62.2400016784668,59.45000076293945,62.22999954223633,6131000,48.14253234863281
COP,COP,2018-12-28,62.75,62.869998931884766,61.150001525878906,61.66999816894531,5053700,47.70930099487305
COP,COP,2018-12-31,62.130001068115234,62.72999954223633,61.689998626708984,62.349998474121094,5290800,48.23537063598633
COP,COP,2019-01-02,60.689998626708984,63.849998474121094,60.43000030517578,63.380001068115234,5735400,49.03220748901367
COP,COP,2019-01-03,63.540000915527344,63.709999084472656,61.65999984741211,62.18000030517578,4727300,48.10386657714844
COP,COP,2019-01-04,63.08000183105469,63.90999984741211,62.65999984741211,63.75,7700100,49.318443298339844
COP,COP,2019-01-07,63.90999984741211,64.2699966430664,62.689998626708984,63.470001220703125,6272200,49.101837158203125
COP,COP,2019-01-08,64.20999908447266,64.58000183105469,63.459999084472656,64.31999969482422,5774900,49.7594108581543
COP,COP,2019-01-09,65.06999969482422,66.75,64.5999984741211,66.44999694824219,8350300,51.4072151184082
COP,COP,2019-01-10,65.87000274658203,68.01000213623047,65.43000030517578,67.94000244140625,8811100,52.55992126464844
COP,COP,2019-01-11,67.27999877929688,67.33999633789062,65.79000091552734,66.38999938964844,6018300,51.36081314086914
COP,COP,2019-01-14,65.62000274658203,66.31999969482422,65.33000183105469,65.61000061035156,4972000,50.75738525390625
COP,COP,2019-01-15,66.04000091552734,66.77999877929688,65.76000213623047,66.02999877929688,4504100,51.082305908203125
COP,COP,2019-01-16,65.73999786376953,66.2699966430664,65.48999786376953,65.66000366210938,5402300,50.796058654785156
COP,COP,2019-01-17,65.05999755859375,67.16999816894531,65.01000213623047,67.05999755859375,5997400,51.879146575927734
COP,COP,2019-01-18,67.63999938964844,68.30999755859375,67.16999816894531,67.9000015258789,6073800,52.52898406982422
COP,COP,2019-01-22,67.0,67.23999786376953,65.58000183105469,65.75,6915500,50.86568069458008
COP,COP,2019-01-23,66.22000122070312,66.45999908447266,65.1500015258789,65.86000061035156,5938700,50.95079040527344
COP,COP,2019-01-24,65.97000122070312,66.7300033569336,65.44999694824219,66.12000274658203,5789900,51.15192413330078
COP,COP,2019-01-25,66.6500015258789,67.61000061035156,66.5199966430664,66.98999786376953,4504500,51.82497024536133
COP,COP,2019-01-28,65.87000274658203,65.87000274658203,64.87999725341797,65.3499984741211,5942800,50.556236267089844
COP,COP,2019-01-29,66.20999908447266,66.29000091552734,65.25,65.30000305175781,5308800,50.517547607421875
COP,COP,2019-01-30,65.80000305175781,66.0999984741211,65.11000061035156,65.69000244140625,8087400,50.819271087646484
COP,COP,2019-01-31,66.54000091552734,68.30999755859375,65.9000015258789,67.69000244140625,9927700,52.366512298583984
COP,COP,2019-02-01,68.33999633789062,69.44999694824219,68.0999984741211,68.68000030517578,7486400,53.13239669799805
COP,COP,2019-02-04,68.19000244140625,70.01000213623047,68.19000244140625,69.93000030517578,5593100,54.099430084228516
COP,COP,2019-02-05,69.6500015258789,69.95999908447266,69.11000061035156,69.26000213623047,4483900,53.58110427856445
COP,COP,2019-02-06,68.66000366210938,69.55000305175781,68.51000213623047,69.11000061035156,4071300,53.465065002441406
COP,COP,2019-02-07,68.37000274658203,68.83000183105469,67.25,67.4800033569336,6230300,52.20405578613281
COP,COP,2019-02-08,66.80000305175781,67.08000183105469,65.26000213623047,66.26000213623047,6554900,51.492984771728516
COP,COP,2019-02-11,65.58000183105469,67.06999969482422,65.58000183105469,66.73999786376953,5200400,51.866004943847656
COP,COP,2019-02-12,68.01000213623047,68.30000305175781,67.23999786376953,67.44999694824219,3958000,52.417789459228516
COP,COP,2019-02-13,67.70999908447266,68.83000183105469,67.63999938964844,67.77999877929688,5839800,52.67421340942383
COP,COP,2019-02-14,67.5,69.69000244140625,67.5,69.0999984741211,5442800,53.700035095214844
COP,COP,2019-02-15,69.94000244140625,70.31999969482422,69.4800033569336,70.18000030517578,5173500,54.53936004638672
COP,COP,2019-02-19,69.5199966430664,70.01000213623047,69.18000030517578,69.48999786376953,5189600,54.00312805175781
COP,COP,2019-02-20,69.45999908447266,70.75,69.44999694824219,70.6500015258789,5837100,54.90460205078125
COP,COP,2019-02-21,70.23999786376953,70.83999633789062,69.93000030517578,70.23999786376953,5984300,54.585968017578125
COP,COP,2019-02-22,70.8499984741211,71.01000213623047,69.87000274658203,69.97000122070312,5225500,54.37615966796875
COP,COP,2019-02-25,69.66000366210938,70.01000213623047,69.2300033569336,69.25,5160900,53.81661605834961
COP,COP,2019-02-26,69.0999984741211,69.52999877929688,68.73999786376953,68.91999816894531,4689900,53.560157775878906
COP,COP,2019-02-27,69.29000091552734,70.33999633789062,68.76000213623047,69.22000122070312,5355700,53.793296813964844
COP,COP,2019-02-28,69.1500015258789,69.19000244140625,67.66000366210938,67.8499984741211,8154300,52.72862243652344
COP,COP,2019-03-01,68.08999633789062,69.11000061035156,68.08999633789062,68.93000030517578,7372600,53.56793975830078
COP,COP,2019-03-04,69.5999984741211,70.05999755859375,68.7300033569336,69.9000015258789,6625800,54.32175827026367
COP,COP,2019-03-05,70.0,70.05999755859375,68.5199966430664,69.01000213623047,7635500,53.63011169433594
COP,COP,2019-03-06,68.61000061035156,68.63999938964844,67.94000244140625,68.29000091552734,7296300,53.0705680847168
COP,COP,2019-03-07,68.36000061035156,68.4000015258789,67.55000305175781,67.94999694824219,6964300,52.80633544921875
COP,COP,2019-03-08,66.69999694824219,66.69999694824219,64.91000366210938,65.43000030517578,8068800,50.84796142578125
COP,COP,2019-03-11,66.19999694824219,66.33999633789062,65.33999633789062,65.87000274658203,8703500,51.18990707397461
COP,COP,2019-03-12,66.16999816894531,66.41999816894531,65.1500015258789,65.62999725341797,11790200,51.00338363647461
COP,COP,2019-03-13,66.08999633789062,67.36000061035156,66.02999877929688,67.3499984741211,8324800,52.34004592895508
COP,COP,2019-03-14,67.27999877929688,67.86000061035156,66.97000122070312,67.0199966430664,7315500,52.08360290527344
COP,COP,2019-03-15,66.55999755859375,67.93000030517578,66.52999877929688,67.58999633789062,16733200,52.52656936645508
COP,COP,2019-03-18,67.87999725341797,68.30000305175781,67.30000305175781,67.61000061035156,7712200,52.5421142578125
COP,COP,2019-03-19,68.13999938964844,68.5,67.0999984741211,67.3499984741211,6456400,52.34004592895508
COP,COP,2019-03-20,67.38999938964844,68.16000366210938,66.66999816894531,67.54000091552734,7117300,52.48771286010742
COP,COP,2019-03-21,67.7300033569336,68.27999877929688,67.26000213623047,68.13999938964844,5580900,52.9539909362793
COP,COP,2019-03-22,67.45999908447266,67.75,65.38999938964844,66.06999969482422,5182100,51.3453254699707
COP,COP,2019-03-25,66.04000091552734,67.48999786376953,65.5199966430664,67.06999969482422,8070000,52.122459411621094
COP,COP,2019-03-26,67.97000122070312,69.5999984741211,67.91000366210938,68.55999755859375,7245200,53.28040313720703
COP,COP,2019-03-27,68.30000305175781,69.08000183105469,67.58000183105469,67.91000366210938,5015600,52.77526092529297
COP,COP,2019-03-28,67.4000015258789,67.61000061035156,66.76000213623047,67.37999725341797,5122100,52.363365173339844
COP,COP,2019-03-29,68.27999877929688,68.54000091552734,66.58000183105469,66.73999786376953,6810900,51.866004943847656
COP,COP,2019-04-01,67.48999786376953,68.12000274658203,67.30999755859375,67.69000244140625,5309000,52.604278564453125
COP,COP,2019-04-02,67.58999633789062,67.83000183105469,66.08999633789062,66.3499984741211,5833000,51.56291580200195
COP,COP,2019-04-03,66.80999755859375,66.95999908447266,65.16999816894531,65.51000213623047,5490800,50.910133361816406
COP,COP,2019-04-04,65.56999969482422,65.7699966430664,64.97000122070312,65.16000366210938,6397900,50.63813400268555
COP,COP,2019-04-05,65.51000213623047,66.19000244140625,65.26000213623047,66.12000274658203,8337800,51.38418960571289
COP,COP,2019-04-08,66.51000213623047,67.5199966430664,66.19000244140625,66.55000305175781,5705200,51.71834945678711
COP,COP,2019-04-09,66.20999908447266,66.27999877929688,65.44999694824219,65.69999694824219,4707300,51.057777404785156
COP,COP,2019-04-10,66.08000183105469,67.18000030517578,66.02999877929688,66.97000122070312,6629000,52.044742584228516
COP,COP,2019-04-11,66.63999938964844,67.5999984741211,65.72000122070312,66.37000274658203,9486900,51.578460693359375
COP,COP,2019-04-12,67.55999755859375,68.22000122070312,67.25,67.37000274658203,9913100,52.3556022644043
COP,COP,2019-04-15,67.05999755859375,67.2300033569336,66.20999908447266,66.33999633789062,7284800,51.55513381958008
COP,COP,2019-04-16,66.76000213623047,66.91000366210938,65.83999633789062,65.83999633789062,7790500,51.16657638549805
COP,COP,2019-04-17,66.48999786376953,67.0,65.77999877929688,65.77999877929688,7907100,51.11994934082031
COP,COP,2019-04-18,65.94000244140625,66.38999938964844,65.5199966430664,65.9000015258789,6033400,51.213226318359375
COP,COP,2019-04-22,66.69999694824219,67.30000305175781,66.33000183105469,66.95999908447266,9061600,52.03696060180664
COP,COP,2019-04-23,66.98999786376953,67.41999816894531,66.43000030517578,66.44999694824219,8133500,51.640621185302734
COP,COP,2019-04-24,67.0,67.0,64.69000244140625,64.69999694824219,7624600,50.2806510925293
COP,COP,2019-04-25,64.62999725341797,64.6500015258789,63.93000030517578,63.970001220703125,7305000,49.713340759277344
COP,COP,2019-04-26,63.58000183105469,63.650001525878906,62.08000183105469,62.779998779296875,9216800,48.78855514526367
COP,COP,2019-04-29,62.77000045776367,63.119998931884766,62.36000061035156,62.650001525878906,6769300,48.68752670288086
COP,COP,2019-04-30,63.54999923706055,63.970001220703125,62.54999923706055,63.119998931884766,9358300,49.05276870727539
COP,COP,2019-05-01,63.72999954223633,64.52999877929688,62.66999816894531,62.66999816894531,12032000,48.70307159423828
COP,COP,2019-05-02,62.20000076293945,63.310001373291016,61.279998779296875,61.290000915527344,12614200,47.63062286376953
COP,COP,2019-05-03,61.900001525878906,62.880001068115234,61.52000045776367,62.0099983215332,6883800,48.190155029296875
COP,COP,2019-05-06,61.25,62.349998474121094,60.97999954223633,61.880001068115234,7402400,48.08913040161133
COP,COP,2019-05-07,61.15999984741211,61.34000015258789,60.29999923706055,61.0,6452200,47.405250549316406
COP,COP,2019-05-08,61.040000915527344,62.13999938964844,60.959999084472656,61.43000030517578,4809000,47.739418029785156
COP,COP,2019-05-09,60.83000183105469,61.83000183105469,60.650001525878906,61.540000915527344,7799800,47.82489776611328
COP,COP,2019-05-10,61.27000045776367,62.279998779296875,60.470001220703125,61.91999816894531,6411500,48.35988998413086
COP,COP,2019-05-13,61.4900016784668,61.90999984741211,60.81999969482422,61.189998626708984,6280300,47.78975296020508
COP,COP,2019-05-14,61.4900016784668,62.88999938964844,61.439998626708984,62.31999969482422,5259000,48.67229461669922
COP,COP,2019-05-15,62.0,62.31999969482422,61.29999923706055,62.040000915527344,6316300,48.453617095947266
COP,COP,2019-05-16,62.599998474121094,63.130001068115234,62.5,62.56999969482422,5312500,48.867549896240234
COP,COP,2019-05-17,61.970001220703125,62.56999969482422,61.81999969482422,62.099998474121094,4906100,48.50046157836914
COP,COP,2019-05-20,62.029998779296875,62.560001373291016,61.880001068115234,62.45000076293945,4794800,48.773826599121094
COP,COP,2019-05-21,62.70000076293945,63.959999084472656,62.689998626708984,63.619998931884766,5855300,49.687591552734375
COP,COP,2019-05-22,63.06999969482422,63.709999084472656,62.7400016784668,63.04999923706055,5156300,49.242427825927734
COP,COP,2019-05-23,61.84000015258789,61.970001220703125,59.220001220703125,59.5,8896800,46.46985626220703
COP,COP,2019-05-24,60.02000045776367,60.40999984741211,58.93000030517578,59.880001068115234,6070700,46.76664352416992
COP,COP,2019-05-28,60.029998779296875,60.63999938964844,59.779998779296875,60.04999923706055,5685800,46.8994026184082
COP,COP,2019-05-29,59.290000915527344,60.349998474121094,58.939998626708984,60.13999938964844,6828300,46.96969985961914
COP,COP,2019-05-30,60.06999969482422,60.310001373291016,58.599998474121094,58.95000076293945,5817900,46.04030227661133
COP,COP,2019-05-31,58.04999923706055,59.400001525878906,57.81999969482422,58.959999084472656,6939500,46.04811096191406
COP,COP,2019-06-03,59.06999969482422,60.20000076293945,59.02000045776367,59.41999816894531,6541500,46.407379150390625
COP,COP,2019-06-04,59.869998931884766,60.0,58.959999084472656,59.099998474121094,7260500,46.15745544433594
COP,COP,2019-06-05,59.209999084472656,59.29999923706055,56.97999954223633,57.08000183105469,11839200,44.5798225402832
COP,COP,2019-06-06,57.380001068115234,58.529998779296875,57.290000915527344,58.20000076293945,7370600,45.454551696777344
COP,COP,2019-06-07,58.310001373291016,59.310001373291016,58.150001525878906,58.959999084472656,5893000,46.04811096191406
COP,COP,2019-06-10,59.33000183105469,59.689998626708984,58.790000915527344,59.2599983215332,5268400,46.282405853271484
COP,COP,2019-06-11,59.689998626708984,59.869998931884766,58.65999984741211,58.72999954223633,5280300,45.868473052978516
COP,COP,2019-06-12,58.16999816894531,58.61000061035156,57.880001068115234,58.54999923706055,5677400,45.7279052734375
COP,COP,2019-06-13,59.349998474121094,59.619998931884766,58.86000061035156,59.060001373291016,5174200,46.12621307373047
COP,COP,2019-06-14,59.060001373291016,59.38999938964844,58.689998626708984,58.81999969482422,3590500,45.938777923583984
COP,COP,2019-06-17,58.349998474121094,59.11000061035156,58.279998779296875,59.0099983215332,4575000,46.08716583251953
COP,COP,2019-06-18,59.43000030517578,60.220001220703125,59.209999084472656,59.83000183105469,4980000,46.72759246826172
COP,COP,2019-06-19,59.75,60.290000915527344,59.38999938964844,59.650001525878906,4469100,46.587013244628906
COP,COP,2019-06-20,60.72999954223633,61.20000076293945,60.400001525878906,60.70000076293945,9437900,47.40705871582031
COP,COP,2019-06-21,60.70000076293945,60.9900016784668,60.27000045776367,60.33000183105469,9147100,47.11810302734375
COP,COP,2019-06-24,60.31999969482422,60.779998779296875,60.27000045776367,60.52000045776367,3701800,47.2664794921875
COP,COP,2019-06-25,60.29999923706055,60.880001068115234,59.7599983215332,59.77000045776367,5024000,46.680728912353516
COP,COP,2019-06-26,60.83000183105469,63.29999923706055,60.81999969482422,62.75,9509900,49.008121490478516
COP,COP,2019-06-27,62.58000183105469,62.86000061035156,60.880001068115234,61.27000045776367,6004700,47.85223388671875
COP,COP,2019-06-28,61.27000045776367,61.689998626708984,60.68000030517578,61.0,6108800,47.64136505126953
COP,COP,2019-07-01,62.0,62.810001373291016,61.709999084472656,62.25,6272200,48.61762619018555
COP,COP,2019-07-02,62.22999954223633,62.33000183105469,59.90999984741211,60.099998474121094,8132300,46.93844985961914
COP,COP,2019-07-03,60.52000045776367,60.7599983215332,59.9900016784668,60.5,4881900,47.2508544921875
COP,COP,2019-07-05,60.189998626708984,60.58000183105469,59.59000015258789,59.900001525878906,4584300,46.78225326538086
COP,COP,2019-07-08,59.79999923706055,60.54999923706055,59.75,59.88999938964844,7176000,46.77444839477539
COP,COP,2019-07-09,59.97999954223633,60.18000030517578,59.0,59.88999938964844,6057000,46.77444839477539
COP,COP,2019-07-10,60.47999954223633,61.27000045776367,60.25,61.209999084472656,5983900,47.80537033081055
COP,COP,2019-07-11,61.04999923706055,61.470001220703125,60.7599983215332,61.459999084472656,4194600,48.0006217956543
COP,COP,2019-07-12,61.45000076293945,61.959999084472656,61.279998779296875,61.7599983215332,4806300,48.234928131103516
COP,COP,2019-07-15,61.849998474121094,61.90999984741211,60.58000183105469,60.650001525878906,5051000,47.36800765991211
COP,COP,2019-07-16,60.650001525878906,60.83000183105469,59.56999969482422,59.75,6011300,46.66511154174805
COP,COP,2019-07-17,60.11000061035156,60.540000915527344,59.77000045776367,59.779998779296875,7055900,46.688541412353516
COP,COP,2019-07-18,60.060001373291016,60.439998626708984,59.790000915527344,60.31999969482422,5711600,47.11027908325195
COP,COP,2019-07-19,59.93000030517578,60.58000183105469,59.36000061035156,60.33000183105469,5136000,47.3575553894043
COP,COP,2019-07-22,60.459999084472656,60.95000076293945,59.970001220703125,60.439998626708984,3320500,47.44390106201172
COP,COP,2019-07-23,60.34000015258789,60.459999084472656,59.84000015258789,60.279998779296875,4431900,47.318294525146484
COP,COP,2019-07-24,60.130001068115234,60.720001220703125,59.88999938964844,60.08000183105469,4405000,47.16130828857422
COP,COP,2019-07-25,60.59000015258789,60.599998474121094,58.900001525878906,59.040000915527344,5019300,46.34494400024414
COP,COP,2019-07-26,58.900001525878906,59.36000061035156,58.439998626708984,58.75,6704100,46.11728286743164
COP,COP,2019-07-29,58.689998626708984,58.810001373291016,57.47999954223633,58.189998626708984,6597500,45.677703857421875
COP,COP,2019-07-30,57.099998474121094,59.86000061035156,57.02000045776367,59.5099983215332,5927800,46.713863372802734
COP,COP,2019-07-31,59.47999954223633,59.7400016784668,58.380001068115234,59.08000183105469,8268500,46.376338958740234
COP,COP,2019-08-01,58.08000183105469,60.279998779296875,57.88999938964844,58.79999923706055,7924200,46.15653991699219
COP,COP,2019-08-02,58.939998626708984,59.310001373291016,56.31999969482422,56.470001220703125,7697700,44.32754135131836
COP,COP,2019-08-05,55.54999923706055,55.709999084472656,54.22999954223633,54.68000030517578,7474600,42.92243957519531
COP,COP,2019-08-06,55.02000045776367,55.029998779296875,53.91999816894531,54.22999954223633,6166900,42.56919479370117
COP,COP,2019-08-07,53.279998779296875,53.720001220703125,52.29999923706055,53.31999969482422,9289600,41.8548698425293
COP,COP,2019-08-08,53.779998779296875,55.09000015258789,53.29999923706055,55.06999969482422,7444800,43.22858810424805
COP,COP,2019-08-09,54.959999084472656,55.470001220703125,53.97999954223633,54.0099983215332,5391700,42.39651107788086
COP,COP,2019-08-12,53.790000915527344,53.93000030517578,52.849998474121094,53.119998931884766,4726100,41.6978759765625
COP,COP,2019-08-13,52.84000015258789,54.83000183105469,52.439998626708984,53.869998931884766,6461800,42.286617279052734
COP,COP,2019-08-14,52.459999084472656,52.86000061035156,51.5099983215332,51.779998779296875,7851800,40.6460075378418
COP,COP,2019-08-15,51.400001525878906,52.0099983215332,50.59000015258789,50.90999984741211,6069800,39.96308898925781
COP,COP,2019-08-16,51.04999923706055,51.79999923706055,50.79999923706055,51.470001220703125,5273200,40.40267562866211
COP,COP,2019-08-19,52.56999969482422,54.29999923706055,52.459999084472656,53.939998626708984,9315400,42.34156036376953
COP,COP,2019-08-20,53.5099983215332,53.599998474121094,52.650001525878906,52.709999084472656,5297700,41.376041412353516
COP,COP,2019-08-21,53.33000183105469,53.66999816894531,52.38999938964844,52.630001068115234,6044600,41.31324005126953
COP,COP,2019-08-22,52.90999984741211,53.349998474121094,52.22999954223633,52.2599983215332,4316200,41.022804260253906
COP,COP,2019-08-23,51.650001525878906,52.189998626708984,50.130001068115234,50.41999816894531,7133400,39.57844161987305
COP,COP,2019-08-26,51.04999923706055,51.709999084472656,50.689998626708984,51.369998931884766,4989100,40.32416915893555
COP,COP,2019-08-27,51.72999954223633,51.849998474121094,50.52000045776367,50.97999954223633,5342100,40.01802062988281
COP,COP,2019-08-28,51.40999984741211,52.2400016784668,51.25,51.95000076293945,4880300,40.779476165771484
COP,COP,2019-08-29,52.310001373291016,52.95000076293945,52.209999084472656,52.290000915527344,6401900,41.04635238647461
COP,COP,2019-08-30,52.36000061035156,52.939998626708984,51.619998931884766,52.18000030517578,5131500,40.96000289916992
COP,COP,2019-09-03,51.04999923706055,52.119998931884766,50.7400016784668,52.040000915527344,5142300,40.85010528564453
COP,COP,2019-09-04,52.790000915527344,53.47999954223633,52.599998474121094,53.29999923706055,5803100,41.83916473388672
COP,COP,2019-09-05,53.59000015258789,54.2400016784668,53.290000915527344,53.439998626708984,6014500,41.949066162109375
COP,COP,2019-09-06,53.08000183105469,53.790000915527344,52.68000030517578,53.630001068115234,4635000,42.09821701049805
COP,COP,2019-09-09,54.20000076293945,55.04999923706055,53.869998931884766,54.970001220703125,6176800,43.15008544921875
COP,COP,2019-09-10,55.540000915527344,57.4900016784668,55.38999938964844,56.31999969482422,8567700,44.20981216430664
COP,COP,2019-09-11,56.72999954223633,57.47999954223633,56.290000915527344,57.20000076293945,7940300,44.900577545166016
COP,COP,2019-09-12,55.9900016784668,56.970001220703125,55.58000183105469,56.349998474121094,5712300,44.233341217041016
COP,COP,2019-09-13,56.97999954223633,57.70000076293945,56.869998931884766,57.34000015258789,7885300,45.01047134399414
COP,COP,2019-09-16,61.45000076293945,63.150001525878906,60.5099983215332,62.529998779296875,17898000,49.084495544433594
COP,COP,2019-09-17,62.470001220703125,63.220001220703125,60.20000076293945,61.220001220703125,13487100,48.05616760253906
COP,COP,2019-09-18,60.0,60.369998931884766,59.27000045776367,60.0099983215332,7412500,47.10636520385742
COP,COP,2019-09-19,60.47999954223633,60.689998626708984,59.75,59.970001220703125,6270700,47.074954986572266
COP,COP,2019-09-20,60.25,61.220001220703125,60.130001068115234,60.81999969482422,18124800,47.7421875
COP,COP,2019-09-23,60.0,60.66999816894531,59.86000061035156,60.18000030517578,6729300,47.23979949951172
COP,COP,2019-09-24,59.9900016784668,60.060001373291016,58.349998474121094,59.29999923706055,9370200,46.54902648925781
COP,COP,2019-09-25,58.459999084472656,59.5,58.29999923706055,59.47999954223633,5788200,46.69031524658203
COP,COP,2019-09-26,59.060001373291016,59.130001068115234,57.290000915527344,57.68000030517578,6655400,45.277366638183594
COP,COP,2019-09-27,57.060001373291016,58.34000015258789,56.959999084472656,57.900001525878906,4329300,45.45006561279297
COP,COP,2019-09-30,57.56999969482422,57.90999984741211,56.689998626708984,56.97999954223633,5923700,44.727874755859375
COP,COP,2019-10-01,57.5,57.70000076293945,55.029998779296875,55.150001525878906,6329000,43.291378021240234
COP,COP,2019-10-02,54.790000915527344,55.040000915527344,53.0,53.06999969482422,6135600,41.658634185791016
COP,COP,2019-10-03,52.790000915527344,53.810001373291016,52.29999923706055,53.65999984741211,4238200,42.12176513671875
COP,COP,2019-10-04,53.529998779296875,53.9900016784668,52.70000076293945,53.5,5148300,41.99617004394531
COP,COP,2019-10-07,54.150001525878906,55.630001068115234,53.79999923706055,54.599998474121094,8158600,42.85963439941406
COP,COP,2019-10-08,53.900001525878906,55.380001068115234,53.72999954223633,53.900001525878906,6968700,42.31015396118164
COP,COP,2019-10-09,54.59000015258789,55.349998474121094,54.290000915527344,54.939998626708984,5632100,43.126529693603516
COP,COP,2019-10-10,55.0,56.0099983215332,55.0,55.880001068115234,5426500,43.864418029785156
COP,COP,2019-10-11,56.47999954223633,56.9900016784668,56.20000076293945,56.43000030517578,6810600,44.29615020751953
COP,COP,2019-10-14,55.83000183105469,56.45000076293945,55.63999938964844,56.130001068115234,4402900,44.060646057128906
COP,COP,2019-10-15,55.790000915527344,56.4900016784668,55.40999984741211,55.95000076293945,6226000,43.91936492919922
COP,COP,2019-10-16,55.43000030517578,55.7400016784668,54.560001373291016,54.61000061035156,5190700,43.19173049926758
COP,COP,2019-10-17,54.7599983215332,54.86000061035156,53.97999954223633,54.529998779296875,4364300,43.128440856933594
COP,COP,2019-10-18,54.65999984741211,54.880001068115234,53.95000076293945,53.95000076293945,5160400,42.66972351074219
COP,COP,2019-10-21,54.25,56.11000061035156,54.08000183105469,55.959999084472656,6734100,44.25946044921875
COP,COP,2019-10-22,55.939998626708984,57.650001525878906,55.93000030517578,56.540000915527344,6187300,44.718177795410156
COP,COP,2019-10-23,56.619998931884766,56.81999969482422,55.56999969482422,56.25,5252400,44.48881149291992
COP,COP,2019-10-24,56.56999969482422,56.900001525878906,55.72999954223633,56.15999984741211,4552100,44.41764450073242
COP,COP,2019-10-25,56.09000015258789,56.70000076293945,55.59000015258789,56.349998474121094,3046000,44.567901611328125
COP,COP,2019-10-28,56.47999954223633,56.95000076293945,54.86000061035156,55.68000030517578,7574600,44.038002014160156
COP,COP,2019-10-29,55.79999923706055,57.970001220703125,54.38999938964844,57.09000015258789,8699200,45.1531867980957
COP,COP,2019-10-30,57.439998626708984,57.459999084472656,54.95000076293945,55.040000915527344,7907800,43.53181838989258
COP,COP,2019-10-31,54.869998931884766,55.20000076293945,54.130001068115234,55.20000076293945,6346400,43.658363342285156
COP,COP,2019-11-01,55.650001525878906,57.4900016784668,55.470001220703125,57.150001525878906,6483600,45.20063781738281
COP,COP,2019-11-04,57.7599983215332,58.56999969482422,57.209999084472656,58.0,5667900,45.87290954589844
COP,COP,2019-11-05,58.619998931884766,59.33000183105469,58.36000061035156,58.5099983215332,7545200,46.276268005371094
COP,COP,2019-11-06,58.25,59.08000183105469,57.349998474121094,57.630001068115234,5464900,45.58026885986328
COP,COP,2019-11-07,58.29999923706055,59.630001068115234,58.29999923706055,59.540000915527344,9492200,47.090919494628906
COP,COP,2019-11-08,58.88999938964844,59.29999923706055,57.91999816894531,59.15999984741211,4769000,46.79037094116211
COP,COP,2019-11-11,58.65999984741211,59.2400016784668,58.29999923706055,58.90999984741211,3716200,46.59264373779297
COP,COP,2019-11-12,58.97999954223633,59.45000076293945,57.939998626708984,58.22999954223633,4939900,46.05482482910156
COP,COP,2019-11-13,57.84000015258789,58.02000045776367,57.220001220703125,57.560001373291016,4644200,45.52492904663086
COP,COP,2019-11-14,57.7599983215332,58.04999923706055,56.959999084472656,57.25,3971200,45.27972412109375
COP,COP,2019-11-15,57.560001373291016,58.290000915527344,57.54999923706055,58.25,4261900,46.070648193359375
COP,COP,2019-11-18,57.70000076293945,57.779998779296875,56.38999938964844,56.70000076293945,5793300,44.84473419189453
COP,COP,2019-11-19,56.83000183105469,57.529998779296875,56.29999923706055,57.16999816894531,6588000,45.216453552246094
COP,COP,2019-11-20,57.099998474121094,59.54999923706055,56.91999816894531,59.36000061035156,10097500,46.94856262207031
COP,COP,2019-11-21,59.54999923706055,60.54999923706055,59.400001525878906,60.209999084472656,10527300,47.62083053588867
COP,COP,2019-11-22,60.4900016784668,61.38999938964844,59.63999938964844,59.900001525878906,6575300,47.375648498535156
COP,COP,2019-11-25,60.0,61.15999984741211,59.209999084472656,61.04999923706055,7721200,48.28519821166992
COP,COP,2019-11-26,60.79999923706055,61.36000061035156,60.06999969482422,60.11000061035156,8151100,47.541751861572266
COP,COP,2019-11-27,60.349998474121094,60.47999954223633,59.27000045776367,60.34000015258789,5998400,47.72365188598633
COP,COP,2019-11-29,59.61000061035156,60.29999923706055,59.43000030517578,59.939998626708984,2707100,47.407283782958984
COP,COP,2019-12-02,60.2400016784668,61.29999923706055,60.02000045776367,60.369998931884766,7171500,47.74736785888672
COP,COP,2019-12-03,59.7400016784668,59.90999984741211,58.61000061035156,58.88999938964844,6110000,46.57683563232422
COP,COP,2019-12-04,59.36000061035156,61.04999923706055,59.18000030517578,60.630001068115234,8036700,47.953006744384766
COP,COP,2019-12-05,61.0,61.27000045776367,59.439998626708984,59.84000015258789,5047000,47.328189849853516
COP,COP,2019-12-06,60.310001373291016,62.130001068115234,60.130001068115234,61.970001220703125,8311100,49.01284408569336
COP,COP,2019-12-09,61.58000183105469,62.220001220703125,61.380001068115234,61.83000183105469,5256500,48.902099609375
COP,COP,2019-12-10,61.84000015258789,62.0099983215332,61.33000183105469,61.7599983215332,4630200,48.846744537353516
COP,COP,2019-12-11,61.369998931884766,61.84000015258789,61.029998779296875,61.68000030517578,3959200,48.783470153808594
COP,COP,2019-12-12,61.4900016784668,62.95000076293945,61.369998931884766,62.59000015258789,5162700,49.503196716308594
COP,COP,2019-12-13,63.45000076293945,64.06999969482422,62.4900016784668,62.70000076293945,6965000,49.59019470214844
COP,COP,2019-12-16,63.04999923706055,63.56999969482422,62.529998779296875,62.81999969482422,5590000,49.685115814208984
COP,COP,2019-12-17,62.900001525878906,63.779998779296875,62.900001525878906,63.52000045776367,6211100,50.23874282836914
COP,COP,2019-12-18,63.470001220703125,63.959999084472656,63.150001525878906,63.20000076293945,5598400,49.985652923583984
COP,COP,2019-12-19,62.97999954223633,63.369998931884766,62.90999984741211,63.189998626708984,5197100,49.977752685546875
COP,COP,2019-12-20,63.93000030517578,64.0199966430664,63.22999954223633,63.720001220703125,11008000,50.39693069458008
COP,COP,2019-12-23,63.66999816894531,64.83000183105469,63.459999084472656,64.5999984741211,7019800,51.092926025390625
COP,COP,2019-12-24,64.76000213623047,65.51000213623047,64.61000061035156,64.66999816894531,3188400,51.14828872680664
COP,COP,2019-12-26,65.08999633789062,65.73999786376953,64.8499984741211,65.0,4835200,51.4093017578125
COP,COP,2019-12-27,65.19999694824219,65.62999725341797,64.61000061035156,64.9800033569336,5414300,51.39347457885742
COP,COP,2019-12-30,65.06999969482422,65.25,64.52999877929688,64.61000061035156,3665200,51.10084533691406
COP,COP,2019-12-31,64.1500015258789,65.16999816894531,63.900001525878906,65.02999877929688,3639800,51.43302917480469
COP,COP,2020-01-02,65.27999877929688,65.68000030517578,64.8499984741211,65.45999908447266,4122800,51.77311706542969
COP,COP,2020-01-03,67.04000091552734,67.12999725341797,65.06999969482422,65.69999694824219,6333200,51.962928771972656
COP,COP,2020-01-06,66.27999877929688,66.94000244140625,65.87999725341797,66.4800033569336,8823800,52.57984924316406
COP,COP,2020-01-07,66.44000244140625,66.48999786376953,65.73999786376953,66.4800033569336,5974800,52.57984924316406
COP,COP,2020-01-08,66.44999694824219,66.62999725341797,64.5199966430664,64.94000244140625,6470100,51.36184310913086
COP,COP,2020-01-09,64.56999969482422,66.1500015258789,64.29000091552734,66.06999969482422,6005100,52.25556945800781
COP,COP,2020-01-10,65.86000061035156,66.19999694824219,65.33000183105469,65.41999816894531,7233100,51.74147415161133
COP,COP,2020-01-13,65.36000061035156,65.51000213623047,64.87999725341797,65.12999725341797,3675300,51.51211166381836
COP,COP,2020-01-14,65.22000122070312,65.33000183105469,64.66000366210938,65.13999938964844,6119400,51.520023345947266
COP,COP,2020-01-15,65.0,65.33000183105469,64.44000244140625,65.0,3933300,51.4093017578125
COP,COP,2020-01-16,65.38999938964844,65.61000061035156,64.76000213623047,65.06999969482422,4315200,51.46466064453125
COP,COP,2020-01-17,65.27999877929688,65.43000030517578,64.83999633789062,65.06999969482422,4765500,51.46466064453125
COP,COP,2020-01-21,64.56999969482422,64.8499984741211,63.939998626708984,64.02999877929688,6974000,50.64211654663086
COP,COP,2020-01-22,63.79999923706055,63.79999923706055,62.83000183105469,63.0099983215332,6755800,49.835384368896484
COP,COP,2020-01-23,62.0099983215332,63.36000061035156,61.619998931884766,63.13999938964844,6199900,49.938209533691406
COP,COP,2020-01-24,62.70000076293945,62.70000076293945,62.04999923706055,62.619998931884766,5689500,49.52693176269531
COP,COP,2020-01-27,61.369998931884766,61.83000183105469,60.84000015258789,61.040000915527344,7321100,48.27726745605469
COP,COP,2020-01-28,61.61000061035156,61.68000030517578,60.900001525878906,61.18000030517578,4824700,48.38801193237305
COP,COP,2020-01-29,61.59000015258789,61.68000030517578,60.27000045776367,60.4900016784668,4102500,47.84228515625
COP,COP,2020-01-30,59.75,60.9900016784668,59.59000015258789,60.88999938964844,6931500,48.15865707397461
COP,COP,2020-01-31,60.0,60.40999984741211,59.119998931884766,59.43000030517578,7673000,47.00392532348633
COP,COP,2020-02-03,59.40999984741211,60.34000015258789,58.86000061035156,59.18000030517578,7015300,46.80617904663086
COP,COP,2020-02-04,58.93000030517578,59.81999969482422,56.43000030517578,56.4900016784668,13403000,44.67864227294922
COP,COP,2020-02-05,57.279998779296875,58.95000076293945,56.81999969482422,58.779998779296875,12891800,46.48982238769531
COP,COP,2020-02-06,59.06999969482422,59.06999969482422,57.93000030517578,58.40999984741211,5901700,46.19718551635742
COP,COP,2020-02-07,57.810001373291016,58.369998931884766,57.560001373291016,57.9900016784668,5081800,45.86499786376953
COP,COP,2020-02-10,57.459999084472656,58.13999938964844,57.209999084472656,57.869998931884766,6756300,45.77009201049805
COP,COP,2020-02-11,58.849998474121094,59.0099983215332,58.209999084472656,58.709999084472656,6143000,46.43446350097656
COP,COP,2020-02-12,59.900001525878906,61.150001525878906,59.540000915527344,59.7599983215332,5906800,47.264915466308594
COP,COP,2020-02-13,59.09000015258789,59.45000076293945,58.599998474121094,58.81999969482422,5995600,46.85073471069336
COP,COP,2020-02-14,58.869998931884766,59.099998474121094,58.18000030517578,58.619998931884766,4204500,46.691429138183594
COP,COP,2020-02-18,58.40999984741211,58.56999969482422,57.709999084472656,58.29999923706055,3937800,46.43653869628906
COP,COP,2020-02-19,58.75,59.36000061035156,58.68000030517578,59.2599983215332,5267400,47.20119857788086
COP,COP,2020-02-20,59.25,59.54999923706055,58.58000183105469,58.880001068115234,5755000,46.89852523803711
COP,COP,2020-02-21,58.31999969482422,58.61000061035156,57.77000045776367,58.439998626708984,5216300,46.54804992675781
COP,COP,2020-02-24,56.150001525878906,56.939998626708984,55.9900016784668,56.380001068115234,10350200,44.90725326538086
COP,COP,2020-02-25,56.52000045776367,56.689998626708984,53.540000915527344,53.83000183105469,10447900,42.87615203857422
COP,COP,2020-02-26,54.02000045776367,54.25,51.11000061035156,51.16999816894531,11646700,40.75742721557617
COP,COP,2020-02-27,49.599998474121094,49.61000061035156,47.130001068115234,47.130001068115234,14676100,37.53952407836914
COP,COP,2020-02-28,45.41999816894531,48.439998626708984,45.119998931884766,48.41999816894531,16558800,38.56703186035156
COP,COP,2020-03-02,49.31999969482422,49.380001068115234,46.880001068115234,49.22999954223633,10672800,39.21220779418945
COP,COP,2020-03-03,49.529998779296875,51.4900016784668,47.45000076293945,48.119998931884766,11785400,38.32806396484375
COP,COP,2020-03-04,48.75,49.54999923706055,47.7400016784668,49.43000030517578,8924200,39.37150192260742
COP,COP,2020-03-05,47.97999954223633,48.63999938964844,46.779998779296875,47.70000076293945,9603800,37.99353790283203
COP,COP,2020-03-06,45.97999954223633,46.4900016784668,44.68000030517578,45.33000183105469,14504800,36.105804443359375
COP,COP,2020-03-09,33.95000076293945,36.20000076293945,32.0,34.06999969482422,29828600,27.137102127075195
COP,COP,2020-03-10,36.63999938964844,37.41999816894531,33.0,34.880001068115234,20337700,27.782278060913086
COP,COP,2020-03-11,33.59000015258789,33.95000076293945,31.510000228881836,32.560001373291016,18460700,25.93437385559082
COP,COP,2020-03-12,30.34000015258789,31.40999984741211,27.81999969482422,28.200000762939453,16581700,22.461593627929688
COP,COP,2020-03-13,30.600000381469727,31.739999771118164,27.59000015258789,31.3799991607666,17506900,24.99448585510254
COP,COP,2020-03-16,27.489999771118164,31.149999618530273,25.90999984741211,26.079999923706055,13774100,20.77298927307129
COP,COP,2020-03-17,26.360000610351562,26.850000381469727,24.389999389648438,26.25,18692900,20.908390045166016
COP,COP,2020-03-18,24.25,25.600000381469727,20.84000015258789,22.670000076293945,17039700,18.056884765625
COP,COP,2020-03-19,23.1299991607666,25.989999771118164,21.0,25.59000015258789,15655100,20.38269805908203
COP,COP,2020-03-20,27.059999465942383,28.389999389648438,25.889999389648438,26.84000015258789,23790200,21.378334045410156
COP,COP,2020-03-23,26.75,26.969999313354492,23.350000381469727,24.549999237060547,16239400,19.554325103759766
COP,COP,2020-03-24,26.450000762939453,30.8700008392334,26.450000762939453,30.739999771118164,16724400,24.48472785949707
COP,COP,2020-03-25,31.229999542236328,32.560001373291016,29.489999771118164,30.940000534057617,14295900,24.644027709960938
COP,COP,2020-03-26,31.1200008392334,32.459999084472656,30.399999618530273,32.09000015258789,13576900,25.560012817382812
COP,COP,2020-03-27,30.1200008392334,30.270000457763672,28.799999237060547,29.25,10647200,23.297922134399414
COP,COP,2020-03-30,28.510000228881836,30.139999389648438,27.520000457763672,29.290000915527344,11089600,23.329784393310547
COP,COP,2020-03-31,30.030000686645508,31.920000076293945,29.709999084472656,30.799999237060547,13481100,24.532514572143555
COP,COP,2020-04-01,29.31999969482422,30.530000686645508,28.829999923706055,29.6200008392334,11101400,23.592636108398438
COP,COP,2020-04-02,31.25,35.41999816894531,30.709999084472656,33.86000061035156,14693200,26.96983528137207
COP,COP,2020-04-03,34.61000061035156,34.97999954223633,31.610000610351562,32.90999984741211,11505000,26.213150024414062
COP,COP,2020-04-06,33.47999954223633,33.79999923706055,31.790000915527344,32.79999923706055,13532900,26.125539779663086
COP,COP,2020-04-07,34.880001068115234,35.939998626708984,33.02000045776367,33.27000045776367,11704200,26.49989891052246
COP,COP,2020-04-08,34.04999923706055,35.88999938964844,33.869998931884766,35.68000030517578,8171100,28.419490814208984
COP,COP,2020-04-09,37.93000030517578,37.97999954223633,33.290000915527344,34.72999954223633,14176800,27.66280174255371
COP,COP,2020-04-13,35.939998626708984,35.97999954223633,33.77000045776367,34.29999923706055,10222000,27.320302963256836
COP,COP,2020-04-14,34.369998931884766,34.470001220703125,33.66999816894531,34.08000183105469,11082200,27.145069122314453
COP,COP,2020-04-15,32.16999816894531,33.0,30.729999542236328,32.20000076293945,11354700,25.647624969482422
COP,COP,2020-04-16,31.84000015258789,32.22999954223633,30.520000457763672,31.06999969482422,13220600,24.74757194519043
COP,COP,2020-04-17,31.979999542236328,35.369998931884766,31.850000381469727,35.2599983215332,13162600,28.084962844848633
COP,COP,2020-04-20,32.470001220703125,35.66999816894531,32.400001525878906,34.56999969482422,13226400,27.53536033630371
COP,COP,2020-04-21,32.95000076293945,34.130001068115234,32.61000061035156,33.189998626708984,13639500,26.436168670654297
COP,COP,2020-04-22,35.20000076293945,35.529998779296875,34.540000915527344,34.97999954223633,12048400,27.86193084716797
COP,COP,2020-04-23,36.61000061035156,37.20000076293945,35.369998931884766,36.18000030517578,9849600,28.81774139404297
COP,COP,2020-04-24,36.970001220703125,37.29999923706055,35.779998779296875,36.09000015258789,8683900,28.746057510375977
COP,COP,2020-04-27,35.869998931884766,37.40999984741211,34.68000030517578,37.150001525878906,8302500,29.59036636352539
COP,COP,2020-04-28,37.88999938964844,38.9900016784668,37.560001373291016,38.47999954223633,9445700,30.649717330932617
COP,COP,2020-04-29,40.06999969482422,42.54999923706055,39.63999938964844,42.209999084472656,12958100,33.620689392089844
COP,COP,2020-04-30,42.58000183105469,43.58000183105469,40.84000015258789,42.099998474121094,11760700,33.533084869384766
COP,COP,2020-05-01,40.540000915527344,41.29999923706055,38.709999084472656,39.13999938964844,9256700,31.175399780273438
COP,COP,2020-05-04,38.619998931884766,40.400001525878906,38.150001525878906,40.36000061035156,12515600,32.147151947021484
COP,COP,2020-05-05,43.099998474121094,43.56999969482422,40.65999984741211,40.91999816894531,10096700,32.593204498291016
COP,COP,2020-05-06,41.09000015258789,41.83000183105469,39.81999969482422,40.4900016784668,8213000,32.250694274902344
COP,COP,2020-05-07,42.0,43.349998474121094,41.90999984741211,42.41999816894531,9520700,33.78795623779297
COP,COP,2020-05-08,43.119998931884766,43.349998474121094,42.060001373291016,43.08000183105469,6974200,34.65681076049805
COP,COP,2020-05-11,42.22999954223633,43.279998779296875,42.08000183105469,42.27000045776367,7076800,34.00517272949219
COP,COP,2020-05-12,42.619998931884766,43.150001525878906,41.529998779296875,41.58000183105469,7375900,33.450096130371094
COP,COP,2020-05-13,41.02000045776367,41.18000030517578,39.540000915527344,39.88999938964844,7666400,32.090518951416016
COP,COP,2020-05-14,38.93000030517578,40.459999084472656,37.779998779296875,39.93000030517578,6718700,32.12269973754883
COP,COP,2020-05-15,39.869998931884766,41.54999923706055,39.720001220703125,40.869998931884766,7242300,32.87891387939453
COP,COP,2020-05-18,43.45000076293945,44.61000061035156,43.16999816894531,43.599998474121094,9047300,35.07511901855469
COP,COP,2020-05-19,43.70000076293945,43.880001068115234,42.61000061035156,42.66999816894531,6126300,34.326969146728516
COP,COP,2020-05-20,43.59000015258789,44.79999923706055,43.29999923706055,44.150001525878906,7203000,35.517581939697266
COP,COP,2020-05-21,44.38999938964844,44.869998931884766,43.619998931884766,43.720001220703125,6646000,35.17166519165039
COP,COP,2020-05-22,42.90999984741211,43.36000061035156,42.29999923706055,43.279998779296875,4674000,34.81769561767578
COP,COP,2020-05-26,44.810001373291016,45.119998931884766,43.5,43.66999816894531,7702600,35.13143539428711
COP,COP,2020-05-27,44.34000015258789,44.68000030517578,42.959999084472656,44.66999816894531,5768100,35.935909271240234
COP,COP,2020-05-28,44.720001220703125,44.720001220703125,42.779998779296875,43.0099983215332,5871500,34.6004753112793
COP,COP,2020-05-29,42.61000061035156,42.779998779296875,41.66999816894531,42.18000030517578,10172200,33.93276596069336
COP,COP,2020-06-01,42.2599983215332,43.70000076293945,41.63999938964844,43.38999938964844,6344300,34.90618133544922
COP,COP,2020-06-02,44.02000045776367,44.689998626708984,43.70000076293945,44.20000076293945,5858300,35.55781173706055
COP,COP,2020-06-03,45.11000061035156,45.22999954223633,44.02000045776367,45.119998931884766,8024200,36.29792404174805
COP,COP,2020-06-04,44.68000030517578,45.130001068115234,44.18000030517578,44.709999084472656,5577000,35.96807861328125
COP,COP,2020-06-05,47.38999938964844,48.779998779296875,47.029998779296875,48.59000015258789,11578800,39.089447021484375
COP,COP,2020-06-08,50.209999084472656,50.790000915527344,48.810001373291016,50.310001373291016,10242200,40.47315216064453
COP,COP,2020-06-09,48.25,49.189998626708984,47.880001068115234,48.630001068115234,8203600,39.12163162231445
COP,COP,2020-06-10,48.040000915527344,48.290000915527344,45.869998931884766,45.90999984741211,7882300,36.9334602355957
COP,COP,2020-06-11,42.08000183105469,44.25,41.79999923706055,42.119998931884766,8435200,33.88450241088867
COP,COP,2020-06-12,45.310001373291016,45.40999984741211,42.11000061035156,43.72999954223633,8928400,35.17970657348633
COP,COP,2020-06-15,41.06999969482422,43.90999984741211,40.849998474121094,43.349998474121094,7992100,34.87400436401367
COP,COP,2020-06-16,45.29999923706055,45.68000030517578,43.599998474121094,45.11000061035156,6932400,36.28988265991211
COP,COP,2020-06-17,44.9900016784668,45.099998474121094,43.90999984741211,44.02000045776367,5967200,35.41300582885742
COP,COP,2020-06-18,43.529998779296875,44.84000015258789,43.18000030517578,44.45000076293945,7293700,35.75892639160156
COP,COP,2020-06-19,45.900001525878906,45.900001525878906,43.380001068115234,43.70000076293945,13702800,35.15556716918945
COP,COP,2020-06-22,43.2400016784668,43.97999954223633,42.65999984741211,43.560001373291016,5009100,35.04294204711914
COP,COP,2020-06-23,44.119998931884766,44.529998779296875,43.59000015258789,43.810001373291016,4962200,35.24406433105469
COP,COP,2020-06-24,43.0,43.16999816894531,40.93000030517578,40.9900016784668,7137200,32.975440979003906
COP,COP,2020-06-25,40.65999984741211,42.119998931884766,40.5099983215332,42.060001373291016,5981000,33.83623504638672
COP,COP,2020-06-26,41.56999969482422,41.619998931884766,40.15999984741211,40.349998474121094,8399400,32.46057891845703
COP,COP,2020-06-29,40.400001525878906,41.349998474121094,39.91999816894531,41.29999923706055,5764800,33.22482681274414
COP,COP,2020-06-30,40.869998931884766,42.34000015258789,40.279998779296875,42.02000045776367,6313900,33.804054260253906
COP,COP,2020-07-01,42.349998474121094,42.83000183105469,40.68000030517578,40.7400016784668,5600000,32.77431869506836
COP,COP,2020-07-02,41.81999969482422,42.5099983215332,41.58000183105469,41.779998779296875,4775000,33.61097717285156
COP,COP,2020-07-06,42.630001068115234,42.869998931884766,41.36000061035156,41.630001068115234,5825100,33.49030303955078
COP,COP,2020-07-07,41.150001525878906,41.630001068115234,40.56999969482422,40.63999938964844,5995100,32.69388198852539
COP,COP,2020-07-08,40.58000183105469,41.56999969482422,40.29999923706055,41.040000915527344,4896800,33.01567077636719
COP,COP,2020-07-09,40.65999984741211,40.88999938964844,38.290000915527344,38.349998474121094,9189500,30.851621627807617
COP,COP,2020-07-10,38.36000061035156,39.81999969482422,38.220001220703125,39.689998626708984,9218300,31.92963218688965
COP,COP,2020-07-13,40.130001068115234,40.5099983215332,39.0,39.65999984741211,5887000,31.905488967895508
COP,COP,2020-07-14,39.439998626708984,41.34000015258789,39.27000045776367,41.310001373291016,4953500,33.23287582397461
COP,COP,2020-07-15,42.189998626708984,42.41999816894531,41.04999923706055,41.619998931884766,5777100,33.48225402832031
COP,COP,2020-07-16,41.290000915527344,42.060001373291016,40.65999984741211,41.59000015258789,4655700,33.458133697509766
COP,COP,2020-07-17,41.349998474121094,41.66999816894531,39.779998779296875,39.959999084472656,6699300,32.47478485107422
COP,COP,2020-07-20,39.959999084472656,40.34000015258789,39.2400016784668,39.33000183105469,6407600,31.962799072265625
COP,COP,2020-07-21,40.099998474121094,42.08000183105469,40.0,41.65999984741211,7950900,33.85634231567383
COP,COP,2020-07-22,41.06999969482422,41.25,40.31999969482422,40.88999938964844,5158400,33.2305793762207
COP,COP,2020-07-23,40.529998779296875,41.130001068115234,40.22999954223633,40.459999084472656,5953500,32.88111877441406
COP,COP,2020-07-24,40.7400016784668,41.36000061035156,40.15999984741211,40.279998779296875,5202600,32.73483657836914
COP,COP,2020-07-27,39.91999816894531,40.47999954223633,39.439998626708984,39.77000045776367,5312400,32.32038116455078
COP,COP,2020-07-28,39.56999969482422,39.959999084472656,38.79999923706055,38.959999084472656,6188300,31.66209602355957
COP,COP,2020-07-29,38.970001220703125,39.939998626708984,38.599998474121094,39.939998626708984,6305200,32.45853042602539
COP,COP,2020-07-30,38.119998931884766,38.470001220703125,35.900001525878906,37.63999938964844,13421000,30.58935546875
COP,COP,2020-07-31,37.04999923706055,37.599998474121094,36.709999084472656,37.38999938964844,7719900,30.386184692382812
COP,COP,2020-08-03,37.27000045776367,37.38999938964844,36.689998626708984,36.709999084472656,8064700,29.833560943603516
COP,COP,2020-08-04,36.65999984741211,38.06999969482422,36.470001220703125,37.63999938964844,5808100,30.58935546875
COP,COP,2020-08-05,38.5,38.689998626708984,37.709999084472656,38.02000045776367,7315000,30.89818000793457
COP,COP,2020-08-06,37.63999938964844,38.43000030517578,37.61000061035156,38.04999923706055,6588700,30.922563552856445
COP,COP,2020-08-07,37.869998931884766,38.38999938964844,37.349998474121094,38.29999923706055,4445300,31.125732421875
COP,COP,2020-08-10,38.5099983215332,39.66999816894531,38.45000076293945,39.63999938964844,5612600,32.214725494384766
COP,COP,2020-08-11,40.56999969482422,41.150001525878906,39.58000183105469,39.709999084472656,7975900,32.27161407470703
COP,COP,2020-08-12,40.369998931884766,41.68000030517578,40.25,41.65999984741211,11822500,33.85634231567383
COP,COP,2020-08-13,41.150001525878906,41.83000183105469,40.619998931884766,40.630001068115234,8286400,33.01927947998047
COP,COP,2020-08-14,40.220001220703125,41.0,39.959999084472656,40.81999969482422,3349800,33.173702239990234
COP,COP,2020-08-17,40.75,40.97999954223633,39.90999984741211,40.70000076293945,6089300,33.076168060302734
COP,COP,2020-08-18,40.619998931884766,41.33000183105469,40.130001068115234,40.33000183105469,5711500,32.77547836303711
COP,COP,2020-08-19,40.11000061035156,40.31999969482422,39.52000045776367,39.650001525878906,4526200,32.22284698486328
COP,COP,2020-08-20,39.060001373291016,39.310001373291016,38.72999954223633,38.77000045776367,3943200,31.5076904296875
COP,COP,2020-08-21,38.63999938964844,38.810001373291016,37.95000076293945,38.15999984741211,5034200,31.011951446533203
COP,COP,2020-08-24,38.34000015258789,39.560001373291016,38.09000015258789,38.869998931884766,5357400,31.588966369628906
COP,COP,2020-08-25,39.40999984741211,39.45000076293945,38.45000076293945,38.849998474121094,4160600,31.572694778442383
COP,COP,2020-08-26,38.83000183105469,38.959999084472656,37.52000045776367,37.560001373291016,6753300,30.524349212646484
COP,COP,2020-08-27,37.77000045776367,38.279998779296875,37.5,38.150001525878906,6231600,31.003829956054688
COP,COP,2020-08-28,38.33000183105469,38.459999084472656,37.880001068115234,38.380001068115234,5058100,31.19074058532715
COP,COP,2020-08-31,38.349998474121094,38.45000076293945,37.56999969482422,37.88999938964844,6165700,30.79253578186035
COP,COP,2020-09-01,37.41999816894531,37.599998474121094,36.619998931884766,37.15999984741211,6267700,30.19927406311035
COP,COP,2020-09-02,37.0,37.16999816894531,36.380001068115234,36.380001068115234,7441600,29.565378189086914
COP,COP,2020-09-03,36.029998779296875,36.869998931884766,35.84000015258789,35.9900016784668,8733400,29.24844741821289
COP,COP,2020-09-04,36.36000061035156,36.689998626708984,35.66999816894531,35.86000061035156,8285300,29.14278793334961
COP,COP,2020-09-08,35.29999923706055,35.29999923706055,33.7400016784668,34.060001373291016,9338600,27.67995262145996
COP,COP,2020-09-09,34.849998474121094,34.849998474121094,34.220001220703125,34.459999084472656,6440000,28.005033493041992
COP,COP,2020-09-10,34.43000030517578,34.52000045776367,32.86000061035156,32.91999816894531,8582800,26.753503799438477
COP,COP,2020-09-11,32.880001068115234,33.439998626708984,32.63999938964844,33.11000061035156,6769100,26.907913208007812
COP,COP,2020-09-14,33.2400016784668,33.869998931884766,33.0099983215332,33.52000045776367,5436000,27.24110984802246
COP,COP,2020-09-15,33.72999954223633,34.220001220703125,33.61000061035156,33.79999923706055,8333400,27.468660354614258
COP,COP,2020-09-16,34.119998931884766,35.529998779296875,33.650001525878906,35.08000183105469,9240700,28.508893966674805
COP,COP,2020-09-17,34.400001525878906,36.11000061035156,34.15999984741211,36.09000015258789,13147700,29.32970428466797
COP,COP,2020-09-18,35.79999923706055,36.45000076293945,35.400001525878906,35.869998931884766,12409800,29.15091323852539
COP,COP,2020-09-21,34.810001373291016,35.08000183105469,34.09000015258789,34.36000061035156,11316000,27.923757553100586
COP,COP,2020-09-22,34.34000015258789,34.810001373291016,34.0099983215332,34.29999923706055,7963000,27.875001907348633
COP,COP,2020-09-23,34.36000061035156,34.59000015258789,32.880001068115234,32.91999816894531,7714500,26.753503799438477
COP,COP,2020-09-24,32.810001373291016,34.2599983215332,32.459999084472656,33.599998474121094,7084000,27.306123733520508
COP,COP,2020-09-25,33.09000015258789,33.9900016784668,32.97999954223633,33.70000076293945,5240900,27.38739013671875
COP,COP,2020-09-28,34.34000015258789,34.7400016784668,33.619998931884766,33.709999084472656,8958400,27.3955135345459
COP,COP,2020-09-29,33.720001220703125,33.779998779296875,32.16999816894531,32.459999084472656,6662600,26.379669189453125
COP,COP,2020-09-30,32.72999954223633,33.290000915527344,32.54999923706055,32.84000015258789,8111700,26.688488006591797
COP,COP,2020-10-01,32.22999954223633,32.7400016784668,31.690000534057617,32.43000030517578,7929600,26.355287551879883
COP,COP,2020-10-02,31.579999923706055,33.290000915527344,31.450000762939453,33.06999969482422,7069100,26.875408172607422
COP,COP,2020-10-05,33.560001373291016,34.310001373291016,33.22999954223633,34.279998779296875,5652500,27.858753204345703
COP,COP,2020-10-06,34.880001068115234,35.08000183105469,33.119998931884766,33.29999923706055,6645600,27.06231689453125
COP,COP,2020-10-07,33.470001220703125,34.529998779296875,33.31999969482422,34.33000183105469,6633200,27.899389266967773
COP,COP,2020-10-08,34.5,35.619998931884766,34.29999923706055,35.529998779296875,6758800,28.874601364135742
COP,COP,2020-10-09,35.939998626708984,35.970001220703125,34.84000015258789,35.130001068115234,6382000,28.549537658691406
COP,COP,2020-10-12,35.06999969482422,35.84000015258789,34.72999954223633,35.59000015258789,7214600,28.923358917236328
COP,COP,2020-10-13,35.529998779296875,36.0,34.70000076293945,34.880001068115234,8121000,28.346359252929688
COP,COP,2020-10-14,34.040000915527344,35.529998779296875,34.040000915527344,34.529998779296875,9817400,28.061920166015625
COP,COP,2020-10-15,33.869998931884766,35.470001220703125,33.66999816894531,35.400001525878906,8633700,28.768951416015625
COP,COP,2020-10-16,34.810001373291016,34.970001220703125,33.75,33.77000045776367,8312900,27.78174591064453
COP,COP,2020-10-19,34.119998931884766,34.20000076293945,32.68000030517578,32.70000076293945,21684100,26.9014835357666
COP,COP,2020-10-20,32.90999984741211,33.04999923706055,32.06999969482422,32.58000183105469,19243000,26.802759170532227
COP,COP,2020-10-21,32.16999816894531,32.40999984741211,30.579999923706055,30.639999389648438,19210200,25.20676612854004
COP,COP,2020-10-22,30.6200008392334,31.969999313354492,30.469999313354492,31.90999984741211,15029400,26.25156593322754
COP,COP,2020-10-23,32.27000045776367,33.189998626708984,31.920000076293945,32.540000915527344,15335200,26.769851684570312
COP,COP,2020-10-26,31.760000228881836,31.93000030517578,30.079999923706055,30.31999969482422,11522800,24.943511962890625
COP,COP,2020-10-27,30.15999984741211,30.690000534057617,29.959999084472656,30.260000228881836,13017800,24.89415168762207
COP,COP,2020-10-28,29.360000610351562,29.809999465942383,28.549999237060547,28.790000915527344,15274500,23.684816360473633
COP,COP,2020-10-29,28.1200008392334,29.190000534057617,27.530000686645508,29.15999984741211,15560100,23.989206314086914
COP,COP,2020-10-30,28.93000030517578,28.969999313354492,27.6299991607666,28.6200008392334,15681700,23.54496192932129
COP,COP,2020-11-02,29.420000076293945,30.549999237060547,28.510000228881836,30.229999542236328,13762900,24.869474411010742
COP,COP,2020-11-03,30.719999313354492,30.739999771118164,29.139999389648438,29.309999465942383,12131300,24.112607955932617
COP,COP,2020-11-04,29.59000015258789,30.6200008392334,29.209999084472656,30.3799991607666,15178400,24.992870330810547
COP,COP,2020-11-05,30.100000381469727,30.90999984741211,30.040000915527344,30.1200008392334,10316600,24.77898597717285
COP,COP,2020-11-06,30.1299991607666,30.649999618530273,28.780000686645508,29.190000534057617,10484500,24.013891220092773
COP,COP,2020-11-09,33.15999984741211,34.83000183105469,32.869998931884766,33.380001068115234,17614500,27.460899353027344
COP,COP,2020-11-10,34.349998474121094,35.540000915527344,33.59000015258789,35.529998779296875,20650600,29.22964859008789
COP,COP,2020-11-11,35.959999084472656,36.20000076293945,35.060001373291016,35.279998779296875,17225000,29.023983001708984
COP,COP,2020-11-12,34.599998474121094,35.209999084472656,33.599998474121094,34.0099983215332,10944500,27.979185104370117
COP,COP,2020-11-13,34.349998474121094,35.560001373291016,34.25,35.36000061035156,11997500,29.089792251586914
COP,COP,2020-11-16,36.95000076293945,38.130001068115234,36.400001525878906,38.08000183105469,18701200,31.327478408813477
COP,COP,2020-11-17,37.52000045776367,39.130001068115234,37.2400016784668,38.849998474121094,14466800,31.960922241210938
COP,COP,2020-11-18,38.959999084472656,40.869998931884766,38.650001525878906,39.18000030517578,23319600,32.23240280151367
COP,COP,2020-11-19,38.709999084472656,39.61000061035156,38.380001068115234,39.470001220703125,12504100,32.470985412597656
COP,COP,2020-11-20,39.310001373291016,39.93000030517578,39.13999938964844,39.650001525878906,12037800,32.61907196044922
COP,COP,2020-11-23,40.36000061035156,42.84000015258789,40.27000045776367,42.709999084472656,14643900,35.13645553588867
COP,COP,2020-11-24,44.08000183105469,45.36000061035156,43.779998779296875,44.40999984741211,15439200,36.534996032714844
COP,COP,2020-11-25,44.0,44.439998626708984,43.36000061035156,43.630001068115234,15644800,35.89332580566406
COP,COP,2020-11-27,43.400001525878906,43.90999984741211,42.400001525878906,42.779998779296875,4694000,35.19404220581055
COP,COP,2020-11-30,41.93000030517578,42.040000915527344,39.540000915527344,39.560001373291016,20248600,32.54503631591797
COP,COP,2020-12-01,40.900001525878906,40.95000076293945,39.220001220703125,39.27000045776367,12424900,32.306453704833984
COP,COP,2020-12-02,39.18000030517578,40.970001220703125,38.83000183105469,39.970001220703125,12460200,32.882328033447266
COP,COP,2020-12-03,40.04999923706055,42.150001525878906,39.630001068115234,41.20000076293945,16215400,33.894222259521484
COP,COP,2020-12-04,42.290000915527344,44.349998474121094,42.11000061035156,44.27000045776367,12730500,36.41983413696289
COP,COP,2020-12-07,43.349998474121094,43.439998626708984,42.52000045776367,42.81999969482422,10586100,35.22695541381836
COP,COP,2020-12-08,42.0,43.439998626708984,41.70000076293945,42.68000030517578,10575500,35.11177062988281
COP,COP,2020-12-09,43.279998779296875,43.5,41.720001220703125,42.70000076293945,10773100,35.12822723388672
COP,COP,2020-12-10,42.61000061035156,44.220001220703125,42.45000076293945,44.0,14997800,36.19770050048828
COP,COP,2020-12-11,43.5099983215332,43.81999969482422,43.16999816894531,43.47999954223633,14242300,35.76992416381836
COP,COP,2020-12-14,44.08000183105469,44.25,42.2599983215332,42.31999969482422,17094500,34.815608978271484
COP,COP,2020-12-15,42.65999984741211,42.97999954223633,41.709999084472656,42.79999923706055,9853600,35.210487365722656
COP,COP,2020-12-16,42.849998474121094,42.939998626708984,42.130001068115234,42.31999969482422,9311000,34.815608978271484
COP,COP,2020-12-17,42.77000045776367,42.77000045776367,41.619998931884766,41.970001220703125,9294200,34.52768325805664
COP,COP,2020-12-18,41.9900016784668,42.20000076293945,40.72999954223633,40.97999954223633,20819300,33.71322250366211
COP,COP,2020-12-21,39.40999984741211,40.91999816894531,38.93000030517578,40.2400016784668,10998100,33.104454040527344
COP,COP,2020-12-22,40.20000076293945,40.279998779296875,38.880001068115234,39.029998779296875,9189600,32.109012603759766
COP,COP,2020-12-23,39.40999984741211,40.709999084472656,39.33000183105469,40.08000183105469,6137600,32.97282791137695
COP,COP,2020-12-24,40.0099983215332,40.0099983215332,38.959999084472656,39.4900016784668,3530300,32.487449645996094
COP,COP,2020-12-28,39.560001373291016,40.470001220703125,39.099998474121094,39.29999923706055,6178200,32.331138610839844
COP,COP,2020-12-29,39.36000061035156,39.939998626708984,38.77000045776367,39.06999969482422,7003100,32.14192199707031
COP,COP,2020-12-30,38.9900016784668,40.040000915527344,38.810001373291016,40.0099983215332,6268900,32.91522979736328
COP,COP,2020-12-31,39.90999984741211,40.290000915527344,39.61000061035156,39.9900016784668,7612500,32.89877700805664
COP,COP,2021-01-04,40.5,40.650001525878906,39.18000030517578,39.56999969482422,8597600,32.553253173828125
COP,COP,2021-01-05,40.2400016784668,42.869998931884766,40.0,41.84000015258789,12393600,34.42073440551758
COP,COP,2021-01-06,42.529998779296875,43.95000076293945,41.91999816894531,43.5099983215332,11035300,35.79459762573242
COP,COP,2021-01-07,44.04999923706055,44.9900016784668,43.599998474121094,44.70000076293945,9648200,36.773582458496094
COP,COP,2021-01-08,45.0,45.47999954223633,44.189998626708984,44.70000076293945,9448700,36.773582458496094
COP,COP,2021-01-11,44.099998474121094,45.709999084472656,43.310001373291016,45.36000061035156,10839600,37.31654739379883
COP,COP,2021-01-12,46.02000045776367,47.66999816894531,45.720001220703125,47.41999816894531,13013700,39.011253356933594
COP,COP,2021-01-13,47.349998474121094,47.470001220703125,46.599998474121094,47.029998779296875,11839900,38.6904296875
COP,COP,2021-01-14,47.41999816894531,48.290000915527344,46.77000045776367,47.869998931884766,12857900,39.38146209716797
COP,COP,2021-01-15,47.279998779296875,47.279998779296875,44.529998779296875,45.119998931884766,30004600,37.119102478027344
COP,COP,2021-01-19,45.150001525878906,46.150001525878906,44.86000061035156,46.0,14498800,37.843055725097656
COP,COP,2021-01-20,46.369998931884766,46.4900016784668,45.29999923706055,45.36000061035156,21178000,37.31654739379883
COP,COP,2021-01-21,45.40999984741211,45.70000076293945,42.70000076293945,43.189998626708984,16897000,35.53133773803711
COP,COP,2021-01-22,42.060001373291016,42.97999954223633,41.75,42.689998626708984,9535400,35.1199951171875
COP,COP,2021-01-25,42.130001068115234,42.630001068115234,41.2400016784668,42.58000183105469,10739700,35.02951431274414
COP,COP,2021-01-26,43.06999969482422,43.70000076293945,41.61000061035156,41.68000030517578,7616300,34.28910446166992
COP,COP,2021-01-27,40.97999954223633,42.09000015258789,40.209999084472656,40.650001525878906,8841600,33.441741943359375
COP,COP,2021-01-28,41.11000061035156,41.63999938964844,40.380001068115234,41.11000061035156,10283300,33.820186614990234
COP,COP,2021-01-29,40.61000061035156,41.459999084472656,39.97999954223633,40.029998779296875,11660400,32.931678771972656
COP,COP,2021-02-01,40.43000030517578,40.97999954223633,39.70000076293945,40.709999084472656,9229400,33.4911003112793
COP,COP,2021-02-02,41.54999923706055,42.29999923706055,40.900001525878906,40.970001220703125,8834000,33.70500946044922
COP,COP,2021-02-03,41.25,43.630001068115234,41.0099983215332,43.209999084472656,11133600,35.547794342041016
COP,COP,2021-02-04,43.61000061035156,44.02000045776367,42.59000015258789,44.0099983215332,11372300,36.20594024658203
COP,COP,2021-02-05,44.88999938964844,44.91999816894531,44.09000015258789,44.41999816894531,9543400,36.54323196411133
COP,COP,2021-02-08,45.25,47.22999954223633,45.099998474121094,46.779998779296875,12181600,38.48474884033203
COP,COP,2021-02-09,46.220001220703125,47.439998626708984,45.86000061035156,46.880001068115234,8990300,38.5670166015625
COP,COP,2021-02-10,47.189998626708984,48.0,46.40999984741211,47.25,10853200,38.87141418457031
COP,COP,2021-02-11,46.5,46.52000045776367,45.209999084472656,46.439998626708984,8939100,38.5559196472168
COP,COP,2021-02-12,46.11000061035156,47.220001220703125,45.95000076293945,47.15999984741211,8805400,39.153682708740234
COP,COP,2021-02-16,48.0,49.22999954223633,47.81999969482422,48.849998474121094,11066700,40.55677032470703
COP,COP,2021-02-17,49.189998626708984,49.47999954223633,48.2599983215332,49.36000061035156,9055700,40.980186462402344
COP,COP,2021-02-18,49.0,49.130001068115234,47.630001068115234,47.689998626708984,8382200,39.59370803833008
COP,COP,2021-02-19,47.650001525878906,48.56999969482422,47.5099983215332,48.41999816894531,8502500,40.19977951049805
COP,COP,2021-02-22,49.16999816894531,51.68000030517578,48.810001373291016,50.880001068115234,12331000,42.24214553833008
COP,COP,2021-02-23,52.0,52.5,49.65999984741211,52.099998474121094,10796500,43.25502014160156
COP,COP,2021-02-24,52.0,54.88999938964844,51.459999084472656,54.66999816894531,12286600,45.38872528076172
COP,COP,2021-02-25,54.970001220703125,55.5099983215332,52.02000045776367,53.029998779296875,12864500,44.027130126953125
COP,COP,2021-02-26,52.599998474121094,52.86000061035156,50.86000061035156,52.0099983215332,13234100,43.18030548095703
COP,COP,2021-03-01,53.470001220703125,53.959999084472656,52.16999816894531,52.61000061035156,7182500,43.67844772338867
COP,COP,2021-03-02,52.5099983215332,53.290000915527344,52.2400016784668,52.279998779296875,7741100,43.40445327758789
COP,COP,2021-03-03,52.65999984741211,54.7599983215332,52.54999923706055,53.65999984741211,8007500,44.55018615722656
COP,COP,2021-03-04,53.959999084472656,56.9900016784668,53.68000030517578,55.619998931884766,15181000,46.17742919921875
COP,COP,2021-03-05,58.0,59.4900016784668,57.11000061035156,58.34000015258789,18699600,48.43566131591797
COP,COP,2021-03-08,58.77000045776367,59.939998626708984,57.689998626708984,58.779998779296875,11283400,48.80095672607422
COP,COP,2021-03-09,58.630001068115234,59.599998474121094,57.45000076293945,57.900001525878906,10193200,48.070377349853516
COP,COP,2021-03-10,57.86000061035156,59.77000045776367,57.380001068115234,59.41999816894531,12002400,49.33231735229492
COP,COP,2021-03-11,59.5099983215332,61.13999938964844,59.400001525878906,59.83000183105469,9328100,49.67271041870117
COP,COP,2021-03-12,60.2400016784668,60.470001220703125,58.97999954223633,59.189998626708984,6758400,49.141357421875
COP,COP,2021-03-15,57.88999938964844,58.56999969482422,56.970001220703125,58.15999984741211,9825200,48.28622055053711
COP,COP,2021-03-16,57.08000183105469,57.400001525878906,55.970001220703125,56.58000183105469,9399900,46.97445297241211
COP,COP,2021-03-17,56.31999969482422,57.130001068115234,55.52000045776367,56.83000183105469,9461700,47.1820068359375
COP,COP,2021-03-18,56.40999984741211,56.58000183105469,53.11000061035156,53.380001068115234,12297200,44.31772232055664
COP,COP,2021-03-19,53.290000915527344,54.119998931884766,52.349998474121094,52.599998474121094,26925500,43.67014694213867
COP,COP,2021-03-22,52.86000061035156,53.0099983215332,52.040000915527344,52.2400016784668,11003000,43.37126159667969
COP,COP,2021-03-23,51.119998931884766,52.779998779296875,50.529998779296875,51.709999084472656,11853800,42.93122863769531
COP,COP,2021-03-24,52.7599983215332,53.95000076293945,52.68000030517578,53.209999084472656,9671100,44.176578521728516
COP,COP,2021-03-25,52.060001373291016,53.79999923706055,51.56999969482422,53.56999969482422,9275200,44.475460052490234
COP,COP,2021-03-26,54.65999984741211,55.119998931884766,54.029998779296875,55.040000915527344,8723100,45.69590377807617
COP,COP,2021-03-29,54.5,54.52000045776367,53.119998931884766,53.84000015258789,7901000,44.69961166381836
COP,COP,2021-03-30,53.20000076293945,54.15999984741211,53.040000915527344,53.43000030517578,7910200,44.35922622680664
COP,COP,2021-03-31,53.310001373291016,53.689998626708984,52.650001525878906,52.970001220703125,9293100,43.97732925415039
COP,COP,2021-04-01,53.119998931884766,54.040000915527344,52.529998779296875,54.02000045776367,10165000,44.849063873291016
COP,COP,2021-04-05,53.90999984741211,53.90999984741211,51.95000076293945,52.209999084472656,10460000,43.346351623535156
COP,COP,2021-04-06,52.619998931884766,53.65999984741211,52.40999984741211,52.58000183105469,6253600,43.65353012084961
COP,COP,2021-04-07,52.790000915527344,53.15999984741211,52.13999938964844,52.380001068115234,12408400,43.48750305175781
COP,COP,2021-04-08,51.619998931884766,51.81999969482422,51.040000915527344,51.2400016784668,10040800,42.541019439697266
COP,COP,2021-04-09,51.369998931884766,51.9900016784668,50.91999816894531,51.22999954223633,6665300,42.53272247314453
COP,COP,2021-04-12,51.75,52.2400016784668,50.81999969482422,50.86000061035156,8564000,42.22554016113281
COP,COP,2021-04-13,50.47999954223633,51.33000183105469,50.38999938964844,50.790000915527344,6980000,42.167415618896484
COP,COP,2021-04-14,51.380001068115234,53.560001373291016,51.380001068115234,52.689998626708984,8342200,43.7448616027832
COP,COP,2021-04-15,52.70000076293945,52.810001373291016,51.77000045776367,51.900001525878906,6763700,43.08898162841797
COP,COP,2021-04-16,52.2400016784668,52.29999923706055,51.040000915527344,51.09000015258789,7665500,42.41648864746094
COP,COP,2021-04-19,51.290000915527344,51.72999954223633,50.58000183105469,50.88999938964844,6587700,42.25043487548828
COP,COP,2021-04-20,50.5,50.63999938964844,48.41999816894531,48.650001525878906,11928600,40.3907356262207
COP,COP,2021-04-21,48.029998779296875,50.130001068115234,47.849998474121094,50.040000915527344,7718900,41.54474639892578
COP,COP,2021-04-22,50.040000915527344,50.08000183105469,49.189998626708984,49.459999084472656,6582700,41.06321716308594
COP,COP,2021-04-23,49.43000030517578,50.0,49.15999984741211,49.720001220703125,5670100,41.27906799316406
COP,COP,2021-04-26,49.63999938964844,50.91999816894531,49.599998474121094,50.25,6642400,41.719093322753906
COP,COP,2021-04-27,50.439998626708984,51.689998626708984,50.2599983215332,51.29999923706055,8309600,42.5908317565918
COP,COP,2021-04-28,51.70000076293945,53.349998474121094,51.66999816894531,53.040000915527344,8897100,44.035438537597656
COP,COP,2021-04-29,54.0,54.5,52.849998474121094,53.130001068115234,9446900,44.11015701293945
COP,COP,2021-04-30,52.18000030517578,53.0099983215332,50.970001220703125,51.13999938964844,9448200,42.458011627197266
COP,COP,2021-05-03,51.91999816894531,52.93000030517578,51.560001373291016,52.7400016784668,9325100,43.786376953125
COP,COP,2021-05-04,51.72999954223633,53.029998779296875,51.63999938964844,52.56999969482422,12834300,43.64523696899414
COP,COP,2021-05-05,54.349998474121094,55.66999816894531,53.220001220703125,55.439998626708984,12715300,46.02799606323242
COP,COP,2021-05-06,55.5,55.720001220703125,53.689998626708984,55.70000076293945,9648200,46.24385452270508
COP,COP,2021-05-07,55.06999969482422,57.34000015258789,54.81999969482422,57.099998474121094,9645500,47.40618133544922
COP,COP,2021-05-10,58.209999084472656,59.34000015258789,56.959999084472656,57.0,8801700,47.323150634765625
COP,COP,2021-05-11,55.790000915527344,56.720001220703125,55.150001525878906,55.720001220703125,9741400,46.260459899902344
COP,COP,2021-05-12,56.11000061035156,57.709999084472656,55.459999084472656,55.689998626708984,7925100,46.235565185546875
COP,COP,2021-05-13,54.61000061035156,55.43000030517578,53.56999969482422,54.2400016784668,7581500,45.38212585449219
COP,COP,2021-05-14,55.040000915527344,56.650001525878906,55.029998779296875,56.52000045776367,6419900,47.28977966308594
COP,COP,2021-05-17,56.06999969482422,58.33000183105469,56.06999969482422,58.29999923706055,11441900,48.77908706665039
COP,COP,2021-05-18,58.27000045776367,58.63999938964844,56.959999084472656,57.290000915527344,10322000,47.93404006958008
COP,COP,2021-05-19,55.939998626708984,56.529998779296875,54.81999969482422,55.58000183105469,9406200,46.50328826904297
COP,COP,2021-05-20,55.650001525878906,55.65999984741211,54.630001068115234,55.38999938964844,8798800,46.344322204589844
COP,COP,2021-05-21,56.060001373291016,56.43000030517578,55.56999969482422,55.650001525878906,6032300,46.561859130859375
COP,COP,2021-05-24,56.119998931884766,56.2599983215332,55.2599983215332,56.099998474121094,6372800,46.938377380371094
COP,COP,2021-05-25,56.0,56.380001068115234,54.77000045776367,54.880001068115234,8090600,45.9176139831543
COP,COP,2021-05-26,55.06999969482422,55.560001373291016,54.66999816894531,55.41999816894531,6716000,46.36943435668945
COP,COP,2021-05-27,55.72999954223633,56.31999969482422,55.119998931884766,55.529998779296875,7484100,46.461456298828125
COP,COP,2021-05-28,55.79999923706055,55.95000076293945,55.31999969482422,55.7400016784668,5745400,46.63716125488281
COP,COP,2021-06-01,57.08000183105469,58.47999954223633,57.04999923706055,58.27000045776367,9943600,48.753990173339844
COP,COP,2021-06-02,58.65999984741211,59.40999984741211,57.7400016784668,58.9900016784668,6103300,49.35640335083008
COP,COP,2021-06-03,58.720001220703125,60.0,58.560001373291016,59.470001220703125,8280800,49.758018493652344
COP,COP,2021-06-04,59.81999969482422,60.130001068115234,58.900001525878906,59.849998474121094,6504800,50.07597351074219
COP,COP,2021-06-07,59.810001373291016,60.529998779296875,59.59000015258789,59.810001373291016,5405100,50.04249572753906
COP,COP,2021-06-08,59.43000030517578,60.619998931884766,58.630001068115234,60.470001220703125,7345200,50.5947151184082
COP,COP,2021-06-09,60.630001068115234,60.880001068115234,59.58000183105469,59.68000030517578,7026300,49.93372344970703
COP,COP,2021-06-10,61.0099983215332,61.279998779296875,59.279998779296875,60.16999816894531,9396000,50.34370040893555
COP,COP,2021-06-11,60.5,60.93000030517578,59.79999923706055,59.970001220703125,8117000,50.17637252807617
COP,COP,2021-06-14,60.650001525878906,61.06999969482422,59.849998474121094,60.310001373291016,7744300,50.460845947265625
COP,COP,2021-06-15,60.70000076293945,61.560001373291016,60.470001220703125,61.16999816894531,7835700,51.180397033691406
COP,COP,2021-06-16,61.09000015258789,61.779998779296875,60.560001373291016,61.130001068115234,9745800,51.14692687988281
COP,COP,2021-06-17,60.900001525878906,61.56999969482422,58.54999923706055,59.0099983215332,13667200,49.37314987182617
COP,COP,2021-06-18,57.880001068115234,59.209999084472656,57.47999954223633,57.529998779296875,18583800,48.134849548339844
COP,COP,2021-06-21,58.22999954223633,60.529998779296875,58.209999084472656,60.45000076293945,8234300,50.57798767089844
COP,COP,2021-06-22,60.150001525878906,61.119998931884766,59.63999938964844,60.790000915527344,6745100,50.86244583129883
COP,COP,2021-06-23,61.099998474121094,62.349998474121094,60.75,60.7599983215332,8184000,50.83735275268555
COP,COP,2021-06-24,60.970001220703125,61.5099983215332,60.31999969482422,61.38999938964844,6424400,51.364471435546875
COP,COP,2021-06-25,61.70000076293945,61.75,61.02000045776367,61.310001373291016,8099200,51.29753494262695
COP,COP,2021-06-28,61.119998931884766,61.16999816894531,59.369998931884766,59.59000015258789,7647300,49.85842514038086
COP,COP,2021-06-29,60.099998474121094,60.20000076293945,58.84000015258789,59.04999923706055,6437000,49.40660858154297
COP,COP,2021-06-30,60.47999954223633,60.95000076293945,59.810001373291016,60.900001525878906,9309600,50.95448684692383
COP,COP,2021-07-01,62.689998626708984,63.56999969482422,62.349998474121094,62.880001068115234,11637200,52.61113357543945
COP,COP,2021-07-02,62.459999084472656,63.16999816894531,61.59000015258789,62.75,7635000,52.50237274169922
COP,COP,2021-07-06,62.779998779296875,62.88999938964844,60.209999084472656,60.279998779296875,11699400,50.435733795166016
COP,COP,2021-07-07,60.0,60.779998779296875,58.630001068115234,59.0099983215332,8239600,49.37314987182617
COP,COP,2021-07-08,58.25,59.63999938964844,57.9900016784668,59.209999084472656,10551500,49.54048538208008
COP,COP,2021-07-09,59.75,60.459999084472656,59.34000015258789,60.130001068115234,6973700,50.31024932861328
COP,COP,2021-07-12,58.90999984741211,60.439998626708984,58.72999954223633,59.79999923706055,6063100,50.034141540527344
COP,COP,2021-07-13,59.4900016784668,59.9900016784668,58.79999923706055,59.459999084472656,6510400,49.74966049194336
COP,COP,2021-07-14,59.88999938964844,60.61000061035156,57.34000015258789,57.66999816894531,8489600,48.251976013183594
COP,COP,2021-07-15,57.0,58.220001220703125,56.790000915527344,57.08000183105469,8723300,47.758338928222656
COP,COP,2021-07-16,57.70000076293945,57.900001525878906,55.310001373291016,55.5,8805300,46.43635940551758
COP,COP,2021-07-19,53.43000030517578,54.29999923706055,52.81999969482422,53.70000076293945,13342100,44.930320739746094
COP,COP,2021-07-20,53.5,55.25,53.279998779296875,54.470001220703125,9358200,45.574562072753906
COP,COP,2021-07-21,55.72999954223633,57.41999816894531,55.61000061035156,57.02000045776367,9378000,47.7081298828125
COP,COP,2021-07-22,57.02000045776367,57.209999084472656,56.18000030517578,56.66999816894531,6765500,47.415283203125
COP,COP,2021-07-23,56.0,56.279998779296875,54.7400016784668,55.34000015258789,10623800,46.65651321411133
COP,COP,2021-07-26,55.709999084472656,57.349998474121094,55.56999969482422,56.869998931884766,8756300,47.94643783569336
COP,COP,2021-07-27,56.15999984741211,56.619998931884766,55.34000015258789,56.33000183105469,7363600,47.49115753173828
COP,COP,2021-07-28,56.47999954223633,57.150001525878906,55.810001373291016,56.720001220703125,6167200,47.819969177246094
COP,COP,2021-07-29,57.41999816894531,57.84000015258789,56.86000061035156,57.08000183105469,6306400,48.12348175048828
COP,COP,2021-07-30,56.7599983215332,56.900001525878906,55.720001220703125,56.060001373291016,8660100,47.26353073120117
COP,COP,2021-08-02,56.529998779296875,57.7599983215332,55.33000183105469,55.380001068115234,8469500,46.69022750854492
COP,COP,2021-08-03,55.09000015258789,56.77000045776367,54.5099983215332,56.63999938964844,9888200,47.75251388549805
COP,COP,2021-08-04,55.33000183105469,56.5,54.90999984741211,54.93000030517578,7629600,46.31084442138672
COP,COP,2021-08-05,55.459999084472656,56.619998931884766,55.04999923706055,55.95000076293945,6573100,47.17079162597656
COP,COP,2021-08-06,56.59000015258789,57.16999816894531,56.099998474121094,56.5,5038900,47.63448715209961
COP,COP,2021-08-09,55.66999816894531,56.16999816894531,55.22999954223633,55.45000076293945,5410600,46.74925231933594
COP,COP,2021-08-10,55.849998474121094,56.779998779296875,55.7599983215332,56.47999954223633,6781800,47.61763000488281
COP,COP,2021-08-11,56.380001068115234,57.36000061035156,55.95000076293945,57.189998626708984,6071800,48.216224670410156
COP,COP,2021-08-12,57.13999938964844,57.58000183105469,56.529998779296875,57.040000915527344,4729200,48.08975601196289
COP,COP,2021-08-13,56.95000076293945,57.22999954223633,55.849998474121094,55.970001220703125,7399800,47.187652587890625
COP,COP,2021-08-16,55.220001220703125,55.58000183105469,54.599998474121094,54.810001373291016,7464600,46.20967102050781
COP,COP,2021-08-17,54.40999984741211,55.439998626708984,54.25,54.52000045776367,6497900,45.965171813964844
COP,COP,2021-08-18,54.380001068115234,55.060001373291016,53.459999084472656,53.529998779296875,6647700,45.130523681640625
COP,COP,2021-08-19,52.66999816894531,52.97999954223633,51.40999984741211,52.439998626708984,11306400,44.2115478515625
COP,COP,2021-08-20,51.869998931884766,52.9900016784668,51.59000015258789,52.77000045776367,7068200,44.48976516723633
COP,COP,2021-08-23,54.150001525878906,55.130001068115234,54.02000045776367,54.790000915527344,8022200,46.192806243896484
COP,COP,2021-08-24,55.18000030517578,55.689998626708984,54.63999938964844,55.40999984741211,6245500,46.71552276611328
COP,COP,2021-08-25,55.45000076293945,56.38999938964844,55.04999923706055,56.02000045776367,6125200,47.22981262207031
COP,COP,2021-08-26,55.75,56.09000015258789,54.959999084472656,55.130001068115234,5209000,46.47945785522461
COP,COP,2021-08-27,55.790000915527344,57.119998931884766,55.52000045776367,56.7400016784668,6549100,47.83683776855469
COP,COP,2021-08-30,56.97999954223633,57.13999938964844,56.18000030517578,56.20000076293945,4838600,47.381568908691406
COP,COP,2021-08-31,55.75,56.33000183105469,55.29999923706055,55.529998779296875,10500500,46.81669235229492
COP,COP,2021-09-01,55.560001373291016,55.91999816894531,54.41999816894531,54.650001525878906,9319800,46.074771881103516
COP,COP,2021-09-02,55.2599983215332,56.97999954223633,55.209999084472656,56.599998474121094,6696600,47.71879577636719
COP,COP,2021-09-03,56.34000015258789,56.95000076293945,55.939998626708984,56.2400016784668,7954200,47.415279388427734
COP,COP,2021-09-07,55.88999938964844,56.47999954223633,55.31999969482422,55.97999954223633,6632600,47.196083068847656
COP,COP,2021-09-08,56.31999969482422,56.61000061035156,55.189998626708984,55.279998779296875,5228900,46.60591506958008
COP,COP,2021-09-09,55.150001525878906,56.540000915527344,54.83000183105469,55.58000183105469,6285800,46.85884475708008
COP,COP,2021-09-10,56.61000061035156,56.7400016784668,55.459999084472656,55.72999954223633,5055200,46.98529052734375
COP,COP,2021-09-13,56.56999969482422,58.08000183105469,56.56999969482422,57.59000015258789,8456500,48.5534553527832
COP,COP,2021-09-14,58.220001220703125,58.290000915527344,56.61000061035156,56.939998626708984,7880700,48.00544738769531
COP,COP,2021-09-15,58.09000015258789,59.459999084472656,58.060001373291016,59.31999969482422,10766000,50.011993408203125
COP,COP,2021-09-16,59.279998779296875,59.65999984741211,58.7599983215332,59.22999954223633,8773100,49.93612289428711
COP,COP,2021-09-17,59.06999969482422,59.90999984741211,58.779998779296875,58.91999816894531,13741300,49.67475128173828
COP,COP,2021-09-20,57.4900016784668,58.0099983215332,56.29999923706055,57.06999969482422,10001800,48.115055084228516
COP,COP,2021-09-21,58.470001220703125,59.83000183105469,57.720001220703125,59.33000183105469,13923100,50.02043151855469
COP,COP,2021-09-22,60.209999084472656,62.88999938964844,60.209999084472656,62.2599983215332,15753000,52.490665435791016
COP,COP,2021-09-23,62.25,64.12000274658203,62.25,63.709999084472656,11886800,53.713157653808594
COP,COP,2021-09-24,63.790000915527344,65.69000244140625,63.540000915527344,65.0199966430664,11128300,54.81759262084961
COP,COP,2021-09-27,66.69999694824219,66.94999694824219,65.80000305175781,66.70999908447266,13508700,56.24242401123047
COP,COP,2021-09-28,67.55000305175781,68.63999938964844,67.16999816894531,67.80000305175781,14995200,57.16138458251953
COP,COP,2021-09-29,67.62999725341797,68.4800033569336,66.61000061035156,68.04000091552734,10563700,57.363731384277344
COP,COP,2021-09-30,68.22000122070312,68.88999938964844,67.72000122070312,67.7699966430664,15845900,57.13608932495117
COP,COP,2021-10-01,68.37999725341797,70.33000183105469,68.30999755859375,70.0999984741211,13482300,59.100486755371094
COP,COP,2021-10-04,70.8499984741211,72.61000061035156,70.62999725341797,71.48999786376953,12423500,60.27237319946289
COP,COP,2021-10-05,72.0999984741211,72.86000061035156,70.70999908447266,71.7300033569336,11270100,60.474727630615234
COP,COP,2021-10-06,70.4000015258789,72.11000061035156,69.79000091552734,71.80999755859375,10613500,60.54217529296875
COP,COP,2021-10-07,72.01000213623047,72.12999725341797,70.61000061035156,71.51000213623047,11521300,60.28923797607422
COP,COP,2021-10-08,72.19000244140625,75.0999984741211,72.19000244140625,74.91999816894531,12310500,63.164180755615234
COP,COP,2021-10-11,75.12999725341797,75.5199966430664,73.75,73.97000122070312,9585200,62.36323547363281
COP,COP,2021-10-12,74.13999938964844,74.61000061035156,73.0199966430664,73.41000366210938,7635600,61.8911247253418
COP,COP,2021-10-13,72.44999694824219,73.76000213623047,71.45999908447266,73.2300033569336,8517500,61.73937225341797
COP,COP,2021-10-14,74.29000091552734,74.61000061035156,72.83999633789062,73.8499984741211,8152600,62.26207733154297
COP,COP,2021-10-15,74.62999725341797,74.93000030517578,74.12999725341797,74.13999938964844,6945100,62.50655746459961
COP,COP,2021-10-18,74.7699966430664,75.75,74.12999725341797,74.5,9917700,62.8100700378418
COP,COP,2021-10-19,74.83999633789062,75.8499984741211,74.37999725341797,75.31999969482422,6589400,63.501399993896484
COP,COP,2021-10-20,74.72000122070312,76.0999984741211,74.54000091552734,76.0199966430664,5506000,64.09156799316406
COP,COP,2021-10-21,75.6500015258789,75.6500015258789,74.11000061035156,74.58999633789062,5836300,62.88595962524414
COP,COP,2021-10-22,75.12000274658203,76.08000183105469,74.98999786376953,75.72000122070312,7170200,63.838626861572266
COP,COP,2021-10-25,76.55999755859375,77.9800033569336,76.19999694824219,76.5199966430664,7471200,64.51309967041016
COP,COP,2021-10-26,76.69000244140625,77.62999725341797,76.47000122070312,77.02999877929688,5898200,64.94308471679688
COP,COP,2021-10-27,75.55999755859375,76.66000366210938,74.25,74.43000030517578,9025600,63.128055572509766
COP,COP,2021-10-28,74.37000274658203,75.33999633789062,74.12000274658203,75.1500015258789,5195900,63.73870086669922
COP,COP,2021-10-29,74.43000030517578,75.30000305175781,73.97000122070312,74.48999786376953,8079300,63.17892837524414
COP,COP,2021-11-01,74.94999694824219,75.41000366210938,74.41999816894531,74.58999633789062,11944600,63.26374435424805
COP,COP,2021-11-02,74.54000091552734,75.25,72.80999755859375,73.02999877929688,10891900,61.94065475463867
COP,COP,2021-11-03,72.6500015258789,73.69000244140625,72.25,72.73999786376953,9311800,61.69466781616211
COP,COP,2021-11-04,74.0,74.77999877929688,72.87000274658203,73.30999755859375,8573500,62.1781120300293
COP,COP,2021-11-05,74.55999755859375,75.80999755859375,73.91999816894531,75.44999694824219,6987600,63.99314498901367
COP,COP,2021-11-08,75.66999816894531,77.1500015258789,75.45999908447266,75.93000030517578,6957700,64.4002914428711
COP,COP,2021-11-09,75.80999755859375,75.98999786376953,74.72000122070312,75.75,6049800,64.24761199951172
COP,COP,2021-11-10,74.5,74.97000122070312,72.93000030517578,73.0,7484700,61.91517639160156
COP,COP,2021-11-11,73.30000305175781,73.66000366210938,71.98999786376953,72.13999938964844,7784500,61.1857795715332
COP,COP,2021-11-12,71.58999633789062,72.54000091552734,71.5,72.36000061035156,5329600,61.37236785888672
COP,COP,2021-11-15,72.2300033569336,73.38999938964844,71.73999786376953,72.72000122070312,6181400,61.67770004272461
COP,COP,2021-11-16,73.0,73.80999755859375,72.56999969482422,72.63999938964844,7451100,61.60985565185547
COP,COP,2021-11-17,72.12000274658203,73.93000030517578,71.7300033569336,71.97000122070312,7628600,61.041587829589844
COP,COP,2021-11-18,72.12000274658203,73.20999908447266,71.61000061035156,72.72000122070312,6548800,61.67770004272461
COP,COP,2021-11-19,70.91999816894531,71.30000305175781,69.41000366210938,69.61000061035156,8817100,59.039939880371094
COP,COP,2021-11-22,69.63999938964844,72.83000183105469,69.61000061035156,71.88999938964844,7445600,60.97372817993164
COP,COP,2021-11-23,72.91000366210938,74.72000122070312,72.83999633789062,73.77999877929688,9107200,62.576751708984375
COP,COP,2021-11-24,73.2300033569336,75.48999786376953,73.19999694824219,74.83000183105469,7215800,63.467323303222656
COP,COP,2021-11-26,70.52999877929688,71.62000274658203,69.33999633789062,71.4800033569336,10258700,60.6259880065918
COP,COP,2021-11-29,73.4800033569336,74.69999694824219,71.94999694824219,72.1500015258789,9191600,61.19424819946289
COP,COP,2021-11-30,70.69000244140625,72.23999786376953,70.01000213623047,70.12999725341797,15723700,59.48097229003906
COP,COP,2021-12-01,72.01000213623047,72.18000030517578,69.1500015258789,69.19999694824219,10070500,58.692195892333984
COP,COP,2021-12-02,69.19000244140625,71.6500015258789,68.23999786376953,71.26000213623047,8410900,60.43939971923828
COP,COP,2021-12-03,72.16999816894531,72.94000244140625,70.18000030517578,71.11000061035156,6995700,60.312164306640625
COP,COP,2021-12-06,72.5,73.51000213623047,71.62999725341797,72.80999755859375,6200100,61.7540283203125
COP,COP,2021-12-07,74.16000366210938,75.95999908447266,74.0999984741211,74.56999969482422,8136600,63.246788024902344
COP,COP,2021-12-08,74.62000274658203,75.37000274658203,73.58999633789062,74.11000061035156,6313200,62.85661697387695
COP,COP,2021-12-09,73.95999908447266,73.95999908447266,72.45999908447266,72.55000305175781,6511600,61.53350067138672
COP,COP,2021-12-10,73.38999938964844,73.6500015258789,71.58999633789062,73.48999786376953,6065000,62.33079147338867
COP,COP,2021-12-13,72.87000274658203,73.12999725341797,70.5199966430664,71.0199966430664,5719100,60.235836029052734
COP,COP,2021-12-14,70.55999755859375,71.73999786376953,70.02999877929688,70.68000030517578,6669300,59.947479248046875
COP,COP,2021-12-15,70.61000061035156,71.22000122070312,68.66999816894531,70.70999908447266,6805600,59.97291946411133
COP,COP,2021-12-16,71.7300033569336,73.05999755859375,71.31999969482422,71.69999694824219,7068200,60.81258010864258
COP,COP,2021-12-17,70.9000015258789,71.0999984741211,68.5,68.61000061035156,22913100,58.1917610168457
COP,COP,2021-12-20,67.05000305175781,68.63999938964844,66.05999755859375,68.5999984741211,11485000,58.183311462402344
COP,COP,2021-12-21,69.43000030517578,70.83999633789062,69.30000305175781,70.68000030517578,6324800,59.947479248046875
COP,COP,2021-12-22,70.5,71.62000274658203,69.86000061035156,71.08000183105469,3775100,60.2867317199707
COP,COP,2021-12-23,71.29000091552734,72.13999938964844,71.04000091552734,71.19000244140625,3902700,60.38001251220703
COP,COP,2021-12-27,71.19000244140625,73.25,70.45999908447266,73.20999908447266,3967800,62.09330368041992
COP,COP,2021-12-28,73.41000366210938,73.91999816894531,72.88999938964844,73.12000274658203,3383700,62.016963958740234
COP,COP,2021-12-29,73.26000213623047,73.77999877929688,72.44000244140625,72.91999816894531,3947300,61.847312927246094
COP,COP,2021-12-30,73.08000183105469,73.69999694824219,72.19999694824219,72.27999877929688,3340200,61.304500579833984
COP,COP,2021-12-31,71.80999755859375,72.66999816894531,71.68000030517578,72.18000030517578,3453900,61.389556884765625
COP,COP,2022-01-03,72.02999877929688,73.95999908447266,72.0199966430664,73.7699966430664,5769900,62.741851806640625
COP,COP,2022-01-04,74.55999755859375,77.37999725341797,74.27999877929688,76.97000122070312,9189300,65.46349334716797
COP,COP,2022-01-05,77.9800033569336,78.2699966430664,75.5199966430664,75.6500015258789,9034500,64.34082794189453
COP,COP,2022-01-06,77.81999969482422,78.79000091552734,76.9000015258789,78.48999786376953,8679000,66.7562484741211
COP,COP,2022-01-07,78.87000274658203,80.93000030517578,78.37999725341797,80.63999938964844,10838800,68.5848388671875
COP,COP,2022-01-10,80.6500015258789,81.16000366210938,79.20999908447266,81.02999877929688,9125400,68.91654205322266
COP,COP,2022-01-11,81.61000061035156,83.7699966430664,80.62999725341797,83.58999633789062,8510600,71.09384155273438
COP,COP,2022-01-12,84.0,84.54000091552734,83.0999984741211,84.4000015258789,7740100,71.78276062011719
COP,COP,2022-01-13,83.94000244140625,84.86000061035156,83.19000244140625,83.62000274658203,6814000,71.11935424804688
COP,COP,2022-01-14,84.22000122070312,86.87000274658203,83.87000274658203,86.73999786376953,7946600,73.77294921875
COP,COP,2022-01-18,88.0,89.11000061035156,85.81999969482422,87.51000213623047,10782900,74.42782592773438
COP,COP,2022-01-19,87.88999938964844,88.44000244140625,85.72000122070312,87.27999877929688,7370100,74.23222351074219
COP,COP,2022-01-20,86.05000305175781,88.47000122070312,85.4000015258789,85.62999725341797,7707700,72.82888793945312
COP,COP,2022-01-21,84.91000366210938,85.11000061035156,82.1500015258789,82.72000122070312,10625600,70.3539047241211
COP,COP,2022-01-24,80.69999694824219,83.44999694824219,78.77999877929688,83.0199966430664,9505400,70.6090316772461
COP,COP,2022-01-25,83.12000274658203,87.26000213623047,81.31999969482422,87.11000061035156,8514800,74.0876235961914
COP,COP,2022-01-26,88.72000122070312,89.19000244140625,86.36000061035156,87.05999755859375,9416400,74.04510498046875
COP,COP,2022-01-27,88.94999694824219,89.73999786376953,87.80999755859375,89.66000366210938,9624600,76.25643157958984
COP,COP,2022-01-28,87.9800033569336,89.72000122070312,87.69999694824219,89.22000122070312,11561400,75.8822021484375
COP,COP,2022-01-31,88.77999877929688,89.43000030517578,86.91999816894531,88.62000274658203,7539800,75.37189483642578
COP,COP,2022-02-01,87.4000015258789,91.88999938964844,87.22000122070312,91.54000091552734,9424900,77.85537719726562
COP,COP,2022-02-02,90.44999694824219,92.61000061035156,88.9800033569336,92.20999908447266,8803400,78.42520141601562
COP,COP,2022-02-03,92.77999877929688,92.94999694824219,89.47000122070312,90.87000274658203,13258500,77.28553009033203
COP,COP,2022-02-04,92.0,94.93000030517578,91.75,91.87000274658203,12035300,78.13603973388672
COP,COP,2022-02-07,90.41999816894531,94.2300033569336,89.68000030517578,92.94000244140625,8420600,79.04605865478516
COP,COP,2022-02-08,91.94999694824219,93.1500015258789,90.0,91.33000183105469,7481500,77.67677307128906
COP,COP,2022-02-09,91.52999877929688,94.04000091552734,91.25,92.94999694824219,6973200,79.05459594726562
COP,COP,2022-02-10,92.23999786376953,94.33000183105469,91.29000091552734,91.91000366210938,7149900,78.17005920410156
COP,COP,2022-02-11,91.83999633789062,93.69000244140625,91.3499984741211,93.5199966430664,9580800,79.9394760131836
COP,COP,2022-02-14,92.5,92.72000122070312,90.20999908447266,91.55000305175781,7274400,78.2555160522461
COP,COP,2022-02-15,88.68000030517578,89.91999816894531,87.7300033569336,89.68000030517578,8379300,76.65709686279297
COP,COP,2022-02-16,89.7699966430664,91.9000015258789,89.63999938964844,90.20999908447266,6854400,77.11011505126953
COP,COP,2022-02-17,90.16000366210938,91.8499984741211,90.16000366210938,91.16000366210938,6842800,77.92217254638672
COP,COP,2022-02-18,89.61000061035156,90.63999938964844,88.69999694824219,89.62999725341797,6574800,76.61436462402344
COP,COP,2022-02-22,92.7300033569336,92.8499984741211,86.41999816894531,87.83000183105469,9267500,75.07572937011719
COP,COP,2022-02-23,88.0,89.4800033569336,87.3499984741211,88.2300033569336,7355000,75.41767120361328
COP,COP,2022-02-24,90.0,90.25,85.29000091552734,87.7300033569336,11509300,74.99024963378906
COP,COP,2022-02-25,88.37999725341797,91.5199966430664,87.81999969482422,91.2699966430664,10563000,78.01618194580078
COP,COP,2022-02-28,90.66999816894531,95.06999969482422,89.8499984741211,94.86000061035156,15096000,81.08486938476562
COP,COP,2022-03-01,95.8499984741211,98.45999908447266,94.80000305175781,96.95999908447266,14453500,82.87993621826172
COP,COP,2022-03-02,98.37000274658203,99.97000122070312,97.19000244140625,98.04000091552734,16168000,83.8031005859375
COP,COP,2022-03-03,97.19999694824219,98.19000244140625,95.62999725341797,97.41000366210938,8704900,83.26457214355469
COP,COP,2022-03-04,97.61000061035156,100.33999633789062,97.44000244140625,100.2699966430664,10977300,85.70927429199219
COP,COP,2022-03-07,101.48999786376953,103.7699966430664,99.12000274658203,101.2699966430664,13788800,86.56402587890625
COP,COP,2022-03-08,101.51000213623047,104.44000244140625,95.86000061035156,98.80000305175781,17231400,84.4527359008789
COP,COP,2022-03-09,95.36000061035156,98.72000122070312,92.76000213623047,96.20999908447266,12656200,82.23883056640625
COP,COP,2022-03-10,97.27999877929688,99.83000183105469,96.44000244140625,99.72000122070312,9481000,85.2391357421875
COP,COP,2022-03-11,98.83000183105469,101.05999755859375,98.16000366210938,98.41000366210938,7666500,84.11935424804688
COP,COP,2022-03-14,97.37999725341797,97.55000305175781,94.20999908447266,96.55000305175781,10532200,82.52947998046875
COP,COP,2022-03-15,92.86000061035156,95.81999969482422,92.31999969482422,95.05000305175781,8863600,81.247314453125
COP,COP,2022-03-16,95.19999694824219,95.76000213623047,94.0999984741211,94.81999969482422,9314200,81.05067443847656
COP,COP,2022-03-17,96.6500015258789,99.06999969482422,96.51000213623047,98.83000183105469,8868300,84.47837829589844
COP,COP,2022-03-18,99.11000061035156,100.1500015258789,98.47000122070312,99.5999984741211,16146900,85.13652801513672
COP,COP,2022-03-21,101.16999816894531,103.97000122070312,100.87000274658203,102.76000213623047,8107400,87.83768463134766
COP,COP,2022-03-22,102.66999816894531,102.87000274658203,100.31999969482422,101.7699966430664,6377500,86.99143981933594
COP,COP,2022-03-23,103.22000122070312,105.0199966430664,103.19000244140625,104.37000274658203,7681500,89.21387481689453
COP,COP,2022-03-24,104.97000122070312,105.8499984741211,103.75,104.54000091552734,6192500,89.35918426513672
COP,COP,2022-03-25,104.16999816894531,107.5199966430664,103.81999969482422,107.5,7833800,91.88935852050781
COP,COP,2022-03-28,105.05999755859375,105.13999938964844,103.01000213623047,103.5,6091100,88.47022247314453
COP,COP,2022-03-29,99.98999786376953,100.94000244140625,97.83999633789062,100.69000244140625,10977600,86.06828308105469
COP,COP,2022-03-30,101.33999633789062,102.76000213623047,100.5999984741211,101.0999984741211,6069200,86.6769790649414
COP,COP,2022-03-31,100.0,102.44999694824219,99.4000015258789,100.0,9777900,85.73389434814453
COP,COP,2022-04-01,100.1500015258789,101.66000366210938,99.27999877929688,100.58000183105469,6934100,86.23117065429688
COP,COP,2022-04-04,101.41000366210938,101.91000366210938,99.62000274658203,100.55000305175781,4946500,86.2054672241211
COP,COP,2022-04-05,100.8499984741211,101.66000366210938,97.9000015258789,98.05000305175781,5708100,84.06209564208984
COP,COP,2022-04-06,99.75,100.16999816894531,96.81999969482422,97.54000091552734,5680000,83.62486267089844
COP,COP,2022-04-07,98.7300033569336,100.19999694824219,96.91000366210938,99.95999908447266,6285300,85.69962310791016
COP,COP,2022-04-08,100.69000244140625,103.30999755859375,100.52999877929688,103.05000305175781,6175200,88.34880065917969
COP,COP,2022-04-11,101.9000015258789,102.0,97.79000091552734,97.9800033569336,7002200,84.0020980834961
COP,COP,2022-04-12,100.05000305175781,101.87999725341797,99.41000366210938,100.0,7412100,85.73389434814453
COP,COP,2022-04-13,101.08000183105469,101.7300033569336,98.91999816894531,100.2300033569336,7365100,85.93109893798828
COP,COP,2022-04-14,100.19000244140625,102.37999725341797,99.83999633789062,101.37000274658203,6337800,86.90846252441406
COP,COP,2022-04-18,102.70999908447266,104.11000061035156,101.69999694824219,103.47000122070312,4867000,88.70887756347656
COP,COP,2022-04-19,102.83000183105469,103.58000183105469,101.0199966430664,101.55999755859375,5331700,87.07133483886719
COP,COP,2022-04-20,102.0999984741211,103.47000122070312,101.37999725341797,102.66999816894531,6059200,88.02298736572266
COP,COP,2022-04-21,103.12000274658203,103.76000213623047,98.30999755859375,98.66999816894531,6290600,84.5936279296875
COP,COP,2022-04-22,97.87000274658203,99.44999694824219,95.7699966430664,96.01000213623047,6483900,82.31312561035156
COP,COP,2022-04-25,93.0,93.41999816894531,88.80000305175781,91.66000366210938,11913400,78.58370971679688
COP,COP,2022-04-26,92.51000213623047,94.29000091552734,91.30000305175781,91.31999969482422,5970100,78.2922134399414
COP,COP,2022-04-27,91.72000122070312,93.93000030517578,88.7699966430664,93.05999755859375,6765800,79.78397369384766
COP,COP,2022-04-28,93.04000091552734,98.45999908447266,91.19999694824219,97.55000305175781,9520600,83.63341522216797
COP,COP,2022-04-29,97.75,98.80999755859375,94.91999816894531,95.5199966430664,8777700,81.89302825927734
COP,COP,2022-05-02,94.2699966430664,96.05000305175781,92.58000183105469,95.91999816894531,6980500,82.23594665527344
COP,COP,2022-05-03,96.68000030517578,99.52999877929688,96.13999938964844,98.93000030517578,5748000,84.8165512084961
COP,COP,2022-05-04,101.0,104.19000244140625,99.11000061035156,103.86000061035156,7989800,89.0432357788086
COP,COP,2022-05-05,104.58999633789062,106.58999633789062,100.52999877929688,102.86000061035156,10593000,88.1858901977539
COP,COP,2022-05-06,104.16999816894531,107.70999908447266,102.80000305175781,107.69000244140625,9213100,92.32686614990234
COP,COP,2022-05-09,105.16999816894531,105.5,96.4800033569336,97.19999694824219,9750900,83.33334350585938
COP,COP,2022-05-10,98.87999725341797,101.5199966430664,95.97000122070312,98.0,7845900,84.01923370361328
COP,COP,2022-05-11,99.70999908447266,102.88999938964844,98.80000305175781,99.04000091552734,6651600,84.9108657836914
COP,COP,2022-05-12,98.44999694824219,99.66000366210938,95.47000122070312,99.5999984741211,7244400,85.39096069335938
COP,COP,2022-05-13,100.83000183105469,103.80999755859375,100.69999694824219,102.91000366210938,6549900,88.228759765625
COP,COP,2022-05-16,103.08000183105469,107.08999633789062,102.63999938964844,105.5,7990600,90.85537719726562
COP,COP,2022-05-17,107.08000183105469,108.30000305175781,105.70999908447266,107.0199966430664,6577500,92.16439056396484
COP,COP,2022-05-18,107.72000122070312,108.0999984741211,102.76000213623047,104.4800033569336,8957000,89.97698211669922
COP,COP,2022-05-19,101.83000183105469,106.70999908447266,101.83000183105469,104.61000061035156,6784100,90.08894348144531
COP,COP,2022-05-20,105.12999725341797,107.55000305175781,102.19000244140625,105.0199966430664,6717700,90.4420166015625
COP,COP,2022-05-23,106.04000091552734,109.43000030517578,105.7699966430664,109.0199966430664,8646900,93.88676452636719
COP,COP,2022-05-24,107.94999694824219,109.9800033569336,106.30000305175781,109.4800033569336,6859100,94.28292083740234
COP,COP,2022-05-25,109.94999694824219,111.52999877929688,109.55000305175781,111.19999694824219,6707000,95.76415252685547
COP,COP,2022-05-26,112.62999725341797,114.5999984741211,112.18000030517578,113.1500015258789,6159000,97.4434814453125
COP,COP,2022-05-27,112.1500015258789,114.5999984741211,111.87000274658203,114.5999984741211,6788700,98.69219970703125
COP,COP,2022-05-31,116.2300033569336,117.98999786376953,111.31999969482422,112.36000061035156,17278500,96.76313781738281
COP,COP,2022-06-01,114.36000061035156,117.30000305175781,114.18000030517578,115.75,7246600,99.68257141113281
COP,COP,2022-06-02,114.26000213623047,115.94999694824219,113.11000061035156,114.95999908447266,5042700,99.00221252441406
COP,COP,2022-06-03,115.44999694824219,118.41999816894531,115.12000274658203,118.12000274658203,5387100,101.7236099243164
COP,COP,2022-06-06,118.19000244140625,118.80999755859375,116.62000274658203,117.37999725341797,5608400,101.08629608154297
COP,COP,2022-06-07,117.18000030517578,122.70999908447266,117.12999725341797,122.70999908447266,8559000,105.67643737792969
COP,COP,2022-06-08,122.72000122070312,124.08000183105469,121.5,121.86000061035156,7010900,104.94444274902344
COP,COP,2022-06-09,120.62000274658203,121.77999877929688,118.43000030517578,118.55999755859375,6643000,102.10250091552734
COP,COP,2022-06-10,117.0,119.63999938964844,115.30000305175781,116.83000183105469,7298800,100.61266326904297
COP,COP,2022-06-13,112.44999694824219,114.0199966430664,108.37000274658203,111.76000213623047,9516900,96.24645233154297
COP,COP,2022-06-14,114.0199966430664,116.16000366210938,110.04000091552734,111.48999786376953,7737700,96.01390838623047
COP,COP,2022-06-15,111.48999786376953,112.05999755859375,107.58999633789062,109.33000183105469,7681400,94.15373992919922
COP,COP,2022-06-16,105.01000213623047,106.20999908447266,101.12999725341797,102.41999816894531,11848400,88.20294952392578
COP,COP,2022-06-17,101.48999786376953,102.33999633789062,92.80999755859375,93.73999786376953,24455100,80.72779846191406
COP,COP,2022-06-21,96.0199966430664,100.0999984741211,95.9800033569336,99.27999877929688,10454900,85.49878692626953
COP,COP,2022-06-22,92.8499984741211,95.05000305175781,91.45999908447266,93.05999755859375,11284200,80.14220428466797
COP,COP,2022-06-23,93.75,94.19999694824219,87.26000213623047,87.88999938964844,13554900,75.68985748291016
COP,COP,2022-06-24,90.0,92.05000305175781,88.36000061035156,90.91000366210938,12282400,78.2906723022461
COP,COP,2022-06-27,91.58000183105469,93.79000091552734,90.94999694824219,92.2300033569336,8986100,80.04374694824219
COP,COP,2022-06-28,94.9800033569336,97.06999969482422,93.55000305175781,95.22000122070312,8903000,82.63868713378906
COP,COP,2022-06-29,96.88999938964844,97.44999694824219,91.27999877929688,91.45999908447266,7990100,79.37548828125
COP,COP,2022-06-30,88.55999755859375,91.70999908447266,87.83000183105469,89.80999755859375,12748900,77.94349670410156
COP,COP,2022-07-01,91.93000030517578,92.30999755859375,88.30999755859375,90.9800033569336,6005000,78.95892333984375
COP,COP,2022-07-05,89.3499984741211,89.3499984741211,83.05999755859375,84.63999938964844,13483600,73.45660400390625
COP,COP,2022-07-06,83.70999908447266,85.69000244140625,80.44000244140625,83.33999633789062,12130900,72.32837677001953
COP,COP,2022-07-07,86.19000244140625,87.20999908447266,85.68000030517578,86.3499984741211,8072400,74.94066619873047
COP,COP,2022-07-08,87.52999877929688,87.86000061035156,84.66999816894531,86.45999908447266,5615500,75.03612518310547
COP,COP,2022-07-11,85.58999633789062,86.5999984741211,84.19000244140625,85.55000305175781,4685700,74.24636840820312
COP,COP,2022-07-12,82.55999755859375,84.04000091552734,81.61000061035156,83.44999694824219,5573100,72.42383575439453
COP,COP,2022-07-13,82.36000061035156,85.19000244140625,82.36000061035156,83.11000061035156,5535300,72.12876892089844
COP,COP,2022-07-14,79.83000183105469,81.7699966430664,78.30000305175781,81.61000061035156,8890200,70.82695770263672
COP,COP,2022-07-15,83.87000274658203,83.94000244140625,81.81999969482422,82.88999938964844,5899000,71.93781280517578
COP,COP,2022-07-18,84.73999786376953,86.38999938964844,84.6500015258789,85.06999969482422,7057600,73.82978820800781
COP,COP,2022-07-19,85.41000366210938,88.70999908447266,84.87999725341797,88.4800033569336,6674800,76.78923797607422
COP,COP,2022-07-20,87.75,91.22000122070312,87.22000122070312,90.70999908447266,7720500,78.7245864868164
COP,COP,2022-07-21,87.3499984741211,89.05999755859375,86.87000274658203,88.93000030517578,8016700,77.17975616455078
COP,COP,2022-07-22,89.20999908447266,90.19000244140625,87.54000091552734,88.12999725341797,6243500,76.48548126220703
COP,COP,2022-07-25,89.45999908447266,92.13999938964844,87.79000091552734,92.05000305175781,5815100,79.88754272460938
COP,COP,2022-07-26,93.44000244140625,94.18000030517578,89.97000122070312,91.08999633789062,7127000,79.05438232421875
COP,COP,2022-07-27,92.04000091552734,93.66000366210938,91.29000091552734,93.2699966430664,6237800,80.94632720947266
COP,COP,2022-07-28,94.22000122070312,95.26000213623047,92.5999984741211,94.05999755859375,4656100,81.63194274902344
COP,COP,2022-07-29,96.18000030517578,97.91999816894531,95.4000015258789,97.43000030517578,7394800,84.55667877197266
COP,COP,2022-08-01,95.30999755859375,96.05999755859375,93.68000030517578,95.0999984741211,5598900,82.5345458984375
COP,COP,2022-08-02,95.0999984741211,95.8499984741211,93.93000030517578,94.70999908447266,4653000,82.1960678100586
COP,COP,2022-08-03,95.3499984741211,95.68000030517578,90.43000030517578,91.31999969482422,6783300,79.2540054321289
COP,COP,2022-08-04,92.73999786376953,93.0,89.27999877929688,89.87999725341797,7810500,78.00423431396484
COP,COP,2022-08-05,88.22000122070312,93.41999816894531,88.0,92.8499984741211,5848000,80.58183288574219
COP,COP,2022-08-08,93.0199966430664,94.69000244140625,92.8499984741211,93.62999725341797,4788100,81.25875854492188
COP,COP,2022-08-09,95.30000305175781,97.27999877929688,94.86000061035156,95.51000213623047,7477700,82.89036560058594
COP,COP,2022-08-10,95.38999938964844,96.30999755859375,93.16000366210938,95.9800033569336,5625500,83.29827880859375
COP,COP,2022-08-11,98.12000274658203,101.31999969482422,97.5199966430664,100.36000061035156,6481600,87.09954833984375
COP,COP,2022-08-12,99.75,102.95999908447266,99.3499984741211,102.75,6683800,89.1737289428711
COP,COP,2022-08-15,98.38999938964844,101.45999908447266,97.55000305175781,100.7699966430664,6585900,87.84866333007812
COP,COP,2022-08-16,101.20999908447266,102.05000305175781,98.93000030517578,100.0999984741211,6924400,87.2645492553711
COP,COP,2022-08-17,100.0999984741211,102.69000244140625,99.7699966430664,101.36000061035156,5346500,88.36299896240234
COP,COP,2022-08-18,102.6500015258789,105.11000061035156,102.22000122070312,104.87999725341797,5966500,91.431640625
COP,COP,2022-08-19,104.58999633789062,105.69000244140625,103.52999877929688,105.13999938964844,7067100,91.65829467773438
COP,COP,2022-08-22,103.66999816894531,105.69999694824219,102.54000091552734,105.23999786376953,6701700,91.74549102783203
COP,COP,2022-08-23,107.2300033569336,110.68000030517578,106.73999786376953,108.44999694824219,8253000,94.54386901855469
COP,COP,2022-08-24,108.11000061035156,110.76000213623047,107.83999633789062,110.5199966430664,6286100,96.34843444824219
COP,COP,2022-08-25,111.44999694824219,112.13999938964844,110.6500015258789,112.08000183105469,5241000,97.70841217041016
COP,COP,2022-08-26,112.62000274658203,114.25,111.48999786376953,112.12000274658203,6508800,97.74327850341797
COP,COP,2022-08-29,112.08999633789062,115.47000122070312,111.88999938964844,113.41999816894531,6479700,98.87660217285156
COP,COP,2022-08-30,111.16999816894531,111.51000213623047,108.9000015258789,110.5,7746900,96.33101654052734
COP,COP,2022-08-31,107.8499984741211,111.86000061035156,107.05000305175781,109.44999694824219,6775700,95.41563415527344
COP,COP,2022-09-01,107.77999877929688,108.94000244140625,105.75,107.52999877929688,6717300,93.7418441772461
COP,COP,2022-09-02,109.63999938964844,112.0,109.0,110.26000213623047,6096400,96.12179565429688
COP,COP,2022-09-06,111.0,111.68000030517578,108.08000183105469,108.62999725341797,7270900,94.7007827758789
COP,COP,2022-09-07,105.81999969482422,107.51000213623047,104.76000213623047,106.76000213623047,6890900,93.07059478759766
COP,COP,2022-09-08,107.33999633789062,109.19000244140625,106.5999984741211,108.31999969482422,7147200,94.4305648803711
COP,COP,2022-09-09,110.05000305175781,112.41999816894531,109.87000274658203,111.97000122070312,6085000,97.6125259399414
COP,COP,2022-09-12,112.94999694824219,115.41000366210938,112.81999969482422,114.38999938964844,6208600,99.72221374511719
COP,COP,2022-09-13,112.9000015258789,114.38999938964844,111.81999969482422,112.33000183105469,6977400,97.92636108398438
COP,COP,2022-09-14,113.69000244140625,118.38999938964844,113.45999908447266,117.70999908447266,9457900,102.61650085449219
COP,COP,2022-09-15,115.13999938964844,117.22000122070312,114.62999725341797,115.55999755859375,9997500,100.74219512939453
COP,COP,2022-09-16,115.56999969482422,115.63999938964844,111.19999694824219,113.12999725341797,14608000,98.623779296875
COP,COP,2022-09-19,109.80000305175781,113.4800033569336,109.44000244140625,112.87000274658203,6600600,98.3971176147461
COP,COP,2022-09-20,112.55000305175781,112.83999633789062,110.55000305175781,112.06999969482422,5655400,97.69969177246094
COP,COP,2022-09-21,114.16999816894531,114.88999938964844,111.05999755859375,111.08999633789062,5818000,96.84535217285156
COP,COP,2022-09-22,113.19999694824219,113.8499984741211,109.93000030517578,110.05999755859375,4971600,95.9474105834961
COP,COP,2022-09-23,105.08999633789062,105.2699966430664,99.5999984741211,100.58999633789062,10157300,87.69172668457031
COP,COP,2022-09-26,100.08999633789062,102.72000122070312,99.12000274658203,99.19999694824219,8719000,86.47997283935547
COP,COP,2022-09-27,101.37000274658203,102.58000183105469,98.5199966430664,98.76000213623047,8779000,86.09638214111328
COP,COP,2022-09-28,98.83000183105469,103.44000244140625,98.45999908447266,103.0,9207500,91.08391571044922
COP,COP,2022-09-29,101.58999633789062,104.08999633789062,99.88999938964844,103.66000366210938,5929800,91.66754150390625
COP,COP,2022-09-30,102.43000030517578,103.93000030517578,101.0,102.33999633789062,7172000,90.50025177001953
COP,COP,2022-10-03,106.93000030517578,110.83999633789062,106.52999877929688,109.97000122070312,7701900,97.2475357055664
COP,COP,2022-10-04,112.47000122070312,115.8499984741211,111.72000122070312,115.62000274658203,7582900,102.243896484375
COP,COP,2022-10-05,116.25,117.26000213623047,113.76000213623047,115.93000030517578,10073000,102.51802825927734
COP,COP,2022-10-06,114.79000091552734,118.36000061035156,114.68000030517578,117.6500015258789,6388900,104.0390396118164
COP,COP,2022-10-07,118.13999938964844,121.36000061035156,117.31999969482422,118.51000213623047,9373500,104.79953002929688
COP,COP,2022-10-10,118.61000061035156,120.44000244140625,115.44999694824219,116.80000305175781,5883200,103.287353515625
COP,COP,2022-10-11,114.11000061035156,118.11000061035156,113.20999908447266,115.58000183105469,7602400,102.20851135253906
COP,COP,2022-10-12,114.76000213623047,117.33999633789062,113.98999786376953,116.30000305175781,6221600,102.84520721435547
COP,COP,2022-10-13,114.5,123.41000366210938,114.43000030517578,122.73999786376953,7999100,108.5401611328125
COP,COP,2022-10-14,121.08999633789062,122.9800033569336,117.04000091552734,117.95999908447266,7646000,104.31316375732422
COP,COP,2022-10-17,119.77999877929688,121.44000244140625,118.0199966430664,118.36000061035156,6667000,104.66687774658203
COP,COP,2022-10-18,119.58000183105469,120.04000091552734,115.69999694824219,117.88999938964844,6826200,104.25126647949219
COP,COP,2022-10-19,118.41999816894531,121.5999984741211,118.08999633789062,121.11000061035156,5500400,107.09873962402344
COP,COP,2022-10-20,122.5,124.91000366210938,121.77999877929688,121.80999755859375,6456100,107.71774291992188
COP,COP,2022-10-21,122.66999816894531,124.76000213623047,121.56999969482422,124.48999786376953,5886200,110.08771514892578
COP,COP,2022-10-24,124.52999877929688,126.4000015258789,124.19999694824219,125.13999938964844,5734900,110.66250610351562
COP,COP,2022-10-25,124.33000183105469,125.48999786376953,122.87999725341797,123.94000244140625,7000800,109.60135650634766
COP,COP,2022-10-26,124.72000122070312,128.17999267578125,124.58000183105469,126.56999969482422,8139100,111.92707824707031
COP,COP,2022-10-27,127.69999694824219,129.4499969482422,126.23999786376953,126.63999938964844,8948500,111.98898315429688
COP,COP,2022-10-28,128.5,128.99000549316406,124.01000213623047,127.16999816894531,7293200,112.4576416015625
COP,COP,2022-10-31,125.58000183105469,129.99000549316406,125.56999969482422,126.08999633789062,7121000,111.50260162353516
COP,COP,2022-11-01,128.74000549316406,129.32000732421875,126.88999938964844,127.77999877929688,5875600,112.99708557128906
COP,COP,2022-11-02,127.08000183105469,129.8000030517578,125.79000091552734,126.51000213623047,7680400,111.87401580810547
COP,COP,2022-11-03,129.6199951171875,136.1199951171875,128.2899932861328,133.82000732421875,13209100,118.33833312988281
COP,COP,2022-11-04,137.0,138.49000549316406,129.64999389648438,132.32000732421875,10663700,117.0118637084961
COP,COP,2022-11-07,132.75,136.4199981689453,132.61000061035156,134.94000244140625,6882400,119.3287582397461
COP,COP,2022-11-08,134.3000030517578,135.27999877929688,132.22999572753906,134.44000244140625,5039800,118.88658905029297
COP,COP,2022-11-09,132.4600067138672,132.57000732421875,124.88999938964844,125.26000213623047,7069500,110.76863861083984
COP,COP,2022-11-10,128.10000610351562,129.77000427246094,125.56999969482422,129.4600067138672,7543900,114.48273468017578
COP,COP,2022-11-11,131.1999969482422,134.85000610351562,130.55999755859375,133.9600067138672,8662000,118.46215057373047
COP,COP,2022-11-14,132.3800048828125,135.67999267578125,132.27999877929688,133.02999877929688,6163400,118.08929443359375
COP,COP,2022-11-15,133.58999633789062,134.83999633789062,131.91000366210938,134.08999633789062,8300600,119.03024291992188
COP,COP,2022-11-16,132.5800018310547,133.5,129.08999633789062,129.24000549316406,7365600,114.72496795654297
COP,COP,2022-11-17,127.58999633789062,131.3699951171875,127.02999877929688,131.19000244140625,5735800,116.4559555053711
COP,COP,2022-11-18,128.41000366210938,129.1999969482422,126.5,128.58999633789062,5727200,114.14795684814453
COP,COP,2022-11-21,125.04000091552734,127.11000061035156,121.80999755859375,125.48999786376953,6573200,111.39612579345703
COP,COP,2022-11-22,128.0,130.5500030517578,126.45999908447266,129.97999572753906,5604200,115.3818359375
COP,COP,2022-11-23,127.58999633789062,129.22000122070312,125.80000305175781,126.73999786376953,7482600,112.50572967529297
COP,COP,2022-11-25,126.88999938964844,127.7699966430664,126.5,126.80999755859375,2547800,112.56786346435547
COP,COP,2022-11-28,122.69999694824219,125.05999755859375,121.23999786376953,123.83999633789062,5648600,109.93142700195312
COP,COP,2022-11-29,125.81999969482422,126.83000183105469,123.91999816894531,124.25,4909700,110.29537200927734
COP,COP,2022-11-30,126.6500015258789,126.68000030517578,122.44000244140625,123.51000213623047,8484500,109.63850402832031
COP,COP,2022-12-01,124.66999816894531,125.37000274658203,122.88999938964844,123.05999755859375,5285100,109.23904418945312
COP,COP,2022-12-02,122.12000274658203,123.87000274658203,121.33999633789062,122.18000030517578,4879700,108.45787811279297
COP,COP,2022-12-05,124.26000213623047,124.69000244140625,118.70999908447266,119.37000274658203,5478700,105.96345520019531
COP,COP,2022-12-06,118.44000244140625,119.73999786376953,114.54000091552734,115.61000061035156,6498400,102.625732421875
COP,COP,2022-12-07,116.29000091552734,117.5999984741211,114.08999633789062,114.87999725341797,6099100,101.97772979736328
COP,COP,2022-12-08,117.79000091552734,117.88999938964844,111.87999725341797,112.5999984741211,7720400,99.95379638671875
COP,COP,2022-12-09,112.41000366210938,113.94999694824219,109.7300033569336,110.0199966430664,6385700,97.66355895996094
COP,COP,2022-12-12,110.9000015258789,112.30000305175781,110.06999969482422,111.77999877929688,5636500,99.22589874267578
COP,COP,2022-12-13,114.44999694824219,115.58999633789062,113.37000274658203,113.41000366210938,6285200,100.67283630371094
COP,COP,2022-12-14,114.75,115.6500015258789,112.04000091552734,112.87000274658203,5927000,100.1934814453125
COP,COP,2022-12-15,111.63999938964844,112.91999816894531,110.47000122070312,112.55000305175781,6400900,99.90941619873047
COP,COP,2022-12-16,110.44999694824219,111.22000122070312,109.01000213623047,110.44000244140625,17422600,98.03641510009766
COP,COP,2022-12-19,112.16000366210938,112.76000213623047,109.63999938964844,110.44000244140625,4991400,98.03641510009766
COP,COP,2022-12-20,110.44999694824219,113.80999755859375,110.0,112.6500015258789,5538700,99.99819946289062
COP,COP,2022-12-21,114.94000244140625,116.66999816894531,113.55000305175781,116.27999877929688,5433000,103.22051239013672
COP,COP,2022-12-22,116.05000305175781,116.77999877929688,109.83999633789062,112.9000015258789,5295400,100.2201156616211
COP,COP,2022-12-23,113.6500015258789,117.0999984741211,113.6500015258789,117.05000305175781,5001500,104.55227661132812
COP,COP,2022-12-27,117.91999816894531,119.05999755859375,117.05999755859375,118.47000122070312,3849400,105.82066345214844
COP,COP,2022-12-28,118.20999908447266,118.2699966430664,114.73999786376953,115.30999755859375,3856400,102.9980697631836
COP,COP,2022-12-29,114.7300033569336,117.0,114.62000274658203,116.38999938964844,2921600,103.96273040771484
COP,COP,2022-12-30,116.06999969482422,118.20999908447266,116.01000213623047,118.0,4220500,105.40084075927734
COP,COP,2023-01-03,116.55999755859375,117.9800033569336,111.91999816894531,113.12000274658203,5424400,101.04187774658203
COP,COP,2023-01-04,111.22000122070312,114.30999755859375,110.45999908447266,113.33999633789062,4837600,101.23838806152344
COP,COP,2023-01-05,113.52999877929688,117.80000305175781,113.52999877929688,116.7699966430664,5177700,104.3021469116211
COP,COP,2023-01-06,118.5,120.19000244140625,117.54000091552734,118.2300033569336,4442300,105.60628509521484
COP,COP,2023-01-09,120.31999969482422,120.66000366210938,116.86000061035156,117.36000061035156,5403200,104.82917022705078
COP,COP,2023-01-10,118.2300033569336,118.62000274658203,116.68000030517578,118.08000183105469,4042700,105.47229766845703
COP,COP,2023-01-11,119.19000244140625,119.55000305175781,116.91000366210938,118.23999786376953,4569900,105.61520385742188
COP,COP,2023-01-12,118.38999938964844,121.0999984741211,117.8499984741211,120.16000366210938,5072500,107.3302230834961
COP,COP,2023-01-13,120.58000183105469,121.8499984741211,118.51000213623047,121.47000122070312,4360200,108.50033569335938
COP,COP,2023-01-17,121.05999755859375,122.54000091552734,119.55999755859375,120.23999786376953,5228500,107.40166473388672
COP,COP,2023-01-18,121.19999694824219,123.70999908447266,118.36000061035156,118.55000305175781,5138700,105.89212036132812
COP,COP,2023-01-19,117.55000305175781,120.26000213623047,116.26000213623047,119.63999938964844,5049100,106.86571502685547
COP,COP,2023-01-20,120.16000366210938,121.91000366210938,119.25,121.80000305175781,5101400,108.79508972167969
COP,COP,2023-01-23,122.45999908447266,123.16999816894531,119.97000122070312,120.12999725341797,3963200,107.30340576171875
COP,COP,2023-01-24,121.0,121.0,117.63999938964844,118.80999755859375,4216900,106.12433624267578
COP,COP,2023-01-25,118.19999694824219,120.37999725341797,116.63999938964844,120.37000274658203,3984700,107.5177993774414
COP,COP,2023-01-26,122.29000091552734,124.7300033569336,120.80000305175781,124.6500015258789,5807400,111.34080505371094
COP,COP,2023-01-27,124.69000244140625,126.38999938964844,123.5199966430664,123.61000061035156,4857500,110.41184997558594
COP,COP,2023-01-30,122.08999633789062,122.5999984741211,120.33000183105469,120.52999877929688,5246300,107.66070556640625
COP,COP,2023-01-31,120.22000122070312,122.08999633789062,119.0999984741211,121.87000274658203,5200100,108.85762786865234
COP,COP,2023-02-01,120.70999908447266,120.97000122070312,115.19999694824219,117.69999694824219,7282300,105.13287353515625
COP,COP,2023-02-02,113.48999786376953,115.38999938964844,109.76000213623047,111.30000305175781,11531300,99.41622161865234
COP,COP,2023-02-03,111.30999755859375,112.38999938964844,107.76000213623047,108.11000061035156,13504200,96.56681823730469
COP,COP,2023-02-06,108.56999969482422,109.94999694824219,106.7300033569336,107.48999786376953,11516300,96.01300811767578
COP,COP,2023-02-07,108.41000366210938,112.1500015258789,107.41000366210938,112.0199966430664,7370600,100.05933380126953
COP,COP,2023-02-08,112.2300033569336,113.0,109.83999633789062,110.79000091552734,6713200,98.96066284179688
COP,COP,2023-02-09,110.61000061035156,111.73999786376953,109.8499984741211,109.93000030517578,5768300,98.19248962402344
COP,COP,2023-02-10,111.9800033569336,115.37000274658203,111.83000183105469,115.05999755859375,10779200,102.77472686767578
COP,COP,2023-02-13,113.94999694824219,114.0999984741211,112.12000274658203,112.30999755859375,6018200,100.7650146484375
COP,COP,2023-02-14,111.0,114.44999694824219,110.55000305175781,113.55000305175781,7308100,101.87755584716797
COP,COP,2023-02-15,111.81999969482422,112.16999816894531,109.9800033569336,111.6500015258789,7203700,100.1728515625
COP,COP,2023-02-16,110.87999725341797,111.70999908447266,108.08999633789062,108.36000061035156,6531900,97.2210693359375
COP,COP,2023-02-17,106.13999938964844,106.66999816894531,103.16999816894531,104.12000274658203,11294500,93.41691589355469
COP,COP,2023-02-21,104.01000213623047,106.12000274658203,103.51000213623047,105.30999755859375,7200600,94.48457336425781
COP,COP,2023-02-22,105.4800033569336,105.4800033569336,102.95999908447266,104.08000183105469,7929500,93.38102722167969
COP,COP,2023-02-23,106.0,106.4000015258789,104.06999969482422,105.43000030517578,6095800,94.59224700927734
COP,COP,2023-02-24,104.16999816894531,105.55000305175781,103.36000061035156,105.25,5617900,94.43074798583984
COP,COP,2023-02-27,105.16999816894531,106.18000030517578,103.44000244140625,105.86000061035156,7429300,94.9780502319336
COP,COP,2023-02-28,106.66000366210938,107.30999755859375,103.30999755859375,103.3499984741211,8771800,92.72605895996094
COP,COP,2023-03-01,103.7300033569336,107.68000030517578,103.2300033569336,106.25,6064700,95.32794952392578
COP,COP,2023-03-02,106.06999969482422,108.95999908447266,105.77999877929688,108.33000183105469,5458600,97.19413757324219
COP,COP,2023-03-03,106.2699966430664,109.08000183105469,105.81999969482422,108.63999938964844,7075100,97.4722671508789
COP,COP,2023-03-06,107.58000183105469,109.5999984741211,107.0999984741211,109.55999755859375,6200900,98.29769897460938
COP,COP,2023-03-07,108.58999633789062,108.91999816894531,106.66999816894531,107.6500015258789,4973200,96.58403778076172
COP,COP,2023-03-08,107.0,108.52999877929688,105.76000213623047,107.2300033569336,4576800,96.20721435546875
COP,COP,2023-03-09,107.91999816894531,109.25,105.36000061035156,105.80999755859375,5191600,94.93318176269531
COP,COP,2023-03-10,105.7300033569336,107.33000183105469,103.5999984741211,104.22000122070312,5313100,93.50662231445312
COP,COP,2023-03-13,102.0,103.58000183105469,99.56999969482422,100.68000030517578,8789700,90.33052062988281
COP,COP,2023-03-14,101.05000305175781,104.41999816894531,99.62000274658203,101.36000061035156,7090800,90.94062805175781
COP,COP,2023-03-15,97.41999816894531,98.70999908447266,93.58999633789062,95.23999786376953,10661200,85.44971466064453
COP,COP,2023-03-16,92.01000213623047,96.5,91.52999877929688,96.4000015258789,10111500,86.49049377441406
COP,COP,2023-03-17,96.3499984741211,96.94999694824219,93.5,94.38999938964844,17056000,84.6871109008789
COP,COP,2023-03-20,94.83999633789062,96.88999938964844,94.70999908447266,96.16000366210938,7932900,86.275146484375
COP,COP,2023-03-21,98.08999633789062,100.08999633789062,98.0,99.70999908447266,6770200,89.4602279663086
COP,COP,2023-03-22,100.0,101.08999633789062,98.29000091552734,98.37000274658203,5635500,88.25800323486328
COP,COP,2023-03-23,98.51000213623047,99.76000213623047,95.5,96.41999816894531,5866400,86.50843811035156
COP,COP,2023-03-24,94.55999755859375,95.9000015258789,93.26000213623047,95.43000030517578,8385900,85.62020111083984
COP,COP,2023-03-27,96.30999755859375,98.5,95.5999984741211,97.4800033569336,6049700,87.45947265625
COP,COP,2023-03-28,96.61000061035156,98.69000244140625,96.43000030517578,97.93000030517578,3792000,88.40738677978516
COP,COP,2023-03-29,99.63999938964844,100.30000305175781,98.66999816894531,99.75,7596300,90.05038452148438
COP,COP,2023-03-30,100.61000061035156,100.86000061035156,98.87000274658203,99.25,5461100,89.59901428222656
COP,COP,2023-03-31,99.80999755859375,99.9000015258789,98.94000244140625,99.20999908447266,7708800,89.56291198730469
COP,COP,2023-04-03,105.12999725341797,109.13999938964844,105.01000213623047,108.41999816894531,12394300,97.87733459472656
COP,COP,2023-04-04,108.33000183105469,108.7699966430664,105.11000061035156,106.30000305175781,5425500,95.9634780883789
COP,COP,2023-04-05,106.91000366210938,107.87999725341797,105.91999816894531,107.75,5806800,97.27249908447266
COP,COP,2023-04-06,106.9000015258789,107.73999786376953,105.88999938964844,106.26000213623047,5087800,95.9273910522461
COP,COP,2023-04-10,107.04000091552734,108.01000213623047,105.61000061035156,105.94999694824219,4374700,95.64751434326172
COP,COP,2023-04-11,106.0999984741211,107.19999694824219,105.48999786376953,106.75,4812200,96.36973571777344
COP,COP,2023-04-12,108.4800033569336,109.08999633789062,107.41000366210938,107.52999877929688,8108200,97.07386779785156
COP,COP,2023-04-13,107.94000244140625,109.9000015258789,107.12000274658203,109.04000091552734,7160100,98.43704223632812
COP,COP,2023-04-14,109.4800033569336,110.0199966430664,108.12000274658203,108.5,5052100,97.94955444335938
COP,COP,2023-04-17,106.80000305175781,107.69000244140625,105.5199966430664,105.61000061035156,6278800,95.34058380126953
COP,COP,2023-04-18,104.98999786376953,105.69999694824219,104.0999984741211,104.94999694824219,7745300,94.74476623535156
COP,COP,2023-04-19,103.8499984741211,105.80999755859375,103.5,105.26000213623047,4717500,95.02460479736328
COP,COP,2023-04-20,103.44999694824219,103.9000015258789,102.12000274658203,103.77999877929688,5351600,93.68851470947266
COP,COP,2023-04-21,104.0999984741211,104.19999694824219,101.62999725341797,102.26000213623047,5279000,92.31632995605469
COP,COP,2023-04-24,101.94999694824219,103.94999694824219,101.7699966430664,103.6500015258789,5215800,93.57115173339844
COP,COP,2023-04-25,101.5999984741211,102.41000366210938,100.4800033569336,102.08999633789062,5355800,92.16285705566406
COP,COP,2023-04-26,101.33000183105469,102.12999725341797,99.6500015258789,100.47000122070312,4295000,90.70039367675781
COP,COP,2023-04-27,100.44999694824219,101.93000030517578,99.80999755859375,101.2300033569336,4196700,91.38648986816406
COP,COP,2023-04-28,100.56999969482422,103.7300033569336,100.31999969482422,102.88999938964844,6638200,92.88505554199219
COP,COP,2023-05-01,101.58000183105469,103.01000213623047,101.12999725341797,102.52999877929688,3644900,92.56008911132812
COP,COP,2023-05-02,100.87999725341797,101.38999938964844,97.4800033569336,98.63999938964844,8100100,89.04833984375
COP,COP,2023-05-03,96.83000183105469,97.58000183105469,95.69999694824219,96.08999633789062,9085100,86.74629974365234
COP,COP,2023-05-04,96.19999694824219,98.5199966430664,95.80999755859375,97.36000061035156,6840000,87.8927993774414
COP,COP,2023-05-05,101.12000274658203,101.5999984741211,98.94000244140625,100.37000274658203,5566700,90.610107421875
COP,COP,2023-05-08,102.08999633789062,102.75,100.5999984741211,100.9000015258789,5058900,91.08856964111328
COP,COP,2023-05-09,100.01000213623047,102.62000274658203,99.94999694824219,101.52999877929688,4896100,91.65730285644531
COP,COP,2023-05-10,101.98999786376953,102.26000213623047,99.55000305175781,100.47000122070312,5285900,90.70039367675781
COP,COP,2023-05-11,98.87999725341797,100.12000274658203,98.55000305175781,99.88999938964844,5671700,90.1767807006836
COP,COP,2023-05-12,100.63999938964844,100.94999694824219,98.70999908447266,99.43000030517578,5004400,89.76151275634766
COP,COP,2023-05-15,99.33000183105469,100.44999694824219,98.45999908447266,100.29000091552734,5838100,91.00467681884766
COP,COP,2023-05-16,99.87000274658203,100.55999755859375,97.41999816894531,98.06999969482422,4822200,88.99021911621094
COP,COP,2023-05-17,99.54000091552734,101.45999908447266,98.55999755859375,100.70999908447266,5013700,91.38578033447266
COP,COP,2023-05-18,100.19999694824219,100.8499984741211,99.25,100.73999786376953,5503400,91.41300201416016
COP,COP,2023-05-19,102.33000183105469,103.58999633789062,101.83000183105469,102.5999984741211,6068200,93.10078430175781
COP,COP,2023-05-22,102.7300033569336,104.91999816894531,102.41999816894531,103.7300033569336,5561900,94.12618255615234
COP,COP,2023-05-23,104.45999908447266,105.56999969482422,103.98999786376953,104.38999938964844,5415700,94.7250747680664
COP,COP,2023-05-24,105.48999786376953,105.68000030517578,103.47000122070312,103.9800033569336,5141900,94.35303497314453
COP,COP,2023-05-25,101.94000244140625,102.4000015258789,100.5,101.69000244140625,4951900,92.27505493164062
COP,COP,2023-05-26,102.66999816894531,102.8499984741211,100.87999725341797,101.8499984741211,5709500,92.42023468017578
COP,COP,2023-05-30,100.69999694824219,101.58999633789062,100.02999877929688,101.19999694824219,6721800,91.83041381835938
COP,COP,2023-05-31,99.43000030517578,100.98999786376953,99.2300033569336,99.30000305175781,22757300,90.10633087158203
COP,COP,2023-06-01,99.56999969482422,100.9800033569336,98.37999725341797,99.52999877929688,5857800,90.31502532958984
COP,COP,2023-06-02,101.36000061035156,102.93000030517578,100.4800033569336,102.3499984741211,4958500,92.87394714355469
COP,COP,2023-06-05,104.25,104.25,100.97000122070312,102.06999969482422,5153900,92.61986541748047
COP,COP,2023-06-06,101.05000305175781,102.73999786376953,100.3499984741211,101.94000244140625,3622400,92.50191497802734
COP,COP,2023-06-07,102.31999969482422,105.4800033569336,102.31999969482422,104.80999755859375,4827700,95.10618591308594
COP,COP,2023-06-08,104.8499984741211,105.56999969482422,102.58999633789062,104.54000091552734,5231300,94.8611831665039
COP,COP,2023-06-09,104.83999633789062,105.44999694824219,103.62999725341797,103.88999938964844,4085100,94.27135467529297
COP,COP,2023-06-12,102.20999908447266,104.1500015258789,101.43000030517578,102.81999969482422,6049600,93.30043029785156
COP,COP,2023-06-13,103.8499984741211,105.47000122070312,103.22000122070312,103.41000366210938,4904300,93.8358154296875
COP,COP,2023-06-14,104.43000030517578,104.94999694824219,102.04000091552734,102.66999816894531,4915300,93.16431427001953
COP,COP,2023-06-15,102.88999938964844,105.30999755859375,102.83000183105469,104.1500015258789,4614600,94.50728607177734
COP,COP,2023-06-16,104.86000061035156,105.4800033569336,104.22000122070312,104.91999816894531,9928200,95.20599365234375
COP,COP,2023-06-20,104.12999725341797,104.75,101.0199966430664,102.02999877929688,8590000,92.58357238769531
COP,COP,2023-06-21,101.80000305175781,104.43000030517578,101.80000305175781,103.69999694824219,6477500,94.09895324707031
COP,COP,2023-06-22,102.63999938964844,102.87999725341797,101.0999984741211,101.43000030517578,4967700,92.03913879394531
COP,COP,2023-06-23,100.02999877929688,100.91999816894531,99.62999725341797,100.45999908447266,7149000,91.158935546875
COP,COP,2023-06-26,100.16000366210938,101.87000274658203,100.0,101.30999755859375,4361000,92.48257446289062
COP,COP,2023-06-27,101.01000213623047,101.62000274658203,100.33000183105469,100.79000091552734,3816900,92.00788879394531
COP,COP,2023-06-28,100.81999969482422,102.72000122070312,99.95999908447266,102.51000213623047,5463000,93.57803344726562
COP,COP,2023-06-29,102.51000213623047,103.30999755859375,101.80999755859375,103.05999755859375,4260300,94.08008575439453
COP,COP,2023-06-30,103.75,104.4000015258789,102.54000091552734,103.61000061035156,7000000,94.58218383789062
COP,COP,2023-07-03,103.94999694824219,104.98999786376953,103.62999725341797,104.2300033569336,2234000,95.1481704711914
COP,COP,2023-07-05,105.0,105.0,103.13999938964844,104.0199966430664,4154900,94.9564437866211
COP,COP,2023-07-06,102.80000305175781,103.62999725341797,99.3499984741211,100.33999633789062,6004500,91.59709930419922
COP,COP,2023-07-07,100.55000305175781,104.61000061035156,100.12000274658203,103.2300033569336,7393100,94.23529052734375
COP,COP,2023-07-10,102.8499984741211,104.45999908447266,102.75,104.3499984741211,6405900,95.25770568847656
COP,COP,2023-07-11,105.0,107.61000061035156,104.8499984741211,107.44000244140625,5648500,98.0784683227539
COP,COP,2023-07-12,108.63999938964844,109.56999969482422,108.44999694824219,109.30999755859375,6229200,99.78551483154297
COP,COP,2023-07-13,109.88999938964844,111.76000213623047,109.58000183105469,110.55000305175781,6054900,100.91748809814453
COP,COP,2023-07-14,110.06999969482422,110.2300033569336,106.44999694824219,107.08999633789062,4738200,97.75895690917969
COP,COP,2023-07-17,106.69000244140625,107.66000366210938,106.13999938964844,106.44000244140625,4081400,97.16559600830078
COP,COP,2023-07-18,106.44999694824219,109.5,106.4000015258789,108.75,4396800,99.2743148803711
COP,COP,2023-07-19,108.7699966430664,110.69000244140625,108.7699966430664,109.4800033569336,5408200,99.94071197509766
COP,COP,2023-07-20,110.5,111.77999877929688,110.19999694824219,111.69000244140625,6702300,101.9581527709961
COP,COP,2023-07-21,112.16999816894531,113.19999694824219,111.8499984741211,112.88999938964844,4957000,103.05358123779297
COP,COP,2023-07-24,113.4000015258789,115.69999694824219,113.4000015258789,114.72000122070312,3999600,104.72413635253906
COP,COP,2023-07-25,114.37000274658203,116.5199966430664,113.9000015258789,116.18000030517578,3664700,106.05691528320312
COP,COP,2023-07-26,115.31999969482422,117.13999938964844,115.16000366210938,116.83000183105469,4006300,106.65028381347656
COP,COP,2023-07-27,117.33999633789062,117.88999938964844,115.33000183105469,115.77999877929688,4568500,105.6917724609375
COP,COP,2023-07-28,115.73999786376953,116.30000305175781,114.66999816894531,115.93000030517578,3138800,105.82869720458984
COP,COP,2023-07-31,117.22000122070312,118.25,116.76000213623047,117.72000122070312,4126100,107.46273040771484
COP,COP,2023-08-01,117.26000213623047,117.83000183105469,116.19000244140625,117.37999725341797,3308200,107.15237426757812
COP,COP,2023-08-02,116.69000244140625,117.54000091552734,114.91000366210938,115.58999633789062,4577800,105.51831817626953
COP,COP,2023-08-03,114.91000366210938,117.29000091552734,113.01000213623047,114.98999786376953,7285300,104.97061920166016
COP,COP,2023-08-04,115.87000274658203,116.69000244140625,113.58000183105469,113.70999908447266,6928700,103.8021469116211
COP,COP,2023-08-07,114.48999786376953,114.5999984741211,113.25,114.4800033569336,3635100,104.50505065917969
COP,COP,2023-08-08,112.6500015258789,115.79000091552734,111.30000305175781,115.58999633789062,4281300,105.51831817626953
COP,COP,2023-08-09,116.7300033569336,118.83999633789062,116.30000305175781,116.44000244140625,4818800,106.29426574707031
COP,COP,2023-08-10,116.29000091552734,117.58999633789062,115.16000366210938,115.83000183105469,3589300,105.73743438720703
COP,COP,2023-08-11,115.9800033569336,118.05000305175781,115.47000122070312,117.80999755859375,3771600,107.54489135742188
COP,COP,2023-08-14,117.16999816894531,117.77999877929688,116.30000305175781,117.69000244140625,4252400,107.43534851074219
COP,COP,2023-08-15,116.5,116.8499984741211,114.97000122070312,115.51000213623047,4214900,105.90423583984375
COP,COP,2023-08-16,115.75,116.91000366210938,114.55999755859375,114.63999938964844,3767200,105.10658264160156
COP,COP,2023-08-17,116.5,117.87999725341797,116.22000122070312,116.7300033569336,4044700,107.02278900146484
COP,COP,2023-08-18,115.83999633789062,118.02999877929688,115.6500015258789,117.29000091552734,4267600,107.53620910644531
COP,COP,2023-08-21,118.13999938964844,119.11000061035156,116.54000091552734,117.20999908447266,3271600,107.46286010742188
COP,COP,2023-08-22,117.58999633789062,117.73999786376953,116.08000183105469,116.1500015258789,3194300,106.49101257324219
COP,COP,2023-08-23,115.01000213623047,116.33999633789062,113.86000061035156,115.80999755859375,3136700,106.17928314208984
COP,COP,2023-08-24,115.19000244140625,116.37999725341797,114.73999786376953,114.80000305175781,3538500,105.25328063964844
COP,COP,2023-08-25,115.69000244140625,117.12999725341797,114.76000213623047,116.5199966430664,3710300,106.83023071289062
COP,COP,2023-08-28,116.4800033569336,118.4000015258789,116.41999816894531,117.5199966430664,2821600,107.74707794189453
COP,COP,2023-08-29,117.86000061035156,118.0999984741211,116.58000183105469,117.66000366210938,3213700,107.87545013427734
COP,COP,2023-08-30,118.2699966430664,118.94000244140625,118.01000213623047,118.69999694824219,2847500,108.8289566040039
COP,COP,2023-08-31,119.16999816894531,119.55999755859375,118.0999984741211,119.02999877929688,4395700,109.13150024414062
COP,COP,2023-09-01,120.0,122.5,119.97000122070312,122.13999938964844,6398300,111.9828872680664
COP,COP,2023-09-05,122.7699966430664,124.98999786376953,122.55999755859375,122.83000183105469,5785700,112.6155014038086
COP,COP,2023-09-06,122.47000122070312,123.44000244140625,121.91999816894531,123.06999969482422,4664000,112.83554077148438
COP,COP,2023-09-07,122.98999786376953,123.68000030517578,121.61000061035156,121.70999908447266,3503900,111.58865356445312
COP,COP,2023-09-08,122.76000213623047,124.01000213623047,122.44999694824219,122.72000122070312,4368400,112.5146484375
COP,COP,2023-09-11,123.44000244140625,123.9000015258789,119.81999969482422,120.44000244140625,4294500,110.42426300048828
COP,COP,2023-09-12,121.25,123.44000244140625,121.19999694824219,123.08000183105469,4486600,112.84471130371094
COP,COP,2023-09-13,123.4800033569336,123.69999694824219,121.47000122070312,122.30999755859375,3879700,112.13875579833984
COP,COP,2023-09-14,123.5,124.88999938964844,123.44000244140625,124.5,4686200,114.14662170410156
COP,COP,2023-09-15,124.05000305175781,125.98999786376953,123.19000244140625,123.56999969482422,12441000,113.29397583007812
COP,COP,2023-09-18,125.18000030517578,125.7300033569336,124.06999969482422,124.4800033569336,4945300,114.1282958984375
COP,COP,2023-09-19,125.83999633789062,126.02999877929688,122.18000030517578,123.16000366210938,4190700,112.91805267333984
COP,COP,2023-09-20,122.62999725341797,123.80999755859375,121.05999755859375,121.16999816894531,3444600,111.09353637695312
COP,COP,2023-09-21,122.02999877929688,122.16000366210938,118.75,119.06999969482422,4470700,109.16819763183594
COP,COP,2023-09-22,119.91999816894531,121.18000030517578,119.04000091552734,119.16000366210938,3641100,109.25071716308594
COP,COP,2023-09-25,119.29000091552734,121.2699966430664,118.88999938964844,121.06999969482422,3291300,111.00186920166016
COP,COP,2023-09-26,119.80000305175781,121.44000244140625,119.33999633789062,120.13999938964844,5204500,110.14920806884766
COP,COP,2023-09-27,121.72000122070312,123.91999816894531,120.80000305175781,123.08999633789062,5364100,113.42031860351562
COP,COP,2023-09-28,122.86000061035156,124.30999755859375,122.18000030517578,122.72000122070312,3964600,113.07938385009766
COP,COP,2023-09-29,122.4800033569336,122.61000061035156,119.63999938964844,119.80000305175781,5308900,110.38877868652344
COP,COP,2023-10-02,120.23999786376953,120.30999755859375,115.95999908447266,117.0999984741211,4769500,107.90088653564453
COP,COP,2023-10-03,116.76000213623047,117.66999816894531,116.06999969482422,117.5999984741211,4162600,108.3615951538086
COP,COP,2023-10-04,115.31999969482422,115.62999725341797,111.66999816894531,113.33000183105469,7287600,104.42704772949219
COP,COP,2023-10-05,112.51000213623047,114.58000183105469,112.19000244140625,113.41999816894531,4070100,104.50996398925781
COP,COP,2023-10-06,114.37999725341797,116.58999633789062,113.16000366210938,115.33000183105469,4209700,106.26992797851562
COP,COP,2023-10-09,118.95999908447266,121.87000274658203,118.75,121.81999969482422,6532800,112.25009155273438
COP,COP,2023-10-10,121.25,122.23999786376953,120.19000244140625,120.38999938964844,5705500,110.93244171142578
COP,COP,2023-10-11,119.5,120.19000244140625,118.02999877929688,120.04000091552734,7300700,110.60990905761719
COP,COP,2023-10-12,121.08000183105469,121.7300033569336,120.45999908447266,121.11000061035156,3859500,111.59587860107422
COP,COP,2023-10-13,124.05999755859375,125.97000122070312,123.43000030517578,124.86000061035156,5589100,115.05126190185547
COP,COP,2023-10-16,125.58000183105469,126.12000274658203,124.18000030517578,125.30999755859375,3769500,115.4659194946289
COP,COP,2023-10-17,125.19999694824219,126.43000030517578,124.94000244140625,125.45999908447266,4213800,115.60411834716797
COP,COP,2023-10-18,126.20999908447266,127.23999786376953,125.44999694824219,126.58999633789062,4781900,116.6453628540039
COP,COP,2023-10-19,125.69000244140625,127.3499984741211,124.87000274658203,126.37999725341797,4491300,116.45186614990234
COP,COP,2023-10-20,126.19000244140625,126.66999816894531,123.86000061035156,124.05999755859375,5289400,114.31411743164062
COP,COP,2023-10-23,123.05999755859375,123.16000366210938,120.63999938964844,121.33999633789062,5969400,111.80779266357422
COP,COP,2023-10-24,121.56999969482422,121.98999786376953,119.9000015258789,119.94999694824219,4664400,110.52698516845703
COP,COP,2023-10-25,119.52999877929688,120.93000030517578,118.7699966430664,120.41000366210938,5010600,110.95085906982422
COP,COP,2023-10-26,118.7300033569336,119.16000366210938,117.25,118.30999755859375,6066500,109.01581573486328
COP,COP,2023-10-27,117.69999694824219,118.33999633789062,116.44000244140625,117.80000305175781,5312500,108.5458984375
COP,COP,2023-10-30,117.77999877929688,118.5,116.51000213623047,118.13999938964844,5830500,108.85918426513672
COP,COP,2023-10-31,117.9000015258789,118.98999786376953,116.48999786376953,118.80000305175781,4505000,109.46733856201172
COP,COP,2023-11-01,119.4800033569336,119.7699966430664,116.48999786376953,116.66999816894531,8350900,107.50464630126953
COP,COP,2023-11-02,117.87000274658203,123.25,117.37000274658203,122.0199966430664,9068700,112.43437194824219
COP,COP,2023-11-03,121.5,121.88999938964844,119.3499984741211,119.75,5935600,110.34270477294922
COP,COP,2023-11-06,120.23999786376953,120.55999755859375,118.19000244140625,118.47000122070312,4610800,109.16326141357422
COP,COP,2023-11-07,116.41999816894531,116.5,114.33000183105469,115.25,5491000,106.19621276855469
COP,COP,2023-11-08,115.19999694824219,115.62000274658203,113.97000122070312,114.44999694824219,5884300,105.45905303955078
COP,COP,2023-11-09,115.6500015258789,116.06999969482422,114.05000305175781,114.1500015258789,4306200,105.1826171875
COP,COP,2023-11-10,115.23999786376953,116.20999908447266,114.5999984741211,115.61000061035156,4602300,106.5279312133789
COP,COP,2023-11-13,114.98999786376953,115.91000366210938,114.98999786376953,115.36000061035156,3225700,106.83354187011719
COP,COP,2023-11-14,116.0,116.80999755859375,115.33999633789062,115.54000091552734,5421700,107.00023651123047
COP,COP,2023-11-15,115.0,116.66999816894531,114.87999725341797,115.02999877929688,4733300,106.5279312133789
COP,COP,2023-11-16,113.51000213623047,113.76000213623047,109.9800033569336,111.98999786376953,6733200,103.7126235961914
COP,COP,2023-11-17,112.80000305175781,115.52999877929688,112.2300033569336,114.58999633789062,5799100,106.12045288085938
COP,COP,2023-11-20,114.98999786376953,116.58000183105469,114.58999633789062,115.38999938964844,4046400,106.86131286621094
COP,COP,2023-11-21,115.18000030517578,115.62999725341797,114.55999755859375,115.16999816894531,3720200,106.65757751464844
COP,COP,2023-11-22,112.0199966430664,115.12999725341797,111.16000366210938,114.8499984741211,4559000,106.36123657226562
COP,COP,2023-11-24,114.88999938964844,116.56999969482422,114.86000061035156,115.48999786376953,2159200,106.95392608642578
COP,COP,2023-11-27,114.9800033569336,115.12999725341797,113.36000061035156,114.80000305175781,5289500,106.31493377685547
COP,COP,2023-11-28,115.26000213623047,115.9800033569336,114.4800033569336,114.9800033569336,3469100,106.48162841796875
COP,COP,2023-11-29,115.36000061035156,115.55999755859375,113.31999969482422,113.97000122070312,6065300,105.54627990722656
COP,COP,2023-11-30,115.16999816894531,116.69999694824219,113.63999938964844,115.56999969482422,10242700,107.02801513671875
COP,COP,2023-12-01,115.02999877929688,117.04000091552734,114.8499984741211,115.2300033569336,4675800,106.71315002441406
COP,COP,2023-12-04,114.08000183105469,115.91999816894531,113.87999725341797,114.52999877929688,4824800,106.06489562988281
COP,COP,2023-12-05,114.7300033569336,114.9000015258789,113.04000091552734,113.13999938964844,5821400,104.77762603759766
COP,COP,2023-12-06,112.33000183105469,112.33000183105469,109.73999786376953,110.5199966430664,7489500,102.35127258300781
COP,COP,2023-12-07,111.31999969482422,111.91000366210938,110.6500015258789,110.8499984741211,5816800,102.65687561035156
COP,COP,2023-12-08,111.73999786376953,112.19000244140625,111.05999755859375,112.06999969482422,5713900,103.78670501708984
COP,COP,2023-12-11,112.12000274658203,112.62999725341797,111.54000091552734,112.16000366210938,7250100,103.87004852294922
COP,COP,2023-12-12,110.7699966430664,111.4800033569336,109.69999694824219,111.05999755859375,6888800,102.85134887695312
COP,COP,2023-12-13,111.5,112.26000213623047,110.87000274658203,111.8499984741211,8570100,103.58296966552734
COP,COP,2023-12-14,112.94999694824219,116.3499984741211,112.75,114.94999694824219,11490400,106.4538345336914
COP,COP,2023-12-15,114.3499984741211,115.73999786376953,113.62000274658203,114.54000091552734,30860400,106.07416534423828
COP,COP,2023-12-18,115.83000183105469,117.2699966430664,114.6500015258789,114.9000015258789,7000500,106.40754699707031
COP,COP,2023-12-19,114.94999694824219,116.63999938964844,114.25,116.48999786376953,6379200,107.88002014160156
COP,COP,2023-12-20,116.87000274658203,118.94000244140625,116.37999725341797,116.69000244140625,7767200,108.06524658203125
COP,COP,2023-12-21,116.5,116.87999725341797,115.27999877929688,116.83000183105469,4149300,108.19489288330078
COP,COP,2023-12-22,118.0,118.62999725341797,117.29000091552734,117.66000366210938,4299400,108.96355438232422
COP,COP,2023-12-26,118.69999694824219,119.43000030517578,118.37999725341797,119.0199966430664,2893600,110.22301483154297
COP,COP,2023-12-27,118.51000213623047,119.63999938964844,118.08000183105469,118.48999786376953,3441400,109.73220825195312
COP,COP,2023-12-28,117.66000366210938,118.19999694824219,116.44000244140625,116.5,3711400,107.88927459716797
COP,COP,2023-12-29,117.20999908447266,117.55000305175781,115.80999755859375,116.06999969482422,3643600,107.49105834960938
COP,COP,2024-01-02,117.16999816894531,118.80000305175781,116.8499984741211,117.58999633789062,4688400,108.89871978759766
COP,COP,2024-01-03,117.94999694824219,120.18000030517578,117.41000366210938,119.93000030517578,4881900,111.06575775146484
COP,COP,2024-01-04,120.61000061035156,121.23999786376953,116.2699966430664,116.4800033569336,5891500,107.87076568603516
COP,COP,2024-01-05,117.5,117.7699966430664,116.0,116.52999877929688,3984600,107.91706085205078
COP,COP,2024-01-08,114.95999908447266,115.05000305175781,112.4800033569336,114.5,6769600,106.037109375
COP,COP,2024-01-09,114.5,114.5,112.25,112.76000213623047,5935600,104.42571258544922
COP,COP,2024-01-10,112.7300033569336,112.7300033569336,110.83000183105469,111.18000030517578,4445200,102.96248626708984
COP,COP,2024-01-11,111.61000061035156,112.23999786376953,110.94000244140625,111.0,4212600,102.79579162597656
COP,COP,2024-01-12,113.0,113.37000274658203,111.05000305175781,111.69999694824219,5549800,103.44406127929688
COP,COP,2024-01-16,111.5,111.73999786376953,108.33999633789062,108.63999938964844,6677500,100.6102294921875
COP,COP,2024-01-17,106.91999816894531,108.54000091552734,106.58000183105469,107.56999969482422,4864100,99.61931610107422
COP,COP,2024-01-18,107.33999633789062,107.33999633789062,105.7699966430664,106.93000030517578,6150900,99.02661895751953
COP,COP,2024-01-19,106.05000305175781,107.91999816894531,105.91999816894531,107.87000274658203,5702200,99.89714813232422
COP,COP,2024-01-22,107.5,108.38999938964844,107.0,108.05999755859375,5740200,100.07310485839844
COP,COP,2024-01-23,107.81999969482422,109.41999816894531,107.6500015258789,107.98999786376953,3969500,100.0082778930664
COP,COP,2024-01-24,108.91999816894531,110.0199966430664,108.41999816894531,109.66999816894531,5332000,101.56410217285156
COP,COP,2024-01-25,109.80000305175781,112.08000183105469,109.26000213623047,112.05000305175781,5958700,103.76819610595703
COP,COP,2024-01-26,112.04000091552734,112.44999694824219,110.44000244140625,112.2300033569336,4156000,103.93488311767578
COP,COP,2024-01-29,112.04000091552734,112.0999984741211,110.48999786376953,111.5999984741211,4705700,103.35145568847656
COP,COP,2024-01-30,111.20999908447266,114.33000183105469,110.76000213623047,114.05000305175781,6206500,105.620361328125
COP,COP,2024-01-31,113.97000122070312,114.0999984741211,111.79000091552734,111.87000274658203,5501400,103.60149383544922
COP,COP,2024-02-01,112.33999633789062,113.22000122070312,110.80000305175781,111.37999725341797,5255200,103.147705078125
COP,COP,2024-02-02,111.66000366210938,111.94999694824219,109.69000244140625,110.62999725341797,4610200,102.45313262939453
COP,COP,2024-02-05,110.25,110.86000061035156,109.29000091552734,109.97000122070312,4520400,101.84192657470703
COP,COP,2024-02-06,110.87999725341797,112.44999694824219,110.19999694824219,111.5199966430664,4777100,103.2773666381836
COP,COP,2024-02-07,111.72000122070312,112.97000122070312,111.44999694824219,112.31999969482422,6100700,104.01823425292969
COP,COP,2024-02-08,113.11000061035156,115.29000091552734,112.58999633789062,113.9000015258789,7715500,105.48145294189453
COP,COP,2024-02-09,113.98999786376953,114.30000305175781,111.0199966430664,111.16000366210938,5974000,102.9439697265625
COP,COP,2024-02-12,111.2699966430664,112.13999938964844,110.52999877929688,111.0999984741211,5802000,102.8884048461914
COP,COP,2024-02-13,111.0999984741211,111.93000030517578,108.83999633789062,109.7699966430664,6321100,101.65670013427734
COP,COP,2024-02-14,110.19999694824219,111.04000091552734,109.5199966430664,110.12000274658203,7248400,101.98084259033203
COP,COP,2024-02-15,109.04000091552734,111.69999694824219,108.83999633789062,111.0,9421900,103.52911376953125
COP,COP,2024-02-16,111.4800033569336,111.80000305175781,110.4000015258789,110.56999969482422,6967800,103.12805938720703
COP,COP,2024-02-20,110.55000305175781,111.62999725341797,109.36000061035156,109.54000091552734,6458300,102.16737365722656
COP,COP,2024-02-21,110.0,113.66999816894531,109.69999694824219,112.87000274658203,6925500,105.27326202392578
COP,COP,2024-02-22,112.05999755859375,112.91000366210938,111.30999755859375,112.22000122070312,5104900,104.66699981689453
COP,COP,2024-02-23,111.08999633789062,112.26000213623047,110.0999984741211,111.51000213623047,5206200,104.0047836303711
COP,COP,2024-02-26,111.19999694824219,112.5199966430664,110.61000061035156,112.41999816894531,5751200,104.85353088378906
COP,COP,2024-02-27,113.02999877929688,113.33000183105469,111.05999755859375,111.61000061035156,5060000,104.09806060791016
COP,COP,2024-02-28,111.9000015258789,113.31999969482422,111.1500015258789,112.04000091552734,4578900,104.4991226196289
COP,COP,2024-02-29,112.51000213623047,113.16000366210938,111.8499984741211,112.54000091552734,6624000,104.96546173095703
COP,COP,2024-03-01,113.80000305175781,115.52999877929688,113.62999725341797,114.23999786376953,5094300,106.55103302001953
COP,COP,2024-03-04,114.04000091552734,114.38999938964844,111.58000183105469,111.63999938964844,5877200,104.12602996826172
COP,COP,2024-03-05,111.20999908447266,112.80000305175781,110.8499984741211,111.22000122070312,6247000,103.73430633544922
COP,COP,2024-03-06,112.30000305175781,112.9000015258789,111.4800033569336,111.98999786376953,4888700,104.45246887207031
COP,COP,2024-03-07,111.7300033569336,113.43000030517578,111.69000244140625,112.73999786376953,5097300,105.1520004272461
COP,COP,2024-03-08,112.20999908447266,113.20999908447266,111.86000061035156,113.0,5227600,105.3945083618164
COP,COP,2024-03-11,113.37000274658203,115.36000061035156,112.6500015258789,115.25,5899300,107.4930648803711
COP,COP,2024-03-12,115.08000183105469,115.7300033569336,114.36000061035156,115.0199966430664,5653000,107.27855682373047
COP,COP,2024-03-13,116.80000305175781,118.61000061035156,116.16999816894531,117.55000305175781,7685400,109.63826751708984
COP,COP,2024-03-14,119.16999816894531,119.98999786376953,118.73999786376953,119.77999877929688,7800800,111.71817016601562
COP,COP,2024-03-15,119.12999725341797,120.80000305175781,119.12999725341797,120.04000091552734,17549000,111.9606704711914
COP,COP,2024-03-18,120.9000015258789,121.06999969482422,119.16000366210938,120.26000213623047,4827900,112.16586303710938
COP,COP,2024-03-19,120.36000061035156,122.16000366210938,120.30000305175781,122.0199966430664,4457800,113.80741119384766
COP,COP,2024-03-20,121.22000122070312,122.36000061035156,121.02999877929688,121.91000366210938,3597000,113.7048110961914
COP,COP,2024-03-21,122.06999969482422,123.58999633789062,121.68000030517578,123.51000213623047,4925600,115.1971206665039
COP,COP,2024-03-22,123.55000305175781,124.05000305175781,122.70999908447266,123.02999877929688,4976100,114.74942779541016
COP,COP,2024-03-25,123.72000122070312,126.6500015258789,123.1500015258789,126.2300033569336,7054400,117.73405456542969
COP,COP,2024-03-26,126.5,126.9000015258789,125.19999694824219,125.98999786376953,5203400,117.51019287109375
COP,COP,2024-03-27,125.6500015258789,127.0199966430664,125.31999969482422,126.83999633789062,3847800,118.30299377441406
COP,COP,2024-03-28,128.0,128.63999938964844,126.70999908447266,127.27999877929688,4657800,118.71338653564453
COP,COP,2024-04-01,128.0,128.94000244140625,126.75,128.67999267578125,3036000,120.01914978027344
COP,COP,2024-04-02,129.52000427246094,130.83999633789062,128.6300048828125,130.6699981689453,4969700,121.87520599365234
COP,COP,2024-04-03,130.91000366210938,132.0,130.52000427246094,131.6300048828125,3707300,122.77061462402344
COP,COP,2024-04-04,132.1300048828125,132.42999267578125,131.0500030517578,131.75,3908400,122.88252258300781
COP,COP,2024-04-05,131.9600067138672,133.83999633789062,131.19000244140625,133.52000427246094,3595500,124.53339385986328
COP,COP,2024-04-08,133.75,134.02000427246094,132.17999267578125,132.4199981689453,4481900,123.50743103027344
COP,COP,2024-04-09,132.7899932861328,133.1999969482422,131.00999450683594,132.25,3756000,123.34884643554688
COP,COP,2024-04-10,132.47999572753906,133.67999267578125,131.75999450683594,132.82000732421875,4402400,123.88052368164062
COP,COP,2024-04-11,132.5399932861328,133.19000244140625,130.64999389648438,132.9199981689453,4328800,123.9737777709961
COP,COP,2024-04-12,134.27999877929688,135.17999267578125,130.38999938964844,131.1999969482422,4955300,122.36955261230469
COP,COP,2024-04-15,132.1300048828125,132.61000061035156,130.02999877929688,130.25,4219300,121.48348236083984
COP,COP,2024-04-16,130.0,130.8000030517578,128.5,129.52999877929688,3878600,120.81194305419922
COP,COP,2024-04-17,129.1199951171875,130.13999938964844,127.55000305175781,128.3300018310547,3869700,119.69270324707031
COP,COP,2024-04-18,128.72999572753906,129.22000122070312,127.25,127.80999755859375,3588200,119.20771026611328
COP,COP,2024-04-19,128.13999938964844,130.50999450683594,127.80999755859375,129.3800048828125,3984800,120.67205047607422
COP,COP,2024-04-22,128.61000061035156,130.39999389648438,126.94000244140625,129.3300018310547,4194900,120.62541198730469
COP,COP,2024-04-23,128.6300048828125,130.19000244140625,127.7300033569336,129.83999633789062,3773600,121.10108947753906
COP,COP,2024-04-24,129.3699951171875,129.69000244140625,128.2899932861328,129.27999877929688,3846600,120.5787582397461
COP,COP,2024-04-25,129.6999969482422,130.63999938964844,128.3000030517578,130.11000061035156,3666400,121.35291290283203
COP,COP,2024-04-26,129.4600067138672,130.77000427246094,128.86000061035156,130.24000549316406,4823100,121.47415161132812
COP,COP,2024-04-29,129.75,130.44000244140625,128.8000030517578,130.22000122070312,3609400,121.45550537109375
COP,COP,2024-04-30,129.80999755859375,129.85000610351562,125.43000030517578,125.62000274658203,6296800,117.16510772705078
COP,COP,2024-05-01,125.08000183105469,125.7300033569336,123.41999816894531,124.33999633789062,5423500,115.97125244140625
COP,COP,2024-05-02,124.72000122070312,125.19999694824219,121.66000366210938,122.25,7685900,114.02193450927734
COP,COP,2024-05-03,122.51000213623047,122.68000030517578,120.87999725341797,122.2300033569336,5020700,114.00326538085938
COP,COP,2024-05-06,123.08000183105469,125.22000122070312,123.0199966430664,123.55000305175781,4848600,115.23443603515625
COP,COP,2024-05-07,123.66000366210938,124.94000244140625,123.06999969482422,123.54000091552734,5902000,115.22509765625
COP,COP,2024-05-08,122.83000183105469,123.97000122070312,122.69999694824219,123.05999755859375,4200200,114.77740478515625
COP,COP,2024-05-09,122.98999786376953,124.2300033569336,122.6500015258789,123.38999938964844,5430500,115.08518981933594
COP,COP,2024-05-10,123.04000091552734,123.9800033569336,121.56999969482422,121.91000366210938,4515900,114.42816162109375
COP,COP,2024-05-13,121.87000274658203,122.55999755859375,121.2699966430664,121.58999633789062,6421200,114.12779998779297
COP,COP,2024-05-14,121.52999877929688,122.16999816894531,120.43000030517578,121.04000091552734,6144700,113.6115493774414
COP,COP,2024-05-15,120.66999816894531,121.91000366210938,118.66000366210938,120.69999694824219,6138600,113.29241943359375
COP,COP,2024-05-16,120.3499984741211,121.38999938964844,119.5999984741211,119.83000183105469,5002900,112.4758071899414
COP,COP,2024-05-17,120.9000015258789,121.98999786376953,120.05999755859375,121.70999908447266,4450300,114.24042510986328
COP,COP,2024-05-20,121.75,122.11000061035156,120.48999786376953,120.88999938964844,2814700,113.47076416015625
COP,COP,2024-05-21,120.69000244140625,121.7300033569336,120.29000091552734,120.41000366210938,2756700,113.02022552490234
COP,COP,2024-05-22,119.5199966430664,119.72000122070312,117.38999938964844,118.19000244140625,4468100,110.93647003173828
COP,COP,2024-05-23,118.83000183105469,119.43000030517578,117.19999694824219,117.6500015258789,3757200,110.42961120605469
COP,COP,2024-05-24,118.38999938964844,118.58999633789062,116.86000061035156,117.25,2851100,110.05416107177734
COP,COP,2024-05-28,117.83000183105469,119.2300033569336,117.7300033569336,118.95999908447266,3830700,111.6592025756836
COP,COP,2024-05-29,117.5999984741211,117.66000366210938,113.80999755859375,115.25,14290900,108.17689514160156
COP,COP,2024-05-30,115.69999694824219,116.37999725341797,112.93000030517578,113.58000183105469,9914300,106.60938262939453
COP,COP,2024-05-31,113.86000061035156,116.54000091552734,113.7699966430664,116.4800033569336,13830200,109.33141326904297
COP,COP,2024-06-03,116.26000213623047,116.43000030517578,112.95999908447266,113.87000274658203,7129500,106.881591796875
COP,COP,2024-06-04,112.80000305175781,113.0,111.30000305175781,112.2699966430664,7683600,105.3797836303711
COP,COP,2024-06-05,112.05999755859375,112.44999694824219,111.30000305175781,112.2300033569336,5119100,105.34223937988281
COP,COP,2024-06-06,111.7699966430664,112.4000015258789,111.54000091552734,112.19999694824219,5355200,105.31407928466797
COP,COP,2024-06-07,111.97000122070312,112.79000091552734,111.1500015258789,112.0,4375700,105.12635040283203
COP,COP,2024-06-10,112.37999725341797,114.0,111.97000122070312,113.30000305175781,5307300,106.34657287597656
COP,COP,2024-06-11,113.19000244140625,113.6500015258789,112.6500015258789,113.62999725341797,4181900,106.65631866455078
COP,COP,2024-06-12,114.5,114.97000122070312,111.55999755859375,112.19000244140625,8650100,105.30469512939453
COP,COP,2024-06-13,112.0,112.16999816894531,110.08999633789062,110.88999938964844,5939300,104.08448028564453
COP,COP,2024-06-14,111.18000030517578,111.18000030517578,109.12000274658203,109.38999938964844,5690400,102.6765365600586
COP,COP,2024-06-17,108.9000015258789,109.9000015258789,108.4800033569336,109.54000091552734,5754200,102.81732940673828
COP,COP,2024-06-18,110.06999969482422,111.19999694824219,109.01000213623047,109.41000366210938,5690200,102.6953125
COP,COP,2024-06-20,109.5999984741211,111.8499984741211,109.26000213623047,111.33000183105469,5442400,104.49746704101562
COP,COP,2024-06-21,111.83000183105469,112.26000213623047,110.7300033569336,111.33999633789062,27096700,104.50686645507812
COP,COP,2024-06-24,112.25,115.98999786376953,111.91000366210938,115.16999816894531,8802700,108.10181427001953
COP,COP,2024-06-25,114.70999908447266,115.05999755859375,113.66000366210938,114.98999786376953,4956400,107.9328384399414
COP,COP,2024-06-26,115.19999694824219,115.19999694824219,112.76000213623047,113.61000061035156,5366500,106.6375503540039
COP,COP,2024-06-27,114.0,114.33000183105469,113.11000061035156,113.97000122070312,3846500,106.97545623779297
COP,COP,2024-06-28,115.4000015258789,115.56999969482422,113.63999938964844,114.37999725341797,7191800,107.36029052734375
COP,COP,2024-07-01,115.04000091552734,115.45999908447266,113.6500015258789,114.36000061035156,3925100,107.34152221679688
COP,COP,2024-07-02,115.37999725341797,115.61000061035156,113.33000183105469,114.12000274658203,3836700,107.11625671386719
COP,COP,2024-07-03,114.05000305175781,115.66000366210938,113.69999694824219,114.7699966430664,2326200,107.72634887695312
COP,COP,2024-07-05,114.52999877929688,114.72000122070312,112.13999938964844,112.55000305175781,4188300,105.6426010131836
COP,COP,2024-07-08,111.97000122070312,112.63999938964844,111.31999969482422,112.2300033569336,4199600,105.34223937988281
COP,COP,2024-07-09,110.91000366210938,112.63999938964844,110.66000366210938,111.19000244140625,3460400,104.3660659790039
COP,COP,2024-07-10,110.79000091552734,112.62999725341797,110.4800033569336,112.52999877929688,3867700,105.62382507324219
COP,COP,2024-07-11,112.52999877929688,114.37999725341797,111.95999908447266,113.98999786376953,5839100,106.99422454833984
COP,COP,2024-07-12,114.4000015258789,114.5999984741211,112.8499984741211,113.13999938964844,4505900,106.19639587402344
COP,COP,2024-07-15,114.01000213623047,115.19999694824219,113.0199966430664,114.56999969482422,5118100,107.53861999511719
COP,COP,2024-07-16,113.72000122070312,115.41999816894531,113.1500015258789,115.19000244140625,4633700,108.12059020996094
COP,COP,2024-07-17,115.75,117.4000015258789,115.52999877929688,116.08000183105469,6484000,108.95597076416016
COP,COP,2024-07-18,116.30000305175781,118.4000015258789,115.3499984741211,116.61000061035156,5957100,109.45343017578125
COP,COP,2024-07-19,117.16000366210938,117.31999969482422,114.2300033569336,114.3499984741211,7559100,107.33213806152344
COP,COP,2024-07-22,113.5999984741211,113.66999816894531,112.0999984741211,112.31999969482422,5172800,105.42671966552734
COP,COP,2024-07-23,111.8499984741211,112.05000305175781,110.06999969482422,110.83000183105469,5714300,104.02815246582031
COP,COP,2024-07-24,111.72000122070312,112.41999816894531,110.51000213623047,111.0999984741211,4808000,104.28157806396484
COP,COP,2024-07-25,111.0,112.04000091552734,110.44999694824219,111.02999877929688,5492100,104.21589660644531
COP,COP,2024-07-26,111.1500015258789,111.54000091552734,109.93000030517578,110.86000061035156,5198800,104.05631256103516
COP,COP,2024-07-29,111.23999786376953,111.29000091552734,108.37999725341797,109.12000274658203,4629500,102.42311096191406
COP,COP,2024-07-30,109.16999816894531,110.2699966430664,108.94000244140625,109.91000366210938,9794200,103.16462707519531
COP,COP,2024-07-31,111.61000061035156,112.4000015258789,111.0999984741211,111.19999694824219,7554600,104.37545776367188
COP,COP,2024-08-01,112.44999694824219,112.68000030517578,107.91999816894531,108.38999938964844,9704600,101.73790740966797
COP,COP,2024-08-02,107.72000122070312,108.08000183105469,103.9800033569336,105.7699966430664,7445100,99.27870178222656
COP,COP,2024-08-05,104.0,105.30999755859375,102.2699966430664,104.56999969482422,8475000,98.15234375
COP,COP,2024-08-06,104.56999969482422,106.44999694824219,104.11000061035156,105.80000305175781,8424900,99.30686950683594
COP,COP,2024-08-07,107.25,108.44000244140625,106.44000244140625,106.93000030517578,7735400,100.36751556396484
COP,COP,2024-08-08,107.23999786376953,108.63999938964844,106.91999816894531,108.2699966430664,5392900,101.6252670288086
COP,COP,2024-08-09,108.2699966430664,109.0999984741211,107.08999633789062,108.61000061035156,5776200,101.94440460205078
COP,COP,2024-08-12,108.44999694824219,110.2300033569336,108.27999877929688,110.02999877929688,5906900,104.02432250976562
COP,COP,2024-08-13,108.98999786376953,109.37999725341797,107.86000061035156,108.33999633789062,5866800,102.42655944824219
COP,COP,2024-08-14,108.51000213623047,109.83999633789062,108.2300033569336,109.33000183105469,6388000,103.36254119873047
COP,COP,2024-08-15,109.68000030517578,111.37000274658203,109.68000030517578,111.2300033569336,6307000,105.15882110595703
COP,COP,2024-08-16,110.31999969482422,111.37999725341797,109.86000061035156,111.18000030517578,3819100,105.11155700683594
COP,COP,2024-08-19,111.22000122070312,112.75,111.12000274658203,111.73999786376953,4335600,105.64097595214844
COP,COP,2024-08-20,111.56999969482422,111.80999755859375,108.8499984741211,109.8499984741211,6783300,103.85414123535156
COP,COP,2024-08-21,110.80999755859375,111.19000244140625,108.9000015258789,109.62000274658203,4011900,103.6366958618164
COP,COP,2024-08-22,109.5999984741211,110.5199966430664,109.41000366210938,109.97000122070312,3644500,103.96759796142578
COP,COP,2024-08-23,110.83000183105469,111.48999786376953,110.2699966430664,111.4000015258789,4024200,105.31954193115234
COP,COP,2024-08-26,113.0199966430664,115.02999877929688,112.94000244140625,113.55999755859375,6253900,107.36164855957031
COP,COP,2024-08-27,113.66000366210938,113.66000366210938,112.05999755859375,112.43000030517578,3521700,106.29331970214844
COP,COP,2024-08-28,112.04000091552734,112.19999694824219,110.63999938964844,112.1500015258789,4506400,106.02859497070312
COP,COP,2024-08-29,112.9800033569336,115.13999938964844,112.06999969482422,114.37000274658203,5270200,108.12743377685547
COP,COP,2024-08-30,113.12000274658203,114.04000091552734,112.41000366210938,113.79000091552734,5559500,107.57909393310547
COP,COP,2024-09-03,111.9000015258789,111.91000366210938,109.20999908447266,109.8499984741211,6369900,103.85414123535156
COP,COP,2024-09-04,110.33000183105469,111.19000244140625,108.44000244140625,108.55999755859375,6251500,102.63455963134766
COP,COP,2024-09-05,109.22000122070312,109.38999938964844,107.29000091552734,107.44999694824219,5582400,101.58514404296875
COP,COP,2024-09-06,107.7300033569336,108.62000274658203,105.72000122070312,106.0199966430664,5229900,100.23318481445312
COP,COP,2024-09-09,106.05000305175781,106.66999816894531,105.54000091552734,105.5999984741211,6477000,99.83611297607422
COP,COP,2024-09-10,105.55000305175781,105.73999786376953,103.23999786376953,104.0,5611500,98.32345581054688
COP,COP,2024-09-11,103.80000305175781,104.04000091552734,101.30000305175781,102.56999969482422,6803100,96.97150421142578
COP,COP,2024-09-12,102.72000122070312,103.68000030517578,102.1500015258789,102.9000015258789,6775900,97.28350067138672
COP,COP,2024-09-13,103.31999969482422,104.37000274658203,103.05000305175781,103.5,5441600,97.8507308959961
COP,COP,2024-09-16,104.95999908447266,105.69000244140625,104.44999694824219,105.55000305175781,9325300,99.78885650634766
COP,COP,2024-09-17,105.51000213623047,108.5,105.30000305175781,108.29000091552734,8661300,102.3792953491211
COP,COP,2024-09-18,107.5199966430664,109.93000030517578,107.51000213623047,108.62000274658203,7424100,102.69129180908203
COP,COP,2024-09-19,110.5,111.3499984741211,109.37000274658203,110.55000305175781,7990700,104.51594543457031
COP,COP,2024-09-20,111.16000366210938,111.73999786376953,109.7300033569336,109.87000274658203,33515100,103.87305450439453
COP,COP,2024-09-23,110.0999984741211,110.94000244140625,107.48999786376953,109.69000244140625,8197600,103.70288848876953
COP,COP,2024-09-24,111.33999633789062,111.47000122070312,108.77999877929688,108.91000366210938,7787400,102.96546936035156
COP,COP,2024-09-25,108.5,108.81999969482422,105.69000244140625,105.7300033569336,6561400,99.95903015136719
COP,COP,2024-09-26,103.0,104.22000122070312,102.16999816894531,102.30999755859375,9524000,96.72570037841797
COP,COP,2024-09-27,102.62999725341797,104.83999633789062,102.5999984741211,104.72000122070312,5489500,99.00415802001953
COP,COP,2024-09-30,104.4000015258789,105.58000183105469,103.87000274658203,105.27999877929688,6584000,99.53358459472656
COP,COP,2024-10-01,104.54000091552734,109.68000030517578,104.0999984741211,109.37000274658203,8067600,103.40034484863281
COP,COP,2024-10-02,111.27999877929688,111.63999938964844,108.58999633789062,110.36000061035156,7559900,104.33631896972656
COP,COP,2024-10-03,110.69999694824219,112.51000213623047,109.98999786376953,112.41999816894531,7397400,106.28386688232422
COP,COP,2024-10-04,113.56999969482422,114.62999725341797,112.05000305175781,114.54000091552734,7585100,108.28814697265625
COP,COP,2024-10-07,114.94000244140625,116.08000183105469,114.44000244140625,114.72000122070312,4899800,108.45833587646484
COP,COP,2024-10-08,112.73999786376953,112.91999816894531,110.16000366210938,110.80000305175781,5579800,104.75228881835938
COP,COP,2024-10-09,109.91000366210938,111.5199966430664,109.55000305175781,110.97000122070312,4217200,104.91302490234375
COP,COP,2024-10-10,111.63999938964844,112.83000183105469,110.76000213623047,111.86000061035156,3946400,105.75444030761719
COP,COP,2024-10-11,110.75,111.69999694824219,110.2699966430664,110.48999786376953,6820300,104.4592056274414
COP,COP,2024-10-14,109.69999694824219,110.43000030517578,108.9000015258789,109.47000122070312,5174000,103.49488830566406
COP,COP,2024-10-15,106.0,107.12999725341797,105.12000274658203,105.20999908447266,6395700,99.4674072265625
COP,COP,2024-10-16,105.63999938964844,106.0,105.04000091552734,105.16000366210938,4602900,99.4201431274414
COP,COP,2024-10-17,105.31999969482422,106.23999786376953,104.94000244140625,106.1500015258789,5093400,100.35610961914062
COP,COP,2024-10-18,105.93000030517578,106.13999938964844,104.69999694824219,105.66999816894531,4326600,99.90229797363281
COP,COP,2024-10-21,106.6500015258789,106.83999633789062,104.69000244140625,104.98999786376953,4387000,99.25940704345703
COP,COP,2024-10-22,105.77999877929688,105.80999755859375,104.76000213623047,105.0,4710800,99.26886749267578
COP,COP,2024-10-23,104.58999633789062,105.05999755859375,103.66000366210938,104.51000213623047,4541300,98.80561828613281
COP,COP,2024-10-24,105.0,105.16999816894531,103.44999694824219,104.37000274658203,3504600,98.67325592041016
COP,COP,2024-10-25,105.05999755859375,105.43000030517578,104.25,104.55999755859375,3823100,98.85289764404297
COP,COP,2024-10-28,101.80000305175781,103.3499984741211,101.5,103.26000213623047,4438900,97.62384033203125
COP,COP,2024-10-29,102.95999908447266,103.76000213623047,102.16000366210938,102.31999969482422,3809400,96.73516082763672
COP,COP,2024-10-30,102.86000061035156,103.43000030517578,102.37000274658203,102.9800033569336,6413100,97.359130859375
COP,COP,2024-10-31,106.97000122070312,110.6500015258789,106.0,109.54000091552734,11969400,103.56108093261719
COP,COP,2024-11-01,109.51000213623047,110.01000213623047,106.68000030517578,107.83999633789062,7428000,101.953857421875
COP,COP,2024-11-04,109.0,110.06999969482422,108.72000122070312,108.86000061035156,5441700,102.91818237304688
COP,COP,2024-11-05,109.19000244140625,110.0199966430664,108.58000183105469,109.20999908447266,6003100,103.24907684326172
COP,COP,2024-11-06,112.0,114.87000274658203,111.38999938964844,113.62999725341797,7733600,107.42781829833984
COP,COP,2024-11-07,113.91000366210938,113.98999786376953,111.86000061035156,112.4000015258789,5442000,106.26496124267578
COP,COP,2024-11-08,111.0999984741211,112.0,110.55999755859375,111.58999633789062,5314000,106.23640441894531
COP,COP,2024-11-11,111.5199966430664,112.75,110.94999694824219,112.05000305175781,3820200,106.67434692382812
COP,COP,2024-11-12,112.45999908447266,112.83000183105469,110.47000122070312,110.63999938964844,5175700,105.33199310302734
COP,COP,2024-11-13,110.41999816894531,112.45999908447266,109.5,111.81999969482422,5961600,106.45537567138672
COP,COP,2024-11-14,112.58999633789062,113.0199966430664,111.3499984741211,112.91999816894531,4389900,107.5025863647461
COP,COP,2024-11-15,112.68000030517578,114.06999969482422,111.87999725341797,112.31999969482422,4124000,106.93138122558594
COP,COP,2024-11-18,113.38999938964844,114.45999908447266,112.75,113.76000213623047,5089000,108.30229187011719
COP,COP,2024-11-19,112.62000274658203,114.13999938964844,112.25,113.08999633789062,5100000,107.66444396972656
COP,COP,2024-11-20,112.9000015258789,113.98999786376953,112.63999938964844,113.43000030517578,4092700,107.9881362915039
COP,COP,2024-11-21,114.2699966430664,115.37999725341797,111.5,111.9000015258789,12535500,106.53153228759766
COP,COP,2024-11-22,112.16999816894531,112.7300033569336,111.12999725341797,111.75,7516200,106.38873291015625
COP,COP,2024-11-25,111.9000015258789,111.95999908447266,105.54000091552734,106.0999984741211,23447400,101.0097885131836
COP,COP,2024-11-26,106.62000274658203,107.3499984741211,104.9000015258789,106.77999877929688,12073700,101.65716552734375
COP,COP,2024-11-27,107.36000061035156,108.98999786376953,107.11000061035156,107.38999938964844,6237600,102.23790740966797
COP,COP,2024-11-29,107.75,108.5199966430664,107.36000061035156,108.33999633789062,3918700,103.14231872558594
COP,COP,2024-12-02,108.33999633789062,108.73999786376953,105.54000091552734,106.13999938964844,5939700,101.0478744506836
COP,COP,2024-12-03,107.02999877929688,107.66999816894531,105.70999908447266,106.05000305175781,5862600,100.96218872070312
COP,COP,2024-12-04,105.94000244140625,106.11000061035156,102.83000183105469,103.51000213623047,7291000,98.5440444946289
COP,COP,2024-12-05,105.08000183105469,105.87000274658203,104.01000213623047,104.44000244140625,7074700,99.42943572998047
COP,COP,2024-12-06,104.44999694824219,104.58999633789062,102.4000015258789,103.22000122070312,5365600,98.2679672241211
COP,COP,2024-12-09,104.22000122070312,105.05000305175781,102.87999725341797,103.16000366210938,6526500,98.2108383178711
COP,COP,2024-12-10,103.62999725341797,104.13999938964844,102.0999984741211,102.36000061035156,5860800,97.44921875
COP,COP,2024-12-11,102.36000061035156,102.72000122070312,101.69000244140625,102.19000244140625,8195500,97.2873764038086
COP,COP,2024-12-12,102.37999725341797,102.62000274658203,100.87000274658203,100.91000366210938,5908600,96.06878662109375
COP,COP,2024-12-13,101.05000305175781,102.26000213623047,100.58000183105469,101.0199966430664,6887800,96.17350769042969
COP,COP,2024-12-16,101.12999725341797,101.48999786376953,99.43000030517578,99.56999969482422,7441800,94.79307556152344
COP,COP,2024-12-17,98.7699966430664,99.26000213623047,96.75,98.26000213623047,8737800,93.54591369628906
COP,COP,2024-12-18,98.0,98.51000213623047,95.75,95.8499984741211,8466500,91.25154113769531
COP,COP,2024-12-19,96.98999786376953,96.98999786376953,95.0999984741211,95.18000030517578,9951200,90.61368560791016
COP,COP,2024-12-20,94.76000213623047,96.37999725341797,94.2300033569336,95.12000274658203,29542200,90.55656433105469
COP,COP,2024-12-23,95.43000030517578,96.87999725341797,94.58000183105469,96.37999725341797,7892300,91.75611114501953
COP,COP,2024-12-24,96.5,97.19000244140625,95.8499984741211,97.11000061035156,2677400,92.45109558105469
COP,COP,2024-12-26,97.12999725341797,97.1500015258789,96.23999786376953,96.88999938964844,4325600,92.24165344238281
COP,COP,2024-12-27,97.0,97.9800033569336,96.47000122070312,96.91999816894531,5889700,92.27020263671875
COP,COP,2024-12-30,97.25,97.5999984741211,96.13999938964844,97.08999633789062,5238800,92.43204498291016
COP,COP,2024-12-31,97.30000305175781,99.30000305175781,97.0999984741211,99.16999816894531,5556400,94.41226196289062
COP,COP,2025-01-02,100.0,101.27999877929688,99.5199966430664,100.08000183105469,5080600,95.27860260009766
COP,COP,2025-01-03,100.62000274658203,101.4000015258789,100.29000091552734,101.08999633789062,5758200,96.24014282226562
COP,COP,2025-01-06,101.55000305175781,102.1500015258789,99.63999938964844,99.98999786376953,5935500,95.19291687011719
COP,COP,2025-01-07,100.5,102.48999786376953,99.91000366210938,101.66999816894531,5074700,96.79232025146484
COP,COP,2025-01-08,101.0,102.44999694824219,100.75,101.62000274658203,5119900,96.7447280883789
COP,COP,2025-01-10,103.5,104.44000244140625,101.19000244140625,101.91999816894531,7013200,97.03031921386719
COP,COP,2025-01-13,102.0199966430664,105.0999984741211,102.0199966430664,104.2300033569336,7342100,99.22950744628906
COP,COP,2025-01-14,103.37999725341797,104.94999694824219,103.1500015258789,104.87999725341797,4808100,99.84832763671875
COP,COP,2025-01-15,105.0199966430664,105.87000274658203,104.44000244140625,105.4800033569336,4566900,100.4195327758789
COP,COP,2025-01-16,105.19000244140625,106.16999816894531,105.08999633789062,105.61000061035156,5273500,100.54329681396484
COP,COP,2025-01-17,105.80000305175781,106.1500015258789,105.16999816894531,105.8499984741211,8559300,100.77178955078125
COP,COP,2025-01-21,105.0,105.7300033569336,104.04000091552734,104.27999877929688,7144700,99.27710723876953
COP,COP,2025-01-22,104.27999877929688,104.98999786376953,102.91999816894531,103.05999755859375,4839100,98.11563873291016
COP,COP,2025-01-23,104.11000061035156,105.4800033569336,103.62999725341797,103.98999786376953,5734200,99.00102233886719
COP,COP,2025-01-24,104.51000213623047,104.75,101.7300033569336,101.83000183105469,5962100,96.94464874267578
COP,COP,2025-01-27,102.45999908447266,103.70999908447266,101.4000015258789,102.69000244140625,6831000,97.76338195800781
COP,COP,2025-01-28,102.88999938964844,103.33000183105469,100.73999786376953,101.37999725341797,4742100,96.51622772216797
COP,COP,2025-01-29,101.1500015258789,101.9000015258789,100.3499984741211,101.55999755859375,4130600,96.68760681152344
COP,COP,2025-01-30,102.0,102.2699966430664,100.94000244140625,101.45999908447266,4046900,96.59239196777344
COP,COP,2025-01-31,101.33000183105469,101.33999633789062,98.55999755859375,98.83000183105469,6264900,94.08857727050781
COP,COP,2025-02-03,98.75,98.94000244140625,97.04000091552734,98.4800033569336,5948600,93.75536346435547
COP,COP,2025-02-04,97.69999694824219,100.80000305175781,97.52999877929688,100.58000183105469,5310900,95.7546157836914
COP,COP,2025-02-05,100.52999877929688,100.87999725341797,99.4000015258789,100.20999908447266,6961100,95.40235900878906
COP,COP,2025-02-06,98.88999938964844,101.0999984741211,98.5999984741211,99.94000244140625,8543400,95.14531707763672
COP,COP,2025-02-07,100.05999755859375,100.44999694824219,98.2699966430664,98.36000061035156,12121700,93.64112854003906
COP,COP,2025-02-10,99.61000061035156,99.61000061035156,97.81999969482422,99.4800033569336,10338500,94.70738983154297
COP,COP,2025-02-11,99.52999877929688,102.61000061035156,99.19999694824219,101.70999908447266,8063700,96.83040618896484
COP,COP,2025-02-12,101.0,101.70999908447266,98.33000183105469,98.4000015258789,7585800,93.67919921875
COP,COP,2025-02-13,97.81999969482422,98.01000213623047,96.41000366210938,96.9000015258789,9329100,92.25117492675781
COP,COP,2025-02-14,96.91000366210938,98.45999908447266,96.23999786376953,96.26000213623047,7960800,92.38553619384766
COP,COP,2025-02-18,96.23999786376953,97.62999725341797,95.29000091552734,97.44999694824219,11777700,93.52764129638672
COP,COP,2025-02-19,98.3499984741211,100.29000091552734,98.16000366210938,99.56999969482422,7515100,95.56230163574219
COP,COP,2025-02-20,99.75,102.08999633789062,99.19999694824219,102.0,6309200,97.8945083618164
COP,COP,2025-02-21,101.05000305175781,101.56999969482422,97.79000091552734,97.94000244140625,8562200,93.99791717529297
COP,COP,2025-02-24,98.05999755859375,99.3499984741211,97.88999938964844,98.81999969482422,6277700,94.84248352050781
COP,COP,2025-02-25,99.27999877929688,99.76000213623047,96.87999725341797,97.08000183105469,5822000,93.17253112792969
COP,COP,2025-02-26,97.30000305175781,97.4000015258789,95.2300033569336,96.12999725341797,6292400,92.2607650756836
COP,COP,2025-02-27,97.19999694824219,98.98999786376953,96.30999755859375,97.37000274658203,6306300,93.45085144042969
COP,COP,2025-02-28,97.12999725341797,99.19000244140625,96.08999633789062,99.1500015258789,9002600,95.15921020507812
COP,COP,2025-03-03,99.75,99.76000213623047,91.55999755859375,92.62999725341797,12640200,88.9016342163086
COP,COP,2025-03-04,91.05999755859375,92.11000061035156,88.47000122070312,90.63999938964844,14000500,86.99173736572266
COP,COP,2025-03-05,88.83000183105469,89.4000015258789,86.80999755859375,88.87999725341797,12081100,85.30257415771484
COP,COP,2025-03-06,88.80000305175781,89.63999938964844,87.91999816894531,88.5999984741211,8679000,85.03384399414062
COP,COP,2025-03-07,89.38999938964844,91.06999969482422,89.38999938964844,90.62999725341797,8603700,86.98213958740234
COP,COP,2025-03-10,91.44999694824219,94.02999877929688,90.6500015258789,92.9000015258789,12086700,89.16077423095703
COP,COP,2025-03-11,92.9000015258789,96.13999938964844,92.9000015258789,95.41000366210938,14544100,91.56974792480469
COP,COP,2025-03-12,95.18000030517578,97.79000091552734,95.01000213623047,97.75,10147300,93.81555938720703
COP,COP,2025-03-13,97.0,99.37000274658203,96.13999938964844,96.19000244140625,11354700,92.31834411621094
COP,COP,2025-03-14,96.94000244140625,99.63999938964844,96.22000122070312,98.94999694824219,7625800,94.96725463867188
COP,COP,2025-03-17,99.25,100.5199966430664,99.0199966430664,99.36000061035156,8031100,95.36076354980469
COP,COP,2025-03-18,100.45999908447266,100.93000030517578,98.7300033569336,100.52999877929688,7861500,96.48367309570312
COP,COP,2025-03-19,100.5,102.66000366210938,100.2699966430664,101.33000183105469,8784600,97.25146484375
COP,COP,2025-03-20,101.1500015258789,102.62999725341797,100.83999633789062,102.30999755859375,11577800,98.19202423095703
COP,COP,2025-03-21,102.41000366210938,102.95999908447266,101.33999633789062,101.91999816894531,55090400,97.81771087646484
COP,COP,2025-03-24,102.02999877929688,102.93000030517578,101.56999969482422,102.19000244140625,6768300,98.07685089111328
COP,COP,2025-03-25,102.58000183105469,103.3499984741211,101.41999816894531,102.55000305175781,6556500,98.42236328125
COP,COP,2025-03-26,103.6500015258789,104.87000274658203,102.61000061035156,103.19999694824219,7168400,99.04619598388672
COP,COP,2025-03-27,102.9000015258789,103.83999633789062,102.2300033569336,102.81999969482422,4712000,98.6814956665039
COP,COP,2025-03-28,102.44000244140625,103.26000213623047,101.61000061035156,102.37000274658203,3745400,98.2496109008789
COP,COP,2025-03-31,102.22000122070312,105.45999908447266,102.01000213623047,105.0199966430664,7905800,100.79293823242188
COP,COP,2025-04-01,104.91000366210938,105.70999908447266,104.0199966430664,105.38999938964844,6809500,101.14805603027344
COP,COP,2025-04-02,104.4000015258789,106.19999694824219,104.23999786376953,106.0999984741211,6527500,101.82947540283203
COP,COP,2025-04-03,100.33000183105469,101.44000244140625,95.12000274658203,95.25,13870900,91.41619110107422
COP,COP,2025-04-04,92.0999984741211,92.6500015258789,85.55000305175781,86.29000091552734,15158400,82.81681823730469
COP,COP,2025-04-07,84.01000213623047,89.41999816894531,81.72000122070312,85.66999816894531,12870200,82.2217788696289
COP,COP,2025-04-08,87.1500015258789,88.27999877929688,81.2699966430664,82.66000366210938,11509800,79.33293151855469
COP,COP,2025-04-09,81.11000061035156,92.47000122070312,79.87999725341797,91.51000213623047,17841900,87.82672119140625
COP,COP,2025-04-10,88.5,88.6500015258789,80.80000305175781,83.29000091552734,15621900,79.93758392333984
COP,COP,2025-04-11,83.30000305175781,86.9800033569336,82.45999908447266,86.38999938964844,9233400,82.91279602050781
COP,COP,2025-04-14,88.5999984741211,88.62000274658203,85.58999633789062,86.44999694824219,6537200,82.97038269042969
COP,COP,2025-04-15,86.5999984741211,87.70999908447266,85.47000122070312,85.72000122070312,5739600,82.26976776123047
COP,COP,2025-04-16,86.37999725341797,88.36000061035156,86.01000213623047,86.36000061035156,6093300,82.8840103149414
COP,COP,2025-04-17,87.80999755859375,90.4800033569336,87.69000244140625,88.9800033569336,7804400,85.39856719970703
COP,COP,2025-04-21,87.26000213623047,87.86000061035156,86.33000183105469,87.55000305175781,6213500,84.02610778808594
COP,COP,2025-04-22,88.88999938964844,90.47000122070312,87.81999969482422,89.76000213623047,5556800,86.14715576171875
COP,COP,2025-04-23,90.77999877929688,91.66999816894531,89.08000183105469,89.93000030517578,7699600,86.31031036376953
COP,COP,2025-04-24,90.75,92.20999908447266,90.13999938964844,91.80000305175781,6520300,88.10504913330078
COP,COP,2025-04-25,90.6500015258789,92.01000213623047,90.61000061035156,91.72000122070312,4736600,88.02825927734375
COP,COP,2025-04-28,91.62000274658203,93.33999633789062,91.62000274658203,92.93000030517578,4667600,89.18955993652344
COP,COP,2025-04-29,91.0,92.61000061035156,90.38999938964844,91.87999725341797,4828800,88.18182373046875
COP,COP,2025-04-30,90.7300033569336,90.75,88.06999969482422,89.12000274658203,8415300,85.53292846679688
COP,COP,2025-05-01,88.43000030517578,91.37999725341797,88.25,90.6500015258789,8027600,87.00133514404297
COP,COP,2025-05-02,91.76000213623047,92.44000244140625,89.69999694824219,91.41000366210938,6895400,87.73075103759766
COP,COP,2025-05-05,89.80999755859375,89.80999755859375,87.55000305175781,87.61000061035156,9275000,84.08368682861328
COP,COP,2025-05-06,88.5199966430664,89.56999969482422,87.58000183105469,87.62999725341797,8902400,84.1028823852539
COP,COP,2025-05-07,88.19999694824219,88.31999969482422,86.87999725341797,87.70999908447266,9200900,84.17967224121094
COP,COP,2025-05-08,89.36000061035156,92.26000213623047,88.69000244140625,88.81999969482422,15884200,85.24498748779297
COP,COP,2025-05-09,90.88999938964844,91.06999969482422,88.30000305175781,88.58999633789062,7569300,85.02424621582031
COP,COP,2025-05-12,93.38999938964844,94.22000122070312,92.08999633789062,92.2699966430664,8799600,88.5561294555664
COP,COP,2025-05-13,92.7300033569336,95.08000183105469,92.29000091552734,94.16999816894531,8293600,90.37965393066406
COP,COP,2025-05-14,93.01000213623047,93.81999969482422,92.37000274658203,92.56999969482422,7605200,88.84405517578125
COP,COP,2025-05-15,90.91000366210938,93.08000183105469,90.7300033569336,92.95999908447266,6696200,89.2183609008789
COP,COP,2025-05-16,93.56999969482422,93.62000274658203,91.51000213623047,92.43000030517578,6696200,88.70968627929688
COP,COP,2025-05-19,91.75,91.9000015258789,90.0,90.41000366210938,7190100,87.50946807861328
COP,COP,2025-05-20,90.16000366210938,90.43000030517578,89.22000122070312,89.69000244140625,5313200,86.81257629394531
COP,COP,2025-05-21,89.55999755859375,89.55999755859375,87.04000091552734,87.1500015258789,8639100,84.35406494140625
COP,COP,2025-05-22,86.37999725341797,86.56999969482422,84.86000061035156,86.12999725341797,6587200,83.36677551269531
COP,COP,2025-05-23,85.04000091552734,85.72000122070312,84.7699966430664,85.19000244140625,6789600,82.45693969726562
COP,COP,2025-05-27,85.6500015258789,85.79000091552734,84.55999755859375,85.55000305175781,7227100,82.8053970336914
COP,COP,2025-05-28,86.5199966430664,86.61000061035156,84.27999877929688,84.58000183105469,6793000,81.86650848388672
COP,COP,2025-05-29,84.80000305175781,85.61000061035156,84.33999633789062,85.5999984741211,6999800,82.8537826538086
COP,COP,2025-05-30,84.94999694824219,86.05000305175781,84.54000091552734,85.3499984741211,20170600,82.61180877685547
COP,COP,2025-06-02,87.05000305175781,87.55999755859375,85.86000061035156,86.72000122070312,8634400,83.93785095214844
COP,COP,2025-06-03,86.66000366210938,88.5999984741211,85.37999725341797,87.91000366210938,5642900,85.08967590332031
COP,COP,2025-06-04,87.94999694824219,88.87000274658203,85.80000305175781,85.94999694824219,7268000,83.19255828857422
COP,COP,2025-06-05,86.83999633789062,86.83999633789062,85.2300033569336,85.3499984741211,5110200,82.61180877685547
COP,COP,2025-06-06,86.75,87.79000091552734,86.7300033569336,87.22000122070312,6042100,84.42181396484375
COP,COP,2025-06-09,87.80000305175781,88.80999755859375,87.0199966430664,88.04000091552734,6212600,85.21550750732422
COP,COP,2025-06-10,89.33000183105469,91.69000244140625,89.08000183105469,91.18000030517578,9687600,88.25476837158203
COP,COP,2025-06-11,91.81999969482422,93.81999969482422,91.13999938964844,93.3499984741211,8738500,90.35515594482422
COP,COP,2025-06-12,92.69999694824219,94.76000213623047,92.12999725341797,94.69000244140625,7862300,91.65216064453125
COP,COP,2025-06-13,96.52999877929688,98.25,95.45999908447266,96.95999908447266,16849700,93.84933471679688
COP,COP,2025-06-16,96.12000274658203,96.91999816894531,94.01000213623047,95.0,10330400,91.95222473144531
COP,COP,2025-06-17,95.93000030517578,96.75,94.83000183105469,95.5,9468100,92.4361801147461
COP,COP,2025-06-18,95.5199966430664,96.1500015258789,93.30999755859375,93.80000305175781,9116000,90.79071807861328
COP,COP,2025-06-20,94.3499984741211,95.18000030517578,93.69000244140625,94.69000244140625,16026400,91.65216064453125
COP,COP,2025-06-23,96.25,96.30999755859375,91.1500015258789,91.70999908447266,9749700,88.76777648925781
COP,COP,2025-06-24,90.23999786376953,91.6500015258789,89.04000091552734,89.38999938964844,11016200,86.52220153808594
COP,COP,2025-06-25,89.30999755859375,90.0199966430664,88.80000305175781,89.0,8380800,86.14470672607422
COP,COP,2025-06-26,89.27999877929688,90.91000366210938,89.20999908447266,90.88999938964844,6545000,87.97407531738281
COP,COP,2025-06-27,90.9000015258789,90.94999694824219,89.80000305175781,90.16999816894531,7555700,87.27717590332031
COP,COP,2025-06-30,89.51000213623047,90.19000244140625,89.0999984741211,89.73999786376953,6518900,86.86096954345703
COP,COP,2025-07-01,89.86000061035156,92.33000183105469,89.19999694824219,91.98999786376953,11895200,89.03878784179688
COP,COP,2025-07-02,93.12000274658203,94.4800033569336,91.91000366210938,94.44000244140625,9436000,91.4101791381836
COP,COP,2025-07-03,93.94999694824219,94.7699966430664,93.55000305175781,93.68000030517578,4331500,90.67456817626953
COP,COP,2025-07-07,93.3499984741211,93.72000122070312,91.23999786376953,92.55000305175781,6287100,89.58081817626953
COP,COP,2025-07-08,92.55000305175781,96.91999816894531,92.5199966430664,95.79000091552734,12934700,92.71687316894531
COP,COP,2025-07-09,95.22000122070312,95.79000091552734,94.4000015258789,94.52999877929688,5351500,91.4972915649414
COP,COP,2025-07-10,94.0999984741211,95.54000091552734,93.19999694824219,95.37000274658203,4065100,92.31034851074219
COP,COP,2025-07-11,94.69999694824219,96.19000244140625,94.66000366210938,95.61000061035156,4903400,92.54264831542969
COP,COP,2025-07-14,94.95999908447266,95.66000366210938,93.80999755859375,94.16999816894531,5504200,91.14884185791016
COP,COP,2025-07-15,94.2699966430664,94.55999755859375,92.47000122070312,92.55000305175781,4152400,89.58081817626953
COP,COP,2025-07-16,92.41000366210938,93.0,91.0999984741211,91.51000213623047,3773700,88.57418823242188
COP,COP,2025-07-17,91.0999984741211,92.97000122070312,90.7699966430664,92.80999755859375,4899400,89.83247375488281
COP,COP,2025-07-18,93.37000274658203,93.75,90.91999816894531,91.63999938964844,7968000,88.70001220703125
COP,COP,2025-07-21,91.73999786376953,92.1500015258789,90.9000015258789,91.0,4436500,88.08053588867188
COP,COP,2025-07-22,91.25,93.30000305175781,91.1500015258789,92.9800033569336,5545500,89.99702453613281
COP,COP,2025-07-23,93.54000091552734,95.27999877929688,93.1500015258789,95.04000091552734,6921500,91.99093627929688
COP,COP,2025-07-24,94.4000015258789,95.79000091552734,94.30000305175781,95.62000274658203,5047900,92.55232238769531
COP,COP,2025-07-25,95.69999694824219,96.01000213623047,94.73999786376953,94.94999694824219,4501800,91.90382385253906
COP,COP,2025-07-28,95.69000244140625,97.31999969482422,95.69000244140625,97.0199966430664,4632400,93.90740203857422
COP,COP,2025-07-29,97.30999755859375,98.06999969482422,96.6500015258789,97.98999786376953,5157700,94.8462905883789
COP,COP,2025-07-30,97.38999938964844,97.44999694824219,95.87000274658203,96.66999816894531,6607600,93.56863403320312
COP,COP,2025-07-31,95.26000213623047,96.94999694824219,95.0999984741211,95.33999633789062,5648100,92.28130340576172
COP,COP,2025-08-01,94.94000244140625,95.48999786376953,92.37999725341797,92.76000213623047,6349200,89.78408813476562
COP,COP,2025-08-04,92.25,93.87000274658203,92.0999984741211,92.8499984741211,9384500,89.8711929321289
COP,COP,2025-08-05,93.1500015258789,93.51000213623047,91.95999908447266,93.19999694824219,7716200,90.2099609375
COP,COP,2025-08-06,94.58999633789062,95.69999694824219,92.58000183105469,93.11000061035156,7078500,90.12286376953125
COP,COP,2025-08-07,92.04000091552734,95.13999938964844,91.18000030517578,92.5999984741211,10307300,89.62921142578125
COP,COP,2025-08-08,93.55999755859375,94.93000030517578,91.69999694824219,93.91000366210938,8765300,90.89718627929688
COP,COP,2025-08-11,94.61000061035156,95.5,92.87000274658203,93.52999877929688,6491400,90.52937316894531
COP,COP,2025-08-12,94.38999938964844,96.77999877929688,93.52999877929688,94.58999633789062,7524800,91.55536651611328
COP,COP,2025-08-13,94.4000015258789,95.87999725341797,94.26000213623047,95.87999725341797,7263300,92.80398559570312
COP,COP,2025-08-14,95.5999984741211,95.77999877929688,94.29000091552734,95.6500015258789,10057700,92.58136749267578
COP,COP,2025-08-15,95.44999694824219,96.43000030517578,94.7300033569336,95.33000183105469,6564700,92.27163696289062
COP,COP,2025-08-18,94.45999908447266,94.5999984741211,93.33999633789062,94.0,4849500,91.7348861694336
COP,COP,2025-08-19,93.54000091552734,94.55999755859375,93.19000244140625,93.76000213623047,5412100,91.50067138671875
COP,COP,2025-08-20,94.0,95.19999694824219,93.94999694824219,94.88999938964844,6133300,92.60343170166016
COP,COP,2025-08-21,94.76000213623047,95.37000274658203,93.80999755859375,94.77999877929688,5342100,92.49608612060547
COP,COP,2025-08-22,95.2300033569336,97.4000015258789,95.18000030517578,96.77999877929688,6338400,94.44789123535156
COP,COP,2025-08-25,96.79000091552734,98.22000122070312,96.19999694824219,98.18000030517578,6850800,95.81415557861328
COP,COP,2025-08-26,97.58999633789062,98.0,96.37999725341797,97.05000305175781,7052100,94.71139526367188
COP,COP,2025-08-27,97.0999984741211,98.62999725341797,96.7699966430664,97.9000015258789,5759500,95.54090118408203
COP,COP,2025-08-28,98.06999969482422,98.66000366210938,96.83000183105469,98.44999694824219,4241000,96.07765197753906
COP,COP,2025-08-29,98.29000091552734,99.31999969482422,98.05999755859375,98.97000122070312,4594300,96.58512115478516
COP,COP,2025-09-02,99.0999984741211,99.6500015258789,97.79000091552734,98.98999786376953,5192300,96.6046371459961
COP,COP,2025-09-03,97.62999725341797,98.27999877929688,94.33999633789062,94.6500015258789,9793500,92.36922454833984
COP,COP,2025-09-04,94.55000305175781,96.16999816894531,93.9800033569336,95.7699966430664,5612700,93.46222686767578
COP,COP,2025-09-05,94.12999725341797,94.87000274658203,92.12999725341797,92.94999694824219,8510300,90.71018981933594
COP,COP,2025-09-08,93.02999877929688,93.2300033569336,90.51000213623047,91.4000015258789,9750600,89.1975326538086
COP,COP,2025-09-09,92.30999755859375,93.66000366210938,91.44999694824219,91.86000061035156,5838300,89.64645385742188
COP,COP,2025-09-10,91.86000061035156,94.33000183105469,91.69000244140625,94.31999969482422,4353800,92.04717254638672
COP,COP,2025-09-11,92.83000183105469,94.16000366210938,92.68000030517578,94.12999725341797,4721000,91.86174774169922
COP,COP,2025-09-12,94.76000213623047,95.06999969482422,92.41999816894531,92.43000030517578,5170400,90.20272064208984
COP,COP,2025-09-15,92.69999694824219,93.05000305175781,91.69000244140625,92.33000183105469,4932100,90.1051254272461
COP,COP,2025-09-16,93.08000183105469,95.0999984741211,92.6500015258789,94.54000091552734,7860400,92.26187133789062
COP,COP,2025-09-17,94.0199966430664,95.19999694824219,93.13999938964844,93.81999969482422,7072700,91.5592269897461
COP,COP,2025-09-18,93.5999984741211,94.4000015258789,92.91000366210938,93.4800033569336,4416600,91.2274169921875
COP,COP,2025-09-19,93.79000091552734,93.83000183105469,91.37000274658203,91.91999816894531,15284100,89.70500183105469
COP,COP,2025-09-22,91.5,92.83000183105469,91.08000183105469,92.01000213623047,5798800,89.79283905029297
COP,COP,2025-09-23,92.5999984741211,95.52999877929688,92.5999984741211,93.47000122070312,8241900,91.2176513671875
COP,COP,2025-09-24,94.48999786376953,96.6500015258789,94.0,95.62999725341797,7935600,93.32559967041016
COP,COP,2025-09-25,95.19999694824219,97.06999969482422,95.19999694824219,96.80999755859375,8076300,94.4771728515625
COP,COP,2025-09-26,97.05999755859375,99.6500015258789,96.86000061035156,98.4800033569336,6812900,96.10693359375
COP,COP,2025-09-29,97.19999694824219,97.38999938964844,94.66000366210938,95.8499984741211,8700500,93.54029846191406
COP,COP,2025-09-30,94.61000061035156,95.06999969482422,93.55000305175781,94.58999633789062,7318300,92.3106689453125
COP,COP,2025-10-01,94.2699966430664,95.94000244140625,93.83000183105469,95.45999908447266,4794600,93.15970611572266
COP,COP,2025-10-02,95.0,96.13999938964844,93.12999725341797,93.37999725341797,5428600,91.12982177734375
COP,COP,2025-10-03,93.66000366210938,94.70999908447266,93.4800033569336,94.16000366210938,4321600,91.89102935791016
COP,COP,2025-10-06,94.77999877929688,95.41999816894531,94.33999633789062,94.91000366210938,3454100,92.62295532226562
COP,COP,2025-10-07,94.44999694824219,95.27999877929688,92.62999725341797,95.2300033569336,4071900,92.93524932861328
COP,COP,2025-10-08,95.19000244140625,95.20999908447266,93.29000091552734,93.75,5289400,91.49090576171875
COP,COP,2025-10-09,94.30999755859375,95.0199966430664,91.81999969482422,91.94999694824219,6940000,89.73428344726562
COP,COP,2025-10-10,90.91999816894531,91.0,87.63999938964844,87.63999938964844,7892400,85.52813720703125
COP,COP,2025-10-13,88.36000061035156,88.9800033569336,87.58000183105469,88.77999877929688,5887300,86.64067077636719
COP,COP,2025-10-14,86.9000015258789,88.88999938964844,86.75,88.16999816894531,6003900,86.04537200927734
COP,COP,2025-10-15,88.93000030517578,88.98999786376953,86.58999633789062,87.73999786376953,6036100,85.62572479248047
COP,COP,2025-10-16,87.62000274658203,88.43000030517578,85.5999984741211,86.91000366210938,7816600,84.81573486328125
COP,COP,2025-10-17,86.93000030517578,87.48999786376953,86.12999725341797,86.4800033569336,5774600,84.3960952758789
COP,COP,2025-10-20,86.69999694824219,87.25,86.19999694824219,87.05999755859375,4636400,84.96211242675781
COP,COP,2025-10-21,87.25,87.68000030517578,86.23999786376953,86.41000366210938,5895500,84.32778930664062
COP,COP,2025-10-22,87.2699966430664,87.76000213623047,86.5199966430664,87.41000366210938,8307800,85.3036880493164
COP,COP,2025-10-23,89.70999908447266,90.98999786376953,89.1500015258789,90.08000183105469,7866300,87.90933990478516
COP,COP,2025-10-24,90.48999786376953,90.5999984741211,87.93000030517578,88.02999877929688,7886600,85.90874481201172
COP,COP,2025-10-27,88.69999694824219,89.38999938964844,88.30999755859375,88.69000244140625,5716000,86.55284118652344
COP,COP,2025-10-28,88.30000305175781,88.36000061035156,86.69000244140625,86.79000091552734,5234800,84.69861602783203
COP,COP,2025-10-29,86.8499984741211,88.41000366210938,86.73999786376953,88.08000183105469,5476300,85.9575424194336
COP,COP,2025-10-30,87.93000030517578,89.25,87.29000091552734,88.13999938964844,6114200,86.0160903930664
COP,COP,2025-10-31,87.91000366210938,89.61000061035156,87.52999877929688,88.86000061035156,5635800,86.71874237060547
COP,COP,2025-11-03,88.69999694824219,88.83000183105469,87.38999938964844,88.56999969482422,5310100,86.43572998046875
COP,COP,2025-11-04,87.37000274658203,88.06999969482422,87.01000213623047,87.91000366210938,5740400,85.79164123535156
COP,COP,2025-11-05,87.61000061035156,88.70999908447266,87.55999755859375,87.69999694824219,6384600,85.58668518066406
COP,COP,2025-11-06,87.0,88.36000061035156,85.56999969482422,85.66000366210938,13101800,83.59585571289062
COP,COP,2025-11-07,86.0999984741211,87.37999725341797,85.58999633789062,86.83000183105469,7567400,84.73765563964844
COP,COP,2025-11-10,87.33000183105469,88.55000305175781,86.4000015258789,88.2300033569336,6071400,86.10393524169922
COP,COP,2025-11-11,89.12000274658203,91.38999938964844,88.80000305175781,90.69000244140625,6561600,88.50464630126953
COP,COP,2025-11-12,89.33000183105469,90.26000213623047,88.94000244140625,89.06999969482422,6941500,86.9236831665039
COP,COP,2025-11-13,89.54000091552734,90.66000366210938,88.63999938964844,89.41999816894531,8207700,87.26524353027344
COP,COP,2025-11-14,90.23999786376953,91.81999969482422,88.66999816894531,91.37000274658203,7628400,89.16826629638672
COP,COP,2025-11-17,90.52999877929688,90.72000122070312,88.0999984741211,88.72000122070312,8610800,87.38548278808594
COP,COP,2025-11-18,88.4000015258789,90.3499984741211,88.0999984741211,89.68000030517578,6876800,88.33103942871094
COP,COP,2025-11-19,88.0,88.5,87.04000091552734,87.9800033569336,5092900,86.6566162109375
COP,COP,2025-11-20,88.48999786376953,90.58999633789062,87.44000244140625,87.47000122070312,4911200,86.15428161621094
COP,COP,2025-11-21,87.4000015258789,88.48999786376953,86.54000091552734,87.37000274658203,7046600,86.0557861328125
COP,COP,2025-11-24,87.0999984741211,88.12999725341797,86.31999969482422,87.55999755859375,7143900,86.24292755126953
COP,COP,2025-11-25,86.66000366210938,86.9800033569336,85.69999694824219,86.62000274658203,6926400,85.31707000732422
COP,COP,2025-11-26,86.44999694824219,87.63999938964844,86.4000015258789,87.08999633789062,5066000,85.77999877929688
COP,COP,2025-11-28,87.08999633789062,89.38999938964844,86.87999725341797,88.69000244140625,3304700,87.3559341430664
COP,COP,2025-12-01,89.12999725341797,91.18000030517578,88.77999877929688,90.26000213623047,8525400,88.9023208618164
COP,COP,2025-12-02,90.08000183105469,90.4000015258789,88.58000183105469,89.29000091552734,5135000,87.94690704345703
COP,COP,2025-12-03,90.0199966430664,91.83999633789062,89.97000122070312,91.80999755859375,5647600,90.42900085449219
COP,COP,2025-12-04,91.63999938964844,93.19999694824219,91.63999938964844,93.12000274658203,7312400,91.71929931640625
COP,COP,2025-12-05,92.2699966430664,95.06999969482422,92.08000183105469,93.69000244140625,9873600,92.28073120117188
COP,COP,2025-12-08,92.52999877929688,94.23999786376953,92.26000213623047,92.87999725341797,7974900,91.48290252685547
COP,COP,2025-12-09,92.62999725341797,93.62999725341797,92.18000030517578,93.43000030517578,6177200,92.0246353149414
COP,COP,2025-12-10,93.7300033569336,97.41000366210938,93.55999755859375,96.80000305175781,10640100,95.34394836425781
COP,COP,2025-12-11,96.16000366210938,97.70999908447266,95.91000366210938,96.70999908447266,8225500,95.25529479980469
COP,COP,2025-12-12,97.44000244140625,97.66000366210938,95.23999786376953,95.54000091552734,5731300,94.10289764404297
COP,COP,2025-12-15,95.54000091552734,95.5999984741211,93.30999755859375,94.36000061035156,8942100,92.94064331054688
COP,COP,2025-12-16,93.33000183105469,93.41000366210938,90.76000213623047,90.7699966430664,9060400,89.4046401977539
COP,COP,2025-12-17,91.93000030517578,95.12000274658203,91.80999755859375,94.95999908447266,9661000,93.5316162109375
COP,COP,2025-12-18,94.25,94.48999786376953,92.16000366210938,92.2300033569336,7336900,90.84268951416016
COP,COP,2025-12-19,92.44999694824219,93.4000015258789,91.5999984741211,91.94000244140625,14612600,90.55705261230469
COP,COP,2025-12-22,93.11000061035156,94.52999877929688,92.56999969482422,93.30999755859375,4850700,91.90643310546875
COP,COP,2025-12-23,93.3499984741211,93.77999877929688,92.44000244140625,92.7300033569336,5671100,91.33516693115234
COP,COP,2025-12-24,92.75,93.16000366210938,91.69000244140625,91.80000305175781,3079200,90.41915130615234
COP,COP,2025-12-26,91.91000366210938,92.4800033569336,90.75,91.54000091552734,4575600,90.16307067871094
COP,COP,2025-12-29,92.0,92.7300033569336,91.69999694824219,92.62999725341797,5256400,91.23666381835938
COP,COP,2025-12-30,93.3499984741211,94.30999755859375,93.11000061035156,94.0999984741211,4553600,92.68455505371094
COP,COP,2025-12-31,94.44999694824219,94.58999633789062,93.41999816894531,93.61000061035156,3551700,92.20193481445312
COP,COP,2026-01-02,93.61000061035156,96.94000244140625,93.12999725341797,96.69999694824219,7005600,95.24544525146484
COP,COP,2026-01-05,101.19999694824219,102.9800033569336,97.11000061035156,99.19999694824219,15706500,97.70783996582031
COP,COP,2026-01-06,100.19999694824219,100.30999755859375,96.9800033569336,97.11000061035156,9026900,95.64928436279297
COP,COP,2026-01-07,97.19000244140625,97.23999786376953,93.91000366210938,93.94000244140625,7988400,92.52696990966797
COP,COP,2026-01-08,94.4000015258789,99.86000061035156,94.33000183105469,98.72000122070312,9605200,97.23506164550781
COP,COP,2026-01-09,99.13999938964844,100.30000305175781,97.27999877929688,97.51000213623047,8940700,96.04326629638672
COP,COP,2026-01-12,98.61000061035156,98.7300033569336,94.68000030517578,95.5,10232900,94.0634994506836
COP,COP,2026-01-13,97.0,97.75,95.9000015258789,96.45999908447266,7868300,95.0090560913086
COP,COP,2026-01-14,96.5999984741211,101.91999816894531,96.5999984741211,100.33999633789062,13563700,98.83069610595703
COP,COP,2026-01-15,98.98999786376953,100.5199966430664,98.16000366210938,98.93000030517578,7461400,97.44190216064453
COP,COP,2026-01-16,97.5,98.94999694824219,97.12999725341797,98.19000244140625,8939200,96.7130355834961
COP,COP,2026-01-20,97.5999984741211,98.66999816894531,94.9800033569336,95.5199966430664,10796700,94.08319091796875
COP,COP,2026-01-21,97.04000091552734,97.91999816894531,96.37999725341797,97.1500015258789,10599100,95.68868255615234
COP,COP,2026-01-22,97.01000213623047,97.01000213623047,95.97000122070312,96.87999725341797,7771200,95.42273712158203
COP,COP,2026-01-23,98.37999725341797,99.41000366210938,97.69000244140625,98.3499984741211,6972800,96.8706283569336
COP,COP,2026-01-26,99.55000305175781,99.69000244140625,97.7699966430664,98.44999694824219,7278200,96.96912384033203
COP,COP,2026-01-27,98.75,99.93000030517578,98.29000091552734,99.87000274658203,7276900,98.3677749633789
COP,COP,2026-01-28,100.43000030517578,101.5199966430664,99.83999633789062,101.38999938964844,6817400,99.86489868164062
COP,COP,2026-01-29,104.30000305175781,105.72000122070312,102.69000244140625,102.80000305175781,14466900,101.25369262695312
COP,COP,2026-01-30,102.30999755859375,104.2699966430664,101.7300033569336,104.2300033569336,9169000,102.66218566894531
COP,COP,2026-02-02,101.51000213623047,103.05999755859375,100.5,101.79000091552734,7514000,100.25888061523438
COP,COP,2026-02-03,102.41999816894531,105.2300033569336,101.75,104.91000366210938,9346600,103.33195495605469
COP,COP,2026-02-04,105.47000122070312,108.33999633789062,105.45999908447266,107.58999633789062,10367100,105.97164154052734
COP,COP,2026-02-05,106.94999694824219,108.44000244140625,103.1500015258789,104.9800033569336,10441000,103.4009017944336
COP,COP,2026-02-06,105.25,108.12999725341797,105.12000274658203,107.62000274658203,6756100,106.00119018554688
COP,COP,2026-02-09,107.5999984741211,108.88999938964844,107.05999755859375,108.69999694824219,6337800,107.06494140625
COP,COP,2026-02-10,108.55000305175781,108.68000030517578,107.11000061035156,107.5,5255300,105.88299560546875
COP,COP,2026-02-11,108.5,111.44000244140625,108.43000030517578,111.20999908447266,8984700,109.53719329833984
COP,COP,2026-02-12,111.20999908447266,111.9800033569336,108.69999694824219,110.83000183105469,12517700,109.16290283203125
COP,COP,2026-02-13,110.38999938964844,112.06999969482422,110.38999938964844,111.43000030517578,6836400,109.75387573242188
COP,COP,2026-02-17,111.66000366210938,112.97000122070312,107.87999725341797,108.77999877929688,7619400,107.14373779296875
COP,COP,2026-02-18,109.91999816894531,110.80999755859375,108.83999633789062,110.5199966430664,9456200,109.70470428466797
COP,COP,2026-02-19,112.0,113.80000305175781,111.06999969482422,111.58999633789062,8851700,110.76681518554688
COP,COP,2026-02-20,111.22000122070312,111.44000244140625,109.58000183105469,110.52999877929688,6822800,109.71463775634766
COP,COP,2026-02-23,110.69999694824219,111.91000366210938,109.68000030517578,109.87999725341797,4871900,109.06942749023438
COP,COP,2026-02-24,110.23999786376953,110.9000015258789,108.4000015258789,110.58999633789062,5152200,109.7741928100586
COP,COP,2026-02-25,110.98999786376953,111.52999877929688,108.66000366210938,110.01000213623047,6907000,109.19847869873047
COP,COP,2026-02-26,109.16999816894531,111.69000244140625,108.11000061035156,110.69999694824219,7205800,109.88337707519531
COP,COP,2026-02-27,112.4000015258789,113.79000091552734,111.05999755859375,113.45999908447266,9009900,112.6230239868164
COP,COP,2026-03-02,119.27999877929688,119.30000305175781,115.72000122070312,118.23999786376953,19667900,117.36775970458984
COP,COP,2026-03-03,120.8499984741211,122.5,117.30000305175781,118.5199966430664,17354700,117.64569091796875
COP,COP,2026-03-04,116.38999938964844,117.44000244140625,114.43000030517578,115.6500015258789,10160600,114.79686737060547
COP,COP,2026-03-05,117.0,118.5199966430664,115.83000183105469,116.81999969482422,9875700,115.95823669433594
COP,COP,2026-03-06,118.7699966430664,119.4800033569336,116.5999984741211,117.06999969482422,11554600,116.20639038085938
COP,COP,2026-03-09,117.54000091552734,118.7699966430664,116.19999694824219,117.02999877929688,13694700,116.16668701171875
COP,COP,2026-03-10,116.12000274658203,116.54000091552734,112.93000030517578,114.1500015258789,13917900,113.30793762207031
COP,COP,2026-03-11,114.6500015258789,117.16000366210938,114.0,117.02999877929688,9522800,116.16668701171875
COP,COP,2026-03-12,118.0,120.98999786376953,117.66000366210938,120.26000213623047,12766400,119.37286376953125
COP,COP,2026-03-13,119.68000030517578,122.26000213623047,119.23999786376953,121.88999938964844,10884500,120.99083709716797
COP,COP,2026-03-16,121.19000244140625,122.37999725341797,120.4000015258789,121.31999969482422,7556800,120.42504119873047
COP,COP,2026-03-17,121.94999694824219,123.95999908447266,121.20999908447266,122.87000274658203,7953100,121.96360778808594
COP,COP,2026-03-18,123.80000305175781,124.87000274658203,123.11000061035156,123.6500015258789,10273000,122.73785400390625
COP,COP,2026-03-19,124.70999908447266,126.3499984741211,123.97000122070312,126.0199966430664,11205400,125.09036254882812
COP,COP,2026-03-20,126.30000305175781,128.1300048828125,126.11000061035156,126.91999816894531,31964000,125.98372650146484
COP,COP,2026-03-23,123.62999725341797,128.36000061035156,122.94999694824219,127.19000244140625,10584000,126.25173950195312
COP,COP,2026-03-24,127.52999877929688,131.0,127.44000244140625,129.35000610351562,10439700,128.39581298828125
COP,COP,2026-03-25,128.0,129.67999267578125,127.80999755859375,128.92999267578125,7495800,127.97889709472656
COP,COP,2026-03-26,129.63999938964844,133.5500030517578,129.63999938964844,133.25,8168000,132.26702880859375
COP,COP,2026-03-27,133.0800018310547,134.8699951171875,132.3300018310547,133.8000030517578,9182900,132.81297302246094
COP,COP,2026-03-30,135.14999389648438,135.8699951171875,131.91000366210938,132.88999938964844,8913900,131.90968322753906
COP,COP,2026-03-31,132.75999450683594,135.1999969482422,128.35000610351562,132.0,13519300,131.02626037597656
COP,COP,2026-04-01,128.14999389648438,129.92999267578125,126.44000244140625,128.3800048828125,12979900,127.43296813964844
COP,COP,2026-04-02,131.3000030517578,134.41000366210938,129.11000061035156,130.52000427246094,7383800,129.5571746826172
COP,COP,2026-04-06,130.5,131.72999572753906,129.35000610351562,131.63999938964844,4210000,130.66891479492188
COP,COP,2026-04-07,132.0,133.69000244140625,131.14999389648438,131.77000427246094,6794300,130.79795837402344
COP,COP,2026-04-08,122.16000366210938,125.88999938964844,120.69999694824219,125.22000122070312,12713800,124.29627227783203
COP,COP,2026-04-09,126.29000091552734,127.91000366210938,123.27999877929688,123.47000122070312,9069400,122.5591812133789
COP,COP,2026-04-10,123.30000305175781,124.05000305175781,121.31999969482422,122.55000305175781,10487700,121.6459732055664
COP,COP,2026-04-13,124.95999908447266,125.33000183105469,122.37999725341797,123.62000274658203,8639400,122.70807647705078
COP,COP,2026-04-14,121.63999938964844,122.27999877929688,117.94999694824219,118.79000091552734,9849200,117.91370391845703
COP,COP,2026-04-15,118.16999816894531,120.36000061035156,117.3499984741211,118.91999816894531,6592500,118.04273986816406
COP,COP,2026-04-16,119.51000213623047,122.44000244140625,119.37000274658203,121.56999969482422,6904300,120.6731948852539
COP,COP,2026-04-17,116.33000183105469,116.5,112.20999908447266,116.04000091552734,11665700,115.18399047851562
COP,COP,2026-04-20,116.83999633789062,118.22000122070312,116.06999969482422,116.44999694824219,6124700,115.5909652709961
COP,COP,2026-04-21,117.04000091552734,120.62000274658203,116.72000122070312,120.26000213623047,8138900,119.37286376953125
COP,COP,2026-04-22,121.44000244140625,123.2300033569336,120.91000366210938,122.5999984741211,6562700,121.69559478759766
COP,COP,2026-04-23,123.38999938964844,125.58000183105469,123.37999725341797,124.37000274658203,7958100,123.45254516601562
COP,COP,2026-04-24,123.47000122070312,124.13999938964844,120.48999786376953,121.76000213623047,10968300,120.8617935180664
COP,COP,2026-04-27,122.20999908447266,123.6500015258789,120.22000122070312,121.68000030517578,12215400,120.78238677978516
COP,COP,2026-04-28,124.16999816894531,124.55999755859375,122.45999908447266,124.31999969482422,7241100,123.40290832519531
COP,COP,2026-04-29,126.0,128.27999877929688,125.08000183105469,128.25,9676900,127.30391693115234
COP,COP,2026-04-30,124.54000091552734,128.10000610351562,123.7699966430664,125.77999877929688,11948000,124.85214233398438
COP,COP,2026-05-01,125.0,125.76000213623047,122.47000122070312,123.19000244140625,7784300,122.28125
COP,COP,2026-05-04,124.01000213623047,125.2699966430664,121.69999694824219,124.91000366210938,7793500,123.98856353759766
COP,COP,2026-05-05,124.06999969482422,124.75,123.0199966430664,123.31999969482422,7258300,122.41028594970703
COP,COP,2026-05-06,117.95999908447266,120.0,117.41999816894531,118.9000015258789,13180800,118.02289581298828
COP,COP,2026-05-07,116.12999725341797,116.23999786376953,114.05000305175781,114.87999725341797,10356600,114.03254699707031
COP,COP,2026-05-08,114.63999938964844,115.48999786376953,113.62000274658203,113.87000274658203,8009500,113.02999877929688
COP,COP,2026-05-11,114.43000030517578,115.97000122070312,113.80000305175781,115.55000305175781,6200100,115.55000305175781
COP,COP,2026-05-12,116.66999816894531,118.25,115.68000030517578,117.87000274658203,6875300,117.87000274658203
COP,COP,2026-05-13,117.6500015258789,118.01000213623047,115.69000244140625,117.4000015258789,5977100,117.4000015258789
COP,COP,2026-05-14,117.12999725341797,119.5199966430664,117.01000213623047,118.97000122070312,5316400,118.97000122070312
COP,COP,2026-05-15,120.77999877929688,122.4800033569336,120.48999786376953,122.41000366210938,7059500,122.41000366210938
COP,COP,2026-05-18,122.0,125.1500015258789,120.38999938964844,124.54000091552734,5805200,124.54000091552734
COP,COP,2026-05-19,125.86000061035156,126.0,124.12000274658203,125.11000061035156,6029000,125.11000061035156
COP,COP,2026-05-20,124.2699966430664,126.0,121.7699966430664,122.36000061035156,5665700,122.36000061035156
COP,COP,2026-05-21,124.01000213623047,124.41000366210938,119.80000305175781,120.55000305175781,5754500,120.55000305175781
COP,COP,2026-05-22,120.05000305175781,121.58999633789062,119.5999984741211,120.45999908447266,4947400,120.45999908447266
COP,COP,2026-05-26,118.75,119.88999938964844,116.18000030517578,116.56999969482422,7178800,116.56999969482422
COP,COP,2026-05-27,115.20999908447266,116.44999694824219,114.23999786376953,115.12999725341797,5828700,115.12999725341797
COP,COP,2026-05-28,115.83000183105469,116.88999938964844,114.44999694824219,114.98999786376953,5989400,114.98999786376953
COP,COP,2026-05-29,114.12000274658203,114.55000305175781,112.63999938964844,113.9800033569336,12401400,113.9800033569336
COP,COP,2026-06-01,115.69999694824219,117.5999984741211,115.31999969482422,115.58000183105469,7449900,115.58000183105469
COP,COP,2026-06-02,115.4800033569336,117.44999694824219,115.37000274658203,116.87000274658203,6113600,116.87000274658203
COP,COP,2026-06-03,117.58999633789062,119.55000305175781,116.91000366210938,119.05000305175781,7091700,119.05000305175781
COP,COP,2026-06-04,117.9800033569336,119.58000183105469,117.5999984741211,119.2300033569336,4813500,119.2300033569336
COP,COP,2026-06-05,119.5,119.7699966430664,116.98999786376953,117.13999938964844,5989900,117.13999938964844
COP,COP,2026-06-08,117.97000122070312,120.0199966430664,117.97000122070312,118.88999938964844,4758800,118.88999938964844
COP,COP,2026-06-09,118.0,118.12000274658203,114.86000061035156,116.79000091552734,6289000,116.79000091552734
COP,COP,2026-06-10,118.0,121.38999938964844,117.63999938964844,119.91999816894531,8723300,119.91999816894531
COP,COP,2026-06-11,120.9800033569336,121.5199966430664,115.31999969482422,115.36000061035156,6704700,115.36000061035156
COP,COP,2026-06-12,114.25,118.51000213623047,113.80000305175781,116.9800033569336,6616300,116.9800033569336
COP,COP,2026-06-15,111.12999725341797,113.62999725341797,110.7300033569336,112.26000213623047,10860500,112.26000213623047
COP,COP,2026-06-16,109.8499984741211,111.36000061035156,109.4800033569336,111.33999633789062,8197500,111.33999633789062
COP,COP,2026-06-17,110.83000183105469,111.88999938964844,109.95999908447266,111.20999908447266,7002200,111.20999908447266
COP,COP,2026-06-18,109.80999755859375,109.87999725341797,106.98999786376953,107.73999786376953,22893000,107.73999786376953
