ticker,source_symbol,date,open,high,low,close,volume,adj_close
CSCO,CSCO,2009-01-02,16.40999984741211,17.0,16.25,16.959999084472656,40980600,10.914847373962402
CSCO,CSCO,2009-01-05,16.850000381469727,17.299999237060547,16.75,17.110000610351562,45480200,11.011383056640625
CSCO,CSCO,2009-01-06,17.329999923706055,17.979999542236328,17.260000228881836,17.790000915527344,58256600,11.449007034301758
CSCO,CSCO,2009-01-07,17.3700008392334,17.579999923706055,17.110000610351562,17.31999969482422,50246600,11.146528244018555
CSCO,CSCO,2009-01-08,17.229999542236328,17.56999969482422,17.0,17.540000915527344,46484600,11.288116455078125
CSCO,CSCO,2009-01-09,17.239999771118164,17.260000228881836,16.610000610351562,16.700000762939453,68118900,10.74752140045166
CSCO,CSCO,2009-01-12,16.68000030517578,16.780000686645508,16.030000686645508,16.399999618530273,54927700,10.554450988769531
CSCO,CSCO,2009-01-13,16.290000915527344,16.540000915527344,16.110000610351562,16.450000762939453,51933800,10.586631774902344
CSCO,CSCO,2009-01-14,16.100000381469727,16.219999313354492,15.600000381469727,15.739999771118164,50111800,10.12969970703125
CSCO,CSCO,2009-01-15,15.619999885559082,15.949999809265137,15.1899995803833,15.8100004196167,61814500,10.1747465133667
CSCO,CSCO,2009-01-16,16.219999313354492,16.329999923706055,15.5,15.819999694824219,66930700,10.181182861328125
CSCO,CSCO,2009-01-20,15.8100004196167,15.930000305175781,15.010000228881836,15.010000228881836,57808600,9.659893989562988
CSCO,CSCO,2009-01-21,15.319999694824219,15.760000228881836,15.050000190734863,15.699999809265137,56231900,10.10395622253418
CSCO,CSCO,2009-01-22,15.380000114440918,15.59000015258789,15.0,15.369999885559082,56676100,9.891580581665039
CSCO,CSCO,2009-01-23,15.039999961853027,16.020000457763672,15.0,15.890000343322754,56556900,10.226236343383789
CSCO,CSCO,2009-01-26,15.850000381469727,16.5,15.779999732971191,16.299999237060547,44634800,10.490093231201172
CSCO,CSCO,2009-01-27,16.43000030517578,17.0,16.290000915527344,16.729999542236328,50346800,10.766829490661621
CSCO,CSCO,2009-01-28,17.059999465942383,17.190000534057617,16.690000534057617,16.8799991607666,60146800,10.863362312316895
CSCO,CSCO,2009-01-29,16.700000762939453,16.700000762939453,15.800000190734863,15.930000305175781,53220800,10.251977920532227
CSCO,CSCO,2009-01-30,15.90999984741211,16.09000015258789,14.90999984741211,14.970000267028809,75292400,9.6341552734375
CSCO,CSCO,2009-02-02,14.859999656677246,15.460000038146973,14.829999923706055,15.3100004196167,55290500,9.8529691696167
CSCO,CSCO,2009-02-03,15.479999542236328,15.75,15.010000228881836,15.619999885559082,65932300,10.052471160888672
CSCO,CSCO,2009-02-04,15.720000267028809,16.15999984741211,15.380000114440918,15.84000015258789,95781900,10.19405746459961
CSCO,CSCO,2009-02-05,15.539999961853027,16.649999618530273,15.449999809265137,16.350000381469727,115564600,10.522274017333984
CSCO,CSCO,2009-02-06,16.420000076293945,17.09000015258789,16.209999084472656,17.040000915527344,62910000,10.966333389282227
CSCO,CSCO,2009-02-09,16.989999771118164,17.049999237060547,16.6200008392334,16.850000381469727,37624300,10.84405517578125
CSCO,CSCO,2009-02-10,16.59000015258789,16.93000030517578,15.920000076293945,16.049999237060547,69149100,10.329203605651855
CSCO,CSCO,2009-02-11,16.18000030517578,16.270000457763672,15.850000381469727,16.170000076293945,46279800,10.406434059143066
CSCO,CSCO,2009-02-12,15.970000267028809,16.219999313354492,15.630000114440918,16.200000762939453,57645800,10.425740242004395
CSCO,CSCO,2009-02-13,16.200000762939453,16.459999084472656,15.949999809265137,16.100000381469727,43639500,10.361381530761719
CSCO,CSCO,2009-02-17,15.680000305175781,15.760000228881836,15.279999732971191,15.289999961853027,47981100,9.840092658996582
CSCO,CSCO,2009-02-18,15.449999809265137,15.729999542236328,15.149999618530273,15.369999885559082,40630400,9.891580581665039
CSCO,CSCO,2009-02-19,15.460000038146973,15.520000457763672,15.010000228881836,15.039999961853027,42978400,9.679203987121582
CSCO,CSCO,2009-02-20,14.960000038146973,15.34000015258789,14.880000114440918,15.079999923706055,59376600,9.70494556427002
CSCO,CSCO,2009-02-23,15.199999809265137,15.350000381469727,14.3100004196167,14.359999656677246,51687900,9.241582870483398
CSCO,CSCO,2009-02-24,14.390000343322754,15.050000190734863,14.380000114440918,14.989999771118164,55486800,9.647029876708984
CSCO,CSCO,2009-02-25,14.920000076293945,15.130000114440918,14.369999885559082,14.770000457763672,56278900,9.505441665649414
CSCO,CSCO,2009-02-26,15.050000190734863,15.210000038146973,14.489999771118164,14.489999771118164,51007600,9.325243949890137
CSCO,CSCO,2009-02-27,14.300000190734863,14.819999694824219,14.300000190734863,14.569999694824219,76734300,9.376728057861328
CSCO,CSCO,2009-03-02,14.329999923706055,14.779999732971191,14.270000457763672,14.319999694824219,59924500,9.215835571289062
CSCO,CSCO,2009-03-03,14.489999771118164,14.729999542236328,14.359999656677246,14.390000343322754,62320000,9.260887145996094
CSCO,CSCO,2009-03-04,14.640000343322754,15.520000457763672,14.630000114440918,15.25,69574200,9.814353942871094
CSCO,CSCO,2009-03-05,14.9399995803833,15.09000015258789,14.510000228881836,14.550000190734863,67034500,9.363859176635742
CSCO,CSCO,2009-03-06,14.579999923706055,14.930000305175781,13.979999542236328,14.180000305175781,113692300,9.125739097595215
CSCO,CSCO,2009-03-09,14.0,14.430000305175781,13.609999656677246,13.619999885559082,78274900,8.765342712402344
CSCO,CSCO,2009-03-10,14.039999961853027,14.789999961853027,13.920000076293945,14.640000343322754,71743300,9.42177963256836
CSCO,CSCO,2009-03-11,14.789999961853027,15.199999809265137,14.520000457763672,15.020000457763672,55002400,9.666332244873047
CSCO,CSCO,2009-03-12,15.0,15.510000228881836,14.770000457763672,15.510000228881836,49609300,9.981678009033203
CSCO,CSCO,2009-03-13,15.460000038146973,15.6899995803833,15.25,15.510000228881836,43118900,9.981678009033203
CSCO,CSCO,2009-03-16,15.789999961853027,15.880000114440918,15.350000381469727,15.449999809265137,50265100,9.94306755065918
CSCO,CSCO,2009-03-17,15.720000267028809,16.149999618530273,15.569999694824219,16.139999389648438,52090300,10.387125015258789
CSCO,CSCO,2009-03-18,16.030000686645508,16.940000534057617,16.020000457763672,16.5,85018400,10.61881160736084
CSCO,CSCO,2009-03-19,16.68000030517578,16.68000030517578,16.059999465942383,16.229999542236328,56670100,10.445047378540039
CSCO,CSCO,2009-03-20,16.3700008392334,16.56999969482422,15.75,15.90999984741211,66078200,10.239102363586426
CSCO,CSCO,2009-03-23,16.309999465942383,17.0,15.899999618530273,16.979999542236328,64333300,10.927719116210938
CSCO,CSCO,2009-03-24,16.700000762939453,17.040000915527344,16.579999923706055,16.68000030517578,44592600,10.734649658203125
CSCO,CSCO,2009-03-25,16.5,17.049999237060547,16.280000686645508,16.56999969482422,64202300,10.663857460021973
CSCO,CSCO,2009-03-26,16.799999237060547,17.389999389648438,16.760000228881836,17.309999465942383,58048800,11.140095710754395
CSCO,CSCO,2009-03-27,17.0,17.170000076293945,16.850000381469727,16.950000762939453,37833600,10.908411026000977
CSCO,CSCO,2009-03-30,16.56999969482422,16.56999969482422,16.079999923706055,16.309999465942383,45060500,10.496533393859863
CSCO,CSCO,2009-03-31,16.530000686645508,17.010000228881836,16.3700008392334,16.770000457763672,59050200,10.792567253112793
CSCO,CSCO,2009-04-01,16.510000228881836,17.540000915527344,16.299999237060547,17.459999084472656,73415300,11.2366304397583
CSCO,CSCO,2009-04-02,17.829999923706055,18.610000610351562,17.790000915527344,18.139999389648438,88337600,11.674251556396484
CSCO,CSCO,2009-04-03,18.299999237060547,18.540000915527344,17.950000762939453,18.15999984741211,59472600,11.687129020690918
CSCO,CSCO,2009-04-06,17.559999465942383,17.639999389648438,17.06999969482422,17.530000686645508,63355500,11.281676292419434
CSCO,CSCO,2009-04-07,17.200000762939453,17.25,16.579999923706055,16.850000381469727,59902600,10.84405517578125
CSCO,CSCO,2009-04-08,17.290000915527344,17.329999923706055,16.940000534057617,17.1299991607666,45389100,11.024251937866211
CSCO,CSCO,2009-04-09,17.670000076293945,18.079999923706055,17.579999923706055,17.81999969482422,53094200,11.468311309814453
CSCO,CSCO,2009-04-13,17.850000381469727,18.049999237060547,17.760000228881836,17.889999389648438,33965000,11.513360977172852
CSCO,CSCO,2009-04-14,17.799999237060547,18.18000030517578,17.610000610351562,17.93000030517578,42813500,11.539106369018555
CSCO,CSCO,2009-04-15,17.75,18.0,17.34000015258789,17.559999465942383,51890600,11.300984382629395
CSCO,CSCO,2009-04-16,17.81999969482422,18.18000030517578,17.649999618530273,18.079999923706055,51379800,11.635640144348145
CSCO,CSCO,2009-04-17,18.100000381469727,18.170000076293945,17.829999923706055,17.989999771118164,55983700,11.577718734741211
CSCO,CSCO,2009-04-20,17.709999084472656,17.790000915527344,17.200000762939453,17.309999465942383,55165100,11.140095710754395
CSCO,CSCO,2009-04-21,17.200000762939453,17.790000915527344,17.139999389648438,17.690000534057617,45749000,11.384654998779297
CSCO,CSCO,2009-04-22,17.450000762939453,18.020000457763672,17.43000030517578,17.440000534057617,54728000,11.22375774383545
CSCO,CSCO,2009-04-23,17.520000457763672,17.639999389648438,17.1299991607666,17.6200008392334,44000300,11.339603424072266
CSCO,CSCO,2009-04-24,18.1200008392334,18.5,17.969999313354492,18.420000076293945,55664900,11.854450225830078
CSCO,CSCO,2009-04-27,18.100000381469727,18.59000015258789,18.010000228881836,18.3700008392334,42312900,11.82227611541748
CSCO,CSCO,2009-04-28,18.299999237060547,18.959999084472656,18.149999618530273,18.670000076293945,47820200,12.015338897705078
CSCO,CSCO,2009-04-29,18.829999923706055,19.530000686645508,18.729999542236328,19.25,48496600,12.388611793518066
CSCO,CSCO,2009-04-30,19.690000534057617,19.93000030517578,19.100000381469727,19.31999969482422,60350800,12.433660507202148
CSCO,CSCO,2009-05-01,19.239999771118164,19.780000686645508,19.059999465942383,19.579999923706055,40337500,12.60098648071289
CSCO,CSCO,2009-05-04,19.81999969482422,19.8700008392334,19.260000228881836,19.5,63902300,12.549498558044434
CSCO,CSCO,2009-05-05,19.5,19.6299991607666,19.280000686645508,19.6299991607666,46373400,12.633164405822754
CSCO,CSCO,2009-05-06,19.760000228881836,19.850000381469727,19.030000686645508,19.610000610351562,93198900,12.620292663574219
CSCO,CSCO,2009-05-07,20.0,20.0,18.600000381469727,18.950000762939453,92373300,12.195544242858887
CSCO,CSCO,2009-05-08,19.0,19.219999313354492,18.549999237060547,18.729999542236328,65443000,12.053956031799316
CSCO,CSCO,2009-05-11,18.450000762939453,18.829999923706055,18.270000457763672,18.610000610351562,44319000,11.976729393005371
CSCO,CSCO,2009-05-12,18.670000076293945,18.81999969482422,18.549999237060547,18.719999313354492,39761800,12.047520637512207
CSCO,CSCO,2009-05-13,18.489999771118164,18.600000381469727,18.030000686645508,18.049999237060547,50715000,11.616331100463867
CSCO,CSCO,2009-05-14,18.06999969482422,18.290000915527344,18.049999237060547,18.09000015258789,43080700,11.642075538635254
CSCO,CSCO,2009-05-15,18.139999389648438,18.209999084472656,17.770000457763672,17.920000076293945,72110100,11.532673835754395
CSCO,CSCO,2009-05-18,18.139999389648438,18.809999465942383,18.059999465942383,18.719999313354492,67489600,12.047520637512207
CSCO,CSCO,2009-05-19,18.709999084472656,19.350000381469727,18.639999389648438,18.8799991607666,53818200,12.150491714477539
CSCO,CSCO,2009-05-20,19.020000457763672,19.059999465942383,18.459999084472656,18.600000381469727,49031000,11.970294952392578
CSCO,CSCO,2009-05-21,18.43000030517578,18.5,17.850000381469727,18.100000381469727,63308400,11.648512840270996
CSCO,CSCO,2009-05-22,18.09000015258789,18.149999618530273,17.65999984741211,17.899999618530273,33243700,11.519795417785645
CSCO,CSCO,2009-05-26,17.65999984741211,18.670000076293945,17.610000610351562,18.489999771118164,48659800,11.899499893188477
CSCO,CSCO,2009-05-27,18.40999984741211,18.709999084472656,18.110000610351562,18.219999313354492,40013400,11.725738525390625
CSCO,CSCO,2009-05-28,18.350000381469727,18.65999984741211,18.059999465942383,18.510000228881836,53071000,11.912373542785645
CSCO,CSCO,2009-05-29,18.540000915527344,18.600000381469727,18.09000015258789,18.5,61032200,11.905936241149902
CSCO,CSCO,2009-06-01,19.149999618530273,19.770000457763672,19.010000228881836,19.5,103321500,12.549498558044434
CSCO,CSCO,2009-06-02,19.56999969482422,19.860000610351562,19.40999984741211,19.610000610351562,53783700,12.620292663574219
CSCO,CSCO,2009-06-03,19.549999237060547,19.610000610351562,19.100000381469727,19.360000610351562,55115000,12.459399223327637
CSCO,CSCO,2009-06-04,19.459999084472656,19.809999465942383,19.299999237060547,19.670000076293945,40586000,12.658904075622559
CSCO,CSCO,2009-06-05,19.940000534057617,20.020000457763672,19.520000457763672,19.8700008392334,86043900,12.787619590759277
CSCO,CSCO,2009-06-08,19.739999771118164,20.059999465942383,19.530000686645508,19.8700008392334,42855000,12.787619590759277
CSCO,CSCO,2009-06-09,19.950000762939453,20.200000762939453,19.68000030517578,20.079999923706055,49764200,12.922767639160156
CSCO,CSCO,2009-06-10,20.190000534057617,20.239999771118164,19.600000381469727,19.950000762939453,58386500,12.839102745056152
CSCO,CSCO,2009-06-11,19.93000030517578,20.350000381469727,19.899999618530273,20.100000381469727,44781700,12.935638427734375
CSCO,CSCO,2009-06-12,19.93000030517578,20.0,19.6299991607666,19.90999984741211,41365200,12.813358306884766
CSCO,CSCO,2009-06-15,19.68000030517578,19.700000762939453,19.100000381469727,19.360000610351562,47976000,12.459399223327637
CSCO,CSCO,2009-06-16,19.420000076293945,19.479999542236328,19.030000686645508,19.079999923706055,45359200,12.279203414916992
CSCO,CSCO,2009-06-17,19.040000915527344,19.489999771118164,18.969999313354492,19.200000762939453,48812300,12.356430053710938
CSCO,CSCO,2009-06-18,19.229999542236328,19.290000915527344,18.920000076293945,18.989999771118164,37563900,12.221283912658691
CSCO,CSCO,2009-06-19,19.18000030517578,19.200000762939453,18.799999237060547,18.920000076293945,71703600,12.176231384277344
CSCO,CSCO,2009-06-22,18.75,18.799999237060547,18.350000381469727,18.40999984741211,46178100,11.84801197052002
CSCO,CSCO,2009-06-23,18.43000030517578,18.709999084472656,18.25,18.56999969482422,42673600,11.950983047485352
CSCO,CSCO,2009-06-24,18.739999771118164,19.0,18.520000457763672,18.610000610351562,47138200,11.976729393005371
CSCO,CSCO,2009-06-25,18.59000015258789,19.190000534057617,18.5,19.030000686645508,43535600,12.247024536132812
CSCO,CSCO,2009-06-26,18.920000076293945,19.15999984741211,18.850000381469727,18.90999984741211,47177400,12.169795036315918
CSCO,CSCO,2009-06-29,19.0,19.049999237060547,18.790000915527344,18.989999771118164,49234600,12.221283912658691
CSCO,CSCO,2009-06-30,18.940000534057617,19.06999969482422,18.530000686645508,18.649999618530273,53792300,12.002470970153809
CSCO,CSCO,2009-07-01,18.84000015258789,19.100000381469727,18.760000228881836,18.799999237060547,36650000,12.099002838134766
CSCO,CSCO,2009-07-02,18.670000076293945,18.729999542236328,18.450000762939453,18.5,41562600,11.905936241149902
CSCO,CSCO,2009-07-06,18.31999969482422,18.700000762939453,18.299999237060547,18.530000686645508,35302300,11.92524242401123
CSCO,CSCO,2009-07-07,18.540000915527344,18.6200008392334,18.190000534057617,18.239999771118164,41560400,11.738609313964844
CSCO,CSCO,2009-07-08,18.25,18.329999923706055,17.81999969482422,18.1299991607666,53554200,11.667819023132324
CSCO,CSCO,2009-07-09,18.270000457763672,18.510000228881836,18.059999465942383,18.170000076293945,52949400,11.693560600280762
CSCO,CSCO,2009-07-10,18.079999923706055,18.450000762939453,18.020000457763672,18.34000015258789,46638100,11.802966117858887
CSCO,CSCO,2009-07-13,18.40999984741211,18.579999923706055,17.920000076293945,18.56999969482422,62374700,11.950983047485352
CSCO,CSCO,2009-07-14,18.43000030517578,18.940000534057617,18.43000030517578,18.729999542236328,46982000,12.053956031799316
CSCO,CSCO,2009-07-15,19.31999969482422,19.8799991607666,19.15999984741211,19.809999465942383,87943200,12.749007225036621
CSCO,CSCO,2009-07-16,19.739999771118164,20.200000762939453,19.709999084472656,20.1200008392334,57779400,12.94851016998291
CSCO,CSCO,2009-07-17,20.18000030517578,20.579999923706055,19.979999542236328,20.510000228881836,69173300,13.199501991271973
CSCO,CSCO,2009-07-20,20.81999969482422,21.270000457763672,20.799999237060547,21.149999618530273,78883200,13.611381530761719
CSCO,CSCO,2009-07-21,21.270000457763672,21.59000015258789,20.8799991607666,21.59000015258789,72575100,13.894550323486328
CSCO,CSCO,2009-07-22,21.440000534057617,21.829999923706055,21.270000457763672,21.450000762939453,52608700,13.80445384979248
CSCO,CSCO,2009-07-23,21.440000534057617,22.06999969482422,21.280000686645508,21.899999618530273,62820700,14.094053268432617
CSCO,CSCO,2009-07-24,21.479999542236328,21.969999313354492,21.420000076293945,21.8799991607666,40636200,14.081184387207031
CSCO,CSCO,2009-07-27,21.850000381469727,21.950000762939453,21.670000076293945,21.84000015258789,31602000,14.055440902709961
CSCO,CSCO,2009-07-28,21.6200008392334,21.989999771118164,21.3700008392334,21.93000030517578,40081700,14.113356590270996
CSCO,CSCO,2009-07-29,21.799999237060547,21.8700008392334,21.5,21.719999313354492,33623500,13.9782133102417
CSCO,CSCO,2009-07-30,21.979999542236328,22.399999618530273,21.84000015258789,21.979999542236328,52880000,14.145538330078125
CSCO,CSCO,2009-07-31,21.940000534057617,22.18000030517578,21.850000381469727,22.010000228881836,41668100,14.16484546661377
CSCO,CSCO,2009-08-03,22.209999084472656,22.610000610351562,22.190000534057617,22.56999969482422,61219800,14.525245666503906
CSCO,CSCO,2009-08-04,22.450000762939453,22.549999237060547,22.190000534057617,22.440000534057617,55890100,14.441582679748535
CSCO,CSCO,2009-08-05,22.549999237060547,22.56999969482422,22.010000228881836,22.170000076293945,79003200,14.267814636230469
CSCO,CSCO,2009-08-06,22.040000915527344,22.40999984741211,21.68000030517578,22.309999465942383,83322000,14.357917785644531
CSCO,CSCO,2009-08-07,22.489999771118164,22.739999771118164,22.149999618530273,22.190000534057617,46921300,14.280684471130371
CSCO,CSCO,2009-08-10,21.979999542236328,22.1200008392334,21.5,21.639999389648438,46634300,13.926727294921875
CSCO,CSCO,2009-08-11,21.469999313354492,21.530000686645508,21.059999465942383,21.170000076293945,53601800,13.624251365661621
CSCO,CSCO,2009-08-12,21.229999542236328,21.610000610351562,21.18000030517578,21.43000030517578,49469600,13.791576385498047
CSCO,CSCO,2009-08-13,21.540000915527344,21.649999618530273,21.34000015258789,21.510000228881836,38927800,13.843067169189453
CSCO,CSCO,2009-08-14,21.469999313354492,21.549999237060547,21.0,21.309999465942383,35178700,13.71435546875
CSCO,CSCO,2009-08-17,20.940000534057617,20.959999084472656,20.68000030517578,20.729999542236328,32440200,13.341082572937012
CSCO,CSCO,2009-08-18,20.81999969482422,21.149999618530273,20.790000915527344,21.010000228881836,33338700,13.521279335021973
CSCO,CSCO,2009-08-19,20.760000228881836,21.440000534057617,20.739999771118164,21.239999771118164,39235200,13.669303894042969
CSCO,CSCO,2009-08-20,21.25,21.959999084472656,21.200000762939453,21.889999389648438,55774700,14.087617874145508
CSCO,CSCO,2009-08-21,22.079999923706055,22.270000457763672,21.770000457763672,22.190000534057617,56585800,14.280684471130371
CSCO,CSCO,2009-08-24,22.219999313354492,22.639999389648438,21.93000030517578,22.059999465942383,52702800,14.197025299072266
CSCO,CSCO,2009-08-25,22.15999984741211,22.25,21.850000381469727,22.0,28402400,14.15841293334961
CSCO,CSCO,2009-08-26,21.90999984741211,22.0,21.809999465942383,21.93000030517578,33585100,14.113356590270996
CSCO,CSCO,2009-08-27,21.670000076293945,21.90999984741211,21.469999313354492,21.8799991607666,30283800,14.081184387207031
CSCO,CSCO,2009-08-28,22.149999618530273,22.350000381469727,21.799999237060547,22.0,35945600,14.15841293334961
CSCO,CSCO,2009-08-31,21.739999771118164,21.84000015258789,21.510000228881836,21.600000381469727,31405700,13.900980949401855
CSCO,CSCO,2009-09-01,21.459999084472656,21.8700008392334,21.079999923706055,21.170000076293945,48752000,13.624251365661621
CSCO,CSCO,2009-09-02,21.09000015258789,21.729999542236328,21.06999969482422,21.549999237060547,40254300,13.868806838989258
CSCO,CSCO,2009-09-03,21.729999542236328,21.899999618530273,21.34000015258789,21.489999771118164,33833000,13.830191612243652
CSCO,CSCO,2009-09-04,21.59000015258789,21.959999084472656,21.399999618530273,21.84000015258789,28951700,14.055440902709961
CSCO,CSCO,2009-09-08,22.0,22.209999084472656,21.790000915527344,21.920000076293945,39951400,14.106926918029785
CSCO,CSCO,2009-09-09,21.969999313354492,22.520000457763672,21.959999084472656,22.229999542236328,45120800,14.306432723999023
CSCO,CSCO,2009-09-10,22.149999618530273,23.049999237060547,22.010000228881836,23.010000228881836,76624200,14.808408737182617
CSCO,CSCO,2009-09-11,22.920000076293945,23.1299991607666,22.610000610351562,23.09000015258789,53497100,14.859892845153809
CSCO,CSCO,2009-09-14,22.850000381469727,22.989999771118164,22.610000610351562,22.790000915527344,60616000,14.666829109191895
CSCO,CSCO,2009-09-15,22.829999923706055,23.190000534057617,22.65999984741211,22.979999542236328,50922100,14.789098739624023
CSCO,CSCO,2009-09-16,23.06999969482422,23.450000762939453,23.0,23.360000610351562,53658500,15.03365707397461
CSCO,CSCO,2009-09-17,23.219999313354492,23.489999771118164,23.15999984741211,23.389999389648438,40431200,15.052964210510254
CSCO,CSCO,2009-09-18,23.5,23.610000610351562,23.239999771118164,23.399999618530273,53795300,15.059405326843262
CSCO,CSCO,2009-09-21,23.200000762939453,23.850000381469727,23.18000030517578,23.6299991607666,51075300,15.207420349121094
CSCO,CSCO,2009-09-22,23.709999084472656,23.719999313354492,23.299999237060547,23.40999984741211,34927600,15.065835952758789
CSCO,CSCO,2009-09-23,23.520000457763672,23.530000686645508,22.75,22.799999237060547,65546000,14.673258781433105
CSCO,CSCO,2009-09-24,22.84000015258789,22.989999771118164,22.459999084472656,22.649999618530273,39003000,14.576726913452148
CSCO,CSCO,2009-09-25,22.56999969482422,22.920000076293945,22.56999969482422,22.6200008392334,41074700,14.557416915893555
CSCO,CSCO,2009-09-28,23.290000915527344,23.8700008392334,23.270000457763672,23.610000610351562,68919000,15.194547653198242
CSCO,CSCO,2009-09-29,23.6200008392334,23.739999771118164,23.209999084472656,23.299999237060547,40230500,14.995044708251953
CSCO,CSCO,2009-09-30,23.549999237060547,23.790000915527344,22.959999084472656,23.540000915527344,64479300,15.149497032165527
CSCO,CSCO,2009-10-01,23.350000381469727,23.579999923706055,23.06999969482422,23.09000015258789,63043900,14.859892845153809
CSCO,CSCO,2009-10-02,22.860000610351562,23.079999923706055,22.6200008392334,22.670000076293945,42035100,14.58959674835205
CSCO,CSCO,2009-10-05,22.90999984741211,23.110000610351562,22.579999923706055,22.940000534057617,38746900,14.763360977172852
CSCO,CSCO,2009-10-06,23.15999984741211,23.56999969482422,23.06999969482422,23.350000381469727,41395900,15.027222633361816
CSCO,CSCO,2009-10-07,23.479999542236328,23.780000686645508,23.40999984741211,23.610000610351562,43251500,15.194547653198242
CSCO,CSCO,2009-10-08,23.829999923706055,23.920000076293945,23.549999237060547,23.670000076293945,45902600,15.233163833618164
CSCO,CSCO,2009-10-09,23.639999389648438,24.079999923706055,23.5,24.030000686645508,45650000,15.46484375
CSCO,CSCO,2009-10-12,24.06999969482422,24.219999313354492,23.6200008392334,23.780000686645508,32797500,15.303955078125
CSCO,CSCO,2009-10-13,23.579999923706055,24.1299991607666,23.56999969482422,23.889999389648438,45600500,15.374749183654785
CSCO,CSCO,2009-10-14,24.260000228881836,24.5,24.18000030517578,24.3799991607666,49209400,15.690092086791992
CSCO,CSCO,2009-10-15,24.25,24.3700008392334,24.059999465942383,24.3700008392334,35858400,15.683656692504883
CSCO,CSCO,2009-10-16,24.100000381469727,24.1299991607666,23.700000762939453,24.020000457763672,38024200,15.45841121673584
CSCO,CSCO,2009-10-19,24.1299991607666,24.829999923706055,23.959999084472656,24.25,30644700,15.606429100036621
CSCO,CSCO,2009-10-20,24.3700008392334,24.549999237060547,23.959999084472656,24.110000610351562,52450500,15.51633358001709
CSCO,CSCO,2009-10-21,24.1200008392334,24.5,23.850000381469727,23.959999084472656,41880500,15.419798851013184
CSCO,CSCO,2009-10-22,23.899999618530273,24.25,23.829999923706055,24.18000030517578,33909000,15.561381340026855
CSCO,CSCO,2009-10-23,24.520000457763672,24.520000457763672,24.030000686645508,24.170000076293945,42526300,15.554941177368164
CSCO,CSCO,2009-10-26,24.149999618530273,24.399999618530273,23.6299991607666,23.700000762939453,45679600,15.252469062805176
CSCO,CSCO,2009-10-27,23.719999313354492,23.950000762939453,23.399999618530273,23.540000915527344,42696300,15.149497032165527
CSCO,CSCO,2009-10-28,23.3700008392334,23.530000686645508,22.969999313354492,23.020000457763672,47534500,14.814846992492676
CSCO,CSCO,2009-10-29,23.110000610351562,23.579999923706055,23.059999465942383,23.520000457763672,40053400,15.136627197265625
CSCO,CSCO,2009-10-30,23.459999084472656,23.479999542236328,22.639999389648438,22.809999465942383,61218300,14.679702758789062
CSCO,CSCO,2009-11-02,22.8700008392334,23.200000762939453,22.6200008392334,23.0,55068200,14.801970481872559
CSCO,CSCO,2009-11-03,22.81999969482422,23.040000915527344,22.549999237060547,22.90999984741211,46384000,14.744053840637207
CSCO,CSCO,2009-11-04,23.309999465942383,23.43000030517578,23.0,23.290000915527344,65580900,14.988611221313477
CSCO,CSCO,2009-11-05,24.049999237060547,24.06999969482422,23.6200008392334,23.93000030517578,87742300,15.400494575500488
CSCO,CSCO,2009-11-06,23.709999084472656,24.0,23.65999984741211,23.81999969482422,36617400,15.329695701599121
CSCO,CSCO,2009-11-09,23.93000030517578,24.0,23.719999313354492,23.989999771118164,46891200,15.439102172851562
CSCO,CSCO,2009-11-10,23.700000762939453,23.8700008392334,23.549999237060547,23.649999618530273,43081900,15.220292091369629
CSCO,CSCO,2009-11-11,23.729999542236328,24.0,23.709999084472656,23.920000076293945,39237500,15.394057273864746
CSCO,CSCO,2009-11-12,23.739999771118164,23.84000015258789,23.170000076293945,23.399999618530273,63813300,15.059405326843262
CSCO,CSCO,2009-11-13,23.510000228881836,23.799999237060547,23.450000762939453,23.709999084472656,35797700,15.258901596069336
CSCO,CSCO,2009-11-16,23.770000457763672,24.100000381469727,23.649999618530273,23.8700008392334,47598200,15.361873626708984
CSCO,CSCO,2009-11-17,23.920000076293945,24.110000610351562,23.81999969482422,24.09000015258789,37209300,15.503462791442871
CSCO,CSCO,2009-11-18,24.010000228881836,24.040000915527344,23.790000915527344,24.0,27234800,15.445538520812988
CSCO,CSCO,2009-11-19,23.8700008392334,23.8799991607666,23.40999984741211,23.68000030517578,38099900,15.23960018157959
CSCO,CSCO,2009-11-20,23.5,23.56999969482422,23.299999237060547,23.459999084472656,36317900,15.098013877868652
CSCO,CSCO,2009-11-23,23.690000534057617,23.90999984741211,23.649999618530273,23.899999618530273,29300500,15.381183624267578
CSCO,CSCO,2009-11-24,23.829999923706055,23.899999618530273,23.559999465942383,23.739999771118164,29988300,15.278215408325195
CSCO,CSCO,2009-11-25,23.760000228881836,23.8700008392334,23.649999618530273,23.739999771118164,27084300,15.278215408325195
CSCO,CSCO,2009-11-27,23.100000381469727,23.520000457763672,23.020000457763672,23.3799991607666,21773900,15.04653263092041
CSCO,CSCO,2009-11-30,23.309999465942383,23.540000915527344,23.190000534057617,23.399999618530273,34349100,15.059405326843262
CSCO,CSCO,2009-12-01,23.43000030517578,24.0,23.389999389648438,23.920000076293945,39946800,15.394057273864746
CSCO,CSCO,2009-12-02,23.84000015258789,24.100000381469727,23.739999771118164,23.8700008392334,30982600,15.361873626708984
CSCO,CSCO,2009-12-03,23.979999542236328,24.190000534057617,23.829999923706055,23.829999923706055,35484600,15.336134910583496
CSCO,CSCO,2009-12-04,24.079999923706055,24.420000076293945,23.90999984741211,24.15999984741211,49537500,15.548506736755371
CSCO,CSCO,2009-12-07,24.110000610351562,24.399999618530273,24.100000381469727,24.209999084472656,33094700,15.580689430236816
CSCO,CSCO,2009-12-08,24.020000457763672,24.209999084472656,23.75,23.809999465942383,44128100,15.323260307312012
CSCO,CSCO,2009-12-09,23.780000686645508,23.889999389648438,23.440000534057617,23.860000610351562,38449700,15.355440139770508
CSCO,CSCO,2009-12-10,24.0,24.200000762939453,23.809999465942383,23.940000534057617,33704400,15.406923294067383
CSCO,CSCO,2009-12-11,24.040000915527344,24.06999969482422,23.670000076293945,23.770000457763672,27735900,15.297523498535156
CSCO,CSCO,2009-12-14,24.010000228881836,24.149999618530273,23.84000015258789,23.84000015258789,35439600,15.342565536499023
CSCO,CSCO,2009-12-15,23.809999465942383,23.899999618530273,23.469999313354492,23.479999542236328,52394700,15.110884666442871
CSCO,CSCO,2009-12-16,23.56999969482422,23.690000534057617,23.350000381469727,23.450000762939453,41819300,15.091586112976074
CSCO,CSCO,2009-12-17,23.459999084472656,23.469999313354492,23.139999389648438,23.18000030517578,33439200,14.917818069458008
CSCO,CSCO,2009-12-18,23.1299991607666,23.3700008392334,23.020000457763672,23.329999923706055,67220300,15.014350891113281
CSCO,CSCO,2009-12-21,23.530000686645508,23.81999969482422,23.479999542236328,23.639999389648438,35588700,15.213852882385254
CSCO,CSCO,2009-12-22,23.6299991607666,23.8700008392334,23.56999969482422,23.75,27139900,15.284646987915039
CSCO,CSCO,2009-12-23,23.790000915527344,23.93000030517578,23.700000762939453,23.780000686645508,23857600,15.303955078125
CSCO,CSCO,2009-12-24,23.799999237060547,23.989999771118164,23.790000915527344,23.959999084472656,9900600,15.419798851013184
CSCO,CSCO,2009-12-28,23.889999389648438,24.100000381469727,23.809999465942383,24.079999923706055,20191200,15.497028350830078
CSCO,CSCO,2009-12-29,24.030000686645508,24.170000076293945,24.0,24.100000381469727,21897300,15.50990104675293
CSCO,CSCO,2009-12-30,24.010000228881836,24.200000762939453,24.0,24.18000030517578,17202900,15.561381340026855
CSCO,CSCO,2009-12-31,24.100000381469727,24.170000076293945,23.940000534057617,23.940000534057617,25208100,15.406923294067383
CSCO,CSCO,2010-01-04,24.110000610351562,24.84000015258789,24.010000228881836,24.690000534057617,59853700,15.889598846435547
CSCO,CSCO,2010-01-05,24.600000381469727,24.729999542236328,24.3799991607666,24.579999923706055,45124500,15.818807601928711
CSCO,CSCO,2010-01-06,24.540000915527344,24.739999771118164,24.34000015258789,24.420000076293945,35715700,15.715834617614746
CSCO,CSCO,2010-01-07,24.299999237060547,24.56999969482422,24.170000076293945,24.530000686645508,31531200,15.786625862121582
CSCO,CSCO,2010-01-08,24.3799991607666,24.700000762939453,24.25,24.65999984741211,39115900,15.870288848876953
CSCO,CSCO,2010-01-11,24.639999389648438,24.889999389648438,24.40999984741211,24.59000015258789,35852900,15.825242042541504
CSCO,CSCO,2010-01-12,24.440000534057617,24.5,24.079999923706055,24.200000762939453,35780400,15.57425308227539
CSCO,CSCO,2010-01-13,24.280000686645508,24.700000762939453,24.200000762939453,24.639999389648438,43683900,15.857425689697266
CSCO,CSCO,2010-01-14,24.579999923706055,25.079999923706055,24.520000457763672,24.950000762939453,52302100,16.05692481994629
CSCO,CSCO,2010-01-15,25.0,25.100000381469727,24.299999237060547,24.399999618530273,51648100,15.70296573638916
CSCO,CSCO,2010-01-19,24.540000915527344,24.8799991607666,24.5,24.850000381469727,37607500,15.992568969726562
CSCO,CSCO,2010-01-20,24.6200008392334,24.729999542236328,24.1200008392334,24.40999984741211,42125400,15.709397315979004
CSCO,CSCO,2010-01-21,24.510000228881836,24.649999618530273,23.860000610351562,23.979999542236328,54767500,15.432666778564453
CSCO,CSCO,2010-01-22,23.84000015258789,23.93000030517578,22.8700008392334,22.969999313354492,70424300,14.782658576965332
CSCO,CSCO,2010-01-25,23.100000381469727,23.18000030517578,22.739999771118164,22.989999771118164,51288800,14.795536041259766
CSCO,CSCO,2010-01-26,22.799999237060547,23.200000762939453,22.639999389648438,22.899999618530273,55312800,14.737619400024414
CSCO,CSCO,2010-01-27,22.889999389648438,23.260000228881836,22.760000228881836,23.149999618530273,51802900,14.89850902557373
CSCO,CSCO,2010-01-28,23.18000030517578,23.219999313354492,22.350000381469727,22.520000457763672,63620000,14.493063926696777
CSCO,CSCO,2010-01-29,22.950000762939453,23.1299991607666,22.440000534057617,22.469999313354492,73431900,14.460886001586914
CSCO,CSCO,2010-02-01,22.649999618530273,22.940000534057617,22.3799991607666,22.729999542236328,54386100,14.628206253051758
CSCO,CSCO,2010-02-02,22.809999465942383,23.110000610351562,22.510000228881836,23.020000457763672,54108900,14.814846992492676
CSCO,CSCO,2010-02-03,23.15999984741211,23.25,22.850000381469727,23.06999969482422,80035500,14.847028732299805
CSCO,CSCO,2010-02-04,23.40999984741211,23.770000457763672,23.100000381469727,23.15999984741211,126098600,14.904943466186523
CSCO,CSCO,2010-02-05,23.299999237060547,23.8799991607666,23.15999984741211,23.700000762939453,99148600,15.252469062805176
CSCO,CSCO,2010-02-08,23.780000686645508,23.899999618530273,23.479999542236328,23.5,69909000,15.12375259399414
CSCO,CSCO,2010-02-09,23.799999237060547,24.0,23.579999923706055,23.889999389648438,60331600,15.374749183654785
CSCO,CSCO,2010-02-10,23.860000610351562,24.0,23.6200008392334,23.760000228881836,50574100,15.291082382202148
CSCO,CSCO,2010-02-11,23.670000076293945,23.989999771118164,23.540000915527344,23.93000030517578,42458500,15.400494575500488
CSCO,CSCO,2010-02-12,23.719999313354492,23.799999237060547,23.510000228881836,23.760000228881836,56455000,15.291082382202148
CSCO,CSCO,2010-02-16,23.959999084472656,24.0,23.799999237060547,24.0,46758200,15.445538520812988
CSCO,CSCO,2010-02-17,23.989999771118164,24.09000015258789,23.739999771118164,24.06999969482422,48505500,15.49058723449707
CSCO,CSCO,2010-02-18,24.049999237060547,24.360000610351562,23.899999618530273,24.280000686645508,41154700,15.625738143920898
CSCO,CSCO,2010-02-19,24.1299991607666,24.3799991607666,24.059999465942383,24.360000610351562,38781900,15.67722225189209
CSCO,CSCO,2010-02-22,24.389999389648438,24.459999084472656,24.149999618530273,24.299999237060547,31374800,15.638607025146484
CSCO,CSCO,2010-02-23,24.15999984741211,24.229999542236328,23.829999923706055,24.049999237060547,36286000,15.477718353271484
CSCO,CSCO,2010-02-24,24.09000015258789,24.450000762939453,24.09000015258789,24.34000015258789,33182100,15.664355278015137
CSCO,CSCO,2010-02-25,24.0,24.389999389648438,23.8700008392334,24.329999923706055,37112100,15.657912254333496
CSCO,CSCO,2010-02-26,24.360000610351562,24.459999084472656,24.209999084472656,24.329999923706055,30719800,15.657912254333496
CSCO,CSCO,2010-03-01,24.329999923706055,24.649999618530273,24.31999969482422,24.600000381469727,41777800,15.83167839050293
CSCO,CSCO,2010-03-02,24.65999984741211,24.75,24.440000534057617,24.610000610351562,51403800,15.838109016418457
CSCO,CSCO,2010-03-03,24.700000762939453,24.93000030517578,24.600000381469727,24.84000015258789,50693400,15.986137390136719
CSCO,CSCO,2010-03-04,24.84000015258789,24.979999542236328,24.65999984741211,24.950000762939453,40262000,16.05692481994629
CSCO,CSCO,2010-03-05,24.969999313354492,25.239999771118164,24.920000076293945,25.209999084472656,57057100,16.2242488861084
CSCO,CSCO,2010-03-08,25.309999465942383,26.360000610351562,25.260000228881836,26.1299991607666,116178200,16.816329956054688
CSCO,CSCO,2010-03-09,26.329999923706055,26.479999542236328,25.700000762939453,26.1299991607666,160887600,16.816329956054688
CSCO,CSCO,2010-03-10,25.850000381469727,26.059999465942383,25.75,25.8700008392334,69660800,16.649002075195312
CSCO,CSCO,2010-03-11,25.790000915527344,25.979999542236328,25.719999313354492,25.969999313354492,37340500,16.713359832763672
CSCO,CSCO,2010-03-12,26.0,26.030000686645508,25.780000686645508,25.8799991607666,31167200,16.655433654785156
CSCO,CSCO,2010-03-15,25.760000228881836,26.09000015258789,25.739999771118164,26.079999923706055,36759300,16.784151077270508
CSCO,CSCO,2010-03-16,26.030000686645508,26.34000015258789,26.010000228881836,26.149999618530273,53887500,16.829204559326172
CSCO,CSCO,2010-03-17,26.200000762939453,26.399999618530273,26.18000030517578,26.260000228881836,32456000,16.899991989135742
CSCO,CSCO,2010-03-18,26.239999771118164,26.43000030517578,26.219999313354492,26.34000015258789,27088000,16.951475143432617
CSCO,CSCO,2010-03-19,26.3700008392334,26.440000534057617,26.06999969482422,26.149999618530273,55661800,16.829204559326172
CSCO,CSCO,2010-03-22,25.920000076293945,26.3799991607666,25.889999389648438,26.280000686645508,31899500,16.912864685058594
CSCO,CSCO,2010-03-23,26.190000534057617,26.75,26.170000076293945,26.639999389648438,48863100,17.144546508789062
CSCO,CSCO,2010-03-24,26.559999465942383,26.6200008392334,26.440000534057617,26.450000762939453,35293400,17.02227020263672
CSCO,CSCO,2010-03-25,26.65999984741211,26.850000381469727,26.420000076293945,26.43000030517578,35137800,17.009397506713867
CSCO,CSCO,2010-03-26,26.440000534057617,26.75,26.34000015258789,26.469999313354492,37524500,17.035139083862305
CSCO,CSCO,2010-03-29,26.610000610351562,26.690000534057617,26.450000762939453,26.510000228881836,30387800,17.060890197753906
CSCO,CSCO,2010-03-30,26.639999389648438,26.709999084472656,26.34000015258789,26.649999618530273,32975900,17.15097999572754
CSCO,CSCO,2010-03-31,26.520000457763672,26.610000610351562,25.959999084472656,26.030000686645508,54745100,16.751972198486328
CSCO,CSCO,2010-04-01,26.200000762939453,26.299999237060547,25.65999984741211,25.829999923706055,56193700,16.623260498046875
CSCO,CSCO,2010-04-05,25.8700008392334,26.239999771118164,25.799999237060547,26.170000076293945,34804200,16.842079162597656
CSCO,CSCO,2010-04-06,26.1299991607666,26.3799991607666,26.049999237060547,26.219999313354492,31121900,16.874248504638672
CSCO,CSCO,2010-04-07,26.100000381469727,26.59000015258789,26.100000381469727,26.34000015258789,43837800,16.951475143432617
CSCO,CSCO,2010-04-08,26.280000686645508,26.389999389648438,26.0,26.280000686645508,38623400,16.912864685058594
CSCO,CSCO,2010-04-09,26.280000686645508,26.639999389648438,26.219999313354492,26.600000381469727,34610800,17.118803024291992
CSCO,CSCO,2010-04-12,26.56999969482422,26.739999771118164,26.489999771118164,26.530000686645508,28374400,17.073755264282227
CSCO,CSCO,2010-04-13,26.450000762939453,26.5,26.170000076293945,26.440000534057617,42863900,17.01583480834961
CSCO,CSCO,2010-04-14,26.6299991607666,26.93000030517578,26.559999465942383,26.8799991607666,44610100,17.298999786376953
CSCO,CSCO,2010-04-15,27.0,27.25,26.950000762939453,27.209999084472656,47016500,17.511377334594727
CSCO,CSCO,2010-04-16,27.149999618530273,27.440000534057617,26.790000915527344,26.979999542236328,68523400,17.363361358642578
CSCO,CSCO,2010-04-19,26.93000030517578,27.110000610351562,26.549999237060547,27.06999969482422,43888900,17.421279907226562
CSCO,CSCO,2010-04-20,27.190000534057617,27.450000762939453,27.059999465942383,27.18000030517578,47166000,17.492067337036133
CSCO,CSCO,2010-04-21,27.170000076293945,27.399999618530273,27.1200008392334,27.239999771118164,42737800,17.530685424804688
CSCO,CSCO,2010-04-22,27.079999923706055,27.3700008392334,26.719999313354492,27.31999969482422,44843600,17.582170486450195
CSCO,CSCO,2010-04-23,27.3799991607666,27.510000228881836,27.209999084472656,27.469999313354492,39305500,17.678709030151367
CSCO,CSCO,2010-04-26,27.579999923706055,27.700000762939453,27.479999542236328,27.56999969482422,35663400,17.74306297302246
CSCO,CSCO,2010-04-27,27.40999984741211,27.579999923706055,26.729999542236328,27.010000228881836,57167400,17.38266372680664
CSCO,CSCO,2010-04-28,27.110000610351562,27.3799991607666,26.81999969482422,27.040000915527344,54475300,17.401968002319336
CSCO,CSCO,2010-04-29,27.100000381469727,27.639999389648438,27.100000381469727,27.530000686645508,41865500,17.71732521057129
CSCO,CSCO,2010-04-30,27.68000030517578,27.739999771118164,26.920000076293945,26.93000030517578,41886700,17.331178665161133
CSCO,CSCO,2010-05-03,27.030000686645508,27.690000534057617,27.010000228881836,27.540000915527344,44974900,17.723751068115234
CSCO,CSCO,2010-05-04,27.239999771118164,27.25,26.399999618530273,26.559999465942383,52347200,17.093067169189453
CSCO,CSCO,2010-05-05,26.309999465942383,26.81999969482422,26.149999618530273,26.549999237060547,49889300,17.086627960205078
CSCO,CSCO,2010-05-06,26.399999618530273,26.649999618530273,23.229999542236328,25.489999771118164,97908000,16.404447555541992
CSCO,CSCO,2010-05-07,25.520000457763672,25.639999389648438,24.329999923706055,24.709999084472656,95894500,15.902470588684082
CSCO,CSCO,2010-05-10,26.1200008392334,26.530000686645508,25.899999618530273,26.1299991607666,74912200,16.816329956054688
CSCO,CSCO,2010-05-11,26.059999465942383,26.770000457763672,25.81999969482422,25.959999084472656,53718000,16.706926345825195
CSCO,CSCO,2010-05-12,26.219999313354492,26.799999237060547,26.190000534057617,26.739999771118164,66161700,17.208900451660156
CSCO,CSCO,2010-05-13,26.09000015258789,26.100000381469727,25.3700008392334,25.530000686645508,143656300,16.430191040039062
CSCO,CSCO,2010-05-14,25.260000228881836,25.299999237060547,24.690000534057617,24.940000534057617,82159400,16.05048370361328
CSCO,CSCO,2010-05-17,24.969999313354492,24.979999542236328,24.260000228881836,24.8700008392334,72483200,16.005434036254883
CSCO,CSCO,2010-05-18,25.0,25.020000457763672,24.18000030517578,24.360000610351562,59688900,15.67722225189209
CSCO,CSCO,2010-05-19,24.229999542236328,24.520000457763672,23.969999313354492,24.260000228881836,62394300,15.612858772277832
CSCO,CSCO,2010-05-20,23.559999465942383,23.889999389648438,23.1299991607666,23.309999465942383,97381300,15.001485824584961
CSCO,CSCO,2010-05-21,22.670000076293945,23.510000228881836,22.559999465942383,23.459999084472656,88178000,15.098013877868652
CSCO,CSCO,2010-05-24,23.459999084472656,23.700000762939453,23.1299991607666,23.3700008392334,48173300,15.040094375610352
CSCO,CSCO,2010-05-25,22.729999542236328,23.309999465942383,22.600000381469727,23.309999465942383,64859000,15.001485824584961
CSCO,CSCO,2010-05-26,23.559999465942383,23.75,22.84000015258789,22.889999389648438,72466100,14.731180191040039
CSCO,CSCO,2010-05-27,23.389999389648438,23.68000030517578,23.020000457763672,23.670000076293945,59790400,15.233163833618164
CSCO,CSCO,2010-05-28,23.520000457763672,23.56999969482422,22.989999771118164,23.15999984741211,56435900,14.904943466186523
CSCO,CSCO,2010-06-01,22.940000534057617,23.479999542236328,22.920000076293945,23.0,56341200,14.801970481872559
CSCO,CSCO,2010-06-02,23.06999969482422,23.3700008392334,22.739999771118164,23.350000381469727,45748300,15.027222633361816
CSCO,CSCO,2010-06-03,23.489999771118164,23.770000457763672,23.270000457763672,23.719999313354492,49009800,15.265336990356445
CSCO,CSCO,2010-06-04,23.31999969482422,23.549999237060547,22.760000228881836,22.959999084472656,60603900,14.77623176574707
CSCO,CSCO,2010-06-07,23.010000228881836,23.290000915527344,22.68000030517578,22.760000228881836,50257700,14.647523880004883
CSCO,CSCO,2010-06-08,22.90999984741211,23.0,22.520000457763672,22.959999084472656,71516900,14.77623176574707
CSCO,CSCO,2010-06-09,23.020000457763672,23.450000762939453,22.739999771118164,22.780000686645508,47727700,14.660393714904785
CSCO,CSCO,2010-06-10,23.0,23.100000381469727,22.510000228881836,22.770000457763672,98936100,14.653958320617676
CSCO,CSCO,2010-06-11,22.530000686645508,22.989999771118164,22.520000457763672,22.90999984741211,56318300,14.744053840637207
CSCO,CSCO,2010-06-14,23.079999923706055,23.280000686645508,22.729999542236328,22.760000228881836,57270100,14.647523880004883
CSCO,CSCO,2010-06-15,22.81999969482422,23.450000762939453,22.799999237060547,23.329999923706055,77834700,15.014350891113281
CSCO,CSCO,2010-06-16,23.110000610351562,23.780000686645508,23.09000015258789,23.290000915527344,73638000,14.988611221313477
CSCO,CSCO,2010-06-17,23.489999771118164,23.5,23.049999237060547,23.170000076293945,52811800,14.911376953125
CSCO,CSCO,2010-06-18,23.280000686645508,23.649999618530273,23.149999618530273,23.489999771118164,52422500,15.117319107055664
CSCO,CSCO,2010-06-21,23.84000015258789,23.940000534057617,23.1299991607666,23.34000015258789,54836700,15.02078628540039
CSCO,CSCO,2010-06-22,23.31999969482422,23.649999618530273,22.920000076293945,22.969999313354492,42148200,14.782658576965332
CSCO,CSCO,2010-06-23,23.110000610351562,23.139999389648438,22.639999389648438,22.860000610351562,54086100,14.711878776550293
CSCO,CSCO,2010-06-24,22.68000030517578,22.979999542236328,22.469999313354492,22.56999969482422,58002300,14.525245666503906
CSCO,CSCO,2010-06-25,22.59000015258789,22.670000076293945,22.110000610351562,22.18000030517578,76899200,14.274253845214844
CSCO,CSCO,2010-06-28,22.299999237060547,22.75,22.290000915527344,22.420000076293945,43365000,14.428709030151367
CSCO,CSCO,2010-06-29,22.149999618530273,22.190000534057617,21.399999618530273,21.6200008392334,68951400,13.913858413696289
CSCO,CSCO,2010-06-30,21.520000457763672,21.729999542236328,21.239999771118164,21.309999465942383,57128000,13.71435546875
CSCO,CSCO,2010-07-01,21.200000762939453,21.489999771118164,20.93000030517578,21.260000228881836,66345400,13.682172775268555
CSCO,CSCO,2010-07-02,21.209999084472656,21.309999465942383,20.989999771118164,21.1299991607666,46262200,13.59851360321045
CSCO,CSCO,2010-07-06,21.420000076293945,21.670000076293945,21.049999237060547,21.34000015258789,51187800,13.733657836914062
CSCO,CSCO,2010-07-07,21.489999771118164,22.489999771118164,21.450000762939453,22.479999542236328,70496900,14.467316627502441
CSCO,CSCO,2010-07-08,22.670000076293945,22.790000915527344,22.149999618530273,22.549999237060547,55310300,14.512372016906738
CSCO,CSCO,2010-07-09,22.549999237060547,22.809999465942383,22.43000030517578,22.700000762939453,41488800,14.60891056060791
CSCO,CSCO,2010-07-12,22.610000610351562,22.979999542236328,22.610000610351562,22.860000610351562,30563100,14.711878776550293
CSCO,CSCO,2010-07-13,23.040000915527344,23.280000686645508,22.989999771118164,23.09000015258789,45007700,14.859892845153809
CSCO,CSCO,2010-07-14,23.43000030517578,23.889999389648438,23.389999389648438,23.739999771118164,61467200,15.278215408325195
CSCO,CSCO,2010-07-15,23.700000762939453,23.959999084472656,23.420000076293945,23.920000076293945,51771300,15.394057273864746
CSCO,CSCO,2010-07-16,23.8700008392334,23.8700008392334,22.610000610351562,22.75,77069000,14.641085624694824
CSCO,CSCO,2010-07-19,22.8700008392334,23.030000686645508,22.549999237060547,22.729999542236328,54701900,14.628206253051758
CSCO,CSCO,2010-07-20,22.270000457763672,23.079999923706055,22.049999237060547,23.049999237060547,66161600,14.834155082702637
CSCO,CSCO,2010-07-21,23.059999465942383,23.219999313354492,22.399999618530273,22.559999465942383,45752100,14.51880168914795
CSCO,CSCO,2010-07-22,22.729999542236328,23.360000610351562,22.729999542236328,23.270000457763672,57947100,14.975737571716309
CSCO,CSCO,2010-07-23,23.15999984741211,23.40999984741211,23.010000228881836,23.350000381469727,39345400,15.027222633361816
CSCO,CSCO,2010-07-26,23.31999969482422,23.610000610351562,23.200000762939453,23.610000610351562,38325000,15.194547653198242
CSCO,CSCO,2010-07-27,23.68000030517578,23.719999313354492,23.200000762939453,23.299999237060547,47984200,14.995044708251953
CSCO,CSCO,2010-07-28,23.290000915527344,23.6200008392334,23.25,23.389999389648438,41757900,15.052964210510254
CSCO,CSCO,2010-07-29,23.530000686645508,26.0,22.959999084472656,23.209999084472656,37489200,14.937121391296387
CSCO,CSCO,2010-07-30,23.020000457763672,23.399999618530273,22.8799991607666,23.06999969482422,42185400,14.847028732299805
CSCO,CSCO,2010-08-02,23.43000030517578,23.940000534057617,23.399999618530273,23.799999237060547,43032200,15.316823959350586
CSCO,CSCO,2010-08-03,23.84000015258789,23.889999389648438,23.6200008392334,23.81999969482422,27135900,15.329695701599121
CSCO,CSCO,2010-08-04,23.790000915527344,24.25,23.780000686645508,24.139999389648438,48329300,15.535636901855469
CSCO,CSCO,2010-08-05,24.030000686645508,24.18000030517578,23.829999923706055,24.170000076293945,30206900,15.554941177368164
CSCO,CSCO,2010-08-06,23.920000076293945,24.170000076293945,23.600000381469727,24.06999969482422,40439300,15.49058723449707
CSCO,CSCO,2010-08-09,24.209999084472656,24.8700008392334,24.200000762939453,24.770000457763672,64011100,15.941084861755371
CSCO,CSCO,2010-08-10,24.459999084472656,24.59000015258789,24.15999984741211,24.309999465942383,59163700,15.645045280456543
CSCO,CSCO,2010-08-11,23.860000610351562,23.950000762939453,23.450000762939453,23.729999542236328,71535700,15.27177619934082
CSCO,CSCO,2010-08-12,21.420000076293945,21.610000610351562,21.0,21.360000610351562,227307900,13.746527671813965
CSCO,CSCO,2010-08-13,21.510000228881836,21.579999923706055,21.25,21.360000610351562,67924100,13.746527671813965
CSCO,CSCO,2010-08-16,21.239999771118164,22.1200008392334,21.219999313354492,21.90999984741211,88596200,14.10049057006836
CSCO,CSCO,2010-08-17,22.06999969482422,22.290000915527344,21.950000762939453,22.049999237060547,82948700,14.190585136413574
CSCO,CSCO,2010-08-18,22.040000915527344,22.510000228881836,22.020000457763672,22.40999984741211,73044200,14.422269821166992
CSCO,CSCO,2010-08-19,22.34000015258789,22.5,22.010000228881836,22.219999313354492,71331800,14.299993515014648
CSCO,CSCO,2010-08-20,22.190000534057617,22.40999984741211,22.1299991607666,22.229999542236328,54657100,14.306432723999023
CSCO,CSCO,2010-08-23,22.469999313354492,22.479999542236328,21.649999618530273,21.68000030517578,49300700,13.952469825744629
CSCO,CSCO,2010-08-24,21.43000030517578,21.450000762939453,21.100000381469727,21.1299991607666,74151900,13.59851360321045
CSCO,CSCO,2010-08-25,20.989999771118164,21.350000381469727,20.81999969482422,21.209999084472656,54311000,13.64999771118164
CSCO,CSCO,2010-08-26,21.18000030517578,21.309999465942383,20.690000534057617,20.700000762939453,53499700,13.321775436401367
CSCO,CSCO,2010-08-27,20.84000015258789,20.940000534057617,20.360000610351562,20.809999465942383,62116800,13.392566680908203
CSCO,CSCO,2010-08-30,20.799999237060547,20.889999389648438,20.290000915527344,20.31999969482422,58983000,13.077225685119629
CSCO,CSCO,2010-08-31,20.110000610351562,20.3700008392334,19.81999969482422,19.989999771118164,94440300,12.864842414855957
CSCO,CSCO,2010-09-01,20.350000381469727,20.700000762939453,20.25,20.260000228881836,80173000,13.038606643676758
CSCO,CSCO,2010-09-02,20.479999542236328,20.700000762939453,20.309999465942383,20.520000457763672,59439000,13.205941200256348
CSCO,CSCO,2010-09-03,20.969999313354492,21.1299991607666,20.760000228881836,21.040000915527344,54485200,13.540593147277832
CSCO,CSCO,2010-09-07,20.899999618530273,20.989999771118164,20.530000686645508,20.579999923706055,60556800,13.244546890258789
CSCO,CSCO,2010-09-08,20.68000030517578,20.889999389648438,20.549999237060547,20.639999389648438,40603000,13.283163070678711
CSCO,CSCO,2010-09-09,20.959999084472656,21.049999237060547,20.579999923706055,20.610000610351562,43601000,13.263859748840332
CSCO,CSCO,2010-09-10,20.6299991607666,20.68000030517578,20.31999969482422,20.6200008392334,48400600,13.270291328430176
CSCO,CSCO,2010-09-13,20.920000076293945,21.34000015258789,20.860000610351562,21.260000228881836,62445900,13.682172775268555
CSCO,CSCO,2010-09-14,21.360000610351562,22.170000076293945,21.209999084472656,21.450000762939453,109222400,13.80445384979248
CSCO,CSCO,2010-09-15,21.540000915527344,21.860000610351562,21.489999771118164,21.59000015258789,60902400,13.894550323486328
CSCO,CSCO,2010-09-16,21.579999923706055,21.959999084472656,21.520000457763672,21.93000030517578,47579200,14.113356590270996
CSCO,CSCO,2010-09-17,22.06999969482422,22.1200008392334,21.770000457763672,21.860000610351562,54756000,14.068317413330078
CSCO,CSCO,2010-09-20,21.969999313354492,21.989999771118164,21.639999389648438,21.75,55723700,13.997517585754395
CSCO,CSCO,2010-09-21,21.780000686645508,21.959999084472656,21.3700008392334,21.639999389648438,69743300,13.926727294921875
CSCO,CSCO,2010-09-22,21.670000076293945,21.889999389648438,21.399999618530273,21.670000076293945,49272200,13.946030616760254
CSCO,CSCO,2010-09-23,21.549999237060547,21.809999465942383,21.43000030517578,21.530000686645508,36037000,13.855937004089355
CSCO,CSCO,2010-09-24,21.84000015258789,22.25,21.75,22.09000015258789,54235100,14.216330528259277
CSCO,CSCO,2010-09-27,22.010000228881836,22.309999465942383,21.860000610351562,22.110000610351562,48649000,14.229199409484863
CSCO,CSCO,2010-09-28,22.0,22.110000610351562,21.450000762939453,21.860000610351562,64748400,14.068317413330078
CSCO,CSCO,2010-09-29,21.6299991607666,21.90999984741211,21.559999465942383,21.8700008392334,46307300,14.074745178222656
CSCO,CSCO,2010-09-30,22.049999237060547,22.280000686645508,21.670000076293945,21.899999618530273,56848900,14.094053268432617
CSCO,CSCO,2010-10-01,22.1200008392334,22.219999313354492,21.780000686645508,21.90999984741211,42184000,14.10049057006836
CSCO,CSCO,2010-10-04,21.809999465942383,22.0,21.5,21.760000228881836,31731200,14.003951072692871
CSCO,CSCO,2010-10-05,22.020000457763672,22.1200008392334,21.770000457763672,21.989999771118164,59683800,14.15197467803955
CSCO,CSCO,2010-10-06,22.030000686645508,22.399999618530273,22.010000228881836,22.299999237060547,52793100,14.351483345031738
CSCO,CSCO,2010-10-07,22.469999313354492,22.5,22.110000610351562,22.389999389648438,37842400,14.409400939941406
CSCO,CSCO,2010-10-08,22.3700008392334,22.520000457763672,22.09000015258789,22.479999542236328,37806400,14.467316627502441
CSCO,CSCO,2010-10-11,22.479999542236328,22.649999618530273,22.3799991607666,22.469999313354492,28434500,14.460886001586914
CSCO,CSCO,2010-10-12,22.3799991607666,22.75,22.270000457763672,22.6200008392334,35299100,14.557416915893555
CSCO,CSCO,2010-10-13,22.93000030517578,23.399999618530273,22.829999923706055,23.18000030517578,66127100,14.917818069458008
CSCO,CSCO,2010-10-14,23.260000228881836,23.299999237060547,22.850000381469727,23.06999969482422,38847200,14.847028732299805
CSCO,CSCO,2010-10-15,23.239999771118164,23.399999618530273,23.0,23.360000610351562,50265800,15.03365707397461
CSCO,CSCO,2010-10-18,23.350000381469727,23.5,23.229999542236328,23.299999237060547,40606700,14.995044708251953
CSCO,CSCO,2010-10-19,23.100000381469727,23.18000030517578,22.760000228881836,22.969999313354492,53769400,14.782658576965332
CSCO,CSCO,2010-10-20,22.90999984741211,23.579999923706055,22.90999984741211,23.399999618530273,44947300,15.059405326843262
CSCO,CSCO,2010-10-21,23.479999542236328,23.549999237060547,22.979999542236328,23.260000228881836,38509300,14.969305992126465
CSCO,CSCO,2010-10-22,23.25,23.489999771118164,23.18000030517578,23.479999542236328,23672100,15.110884666442871
CSCO,CSCO,2010-10-25,23.6299991607666,23.899999618530273,23.56999969482422,23.610000610351562,37084400,15.194547653198242
CSCO,CSCO,2010-10-26,23.489999771118164,23.75,23.360000610351562,23.399999618530273,37680000,15.059405326843262
CSCO,CSCO,2010-10-27,23.25,23.360000610351562,23.030000686645508,23.290000915527344,39164400,14.988611221313477
CSCO,CSCO,2010-10-28,23.43000030517578,23.489999771118164,23.06999969482422,23.190000534057617,33677600,14.924250602722168
CSCO,CSCO,2010-10-29,23.1200008392334,23.219999313354492,22.81999969482422,22.860000610351562,44587900,14.711878776550293
CSCO,CSCO,2010-11-01,22.950000762939453,23.299999237060547,22.8799991607666,22.920000076293945,49174300,14.750496864318848
CSCO,CSCO,2010-11-02,23.170000076293945,23.299999237060547,23.059999465942383,23.170000076293945,37374800,14.911376953125
CSCO,CSCO,2010-11-03,23.290000915527344,23.739999771118164,23.18000030517578,23.709999084472656,53861200,15.258901596069336
CSCO,CSCO,2010-11-04,23.920000076293945,24.34000015258789,23.889999389648438,24.209999084472656,55897800,15.580689430236816
CSCO,CSCO,2010-11-05,24.260000228881836,24.34000015258789,23.8799991607666,24.260000228881836,41012300,15.612858772277832
CSCO,CSCO,2010-11-08,24.350000381469727,24.579999923706055,24.280000686645508,24.389999389648438,40378100,15.696534156799316
CSCO,CSCO,2010-11-09,24.489999771118164,24.600000381469727,24.18000030517578,24.350000381469727,51149000,15.670788764953613
CSCO,CSCO,2010-11-10,24.290000915527344,24.510000228881836,23.989999771118164,24.489999771118164,115576200,15.760885238647461
CSCO,CSCO,2010-11-11,20.459999084472656,20.959999084472656,20.25,20.520000457763672,553080300,13.205941200256348
CSCO,CSCO,2010-11-12,20.6200008392334,20.670000076293945,20.030000686645508,20.149999618530273,234765700,12.967814445495605
CSCO,CSCO,2010-11-15,20.3700008392334,20.3700008392334,19.920000076293945,19.950000762939453,137862000,12.839102745056152
CSCO,CSCO,2010-11-16,19.8799991607666,19.940000534057617,19.34000015258789,19.440000534057617,212301700,12.510884284973145
CSCO,CSCO,2010-11-17,19.6200008392334,19.68000030517578,19.389999389648438,19.40999984741211,112439000,12.491579055786133
CSCO,CSCO,2010-11-18,19.729999542236328,19.799999237060547,19.530000686645508,19.610000610351562,102255900,12.620292663574219
CSCO,CSCO,2010-11-19,19.829999923706055,19.84000015258789,19.5,19.610000610351562,100759700,12.620292663574219
CSCO,CSCO,2010-11-22,19.649999618530273,19.68000030517578,19.3799991607666,19.559999465942383,65402000,12.588114738464355
CSCO,CSCO,2010-11-23,19.440000534057617,19.440000534057617,19.18000030517578,19.200000762939453,91969500,12.356430053710938
CSCO,CSCO,2010-11-24,19.329999923706055,19.549999237060547,19.31999969482422,19.459999084472656,63880400,12.523758888244629
CSCO,CSCO,2010-11-26,19.489999771118164,19.719999313354492,19.40999984741211,19.489999771118164,26257400,12.543065071105957
CSCO,CSCO,2010-11-29,19.469999313354492,19.540000915527344,19.229999542236328,19.440000534057617,51951000,12.510884284973145
CSCO,CSCO,2010-11-30,19.239999771118164,19.350000381469727,19.1299991607666,19.15999984741211,63406700,12.330689430236816
CSCO,CSCO,2010-12-01,19.34000015258789,19.389999389648438,19.260000228881836,19.31999969482422,79322800,12.433660507202148
CSCO,CSCO,2010-12-02,19.360000610351562,19.399999618530273,19.1200008392334,19.219999313354492,113636300,12.369301795959473
CSCO,CSCO,2010-12-03,19.15999984741211,19.170000076293945,19.0,19.06999969482422,89385000,12.272767066955566
CSCO,CSCO,2010-12-06,19.309999465942383,19.600000381469727,19.270000457763672,19.43000030517578,79017400,12.504450798034668
CSCO,CSCO,2010-12-07,19.700000762939453,19.700000762939453,19.360000610351562,19.389999389648438,74980300,12.478706359863281
CSCO,CSCO,2010-12-08,19.3700008392334,19.450000762939453,19.309999465942383,19.350000381469727,53976900,12.45296859741211
CSCO,CSCO,2010-12-09,19.489999771118164,19.81999969482422,19.389999389648438,19.700000762939453,91965400,12.678214073181152
CSCO,CSCO,2010-12-10,19.75,19.760000228881836,19.510000228881836,19.700000762939453,64813100,12.678214073181152
CSCO,CSCO,2010-12-13,19.850000381469727,19.920000076293945,19.559999465942383,19.579999923706055,62987200,12.60098648071289
CSCO,CSCO,2010-12-14,19.649999618530273,19.8700008392334,19.520000457763672,19.540000915527344,57015900,12.57524585723877
CSCO,CSCO,2010-12-15,19.579999923706055,19.670000076293945,19.43000030517578,19.469999313354492,57939500,12.530194282531738
CSCO,CSCO,2010-12-16,19.440000534057617,19.760000228881836,19.43000030517578,19.75,61253000,12.7103910446167
CSCO,CSCO,2010-12-17,19.700000762939453,19.780000686645508,19.5,19.549999237060547,115525000,12.58167839050293
CSCO,CSCO,2010-12-20,19.579999923706055,19.719999313354492,19.520000457763672,19.6200008392334,49113500,12.626727104187012
CSCO,CSCO,2010-12-21,19.639999389648438,19.770000457763672,19.5,19.530000686645508,62386300,12.568809509277344
CSCO,CSCO,2010-12-22,19.540000915527344,19.56999969482422,19.510000228881836,19.559999465942383,42787100,12.588114738464355
CSCO,CSCO,2010-12-23,19.540000915527344,19.760000228881836,19.5,19.690000534057617,41599200,12.671775817871094
CSCO,CSCO,2010-12-27,19.84000015258789,20.399999618530273,19.809999465942383,20.15999984741211,62054900,12.974255561828613
CSCO,CSCO,2010-12-28,20.3700008392334,20.510000228881836,20.280000686645508,20.350000381469727,57275400,13.096534729003906
CSCO,CSCO,2010-12-29,20.489999771118164,20.510000228881836,20.25,20.25,32977000,13.032173156738281
CSCO,CSCO,2010-12-30,20.31999969482422,20.350000381469727,20.209999084472656,20.229999542236328,25576700,13.019299507141113
CSCO,CSCO,2010-12-31,20.239999771118164,20.239999771118164,20.079999923706055,20.229999542236328,28677200,13.019299507141113
CSCO,CSCO,2011-01-03,20.450000762939453,20.6200008392334,20.3799991607666,20.489999771118164,54310200,13.186627388000488
CSCO,CSCO,2011-01-04,20.510000228881836,20.600000381469727,20.399999618530273,20.520000457763672,46273800,13.205941200256348
CSCO,CSCO,2011-01-05,20.579999923706055,20.850000381469727,20.530000686645508,20.770000457763672,69380400,13.366822242736816
CSCO,CSCO,2011-01-06,20.90999984741211,20.959999084472656,20.760000228881836,20.950000762939453,65845400,13.482664108276367
CSCO,CSCO,2011-01-07,20.860000610351562,21.0,20.829999923706055,20.969999313354492,67732200,13.495540618896484
CSCO,CSCO,2011-01-10,20.940000534057617,20.950000762939453,20.700000762939453,20.790000915527344,40679700,13.379693984985352
CSCO,CSCO,2011-01-11,20.899999618530273,20.959999084472656,20.790000915527344,20.8799991607666,38343800,13.4376220703125
CSCO,CSCO,2011-01-12,21.0,21.139999389648438,20.959999084472656,21.1200008392334,40646100,13.592071533203125
CSCO,CSCO,2011-01-13,21.18000030517578,21.229999542236328,21.010000228881836,21.079999923706055,35006700,13.56633186340332
CSCO,CSCO,2011-01-14,21.1299991607666,21.239999771118164,21.059999465942383,21.209999084472656,35176400,13.64999771118164
CSCO,CSCO,2011-01-18,21.219999313354492,21.329999923706055,21.209999084472656,21.219999313354492,46668500,13.656431198120117
CSCO,CSCO,2011-01-19,21.31999969482422,21.329999923706055,20.700000762939453,20.81999969482422,53574600,13.398998260498047
CSCO,CSCO,2011-01-20,20.610000610351562,20.90999984741211,20.5,20.770000457763672,53291700,13.366822242736816
CSCO,CSCO,2011-01-21,20.969999313354492,20.979999542236328,20.68000030517578,20.729999542236328,40172600,13.341082572937012
CSCO,CSCO,2011-01-24,20.84000015258789,21.18000030517578,20.729999542236328,21.170000076293945,44068400,13.624251365661621
CSCO,CSCO,2011-01-25,21.15999984741211,21.56999969482422,21.079999923706055,21.540000915527344,72726400,13.862370491027832
CSCO,CSCO,2011-01-26,21.479999542236328,21.610000610351562,21.260000228881836,21.420000076293945,65525000,13.785141944885254
CSCO,CSCO,2011-01-27,21.3700008392334,21.489999771118164,21.260000228881836,21.440000534057617,36827200,13.798012733459473
CSCO,CSCO,2011-01-28,21.489999771118164,21.56999969482422,20.860000610351562,20.93000030517578,46540500,13.469796180725098
CSCO,CSCO,2011-01-31,20.93000030517578,21.18000030517578,20.709999084472656,21.149999618530273,40390800,13.611381530761719
CSCO,CSCO,2011-02-01,21.270000457763672,21.559999465942383,21.260000228881836,21.469999313354492,40519800,13.817327499389648
CSCO,CSCO,2011-02-02,21.520000457763672,21.690000534057617,21.420000076293945,21.6200008392334,41287400,13.913858413696289
CSCO,CSCO,2011-02-03,21.700000762939453,21.969999313354492,21.649999618530273,21.90999984741211,54002000,14.10049057006836
CSCO,CSCO,2011-02-04,21.899999618530273,22.149999618530273,21.809999465942383,22.049999237060547,60134800,14.190585136413574
CSCO,CSCO,2011-02-07,22.110000610351562,22.34000015258789,22.030000686645508,22.030000686645508,52408400,14.177720069885254
CSCO,CSCO,2011-02-08,21.950000762939453,22.010000228881836,21.709999084472656,21.989999771118164,73163000,14.15197467803955
CSCO,CSCO,2011-02-09,21.920000076293945,22.149999618530273,21.899999618530273,22.040000915527344,125425600,14.184150695800781
CSCO,CSCO,2011-02-10,19.649999618530273,19.700000762939453,18.790000915527344,18.920000076293945,560040200,12.176231384277344
CSCO,CSCO,2011-02-11,19.110000610351562,19.139999389648438,18.610000610351562,18.700000762939453,189326900,12.034650802612305
CSCO,CSCO,2011-02-14,18.84000015258789,18.950000762939453,18.68000030517578,18.809999465942383,109308400,12.105443000793457
CSCO,CSCO,2011-02-15,18.889999389648438,18.920000076293945,18.6299991607666,18.670000076293945,90320500,12.015338897705078
CSCO,CSCO,2011-02-16,18.770000457763672,18.790000915527344,18.559999465942383,18.579999923706055,101531800,11.957419395446777
CSCO,CSCO,2011-02-17,18.6299991607666,18.760000228881836,18.579999923706055,18.68000030517578,89097600,12.02177619934082
CSCO,CSCO,2011-02-18,18.739999771118164,19.020000457763672,18.68000030517578,18.850000381469727,90035800,12.131184577941895
CSCO,CSCO,2011-02-22,18.729999542236328,18.739999771118164,18.549999237060547,18.59000015258789,74954500,11.963858604431152
CSCO,CSCO,2011-02-23,18.56999969482422,18.65999984741211,18.290000915527344,18.399999618530273,89185300,11.841583251953125
CSCO,CSCO,2011-02-24,18.389999389648438,18.510000228881836,18.229999542236328,18.360000610351562,71863700,11.815834999084473
CSCO,CSCO,2011-02-25,18.510000228881836,18.700000762939453,18.469999313354492,18.639999389648438,49209600,11.996033668518066
CSCO,CSCO,2011-02-28,18.6200008392334,18.75,18.510000228881836,18.559999465942383,62256300,11.944547653198242
CSCO,CSCO,2011-03-01,18.670000076293945,18.790000915527344,18.5,18.559999465942383,61977900,11.944547653198242
CSCO,CSCO,2011-03-02,18.489999771118164,18.6200008392334,18.440000534057617,18.5,63392600,11.905936241149902
CSCO,CSCO,2011-03-03,18.6299991607666,18.649999618530273,18.5,18.530000686645508,57031300,11.92524242401123
CSCO,CSCO,2011-03-04,18.530000686645508,18.59000015258789,18.309999465942383,18.399999618530273,57403000,11.841583251953125
CSCO,CSCO,2011-03-07,18.360000610351562,18.3700008392334,18.030000686645508,18.200000762939453,70862500,11.712867736816406
CSCO,CSCO,2011-03-08,18.170000076293945,18.299999237060547,18.020000457763672,18.219999313354492,54964300,11.725738525390625
CSCO,CSCO,2011-03-09,18.110000610351562,18.200000762939453,18.020000457763672,18.1200008392334,53213800,11.661381721496582
CSCO,CSCO,2011-03-10,18.040000915527344,18.06999969482422,17.899999618530273,17.920000076293945,63935800,11.532673835754395
CSCO,CSCO,2011-03-11,17.809999465942383,18.010000228881836,17.760000228881836,17.950000762939453,68251500,11.551977157592773
CSCO,CSCO,2011-03-14,17.809999465942383,17.8799991607666,17.739999771118164,17.850000381469727,45156200,11.487616539001465
CSCO,CSCO,2011-03-15,17.309999465942383,17.479999542236328,17.25,17.389999389648438,97003700,11.191581726074219
CSCO,CSCO,2011-03-16,17.329999923706055,17.56999969482422,17.010000228881836,17.049999237060547,93486600,10.972768783569336
CSCO,CSCO,2011-03-17,17.1299991607666,17.200000762939453,16.969999313354492,17.0,83343500,10.940591812133789
CSCO,CSCO,2011-03-18,17.350000381469727,17.420000076293945,17.06999969482422,17.139999389648438,125171000,11.030689239501953
CSCO,CSCO,2011-03-21,17.34000015258789,17.549999237060547,17.299999237060547,17.389999389648438,57397200,11.191581726074219
CSCO,CSCO,2011-03-22,17.420000076293945,17.610000610351562,17.290000915527344,17.450000762939453,63906900,11.230195045471191
CSCO,CSCO,2011-03-23,17.420000076293945,17.600000381469727,17.34000015258789,17.579999923706055,52147800,11.31385612487793
CSCO,CSCO,2011-03-24,17.6200008392334,17.639999389648438,17.350000381469727,17.360000610351562,57829100,11.172271728515625
CSCO,CSCO,2011-03-25,17.3799991607666,17.40999984741211,17.200000762939453,17.280000686645508,53219900,11.120787620544434
CSCO,CSCO,2011-03-28,17.360000610351562,17.540000915527344,17.170000076293945,17.190000534057617,63408300,11.062864303588867
CSCO,CSCO,2011-03-29,17.209999084472656,17.450000762939453,17.190000534057617,17.440000534057617,57191900,11.263070106506348
CSCO,CSCO,2011-03-30,17.579999923706055,17.600000381469727,17.299999237060547,17.329999923706055,60260900,11.192030906677246
CSCO,CSCO,2011-03-31,17.31999969482422,17.450000762939453,17.149999618530273,17.149999618530273,64974000,11.075783729553223
CSCO,CSCO,2011-04-01,17.290000915527344,17.299999237060547,16.989999771118164,17.040000915527344,62747100,11.004745483398438
CSCO,CSCO,2011-04-04,17.010000228881836,17.139999389648438,17.0,17.059999465942383,57644300,11.017659187316895
CSCO,CSCO,2011-04-05,17.15999984741211,17.489999771118164,17.1200008392334,17.219999313354492,103442400,11.120990753173828
CSCO,CSCO,2011-04-06,17.440000534057617,18.190000534057617,17.3799991607666,18.06999969482422,176814200,11.669937133789062
CSCO,CSCO,2011-04-07,18.15999984741211,18.290000915527344,17.719999313354492,17.90999984741211,119269200,11.566605567932129
CSCO,CSCO,2011-04-08,17.969999313354492,17.989999771118164,17.530000686645508,17.649999618530273,82734700,11.398694038391113
CSCO,CSCO,2011-04-11,17.709999084472656,17.760000228881836,17.360000610351562,17.469999313354492,56427900,11.282443046569824
CSCO,CSCO,2011-04-12,17.5,17.579999923706055,17.360000610351562,17.440000534057617,65853700,11.263070106506348
CSCO,CSCO,2011-04-13,17.5,17.5,17.219999313354492,17.25,60912400,11.140364646911621
CSCO,CSCO,2011-04-14,17.149999618530273,17.219999313354492,17.049999237060547,17.170000076293945,58261800,11.088698387145996
CSCO,CSCO,2011-04-15,17.190000534057617,17.299999237060547,16.969999313354492,17.030000686645508,82667700,10.998284339904785
CSCO,CSCO,2011-04-18,16.8799991607666,16.899999618530273,16.59000015258789,16.729999542236328,86550700,10.804540634155273
CSCO,CSCO,2011-04-19,16.649999618530273,16.760000228881836,16.520000457763672,16.610000610351562,76498000,10.727043151855469
CSCO,CSCO,2011-04-20,16.899999618530273,16.959999084472656,16.790000915527344,16.93000030517578,86372600,10.933701515197754
CSCO,CSCO,2011-04-21,16.940000534057617,16.989999771118164,16.860000610351562,16.940000534057617,57013900,10.94016170501709
CSCO,CSCO,2011-04-25,16.93000030517578,17.15999984741211,16.899999618530273,17.100000381469727,42745400,11.043490409851074
CSCO,CSCO,2011-04-26,17.209999084472656,17.639999389648438,17.139999389648438,17.520000457763672,81600000,11.314732551574707
CSCO,CSCO,2011-04-27,17.600000381469727,17.639999389648438,17.079999923706055,17.190000534057617,97724100,11.101616859436035
CSCO,CSCO,2011-04-28,17.200000762939453,17.3799991607666,17.18000030517578,17.290000915527344,52900000,11.166196823120117
CSCO,CSCO,2011-04-29,17.31999969482422,17.559999465942383,17.260000228881836,17.520000457763672,137455300,11.314732551574707
CSCO,CSCO,2011-05-02,17.510000228881836,17.600000381469727,17.389999389648438,17.579999923706055,46838800,11.353486061096191
CSCO,CSCO,2011-05-03,17.530000686645508,17.56999969482422,17.290000915527344,17.40999984741211,56900000,11.243698120117188
CSCO,CSCO,2011-05-04,17.3700008392334,17.559999465942383,17.280000686645508,17.469999313354492,58190500,11.282443046569824
CSCO,CSCO,2011-05-05,17.479999542236328,17.68000030517578,17.450000762939453,17.479999542236328,67908600,11.28890323638916
CSCO,CSCO,2011-05-06,17.6299991607666,17.700000762939453,17.5,17.559999465942383,60439500,11.340569496154785
CSCO,CSCO,2011-05-09,17.530000686645508,17.670000076293945,17.469999313354492,17.600000381469727,46982400,11.36640453338623
CSCO,CSCO,2011-05-10,17.649999618530273,17.940000534057617,17.649999618530273,17.790000915527344,68810700,11.489108085632324
CSCO,CSCO,2011-05-11,17.81999969482422,17.989999771118164,17.649999618530273,17.780000686645508,129200000,11.482646942138672
CSCO,CSCO,2011-05-12,16.959999084472656,17.079999923706055,16.639999389648438,16.93000030517578,238300000,10.933701515197754
CSCO,CSCO,2011-05-13,16.860000610351562,16.959999084472656,16.780000686645508,16.8799991607666,80195400,10.901413917541504
CSCO,CSCO,2011-05-16,16.81999969482422,16.8700008392334,16.600000381469727,16.600000381469727,81604100,10.72058391571045
CSCO,CSCO,2011-05-17,16.5,16.719999313354492,16.459999084472656,16.639999389648438,78204700,10.746414184570312
CSCO,CSCO,2011-05-18,16.639999389648438,16.65999984741211,16.34000015258789,16.649999618530273,92724700,10.752876281738281
CSCO,CSCO,2011-05-19,16.75,16.829999923706055,16.559999465942383,16.65999984741211,68259900,10.759332656860352
CSCO,CSCO,2011-05-20,16.68000030517578,16.719999313354492,16.510000228881836,16.530000686645508,50894200,10.675374984741211
CSCO,CSCO,2011-05-23,16.40999984741211,16.440000534057617,16.219999313354492,16.350000381469727,68300000,10.559130668640137
CSCO,CSCO,2011-05-24,16.399999618530273,16.459999084472656,16.25,16.270000457763672,42476600,10.507464408874512
CSCO,CSCO,2011-05-25,16.149999618530273,16.260000228881836,16.110000610351562,16.190000534057617,59601900,10.455795288085938
CSCO,CSCO,2011-05-26,16.15999984741211,16.3700008392334,16.149999618530273,16.25,64698900,10.494544982910156
CSCO,CSCO,2011-05-27,16.239999771118164,16.510000228881836,16.239999771118164,16.459999084472656,49534400,10.630167961120605
CSCO,CSCO,2011-05-31,16.59000015258789,16.81999969482422,16.510000228881836,16.799999237060547,56638700,10.849748611450195
CSCO,CSCO,2011-06-01,16.760000228881836,16.770000457763672,16.360000610351562,16.3799991607666,61885900,10.57850170135498
CSCO,CSCO,2011-06-02,16.309999465942383,16.520000457763672,16.229999542236328,16.25,62685200,10.494544982910156
CSCO,CSCO,2011-06-03,16.139999389648438,16.190000534057617,15.979999542236328,16.010000228881836,74861100,10.339552879333496
CSCO,CSCO,2011-06-06,16.020000457763672,16.170000076293945,15.880000114440918,15.989999771118164,58219800,10.326632499694824
CSCO,CSCO,2011-06-07,16.040000915527344,16.040000915527344,15.489999771118164,15.510000228881836,107881100,10.016644477844238
CSCO,CSCO,2011-06-08,15.40999984741211,15.579999923706055,15.210000038146973,15.300000190734863,100248400,9.881022453308105
CSCO,CSCO,2011-06-09,15.319999694824219,15.470000267028809,15.25,15.3100004196167,67591200,9.88747501373291
CSCO,CSCO,2011-06-10,15.3100004196167,15.359999656677246,15.010000228881836,15.119999885559082,78257800,9.76477336883545
CSCO,CSCO,2011-06-13,15.140000343322754,15.279999732971191,15.039999961853027,15.0600004196167,63586100,9.726024627685547
CSCO,CSCO,2011-06-14,15.109999656677246,15.220000267028809,14.920000076293945,15.079999923706055,91526300,9.738940238952637
CSCO,CSCO,2011-06-15,14.960000038146973,14.989999771118164,14.779999732971191,14.84000015258789,92323100,9.583942413330078
CSCO,CSCO,2011-06-16,14.84000015258789,15.100000381469727,14.800000190734863,15.050000190734863,73024300,9.719563484191895
CSCO,CSCO,2011-06-17,15.180000305175781,15.199999809265137,14.899999618530273,14.970000267028809,80876700,9.667898178100586
CSCO,CSCO,2011-06-20,14.9399995803833,15.170000076293945,14.930000305175781,15.140000343322754,54052600,9.777691841125488
CSCO,CSCO,2011-06-21,15.199999809265137,15.569999694824219,15.149999618530273,15.510000228881836,85430700,10.016644477844238
CSCO,CSCO,2011-06-22,15.479999542236328,15.640000343322754,15.329999923706055,15.359999656677246,48404300,9.919769287109375
CSCO,CSCO,2011-06-23,15.180000305175781,15.489999771118164,15.079999923706055,15.470000267028809,63981500,9.990809440612793
CSCO,CSCO,2011-06-24,15.4399995803833,15.4399995803833,14.920000076293945,14.930000305175781,177861600,9.642066955566406
CSCO,CSCO,2011-06-27,14.9399995803833,15.149999618530273,14.9399995803833,15.050000190734863,76915200,9.719563484191895
CSCO,CSCO,2011-06-28,15.079999923706055,15.140000343322754,14.960000038146973,15.130000114440918,52428700,9.771231651306152
CSCO,CSCO,2011-06-29,15.180000305175781,15.399999618530273,15.119999885559082,15.34000015258789,47452800,9.906851768493652
CSCO,CSCO,2011-06-30,15.359999656677246,15.65999984741211,15.34000015258789,15.609999656677246,52609600,10.081221580505371
CSCO,CSCO,2011-07-01,15.630000114440918,15.949999809265137,15.600000381469727,15.859999656677246,65130300,10.242676734924316
CSCO,CSCO,2011-07-05,15.869999885559082,15.920000076293945,15.550000190734863,15.670000076293945,44364600,10.158405303955078
CSCO,CSCO,2011-07-06,15.619999885559082,15.680000305175781,15.449999809265137,15.5600004196167,43221700,10.087093353271484
CSCO,CSCO,2011-07-07,15.640000343322754,15.989999771118164,15.609999656677246,15.899999618530273,70174000,10.307502746582031
CSCO,CSCO,2011-07-08,15.760000228881836,15.899999618530273,15.5600004196167,15.739999771118164,50343200,10.203779220581055
CSCO,CSCO,2011-07-11,15.550000190734863,15.619999885559082,15.329999923706055,15.430000305175781,44407800,10.00281810760498
CSCO,CSCO,2011-07-12,15.430000305175781,15.960000038146973,15.420000076293945,15.600000381469727,88242600,10.113025665283203
CSCO,CSCO,2011-07-13,15.699999809265137,15.850000381469727,15.5,15.569999694824219,47732700,10.093575477600098
CSCO,CSCO,2011-07-14,15.5600004196167,15.760000228881836,15.399999618530273,15.430000305175781,50153300,10.00281810760498
CSCO,CSCO,2011-07-15,15.520000457763672,15.699999809265137,15.449999809265137,15.59000015258789,54798300,10.106542587280273
CSCO,CSCO,2011-07-18,15.489999771118164,15.539999961853027,15.270000457763672,15.4399995803833,45271200,10.009299278259277
CSCO,CSCO,2011-07-19,15.550000190734863,15.699999809265137,15.420000076293945,15.65999984741211,58280600,10.151920318603516
CSCO,CSCO,2011-07-20,15.640000343322754,15.949999809265137,15.579999923706055,15.819999694824219,60146400,10.255645751953125
CSCO,CSCO,2011-07-21,15.819999694824219,16.469999313354492,15.819999694824219,16.350000381469727,93220600,10.599228858947754
CSCO,CSCO,2011-07-22,16.440000534057617,16.5,16.25,16.459999084472656,48364800,10.670536041259766
CSCO,CSCO,2011-07-25,16.34000015258789,16.3799991607666,16.15999984741211,16.280000686645508,33870200,10.553847312927246
CSCO,CSCO,2011-07-26,16.260000228881836,16.389999389648438,16.200000762939453,16.290000915527344,40154000,10.560327529907227
CSCO,CSCO,2011-07-27,15.920000076293945,16.010000228881836,15.579999923706055,15.6899995803833,80752600,10.171367645263672
CSCO,CSCO,2011-07-28,15.960000038146973,16.299999237060547,15.829999923706055,16.010000228881836,79457800,10.378817558288574
CSCO,CSCO,2011-07-29,15.899999618530273,16.1299991607666,15.800000190734863,15.970000267028809,66844900,10.352882385253906
CSCO,CSCO,2011-08-01,16.079999923706055,16.25,15.550000190734863,15.829999923706055,60652700,10.262129783630371
CSCO,CSCO,2011-08-02,15.609999656677246,15.8100004196167,15.449999809265137,15.460000038146973,56227200,10.022265434265137
CSCO,CSCO,2011-08-03,15.479999542236328,15.539999961853027,15.180000305175781,15.489999771118164,70369500,10.041715621948242
CSCO,CSCO,2011-08-04,15.270000457763672,15.319999694824219,14.8100004196167,14.819999694824219,92196500,9.607372283935547
CSCO,CSCO,2011-08-05,14.90999984741211,15.279999732971191,14.359999656677246,14.9399995803833,122400100,9.685165405273438
CSCO,CSCO,2011-08-08,14.40999984741211,14.630000114440918,13.9399995803833,13.9399995803833,125326200,9.036893844604492
CSCO,CSCO,2011-08-09,14.069999694824219,14.119999885559082,13.300000190734863,14.0600004196167,144579300,9.114684104919434
CSCO,CSCO,2011-08-10,13.930000305175781,14.229999542236328,13.699999809265137,13.729999542236328,146477100,8.900760650634766
CSCO,CSCO,2011-08-11,15.449999809265137,16.239999771118164,15.359999656677246,15.920000076293945,286920000,10.32047176361084
CSCO,CSCO,2011-08-12,15.9399995803833,16.200000762939453,15.640000343322754,15.989999771118164,95554300,10.365845680236816
CSCO,CSCO,2011-08-15,16.010000228881836,16.06999969482422,15.829999923706055,16.030000686645508,65125900,10.391783714294434
CSCO,CSCO,2011-08-16,15.859999656677246,16.059999465942383,15.699999809265137,16.0,58987000,10.372330665588379
CSCO,CSCO,2011-08-17,15.970000267028809,16.06999969482422,15.649999618530273,15.850000381469727,54508900,10.275091171264648
CSCO,CSCO,2011-08-18,15.390000343322754,15.470000267028809,14.899999618530273,15.010000228881836,104626600,9.73054313659668
CSCO,CSCO,2011-08-19,14.920000076293945,15.460000038146973,14.899999618530273,15.079999923706055,90584300,9.775921821594238
CSCO,CSCO,2011-08-22,15.229999542236328,15.399999618530273,14.949999809265137,15.010000228881836,68733900,9.73054313659668
CSCO,CSCO,2011-08-23,15.010000228881836,15.4399995803833,15.010000228881836,15.4399995803833,57774500,10.009299278259277
CSCO,CSCO,2011-08-24,15.359999656677246,15.5600004196167,15.15999984741211,15.460000038146973,59278900,10.022265434265137
CSCO,CSCO,2011-08-25,15.520000457763672,15.539999961853027,15.020000457763672,15.079999923706055,54369300,9.775921821594238
CSCO,CSCO,2011-08-26,15.079999923706055,15.550000190734863,15.020000457763672,15.319999694824219,49949400,9.93150806427002
CSCO,CSCO,2011-08-29,15.510000228881836,15.760000228881836,15.399999618530273,15.739999771118164,39188200,10.203779220581055
CSCO,CSCO,2011-08-30,15.670000076293945,15.779999732971191,15.390000343322754,15.630000114440918,51028200,10.132473945617676
CSCO,CSCO,2011-08-31,15.729999542236328,15.949999809265137,15.539999961853027,15.670000076293945,50687300,10.158405303955078
CSCO,CSCO,2011-09-01,15.6899995803833,16.0,15.609999656677246,15.819999694824219,73754200,10.255645751953125
CSCO,CSCO,2011-09-02,15.510000228881836,15.720000267028809,15.300000190734863,15.40999984741211,55499700,9.98985481262207
CSCO,CSCO,2011-09-06,15.100000381469727,15.289999961853027,15.010000228881836,15.279999732971191,62388100,9.905577659606934
CSCO,CSCO,2011-09-07,15.420000076293945,15.90999984741211,15.40999984741211,15.880000114440918,58515000,10.294540405273438
CSCO,CSCO,2011-09-08,15.850000381469727,16.450000762939453,15.819999694824219,16.290000915527344,103787400,10.560327529907227
CSCO,CSCO,2011-09-09,16.149999618530273,16.18000030517578,15.720000267028809,15.819999694824219,79002800,10.255645751953125
CSCO,CSCO,2011-09-12,15.550000190734863,16.100000381469727,15.550000190734863,16.09000015258789,53937300,10.43067741394043
CSCO,CSCO,2011-09-13,16.079999923706055,16.5,15.9399995803833,16.350000381469727,82622700,10.599228858947754
CSCO,CSCO,2011-09-14,16.389999389648438,16.65999984741211,16.309999465942383,16.329999923706055,79447500,10.586260795593262
CSCO,CSCO,2011-09-15,16.469999313354492,16.700000762939453,16.31999969482422,16.670000076293945,47652400,10.806674003601074
CSCO,CSCO,2011-09-16,16.719999313354492,16.84000015258789,16.530000686645508,16.6200008392334,62292100,10.774262428283691
CSCO,CSCO,2011-09-19,16.450000762939453,16.579999923706055,16.15999984741211,16.510000228881836,42149400,10.702949523925781
CSCO,CSCO,2011-09-20,16.450000762939453,16.670000076293945,16.329999923706055,16.530000686645508,48832400,10.715916633605957
CSCO,CSCO,2011-09-21,16.530000686645508,16.600000381469727,15.829999923706055,15.84000015258789,70842500,10.268607139587402
CSCO,CSCO,2011-09-22,15.489999771118164,15.710000038146973,14.960000038146973,15.329999923706055,92151700,9.937989234924316
CSCO,CSCO,2011-09-23,15.15999984741211,15.84000015258789,15.119999885559082,15.609999656677246,66118200,10.119505882263184
CSCO,CSCO,2011-09-26,15.649999618530273,16.020000457763672,15.5,15.989999771118164,53217300,10.365845680236816
CSCO,CSCO,2011-09-27,16.15999984741211,16.360000610351562,15.970000267028809,16.06999969482422,64908200,10.417708396911621
CSCO,CSCO,2011-09-28,16.18000030517578,16.360000610351562,15.8100004196167,15.84000015258789,47967800,10.268607139587402
CSCO,CSCO,2011-09-29,16.09000015258789,16.25,15.529999732971191,15.850000381469727,59527500,10.275091171264648
CSCO,CSCO,2011-09-30,15.630000114440918,15.770000457763672,15.479999542236328,15.5,50447300,10.048197746276855
CSCO,CSCO,2011-10-03,15.300000190734863,15.470000267028809,15.170000076293945,15.1899995803833,79202800,9.8472318649292
CSCO,CSCO,2011-10-04,14.949999809265137,15.619999885559082,14.930000305175781,15.579999923706055,80847200,10.14011001586914
CSCO,CSCO,2011-10-05,15.569999694824219,16.520000457763672,15.5,16.15999984741211,119792300,10.517599105834961
CSCO,CSCO,2011-10-06,16.209999084472656,16.760000228881836,16.170000076293945,16.75,74775100,10.901597023010254
CSCO,CSCO,2011-10-07,16.760000228881836,16.940000534057617,16.5,16.65999984741211,58373900,10.843021392822266
CSCO,CSCO,2011-10-10,16.90999984741211,17.139999389648438,16.850000381469727,17.09000015258789,48940100,11.122884750366211
CSCO,CSCO,2011-10-11,17.0,17.100000381469727,16.860000610351562,16.989999771118164,53682000,11.057795524597168
CSCO,CSCO,2011-10-12,17.1299991607666,17.399999618530273,17.010000228881836,17.25,70255500,11.227012634277344
CSCO,CSCO,2011-10-13,17.170000076293945,17.43000030517578,17.170000076293945,17.420000076293945,44234300,11.337660789489746
CSCO,CSCO,2011-10-14,17.540000915527344,17.670000076293945,17.350000381469727,17.549999237060547,43852200,11.422269821166992
CSCO,CSCO,2011-10-17,17.3700008392334,17.469999313354492,17.020000457763672,17.170000076293945,37621700,11.174949645996094
CSCO,CSCO,2011-10-18,17.18000030517578,17.670000076293945,16.969999313354492,17.510000228881836,42784700,11.396238327026367
CSCO,CSCO,2011-10-19,17.399999618530273,17.540000915527344,17.049999237060547,17.15999984741211,35829200,11.168442726135254
CSCO,CSCO,2011-10-20,17.200000762939453,17.260000228881836,16.799999237060547,17.190000534057617,39739700,11.187965393066406
CSCO,CSCO,2011-10-21,17.329999923706055,17.600000381469727,17.190000534057617,17.3799991607666,46176900,11.311622619628906
CSCO,CSCO,2011-10-24,17.3799991607666,17.670000076293945,17.260000228881836,17.540000915527344,37792500,11.415760040283203
CSCO,CSCO,2011-10-25,17.540000915527344,17.739999771118164,17.489999771118164,17.6200008392334,44039200,11.467828750610352
CSCO,CSCO,2011-10-26,17.760000228881836,17.889999389648438,17.299999237060547,17.610000610351562,44776600,11.461319923400879
CSCO,CSCO,2011-10-27,18.040000915527344,18.579999923706055,17.989999771118164,18.440000534057617,105736800,12.001518249511719
CSCO,CSCO,2011-10-28,18.280000686645508,18.600000381469727,18.209999084472656,18.559999465942383,47736100,12.079617500305176
CSCO,CSCO,2011-10-31,18.34000015258789,18.549999237060547,18.209999084472656,18.530000686645508,50718200,12.060091972351074
CSCO,CSCO,2011-11-01,18.049999237060547,18.049999237060547,17.530000686645508,17.59000015258789,67814500,11.448302268981934
CSCO,CSCO,2011-11-02,17.739999771118164,17.940000534057617,17.59000015258789,17.850000381469727,38986200,11.617522239685059
CSCO,CSCO,2011-11-03,17.979999542236328,18.200000762939453,17.709999084472656,18.18000030517578,39658500,11.832301139831543
CSCO,CSCO,2011-11-04,18.079999923706055,18.100000381469727,17.75,18.030000686645508,39823600,11.734668731689453
CSCO,CSCO,2011-11-07,18.0,18.239999771118164,17.790000915527344,18.010000228881836,44475200,11.721658706665039
CSCO,CSCO,2011-11-08,18.149999618530273,18.34000015258789,17.959999084472656,18.309999465942383,50448200,11.916906356811523
CSCO,CSCO,2011-11-09,18.040000915527344,18.040000915527344,17.440000534057617,17.610000610351562,80049500,11.461319923400879
CSCO,CSCO,2011-11-10,18.690000534057617,18.90999984741211,18.420000076293945,18.610000610351562,148101900,12.112161636352539
CSCO,CSCO,2011-11-11,18.790000915527344,19.149999618530273,18.760000228881836,19.020000457763672,80558400,12.379009246826172
CSCO,CSCO,2011-11-14,18.950000762939453,19.100000381469727,18.860000610351562,18.940000534057617,46650700,12.326939582824707
CSCO,CSCO,2011-11-15,18.809999465942383,19.190000534057617,18.790000915527344,19.1200008392334,45564300,12.444090843200684
CSCO,CSCO,2011-11-16,18.950000762939453,19.149999618530273,18.770000457763672,18.799999237060547,54561100,12.235819816589355
CSCO,CSCO,2011-11-17,18.799999237060547,18.81999969482422,18.219999313354492,18.479999542236328,55373800,12.027552604675293
CSCO,CSCO,2011-11-18,18.459999084472656,18.6299991607666,18.219999313354492,18.420000076293945,38219600,11.98850154876709
CSCO,CSCO,2011-11-21,18.1299991607666,18.309999465942383,17.780000686645508,18.0,54357100,11.715147972106934
CSCO,CSCO,2011-11-22,17.899999618530273,18.1299991607666,17.700000762939453,17.920000076293945,39697900,11.663082122802734
CSCO,CSCO,2011-11-23,17.719999313354492,17.799999237060547,17.399999618530273,17.40999984741211,47636000,11.331155776977539
CSCO,CSCO,2011-11-25,17.25,17.799999237060547,17.219999313354492,17.5,24466200,11.389724731445312
CSCO,CSCO,2011-11-28,17.920000076293945,18.100000381469727,17.84000015258789,18.010000228881836,45992200,11.721658706665039
CSCO,CSCO,2011-11-29,18.010000228881836,18.149999618530273,17.65999984741211,17.68000030517578,53296800,11.506876945495605
CSCO,CSCO,2011-11-30,18.239999771118164,18.790000915527344,18.15999984741211,18.639999389648438,74532800,12.131685256958008
CSCO,CSCO,2011-12-01,18.68000030517578,18.719999313354492,18.31999969482422,18.579999923706055,41438400,12.092635154724121
CSCO,CSCO,2011-12-02,18.68000030517578,18.979999542236328,18.530000686645508,18.549999237060547,46249200,12.07310962677002
CSCO,CSCO,2011-12-05,18.84000015258789,18.889999389648438,18.65999984741211,18.790000915527344,43528500,12.229313850402832
CSCO,CSCO,2011-12-06,18.780000686645508,18.889999389648438,18.709999084472656,18.729999542236328,29136200,12.190261840820312
CSCO,CSCO,2011-12-07,18.760000228881836,19.049999237060547,18.56999969482422,18.989999771118164,54876800,12.359477043151855
CSCO,CSCO,2011-12-08,18.8700008392334,19.06999969482422,18.450000762939453,18.56999969482422,47298800,12.086127281188965
CSCO,CSCO,2011-12-09,18.579999923706055,18.959999084472656,18.489999771118164,18.8799991607666,44018700,12.287888526916504
CSCO,CSCO,2011-12-12,18.6200008392334,18.700000762939453,18.260000228881836,18.530000686645508,44118300,12.060091972351074
CSCO,CSCO,2011-12-13,18.56999969482422,18.850000381469727,18.34000015258789,18.469999313354492,48006900,12.021042823791504
CSCO,CSCO,2011-12-14,18.459999084472656,18.5,17.8799991607666,17.979999542236328,59671000,11.702130317687988
CSCO,CSCO,2011-12-15,18.170000076293945,18.25,17.93000030517578,18.040000915527344,39810900,11.741179466247559
CSCO,CSCO,2011-12-16,18.190000534057617,18.530000686645508,17.940000534057617,17.940000534057617,94963600,11.676095962524414
CSCO,CSCO,2011-12-19,17.959999084472656,18.010000228881836,17.6200008392334,17.690000534057617,39711600,11.513388633728027
CSCO,CSCO,2011-12-20,17.920000076293945,18.479999542236328,17.90999984741211,18.40999984741211,44825500,11.9819917678833
CSCO,CSCO,2011-12-21,18.229999542236328,18.350000381469727,17.81999969482422,17.920000076293945,57677700,11.663082122802734
CSCO,CSCO,2011-12-22,18.010000228881836,18.219999313354492,17.969999313354492,18.1299991607666,37599700,11.799756050109863
CSCO,CSCO,2011-12-23,18.149999618530273,18.489999771118164,18.1299991607666,18.469999313354492,23341700,12.021042823791504
CSCO,CSCO,2011-12-27,18.479999542236328,18.639999389648438,18.459999084472656,18.579999923706055,22932400,12.092635154724121
CSCO,CSCO,2011-12-28,18.520000457763672,18.59000015258789,18.110000610351562,18.15999984741211,26740600,11.819286346435547
CSCO,CSCO,2011-12-29,18.149999618530273,18.270000457763672,18.139999389648438,18.25,17640100,11.877857208251953
CSCO,CSCO,2011-12-30,18.190000534057617,18.290000915527344,18.049999237060547,18.079999923706055,20775000,11.76721477508545
CSCO,CSCO,2012-01-03,18.549999237060547,18.860000610351562,18.479999542236328,18.6299991607666,41236600,12.165549278259277
CSCO,CSCO,2012-01-04,18.440000534057617,19.0,18.350000381469727,18.989999771118164,52927700,12.400628089904785
CSCO,CSCO,2012-01-05,18.93000030517578,19.0,18.670000076293945,18.920000076293945,37865300,12.354923248291016
CSCO,CSCO,2012-01-06,18.950000762939453,19.0,18.829999923706055,18.850000381469727,27796900,12.309208869934082
CSCO,CSCO,2012-01-09,18.8700008392334,19.100000381469727,18.790000915527344,18.969999313354492,37811500,12.387572288513184
CSCO,CSCO,2012-01-10,19.079999923706055,19.25,18.770000457763672,18.829999923706055,45488300,12.296150207519531
CSCO,CSCO,2012-01-11,18.940000534057617,19.139999389648438,18.8700008392334,19.06999969482422,32482200,12.452876091003418
CSCO,CSCO,2012-01-12,19.1200008392334,19.200000762939453,18.959999084472656,19.149999618530273,31101700,12.505117416381836
CSCO,CSCO,2012-01-13,19.010000228881836,19.170000076293945,18.8799991607666,19.059999465942383,32143700,12.446342468261719
CSCO,CSCO,2012-01-17,19.229999542236328,19.31999969482422,19.110000610351562,19.309999465942383,40402800,12.609596252441406
CSCO,CSCO,2012-01-18,19.3700008392334,19.6299991607666,19.329999923706055,19.540000915527344,56573500,12.759791374206543
CSCO,CSCO,2012-01-19,19.68000030517578,19.950000762939453,19.600000381469727,19.790000915527344,52482100,12.923039436340332
CSCO,CSCO,2012-01-20,19.75,19.93000030517578,19.670000076293945,19.920000076293945,42046700,13.007933616638184
CSCO,CSCO,2012-01-23,19.850000381469727,20.06999969482422,19.559999465942383,19.829999923706055,50013100,12.949159622192383
CSCO,CSCO,2012-01-24,19.75,19.860000610351562,19.559999465942383,19.81999969482422,30828500,12.942628860473633
CSCO,CSCO,2012-01-25,19.799999237060547,19.8700008392334,19.479999542236328,19.829999923706055,37205000,12.949159622192383
CSCO,CSCO,2012-01-26,19.969999313354492,19.989999771118164,19.709999084472656,19.829999923706055,36818500,12.949159622192383
CSCO,CSCO,2012-01-27,19.579999923706055,19.690000534057617,19.360000610351562,19.559999465942383,43539600,12.772849082946777
CSCO,CSCO,2012-01-30,19.399999618530273,19.6299991607666,19.270000457763672,19.559999465942383,31384800,12.772849082946777
CSCO,CSCO,2012-01-31,19.690000534057617,19.729999542236328,19.440000534057617,19.649999618530273,40629600,12.831619262695312
CSCO,CSCO,2012-02-01,19.84000015258789,19.950000762939453,19.700000762939453,19.799999237060547,57074800,12.929572105407715
CSCO,CSCO,2012-02-02,19.829999923706055,19.979999542236328,19.799999237060547,19.799999237060547,36405200,12.929572105407715
CSCO,CSCO,2012-02-03,19.989999771118164,20.200000762939453,19.90999984741211,20.09000015258789,54491000,13.118943214416504
CSCO,CSCO,2012-02-06,20.040000915527344,20.200000762939453,19.920000076293945,20.190000534057617,37141900,13.18424129486084
CSCO,CSCO,2012-02-07,20.09000015258789,20.329999923706055,20.0,20.200000762939453,61422400,13.190773010253906
CSCO,CSCO,2012-02-08,20.219999313354492,20.450000762939453,20.09000015258789,20.43000030517578,91349200,13.34096908569336
CSCO,CSCO,2012-02-09,20.229999542236328,20.489999771118164,19.8700008392334,20.0,131157200,13.06017017364502
CSCO,CSCO,2012-02-10,19.790000915527344,20.059999465942383,19.729999542236328,19.899999618530273,63115200,12.994865417480469
CSCO,CSCO,2012-02-13,20.010000228881836,20.059999465942383,19.899999618530273,20.030000686645508,50426600,13.07976245880127
CSCO,CSCO,2012-02-14,19.899999618530273,20.06999969482422,19.829999923706055,20.06999969482422,31854000,13.105884552001953
CSCO,CSCO,2012-02-15,20.09000015258789,20.209999084472656,19.850000381469727,19.90999984741211,44880700,13.001399993896484
CSCO,CSCO,2012-02-16,19.979999542236328,20.270000457763672,19.90999984741211,20.190000534057617,42558500,13.18424129486084
CSCO,CSCO,2012-02-17,20.200000762939453,20.350000381469727,20.0,20.290000915527344,54249700,13.249545097351074
CSCO,CSCO,2012-02-21,20.299999237060547,20.489999771118164,20.170000076293945,20.360000610351562,41222900,13.29525375366211
CSCO,CSCO,2012-02-22,20.40999984741211,20.459999084472656,20.049999237060547,20.1200008392334,36219200,13.138537406921387
CSCO,CSCO,2012-02-23,20.079999923706055,20.25,19.920000076293945,20.229999542236328,30008000,13.210366249084473
CSCO,CSCO,2012-02-24,20.270000457763672,20.329999923706055,20.110000610351562,20.139999389648438,27220500,13.151588439941406
CSCO,CSCO,2012-02-27,19.989999771118164,20.260000228881836,19.969999313354492,20.170000076293945,37170200,13.171185493469238
CSCO,CSCO,2012-02-28,20.15999984741211,20.219999313354492,20.020000457763672,20.200000762939453,34349100,13.190773010253906
CSCO,CSCO,2012-02-29,20.18000030517578,20.200000762939453,19.84000015258789,19.8799991607666,46229800,12.981807708740234
CSCO,CSCO,2012-03-01,19.90999984741211,19.959999084472656,19.739999771118164,19.8799991607666,43149300,12.981807708740234
CSCO,CSCO,2012-03-02,19.84000015258789,19.889999389648438,19.709999084472656,19.760000228881836,27449600,12.903446197509766
CSCO,CSCO,2012-03-05,19.729999542236328,19.75,19.459999084472656,19.600000381469727,31971300,12.798967361450195
CSCO,CSCO,2012-03-06,19.43000030517578,19.530000686645508,19.31999969482422,19.479999542236328,36742300,12.720609664916992
CSCO,CSCO,2012-03-07,19.5,19.530000686645508,19.399999618530273,19.40999984741211,34751400,12.674894332885742
CSCO,CSCO,2012-03-08,19.56999969482422,19.780000686645508,19.530000686645508,19.68000030517578,36655500,12.85120677947998
CSCO,CSCO,2012-03-09,19.729999542236328,19.889999389648438,19.68000030517578,19.799999237060547,26274400,12.929572105407715
CSCO,CSCO,2012-03-12,19.81999969482422,19.8799991607666,19.65999984741211,19.829999923706055,26316200,12.949159622192383
CSCO,CSCO,2012-03-13,19.899999618530273,20.219999313354492,19.889999389648438,20.219999313354492,33326000,13.203832626342773
CSCO,CSCO,2012-03-14,20.15999984741211,20.3799991607666,20.059999465942383,20.200000762939453,41190400,13.190773010253906
CSCO,CSCO,2012-03-15,20.059999465942383,20.200000762939453,19.799999237060547,19.90999984741211,55020200,13.001399993896484
CSCO,CSCO,2012-03-16,20.010000228881836,20.049999237060547,19.899999618530273,20.030000686645508,56363000,13.07976245880127
CSCO,CSCO,2012-03-19,19.940000534057617,20.280000686645508,19.940000534057617,20.139999389648438,30276500,13.151588439941406
CSCO,CSCO,2012-03-20,20.040000915527344,20.639999389648438,20.010000228881836,20.56999969482422,61659600,13.432388305664062
CSCO,CSCO,2012-03-21,20.559999465942383,20.649999618530273,20.350000381469727,20.5,39135200,13.386679649353027
CSCO,CSCO,2012-03-22,20.350000381469727,20.56999969482422,20.270000457763672,20.3799991607666,32211700,13.308309555053711
CSCO,CSCO,2012-03-23,20.34000015258789,20.59000015258789,20.25,20.530000686645508,27646700,13.406267166137695
CSCO,CSCO,2012-03-26,20.700000762939453,20.860000610351562,20.649999618530273,20.84000015258789,29098800,13.608697891235352
CSCO,CSCO,2012-03-27,20.93000030517578,21.049999237060547,20.8799991607666,20.90999984741211,44476400,13.654406547546387
CSCO,CSCO,2012-03-28,20.850000381469727,21.110000610351562,20.729999542236328,21.079999923706055,39839300,13.765419960021973
CSCO,CSCO,2012-03-29,20.959999084472656,21.239999771118164,20.850000381469727,21.030000686645508,36518000,13.732772827148438
CSCO,CSCO,2012-03-30,21.1200008392334,21.190000534057617,20.979999542236328,21.149999618530273,35673900,13.811128616333008
CSCO,CSCO,2012-04-02,21.139999389648438,21.299999237060547,21.049999237060547,21.190000534057617,30716500,13.83725357055664
CSCO,CSCO,2012-04-03,21.110000610351562,21.190000534057617,20.6299991607666,20.81999969482422,64106700,13.64716625213623
CSCO,CSCO,2012-04-04,20.639999389648438,20.770000457763672,20.25,20.360000610351562,43848100,13.345641136169434
CSCO,CSCO,2012-04-05,20.18000030517578,20.3700008392334,20.06999969482422,20.219999313354492,30611900,13.253875732421875
CSCO,CSCO,2012-04-09,19.969999313354492,20.15999984741211,19.8700008392334,19.959999084472656,26416300,13.08344841003418
CSCO,CSCO,2012-04-10,19.940000534057617,20.100000381469727,19.520000457763672,19.549999237060547,44896400,12.814697265625
CSCO,CSCO,2012-04-11,19.68000030517578,20.040000915527344,19.6200008392334,20.020000457763672,40610100,13.12277603149414
CSCO,CSCO,2012-04-12,20.09000015258789,20.280000686645508,19.979999542236328,20.059999465942383,32041300,13.148988723754883
CSCO,CSCO,2012-04-13,20.020000457763672,20.040000915527344,19.790000915527344,19.850000381469727,27901500,13.011341094970703
CSCO,CSCO,2012-04-16,19.920000076293945,19.959999084472656,19.56999969482422,19.729999542236328,35250100,12.932690620422363
CSCO,CSCO,2012-04-17,19.809999465942383,20.149999618530273,19.75,20.079999923706055,28770700,13.162107467651367
CSCO,CSCO,2012-04-18,19.950000762939453,20.149999618530273,19.8799991607666,20.059999465942383,27563400,13.148988723754883
CSCO,CSCO,2012-04-19,20.020000457763672,20.309999465942383,19.780000686645508,19.90999984741211,34583500,13.050673484802246
CSCO,CSCO,2012-04-20,19.93000030517578,20.040000915527344,19.84000015258789,19.90999984741211,34257200,13.050673484802246
CSCO,CSCO,2012-04-23,19.770000457763672,19.780000686645508,19.579999923706055,19.68000030517578,27406400,12.899909973144531
CSCO,CSCO,2012-04-24,19.760000228881836,19.850000381469727,19.350000381469727,19.420000076293945,67526600,12.729488372802734
CSCO,CSCO,2012-04-25,19.59000015258789,19.690000534057617,19.270000457763672,19.489999771118164,48461800,12.775371551513672
CSCO,CSCO,2012-04-26,19.479999542236328,19.670000076293945,19.3700008392334,19.600000381469727,43037600,12.8474702835083
CSCO,CSCO,2012-04-27,19.639999389648438,20.030000686645508,19.579999923706055,19.979999542236328,47505900,13.096555709838867
CSCO,CSCO,2012-04-30,19.850000381469727,20.170000076293945,19.81999969482422,20.15999984741211,36405500,13.214543342590332
CSCO,CSCO,2012-05-01,20.110000610351562,20.15999984741211,19.979999542236328,19.979999542236328,31761800,13.096555709838867
CSCO,CSCO,2012-05-02,19.90999984741211,19.940000534057617,19.6299991607666,19.84000015258789,32168300,13.004788398742676
CSCO,CSCO,2012-05-03,19.920000076293945,19.950000762939453,19.649999618530273,19.719999313354492,29626200,12.926130294799805
CSCO,CSCO,2012-05-04,19.520000457763672,19.530000686645508,19.030000686645508,19.1200008392334,41733900,12.532840728759766
CSCO,CSCO,2012-05-07,19.020000457763672,19.260000228881836,19.0,19.079999923706055,34078500,12.506625175476074
CSCO,CSCO,2012-05-08,18.899999618530273,18.899999618530273,18.6200008392334,18.709999084472656,52278000,12.264091491699219
CSCO,CSCO,2012-05-09,18.579999923706055,18.889999389648438,18.479999542236328,18.780000686645508,78275200,12.309976577758789
CSCO,CSCO,2012-05-10,17.170000076293945,17.31999969482422,16.760000228881836,16.809999465942383,198450600,11.018672943115234
CSCO,CSCO,2012-05-11,16.760000228881836,16.989999771118164,16.5,16.510000228881836,75215300,10.822026252746582
CSCO,CSCO,2012-05-14,16.399999618530273,16.829999923706055,16.3700008392334,16.709999084472656,57497300,10.953126907348633
CSCO,CSCO,2012-05-15,16.739999771118164,16.760000228881836,16.510000228881836,16.540000915527344,66148000,10.841697692871094
CSCO,CSCO,2012-05-16,16.829999923706055,16.889999389648438,16.610000610351562,16.690000534057617,57794300,10.940014839172363
CSCO,CSCO,2012-05-17,16.690000534057617,16.799999237060547,16.549999237060547,16.549999237060547,41625200,10.848247528076172
CSCO,CSCO,2012-05-18,16.610000610351562,16.639999389648438,16.3700008392334,16.469999313354492,57520600,10.795807838439941
CSCO,CSCO,2012-05-21,16.510000228881836,16.700000762939453,16.3700008392334,16.670000076293945,37628500,10.92690372467041
CSCO,CSCO,2012-05-22,16.65999984741211,16.81999969482422,16.6200008392334,16.729999542236328,42979200,10.966241836547852
CSCO,CSCO,2012-05-23,16.559999465942383,16.760000228881836,16.43000030517578,16.690000534057617,42459500,10.940014839172363
CSCO,CSCO,2012-05-24,16.690000534057617,16.700000762939453,16.350000381469727,16.389999389648438,52604300,10.743372917175293
CSCO,CSCO,2012-05-25,16.459999084472656,16.559999465942383,16.31999969482422,16.329999923706055,41838300,10.70404052734375
CSCO,CSCO,2012-05-29,16.510000228881836,16.639999389648438,16.389999389648438,16.59000015258789,37091400,10.874467849731445
CSCO,CSCO,2012-05-30,16.459999084472656,16.479999542236328,16.350000381469727,16.389999389648438,36488300,10.743372917175293
CSCO,CSCO,2012-05-31,16.360000610351562,16.520000457763672,16.260000228881836,16.329999923706055,51969400,10.70404052734375
CSCO,CSCO,2012-06-01,16.079999923706055,16.149999618530273,15.9399995803833,15.960000038146973,48493800,10.461518287658691
CSCO,CSCO,2012-06-04,15.979999542236328,16.1299991607666,15.920000076293945,16.110000610351562,29743500,10.559836387634277
CSCO,CSCO,2012-06-05,16.059999465942383,16.280000686645508,15.979999542236328,16.1200008392334,34648800,10.566393852233887
CSCO,CSCO,2012-06-06,16.290000915527344,16.690000534057617,16.229999542236328,16.690000534057617,33224400,10.940014839172363
CSCO,CSCO,2012-06-07,16.8799991607666,16.920000076293945,16.530000686645508,16.579999923706055,34270300,10.867915153503418
CSCO,CSCO,2012-06-08,16.559999465942383,16.780000686645508,16.489999771118164,16.729999542236328,29773800,10.966241836547852
CSCO,CSCO,2012-06-11,16.8700008392334,16.889999389648438,16.450000762939453,16.479999542236328,31130800,10.802366256713867
CSCO,CSCO,2012-06-12,16.56999969482422,16.84000015258789,16.510000228881836,16.790000915527344,32713000,11.00556468963623
CSCO,CSCO,2012-06-13,16.739999771118164,16.850000381469727,16.559999465942383,16.65999984741211,39106800,10.920353889465332
CSCO,CSCO,2012-06-14,16.68000030517578,17.040000915527344,16.600000381469727,16.920000076293945,39580100,11.090778350830078
CSCO,CSCO,2012-06-15,16.969999313354492,17.170000076293945,16.93000030517578,17.100000381469727,42601400,11.20876407623291
CSCO,CSCO,2012-06-18,17.079999923706055,17.25,17.030000686645508,17.139999389648438,35400800,11.2349853515625
CSCO,CSCO,2012-06-19,17.280000686645508,17.360000610351562,17.110000610351562,17.18000030517578,41827300,11.261200904846191
CSCO,CSCO,2012-06-20,17.3700008392334,17.6299991607666,17.299999237060547,17.510000228881836,46238300,11.47751235961914
CSCO,CSCO,2012-06-21,17.510000228881836,17.549999237060547,16.8700008392334,16.93000030517578,44123400,11.097334861755371
CSCO,CSCO,2012-06-22,16.979999542236328,17.190000534057617,16.950000762939453,17.1299991607666,46489700,11.228425979614258
CSCO,CSCO,2012-06-25,17.010000228881836,17.030000686645508,16.780000686645508,16.940000534057617,33219000,11.103885650634766
CSCO,CSCO,2012-06-26,16.969999313354492,16.989999771118164,16.649999618530273,16.81999969482422,31870100,11.025230407714844
CSCO,CSCO,2012-06-27,16.8700008392334,16.959999084472656,16.639999389648438,16.729999542236328,43502200,10.966241836547852
CSCO,CSCO,2012-06-28,16.6299991607666,16.6299991607666,16.219999313354492,16.479999542236328,56585800,10.802366256713867
CSCO,CSCO,2012-06-29,16.790000915527344,17.170000076293945,16.729999542236328,17.170000076293945,51020200,11.254650115966797
CSCO,CSCO,2012-07-02,17.110000610351562,17.15999984741211,16.959999084472656,17.079999923706055,20020400,11.248062133789062
CSCO,CSCO,2012-07-03,17.020000457763672,17.229999542236328,17.010000228881836,17.149999618530273,15823200,11.294158935546875
CSCO,CSCO,2012-07-05,16.989999771118164,17.030000686645508,16.8799991607666,16.940000534057617,26299500,11.155865669250488
CSCO,CSCO,2012-07-06,16.8799991607666,16.940000534057617,16.670000076293945,16.770000457763672,27190800,11.043914794921875
CSCO,CSCO,2012-07-09,16.729999542236328,16.770000457763672,16.59000015258789,16.649999618530273,25580700,10.964886665344238
CSCO,CSCO,2012-07-10,16.760000228881836,16.780000686645508,16.329999923706055,16.40999984741211,35583200,10.806832313537598
CSCO,CSCO,2012-07-11,16.399999618530273,16.59000015258789,16.260000228881836,16.3799991607666,45504300,10.787075996398926
CSCO,CSCO,2012-07-12,16.15999984741211,16.239999771118164,15.960000038146973,15.979999542236328,70081400,10.523653984069824
CSCO,CSCO,2012-07-13,15.989999771118164,16.3700008392334,15.979999542236328,16.309999465942383,24553400,10.74098014831543
CSCO,CSCO,2012-07-16,16.209999084472656,16.25,16.020000457763672,16.190000534057617,26437700,10.661949157714844
CSCO,CSCO,2012-07-17,16.3700008392334,16.3700008392334,15.9399995803833,16.229999542236328,30992900,10.68829345703125
CSCO,CSCO,2012-07-18,16.25,16.760000228881836,16.200000762939453,16.700000762939453,33888400,10.997815132141113
CSCO,CSCO,2012-07-19,16.729999542236328,16.799999237060547,16.59000015258789,16.68000030517578,30426300,10.984640121459961
CSCO,CSCO,2012-07-20,16.579999923706055,16.739999771118164,16.350000381469727,16.360000610351562,36050000,10.773908615112305
CSCO,CSCO,2012-07-23,16.059999465942383,16.149999618530273,15.930000305175781,16.06999969482422,40090000,10.582926750183105
CSCO,CSCO,2012-07-24,15.75,15.75,15.0,15.119999885559082,101816000,9.95730209350586
CSCO,CSCO,2012-07-25,15.199999809265137,15.5600004196167,14.960000038146973,15.420000076293945,61477900,10.154866218566895
CSCO,CSCO,2012-07-26,15.699999809265137,15.779999732971191,15.350000381469727,15.380000114440918,55945200,10.128523826599121
CSCO,CSCO,2012-07-27,15.510000228881836,15.760000228881836,15.300000190734863,15.6899995803833,40305400,10.332676887512207
CSCO,CSCO,2012-07-30,15.710000038146973,16.06999969482422,15.670000076293945,15.869999885559082,36366500,10.451215744018555
CSCO,CSCO,2012-07-31,15.869999885559082,16.110000610351562,15.850000381469727,15.949999809265137,33961900,10.503898620605469
CSCO,CSCO,2012-08-01,16.010000228881836,16.06999969482422,15.760000228881836,15.979999542236328,47398000,10.523653984069824
CSCO,CSCO,2012-08-02,15.800000190734863,16.110000610351562,15.649999618530273,15.739999771118164,47426700,10.365601539611816
CSCO,CSCO,2012-08-03,16.079999923706055,16.440000534057617,15.970000267028809,16.350000381469727,40928300,10.767321586608887
CSCO,CSCO,2012-08-06,16.489999771118164,16.829999923706055,16.459999084472656,16.690000534057617,32129000,10.991228103637695
CSCO,CSCO,2012-08-07,16.84000015258789,17.209999084472656,16.809999465942383,17.139999389648438,41694700,11.287579536437988
CSCO,CSCO,2012-08-08,17.040000915527344,17.15999984741211,16.860000610351562,17.15999984741211,24821800,11.300747871398926
CSCO,CSCO,2012-08-09,17.610000610351562,17.790000915527344,17.479999542236328,17.700000762939453,61054300,11.656364440917969
CSCO,CSCO,2012-08-10,17.489999771118164,17.559999465942383,17.299999237060547,17.540000915527344,38278100,11.550996780395508
CSCO,CSCO,2012-08-13,17.540000915527344,17.59000015258789,17.229999542236328,17.34000015258789,33823200,11.419285774230957
CSCO,CSCO,2012-08-14,17.399999618530273,17.399999618530273,17.110000610351562,17.170000076293945,40256600,11.307333946228027
CSCO,CSCO,2012-08-15,17.149999618530273,17.530000686645508,17.1200008392334,17.350000381469727,63235200,11.425872802734375
CSCO,CSCO,2012-08-16,18.6299991607666,19.139999389648438,18.56999969482422,19.020000457763672,152184100,12.52565860748291
CSCO,CSCO,2012-08-17,19.030000686645508,19.229999542236328,18.959999084472656,19.059999465942383,55706700,12.551995277404785
CSCO,CSCO,2012-08-20,19.0,19.149999618530273,18.799999237060547,18.940000534057617,39384600,12.472967147827148
CSCO,CSCO,2012-08-21,19.0,19.270000457763672,18.979999542236328,19.15999984741211,45522300,12.617850303649902
CSCO,CSCO,2012-08-22,19.06999969482422,19.219999313354492,18.959999084472656,19.219999313354492,47546000,12.657364845275879
CSCO,CSCO,2012-08-23,19.149999618530273,19.389999389648438,19.040000915527344,19.1299991607666,37601200,12.598094940185547
CSCO,CSCO,2012-08-24,19.040000915527344,19.239999771118164,18.93000030517578,19.200000762939453,32440300,12.644193649291992
CSCO,CSCO,2012-08-27,19.239999771118164,19.3700008392334,19.139999389648438,19.360000610351562,32091900,12.749560356140137
CSCO,CSCO,2012-08-28,19.309999465942383,19.350000381469727,19.15999984741211,19.219999313354492,30468900,12.657364845275879
CSCO,CSCO,2012-08-29,19.219999313354492,19.260000228881836,19.0,19.200000762939453,29766800,12.644193649291992
CSCO,CSCO,2012-08-30,19.079999923706055,19.079999923706055,18.829999923706055,18.899999618530273,24683300,12.446625709533691
CSCO,CSCO,2012-08-31,19.100000381469727,19.25,18.920000076293945,19.079999923706055,38502400,12.565171241760254
CSCO,CSCO,2012-09-04,18.989999771118164,19.139999389648438,18.799999237060547,19.0,27006700,12.512484550476074
CSCO,CSCO,2012-09-05,19.0,19.1200008392334,18.8700008392334,18.899999618530273,30580300,12.446625709533691
CSCO,CSCO,2012-09-06,19.06999969482422,19.75,19.049999237060547,19.729999542236328,59444100,12.9932279586792
CSCO,CSCO,2012-09-07,19.549999237060547,19.649999618530273,19.25,19.559999465942383,44786600,12.881274223327637
CSCO,CSCO,2012-09-10,19.43000030517578,19.469999313354492,19.100000381469727,19.149999618530273,40047200,12.611266136169434
CSCO,CSCO,2012-09-11,19.1200008392334,19.25,18.93000030517578,19.040000915527344,31320100,12.538823127746582
CSCO,CSCO,2012-09-12,19.110000610351562,19.270000457763672,19.040000915527344,19.079999923706055,28482200,12.565171241760254
CSCO,CSCO,2012-09-13,19.059999465942383,19.520000457763672,19.020000457763672,19.360000610351562,37780500,12.749560356140137
CSCO,CSCO,2012-09-14,19.360000610351562,19.690000534057617,19.34000015258789,19.489999771118164,46351900,12.835174560546875
CSCO,CSCO,2012-09-17,19.15999984741211,19.309999465942383,19.059999465942383,19.15999984741211,36731800,12.617850303649902
CSCO,CSCO,2012-09-18,19.059999465942383,19.270000457763672,19.010000228881836,19.049999237060547,45475300,12.545411109924316
CSCO,CSCO,2012-09-19,19.18000030517578,19.209999084472656,18.950000762939453,19.1200008392334,29693900,12.591508865356445
CSCO,CSCO,2012-09-20,19.030000686645508,19.110000610351562,18.899999618530273,19.110000610351562,25116000,12.584924697875977
CSCO,CSCO,2012-09-21,19.149999618530273,19.200000762939453,18.889999389648438,18.899999618530273,42198200,12.446625709533691
CSCO,CSCO,2012-09-24,18.860000610351562,18.979999542236328,18.690000534057617,18.809999465942383,32180400,12.387358665466309
CSCO,CSCO,2012-09-25,18.950000762939453,18.969999313354492,18.6299991607666,18.670000076293945,33991600,12.295159339904785
CSCO,CSCO,2012-09-26,18.690000534057617,18.75,18.350000381469727,18.579999923706055,30273700,12.235889434814453
CSCO,CSCO,2012-09-27,18.68000030517578,18.8799991607666,18.549999237060547,18.799999237060547,29813600,12.380768775939941
CSCO,CSCO,2012-09-28,19.0,19.360000610351562,19.0,19.100000381469727,61124700,12.578339576721191
CSCO,CSCO,2012-10-01,19.229999542236328,19.399999618530273,18.940000534057617,19.040000915527344,37481100,12.538823127746582
CSCO,CSCO,2012-10-02,19.09000015258789,19.139999389648438,18.729999542236328,18.8700008392334,34712100,12.5189208984375
CSCO,CSCO,2012-10-03,18.959999084472656,19.100000381469727,18.8799991607666,18.93000030517578,33816700,12.558723449707031
CSCO,CSCO,2012-10-04,19.010000228881836,19.049999237060547,18.850000381469727,18.899999618530273,29734700,12.538825035095215
CSCO,CSCO,2012-10-05,19.040000915527344,19.139999389648438,18.799999237060547,18.860000610351562,27750400,12.512285232543945
CSCO,CSCO,2012-10-08,18.889999389648438,19.079999923706055,18.809999465942383,18.899999618530273,24170900,12.538825035095215
CSCO,CSCO,2012-10-09,18.93000030517578,19.059999465942383,18.760000228881836,18.799999237060547,42377800,12.472478866577148
CSCO,CSCO,2012-10-10,18.799999237060547,18.799999237060547,18.290000915527344,18.309999465942383,42085700,12.1473970413208
CSCO,CSCO,2012-10-11,18.469999313354492,18.479999542236328,18.149999618530273,18.260000228881836,28339700,12.114229202270508
CSCO,CSCO,2012-10-12,18.260000228881836,18.459999084472656,18.219999313354492,18.40999984741211,27099200,12.213743209838867
CSCO,CSCO,2012-10-15,18.489999771118164,18.639999389648438,18.40999984741211,18.549999237060547,27799100,12.306628227233887
CSCO,CSCO,2012-10-16,18.6299991607666,18.90999984741211,18.549999237060547,18.850000381469727,28580200,12.50565242767334
CSCO,CSCO,2012-10-17,18.56999969482422,18.799999237060547,18.5,18.709999084472656,28359400,12.412775039672852
CSCO,CSCO,2012-10-18,18.610000610351562,18.75,18.5,18.610000610351562,40270300,12.346430778503418
CSCO,CSCO,2012-10-19,18.579999923706055,18.600000381469727,18.0,18.040000915527344,63724300,11.968271255493164
CSCO,CSCO,2012-10-22,18.1200008392334,18.229999542236328,18.010000228881836,18.190000534057617,26334500,12.067790985107422
CSCO,CSCO,2012-10-23,18.0,18.170000076293945,17.940000534057617,18.010000228881836,33985300,11.948373794555664
CSCO,CSCO,2012-10-24,18.030000686645508,18.079999923706055,17.290000915527344,17.3799991607666,61961200,11.530406951904297
CSCO,CSCO,2012-10-25,17.530000686645508,17.530000686645508,17.06999969482422,17.200000762939453,46349800,11.410991668701172
CSCO,CSCO,2012-10-26,17.200000762939453,17.389999389648438,17.110000610351562,17.290000915527344,31188400,11.470701217651367
CSCO,CSCO,2012-10-31,17.3799991607666,17.43000030517578,17.010000228881836,17.149999618530273,36797100,11.377823829650879
CSCO,CSCO,2012-11-01,17.170000076293945,17.579999923706055,17.0,17.510000228881836,32484300,11.616653442382812
CSCO,CSCO,2012-11-02,17.639999389648438,17.68000030517578,17.309999465942383,17.350000381469727,28769400,11.510513305664062
CSCO,CSCO,2012-11-05,17.329999923706055,17.440000534057617,17.200000762939453,17.399999618530273,22190800,11.543676376342773
CSCO,CSCO,2012-11-06,17.440000534057617,17.709999084472656,17.350000381469727,17.479999542236328,35544700,11.596755027770996
CSCO,CSCO,2012-11-07,17.450000762939453,17.899999618530273,17.09000015258789,17.209999084472656,49610000,11.417625427246094
CSCO,CSCO,2012-11-08,17.219999313354492,17.360000610351562,16.780000686645508,16.829999923706055,56064800,11.16552448272705
CSCO,CSCO,2012-11-09,16.700000762939453,17.030000686645508,16.68000030517578,16.81999969482422,43085800,11.158893585205078
CSCO,CSCO,2012-11-12,16.860000610351562,17.09000015258789,16.75,16.860000610351562,28768400,11.1854248046875
CSCO,CSCO,2012-11-13,16.709999084472656,16.940000534057617,16.690000534057617,16.850000381469727,72206200,11.178791999816895
CSCO,CSCO,2012-11-14,18.049999237060547,18.25,17.6200008392334,17.65999984741211,97058200,11.716172218322754
CSCO,CSCO,2012-11-15,17.75,18.079999923706055,17.739999771118164,17.940000534057617,55885900,11.901930809020996
CSCO,CSCO,2012-11-16,17.93000030517578,18.049999237060547,17.799999237060547,17.989999771118164,60820500,11.935104370117188
CSCO,CSCO,2012-11-19,18.270000457763672,18.34000015258789,18.100000381469727,18.299999237060547,40616400,12.140765190124512
CSCO,CSCO,2012-11-20,18.290000915527344,18.360000610351562,18.06999969482422,18.34000015258789,30378100,12.167302131652832
CSCO,CSCO,2012-11-21,18.3700008392334,18.6200008392334,18.270000457763672,18.479999542236328,30479300,12.260184288024902
CSCO,CSCO,2012-11-23,18.600000381469727,18.889999389648438,18.530000686645508,18.84000015258789,17263100,12.499017715454102
CSCO,CSCO,2012-11-26,18.790000915527344,19.06999969482422,18.59000015258789,19.059999465942383,34603000,12.644974708557129
CSCO,CSCO,2012-11-27,18.899999618530273,19.100000381469727,18.84000015258789,18.959999084472656,53080000,12.671703338623047
CSCO,CSCO,2012-11-28,18.889999389648438,18.959999084472656,18.549999237060547,18.829999923706055,41262800,12.584820747375488
CSCO,CSCO,2012-11-29,18.979999542236328,19.100000381469727,18.920000076293945,19.010000228881836,32450600,12.705123901367188
CSCO,CSCO,2012-11-30,19.040000915527344,19.1299991607666,18.829999923706055,18.90999984741211,45199100,12.638288497924805
CSCO,CSCO,2012-12-03,19.020000457763672,19.15999984741211,18.950000762939453,19.030000686645508,32381500,12.71849250793457
CSCO,CSCO,2012-12-04,19.079999923706055,19.200000762939453,19.0,19.170000076293945,34313500,12.812058448791504
CSCO,CSCO,2012-12-05,19.15999984741211,19.450000762939453,19.139999389648438,19.209999084472656,36982900,12.838793754577637
CSCO,CSCO,2012-12-06,19.219999313354492,19.5,19.200000762939453,19.479999542236328,35834800,13.019241333007812
CSCO,CSCO,2012-12-07,19.600000381469727,19.739999771118164,19.15999984741211,19.34000015258789,50602300,12.925674438476562
CSCO,CSCO,2012-12-10,19.350000381469727,19.899999618530273,19.34000015258789,19.790000915527344,62863500,13.22642993927002
CSCO,CSCO,2012-12-11,19.850000381469727,20.06999969482422,19.670000076293945,19.780000686645508,58464200,13.219743728637695
CSCO,CSCO,2012-12-12,19.84000015258789,19.889999389648438,19.690000534057617,19.729999542236328,38701100,13.186325073242188
CSCO,CSCO,2012-12-13,19.690000534057617,19.84000015258789,19.600000381469727,19.739999771118164,37844200,13.193011283874512
CSCO,CSCO,2012-12-14,19.739999771118164,20.0,19.690000534057617,19.860000610351562,40804400,13.273209571838379
CSCO,CSCO,2012-12-17,19.8799991607666,20.139999389648438,19.799999237060547,20.110000610351562,46857100,13.440295219421387
CSCO,CSCO,2012-12-18,20.100000381469727,20.420000076293945,20.020000457763672,20.3799991607666,41963100,13.620744705200195
CSCO,CSCO,2012-12-19,20.420000076293945,20.540000915527344,20.239999771118164,20.270000457763672,38097400,13.547228813171387
CSCO,CSCO,2012-12-20,20.270000457763672,20.329999923706055,20.149999618530273,20.239999771118164,29942600,13.52717399597168
CSCO,CSCO,2012-12-21,19.950000762939453,20.049999237060547,19.59000015258789,19.959999084472656,67611700,13.340045928955078
CSCO,CSCO,2012-12-24,19.8700008392334,19.959999084472656,19.739999771118164,19.829999923706055,12550700,13.253162384033203
CSCO,CSCO,2012-12-26,19.829999923706055,20.06999969482422,19.75,19.920000076293945,22083800,13.313310623168945
CSCO,CSCO,2012-12-27,19.889999389648438,19.90999984741211,19.450000762939453,19.649999618530273,35286600,13.132861137390137
CSCO,CSCO,2012-12-28,19.489999771118164,19.639999389648438,19.420000076293945,19.450000762939453,24596400,12.999192237854004
CSCO,CSCO,2012-12-31,19.3799991607666,19.760000228881836,19.309999465942383,19.649999618530273,32388300,13.132861137390137
CSCO,CSCO,2013-01-02,20.1200008392334,20.34000015258789,20.010000228881836,20.34000015258789,40304500,13.594011306762695
CSCO,CSCO,2013-01-03,20.459999084472656,20.5,20.299999237060547,20.450000762939453,50603500,13.667533874511719
CSCO,CSCO,2013-01-04,20.40999984741211,20.68000030517578,20.389999389648438,20.479999542236328,36378900,13.687582969665527
CSCO,CSCO,2013-01-07,20.3799991607666,20.420000076293945,20.15999984741211,20.290000915527344,30790700,13.56059741973877
CSCO,CSCO,2013-01-08,20.18000030517578,20.34000015258789,20.079999923706055,20.309999465942383,33218100,13.573962211608887
CSCO,CSCO,2013-01-09,20.260000228881836,20.540000915527344,20.25,20.299999237060547,30380100,13.567276954650879
CSCO,CSCO,2013-01-10,20.350000381469727,20.489999771118164,20.290000915527344,20.440000534057617,31419200,13.660845756530762
CSCO,CSCO,2013-01-11,20.399999618530273,20.510000228881836,20.329999923706055,20.479999542236328,23423800,13.687582969665527
CSCO,CSCO,2013-01-14,20.68000030517578,20.989999771118164,20.649999618530273,20.969999313354492,55156900,14.015070915222168
CSCO,CSCO,2013-01-15,20.920000076293945,20.989999771118164,20.780000686645508,20.979999542236328,29550900,14.021749496459961
CSCO,CSCO,2013-01-16,20.90999984741211,21.18000030517578,20.8799991607666,21.030000686645508,39685100,14.055171012878418
CSCO,CSCO,2013-01-17,20.790000915527344,21.030000686645508,20.780000686645508,20.950000762939453,41951400,14.001703262329102
CSCO,CSCO,2013-01-18,20.850000381469727,21.040000915527344,20.809999465942383,21.020000457763672,42835000,14.048483848571777
CSCO,CSCO,2013-01-22,20.950000762939453,21.0,20.610000610351562,20.8700008392334,35955400,13.948230743408203
CSCO,CSCO,2013-01-23,20.889999389648438,20.889999389648438,20.610000610351562,20.6200008392334,37130100,13.78114128112793
CSCO,CSCO,2013-01-24,20.850000381469727,21.100000381469727,20.81999969482422,21.020000457763672,47256000,14.048483848571777
CSCO,CSCO,2013-01-25,21.100000381469727,21.25,21.049999237060547,21.149999618530273,28354800,14.135370254516602
CSCO,CSCO,2013-01-28,21.209999084472656,21.260000228881836,21.049999237060547,21.059999465942383,30431400,14.075221061706543
CSCO,CSCO,2013-01-29,20.979999542236328,20.989999771118164,20.649999618530273,20.780000686645508,35300200,13.888082504272461
CSCO,CSCO,2013-01-30,20.860000610351562,20.8700008392334,20.399999618530273,20.579999923706055,35260400,13.754412651062012
CSCO,CSCO,2013-01-31,20.6200008392334,20.899999618530273,20.559999465942383,20.56999969482422,29992500,13.74772834777832
CSCO,CSCO,2013-02-01,20.729999542236328,20.90999984741211,20.600000381469727,20.829999923706055,25754100,13.921500205993652
CSCO,CSCO,2013-02-04,20.8700008392334,21.1299991607666,20.790000915527344,20.81999969482422,32053300,13.914813041687012
CSCO,CSCO,2013-02-05,20.8799991607666,21.200000762939453,20.8799991607666,21.079999923706055,24952600,14.088581085205078
CSCO,CSCO,2013-02-06,21.049999237060547,21.219999313354492,20.979999542236328,21.190000534057617,27848400,14.162104606628418
CSCO,CSCO,2013-02-07,21.209999084472656,21.260000228881836,21.0,21.100000381469727,34442900,14.101949691772461
CSCO,CSCO,2013-02-08,21.170000076293945,21.299999237060547,21.1299991607666,21.15999984741211,23056900,14.142050743103027
CSCO,CSCO,2013-02-11,21.239999771118164,21.34000015258789,21.149999618530273,21.270000457763672,33552000,14.215566635131836
CSCO,CSCO,2013-02-12,21.25,21.270000457763672,20.940000534057617,20.969999313354492,46463500,14.015070915222168
CSCO,CSCO,2013-02-13,21.0,21.139999389648438,20.93000030517578,21.139999389648438,63608700,14.128682136535645
CSCO,CSCO,2013-02-14,20.8799991607666,21.0,20.510000228881836,20.989999771118164,67172100,14.028437614440918
CSCO,CSCO,2013-02-15,20.940000534057617,21.06999969482422,20.920000076293945,20.989999771118164,44439700,14.028437614440918
CSCO,CSCO,2013-02-19,21.010000228881836,21.479999542236328,20.950000762939453,21.459999084472656,45590500,14.342556953430176
CSCO,CSCO,2013-02-20,21.489999771118164,21.670000076293945,21.06999969482422,21.110000610351562,47494700,14.108637809753418
CSCO,CSCO,2013-02-21,21.0,21.020000457763672,20.709999084472656,20.760000228881836,33007100,13.874722480773926
CSCO,CSCO,2013-02-22,20.809999465942383,20.93000030517578,20.719999313354492,20.899999618530273,20483300,13.96828556060791
CSCO,CSCO,2013-02-25,21.0,21.200000762939453,20.649999618530273,20.65999984741211,37391400,13.807886123657227
CSCO,CSCO,2013-02-26,20.540000915527344,20.780000686645508,20.5,20.610000610351562,34254700,13.774470329284668
CSCO,CSCO,2013-02-27,20.600000381469727,21.020000457763672,20.440000534057617,20.889999389648438,25190900,13.961604118347168
CSCO,CSCO,2013-02-28,20.889999389648438,21.049999237060547,20.739999771118164,20.860000610351562,30337500,13.941555976867676
CSCO,CSCO,2013-03-01,20.709999084472656,20.899999618530273,20.549999237060547,20.829999923706055,24174800,13.921500205993652
CSCO,CSCO,2013-03-04,20.739999771118164,20.780000686645508,20.579999923706055,20.739999771118164,22634600,13.861349105834961
CSCO,CSCO,2013-03-05,20.829999923706055,21.25,20.829999923706055,21.219999313354492,32829500,14.18215560913086
CSCO,CSCO,2013-03-06,21.299999237060547,21.790000915527344,21.239999771118164,21.719999313354492,45966600,14.516322135925293
CSCO,CSCO,2013-03-07,21.719999313354492,21.969999313354492,21.68000030517578,21.799999237060547,37379500,14.569787979125977
CSCO,CSCO,2013-03-08,21.84000015258789,21.969999313354492,21.770000457763672,21.829999923706055,23839100,14.589836120605469
CSCO,CSCO,2013-03-11,21.770000457763672,21.979999542236328,21.649999618530273,21.8799991607666,29120000,14.623250961303711
CSCO,CSCO,2013-03-12,21.760000228881836,21.84000015258789,21.540000915527344,21.700000762939453,25987300,14.502957344055176
CSCO,CSCO,2013-03-13,21.649999618530273,21.799999237060547,21.510000228881836,21.579999923706055,30188200,14.422749519348145
CSCO,CSCO,2013-03-14,21.700000762939453,21.860000610351562,21.450000762939453,21.59000015258789,40479600,14.429435729980469
CSCO,CSCO,2013-03-15,21.56999969482422,21.950000762939453,21.3799991607666,21.93000030517578,59804200,14.6566743850708
CSCO,CSCO,2013-03-18,21.739999771118164,21.950000762939453,21.610000610351562,21.670000076293945,30222300,14.482902526855469
CSCO,CSCO,2013-03-19,21.709999084472656,21.75,21.299999237060547,21.520000457763672,27264100,14.382651329040527
CSCO,CSCO,2013-03-20,21.6299991607666,21.739999771118164,21.579999923706055,21.670000076293945,24571600,14.482902526855469
CSCO,CSCO,2013-03-21,21.0,21.18000030517578,20.719999313354492,20.84000015258789,64437700,13.928187370300293
CSCO,CSCO,2013-03-22,20.93000030517578,21.06999969482422,20.690000534057617,20.75,39902900,13.86803150177002
CSCO,CSCO,2013-03-25,20.8799991607666,20.989999771118164,20.709999084472656,20.850000381469727,36429100,13.934867858886719
CSCO,CSCO,2013-03-26,20.940000534057617,20.959999084472656,20.690000534057617,20.850000381469727,27627800,13.934867858886719
CSCO,CSCO,2013-03-27,20.68000030517578,20.899999618530273,20.610000610351562,20.829999923706055,27760900,13.921500205993652
CSCO,CSCO,2013-03-28,20.84000015258789,20.940000534057617,20.770000457763672,20.899999618530273,28323200,13.96828556060791
CSCO,CSCO,2013-04-01,21.040000915527344,21.3799991607666,20.780000686645508,20.829999923706055,40009200,13.921500205993652
CSCO,CSCO,2013-04-02,20.959999084472656,21.290000915527344,20.899999618530273,21.219999313354492,34098100,14.18215560913086
CSCO,CSCO,2013-04-03,21.280000686645508,21.3700008392334,21.110000610351562,21.200000762939453,30101400,14.168783187866211
CSCO,CSCO,2013-04-04,21.010000228881836,21.09000015258789,20.959999084472656,21.040000915527344,25075100,14.17552375793457
CSCO,CSCO,2013-04-05,20.25,20.700000762939453,20.0,20.610000610351562,54767100,13.885819435119629
CSCO,CSCO,2013-04-08,20.690000534057617,20.729999542236328,20.469999313354492,20.56999969482422,22968600,13.85886001586914
CSCO,CSCO,2013-04-09,20.639999389648438,21.049999237060547,20.579999923706055,20.969999313354492,27529500,14.128363609313965
CSCO,CSCO,2013-04-10,21.06999969482422,21.600000381469727,21.020000457763672,21.469999313354492,39308100,14.46523380279541
CSCO,CSCO,2013-04-11,21.329999923706055,21.700000762939453,21.270000457763672,21.690000534057617,35992200,14.61345100402832
CSCO,CSCO,2013-04-12,21.670000076293945,21.700000762939453,21.1200008392334,21.540000915527344,31584600,14.512395858764648
CSCO,CSCO,2013-04-15,21.450000762939453,21.639999389648438,21.049999237060547,21.049999237060547,27961000,14.182260513305664
CSCO,CSCO,2013-04-16,21.149999618530273,21.170000076293945,20.950000762939453,21.15999984741211,32745100,14.25637149810791
CSCO,CSCO,2013-04-17,20.950000762939453,21.020000457763672,20.59000015258789,20.6299991607666,30873000,13.899285316467285
CSCO,CSCO,2013-04-18,20.739999771118164,20.850000381469727,20.450000762939453,20.579999923706055,35401400,13.865598678588867
CSCO,CSCO,2013-04-19,20.200000762939453,20.549999237060547,19.979999542236328,20.459999084472656,51142000,13.784750938415527
CSCO,CSCO,2013-04-22,20.530000686645508,20.649999618530273,20.270000457763672,20.59000015258789,31452800,13.872339248657227
CSCO,CSCO,2013-04-23,20.75,21.100000381469727,20.729999542236328,20.90999984741211,34873500,14.087930679321289
CSCO,CSCO,2013-04-24,20.469999313354492,20.530000686645508,20.260000228881836,20.389999389648438,55759200,13.737592697143555
CSCO,CSCO,2013-04-25,20.5,20.770000457763672,20.389999389648438,20.639999389648438,40488500,13.906026840209961
CSCO,CSCO,2013-04-26,20.610000610351562,20.709999084472656,20.510000228881836,20.670000076293945,33713500,13.926233291625977
CSCO,CSCO,2013-04-29,20.649999618530273,21.06999969482422,20.469999313354492,20.979999542236328,29476200,14.135095596313477
CSCO,CSCO,2013-04-30,20.989999771118164,21.25,20.799999237060547,20.920000076293945,37777300,14.094675064086914
CSCO,CSCO,2013-05-01,20.829999923706055,20.899999618530273,20.350000381469727,20.3799991607666,44773400,13.730849266052246
CSCO,CSCO,2013-05-02,20.469999313354492,20.75,20.440000534057617,20.729999542236328,54869800,13.966665267944336
CSCO,CSCO,2013-05-03,20.93000030517578,20.959999084472656,20.760000228881836,20.829999923706055,41962700,14.034036636352539
CSCO,CSCO,2013-05-06,20.8700008392334,20.920000076293945,20.739999771118164,20.809999465942383,31315900,14.020556449890137
CSCO,CSCO,2013-05-07,20.68000030517578,20.709999084472656,20.290000915527344,20.3799991607666,55003400,13.730849266052246
CSCO,CSCO,2013-05-08,20.399999618530273,20.760000228881836,20.399999618530273,20.719999313354492,37412500,13.95992660522461
CSCO,CSCO,2013-05-09,20.719999313354492,20.950000762939453,20.6200008392334,20.829999923706055,25790200,14.034036636352539
CSCO,CSCO,2013-05-10,20.829999923706055,21.100000381469727,20.81999969482422,21.100000381469727,26926900,14.21594524383545
CSCO,CSCO,2013-05-13,21.139999389648438,21.280000686645508,21.049999237060547,21.270000457763672,35347200,14.330482482910156
CSCO,CSCO,2013-05-14,21.209999084472656,21.420000076293945,21.149999618530273,21.270000457763672,38494300,14.330482482910156
CSCO,CSCO,2013-05-15,21.25,21.290000915527344,21.1200008392334,21.209999084472656,55412900,14.290055274963379
CSCO,CSCO,2013-05-16,23.510000228881836,24.239999771118164,23.360000610351562,23.889999389648438,201626500,16.095684051513672
CSCO,CSCO,2013-05-17,23.850000381469727,24.25,23.700000762939453,24.239999771118164,78569900,16.331491470336914
CSCO,CSCO,2013-05-20,23.899999618530273,23.969999313354492,23.639999389648438,23.950000762939453,54632000,16.136110305786133
CSCO,CSCO,2013-05-21,23.889999389648438,24.059999465942383,23.59000015258789,24.010000228881836,48135200,16.17653465270996
CSCO,CSCO,2013-05-22,24.0,24.020000457763672,23.25,23.34000015258789,46836300,15.725127220153809
CSCO,CSCO,2013-05-23,23.1200008392334,23.610000610351562,23.059999465942383,23.510000228881836,44376600,15.839662551879883
CSCO,CSCO,2013-05-24,23.389999389648438,23.65999984741211,23.309999465942383,23.530000686645508,25036200,15.853140830993652
CSCO,CSCO,2013-05-28,23.809999465942383,24.1200008392334,23.690000534057617,23.889999389648438,40023900,16.095684051513672
CSCO,CSCO,2013-05-29,23.709999084472656,24.239999771118164,23.700000762939453,24.1200008392334,37314000,16.250652313232422
CSCO,CSCO,2013-05-30,24.149999618530273,24.68000030517578,24.020000457763672,24.3700008392334,45162100,16.419082641601562
CSCO,CSCO,2013-05-31,24.200000762939453,24.530000686645508,24.079999923706055,24.1200008392334,40885800,16.250652313232422
CSCO,CSCO,2013-06-03,24.260000228881836,24.5,24.030000686645508,24.3799991607666,30815300,16.425813674926758
CSCO,CSCO,2013-06-04,24.270000457763672,24.600000381469727,24.030000686645508,24.360000610351562,30628500,16.412342071533203
CSCO,CSCO,2013-06-05,24.270000457763672,24.639999389648438,24.209999084472656,24.31999969482422,45742100,16.38539695739746
CSCO,CSCO,2013-06-06,24.479999542236328,24.690000534057617,24.239999771118164,24.549999237060547,44830200,16.54035758972168
CSCO,CSCO,2013-06-07,24.6200008392334,24.780000686645508,24.3799991607666,24.489999771118164,42729400,16.49992561340332
CSCO,CSCO,2013-06-10,24.56999969482422,24.670000076293945,24.280000686645508,24.360000610351562,33779400,16.412342071533203
CSCO,CSCO,2013-06-11,24.1299991607666,24.450000762939453,24.049999237060547,24.06999969482422,28060200,16.216960906982422
CSCO,CSCO,2013-06-12,24.219999313354492,24.309999465942383,23.979999542236328,23.989999771118164,29980300,16.163066864013672
CSCO,CSCO,2013-06-13,23.93000030517578,24.399999618530273,23.8799991607666,24.350000381469727,27238900,16.405607223510742
CSCO,CSCO,2013-06-14,24.309999465942383,24.5,24.079999923706055,24.09000015258789,29841100,16.230432510375977
CSCO,CSCO,2013-06-17,24.260000228881836,24.959999084472656,24.229999542236328,24.700000762939453,46042800,16.641420364379883
CSCO,CSCO,2013-06-18,24.719999313354492,24.979999542236328,24.700000762939453,24.81999969482422,34939200,16.722261428833008
CSCO,CSCO,2013-06-19,24.780000686645508,24.959999084472656,24.68000030517578,24.68000030517578,29472900,16.627941131591797
CSCO,CSCO,2013-06-20,24.479999542236328,24.729999542236328,24.299999237060547,24.440000534057617,47759000,16.46624183654785
CSCO,CSCO,2013-06-21,24.3799991607666,24.6200008392334,24.209999084472656,24.479999542236328,62052200,16.493192672729492
CSCO,CSCO,2013-06-24,24.31999969482422,24.469999313354492,24.040000915527344,24.059999465942383,35972700,16.21022605895996
CSCO,CSCO,2013-06-25,24.309999465942383,24.440000534057617,23.989999771118164,24.010000228881836,41334800,16.17653465270996
CSCO,CSCO,2013-06-26,24.299999237060547,24.450000762939453,24.18000030517578,24.389999389648438,32721400,16.43256378173828
CSCO,CSCO,2013-06-27,24.469999313354492,24.709999084472656,24.459999084472656,24.6299991607666,27115400,16.594255447387695
CSCO,CSCO,2013-06-28,24.43000030517578,24.610000610351562,24.299999237060547,24.34000015258789,35574300,16.398876190185547
CSCO,CSCO,2013-07-01,24.420000076293945,24.829999923706055,24.309999465942383,24.34000015258789,33674000,16.51421546936035
CSCO,CSCO,2013-07-02,24.239999771118164,24.639999389648438,24.219999313354492,24.31999969482422,31098600,16.500642776489258
CSCO,CSCO,2013-07-03,24.360000610351562,24.84000015258789,24.270000457763672,24.59000015258789,24775000,16.683835983276367
CSCO,CSCO,2013-07-05,24.639999389648438,24.65999984741211,24.25,24.56999969482422,19984900,16.670257568359375
CSCO,CSCO,2013-07-08,24.65999984741211,24.75,24.389999389648438,24.6299991607666,34669400,16.71097183227539
CSCO,CSCO,2013-07-09,24.760000228881836,25.200000762939453,24.739999771118164,25.15999984741211,46103900,17.070568084716797
CSCO,CSCO,2013-07-10,25.06999969482422,25.559999465942383,25.059999465942383,25.40999984741211,37757800,17.240188598632812
CSCO,CSCO,2013-07-11,25.6200008392334,25.93000030517578,25.56999969482422,25.8700008392334,45944600,17.552289962768555
CSCO,CSCO,2013-07-12,25.850000381469727,25.950000762939453,25.65999984741211,25.940000534057617,28410100,17.599782943725586
CSCO,CSCO,2013-07-15,25.780000686645508,25.989999771118164,25.639999389648438,25.93000030517578,26879600,17.593000411987305
CSCO,CSCO,2013-07-16,25.860000610351562,25.989999771118164,25.6299991607666,25.709999084472656,26336200,17.4437313079834
CSCO,CSCO,2013-07-17,25.799999237060547,25.860000610351562,25.600000381469727,25.719999313354492,22080800,17.450515747070312
CSCO,CSCO,2013-07-18,25.8700008392334,26.149999618530273,25.729999542236328,25.860000610351562,32996900,17.545495986938477
CSCO,CSCO,2013-07-19,25.860000610351562,26.0,25.6200008392334,25.81999969482422,39224200,17.51835823059082
CSCO,CSCO,2013-07-22,26.0,26.040000915527344,25.479999542236328,25.719999313354492,30419600,17.450515747070312
CSCO,CSCO,2013-07-23,25.700000762939453,25.770000457763672,25.489999771118164,25.559999465942383,27954800,17.341955184936523
CSCO,CSCO,2013-07-24,25.84000015258789,25.989999771118164,25.450000762939453,25.59000015258789,27330800,17.362314224243164
CSCO,CSCO,2013-07-25,25.600000381469727,25.6200008392334,25.309999465942383,25.5,31482600,17.30124855041504
CSCO,CSCO,2013-07-26,25.25,25.5,25.229999542236328,25.5,19946400,17.30124855041504
CSCO,CSCO,2013-07-29,25.360000610351562,25.469999313354492,25.229999542236328,25.329999923706055,17839400,17.185901641845703
CSCO,CSCO,2013-07-30,25.459999084472656,26.040000915527344,25.40999984741211,25.670000076293945,45348500,17.416593551635742
CSCO,CSCO,2013-07-31,25.799999237060547,25.889999389648438,25.549999237060547,25.59000015258789,30709400,17.362314224243164
CSCO,CSCO,2013-08-01,25.790000915527344,25.93000030517578,25.649999618530273,25.889999389648438,23330000,17.56585693359375
CSCO,CSCO,2013-08-02,25.799999237060547,26.190000534057617,25.729999542236328,26.190000534057617,26496700,17.769399642944336
CSCO,CSCO,2013-08-05,26.110000610351562,26.420000076293945,26.110000610351562,26.309999465942383,28701800,17.8508243560791
CSCO,CSCO,2013-08-06,26.40999984741211,26.40999984741211,26.059999465942383,26.209999084472656,26093500,17.782978057861328
CSCO,CSCO,2013-08-07,26.309999465942383,26.489999771118164,26.1200008392334,26.1200008392334,33489600,17.721904754638672
CSCO,CSCO,2013-08-08,26.270000457763672,26.31999969482422,26.18000030517578,26.260000228881836,20512100,17.816892623901367
CSCO,CSCO,2013-08-09,26.299999237060547,26.350000381469727,25.860000610351562,26.049999237060547,27309000,17.674413681030273
CSCO,CSCO,2013-08-12,25.860000610351562,26.450000762939453,25.850000381469727,26.34000015258789,32103600,17.87117576599121
CSCO,CSCO,2013-08-13,26.450000762939453,26.479999542236328,26.06999969482422,26.31999969482422,36466000,17.857603073120117
CSCO,CSCO,2013-08-14,26.450000762939453,26.450000762939453,25.969999313354492,26.3799991607666,77049400,17.898311614990234
CSCO,CSCO,2013-08-15,24.389999389648438,24.829999923706055,24.280000686645508,24.479999542236328,130110100,16.60919952392578
CSCO,CSCO,2013-08-16,24.530000686645508,24.65999984741211,24.25,24.270000457763672,42426200,16.466720581054688
CSCO,CSCO,2013-08-19,24.31999969482422,24.65999984741211,24.25,24.270000457763672,39630400,16.466720581054688
CSCO,CSCO,2013-08-20,24.280000686645508,24.559999465942383,24.219999313354492,24.31999969482422,43650200,16.500642776489258
CSCO,CSCO,2013-08-21,24.360000610351562,24.479999542236328,24.049999237060547,24.06999969482422,33392900,16.33101463317871
CSCO,CSCO,2013-08-22,24.06999969482422,24.219999313354492,23.959999084472656,24.010000228881836,24327000,16.290315628051758
CSCO,CSCO,2013-08-23,24.06999969482422,24.15999984741211,23.84000015258789,23.860000610351562,41268600,16.188541412353516
CSCO,CSCO,2013-08-26,23.84000015258789,24.049999237060547,23.760000228881836,23.829999923706055,35708500,16.168188095092773
CSCO,CSCO,2013-08-27,23.719999313354492,23.790000915527344,23.440000534057617,23.479999542236328,39768700,15.9307222366333
CSCO,CSCO,2013-08-28,23.549999237060547,23.579999923706055,23.3799991607666,23.450000762939453,28035900,15.910365104675293
CSCO,CSCO,2013-08-29,23.469999313354492,23.75,23.450000762939453,23.450000762939453,26605500,15.910365104675293
CSCO,CSCO,2013-08-30,23.459999084472656,23.549999237060547,23.219999313354492,23.309999465942383,35248400,15.815378189086914
CSCO,CSCO,2013-09-03,23.579999923706055,23.770000457763672,23.459999084472656,23.479999542236328,31875000,15.9307222366333
CSCO,CSCO,2013-09-04,23.520000457763672,23.920000076293945,23.5,23.770000457763672,27443900,16.127477645874023
CSCO,CSCO,2013-09-05,23.809999465942383,23.84000015258789,23.540000915527344,23.690000534057617,23926000,16.073196411132812
CSCO,CSCO,2013-09-06,23.81999969482422,23.84000015258789,23.389999389648438,23.549999237060547,28615800,15.978206634521484
CSCO,CSCO,2013-09-09,23.610000610351562,23.979999542236328,23.579999923706055,23.920000076293945,22744700,16.229248046875
CSCO,CSCO,2013-09-10,24.030000686645508,24.25,24.0,24.15999984741211,29302400,16.392087936401367
CSCO,CSCO,2013-09-11,24.200000762939453,24.40999984741211,24.18000030517578,24.3799991607666,25153200,16.541349411010742
CSCO,CSCO,2013-09-12,24.420000076293945,24.450000762939453,24.239999771118164,24.290000915527344,22340000,16.480283737182617
CSCO,CSCO,2013-09-13,24.329999923706055,24.40999984741211,24.200000762939453,24.31999969482422,18509900,16.500642776489258
CSCO,CSCO,2013-09-16,24.43000030517578,24.469999313354492,24.1299991607666,24.3799991607666,32119900,16.541349411010742
CSCO,CSCO,2013-09-17,24.389999389648438,24.549999237060547,24.299999237060547,24.3700008392334,19999500,16.534570693969727
CSCO,CSCO,2013-09-18,24.329999923706055,24.799999237060547,24.299999237060547,24.799999237060547,29541300,16.826316833496094
CSCO,CSCO,2013-09-19,24.5,24.75,24.40999984741211,24.610000610351562,40090900,16.697404861450195
CSCO,CSCO,2013-09-20,24.729999542236328,24.75,24.43000030517578,24.510000228881836,37420400,16.629558563232422
CSCO,CSCO,2013-09-23,24.3799991607666,24.450000762939453,24.110000610351562,24.270000457763672,26910300,16.466720581054688
CSCO,CSCO,2013-09-24,24.139999389648438,24.31999969482422,23.940000534057617,24.139999389648438,29762400,16.378511428833008
CSCO,CSCO,2013-09-25,24.190000534057617,24.549999237060547,24.1200008392334,24.43000030517578,26563800,16.575273513793945
CSCO,CSCO,2013-09-26,24.299999237060547,24.360000610351562,23.690000534057617,23.770000457763672,54577900,16.127477645874023
CSCO,CSCO,2013-09-27,23.350000381469727,23.549999237060547,23.049999237060547,23.329999923706055,82455500,15.82894515991211
CSCO,CSCO,2013-09-30,23.1200008392334,23.530000686645508,23.020000457763672,23.43000030517578,40335700,15.896790504455566
CSCO,CSCO,2013-10-01,23.329999923706055,23.479999542236328,23.200000762939453,23.239999771118164,30137600,15.883126258850098
CSCO,CSCO,2013-10-02,23.100000381469727,23.360000610351562,23.0,23.31999969482422,40084700,15.937804222106934
CSCO,CSCO,2013-10-03,23.239999771118164,23.350000381469727,22.940000534057617,23.010000228881836,38161100,15.725931167602539
CSCO,CSCO,2013-10-04,22.959999084472656,23.09000015258789,22.850000381469727,23.020000457763672,33607800,15.732768058776855
CSCO,CSCO,2013-10-07,22.760000228881836,23.040000915527344,22.6299991607666,22.889999389648438,29575900,15.6439208984375
CSCO,CSCO,2013-10-08,22.969999313354492,22.969999313354492,22.6200008392334,22.639999389648438,31865700,15.473063468933105
CSCO,CSCO,2013-10-09,22.65999984741211,22.760000228881836,22.290000915527344,22.5,45438300,15.377379417419434
CSCO,CSCO,2013-10-10,22.700000762939453,23.079999923706055,22.600000381469727,23.010000228881836,38817500,15.725931167602539
CSCO,CSCO,2013-10-11,23.020000457763672,23.3799991607666,22.969999313354492,23.280000686645508,27773800,15.910462379455566
CSCO,CSCO,2013-10-14,23.15999984741211,23.360000610351562,23.06999969482422,23.34000015258789,29103100,15.951465606689453
CSCO,CSCO,2013-10-15,23.360000610351562,23.420000076293945,23.170000076293945,23.18000030517578,26201200,15.842116355895996
CSCO,CSCO,2013-10-16,23.219999313354492,23.299999237060547,22.809999465942383,23.0,40483000,15.719103813171387
CSCO,CSCO,2013-10-17,22.799999237060547,22.8799991607666,22.420000076293945,22.780000686645508,69366300,15.568740844726562
CSCO,CSCO,2013-10-18,22.860000610351562,23.139999389648438,22.760000228881836,22.959999084472656,44486600,15.691764831542969
CSCO,CSCO,2013-10-21,23.110000610351562,23.110000610351562,22.809999465942383,22.93000030517578,34594600,15.671258926391602
CSCO,CSCO,2013-10-22,22.989999771118164,23.0,22.420000076293945,22.649999618530273,64553000,15.47989273071289
CSCO,CSCO,2013-10-23,22.610000610351562,22.639999389648438,22.200000762939453,22.260000228881836,49021400,15.21335220336914
CSCO,CSCO,2013-10-24,22.34000015258789,22.43000030517578,22.100000381469727,22.3700008392334,50130300,15.288540840148926
CSCO,CSCO,2013-10-25,22.59000015258789,22.6299991607666,22.350000381469727,22.459999084472656,34253400,15.350048065185547
CSCO,CSCO,2013-10-28,22.399999618530273,22.549999237060547,22.309999465942383,22.549999237060547,24072100,15.411547660827637
CSCO,CSCO,2013-10-29,22.65999984741211,22.93000030517578,22.559999465942383,22.829999923706055,30074200,15.60291862487793
CSCO,CSCO,2013-10-30,22.8700008392334,22.940000534057617,22.65999984741211,22.709999084472656,30465600,15.520903587341309
CSCO,CSCO,2013-10-31,22.639999389648438,22.709999084472656,22.440000534057617,22.559999465942383,34497400,15.418388366699219
CSCO,CSCO,2013-11-01,22.65999984741211,22.68000030517578,22.399999618530273,22.56999969482422,33328700,15.42522144317627
CSCO,CSCO,2013-11-04,22.549999237060547,22.639999389648438,22.420000076293945,22.579999923706055,28617000,15.432056427001953
CSCO,CSCO,2013-11-05,22.610000610351562,23.25,22.420000076293945,23.06999969482422,46343600,15.766940116882324
CSCO,CSCO,2013-11-06,23.209999084472656,23.3700008392334,23.020000457763672,23.280000686645508,48257800,15.910462379455566
CSCO,CSCO,2013-11-07,23.40999984741211,23.559999465942383,23.06999969482422,23.110000610351562,35502900,15.794282913208008
CSCO,CSCO,2013-11-08,23.280000686645508,23.520000457763672,23.09000015258789,23.510000228881836,30884100,16.067651748657227
CSCO,CSCO,2013-11-11,23.5,23.579999923706055,23.399999618530273,23.450000762939453,22694900,16.026647567749023
CSCO,CSCO,2013-11-12,23.43000030517578,23.84000015258789,23.43000030517578,23.729999542236328,38031100,16.2180118560791
CSCO,CSCO,2013-11-13,23.600000381469727,24.0,23.510000228881836,24.0,75234900,16.402544021606445
CSCO,CSCO,2013-11-14,20.940000534057617,21.440000534057617,20.770000457763672,21.3700008392334,243255400,14.605097770690918
CSCO,CSCO,2013-11-15,21.459999084472656,21.690000534057617,21.260000228881836,21.540000915527344,85506000,14.721283912658691
CSCO,CSCO,2013-11-18,21.600000381469727,21.719999313354492,21.200000762939453,21.290000915527344,66008900,14.550420761108398
CSCO,CSCO,2013-11-19,21.309999465942383,21.540000915527344,21.1200008392334,21.420000076293945,57309700,14.639266967773438
CSCO,CSCO,2013-11-20,21.469999313354492,21.469999313354492,21.219999313354492,21.229999542236328,44299700,14.509415626525879
CSCO,CSCO,2013-11-21,21.360000610351562,21.489999771118164,21.25,21.469999313354492,40695500,14.673439979553223
CSCO,CSCO,2013-11-22,21.40999984741211,21.5,21.309999465942383,21.459999084472656,41105000,14.666604995727539
CSCO,CSCO,2013-11-25,21.450000762939453,21.520000457763672,21.270000457763672,21.270000457763672,37566000,14.536750793457031
CSCO,CSCO,2013-11-26,21.299999237060547,21.40999984741211,21.079999923706055,21.209999084472656,48629300,14.495737075805664
CSCO,CSCO,2013-11-27,21.290000915527344,21.350000381469727,21.149999618530273,21.270000457763672,40021100,14.536750793457031
CSCO,CSCO,2013-11-29,21.389999389648438,21.440000534057617,21.200000762939453,21.25,25043700,14.523079872131348
CSCO,CSCO,2013-12-02,21.290000915527344,21.299999237060547,21.059999465942383,21.09000015258789,35385200,14.41373062133789
CSCO,CSCO,2013-12-03,21.049999237060547,21.260000228881836,21.020000457763672,21.260000228881836,52496700,14.52991771697998
CSCO,CSCO,2013-12-04,21.09000015258789,21.350000381469727,21.06999969482422,21.25,44535000,14.523079872131348
CSCO,CSCO,2013-12-05,21.200000762939453,21.299999237060547,20.889999389648438,20.90999984741211,61782100,14.290709495544434
CSCO,CSCO,2013-12-06,21.1200008392334,21.31999969482422,21.06999969482422,21.280000686645508,51266300,14.543584823608398
CSCO,CSCO,2013-12-09,21.299999237060547,21.329999923706055,21.200000762939453,21.219999313354492,41430000,14.502581596374512
CSCO,CSCO,2013-12-10,21.260000228881836,21.34000015258789,21.149999618530273,21.209999084472656,45957600,14.495737075805664
CSCO,CSCO,2013-12-11,20.989999771118164,21.010000228881836,20.649999618530273,20.8799991607666,66075000,14.270209312438965
CSCO,CSCO,2013-12-12,20.81999969482422,20.829999923706055,20.260000228881836,20.510000228881836,69575100,14.017333984375
CSCO,CSCO,2013-12-13,20.579999923706055,20.579999923706055,20.219999313354492,20.239999771118164,51883000,13.832806587219238
CSCO,CSCO,2013-12-16,20.350000381469727,20.75,20.25,20.68000030517578,54485600,14.133513450622559
CSCO,CSCO,2013-12-17,20.739999771118164,21.1299991607666,20.68000030517578,20.920000076293945,45343300,14.297550201416016
CSCO,CSCO,2013-12-18,20.8799991607666,21.040000915527344,20.520000457763672,21.0,55495300,14.352225303649902
CSCO,CSCO,2013-12-19,21.06999969482422,21.079999923706055,20.770000457763672,21.06999969482422,36678100,14.400063514709473
CSCO,CSCO,2013-12-20,21.059999465942383,21.25,20.959999084472656,21.1299991607666,64140500,14.441071510314941
CSCO,CSCO,2013-12-23,21.25,21.6299991607666,21.219999313354492,21.56999969482422,41245900,14.741781234741211
CSCO,CSCO,2013-12-24,21.459999084472656,21.760000228881836,21.440000534057617,21.690000534057617,18372000,14.823790550231934
CSCO,CSCO,2013-12-26,21.719999313354492,21.8799991607666,21.719999313354492,21.799999237060547,17064400,14.898972511291504
CSCO,CSCO,2013-12-27,21.790000915527344,22.049999237060547,21.780000686645508,22.020000457763672,24098500,15.049324035644531
CSCO,CSCO,2013-12-30,22.0,22.329999923706055,22.0,22.25,27711600,15.20651912689209
CSCO,CSCO,2013-12-31,22.25,22.469999313354492,22.149999618530273,22.43000030517578,33240500,15.329543113708496
CSCO,CSCO,2014-01-02,22.170000076293945,22.290000915527344,21.90999984741211,22.0,44377000,15.150485038757324
CSCO,CSCO,2014-01-03,22.09000015258789,22.1200008392334,21.829999923706055,21.979999542236328,36328200,15.136714935302734
CSCO,CSCO,2014-01-06,21.959999084472656,22.229999542236328,21.93000030517578,22.010000228881836,34150300,15.157378196716309
CSCO,CSCO,2014-01-07,22.260000228881836,22.40999984741211,22.149999618530273,22.309999465942383,37368800,15.363974571228027
CSCO,CSCO,2014-01-08,22.290000915527344,22.360000610351562,22.149999618530273,22.290000915527344,38362700,15.350199699401855
CSCO,CSCO,2014-01-09,22.290000915527344,22.309999465942383,21.920000076293945,22.09000015258789,31794000,15.212470054626465
CSCO,CSCO,2014-01-10,22.229999542236328,22.280000686645508,21.989999771118164,22.219999313354492,30318600,15.30199909210205
CSCO,CSCO,2014-01-13,22.389999389648438,22.81999969482422,22.139999389648438,22.190000534057617,59600000,15.28133487701416
CSCO,CSCO,2014-01-14,22.329999923706055,22.520000457763672,22.200000762939453,22.40999984741211,44300800,15.432838439941406
CSCO,CSCO,2014-01-15,22.5,23.0,22.420000076293945,22.780000686645508,61767800,15.687642097473145
CSCO,CSCO,2014-01-16,22.850000381469727,22.90999984741211,22.6299991607666,22.780000686645508,38918100,15.687642097473145
CSCO,CSCO,2014-01-17,22.579999923706055,22.780000686645508,22.579999923706055,22.739999771118164,44349100,15.660091400146484
CSCO,CSCO,2014-01-21,22.90999984741211,22.950000762939453,22.639999389648438,22.829999923706055,33423000,15.722079277038574
CSCO,CSCO,2014-01-22,22.90999984741211,22.950000762939453,22.780000686645508,22.84000015258789,30700100,15.728962898254395
CSCO,CSCO,2014-01-23,22.690000534057617,22.850000381469727,22.459999084472656,22.559999465942383,37013600,15.536137580871582
CSCO,CSCO,2014-01-24,22.399999618530273,22.540000915527344,22.170000076293945,22.200000762939453,40917300,15.288222312927246
CSCO,CSCO,2014-01-27,21.770000457763672,22.110000610351562,21.760000228881836,22.0,60510000,15.150485038757324
CSCO,CSCO,2014-01-28,21.8799991607666,22.0,21.700000762939453,21.75,41431800,14.978324890136719
CSCO,CSCO,2014-01-29,21.6200008392334,21.84000015258789,21.600000381469727,21.649999618530273,35406500,14.909459114074707
CSCO,CSCO,2014-01-30,21.770000457763672,21.989999771118164,21.6299991607666,21.979999542236328,42883000,15.136714935302734
CSCO,CSCO,2014-01-31,21.610000610351562,21.989999771118164,21.610000610351562,21.90999984741211,43325300,15.088508605957031
CSCO,CSCO,2014-02-03,21.93000030517578,21.950000762939453,21.459999084472656,21.549999237060547,60693300,14.840596199035645
CSCO,CSCO,2014-02-04,21.579999923706055,21.81999969482422,21.399999618530273,21.799999237060547,46626500,15.012757301330566
CSCO,CSCO,2014-02-05,21.690000534057617,22.06999969482422,21.579999923706055,21.979999542236328,46291400,15.136714935302734
CSCO,CSCO,2014-02-06,22.040000915527344,22.579999923706055,21.969999313354492,22.489999771118164,49584300,15.48792839050293
CSCO,CSCO,2014-02-07,22.520000457763672,22.719999313354492,22.299999237060547,22.670000076293945,54109200,15.61188793182373
CSCO,CSCO,2014-02-10,22.639999389648438,22.8799991607666,22.559999465942383,22.829999923706055,45300500,15.722079277038574
CSCO,CSCO,2014-02-11,22.780000686645508,22.8799991607666,22.670000076293945,22.709999084472656,45804800,15.639440536499023
CSCO,CSCO,2014-02-12,22.610000610351562,22.920000076293945,22.520000457763672,22.850000381469727,69832400,15.73585319519043
CSCO,CSCO,2014-02-13,21.989999771118164,22.270000457763672,21.68000030517578,22.270000457763672,153739400,15.33642864227295
CSCO,CSCO,2014-02-14,22.219999313354492,22.770000457763672,22.200000762939453,22.559999465942383,64513500,15.536137580871582
CSCO,CSCO,2014-02-18,22.489999771118164,22.540000915527344,22.329999923706055,22.40999984741211,31014400,15.432838439941406
CSCO,CSCO,2014-02-19,22.329999923706055,22.559999465942383,22.219999313354492,22.280000686645508,29309100,15.343310356140137
CSCO,CSCO,2014-02-20,22.239999771118164,22.399999618530273,22.15999984741211,22.299999237060547,26215000,15.357085227966309
CSCO,CSCO,2014-02-21,22.3700008392334,22.450000762939453,22.1299991607666,22.1299991607666,31483000,15.240015983581543
CSCO,CSCO,2014-02-24,22.190000534057617,22.34000015258789,22.0,22.1200008392334,41858000,15.233126640319824
CSCO,CSCO,2014-02-25,22.149999618530273,22.219999313354492,21.760000228881836,21.84000015258789,45303600,15.040310859680176
CSCO,CSCO,2014-02-26,21.84000015258789,22.020000457763672,21.549999237060547,21.93000030517578,43574600,15.102286338806152
CSCO,CSCO,2014-02-27,21.8799991607666,22.049999237060547,21.860000610351562,21.920000076293945,25804000,15.09539794921875
CSCO,CSCO,2014-02-28,21.969999313354492,22.110000610351562,21.700000762939453,21.799999237060547,40863200,15.012757301330566
CSCO,CSCO,2014-03-03,21.56999969482422,21.81999969482422,21.440000534057617,21.56999969482422,37292900,14.854365348815918
CSCO,CSCO,2014-03-04,21.780000686645508,21.889999389648438,21.700000762939453,21.81999969482422,35673900,15.026528358459473
CSCO,CSCO,2014-03-05,21.899999618530273,22.049999237060547,21.809999465942383,21.8700008392334,28203400,15.060965538024902
CSCO,CSCO,2014-03-06,21.8799991607666,21.979999542236328,21.75,21.81999969482422,23567000,15.026528358459473
CSCO,CSCO,2014-03-07,21.920000076293945,21.940000534057617,21.65999984741211,21.729999542236328,33180000,14.964546203613281
CSCO,CSCO,2014-03-10,21.6299991607666,21.81999969482422,21.600000381469727,21.690000534057617,26163300,14.93700122833252
CSCO,CSCO,2014-03-11,21.860000610351562,21.93000030517578,21.579999923706055,21.610000610351562,34642200,14.881917953491211
CSCO,CSCO,2014-03-12,21.530000686645508,21.920000076293945,21.530000686645508,21.81999969482422,31854300,15.026528358459473
CSCO,CSCO,2014-03-13,21.889999389648438,21.920000076293945,21.5,21.520000457763672,42144400,14.81993293762207
CSCO,CSCO,2014-03-14,21.549999237060547,21.649999618530273,21.280000686645508,21.350000381469727,38256700,14.702860832214355
CSCO,CSCO,2014-03-17,21.350000381469727,21.6200008392334,21.270000457763672,21.510000228881836,33221900,14.8130464553833
CSCO,CSCO,2014-03-18,21.34000015258789,21.709999084472656,21.290000915527344,21.6299991607666,45849600,14.895683288574219
CSCO,CSCO,2014-03-19,21.690000534057617,21.799999237060547,21.559999465942383,21.6299991607666,32674300,14.895683288574219
CSCO,CSCO,2014-03-20,21.59000015258789,22.0,21.59000015258789,21.829999923706055,34952800,15.033417701721191
CSCO,CSCO,2014-03-21,21.940000534057617,22.100000381469727,21.579999923706055,21.639999389648438,97372900,14.902575492858887
CSCO,CSCO,2014-03-24,21.68000030517578,21.790000915527344,21.469999313354492,21.56999969482422,32782100,14.854365348815918
CSCO,CSCO,2014-03-25,21.690000534057617,22.360000610351562,21.649999618530273,22.34000015258789,53374300,15.384631156921387
CSCO,CSCO,2014-03-26,22.440000534057617,22.690000534057617,22.31999969482422,22.31999969482422,67098900,15.370854377746582
CSCO,CSCO,2014-03-27,22.1299991607666,22.389999389648438,21.940000534057617,22.020000457763672,52152300,15.16425609588623
CSCO,CSCO,2014-03-28,22.09000015258789,22.540000915527344,22.049999237060547,22.329999923706055,49289400,15.37774658203125
CSCO,CSCO,2014-03-31,22.489999771118164,22.639999389648438,22.399999618530273,22.420000076293945,32887800,15.439727783203125
CSCO,CSCO,2014-04-01,22.329999923706055,23.309999465942383,22.299999237060547,23.100000381469727,80106400,16.04397964477539
CSCO,CSCO,2014-04-02,23.110000610351562,23.1299991607666,22.760000228881836,22.989999771118164,38363700,15.967580795288086
CSCO,CSCO,2014-04-03,23.049999237060547,23.299999237060547,23.0,23.09000015258789,30311200,16.037036895751953
CSCO,CSCO,2014-04-04,23.280000686645508,23.350000381469727,22.600000381469727,22.709999084472656,49382300,15.77310848236084
CSCO,CSCO,2014-04-07,22.600000381469727,23.06999969482422,22.5,22.850000381469727,55317100,15.870351791381836
CSCO,CSCO,2014-04-08,22.639999389648438,22.969999313354492,22.600000381469727,22.940000534057617,37373900,15.932847023010254
CSCO,CSCO,2014-04-09,23.0,23.31999969482422,22.889999389648438,23.1200008392334,37888600,16.057870864868164
CSCO,CSCO,2014-04-10,23.170000076293945,23.260000228881836,22.5,22.649999618530273,53927000,15.731431007385254
CSCO,CSCO,2014-04-11,22.549999237060547,22.989999771118164,22.43000030517578,22.459999084472656,47253900,15.599475860595703
CSCO,CSCO,2014-04-14,22.6299991607666,22.940000534057617,22.479999542236328,22.850000381469727,35804300,15.870351791381836
CSCO,CSCO,2014-04-15,22.84000015258789,23.0,22.610000610351562,22.889999389648438,29845400,15.898124694824219
CSCO,CSCO,2014-04-16,23.030000686645508,23.149999618530273,22.829999923706055,23.030000686645508,31451900,15.995361328125
CSCO,CSCO,2014-04-17,23.010000228881836,23.290000915527344,22.780000686645508,23.209999084472656,47813400,16.120376586914062
CSCO,CSCO,2014-04-21,23.219999313354492,23.59000015258789,23.18000030517578,23.399999618530273,38795200,16.252344131469727
CSCO,CSCO,2014-04-22,23.43000030517578,23.610000610351562,23.399999618530273,23.520000457763672,28725000,16.33568572998047
CSCO,CSCO,2014-04-23,23.520000457763672,23.56999969482422,23.239999771118164,23.5,29972800,16.321796417236328
CSCO,CSCO,2014-04-24,23.639999389648438,23.639999389648438,23.239999771118164,23.329999923706055,33976700,16.20372772216797
CSCO,CSCO,2014-04-25,23.270000457763672,23.31999969482422,22.8799991607666,23.0,25087300,15.974526405334473
CSCO,CSCO,2014-04-28,23.149999618530273,23.239999771118164,22.790000915527344,23.020000457763672,36817100,15.988411903381348
CSCO,CSCO,2014-04-29,23.200000762939453,23.209999084472656,23.059999465942383,23.15999984741211,14582400,16.085651397705078
CSCO,CSCO,2014-04-30,23.079999923706055,23.139999389648438,22.920000076293945,23.110000610351562,23979300,16.050928115844727
CSCO,CSCO,2014-05-01,23.139999389648438,23.149999618530273,22.90999984741211,23.010000228881836,17463700,15.981466293334961
CSCO,CSCO,2014-05-02,23.110000610351562,23.1200008392334,22.899999618530273,22.940000534057617,18757000,15.932847023010254
CSCO,CSCO,2014-05-05,22.899999618530273,23.0,22.719999313354492,22.959999084472656,17859200,15.946742057800293
CSCO,CSCO,2014-05-06,22.84000015258789,22.889999389648438,22.6299991607666,22.719999313354492,21815200,15.780045509338379
CSCO,CSCO,2014-05-07,22.719999313354492,22.899999618530273,22.43000030517578,22.8700008392334,38895200,15.884235382080078
CSCO,CSCO,2014-05-08,22.899999618530273,23.170000076293945,22.760000228881836,23.020000457763672,32181400,15.988411903381348
CSCO,CSCO,2014-05-09,22.959999084472656,23.110000610351562,22.920000076293945,23.020000457763672,22593900,15.988411903381348
CSCO,CSCO,2014-05-12,23.040000915527344,23.34000015258789,23.0,23.190000534057617,40216100,16.106487274169922
CSCO,CSCO,2014-05-13,23.139999389648438,23.209999084472656,22.760000228881836,22.860000610351562,57933100,15.877287864685059
CSCO,CSCO,2014-05-14,22.920000076293945,23.049999237060547,22.6299991607666,22.809999465942383,59330100,15.842565536499023
CSCO,CSCO,2014-05-15,24.270000457763672,24.690000534057617,24.1200008392334,24.18000030517578,120944500,16.794086456298828
CSCO,CSCO,2014-05-16,24.139999389648438,24.450000762939453,24.059999465942383,24.3700008392334,40477000,16.926054000854492
CSCO,CSCO,2014-05-19,24.239999771118164,24.450000762939453,24.1200008392334,24.350000381469727,39388900,16.91216468811035
CSCO,CSCO,2014-05-20,24.260000228881836,24.389999389648438,24.020000457763672,24.1200008392334,56321600,16.752416610717773
CSCO,CSCO,2014-05-21,24.219999313354492,24.649999618530273,24.170000076293945,24.479999542236328,65262600,17.002450942993164
CSCO,CSCO,2014-05-22,24.420000076293945,24.540000915527344,24.290000915527344,24.3799991607666,26751000,16.932998657226562
CSCO,CSCO,2014-05-23,24.3799991607666,24.56999969482422,24.350000381469727,24.520000457763672,27778000,17.030235290527344
CSCO,CSCO,2014-05-27,24.739999771118164,24.8799991607666,24.6299991607666,24.709999084472656,32365700,17.162199020385742
CSCO,CSCO,2014-05-28,24.6299991607666,24.93000030517578,24.6299991607666,24.81999969482422,28650600,17.238595962524414
CSCO,CSCO,2014-05-29,24.850000381469727,24.920000076293945,24.559999465942383,24.68000030517578,21642000,17.14136505126953
CSCO,CSCO,2014-05-30,24.709999084472656,24.75,24.479999542236328,24.6200008392334,29368700,17.099685668945312
CSCO,CSCO,2014-06-02,24.639999389648438,24.799999237060547,24.559999465942383,24.780000686645508,20393300,17.210813522338867
CSCO,CSCO,2014-06-03,24.75,24.81999969482422,24.450000762939453,24.68000030517578,23339100,17.14136505126953
CSCO,CSCO,2014-06-04,24.610000610351562,24.649999618530273,24.399999618530273,24.5,20635100,17.016340255737305
CSCO,CSCO,2014-06-05,24.6200008392334,24.739999771118164,24.40999984741211,24.700000762939453,23320300,17.15525245666504
CSCO,CSCO,2014-06-06,24.729999542236328,24.950000762939453,24.709999084472656,24.829999923706055,22485100,17.245548248291016
CSCO,CSCO,2014-06-09,24.790000915527344,24.950000762939453,24.719999313354492,24.799999237060547,18818400,17.224706649780273
CSCO,CSCO,2014-06-10,24.729999542236328,25.100000381469727,24.600000381469727,25.0,36582000,17.363615036010742
CSCO,CSCO,2014-06-11,24.850000381469727,25.170000076293945,24.790000915527344,25.040000915527344,36170300,17.391399383544922
CSCO,CSCO,2014-06-12,24.950000762939453,25.010000228881836,24.6200008392334,24.65999984741211,26900400,17.12746238708496
CSCO,CSCO,2014-06-13,24.670000076293945,24.780000686645508,24.600000381469727,24.700000762939453,20947600,17.15525245666504
CSCO,CSCO,2014-06-16,24.520000457763672,24.729999542236328,24.450000762939453,24.530000686645508,19251300,17.03717613220215
CSCO,CSCO,2014-06-17,24.489999771118164,24.6200008392334,24.40999984741211,24.5,17972800,17.016340255737305
CSCO,CSCO,2014-06-18,24.700000762939453,24.75,24.459999084472656,24.6299991607666,24723700,17.106632232666016
CSCO,CSCO,2014-06-19,24.6200008392334,24.709999084472656,24.450000762939453,24.709999084472656,20646800,17.162199020385742
CSCO,CSCO,2014-06-20,24.6299991607666,24.899999618530273,24.610000610351562,24.829999923706055,39707300,17.245548248291016
CSCO,CSCO,2014-06-23,24.809999465942383,24.899999618530273,24.649999618530273,24.700000762939453,18751100,17.15525245666504
CSCO,CSCO,2014-06-24,24.6200008392334,24.739999771118164,24.520000457763672,24.530000686645508,24302000,17.03717613220215
CSCO,CSCO,2014-06-25,24.549999237060547,24.780000686645508,24.40999984741211,24.719999313354492,22579500,17.16913604736328
CSCO,CSCO,2014-06-26,24.65999984741211,24.809999465942383,24.479999542236328,24.649999618530273,19134400,17.120515823364258
CSCO,CSCO,2014-06-27,24.600000381469727,24.780000686645508,24.479999542236328,24.700000762939453,34999300,17.15525245666504
CSCO,CSCO,2014-06-30,24.670000076293945,24.899999618530273,24.6200008392334,24.850000381469727,23992100,17.259437561035156
CSCO,CSCO,2014-07-01,24.989999771118164,25.110000610351562,24.770000457763672,25.079999923706055,34613200,17.41917610168457
CSCO,CSCO,2014-07-02,24.969999313354492,25.139999389648438,24.8700008392334,25.030000686645508,30197200,17.51715660095215
CSCO,CSCO,2014-07-03,25.149999618530273,25.25,25.1299991607666,25.190000534057617,19598800,17.629135131835938
CSCO,CSCO,2014-07-07,25.0,25.25,24.969999313354492,25.229999542236328,21293500,17.657127380371094
CSCO,CSCO,2014-07-08,25.209999084472656,25.309999465942383,25.059999465942383,25.06999969482422,34622900,17.545146942138672
CSCO,CSCO,2014-07-09,25.219999313354492,25.5,25.139999389648438,25.440000534057617,35610300,17.804096221923828
CSCO,CSCO,2014-07-10,25.25,25.520000457763672,25.219999313354492,25.440000534057617,27278600,17.804096221923828
CSCO,CSCO,2014-07-11,25.520000457763672,25.649999618530273,25.440000534057617,25.520000457763672,20945900,17.860084533691406
CSCO,CSCO,2014-07-14,25.610000610351562,25.649999618530273,25.399999618530273,25.440000534057617,19243600,17.804096221923828
CSCO,CSCO,2014-07-15,25.3799991607666,25.68000030517578,25.360000610351562,25.670000076293945,29468800,17.965055465698242
CSCO,CSCO,2014-07-16,25.729999542236328,26.049999237060547,25.729999542236328,25.979999542236328,40458600,18.182003021240234
CSCO,CSCO,2014-07-17,25.84000015258789,26.0,25.579999923706055,25.6299991607666,29568000,17.93706512451172
CSCO,CSCO,2014-07-18,25.700000762939453,25.959999084472656,25.670000076293945,25.90999984741211,25465300,18.133024215698242
CSCO,CSCO,2014-07-21,25.889999389648438,25.950000762939453,25.719999313354492,25.850000381469727,20825400,18.091033935546875
CSCO,CSCO,2014-07-22,25.950000762939453,26.079999923706055,25.90999984741211,25.950000762939453,28734800,18.161020278930664
CSCO,CSCO,2014-07-23,25.719999313354492,25.790000915527344,25.549999237060547,25.68000030517578,28759200,17.97205924987793
CSCO,CSCO,2014-07-24,25.780000686645508,25.899999618530273,25.68000030517578,25.829999923706055,21876300,18.077030181884766
CSCO,CSCO,2014-07-25,25.799999237060547,26.020000457763672,25.68000030517578,25.969999313354492,28640100,18.175010681152344
CSCO,CSCO,2014-07-28,25.729999542236328,26.0,25.56999969482422,25.920000076293945,27686400,18.140016555786133
CSCO,CSCO,2014-07-29,25.8799991607666,26.010000228881836,25.690000534057617,25.709999084472656,22441500,17.993059158325195
CSCO,CSCO,2014-07-30,25.829999923706055,25.84000015258789,25.469999313354492,25.6299991607666,26119900,17.93706512451172
CSCO,CSCO,2014-07-31,25.479999542236328,25.5,25.170000076293945,25.229999542236328,28219900,17.657127380371094
CSCO,CSCO,2014-08-01,25.139999389648438,25.209999084472656,24.799999237060547,25.0,28609200,17.496164321899414
CSCO,CSCO,2014-08-04,24.940000534057617,25.219999313354492,24.860000610351562,25.170000076293945,17252200,17.61513900756836
CSCO,CSCO,2014-08-05,25.020000457763672,25.1200008392334,24.8700008392334,24.969999313354492,21176500,17.47516632080078
CSCO,CSCO,2014-08-06,24.93000030517578,25.209999084472656,24.850000381469727,24.93000030517578,20990600,17.447174072265625
CSCO,CSCO,2014-08-07,25.010000228881836,25.110000610351562,24.690000534057617,24.860000610351562,24123500,17.398181915283203
CSCO,CSCO,2014-08-08,24.8700008392334,25.059999465942383,24.739999771118164,25.030000686645508,21648600,17.51715660095215
CSCO,CSCO,2014-08-11,25.09000015258789,25.3700008392334,25.010000228881836,25.229999542236328,25946200,17.657127380371094
CSCO,CSCO,2014-08-12,25.209999084472656,25.270000457763672,25.0,25.149999618530273,21928200,17.601137161254883
CSCO,CSCO,2014-08-13,25.170000076293945,25.270000457763672,24.93000030517578,25.200000762939453,43708600,17.636133193969727
CSCO,CSCO,2014-08-14,24.940000534057617,24.940000534057617,24.31999969482422,24.540000915527344,63790200,17.17422866821289
CSCO,CSCO,2014-08-15,24.65999984741211,24.65999984741211,24.270000457763672,24.43000030517578,33624000,17.097244262695312
CSCO,CSCO,2014-08-18,24.489999771118164,24.65999984741211,24.43000030517578,24.6299991607666,27666900,17.237218856811523
CSCO,CSCO,2014-08-19,24.6299991607666,24.690000534057617,24.600000381469727,24.639999389648438,20347000,17.244213104248047
CSCO,CSCO,2014-08-20,24.549999237060547,24.75,24.520000457763672,24.709999084472656,20228900,17.2932071685791
CSCO,CSCO,2014-08-21,24.75,24.90999984741211,24.719999313354492,24.889999389648438,20880800,17.41917610168457
CSCO,CSCO,2014-08-22,24.8700008392334,24.969999313354492,24.639999389648438,24.649999618530273,22453700,17.251216888427734
CSCO,CSCO,2014-08-25,24.700000762939453,24.84000015258789,24.690000534057617,24.700000762939453,19355800,17.286205291748047
CSCO,CSCO,2014-08-26,24.700000762939453,24.93000030517578,24.670000076293945,24.809999465942383,17053400,17.363195419311523
CSCO,CSCO,2014-08-27,24.790000915527344,24.860000610351562,24.709999084472656,24.799999237060547,15748800,17.356184005737305
CSCO,CSCO,2014-08-28,24.700000762939453,24.899999618530273,24.639999389648438,24.850000381469727,15506400,17.391183853149414
CSCO,CSCO,2014-08-29,24.899999618530273,24.989999771118164,24.760000228881836,24.989999771118164,17972300,17.489164352416992
CSCO,CSCO,2014-09-02,24.940000534057617,25.0,24.75,24.8799991607666,19836000,17.41218376159668
CSCO,CSCO,2014-09-03,24.940000534057617,25.1299991607666,24.920000076293945,25.040000915527344,22043200,17.524160385131836
CSCO,CSCO,2014-09-04,25.079999923706055,25.139999389648438,24.829999923706055,24.90999984741211,20268900,17.433176040649414
CSCO,CSCO,2014-09-05,24.860000610351562,25.06999969482422,24.860000610351562,25.0,19865200,17.496164321899414
CSCO,CSCO,2014-09-08,24.93000030517578,25.09000015258789,24.809999465942383,24.950000762939453,14188500,17.46116828918457
CSCO,CSCO,2014-09-09,24.8799991607666,24.969999313354492,24.600000381469727,24.860000610351562,19075800,17.398181915283203
CSCO,CSCO,2014-09-10,24.84000015258789,25.0,24.84000015258789,24.93000030517578,15738500,17.447174072265625
CSCO,CSCO,2014-09-11,24.920000076293945,25.200000762939453,24.850000381469727,25.18000030517578,22105400,17.622133255004883
CSCO,CSCO,2014-09-12,25.15999984741211,25.260000228881836,25.06999969482422,25.15999984741211,33197300,17.608137130737305
CSCO,CSCO,2014-09-15,24.950000762939453,25.09000015258789,24.8700008392334,25.059999465942383,33411400,17.538148880004883
CSCO,CSCO,2014-09-16,25.0,25.420000076293945,24.979999542236328,25.219999313354492,31902300,17.650129318237305
CSCO,CSCO,2014-09-17,25.139999389648438,25.309999465942383,25.06999969482422,25.209999084472656,25703300,17.643125534057617
CSCO,CSCO,2014-09-18,25.170000076293945,25.270000457763672,25.149999618530273,25.219999313354492,15939900,17.650129318237305
CSCO,CSCO,2014-09-19,25.209999084472656,25.299999237060547,25.010000228881836,25.200000762939453,47343700,17.636133193969727
CSCO,CSCO,2014-09-22,25.190000534057617,25.190000534057617,24.860000610351562,24.969999313354492,21346700,17.47516632080078
CSCO,CSCO,2014-09-23,24.8700008392334,25.030000686645508,24.670000076293945,24.700000762939453,20747900,17.286205291748047
CSCO,CSCO,2014-09-24,24.729999542236328,25.040000915527344,24.6299991607666,24.979999542236328,19700400,17.482158660888672
CSCO,CSCO,2014-09-25,24.959999084472656,24.959999084472656,24.5,24.540000915527344,27242000,17.17422866821289
CSCO,CSCO,2014-09-26,24.5,25.09000015258789,24.459999084472656,25.0,29863700,17.496164321899414
CSCO,CSCO,2014-09-29,24.729999542236328,25.200000762939453,24.729999542236328,25.1200008392334,28707700,17.58014678955078
CSCO,CSCO,2014-09-30,24.899999618530273,25.25,24.850000381469727,25.170000076293945,36919300,17.7493896484375
CSCO,CSCO,2014-10-01,25.200000762939453,25.25,24.940000534057617,25.030000686645508,44916200,17.650659561157227
CSCO,CSCO,2014-10-02,25.049999237060547,25.110000610351562,24.75,25.059999465942383,28334000,17.671812057495117
CSCO,CSCO,2014-10-03,25.209999084472656,25.3700008392334,25.040000915527344,25.309999465942383,29038300,17.848112106323242
CSCO,CSCO,2014-10-06,25.350000381469727,25.420000076293945,24.959999084472656,25.010000228881836,23952600,17.636560440063477
CSCO,CSCO,2014-10-07,25.010000228881836,25.25,24.59000015258789,24.639999389648438,29309600,17.375638961791992
CSCO,CSCO,2014-10-08,24.56999969482422,24.68000030517578,24.18000030517578,24.65999984741211,40348300,17.389741897583008
CSCO,CSCO,2014-10-09,24.510000228881836,24.639999389648438,24.18000030517578,24.190000534057617,29341200,17.05830955505371
CSCO,CSCO,2014-10-10,23.90999984741211,24.010000228881836,23.34000015258789,23.34000015258789,48313600,16.45890998840332
CSCO,CSCO,2014-10-13,23.239999771118164,23.450000762939453,22.93000030517578,22.93000030517578,33227700,16.16978645324707
CSCO,CSCO,2014-10-14,23.059999465942383,23.350000381469727,22.959999084472656,23.059999465942383,29317500,16.261463165283203
CSCO,CSCO,2014-10-15,22.790000915527344,23.149999618530273,22.489999771118164,22.959999084472656,40079600,16.190937042236328
CSCO,CSCO,2014-10-16,22.649999618530273,23.079999923706055,22.559999465942383,22.81999969482422,30929300,16.09221076965332
CSCO,CSCO,2014-10-17,22.979999542236328,23.329999923706055,22.920000076293945,23.25,28485000,16.39543914794922
CSCO,CSCO,2014-10-20,22.899999618530273,23.079999923706055,22.690000534057617,22.93000030517578,34386900,16.16978645324707
CSCO,CSCO,2014-10-21,23.100000381469727,23.600000381469727,22.959999084472656,23.510000228881836,33712700,16.57878875732422
CSCO,CSCO,2014-10-22,23.670000076293945,23.68000030517578,23.239999771118164,23.260000228881836,25172900,16.402490615844727
CSCO,CSCO,2014-10-23,23.610000610351562,23.760000228881836,23.420000076293945,23.56999969482422,21669900,16.621097564697266
CSCO,CSCO,2014-10-24,23.600000381469727,23.799999237060547,23.459999084472656,23.780000686645508,19942900,16.76918601989746
CSCO,CSCO,2014-10-27,23.6200008392334,23.809999465942383,23.600000381469727,23.760000228881836,16862700,16.755083084106445
CSCO,CSCO,2014-10-28,23.81999969482422,24.06999969482422,23.81999969482422,24.06999969482422,17798600,16.97368621826172
CSCO,CSCO,2014-10-29,24.010000228881836,24.299999237060547,23.920000076293945,24.100000381469727,18885500,16.99483871459961
CSCO,CSCO,2014-10-30,24.0,24.149999618530273,23.8799991607666,24.079999923706055,32212000,16.980735778808594
CSCO,CSCO,2014-10-31,24.59000015258789,24.639999389648438,24.18000030517578,24.469999313354492,30379100,17.255760192871094
CSCO,CSCO,2014-11-03,24.450000762939453,24.59000015258789,24.450000762939453,24.579999923706055,16383400,17.333330154418945
CSCO,CSCO,2014-11-04,24.600000381469727,24.90999984741211,24.579999923706055,24.8799991607666,24620900,17.544885635375977
CSCO,CSCO,2014-11-05,24.969999313354492,25.170000076293945,24.84000015258789,25.149999618530273,21979600,17.735280990600586
CSCO,CSCO,2014-11-06,25.100000381469727,25.280000686645508,25.020000457763672,25.260000228881836,18373700,17.812849044799805
CSCO,CSCO,2014-11-07,25.299999237060547,25.399999618530273,25.15999984741211,25.329999923706055,34001900,17.862213134765625
CSCO,CSCO,2014-11-10,25.040000915527344,25.229999542236328,24.8799991607666,25.149999618530273,32152700,17.735280990600586
CSCO,CSCO,2014-11-11,25.200000762939453,25.209999084472656,25.020000457763672,25.149999618530273,19801700,17.735280990600586
CSCO,CSCO,2014-11-12,24.90999984741211,25.190000534057617,24.8799991607666,25.110000610351562,42258800,17.707073211669922
CSCO,CSCO,2014-11-13,24.93000030517578,25.889999389648438,24.8799991607666,25.68000030517578,57138800,18.10902976989746
CSCO,CSCO,2014-11-14,25.760000228881836,26.34000015258789,25.649999618530273,26.31999969482422,48667000,18.56034278869629
CSCO,CSCO,2014-11-17,26.110000610351562,26.549999237060547,26.0,26.469999313354492,33224000,18.666122436523438
CSCO,CSCO,2014-11-18,26.5,26.739999771118164,26.399999618530273,26.600000381469727,27223100,18.757793426513672
CSCO,CSCO,2014-11-19,26.579999923706055,26.6200008392334,26.299999237060547,26.59000015258789,19882500,18.7507381439209
CSCO,CSCO,2014-11-20,26.489999771118164,26.84000015258789,26.350000381469727,26.809999465942383,23440100,18.905887603759766
CSCO,CSCO,2014-11-21,26.950000762939453,27.049999237060547,26.670000076293945,26.8799991607666,31912100,18.955242156982422
CSCO,CSCO,2014-11-24,26.8799991607666,27.1200008392334,26.8799991607666,27.030000686645508,26994800,19.06102180480957
CSCO,CSCO,2014-11-25,27.030000686645508,27.299999237060547,27.030000686645508,27.280000686645508,28110100,19.237321853637695
CSCO,CSCO,2014-11-26,27.299999237060547,27.459999084472656,27.139999389648438,27.43000030517578,19466000,19.343088150024414
CSCO,CSCO,2014-11-28,27.520000457763672,27.780000686645508,27.360000610351562,27.639999389648438,18138900,19.491180419921875
CSCO,CSCO,2014-12-01,27.5,27.610000610351562,27.329999923706055,27.59000015258789,19670200,19.455923080444336
CSCO,CSCO,2014-12-02,27.600000381469727,27.959999084472656,27.600000381469727,27.81999969482422,28247400,19.618114471435547
CSCO,CSCO,2014-12-03,27.709999084472656,27.989999771118164,27.510000228881836,27.950000762939453,27858600,19.709787368774414
CSCO,CSCO,2014-12-04,27.920000076293945,27.989999771118164,27.579999923706055,27.770000457763672,23797800,19.582855224609375
CSCO,CSCO,2014-12-05,27.790000915527344,27.850000381469727,27.399999618530273,27.5,26722300,19.392459869384766
CSCO,CSCO,2014-12-08,27.420000076293945,27.530000686645508,27.149999618530273,27.229999542236328,24275900,19.202056884765625
CSCO,CSCO,2014-12-09,26.950000762939453,27.479999542236328,26.829999923706055,27.420000076293945,25885900,19.336044311523438
CSCO,CSCO,2014-12-10,27.260000228881836,27.360000610351562,26.790000915527344,26.8700008392334,31773400,18.948190689086914
CSCO,CSCO,2014-12-11,26.969999313354492,27.360000610351562,26.940000534057617,26.989999771118164,22902400,19.032812118530273
CSCO,CSCO,2014-12-12,26.709999084472656,27.149999618530273,26.700000762939453,26.860000610351562,27032000,18.94114112854004
CSCO,CSCO,2014-12-15,26.889999389648438,27.170000076293945,26.479999542236328,26.68000030517578,27503200,18.814208984375
CSCO,CSCO,2014-12-16,26.5,27.170000076293945,26.149999618530273,26.59000015258789,36622000,18.7507381439209
CSCO,CSCO,2014-12-17,26.6200008392334,26.899999618530273,26.469999313354492,26.809999465942383,36617700,18.905887603759766
CSCO,CSCO,2014-12-18,27.040000915527344,27.65999984741211,27.040000915527344,27.649999618530273,34927700,19.498231887817383
CSCO,CSCO,2014-12-19,27.649999618530273,27.850000381469727,27.549999237060547,27.770000457763672,59644100,19.582855224609375
CSCO,CSCO,2014-12-22,27.799999237060547,28.290000915527344,27.75,28.219999313354492,28858600,19.90018081665039
CSCO,CSCO,2014-12-23,28.219999313354492,28.5,28.190000534057617,28.25,23538600,19.92133903503418
CSCO,CSCO,2014-12-24,28.290000915527344,28.59000015258789,28.290000915527344,28.299999237060547,11411200,19.956602096557617
CSCO,CSCO,2014-12-26,28.5,28.5,28.280000686645508,28.350000381469727,9739600,19.991859436035156
CSCO,CSCO,2014-12-29,28.350000381469727,28.56999969482422,28.31999969482422,28.459999084472656,13445600,20.069429397583008
CSCO,CSCO,2014-12-30,28.440000534057617,28.479999542236328,28.309999465942383,28.360000610351562,15487700,19.99891471862793
CSCO,CSCO,2014-12-31,28.280000686645508,28.40999984741211,27.809999465942383,27.81999969482422,21478700,19.618114471435547
CSCO,CSCO,2015-01-02,27.860000610351562,28.1200008392334,27.3799991607666,27.610000610351562,22926500,19.603914260864258
CSCO,CSCO,2015-01-05,27.31999969482422,27.450000762939453,27.0,27.059999465942383,29460600,19.213397979736328
CSCO,CSCO,2015-01-06,27.139999389648438,27.68000030517578,27.040000915527344,27.049999237060547,47297600,19.206296920776367
CSCO,CSCO,2015-01-07,27.139999389648438,27.399999618530273,26.979999542236328,27.299999237060547,27570800,19.38379669189453
CSCO,CSCO,2015-01-08,27.540000915527344,28.09000015258789,27.469999313354492,27.510000228881836,40907000,19.532913208007812
CSCO,CSCO,2015-01-09,27.670000076293945,28.06999969482422,27.450000762939453,27.790000915527344,33619600,19.731718063354492
CSCO,CSCO,2015-01-12,28.0,28.200000762939453,27.81999969482422,28.049999237060547,38648400,19.916322708129883
CSCO,CSCO,2015-01-13,28.209999084472656,28.700000762939453,27.899999618530273,28.100000381469727,36074200,19.951831817626953
CSCO,CSCO,2015-01-14,27.84000015258789,28.049999237060547,27.639999389648438,27.920000076293945,29494400,19.824024200439453
CSCO,CSCO,2015-01-15,28.09000015258789,28.200000762939453,27.350000381469727,27.40999984741211,29521100,19.46190643310547
CSCO,CSCO,2015-01-16,27.360000610351562,27.770000457763672,27.209999084472656,27.68000030517578,26655100,19.65361785888672
CSCO,CSCO,2015-01-20,27.760000228881836,28.270000457763672,27.65999984741211,28.06999969482422,33684200,19.930526733398438
CSCO,CSCO,2015-01-21,28.059999465942383,28.190000534057617,27.700000762939453,27.84000015258789,29298500,19.76722526550293
CSCO,CSCO,2015-01-22,27.549999237060547,28.510000228881836,27.219999313354492,28.5,49494700,20.235836029052734
CSCO,CSCO,2015-01-23,28.360000610351562,28.5,28.139999389648438,28.209999084472656,21802500,20.029924392700195
CSCO,CSCO,2015-01-26,28.219999313354492,28.229999542236328,27.700000762939453,27.969999313354492,18370100,19.859521865844727
CSCO,CSCO,2015-01-27,27.520000457763672,27.59000015258789,26.65999984741211,26.899999618530273,46110500,19.09980010986328
CSCO,CSCO,2015-01-28,27.389999389648438,27.600000381469727,26.799999237060547,26.809999465942383,32381700,19.035892486572266
CSCO,CSCO,2015-01-29,26.739999771118164,27.309999465942383,26.639999389648438,27.219999313354492,28095400,19.32699966430664
CSCO,CSCO,2015-01-30,26.8799991607666,27.110000610351562,26.31999969482422,26.3700008392334,38419100,18.723480224609375
CSCO,CSCO,2015-02-02,26.389999389648438,26.8700008392334,25.920000076293945,26.829999923706055,29417000,19.05008888244629
CSCO,CSCO,2015-02-03,26.899999618530273,27.1200008392334,26.690000534057617,27.1200008392334,28044300,19.25600242614746
CSCO,CSCO,2015-02-04,27.059999465942383,27.219999313354492,26.610000610351562,26.690000534057617,27696300,18.9506893157959
CSCO,CSCO,2015-02-05,26.75,27.299999237060547,26.579999923706055,27.260000228881836,20548400,19.355403900146484
CSCO,CSCO,2015-02-06,27.3700008392334,27.65999984741211,27.139999389648438,27.239999771118164,25482400,19.34119415283203
CSCO,CSCO,2015-02-09,27.209999084472656,27.40999984741211,27.059999465942383,27.1200008392334,23681000,19.25600242614746
CSCO,CSCO,2015-02-10,27.15999984741211,27.540000915527344,27.149999618530273,27.489999771118164,22250300,19.518712997436523
CSCO,CSCO,2015-02-11,27.649999618530273,27.649999618530273,26.899999618530273,26.93000030517578,46213500,19.12109375
CSCO,CSCO,2015-02-12,28.989999771118164,29.579999923706055,28.84000015258789,29.459999084472656,117439100,20.917469024658203
CSCO,CSCO,2015-02-13,29.3799991607666,29.5,29.110000610351562,29.43000030517578,50656700,20.896167755126953
CSCO,CSCO,2015-02-17,29.260000228881836,29.350000381469727,29.030000686645508,29.309999465942383,34217200,20.81096839904785
CSCO,CSCO,2015-02-18,29.190000534057617,29.549999237060547,29.1200008392334,29.489999771118164,24503700,20.938758850097656
CSCO,CSCO,2015-02-19,29.309999465942383,29.389999389648438,29.1299991607666,29.309999465942383,21477800,20.81096839904785
CSCO,CSCO,2015-02-20,29.350000381469727,29.65999984741211,29.15999984741211,29.610000610351562,25985600,21.02397346496582
CSCO,CSCO,2015-02-23,29.6299991607666,29.649999618530273,29.420000076293945,29.6299991607666,24026800,21.03817367553711
CSCO,CSCO,2015-02-24,29.559999465942383,29.709999084472656,29.43000030517578,29.6299991607666,18479500,21.03817367553711
CSCO,CSCO,2015-02-25,29.440000534057617,29.56999969482422,29.31999969482422,29.489999771118164,17368100,20.938758850097656
CSCO,CSCO,2015-02-26,29.520000457763672,29.989999771118164,29.520000457763672,29.90999984741211,28305200,21.236976623535156
CSCO,CSCO,2015-02-27,29.889999389648438,29.90999984741211,29.3799991607666,29.510000228881836,29135500,20.952970504760742
CSCO,CSCO,2015-03-02,29.360000610351562,30.309999465942383,29.34000015258789,30.190000534057617,35981900,21.435792922973633
CSCO,CSCO,2015-03-03,30.100000381469727,30.1200008392334,29.469999313354492,29.540000915527344,32990300,20.97426986694336
CSCO,CSCO,2015-03-04,29.350000381469727,29.520000457763672,29.110000610351562,29.329999923706055,32866900,20.825166702270508
CSCO,CSCO,2015-03-05,29.469999313354492,29.489999771118164,29.1200008392334,29.299999237060547,17985000,20.80385971069336
CSCO,CSCO,2015-03-06,29.110000610351562,29.270000457763672,28.799999237060547,28.93000030517578,27035000,20.541156768798828
CSCO,CSCO,2015-03-09,28.899999618530273,29.450000762939453,28.760000228881836,29.360000610351562,23007700,20.846466064453125
CSCO,CSCO,2015-03-10,29.149999618530273,29.170000076293945,28.65999984741211,28.65999984741211,26542300,20.349443435668945
CSCO,CSCO,2015-03-11,28.68000030517578,28.760000228881836,28.209999084472656,28.260000228881836,25160200,20.0654354095459
CSCO,CSCO,2015-03-12,28.049999237060547,28.540000915527344,28.049999237060547,28.239999771118164,22978700,20.051233291625977
CSCO,CSCO,2015-03-13,28.020000457763672,28.260000228881836,27.56999969482422,27.940000534057617,36511000,19.838224411010742
CSCO,CSCO,2015-03-16,28.100000381469727,28.3799991607666,28.040000915527344,28.299999237060547,25358900,20.093833923339844
CSCO,CSCO,2015-03-17,28.190000534057617,28.280000686645508,27.950000762939453,28.149999618530273,21895700,19.987329483032227
CSCO,CSCO,2015-03-18,27.8799991607666,28.34000015258789,27.719999313354492,28.149999618530273,34910900,19.987329483032227
CSCO,CSCO,2015-03-19,28.100000381469727,28.540000915527344,28.030000686645508,28.260000228881836,27980400,20.0654354095459
CSCO,CSCO,2015-03-20,28.450000762939453,28.6200008392334,28.31999969482422,28.440000534057617,37628700,20.1932373046875
CSCO,CSCO,2015-03-23,28.440000534057617,28.690000534057617,28.360000610351562,28.40999984741211,23478600,20.171937942504883
CSCO,CSCO,2015-03-24,28.290000915527344,28.56999969482422,27.989999771118164,28.0,23263600,19.880826950073242
CSCO,CSCO,2015-03-25,27.920000076293945,28.09000015258789,27.459999084472656,27.459999084472656,27158700,19.497404098510742
CSCO,CSCO,2015-03-26,27.190000534057617,27.309999465942383,26.6200008392334,27.09000015258789,48928100,19.23469352722168
CSCO,CSCO,2015-03-27,27.06999969482422,27.209999084472656,26.940000534057617,27.1299991607666,20464500,19.26310157775879
CSCO,CSCO,2015-03-30,27.219999313354492,27.75,27.219999313354492,27.649999618530273,29056300,19.632314682006836
CSCO,CSCO,2015-03-31,27.34000015258789,27.690000534057617,27.280000686645508,27.530000686645508,29258300,19.69670867919922
CSCO,CSCO,2015-04-01,27.309999465942383,27.639999389648438,27.100000381469727,27.25,22420500,19.496376037597656
CSCO,CSCO,2015-04-02,27.219999313354492,27.5,27.1299991607666,27.1299991607666,19527200,19.410526275634766
CSCO,CSCO,2015-04-06,26.959999084472656,27.31999969482422,26.84000015258789,27.219999313354492,20004000,19.474910736083984
CSCO,CSCO,2015-04-07,27.200000762939453,27.559999465942383,27.1299991607666,27.389999389648438,16861800,19.596540451049805
CSCO,CSCO,2015-04-08,27.3700008392334,27.65999984741211,27.3700008392334,27.549999237060547,19076400,19.711017608642578
CSCO,CSCO,2015-04-09,27.59000015258789,27.739999771118164,27.420000076293945,27.6299991607666,16684500,19.76824951171875
CSCO,CSCO,2015-04-10,27.579999923706055,28.079999923706055,27.559999465942383,28.040000915527344,24634600,20.061588287353516
CSCO,CSCO,2015-04-13,27.989999771118164,28.280000686645508,27.940000534057617,27.979999542236328,22769600,20.018665313720703
CSCO,CSCO,2015-04-14,28.0,28.059999465942383,27.68000030517578,27.809999465942383,19296300,19.89703941345215
CSCO,CSCO,2015-04-15,28.100000381469727,28.420000076293945,27.969999313354492,28.25,31160900,20.211841583251953
CSCO,CSCO,2015-04-16,28.190000534057617,28.639999389648438,28.100000381469727,28.600000381469727,29863500,20.462247848510742
CSCO,CSCO,2015-04-17,28.260000228881836,28.399999618530273,27.899999618530273,27.920000076293945,36904700,19.975736618041992
CSCO,CSCO,2015-04-20,28.15999984741211,28.6299991607666,28.15999984741211,28.479999542236328,21921800,20.37639808654785
CSCO,CSCO,2015-04-21,28.719999313354492,28.920000076293945,28.65999984741211,28.690000534057617,23956900,20.526639938354492
CSCO,CSCO,2015-04-22,28.670000076293945,28.790000915527344,28.420000076293945,28.6200008392334,19111700,20.476566314697266
CSCO,CSCO,2015-04-23,28.399999618530273,28.81999969482422,28.200000762939453,28.68000030517578,22230100,20.51949119567871
CSCO,CSCO,2015-04-24,29.190000534057617,29.280000686645508,28.670000076293945,28.81999969482422,27145600,20.619651794433594
CSCO,CSCO,2015-04-27,28.8799991607666,29.030000686645508,28.709999084472656,28.889999389648438,22952000,20.669740676879883
CSCO,CSCO,2015-04-28,28.799999237060547,29.329999923706055,28.760000228881836,29.31999969482422,24315300,20.977384567260742
CSCO,CSCO,2015-04-29,29.059999465942383,29.25,28.899999618530273,29.049999237060547,22463700,20.78421401977539
CSCO,CSCO,2015-04-30,28.850000381469727,29.020000457763672,28.68000030517578,28.829999923706055,26514500,20.626806259155273
CSCO,CSCO,2015-05-01,28.809999465942383,29.200000762939453,28.780000686645508,29.1299991607666,18936000,20.841442108154297
CSCO,CSCO,2015-05-04,29.079999923706055,29.360000610351562,29.06999969482422,29.170000076293945,16484100,20.87006187438965
CSCO,CSCO,2015-05-05,29.170000076293945,29.209999084472656,28.84000015258789,28.889999389648438,22463800,20.669740676879883
CSCO,CSCO,2015-05-06,28.899999618530273,29.079999923706055,28.690000534057617,28.969999313354492,23572000,20.726978302001953
CSCO,CSCO,2015-05-07,28.989999771118164,29.1200008392334,28.739999771118164,28.809999465942383,22643800,20.61250114440918
CSCO,CSCO,2015-05-08,28.989999771118164,29.3700008392334,28.989999771118164,29.229999542236328,22572400,20.91299819946289
CSCO,CSCO,2015-05-11,29.5,29.790000915527344,29.200000762939453,29.209999084472656,27045200,20.8986873626709
CSCO,CSCO,2015-05-12,29.06999969482422,29.440000534057617,28.799999237060547,29.229999542236328,31761000,20.91299819946289
CSCO,CSCO,2015-05-13,29.139999389648438,29.469999313354492,29.1299991607666,29.350000381469727,38264000,20.99884796142578
CSCO,CSCO,2015-05-14,29.290000915527344,29.65999984741211,28.969999313354492,29.049999237060547,56696300,20.78421401977539
CSCO,CSCO,2015-05-15,29.239999771118164,29.81999969482422,29.15999984741211,29.549999237060547,37677300,21.14194107055664
CSCO,CSCO,2015-05-18,29.420000076293945,29.899999618530273,29.420000076293945,29.760000228881836,23953000,21.29218864440918
CSCO,CSCO,2015-05-19,29.8700008392334,29.899999618530273,29.6299991607666,29.739999771118164,18926300,21.277875900268555
CSCO,CSCO,2015-05-20,29.799999237060547,29.850000381469727,29.530000686645508,29.6200008392334,19410900,21.192026138305664
CSCO,CSCO,2015-05-21,29.610000610351562,29.770000457763672,29.43000030517578,29.43000030517578,20806900,21.056089401245117
CSCO,CSCO,2015-05-22,29.389999389648438,29.450000762939453,29.260000228881836,29.260000228881836,20079700,20.934452056884766
CSCO,CSCO,2015-05-26,29.190000534057617,29.25,28.75,28.950000762939453,25877100,20.712663650512695
CSCO,CSCO,2015-05-27,29.059999465942383,29.479999542236328,29.020000457763672,29.309999465942383,23959900,20.970232009887695
CSCO,CSCO,2015-05-28,29.34000015258789,29.559999465942383,29.15999984741211,29.350000381469727,18219600,20.99884796142578
CSCO,CSCO,2015-05-29,29.31999969482422,29.59000015258789,29.190000534057617,29.309999465942383,26018100,20.970232009887695
CSCO,CSCO,2015-06-01,29.600000381469727,29.6200008392334,29.049999237060547,29.18000030517578,23799400,20.87722396850586
CSCO,CSCO,2015-06-02,29.09000015258789,29.270000457763672,28.950000762939453,29.079999923706055,15995600,20.8056697845459
CSCO,CSCO,2015-06-03,29.209999084472656,29.299999237060547,29.049999237060547,29.09000015258789,20536900,20.812829971313477
CSCO,CSCO,2015-06-04,28.899999618530273,29.100000381469727,28.540000915527344,28.610000610351562,26774500,20.469406127929688
CSCO,CSCO,2015-06-05,28.549999237060547,28.709999084472656,28.489999771118164,28.579999923706055,25357900,20.447938919067383
CSCO,CSCO,2015-06-08,28.670000076293945,28.700000762939453,28.229999542236328,28.280000686645508,19011700,20.23330307006836
CSCO,CSCO,2015-06-09,28.270000457763672,28.420000076293945,28.010000228881836,28.239999771118164,15527500,20.204687118530273
CSCO,CSCO,2015-06-10,28.469999313354492,28.90999984741211,28.270000457763672,28.65999984741211,26223300,20.50518035888672
CSCO,CSCO,2015-06-11,28.75,29.219999313354492,28.75,28.860000610351562,24387100,20.648277282714844
CSCO,CSCO,2015-06-12,28.65999984741211,28.670000076293945,28.309999465942383,28.540000915527344,21919500,20.419326782226562
CSCO,CSCO,2015-06-15,28.229999542236328,28.520000457763672,28.110000610351562,28.479999542236328,25722100,20.37639808654785
CSCO,CSCO,2015-06-16,28.350000381469727,28.790000915527344,28.280000686645508,28.709999084472656,16920300,20.54094886779785
CSCO,CSCO,2015-06-17,28.84000015258789,29.040000915527344,28.65999984741211,28.93000030517578,20959000,20.6983585357666
CSCO,CSCO,2015-06-18,28.850000381469727,29.350000381469727,28.81999969482422,29.209999084472656,24156100,20.8986873626709
CSCO,CSCO,2015-06-19,29.239999771118164,29.31999969482422,28.940000534057617,29.030000686645508,31970100,20.7698974609375
CSCO,CSCO,2015-06-22,29.100000381469727,29.219999313354492,28.81999969482422,28.940000534057617,20160000,20.70551300048828
CSCO,CSCO,2015-06-23,29.0,29.040000915527344,28.6200008392334,28.790000915527344,21041300,20.59818458557129
CSCO,CSCO,2015-06-24,28.790000915527344,28.850000381469727,28.489999771118164,28.510000228881836,20978800,20.397865295410156
CSCO,CSCO,2015-06-25,28.559999465942383,28.649999618530273,28.3799991607666,28.399999618530273,14606100,20.31916046142578
CSCO,CSCO,2015-06-26,28.489999771118164,28.489999771118164,28.010000228881836,28.280000686645508,28087800,20.23330307006836
CSCO,CSCO,2015-06-29,27.989999771118164,28.110000610351562,27.5,27.540000915527344,31838300,19.7038631439209
CSCO,CSCO,2015-06-30,27.829999923706055,27.829999923706055,27.329999923706055,27.459999084472656,31236800,19.646621704101562
CSCO,CSCO,2015-07-01,27.420000076293945,27.5,27.06999969482422,27.350000381469727,24461300,19.718725204467773
CSCO,CSCO,2015-07-02,27.3700008392334,27.56999969482422,27.290000915527344,27.329999923706055,15635500,19.704307556152344
CSCO,CSCO,2015-07-06,27.0,27.260000228881836,26.889999389648438,27.219999313354492,22858200,19.6249942779541
CSCO,CSCO,2015-07-07,27.219999313354492,27.450000762939453,26.889999389648438,27.360000610351562,25436700,19.725933074951172
CSCO,CSCO,2015-07-08,27.079999923706055,27.15999984741211,26.84000015258789,26.989999771118164,27863400,19.459165573120117
CSCO,CSCO,2015-07-09,27.3799991607666,27.450000762939453,26.899999618530273,26.90999984741211,20129700,19.401491165161133
CSCO,CSCO,2015-07-10,27.270000457763672,27.360000610351562,27.040000915527344,27.280000686645508,16079300,19.668254852294922
CSCO,CSCO,2015-07-13,27.489999771118164,27.799999237060547,27.420000076293945,27.790000915527344,20623100,20.035947799682617
CSCO,CSCO,2015-07-14,27.8700008392334,28.040000915527344,27.700000762939453,28.030000686645508,20932800,20.2089900970459
CSCO,CSCO,2015-07-15,27.860000610351562,28.239999771118164,27.809999465942383,28.110000610351562,23378400,20.26667022705078
CSCO,CSCO,2015-07-16,28.239999771118164,28.420000076293945,28.209999084472656,28.31999969482422,21058100,20.418067932128906
CSCO,CSCO,2015-07-17,28.270000457763672,28.309999465942383,27.969999313354492,28.18000030517578,24248900,20.3171329498291
CSCO,CSCO,2015-07-20,28.1299991607666,28.15999984741211,27.8799991607666,28.030000686645508,19477000,20.2089900970459
CSCO,CSCO,2015-07-21,27.959999084472656,28.25,27.790000915527344,27.84000015258789,23874000,20.072004318237305
CSCO,CSCO,2015-07-22,27.829999923706055,28.059999465942383,27.440000534057617,27.530000686645508,26889200,19.84850311279297
CSCO,CSCO,2015-07-23,27.700000762939453,28.25,27.579999923706055,28.010000228881836,34103200,20.19456672668457
CSCO,CSCO,2015-07-24,28.450000762939453,28.770000457763672,28.3799991607666,28.399999618530273,39471700,20.475744247436523
CSCO,CSCO,2015-07-27,28.309999465942383,28.559999465942383,28.190000534057617,28.209999084472656,30914400,20.338764190673828
CSCO,CSCO,2015-07-28,28.34000015258789,28.350000381469727,27.850000381469727,28.209999084472656,23573200,20.338764190673828
CSCO,CSCO,2015-07-29,28.200000762939453,28.520000457763672,28.020000457763672,28.399999618530273,21419900,20.475744247436523
CSCO,CSCO,2015-07-30,28.219999313354492,28.459999084472656,28.200000762939453,28.299999237060547,17458100,20.403648376464844
CSCO,CSCO,2015-07-31,28.389999389648438,28.559999465942383,28.15999984741211,28.420000076293945,20376000,20.49016571044922
CSCO,CSCO,2015-08-03,28.40999984741211,28.59000015258789,28.110000610351562,28.360000610351562,17450900,20.446908950805664
CSCO,CSCO,2015-08-04,28.219999313354492,28.459999084472656,27.889999389648438,28.030000686645508,18578100,20.2089900970459
CSCO,CSCO,2015-08-05,28.110000610351562,28.600000381469727,28.100000381469727,28.270000457763672,19236200,20.382017135620117
CSCO,CSCO,2015-08-06,28.3700008392334,28.670000076293945,28.0,28.209999084472656,20143800,20.338764190673828
CSCO,CSCO,2015-08-07,28.170000076293945,28.229999542236328,27.899999618530273,28.149999618530273,16039400,20.295509338378906
CSCO,CSCO,2015-08-10,28.479999542236328,28.700000762939453,28.270000457763672,28.59000015258789,23740000,20.612733840942383
CSCO,CSCO,2015-08-11,28.239999771118164,28.389999389648438,27.850000381469727,28.020000457763672,25391900,20.201778411865234
CSCO,CSCO,2015-08-12,27.799999237060547,28.100000381469727,27.40999984741211,27.899999618530273,41085000,20.11526107788086
CSCO,CSCO,2015-08-13,28.780000686645508,29.209999084472656,28.690000534057617,28.700000762939453,61154000,20.692045211791992
CSCO,CSCO,2015-08-14,28.780000686645508,29.049999237060547,28.75,29.030000686645508,24890800,20.929960250854492
CSCO,CSCO,2015-08-17,28.649999618530273,28.969999313354492,28.510000228881836,28.829999923706055,21264000,20.785768508911133
CSCO,CSCO,2015-08-18,28.709999084472656,28.719999313354492,28.18000030517578,28.25,32210400,20.367605209350586
CSCO,CSCO,2015-08-19,28.100000381469727,28.239999771118164,27.719999313354492,27.799999237060547,30023900,20.04315757751465
CSCO,CSCO,2015-08-20,27.559999465942383,27.75,27.040000915527344,27.040000915527344,37889400,19.495222091674805
CSCO,CSCO,2015-08-21,26.8799991607666,27.34000015258789,26.469999313354492,26.469999313354492,48502400,19.08426284790039
CSCO,CSCO,2015-08-24,24.889999389648438,26.079999923706055,23.030000686645508,25.190000534057617,61667000,18.16141128540039
CSCO,CSCO,2015-08-25,25.940000534057617,25.989999771118164,24.600000381469727,24.6200008392334,40610100,17.750450134277344
CSCO,CSCO,2015-08-26,25.280000686645508,25.739999771118164,24.709999084472656,25.68000030517578,54783200,18.514686584472656
CSCO,CSCO,2015-08-27,26.0,26.190000534057617,25.610000610351562,26.170000076293945,36504700,18.867969512939453
CSCO,CSCO,2015-08-28,25.90999984741211,26.049999237060547,25.81999969482422,26.0,26918900,18.745399475097656
CSCO,CSCO,2015-08-31,25.940000534057617,26.110000610351562,25.739999771118164,25.8799991607666,32388300,18.65888214111328
CSCO,CSCO,2015-09-01,25.219999313354492,25.6200008392334,25.010000228881836,25.1200008392334,32705400,18.11094856262207
CSCO,CSCO,2015-09-02,25.59000015258789,25.65999984741211,25.079999923706055,25.649999618530273,27925300,18.493059158325195
CSCO,CSCO,2015-09-03,25.8799991607666,26.149999618530273,25.729999542236328,25.899999618530273,27958400,18.673301696777344
CSCO,CSCO,2015-09-04,25.420000076293945,25.649999618530273,25.350000381469727,25.520000457763672,26903500,18.399335861206055
CSCO,CSCO,2015-09-08,25.979999542236328,26.329999923706055,25.90999984741211,26.299999237060547,20932900,18.961688995361328
CSCO,CSCO,2015-09-09,26.5,26.729999542236328,25.8799991607666,25.940000534057617,25032300,18.7021427154541
CSCO,CSCO,2015-09-10,25.899999618530273,26.489999771118164,25.850000381469727,26.260000228881836,26424600,18.932857513427734
CSCO,CSCO,2015-09-11,26.0,26.18000030517578,25.809999465942383,26.020000457763672,21529100,18.759824752807617
CSCO,CSCO,2015-09-14,26.149999618530273,26.170000076293945,25.65999984741211,25.700000762939453,18636000,18.529115676879883
CSCO,CSCO,2015-09-15,25.559999465942383,26.079999923706055,25.559999465942383,25.979999542236328,20479400,18.730979919433594
CSCO,CSCO,2015-09-16,26.06999969482422,26.100000381469727,25.850000381469727,26.06999969482422,21245300,18.79587173461914
CSCO,CSCO,2015-09-17,25.959999084472656,26.280000686645508,25.809999465942383,25.8799991607666,25409600,18.65888214111328
CSCO,CSCO,2015-09-18,25.56999969482422,25.739999771118164,25.25,25.540000915527344,40020100,18.41375160217285
CSCO,CSCO,2015-09-21,25.450000762939453,25.81999969482422,25.350000381469727,25.540000915527344,21945600,18.41375160217285
CSCO,CSCO,2015-09-22,25.059999465942383,25.209999084472656,24.969999313354492,25.139999389648438,21305200,18.12535858154297
CSCO,CSCO,2015-09-23,25.219999313354492,25.309999465942383,25.010000228881836,25.280000686645508,18804200,18.226295471191406
CSCO,CSCO,2015-09-24,25.09000015258789,25.5,24.920000076293945,25.40999984741211,35598000,18.320026397705078
CSCO,CSCO,2015-09-25,25.809999465942383,26.299999237060547,25.799999237060547,26.030000686645508,37618300,18.767030715942383
CSCO,CSCO,2015-09-28,25.829999923706055,26.020000457763672,25.59000015258789,25.65999984741211,27211200,18.50027084350586
CSCO,CSCO,2015-09-29,25.639999389648438,25.93000030517578,25.559999465942383,25.639999389648438,27095600,18.485851287841797
CSCO,CSCO,2015-09-30,26.0,26.3799991607666,25.8799991607666,26.25,32093700,18.925647735595703
CSCO,CSCO,2015-10-01,26.049999237060547,26.15999984741211,25.549999237060547,25.729999542236328,26933200,18.70033836364746
CSCO,CSCO,2015-10-02,25.399999618530273,25.790000915527344,25.34000015258789,25.760000228881836,34910700,18.722143173217773
CSCO,CSCO,2015-10-05,26.040000915527344,26.979999542236328,25.969999313354492,26.850000381469727,30217900,19.51434898376465
CSCO,CSCO,2015-10-06,27.030000686645508,27.469999313354492,26.979999542236328,27.229999542236328,33758200,19.790525436401367
CSCO,CSCO,2015-10-07,27.520000457763672,27.950000762939453,27.0,27.540000915527344,29749700,20.015836715698242
CSCO,CSCO,2015-10-08,27.510000228881836,28.020000457763672,27.43000030517578,27.90999984741211,22500200,20.284748077392578
CSCO,CSCO,2015-10-09,28.010000228881836,28.149999618530273,27.81999969482422,27.90999984741211,22125800,20.284748077392578
CSCO,CSCO,2015-10-12,27.93000030517578,28.100000381469727,27.760000228881836,27.959999084472656,14486000,20.32108497619629
CSCO,CSCO,2015-10-13,27.75,27.950000762939453,27.739999771118164,27.850000381469727,15107200,20.241138458251953
CSCO,CSCO,2015-10-14,27.75,27.899999618530273,27.59000015258789,27.81999969482422,20144000,20.219337463378906
CSCO,CSCO,2015-10-15,28.100000381469727,28.190000534057617,27.8700008392334,28.149999618530273,18996900,20.459182739257812
CSCO,CSCO,2015-10-16,28.34000015258789,28.350000381469727,28.0,28.25,19948300,20.531858444213867
CSCO,CSCO,2015-10-19,28.1200008392334,28.290000915527344,27.940000534057617,28.25,20778100,20.531858444213867
CSCO,CSCO,2015-10-20,28.200000762939453,28.520000457763672,28.149999618530273,28.5,20335800,20.71355438232422
CSCO,CSCO,2015-10-21,28.600000381469727,28.81999969482422,28.219999313354492,28.280000686645508,19008900,20.553661346435547
CSCO,CSCO,2015-10-22,28.559999465942383,29.209999084472656,28.5,29.010000228881836,32162500,21.084213256835938
CSCO,CSCO,2015-10-23,29.020000457763672,29.3799991607666,28.93000030517578,29.350000381469727,26076900,21.331329345703125
CSCO,CSCO,2015-10-26,29.31999969482422,29.489999771118164,28.8799991607666,28.950000762939453,20354800,21.040611267089844
CSCO,CSCO,2015-10-27,28.719999313354492,29.059999465942383,28.579999923706055,29.049999237060547,19480600,21.113292694091797
CSCO,CSCO,2015-10-28,29.290000915527344,29.450000762939453,29.040000915527344,29.360000610351562,23741400,21.338600158691406
CSCO,CSCO,2015-10-29,29.149999618530273,29.209999084472656,28.93000030517578,29.139999389648438,16717800,21.178699493408203
CSCO,CSCO,2015-10-30,29.0,29.25,28.850000381469727,28.850000381469727,22334100,20.967937469482422
CSCO,CSCO,2015-11-02,28.8700008392334,28.8700008392334,28.510000228881836,28.770000457763672,28912600,20.909788131713867
CSCO,CSCO,2015-11-03,28.610000610351562,28.709999084472656,28.489999771118164,28.610000610351562,30555300,20.793502807617188
CSCO,CSCO,2015-11-04,28.790000915527344,28.81999969482422,28.3700008392334,28.469999313354492,28591800,20.69174575805664
CSCO,CSCO,2015-11-05,28.5,28.610000610351562,28.290000915527344,28.43000030517578,21988600,20.662677764892578
CSCO,CSCO,2015-11-06,28.309999465942383,28.549999237060547,28.15999984741211,28.450000762939453,26107600,20.67721176147461
CSCO,CSCO,2015-11-09,28.350000381469727,28.489999771118164,28.0,28.18000030517578,25865900,20.48098373413086
CSCO,CSCO,2015-11-10,28.18000030517578,28.219999313354492,27.899999618530273,27.979999542236328,26701800,20.335620880126953
CSCO,CSCO,2015-11-11,28.100000381469727,28.100000381469727,27.75,27.81999969482422,32599300,20.219337463378906
CSCO,CSCO,2015-11-12,27.739999771118164,28.06999969482422,27.719999313354492,27.829999923706055,38135900,20.226600646972656
CSCO,CSCO,2015-11-13,26.290000915527344,26.68000030517578,25.81999969482422,26.209999084472656,94556200,19.0492000579834
CSCO,CSCO,2015-11-16,26.06999969482422,27.0,26.059999465942383,26.790000915527344,44949600,19.470739364624023
CSCO,CSCO,2015-11-17,26.799999237060547,27.270000457763672,26.68000030517578,26.809999465942383,30490200,19.485280990600586
CSCO,CSCO,2015-11-18,27.0,27.15999984741211,26.729999542236328,27.1200008392334,27015700,19.710586547851562
CSCO,CSCO,2015-11-19,27.100000381469727,27.649999618530273,27.049999237060547,27.3700008392334,27417400,19.89227867126465
CSCO,CSCO,2015-11-20,27.59000015258789,27.780000686645508,27.459999084472656,27.56999969482422,26502800,20.037641525268555
CSCO,CSCO,2015-11-23,27.649999618530273,27.84000015258789,27.34000015258789,27.43000030517578,24684600,19.93588638305664
CSCO,CSCO,2015-11-24,27.25,27.440000534057617,27.0,27.270000457763672,32859200,19.81960105895996
CSCO,CSCO,2015-11-25,27.31999969482422,27.389999389648438,27.0,27.239999771118164,22472500,19.79779052734375
CSCO,CSCO,2015-11-27,27.25,27.479999542236328,27.239999771118164,27.31999969482422,9532300,19.855939865112305
CSCO,CSCO,2015-11-30,27.34000015258789,27.479999542236328,27.200000762939453,27.25,30736700,19.80506134033203
CSCO,CSCO,2015-12-01,27.200000762939453,27.649999618530273,27.200000762939453,27.56999969482422,31406300,20.037641525268555
CSCO,CSCO,2015-12-02,27.489999771118164,27.899999618530273,27.3700008392334,27.440000534057617,29178200,19.94315528869629
CSCO,CSCO,2015-12-03,27.6299991607666,27.690000534057617,26.81999969482422,26.950000762939453,25783800,19.587032318115234
CSCO,CSCO,2015-12-04,26.950000762939453,27.549999237060547,26.950000762939453,27.479999542236328,28143700,19.972225189208984
CSCO,CSCO,2015-12-07,27.559999465942383,27.559999465942383,27.260000228881836,27.489999771118164,15350200,19.979494094848633
CSCO,CSCO,2015-12-08,27.170000076293945,27.290000915527344,27.020000457763672,27.149999618530273,18635700,19.732391357421875
CSCO,CSCO,2015-12-09,26.959999084472656,27.350000381469727,26.65999984741211,26.729999542236328,24127400,19.427133560180664
CSCO,CSCO,2015-12-10,26.739999771118164,27.040000915527344,26.65999984741211,26.770000457763672,23382400,19.456209182739258
CSCO,CSCO,2015-12-11,26.489999771118164,26.489999771118164,26.1299991607666,26.15999984741211,34295700,19.012861251831055
CSCO,CSCO,2015-12-14,26.299999237060547,26.520000457763672,25.959999084472656,26.489999771118164,32642100,19.252702713012695
CSCO,CSCO,2015-12-15,26.719999313354492,27.110000610351562,26.610000610351562,26.850000381469727,30393700,19.51434898376465
CSCO,CSCO,2015-12-16,27.0,27.290000915527344,26.68000030517578,27.239999771118164,22731500,19.79779052734375
CSCO,CSCO,2015-12-17,27.290000915527344,27.309999465942383,26.700000762939453,26.719999313354492,24812200,19.419864654541016
CSCO,CSCO,2015-12-18,26.600000381469727,26.81999969482422,26.260000228881836,26.270000457763672,36732700,19.09281349182129
CSCO,CSCO,2015-12-21,26.579999923706055,26.649999618530273,26.40999984741211,26.639999389648438,20242900,19.36172103881836
CSCO,CSCO,2015-12-22,26.850000381469727,26.899999618530273,26.559999465942383,26.889999389648438,18966300,19.54341697692871
CSCO,CSCO,2015-12-23,27.040000915527344,27.40999984741211,27.0,27.399999618530273,18803700,19.91408348083496
CSCO,CSCO,2015-12-24,27.40999984741211,27.549999237060547,27.3700008392334,27.3799991607666,8166300,19.899545669555664
CSCO,CSCO,2015-12-28,27.299999237060547,27.3700008392334,27.1299991607666,27.309999465942383,14204900,19.848676681518555
CSCO,CSCO,2015-12-29,27.440000534057617,27.81999969482422,27.399999618530273,27.770000457763672,16319600,20.183006286621094
CSCO,CSCO,2015-12-30,27.65999984741211,27.770000457763672,27.520000457763672,27.530000686645508,10620300,20.008573532104492
CSCO,CSCO,2015-12-31,27.3799991607666,27.450000762939453,27.139999389648438,27.15999984741211,17041500,19.739654541015625
CSCO,CSCO,2016-01-04,26.389999389648438,26.420000076293945,25.8799991607666,26.40999984741211,35827100,19.344125747680664
CSCO,CSCO,2016-01-05,26.540000915527344,26.65999984741211,26.18000030517578,26.290000915527344,22024900,19.25623321533203
CSCO,CSCO,2016-01-06,26.079999923706055,26.139999389648438,25.81999969482422,26.010000228881836,30799800,19.051149368286133
CSCO,CSCO,2016-01-07,25.489999771118164,25.739999771118164,25.1200008392334,25.40999984741211,43235400,18.611675262451172
CSCO,CSCO,2016-01-08,25.549999237060547,25.6299991607666,24.719999313354492,24.780000686645508,28609700,18.150224685668945
CSCO,CSCO,2016-01-11,24.93000030517578,25.350000381469727,24.93000030517578,25.270000457763672,32346900,18.509130477905273
CSCO,CSCO,2016-01-12,25.510000228881836,25.56999969482422,25.030000686645508,25.350000381469727,30122400,18.56772804260254
CSCO,CSCO,2016-01-13,25.420000076293945,25.520000457763672,24.56999969482422,24.600000381469727,33431600,18.018383026123047
CSCO,CSCO,2016-01-14,24.690000534057617,24.899999618530273,24.459999084472656,24.65999984741211,42902400,18.06233024597168
CSCO,CSCO,2016-01-15,23.93000030517578,24.43000030517578,23.56999969482422,23.6200008392334,64092800,17.300575256347656
CSCO,CSCO,2016-01-19,23.799999237060547,24.030000686645508,23.59000015258789,23.850000381469727,52533500,17.469045639038086
CSCO,CSCO,2016-01-20,23.399999618530273,23.510000228881836,22.469999313354492,22.899999618530273,83632400,16.77321434020996
CSCO,CSCO,2016-01-21,23.09000015258789,23.450000762939453,22.8700008392334,22.899999618530273,46267900,16.77321434020996
CSCO,CSCO,2016-01-22,23.600000381469727,23.639999389648438,22.989999771118164,23.3700008392334,55049000,17.117462158203125
CSCO,CSCO,2016-01-25,23.3799991607666,23.520000457763672,23.139999389648438,23.170000076293945,64066100,16.970975875854492
CSCO,CSCO,2016-01-26,23.239999771118164,23.850000381469727,23.239999771118164,23.719999313354492,25162200,17.373823165893555
CSCO,CSCO,2016-01-27,23.690000534057617,23.899999618530273,23.299999237060547,23.43000030517578,24654000,17.161418914794922
CSCO,CSCO,2016-01-28,23.729999542236328,23.790000915527344,22.979999542236328,23.110000610351562,31833500,16.927032470703125
CSCO,CSCO,2016-01-29,23.399999618530273,23.799999237060547,23.200000762939453,23.790000915527344,39692600,17.42509651184082
CSCO,CSCO,2016-02-01,23.459999084472656,23.56999969482422,23.229999542236328,23.479999542236328,24006400,17.198034286499023
CSCO,CSCO,2016-02-02,23.229999542236328,23.25,22.729999542236328,22.829999923706055,36203700,16.721940994262695
CSCO,CSCO,2016-02-03,23.09000015258789,23.18000030517578,22.579999923706055,23.100000381469727,32231400,16.919696807861328
CSCO,CSCO,2016-02-04,23.170000076293945,23.56999969482422,22.93000030517578,23.540000915527344,29280500,17.241985321044922
CSCO,CSCO,2016-02-05,23.510000228881836,23.65999984741211,22.809999465942383,22.889999389648438,32641000,16.765888214111328
CSCO,CSCO,2016-02-08,22.6299991607666,23.020000457763672,22.479999542236328,22.93000030517578,38842100,16.795183181762695
CSCO,CSCO,2016-02-09,22.600000381469727,22.860000610351562,22.530000686645508,22.649999618530273,30767200,16.59010124206543
CSCO,CSCO,2016-02-10,23.1299991607666,23.1299991607666,22.459999084472656,22.510000228881836,36896100,16.487558364868164
CSCO,CSCO,2016-02-11,24.09000015258789,24.969999313354492,24.09000015258789,24.68000030517578,92696000,18.076980590820312
CSCO,CSCO,2016-02-12,24.889999389648438,25.360000610351562,24.520000457763672,25.110000610351562,49753600,18.39194107055664
CSCO,CSCO,2016-02-16,25.270000457763672,25.979999542236328,25.190000534057617,25.84000015258789,40401700,18.9266300201416
CSCO,CSCO,2016-02-17,26.170000076293945,26.59000015258789,26.079999923706055,26.459999084472656,36904700,19.38074493408203
CSCO,CSCO,2016-02-18,26.440000534057617,26.579999923706055,26.280000686645508,26.43000030517578,31288200,19.358779907226562
CSCO,CSCO,2016-02-19,26.270000457763672,26.559999465942383,26.25,26.549999237060547,28791700,19.446664810180664
CSCO,CSCO,2016-02-22,26.8700008392334,26.90999984741211,26.420000076293945,26.6299991607666,24608100,19.505268096923828
CSCO,CSCO,2016-02-23,26.540000915527344,26.540000915527344,26.059999465942383,26.1200008392334,28097500,19.1317195892334
CSCO,CSCO,2016-02-24,25.889999389648438,26.329999923706055,25.649999618530273,26.31999969482422,22960800,19.27820587158203
CSCO,CSCO,2016-02-25,26.489999771118164,26.600000381469727,26.200000762939453,26.600000381469727,18655100,19.48329734802246
CSCO,CSCO,2016-02-26,26.799999237060547,26.850000381469727,26.31999969482422,26.40999984741211,18113000,19.344125747680664
CSCO,CSCO,2016-02-29,26.420000076293945,26.649999618530273,26.149999618530273,26.18000030517578,24763100,19.17566680908203
CSCO,CSCO,2016-03-01,26.450000762939453,26.93000030517578,26.239999771118164,26.829999923706055,25245400,19.651758193969727
CSCO,CSCO,2016-03-02,26.799999237060547,26.90999984741211,26.600000381469727,26.899999618530273,19020100,19.703031539916992
CSCO,CSCO,2016-03-03,26.950000762939453,26.969999313354492,26.59000015258789,26.8700008392334,19002200,19.681062698364258
CSCO,CSCO,2016-03-04,26.920000076293945,26.959999084472656,26.670000076293945,26.799999237060547,19429900,19.629789352416992
CSCO,CSCO,2016-03-07,26.579999923706055,27.18000030517578,26.329999923706055,27.139999389648438,21500100,19.878816604614258
CSCO,CSCO,2016-03-08,26.969999313354492,27.299999237060547,26.690000534057617,27.049999237060547,23821300,19.81290054321289
CSCO,CSCO,2016-03-09,27.239999771118164,27.799999237060547,27.1200008392334,27.610000610351562,38890200,20.22307777404785
CSCO,CSCO,2016-03-10,27.760000228881836,27.979999542236328,27.030000686645508,27.3799991607666,33327300,20.054611206054688
CSCO,CSCO,2016-03-11,27.81999969482422,27.90999984741211,27.670000076293945,27.860000610351562,21873100,20.406192779541016
CSCO,CSCO,2016-03-14,27.81999969482422,27.860000610351562,27.600000381469727,27.700000762939453,18291700,20.288997650146484
CSCO,CSCO,2016-03-15,27.479999542236328,27.690000534057617,27.450000762939453,27.65999984741211,16917200,20.259695053100586
CSCO,CSCO,2016-03-16,27.520000457763672,27.950000762939453,27.510000228881836,27.8799991607666,19087800,20.420839309692383
CSCO,CSCO,2016-03-17,27.920000076293945,28.440000534057617,27.8700008392334,28.190000534057617,28501900,20.647891998291016
CSCO,CSCO,2016-03-18,28.229999542236328,28.3799991607666,27.969999313354492,28.329999923706055,43132400,20.750442504882812
CSCO,CSCO,2016-03-21,28.100000381469727,28.350000381469727,28.040000915527344,28.190000534057617,23799200,20.647891998291016
CSCO,CSCO,2016-03-22,28.200000762939453,28.3799991607666,27.899999618530273,28.280000686645508,23599300,20.713823318481445
CSCO,CSCO,2016-03-23,28.260000228881836,28.280000686645508,27.729999542236328,27.829999923706055,19217500,20.38420867919922
CSCO,CSCO,2016-03-24,27.770000457763672,28.010000228881836,27.59000015258789,27.959999084472656,15871900,20.47943115234375
CSCO,CSCO,2016-03-28,27.989999771118164,28.030000686645508,27.790000915527344,27.899999618530273,12785900,20.43548583984375
CSCO,CSCO,2016-03-29,27.8700008392334,28.190000534057617,27.690000534057617,28.100000381469727,17139300,20.58197784423828
CSCO,CSCO,2016-03-30,28.34000015258789,28.68000030517578,28.260000228881836,28.459999084472656,19390200,20.845661163330078
CSCO,CSCO,2016-03-31,28.530000686645508,28.670000076293945,28.350000381469727,28.469999313354492,18377600,20.852981567382812
CSCO,CSCO,2016-04-01,28.299999237060547,28.700000762939453,28.1200008392334,28.690000534057617,23026400,21.01412582397461
CSCO,CSCO,2016-04-04,28.3700008392334,28.40999984741211,28.010000228881836,28.139999389648438,17890000,20.799766540527344
CSCO,CSCO,2016-04-05,27.639999389648438,27.829999923706055,27.459999084472656,27.579999923706055,24245700,20.385848999023438
CSCO,CSCO,2016-04-06,27.700000762939453,28.040000915527344,27.6200008392334,28.0,20395800,20.696290969848633
CSCO,CSCO,2016-04-07,27.899999618530273,27.899999618530273,27.530000686645508,27.600000381469727,17016800,20.400625228881836
CSCO,CSCO,2016-04-08,27.709999084472656,27.950000762939453,27.579999923706055,27.690000534057617,14495600,20.46715545654297
CSCO,CSCO,2016-04-11,27.8799991607666,28.18000030517578,27.610000610351562,27.6200008392334,18762900,20.41541290283203
CSCO,CSCO,2016-04-12,27.139999389648438,27.65999984741211,26.950000762939453,27.639999389648438,27741400,20.43018913269043
CSCO,CSCO,2016-04-13,27.959999084472656,28.280000686645508,27.719999313354492,28.229999542236328,25433300,20.866294860839844
CSCO,CSCO,2016-04-14,28.3799991607666,28.399999618530273,28.100000381469727,28.25,15049100,20.881078720092773
CSCO,CSCO,2016-04-15,28.100000381469727,28.1299991607666,27.729999542236328,27.899999618530273,23804400,20.622377395629883
CSCO,CSCO,2016-04-18,27.899999618530273,28.25,27.799999237060547,28.190000534057617,15762900,20.836729049682617
CSCO,CSCO,2016-04-19,28.329999923706055,28.440000534057617,28.200000762939453,28.329999923706055,20307700,20.94021224975586
CSCO,CSCO,2016-04-20,28.399999618530273,28.68000030517578,28.260000228881836,28.440000534057617,19937800,21.021512985229492
CSCO,CSCO,2016-04-21,28.420000076293945,28.510000228881836,28.15999984741211,28.239999771118164,17339900,20.873687744140625
CSCO,CSCO,2016-04-22,28.299999237060547,28.549999237060547,28.06999969482422,28.149999618530273,23147600,20.807159423828125
CSCO,CSCO,2016-04-25,28.110000610351562,28.280000686645508,27.979999542236328,28.229999542236328,16434800,20.866294860839844
CSCO,CSCO,2016-04-26,28.270000457763672,28.489999771118164,28.219999313354492,28.450000762939453,18151500,21.02890968322754
CSCO,CSCO,2016-04-27,28.440000534057617,28.649999618530273,28.309999465942383,28.639999389648438,20931000,21.16935157775879
CSCO,CSCO,2016-04-28,28.450000762939453,28.59000015258789,27.790000915527344,27.959999084472656,29616200,20.666723251342773
CSCO,CSCO,2016-04-29,27.719999313354492,27.829999923706055,27.139999389648438,27.489999771118164,33890100,20.31932830810547
CSCO,CSCO,2016-05-02,27.479999542236328,27.520000457763672,27.200000762939453,27.3700008392334,27361700,20.230621337890625
CSCO,CSCO,2016-05-03,27.15999984741211,27.190000534057617,26.610000610351562,26.860000610351562,35319600,19.853654861450195
CSCO,CSCO,2016-05-04,26.799999237060547,26.81999969482422,26.280000686645508,26.440000534057617,32850800,19.543210983276367
CSCO,CSCO,2016-05-05,26.459999084472656,26.56999969482422,26.209999084472656,26.209999084472656,23082200,19.373205184936523
CSCO,CSCO,2016-05-06,26.190000534057617,26.540000915527344,25.809999465942383,26.530000686645508,25625300,19.609737396240234
CSCO,CSCO,2016-05-09,26.520000457763672,26.68000030517578,26.389999389648438,26.510000228881836,16990400,19.594951629638672
CSCO,CSCO,2016-05-10,26.670000076293945,27.100000381469727,26.510000228881836,27.030000686645508,22642500,19.97930908203125
CSCO,CSCO,2016-05-11,27.09000015258789,27.110000610351562,26.68000030517578,26.700000762939453,19326100,19.735387802124023
CSCO,CSCO,2016-05-12,26.809999465942383,26.809999465942383,26.40999984741211,26.670000076293945,19681900,19.71321678161621
CSCO,CSCO,2016-05-13,26.549999237060547,26.889999389648438,26.459999084472656,26.530000686645508,20865100,19.609737396240234
CSCO,CSCO,2016-05-16,26.56999969482422,27.1200008392334,26.559999465942383,26.969999313354492,20885900,19.934961318969727
CSCO,CSCO,2016-05-17,26.899999618530273,27.059999465942383,26.549999237060547,26.649999618530273,25921300,19.698429107666016
CSCO,CSCO,2016-05-18,26.610000610351562,26.959999084472656,26.489999771118164,26.719999313354492,32345500,19.75016975402832
CSCO,CSCO,2016-05-19,27.989999771118164,28.290000915527344,27.399999618530273,27.56999969482422,50174600,20.378454208374023
CSCO,CSCO,2016-05-20,27.6299991607666,28.149999618530273,27.6200008392334,27.969999313354492,32703000,20.674118041992188
CSCO,CSCO,2016-05-23,27.780000686645508,28.25,27.780000686645508,27.940000534057617,19850000,20.651941299438477
CSCO,CSCO,2016-05-24,28.010000228881836,28.579999923706055,28.010000228881836,28.469999313354492,26514800,21.043684005737305
CSCO,CSCO,2016-05-25,28.579999923706055,29.0,28.520000457763672,28.920000076293945,25696800,21.376312255859375
CSCO,CSCO,2016-05-26,28.860000610351562,29.040000915527344,28.799999237060547,28.899999618530273,19366300,21.36152458190918
CSCO,CSCO,2016-05-27,28.950000762939453,29.040000915527344,28.790000915527344,28.920000076293945,16673300,21.376312255859375
CSCO,CSCO,2016-05-31,28.799999237060547,29.079999923706055,28.760000228881836,29.049999237060547,28606300,21.4724063873291
CSCO,CSCO,2016-06-01,28.84000015258789,29.040000915527344,28.799999237060547,28.899999618530273,22268700,21.36152458190918
CSCO,CSCO,2016-06-02,28.979999542236328,29.149999618530273,28.920000076293945,29.079999923706055,19538200,21.494569778442383
CSCO,CSCO,2016-06-03,29.1299991607666,29.209999084472656,28.899999618530273,29.1299991607666,18677700,21.531532287597656
CSCO,CSCO,2016-06-06,29.06999969482422,29.40999984741211,29.059999465942383,29.100000381469727,16167100,21.50935935974121
CSCO,CSCO,2016-06-07,28.899999618530273,29.350000381469727,28.81999969482422,29.06999969482422,21566600,21.487184524536133
CSCO,CSCO,2016-06-08,29.09000015258789,29.270000457763672,29.059999465942383,29.139999389648438,17772900,21.538923263549805
CSCO,CSCO,2016-06-09,28.969999313354492,29.190000534057617,28.829999923706055,29.139999389648438,18349900,21.538923263549805
CSCO,CSCO,2016-06-10,28.790000915527344,29.030000686645508,28.770000457763672,29.030000686645508,18244200,21.457622528076172
CSCO,CSCO,2016-06-13,28.969999313354492,29.190000534057617,28.81999969482422,28.84000015258789,17137000,21.317182540893555
CSCO,CSCO,2016-06-14,28.65999984741211,29.0,28.6299991607666,28.959999084472656,19279700,21.40587615966797
CSCO,CSCO,2016-06-15,28.489999771118164,28.860000610351562,28.40999984741211,28.649999618530273,30738600,21.176738739013672
CSCO,CSCO,2016-06-16,28.3799991607666,28.920000076293945,28.3700008392334,28.8700008392334,17504100,21.33935546875
CSCO,CSCO,2016-06-17,28.8799991607666,29.0,28.690000534057617,28.950000762939453,32333500,21.398488998413086
CSCO,CSCO,2016-06-20,29.040000915527344,29.219999313354492,28.780000686645508,28.799999237060547,22100800,21.287612915039062
CSCO,CSCO,2016-06-21,28.969999313354492,29.0,28.729999542236328,28.770000457763672,19098600,21.265438079833984
CSCO,CSCO,2016-06-22,28.8700008392334,29.079999923706055,28.68000030517578,28.719999313354492,18273300,21.228479385375977
CSCO,CSCO,2016-06-23,29.030000686645508,29.229999542236328,28.959999084472656,29.219999313354492,19415600,21.598054885864258
CSCO,CSCO,2016-06-24,28.15999984741211,28.56999969482422,27.700000762939453,27.75,44408900,20.511503219604492
CSCO,CSCO,2016-06-27,27.479999542236328,27.549999237060547,27.1299991607666,27.309999465942383,29973100,20.186267852783203
CSCO,CSCO,2016-06-28,27.549999237060547,27.850000381469727,27.5,27.790000915527344,24646900,20.541065216064453
CSCO,CSCO,2016-06-29,28.1299991607666,28.329999923706055,27.899999618530273,28.260000228881836,25593000,20.888471603393555
CSCO,CSCO,2016-06-30,28.3799991607666,28.690000534057617,28.06999969482422,28.690000534057617,25184400,21.206308364868164
CSCO,CSCO,2016-07-01,28.780000686645508,28.93000030517578,28.59000015258789,28.799999237060547,20901300,21.287612915039062
CSCO,CSCO,2016-07-05,28.229999542236328,28.6200008392334,28.219999313354492,28.329999923706055,22116900,21.130977630615234
CSCO,CSCO,2016-07-06,28.450000762939453,28.770000457763672,28.170000076293945,28.719999313354492,24844000,21.42186737060547
CSCO,CSCO,2016-07-07,28.719999313354492,28.899999618530273,28.610000610351562,28.739999771118164,17394900,21.43679428100586
CSCO,CSCO,2016-07-08,28.90999984741211,29.280000686645508,28.8799991607666,29.260000228881836,24647400,21.824655532836914
CSCO,CSCO,2016-07-11,29.34000015258789,29.700000762939453,29.260000228881836,29.43000030517578,22045200,21.951454162597656
CSCO,CSCO,2016-07-12,29.719999313354492,29.739999771118164,29.520000457763672,29.610000610351562,22157500,22.085712432861328
CSCO,CSCO,2016-07-13,29.719999313354492,29.829999923706055,29.579999923706055,29.75,18038100,22.19013786315918
CSCO,CSCO,2016-07-14,29.84000015258789,29.989999771118164,29.639999389648438,29.760000228881836,19332200,22.197595596313477
CSCO,CSCO,2016-07-15,29.93000030517578,29.950000762939453,29.65999984741211,29.81999969482422,17800400,22.242351531982422
CSCO,CSCO,2016-07-18,29.75,30.0,29.739999771118164,29.90999984741211,17484900,22.309473037719727
CSCO,CSCO,2016-07-19,29.90999984741211,30.010000228881836,29.770000457763672,29.920000076293945,18516000,22.316932678222656
CSCO,CSCO,2016-07-20,30.040000915527344,30.690000534057617,29.979999542236328,30.6299991607666,50168800,22.846515655517578
CSCO,CSCO,2016-07-21,30.639999389648438,30.719999313354492,30.3700008392334,30.579999923706055,21582700,22.809228897094727
CSCO,CSCO,2016-07-22,30.700000762939453,30.8700008392334,30.540000915527344,30.709999084472656,19399600,22.90618324279785
CSCO,CSCO,2016-07-25,30.670000076293945,30.829999923706055,30.6299991607666,30.790000915527344,15174200,22.96586036682129
CSCO,CSCO,2016-07-26,30.799999237060547,31.149999618530273,30.709999084472656,30.8799991607666,21328200,23.032989501953125
CSCO,CSCO,2016-07-27,30.950000762939453,30.969999313354492,30.65999984741211,30.760000228881836,22723000,22.943479537963867
CSCO,CSCO,2016-07-28,30.649999618530273,30.739999771118164,30.3700008392334,30.520000457763672,22470500,22.76446533203125
CSCO,CSCO,2016-07-29,30.600000381469727,30.690000534057617,30.469999313354492,30.530000686645508,23807200,22.77193260192871
CSCO,CSCO,2016-08-01,30.700000762939453,30.75,30.360000610351562,30.729999542236328,22438700,22.921104431152344
CSCO,CSCO,2016-08-02,30.81999969482422,30.81999969482422,30.399999618530273,30.6200008392334,24485200,22.83905601501465
CSCO,CSCO,2016-08-03,30.510000228881836,30.739999771118164,30.510000228881836,30.719999313354492,15962500,22.91364097595215
CSCO,CSCO,2016-08-04,30.780000686645508,30.90999984741211,30.709999084472656,30.799999237060547,18586500,22.97332191467285
CSCO,CSCO,2016-08-05,30.899999618530273,31.06999969482422,30.690000534057617,31.040000915527344,18873300,23.15233039855957
CSCO,CSCO,2016-08-08,31.0,31.190000534057617,30.860000610351562,31.010000228881836,19019900,23.12995147705078
CSCO,CSCO,2016-08-09,31.110000610351562,31.25,30.84000015258789,30.940000534057617,19159500,23.077741622924805
CSCO,CSCO,2016-08-10,31.010000228881836,31.1299991607666,30.739999771118164,30.850000381469727,16684300,23.01061248779297
CSCO,CSCO,2016-08-11,30.950000762939453,31.020000457763672,30.860000610351562,30.950000762939453,24020900,23.08519744873047
CSCO,CSCO,2016-08-12,30.920000076293945,30.989999771118164,30.799999237060547,30.8700008392334,13430600,23.02552604675293
CSCO,CSCO,2016-08-15,30.979999542236328,31.239999771118164,30.889999389648438,31.190000534057617,21944700,23.26421546936035
CSCO,CSCO,2016-08-16,31.219999313354492,31.229999542236328,30.979999542236328,31.1200008392334,23399700,23.211997985839844
CSCO,CSCO,2016-08-17,30.969999313354492,30.969999313354492,30.329999923706055,30.719999313354492,55071200,22.91364097595215
CSCO,CSCO,2016-08-18,30.40999984741211,30.670000076293945,30.059999465942383,30.479999542236328,48710500,22.734628677368164
CSCO,CSCO,2016-08-19,30.3700008392334,30.649999618530273,30.239999771118164,30.520000457763672,25131300,22.76446533203125
CSCO,CSCO,2016-08-22,30.440000534057617,30.780000686645508,30.3700008392334,30.6299991607666,28680000,22.846515655517578
CSCO,CSCO,2016-08-23,30.829999923706055,31.059999465942383,30.790000915527344,30.979999542236328,23493600,23.10757827758789
CSCO,CSCO,2016-08-24,30.979999542236328,31.200000762939453,30.950000762939453,31.059999465942383,24474700,23.167245864868164
CSCO,CSCO,2016-08-25,31.059999465942383,31.389999389648438,31.020000457763672,31.290000915527344,22917100,23.33880043029785
CSCO,CSCO,2016-08-26,31.34000015258789,31.65999984741211,31.190000534057617,31.350000381469727,21106200,23.383554458618164
CSCO,CSCO,2016-08-29,31.43000030517578,31.700000762939453,31.40999984741211,31.579999923706055,21101700,23.55510711669922
CSCO,CSCO,2016-08-30,31.610000610351562,31.65999984741211,31.40999984741211,31.540000915527344,17794800,23.5252742767334
CSCO,CSCO,2016-08-31,31.450000762939453,31.579999923706055,31.25,31.440000534057617,20418800,23.4506893157959
CSCO,CSCO,2016-09-01,31.420000076293945,31.639999389648438,31.260000228881836,31.579999923706055,15980500,23.55510711669922
CSCO,CSCO,2016-09-02,31.649999618530273,31.950000762939453,31.649999618530273,31.829999923706055,18156500,23.74158477783203
CSCO,CSCO,2016-09-06,31.93000030517578,31.940000534057617,31.700000762939453,31.8700008392334,17656500,23.77141761779785
CSCO,CSCO,2016-09-07,31.790000915527344,31.93000030517578,31.75,31.790000915527344,14050500,23.711748123168945
CSCO,CSCO,2016-09-08,31.719999313354492,31.75,31.420000076293945,31.469999313354492,19913700,23.473058700561523
CSCO,CSCO,2016-09-09,31.139999389648438,31.34000015258789,30.850000381469727,30.850000381469727,25450500,23.01061248779297
CSCO,CSCO,2016-09-12,30.610000610351562,31.5,30.600000381469727,31.440000534057617,22612500,23.4506893157959
CSCO,CSCO,2016-09-13,31.260000228881836,31.350000381469727,30.899999618530273,31.059999465942383,23617900,23.167245864868164
CSCO,CSCO,2016-09-14,31.010000228881836,31.229999542236328,30.809999465942383,31.0,24262900,23.12249183654785
CSCO,CSCO,2016-09-15,30.6299991607666,31.389999389648438,30.610000610351562,31.309999465942383,25554500,23.353721618652344
CSCO,CSCO,2016-09-16,31.1200008392334,31.139999389648438,30.700000762939453,30.84000015258789,37416300,23.00315284729004
CSCO,CSCO,2016-09-19,30.850000381469727,31.25,30.81999969482422,31.020000457763672,16833500,23.137409210205078
CSCO,CSCO,2016-09-20,31.079999923706055,31.219999313354492,31.040000915527344,31.100000381469727,15878900,23.197086334228516
CSCO,CSCO,2016-09-21,31.110000610351562,31.3799991607666,30.969999313354492,31.360000610351562,21169400,23.39101791381836
CSCO,CSCO,2016-09-22,31.5,31.799999237060547,31.489999771118164,31.65999984741211,20261900,23.614782333374023
CSCO,CSCO,2016-09-23,31.709999084472656,31.799999237060547,31.309999465942383,31.34000015258789,20442200,23.376094818115234
CSCO,CSCO,2016-09-26,31.100000381469727,31.15999984741211,30.790000915527344,31.06999969482422,20361500,23.174699783325195
CSCO,CSCO,2016-09-27,31.09000015258789,31.610000610351562,30.959999084472656,31.479999542236328,18045400,23.480518341064453
CSCO,CSCO,2016-09-28,31.440000534057617,31.59000015258789,31.360000610351562,31.5,15841000,23.495439529418945
CSCO,CSCO,2016-09-29,31.510000228881836,31.56999969482422,31.25,31.389999389648438,15417100,23.413389205932617
CSCO,CSCO,2016-09-30,31.610000610351562,31.799999237060547,31.559999465942383,31.719999313354492,30380600,23.659530639648438
CSCO,CSCO,2016-10-03,31.309999465942383,31.579999923706055,31.200000762939453,31.5,14070500,23.68961524963379
CSCO,CSCO,2016-10-04,31.459999084472656,31.6299991607666,31.149999618530273,31.350000381469727,18460400,23.576807022094727
CSCO,CSCO,2016-10-05,31.40999984741211,31.68000030517578,31.40999984741211,31.59000015258789,11808600,23.757301330566406
CSCO,CSCO,2016-10-06,31.56999969482422,31.6299991607666,31.209999084472656,31.479999542236328,14077100,23.674570083618164
CSCO,CSCO,2016-10-07,31.479999542236328,31.600000381469727,31.229999542236328,31.469999313354492,13073200,23.66705322265625
CSCO,CSCO,2016-10-10,31.540000915527344,31.68000030517578,31.440000534057617,31.469999313354492,12759400,23.66705322265625
CSCO,CSCO,2016-10-11,31.520000457763672,31.530000686645508,30.850000381469727,31.040000915527344,19412000,23.343673706054688
CSCO,CSCO,2016-10-12,30.530000686645508,30.6299991607666,29.940000534057617,30.34000015258789,36899900,22.817235946655273
CSCO,CSCO,2016-10-13,30.09000015258789,30.25,29.860000610351562,30.170000076293945,24286600,22.689388275146484
CSCO,CSCO,2016-10-14,30.350000381469727,30.549999237060547,30.15999984741211,30.18000030517578,20545100,22.696910858154297
CSCO,CSCO,2016-10-17,30.1299991607666,30.420000076293945,30.100000381469727,30.219999313354492,13957500,22.726991653442383
CSCO,CSCO,2016-10-18,30.690000534057617,30.690000534057617,30.43000030517578,30.440000534057617,14444900,22.892438888549805
CSCO,CSCO,2016-10-19,30.440000534057617,30.450000762939453,30.190000534057617,30.350000381469727,14830900,22.824756622314453
CSCO,CSCO,2016-10-20,30.280000686645508,30.3700008392334,30.040000915527344,30.15999984741211,17315300,22.68187141418457
CSCO,CSCO,2016-10-21,30.010000228881836,30.200000762939453,29.920000076293945,30.149999618530273,15140500,22.674341201782227
CSCO,CSCO,2016-10-24,30.34000015258789,30.5,30.299999237060547,30.459999084472656,14115300,22.90747833251953
CSCO,CSCO,2016-10-25,30.5,30.510000228881836,30.229999542236328,30.34000015258789,15257800,22.817235946655273
CSCO,CSCO,2016-10-26,30.59000015258789,30.860000610351562,30.31999969482422,30.549999237060547,18008600,22.97516441345215
CSCO,CSCO,2016-10-27,30.600000381469727,30.670000076293945,30.360000610351562,30.3799991607666,16926200,22.847318649291992
CSCO,CSCO,2016-10-28,30.360000610351562,30.799999237060547,30.350000381469727,30.59000015258789,19946800,23.005247116088867
CSCO,CSCO,2016-10-31,30.34000015258789,30.770000457763672,30.31999969482422,30.68000030517578,23225400,23.072935104370117
CSCO,CSCO,2016-11-01,30.850000381469727,30.860000610351562,30.229999542236328,30.479999542236328,17542100,22.922521591186523
CSCO,CSCO,2016-11-02,30.43000030517578,30.68000030517578,30.229999542236328,30.389999389648438,19174000,22.854835510253906
CSCO,CSCO,2016-11-03,30.5,30.559999465942383,30.239999771118164,30.31999969482422,15937100,22.802194595336914
CSCO,CSCO,2016-11-04,29.979999542236328,30.5,29.6299991607666,30.190000534057617,18524000,22.704425811767578
CSCO,CSCO,2016-11-07,30.709999084472656,31.059999465942383,30.610000610351562,30.940000534057617,23061100,23.26845932006836
CSCO,CSCO,2016-11-08,30.940000534057617,31.200000762939453,30.729999542236328,31.0,19399800,23.313587188720703
CSCO,CSCO,2016-11-09,31.040000915527344,31.489999771118164,30.700000762939453,31.360000610351562,38564100,23.584331512451172
CSCO,CSCO,2016-11-10,31.40999984741211,31.760000228881836,30.809999465942383,31.0,38345000,23.313587188720703
CSCO,CSCO,2016-11-11,30.93000030517578,31.469999313354492,30.920000076293945,31.360000610351562,23150300,23.584331512451172
CSCO,CSCO,2016-11-14,31.43000030517578,31.670000076293945,31.350000381469727,31.3700008392334,22917600,23.59185028076172
CSCO,CSCO,2016-11-15,31.270000457763672,31.850000381469727,31.270000457763672,31.700000762939453,24160200,23.84002685546875
CSCO,CSCO,2016-11-16,31.6200008392334,31.889999389648438,31.510000228881836,31.56999969482422,27097100,23.742258071899414
CSCO,CSCO,2016-11-17,29.90999984741211,30.049999237060547,29.610000610351562,30.049999237060547,75252300,22.599140167236328
CSCO,CSCO,2016-11-18,30.110000610351562,30.360000610351562,30.010000228881836,30.18000030517578,38748600,22.696910858154297
CSCO,CSCO,2016-11-21,30.299999237060547,30.329999923706055,30.010000228881836,30.049999237060547,27481700,22.599140167236328
CSCO,CSCO,2016-11-22,30.079999923706055,30.190000534057617,29.850000381469727,29.889999389648438,26769300,22.478811264038086
CSCO,CSCO,2016-11-23,29.829999923706055,29.950000762939453,29.559999465942383,29.709999084472656,24496800,22.343448638916016
CSCO,CSCO,2016-11-25,29.600000381469727,30.149999618530273,29.549999237060547,30.09000015258789,17678900,22.629220962524414
CSCO,CSCO,2016-11-28,30.079999923706055,30.09000015258789,29.81999969482422,29.920000076293945,21468900,22.501379013061523
CSCO,CSCO,2016-11-29,29.940000534057617,30.100000381469727,29.790000915527344,29.829999923706055,23553700,22.43368911743164
CSCO,CSCO,2016-11-30,29.760000228881836,29.950000762939453,29.68000030517578,29.81999969482422,26224900,22.426170349121094
CSCO,CSCO,2016-12-01,29.84000015258789,29.850000381469727,29.399999618530273,29.450000762939453,25996200,22.14790916442871
CSCO,CSCO,2016-12-02,29.309999465942383,29.559999465942383,29.1200008392334,29.25,27069500,21.99749755859375
CSCO,CSCO,2016-12-05,29.329999923706055,29.600000381469727,29.290000915527344,29.530000686645508,20865800,22.208065032958984
CSCO,CSCO,2016-12-06,29.420000076293945,29.59000015258789,29.239999771118164,29.329999923706055,27352100,22.057666778564453
CSCO,CSCO,2016-12-07,29.479999542236328,30.040000915527344,29.31999969482422,29.950000762939453,30180100,22.523937225341797
CSCO,CSCO,2016-12-08,30.110000610351562,30.329999923706055,29.920000076293945,29.950000762939453,21369900,22.523937225341797
CSCO,CSCO,2016-12-09,29.979999542236328,30.06999969482422,29.729999542236328,30.059999465942383,21362000,22.60666275024414
CSCO,CSCO,2016-12-12,30.079999923706055,30.200000762939453,30.030000686645508,30.170000076293945,17287800,22.689388275146484
CSCO,CSCO,2016-12-13,30.299999237060547,30.639999389648438,30.200000762939453,30.59000015258789,25052900,23.005247116088867
CSCO,CSCO,2016-12-14,30.600000381469727,31.06999969482422,30.40999984741211,30.459999084472656,27556000,22.90747833251953
CSCO,CSCO,2016-12-15,30.59000015258789,30.799999237060547,30.510000228881836,30.6299991607666,20914100,23.035329818725586
CSCO,CSCO,2016-12-16,30.700000762939453,30.719999313354492,30.270000457763672,30.59000015258789,45875500,23.005247116088867
CSCO,CSCO,2016-12-19,30.649999618530273,30.8700008392334,30.540000915527344,30.75,18178500,23.125574111938477
CSCO,CSCO,2016-12-20,30.829999923706055,30.8700008392334,30.459999084472656,30.559999465942383,17475200,22.982685089111328
CSCO,CSCO,2016-12-21,30.690000534057617,30.690000534057617,30.40999984741211,30.420000076293945,14488900,22.877399444580078
CSCO,CSCO,2016-12-22,30.399999618530273,30.479999542236328,30.25,30.459999084472656,12935800,22.90747833251953
CSCO,CSCO,2016-12-23,30.540000915527344,30.600000381469727,30.399999618530273,30.530000686645508,9167500,22.960124969482422
CSCO,CSCO,2016-12-27,30.639999389648438,30.81999969482422,30.600000381469727,30.68000030517578,14175500,23.072935104370117
CSCO,CSCO,2016-12-28,30.700000762939453,30.770000457763672,30.350000381469727,30.420000076293945,12022200,22.877399444580078
CSCO,CSCO,2016-12-29,30.3700008392334,30.549999237060547,30.329999923706055,30.459999084472656,10995600,22.90747833251953
CSCO,CSCO,2016-12-30,30.559999465942383,30.600000381469727,30.1299991607666,30.219999313354492,20190000,22.726991653442383
CSCO,CSCO,2017-01-03,30.3700008392334,30.559999465942383,30.209999084472656,30.540000915527344,22370600,22.96764373779297
CSCO,CSCO,2017-01-04,30.239999771118164,30.420000076293945,30.020000457763672,30.100000381469727,22281000,22.831111907958984
CSCO,CSCO,2017-01-05,30.100000381469727,30.360000610351562,30.06999969482422,30.170000076293945,18372500,22.88420867919922
CSCO,CSCO,2017-01-06,30.170000076293945,30.350000381469727,30.030000686645508,30.229999542236328,15923200,22.929723739624023
CSCO,CSCO,2017-01-09,30.219999313354492,30.329999923706055,30.079999923706055,30.18000030517578,17177800,22.89179801940918
CSCO,CSCO,2017-01-10,30.190000534057617,30.549999237060547,30.100000381469727,30.3799991607666,21046000,23.04349708557129
CSCO,CSCO,2017-01-11,30.329999923706055,30.40999984741211,30.030000686645508,30.149999618530273,22291300,22.869037628173828
CSCO,CSCO,2017-01-12,30.149999618530273,30.15999984741211,29.799999237060547,30.040000915527344,18611100,22.785602569580078
CSCO,CSCO,2017-01-13,30.100000381469727,30.219999313354492,30.010000228881836,30.06999969482422,17136600,22.80835723876953
CSCO,CSCO,2017-01-17,30.0,30.25,29.84000015258789,29.989999771118164,21983500,22.747678756713867
CSCO,CSCO,2017-01-18,30.1200008392334,30.18000030517578,29.950000762939453,30.030000686645508,15724000,22.77801513671875
CSCO,CSCO,2017-01-19,30.010000228881836,30.190000534057617,29.920000076293945,29.979999542236328,16866000,22.740093231201172
CSCO,CSCO,2017-01-20,30.1200008392334,30.25,30.0,30.100000381469727,22754400,22.831111907958984
CSCO,CSCO,2017-01-23,30.139999389648438,30.299999237060547,30.09000015258789,30.270000457763672,17155300,22.960067749023438
CSCO,CSCO,2017-01-24,30.34000015258789,30.75,30.290000915527344,30.600000381469727,24934200,23.210365295410156
CSCO,CSCO,2017-01-25,31.040000915527344,31.049999237060547,30.649999618530273,30.700000762939453,23630500,23.286218643188477
CSCO,CSCO,2017-01-26,30.760000228881836,30.84000015258789,30.559999465942383,30.739999771118164,20116800,23.316564559936523
CSCO,CSCO,2017-01-27,30.760000228881836,30.979999542236328,30.6299991607666,30.979999542236328,18461900,23.49860191345215
CSCO,CSCO,2017-01-30,30.940000534057617,31.0,30.6299991607666,30.829999923706055,15481800,23.384822845458984
CSCO,CSCO,2017-01-31,30.68000030517578,30.889999389648438,30.579999923706055,30.719999313354492,16603100,23.3013916015625
CSCO,CSCO,2017-02-01,30.850000381469727,30.850000381469727,30.420000076293945,30.5,19504600,23.1345157623291
CSCO,CSCO,2017-02-02,30.690000534057617,31.260000228881836,30.530000686645508,31.18000030517578,27456700,23.650304794311523
CSCO,CSCO,2017-02-03,31.270000457763672,31.350000381469727,31.1200008392334,31.31999969482422,21288800,23.75649642944336
CSCO,CSCO,2017-02-06,31.290000915527344,31.309999465942383,31.1200008392334,31.299999237060547,16774200,23.74132537841797
CSCO,CSCO,2017-02-07,31.3799991607666,31.639999389648438,31.329999923706055,31.450000762939453,18420200,23.855104446411133
CSCO,CSCO,2017-02-08,31.459999084472656,31.549999237060547,31.25,31.270000457763672,20434300,23.718570709228516
CSCO,CSCO,2017-02-09,31.350000381469727,31.690000534057617,31.299999237060547,31.5,18706900,23.893024444580078
CSCO,CSCO,2017-02-10,31.479999542236328,31.6299991607666,31.239999771118164,31.510000228881836,21557700,23.900609970092773
CSCO,CSCO,2017-02-13,31.670000076293945,32.0,31.549999237060547,31.969999313354492,26518800,24.24952507019043
CSCO,CSCO,2017-02-14,31.899999618530273,32.310001373291016,31.770000457763672,32.310001373291016,31463500,24.507421493530273
CSCO,CSCO,2017-02-15,32.349998474121094,32.84000015258789,32.290000915527344,32.81999969482422,41169400,24.894258499145508
CSCO,CSCO,2017-02-16,33.2599983215332,33.970001220703125,33.25,33.599998474121094,50143700,25.48589324951172
CSCO,CSCO,2017-02-17,33.52000045776367,33.77000045776367,33.43000030517578,33.7400016784668,31841200,25.59208106994629
CSCO,CSCO,2017-02-21,33.689998626708984,34.209999084472656,33.65999984741211,34.130001068115234,26992700,25.887908935546875
CSCO,CSCO,2017-02-22,34.040000915527344,34.150001525878906,33.65999984741211,34.09000015258789,26632700,25.857566833496094
CSCO,CSCO,2017-02-23,34.279998779296875,34.279998779296875,33.95000076293945,34.040000915527344,17450100,25.819637298583984
CSCO,CSCO,2017-02-24,33.97999954223633,34.31999969482422,33.79999923706055,34.31999969482422,21137300,26.032024383544922
CSCO,CSCO,2017-02-27,34.209999084472656,34.31999969482422,34.119998931884766,34.2599983215332,15625400,25.986509323120117
CSCO,CSCO,2017-02-28,34.15999984741211,34.290000915527344,34.040000915527344,34.18000030517578,23093100,25.92583465576172
CSCO,CSCO,2017-03-01,34.279998779296875,34.5099983215332,34.18000030517578,34.439998626708984,22754200,26.123044967651367
CSCO,CSCO,2017-03-02,34.40999984741211,34.529998779296875,34.209999084472656,34.38999938964844,16137700,26.08510971069336
CSCO,CSCO,2017-03-03,34.41999816894531,34.439998626708984,34.22999954223633,34.290000915527344,14175000,26.00926399230957
CSCO,CSCO,2017-03-06,34.040000915527344,34.279998779296875,33.959999084472656,34.189998626708984,17605100,25.933412551879883
CSCO,CSCO,2017-03-07,34.0,34.25,33.9900016784668,34.20000076293945,21033700,25.941011428833008
CSCO,CSCO,2017-03-08,34.18000030517578,34.22999954223633,33.93000030517578,34.02000045776367,18686700,25.804471969604492
CSCO,CSCO,2017-03-09,34.040000915527344,34.11000061035156,33.869998931884766,34.06999969482422,17490200,25.842391967773438
CSCO,CSCO,2017-03-10,34.2400016784668,34.29999923706055,34.08000183105469,34.2599983215332,19038400,25.986509323120117
CSCO,CSCO,2017-03-13,34.220001220703125,34.33000183105469,34.0,34.099998474121094,16164800,25.86514663696289
CSCO,CSCO,2017-03-14,33.939998626708984,34.13999938964844,33.84000015258789,34.119998931884766,14578400,25.880325317382812
CSCO,CSCO,2017-03-15,34.06999969482422,34.349998474121094,34.04999923706055,34.2400016784668,14961700,25.971343994140625
CSCO,CSCO,2017-03-16,34.25,34.47999954223633,34.099998474121094,34.22999954223633,14521600,25.963754653930664
CSCO,CSCO,2017-03-17,34.349998474121094,34.380001068115234,34.189998626708984,34.22999954223633,26787200,25.963754653930664
CSCO,CSCO,2017-03-20,34.20000076293945,34.38999938964844,34.20000076293945,34.279998779296875,14974100,26.001684188842773
CSCO,CSCO,2017-03-21,34.45000076293945,34.470001220703125,33.779998779296875,33.880001068115234,21406000,25.698280334472656
CSCO,CSCO,2017-03-22,33.779998779296875,34.20000076293945,33.779998779296875,34.099998474121094,16646100,25.86514663696289
CSCO,CSCO,2017-03-23,34.08000183105469,34.2599983215332,33.90999984741211,33.959999084472656,16709300,25.758956909179688
CSCO,CSCO,2017-03-24,34.06999969482422,34.29999923706055,33.95000076293945,34.08000183105469,18125100,25.84998321533203
CSCO,CSCO,2017-03-27,33.81999969482422,34.029998779296875,33.75,33.9900016784668,17740600,25.781713485717773
CSCO,CSCO,2017-03-28,33.900001525878906,34.209999084472656,33.81999969482422,34.02000045776367,21179300,25.804471969604492
CSCO,CSCO,2017-03-29,34.0,34.04999923706055,33.650001525878906,33.7400016784668,16504100,25.59208106994629
CSCO,CSCO,2017-03-30,33.79999923706055,33.93000030517578,33.720001220703125,33.7400016784668,12801600,25.59208106994629
CSCO,CSCO,2017-03-31,33.720001220703125,33.880001068115234,33.65999984741211,33.79999923706055,14038500,25.63759994506836
CSCO,CSCO,2017-04-03,33.70000076293945,33.939998626708984,33.459999084472656,33.58000183105469,19367800,25.470727920532227
CSCO,CSCO,2017-04-04,33.25,33.41999816894531,32.93000030517578,33.40999984741211,18602600,25.562543869018555
CSCO,CSCO,2017-04-05,33.4900016784668,33.529998779296875,32.970001220703125,33.0,17572500,25.248842239379883
CSCO,CSCO,2017-04-06,33.0,33.279998779296875,32.88999938964844,33.08000183105469,15316800,25.310056686401367
CSCO,CSCO,2017-04-07,33.099998474121094,33.150001525878906,32.91999816894531,32.959999084472656,13942800,25.21822738647461
CSCO,CSCO,2017-04-10,32.959999084472656,33.220001220703125,32.869998931884766,33.0099983215332,14824100,25.256486892700195
CSCO,CSCO,2017-04-11,33.040000915527344,33.08000183105469,32.63999938964844,32.91999816894531,18945800,25.18762969970703
CSCO,CSCO,2017-04-12,32.86000061035156,32.959999084472656,32.5,32.619998931884766,25455100,24.958097457885742
CSCO,CSCO,2017-04-13,32.709999084472656,32.849998474121094,32.41999816894531,32.41999816894531,16234900,24.80507469177246
CSCO,CSCO,2017-04-17,32.47999954223633,32.66999816894531,32.45000076293945,32.61000061035156,11961200,24.95044708251953
CSCO,CSCO,2017-04-18,32.560001373291016,32.72999954223633,32.45000076293945,32.66999816894531,13349600,24.996353149414062
CSCO,CSCO,2017-04-19,32.79999923706055,32.88999938964844,32.61000061035156,32.650001525878906,16373800,24.981048583984375
CSCO,CSCO,2017-04-20,32.790000915527344,32.95000076293945,32.720001220703125,32.83000183105469,11927500,25.1187744140625
CSCO,CSCO,2017-04-21,32.939998626708984,32.939998626708984,32.66999816894531,32.81999969482422,13877700,25.11111831665039
CSCO,CSCO,2017-04-24,33.2400016784668,33.36000061035156,33.130001068115234,33.279998779296875,15400500,25.463071823120117
CSCO,CSCO,2017-04-25,33.38999938964844,33.52000045776367,33.349998474121094,33.41999816894531,15058800,25.570186614990234
CSCO,CSCO,2017-04-26,33.58000183105469,33.630001068115234,33.369998931884766,33.400001525878906,17949700,25.55489158630371
CSCO,CSCO,2017-04-27,34.0099983215332,34.11000061035156,33.619998931884766,33.75,26639000,25.82267951965332
CSCO,CSCO,2017-04-28,33.880001068115234,34.08000183105469,33.66999816894531,34.06999969482422,20461700,26.06751823425293
CSCO,CSCO,2017-05-01,34.11000061035156,34.13999938964844,33.810001373291016,33.970001220703125,13577300,25.991004943847656
CSCO,CSCO,2017-05-02,34.060001373291016,34.2400016784668,33.93000030517578,34.2400016784668,15983600,26.197589874267578
CSCO,CSCO,2017-05-03,34.15999984741211,34.34000015258789,34.119998931884766,34.25,14432200,26.205244064331055
CSCO,CSCO,2017-05-04,34.33000183105469,34.4900016784668,34.06999969482422,34.18000030517578,13638500,26.151681900024414
CSCO,CSCO,2017-05-05,34.25,34.400001525878906,34.06999969482422,34.38999938964844,15091800,26.31235122680664
CSCO,CSCO,2017-05-08,34.459999084472656,34.599998474121094,34.150001525878906,34.290000915527344,13232700,26.235837936401367
CSCO,CSCO,2017-05-09,34.13999938964844,34.2599983215332,33.84000015258789,33.900001525878906,18855900,25.93744468688965
CSCO,CSCO,2017-05-10,33.900001525878906,33.900001525878906,33.58000183105469,33.7400016784668,17481400,25.815021514892578
CSCO,CSCO,2017-05-11,33.720001220703125,33.81999969482422,33.47999954223633,33.630001068115234,17515600,25.730859756469727
CSCO,CSCO,2017-05-12,33.599998474121094,33.619998931884766,33.13999938964844,33.45000076293945,20194300,25.5931453704834
CSCO,CSCO,2017-05-15,34.0,34.459999084472656,33.970001220703125,34.22999954223633,31531000,26.18993377685547
CSCO,CSCO,2017-05-16,34.2400016784668,34.33000183105469,34.029998779296875,34.29999923706055,18950000,26.243486404418945
CSCO,CSCO,2017-05-17,34.20000076293945,34.310001373291016,33.79999923706055,33.81999969482422,38787800,25.87623405456543
CSCO,CSCO,2017-05-18,31.100000381469727,31.510000228881836,30.3700008392334,31.3799991607666,85500500,24.009355545043945
CSCO,CSCO,2017-05-19,31.739999771118164,31.780000686645508,31.020000457763672,31.209999084472656,39859200,23.87928581237793
CSCO,CSCO,2017-05-22,31.149999618530273,31.979999542236328,31.149999618530273,31.59000015258789,35085200,24.170028686523438
CSCO,CSCO,2017-05-23,31.829999923706055,31.8700008392334,31.520000457763672,31.760000228881836,29827500,24.300094604492188
CSCO,CSCO,2017-05-24,31.93000030517578,31.940000534057617,31.219999313354492,31.489999771118164,23446300,24.093517303466797
CSCO,CSCO,2017-05-25,31.549999237060547,31.690000534057617,31.3700008392334,31.440000534057617,21586500,24.055261611938477
CSCO,CSCO,2017-05-26,31.510000228881836,31.59000015258789,31.360000610351562,31.5,16403100,24.10116195678711
CSCO,CSCO,2017-05-30,31.399999618530273,31.809999465942383,31.389999389648438,31.68000030517578,17108300,24.238887786865234
CSCO,CSCO,2017-05-31,31.780000686645508,31.889999389648438,31.469999313354492,31.530000686645508,30196700,24.124120712280273
CSCO,CSCO,2017-06-01,31.520000457763672,31.81999969482422,31.469999313354492,31.81999969482422,15525500,24.34600257873535
CSCO,CSCO,2017-06-02,31.93000030517578,32.060001373291016,31.68000030517578,31.979999542236328,20085200,24.468420028686523
CSCO,CSCO,2017-06-05,32.04999923706055,32.04999923706055,31.56999969482422,31.760000228881836,15976000,24.300094604492188
CSCO,CSCO,2017-06-06,31.75,31.760000228881836,31.5,31.559999465942383,16186600,24.147075653076172
CSCO,CSCO,2017-06-07,31.610000610351562,31.719999313354492,31.440000534057617,31.610000610351562,14948400,24.185327529907227
CSCO,CSCO,2017-06-08,31.530000686645508,31.809999465942383,31.520000457763672,31.610000610351562,21828600,24.185327529907227
CSCO,CSCO,2017-06-09,31.639999389648438,31.829999923706055,31.09000015258789,31.3700008392334,25376600,24.001705169677734
CSCO,CSCO,2017-06-12,31.34000015258789,31.639999389648438,31.149999618530273,31.25,25784400,23.909894943237305
CSCO,CSCO,2017-06-13,31.299999237060547,31.799999237060547,31.280000686645508,31.700000762939453,27781000,24.254194259643555
CSCO,CSCO,2017-06-14,31.8700008392334,31.969999313354492,31.329999923706055,31.600000381469727,24940400,24.177682876586914
CSCO,CSCO,2017-06-15,31.25,31.639999389648438,31.219999313354492,31.579999923706055,19328000,24.16238021850586
CSCO,CSCO,2017-06-16,31.610000610351562,31.639999389648438,31.200000762939453,31.6299991607666,36367400,24.200634002685547
CSCO,CSCO,2017-06-19,31.770000457763672,32.02000045776367,31.579999923706055,31.989999771118164,18459200,24.476072311401367
CSCO,CSCO,2017-06-20,31.940000534057617,32.15999984741211,31.84000015258789,31.850000381469727,18190100,24.368959426879883
CSCO,CSCO,2017-06-21,31.729999542236328,31.8700008392334,31.510000228881836,31.84000015258789,20386100,24.361310958862305
CSCO,CSCO,2017-06-22,31.90999984741211,32.0,31.700000762939453,31.850000381469727,19436600,24.368959426879883
CSCO,CSCO,2017-06-23,31.850000381469727,32.29999923706055,31.75,32.09000015258789,25792200,24.552589416503906
CSCO,CSCO,2017-06-26,32.220001220703125,32.5,32.18000030517578,32.2400016784668,22175000,24.6673526763916
CSCO,CSCO,2017-06-27,32.09000015258789,32.2599983215332,31.760000228881836,31.760000228881836,23224200,24.300094604492188
CSCO,CSCO,2017-06-28,31.780000686645508,32.279998779296875,31.760000228881836,32.08000183105469,17732300,24.54492950439453
CSCO,CSCO,2017-06-29,31.790000915527344,32.029998779296875,31.25,31.40999984741211,27664500,24.032304763793945
CSCO,CSCO,2017-06-30,31.790000915527344,31.790000915527344,31.299999237060547,31.299999237060547,23604600,23.948143005371094
CSCO,CSCO,2017-07-03,31.09000015258789,31.639999389648438,31.030000686645508,31.329999923706055,14112100,23.971094131469727
CSCO,CSCO,2017-07-05,30.850000381469727,31.270000457763672,30.729999542236328,31.110000610351562,24270300,24.02515983581543
CSCO,CSCO,2017-07-06,30.989999771118164,31.020000457763672,30.670000076293945,30.719999313354492,20789100,23.723974227905273
CSCO,CSCO,2017-07-07,30.760000228881836,31.06999969482422,30.75,30.899999618530273,15860600,23.862985610961914
CSCO,CSCO,2017-07-10,30.8799991607666,31.09000015258789,30.81999969482422,30.979999542236328,15528800,23.924762725830078
CSCO,CSCO,2017-07-11,31.049999237060547,31.1200008392334,30.860000610351562,31.09000015258789,12806000,24.009716033935547
CSCO,CSCO,2017-07-12,31.25,31.440000534057617,31.149999618530273,31.15999984741211,18586200,24.063766479492188
CSCO,CSCO,2017-07-13,31.260000228881836,31.280000686645508,31.079999923706055,31.270000457763672,15934200,24.148717880249023
CSCO,CSCO,2017-07-14,31.3700008392334,31.450000762939453,31.270000457763672,31.420000076293945,13573100,24.264556884765625
CSCO,CSCO,2017-07-17,31.5,31.639999389648438,31.450000762939453,31.5,16427500,24.32633399963379
CSCO,CSCO,2017-07-18,31.40999984741211,31.510000228881836,31.170000076293945,31.510000228881836,15530700,24.334064483642578
CSCO,CSCO,2017-07-19,31.510000228881836,32.04999923706055,31.459999084472656,31.899999618530273,21567900,24.63524627685547
CSCO,CSCO,2017-07-20,31.90999984741211,32.04999923706055,31.760000228881836,31.860000610351562,16389500,24.60435676574707
CSCO,CSCO,2017-07-21,31.860000610351562,32.029998779296875,31.709999084472656,31.84000015258789,13973800,24.588916778564453
CSCO,CSCO,2017-07-24,31.860000610351562,31.93000030517578,31.65999984741211,31.860000610351562,15504100,24.60435676574707
CSCO,CSCO,2017-07-25,31.899999618530273,32.25,31.8799991607666,32.119998931884766,14990000,24.805139541625977
CSCO,CSCO,2017-07-26,32.119998931884766,32.22999954223633,31.510000228881836,31.65999984741211,21941500,24.449901580810547
CSCO,CSCO,2017-07-27,31.729999542236328,31.75,31.209999084472656,31.56999969482422,21437400,24.38039779663086
CSCO,CSCO,2017-07-28,31.450000762939453,31.600000381469727,31.260000228881836,31.520000457763672,15771000,24.341785430908203
CSCO,CSCO,2017-07-31,31.540000915527344,31.59000015258789,31.3700008392334,31.450000762939453,19256400,24.287723541259766
CSCO,CSCO,2017-08-01,31.59000015258789,31.65999984741211,31.43000030517578,31.649999618530273,12962800,24.442174911499023
CSCO,CSCO,2017-08-02,31.56999969482422,31.56999969482422,31.25,31.520000457763672,15845600,24.341785430908203
CSCO,CSCO,2017-08-03,31.59000015258789,31.719999313354492,31.43000030517578,31.559999465942383,14420800,24.372678756713867
CSCO,CSCO,2017-08-04,31.670000076293945,31.90999984741211,31.579999923706055,31.799999237060547,16929500,24.558013916015625
CSCO,CSCO,2017-08-07,31.790000915527344,31.8799991607666,31.690000534057617,31.84000015258789,11877400,24.588916778564453
CSCO,CSCO,2017-08-08,31.75,32.0,31.600000381469727,31.670000076293945,15375700,24.457630157470703
CSCO,CSCO,2017-08-09,31.549999237060547,31.68000030517578,31.360000610351562,31.6200008392334,16131300,24.41901206970215
CSCO,CSCO,2017-08-10,31.559999465942383,31.559999465942383,31.0,31.0,23517400,23.940210342407227
CSCO,CSCO,2017-08-11,31.229999542236328,31.549999237060547,31.040000915527344,31.469999313354492,20756600,24.303171157836914
CSCO,CSCO,2017-08-14,31.690000534057617,31.889999389648438,31.559999465942383,31.84000015258789,21761600,24.588916778564453
CSCO,CSCO,2017-08-15,31.850000381469727,32.209999084472656,31.84000015258789,32.09000015258789,25251500,24.7819766998291
CSCO,CSCO,2017-08-16,32.099998474121094,32.470001220703125,32.060001373291016,32.34000015258789,29052000,24.97504234313965
CSCO,CSCO,2017-08-17,31.489999771118164,31.770000457763672,30.850000381469727,31.040000915527344,53288800,23.971099853515625
CSCO,CSCO,2017-08-18,31.0,31.059999465942383,30.360000610351562,30.3700008392334,34802200,23.45368003845215
CSCO,CSCO,2017-08-21,30.3700008392334,30.799999237060547,30.360000610351562,30.68000030517578,24198400,23.69308090209961
CSCO,CSCO,2017-08-22,30.850000381469727,31.329999923706055,30.75,31.270000457763672,24747200,24.148717880249023
CSCO,CSCO,2017-08-23,31.209999084472656,31.399999618530273,30.90999984741211,30.920000076293945,22436600,23.878427505493164
CSCO,CSCO,2017-08-24,30.950000762939453,31.399999618530273,30.899999618530273,31.239999771118164,22576100,24.125553131103516
CSCO,CSCO,2017-08-25,31.389999389648438,31.799999237060547,31.360000610351562,31.440000534057617,19558300,24.280006408691406
CSCO,CSCO,2017-08-28,31.600000381469727,31.65999984741211,31.40999984741211,31.540000915527344,12958900,24.35723114013672
CSCO,CSCO,2017-08-29,31.260000228881836,31.6299991607666,31.190000534057617,31.479999542236328,16362700,24.310895919799805
CSCO,CSCO,2017-08-30,31.469999313354492,32.20000076293945,31.420000076293945,31.989999771118164,22988700,24.704750061035156
CSCO,CSCO,2017-08-31,32.099998474121094,32.34000015258789,31.989999771118164,32.209999084472656,27800200,24.87464714050293
CSCO,CSCO,2017-09-01,32.220001220703125,32.349998474121094,32.029998779296875,32.29999923706055,14686600,24.944149017333984
CSCO,CSCO,2017-09-05,32.150001525878906,32.2400016784668,31.459999084472656,31.6200008392334,32475500,24.41901206970215
CSCO,CSCO,2017-09-06,31.75,31.90999984741211,31.6299991607666,31.8700008392334,16962300,24.612079620361328
CSCO,CSCO,2017-09-07,31.959999084472656,31.969999313354492,31.739999771118164,31.760000228881836,14751700,24.527128219604492
CSCO,CSCO,2017-09-08,31.68000030517578,31.780000686645508,31.459999084472656,31.479999542236328,15339500,24.310895919799805
CSCO,CSCO,2017-09-11,31.709999084472656,32.29999923706055,31.670000076293945,32.189998626708984,22440800,24.85919952392578
CSCO,CSCO,2017-09-12,32.29999923706055,32.470001220703125,32.189998626708984,32.40999984741211,18923100,25.02910614013672
CSCO,CSCO,2017-09-13,32.34000015258789,32.38999938964844,31.959999084472656,32.18000030517578,22705100,24.85148048400879
CSCO,CSCO,2017-09-14,31.90999984741211,32.220001220703125,31.90999984741211,32.189998626708984,18194800,24.85919952392578
CSCO,CSCO,2017-09-15,32.20000076293945,32.5,32.119998931884766,32.439998626708984,29336100,25.05226707458496
CSCO,CSCO,2017-09-18,32.43000030517578,32.65999984741211,32.2599983215332,32.52000045776367,17290900,25.114051818847656
CSCO,CSCO,2017-09-19,32.459999084472656,32.650001525878906,32.400001525878906,32.4900016784668,12927700,25.090885162353516
CSCO,CSCO,2017-09-20,32.54999923706055,32.75,32.38999938964844,32.599998474121094,19865400,25.175832748413086
CSCO,CSCO,2017-09-21,32.720001220703125,32.900001525878906,32.5,32.70000076293945,19870000,25.253061294555664
CSCO,CSCO,2017-09-22,32.65999984741211,33.529998779296875,32.63999938964844,33.369998931884766,28234900,25.770477294921875
CSCO,CSCO,2017-09-25,33.310001373291016,33.84000015258789,33.20000076293945,33.720001220703125,32396900,26.040771484375
CSCO,CSCO,2017-09-26,33.7599983215332,34.099998474121094,33.66999816894531,33.7599983215332,26138300,26.0716552734375
CSCO,CSCO,2017-09-27,33.779998779296875,33.91999816894531,33.29999923706055,33.47999954223633,22594600,25.855422973632812
CSCO,CSCO,2017-09-28,33.220001220703125,33.459999084472656,33.220001220703125,33.349998474121094,15496900,25.75502586364746
CSCO,CSCO,2017-09-29,33.310001373291016,33.66999816894531,33.2400016784668,33.630001068115234,14802700,25.971261978149414
CSCO,CSCO,2017-10-02,33.61000061035156,33.77000045776367,33.52000045776367,33.75,16555200,26.063934326171875
CSCO,CSCO,2017-10-03,33.720001220703125,33.900001525878906,33.61000061035156,33.849998474121094,13346900,26.141162872314453
CSCO,CSCO,2017-10-04,33.529998779296875,33.560001373291016,33.290000915527344,33.439998626708984,14652200,26.047691345214844
CSCO,CSCO,2017-10-05,33.58000183105469,33.66999816894531,33.40999984741211,33.59000015258789,14524800,26.16452980041504
CSCO,CSCO,2017-10-06,33.650001525878906,33.779998779296875,33.52000045776367,33.75,15464700,26.28915786743164
CSCO,CSCO,2017-10-09,33.77000045776367,33.88999938964844,33.61000061035156,33.7599983215332,8728400,26.29694938659668
CSCO,CSCO,2017-10-10,33.880001068115234,33.90999984741211,33.470001220703125,33.54999923706055,18011000,26.13336944580078
CSCO,CSCO,2017-10-11,33.380001068115234,33.630001068115234,33.25,33.59000015258789,12561400,26.16452980041504
CSCO,CSCO,2017-10-12,33.2599983215332,33.459999084472656,33.16999816894531,33.2599983215332,17905600,25.90747833251953
CSCO,CSCO,2017-10-13,33.400001525878906,33.56999969482422,33.31999969482422,33.470001220703125,13578800,26.071054458618164
CSCO,CSCO,2017-10-16,33.599998474121094,33.63999938964844,33.470001220703125,33.540000915527344,10509100,26.125581741333008
CSCO,CSCO,2017-10-17,33.59000015258789,33.66999816894531,33.459999084472656,33.599998474121094,9303100,26.172317504882812
CSCO,CSCO,2017-10-18,33.720001220703125,33.75,33.439998626708984,33.54999923706055,9971200,26.13336944580078
CSCO,CSCO,2017-10-19,33.5099983215332,33.88999938964844,33.45000076293945,33.75,13203100,26.28915786743164
CSCO,CSCO,2017-10-20,34.02000045776367,34.38999938964844,34.0099983215332,34.25,24361400,26.678630828857422
CSCO,CSCO,2017-10-23,34.45000076293945,34.68000030517578,34.27000045776367,34.349998474121094,22632000,26.75652313232422
CSCO,CSCO,2017-10-24,34.400001525878906,34.66999816894531,34.25,34.58000183105469,16280200,26.93567657470703
CSCO,CSCO,2017-10-25,34.72999954223633,34.72999954223633,34.15999984741211,34.29999923706055,17400900,26.71756935119629
CSCO,CSCO,2017-10-26,34.40999984741211,34.5099983215332,34.06999969482422,34.27000045776367,14616100,26.694211959838867
CSCO,CSCO,2017-10-27,34.150001525878906,34.619998931884766,34.09000015258789,34.43000030517578,20356600,26.818838119506836
CSCO,CSCO,2017-10-30,34.130001068115234,34.380001068115234,33.81999969482422,34.040000915527344,18345100,26.515045166015625
CSCO,CSCO,2017-10-31,33.97999954223633,34.2400016784668,33.959999084472656,34.150001525878906,13935100,26.600740432739258
CSCO,CSCO,2017-11-01,34.290000915527344,34.75,34.279998779296875,34.619998931884766,22051300,26.966840744018555
CSCO,CSCO,2017-11-02,34.54999923706055,34.63999938964844,34.15999984741211,34.209999084472656,19827600,26.647476196289062
CSCO,CSCO,2017-11-03,34.279998779296875,34.4900016784668,34.029998779296875,34.470001220703125,13414400,26.849992752075195
CSCO,CSCO,2017-11-06,34.369998931884766,34.560001373291016,34.2599983215332,34.40999984741211,12786900,26.80326271057129
CSCO,CSCO,2017-11-07,34.31999969482422,34.47999954223633,34.209999084472656,34.400001525878906,11332900,26.795475006103516
CSCO,CSCO,2017-11-08,34.310001373291016,34.5,34.119998931884766,34.5,13061300,26.87336540222168
CSCO,CSCO,2017-11-09,34.290000915527344,34.31999969482422,33.869998931884766,34.04999923706055,16785000,26.522838592529297
CSCO,CSCO,2017-11-10,34.060001373291016,34.09000015258789,33.66999816894531,33.9900016784668,19319400,26.476106643676758
CSCO,CSCO,2017-11-13,33.86000061035156,34.209999084472656,33.83000183105469,33.95000076293945,16441500,26.444948196411133
CSCO,CSCO,2017-11-14,33.86000061035156,34.15999984741211,33.79999923706055,34.040000915527344,17468500,26.515045166015625
CSCO,CSCO,2017-11-15,33.970001220703125,34.310001373291016,33.75,34.11000061035156,30829600,26.569580078125
CSCO,CSCO,2017-11-16,36.040000915527344,36.66999816894531,35.83000183105469,35.880001068115234,61177100,27.94830322265625
CSCO,CSCO,2017-11-17,35.900001525878906,36.31999969482422,35.810001373291016,35.900001525878906,27988000,27.963876724243164
CSCO,CSCO,2017-11-20,35.93000030517578,36.540000915527344,35.93000030517578,36.5,26897800,28.431245803833008
CSCO,CSCO,2017-11-21,36.75,36.970001220703125,36.58000183105469,36.650001525878906,24146400,28.548084259033203
CSCO,CSCO,2017-11-22,36.70000076293945,36.720001220703125,36.36000061035156,36.45000076293945,17226400,28.392295837402344
CSCO,CSCO,2017-11-24,36.40999984741211,36.56999969482422,36.31999969482422,36.4900016784668,6155800,28.4234561920166
CSCO,CSCO,2017-11-27,36.5099983215332,37.09000015258789,36.5,36.869998931884766,20942200,28.719449996948242
CSCO,CSCO,2017-11-28,37.0,37.79999923706055,36.97999954223633,37.72999954223633,30966600,29.389326095581055
CSCO,CSCO,2017-11-29,37.75,38.029998779296875,37.22999954223633,37.47999954223633,36788600,29.194599151611328
CSCO,CSCO,2017-11-30,37.619998931884766,37.79999923706055,37.29999923706055,37.29999923706055,30749500,29.05438995361328
CSCO,CSCO,2017-12-01,37.09000015258789,37.65999984741211,36.72999954223633,37.599998474121094,26920900,29.288074493408203
CSCO,CSCO,2017-12-04,37.810001373291016,37.9900016784668,37.540000915527344,37.720001220703125,29414400,29.381542205810547
CSCO,CSCO,2017-12-05,37.7400016784668,37.81999969482422,37.16999816894531,37.310001373291016,23288200,29.062177658081055
CSCO,CSCO,2017-12-06,37.369998931884766,37.720001220703125,37.25,37.40999984741211,16581800,29.140073776245117
CSCO,CSCO,2017-12-07,37.2599983215332,37.779998779296875,37.2599983215332,37.400001525878906,17092000,29.132291793823242
CSCO,CSCO,2017-12-08,37.59000015258789,37.689998626708984,37.41999816894531,37.61000061035156,14044400,29.29585838317871
CSCO,CSCO,2017-12-11,37.59000015258789,38.040000915527344,37.56999969482422,37.959999084472656,16749500,29.568490982055664
CSCO,CSCO,2017-12-12,37.790000915527344,38.099998474121094,37.560001373291016,37.90999984741211,16658600,29.5295467376709
CSCO,CSCO,2017-12-13,38.09000015258789,38.369998931884766,38.0,38.150001525878906,20199500,29.716493606567383
CSCO,CSCO,2017-12-14,38.20000076293945,38.27000045776367,37.849998474121094,37.900001525878906,16738300,29.521759033203125
CSCO,CSCO,2017-12-15,38.0099983215332,38.279998779296875,37.70000076293945,38.189998626708984,47167700,29.747644424438477
CSCO,CSCO,2017-12-18,38.47999954223633,38.88999938964844,38.29999923706055,38.47999954223633,21591400,29.97353744506836
CSCO,CSCO,2017-12-19,38.65999984741211,38.86000061035156,38.279998779296875,38.29999923706055,19695200,29.833335876464844
CSCO,CSCO,2017-12-20,38.4900016784668,38.79999923706055,38.209999084472656,38.7400016784668,18939500,30.176067352294922
CSCO,CSCO,2017-12-21,38.880001068115234,38.9900016784668,38.4900016784668,38.529998779296875,16387500,30.012489318847656
CSCO,CSCO,2017-12-22,38.52000045776367,38.7400016784668,38.470001220703125,38.54999923706055,11441600,30.028053283691406
CSCO,CSCO,2017-12-26,38.54999923706055,38.68000030517578,38.36000061035156,38.47999954223633,8186100,29.97353744506836
CSCO,CSCO,2017-12-27,38.540000915527344,38.650001525878906,38.45000076293945,38.560001373291016,10543000,30.035858154296875
CSCO,CSCO,2017-12-28,38.72999954223633,38.72999954223633,38.45000076293945,38.59000015258789,8807700,30.059219360351562
CSCO,CSCO,2017-12-29,38.40999984741211,38.619998931884766,38.29999923706055,38.29999923706055,12583600,29.833335876464844
CSCO,CSCO,2018-01-02,38.66999816894531,38.95000076293945,38.43000030517578,38.86000061035156,20135700,30.269540786743164
CSCO,CSCO,2018-01-03,38.720001220703125,39.279998779296875,38.529998779296875,39.16999816894531,29536000,30.511003494262695
CSCO,CSCO,2018-01-04,39.04999923706055,39.540000915527344,38.93000030517578,38.9900016784668,20731400,30.597326278686523
CSCO,CSCO,2018-01-05,39.54999923706055,39.880001068115234,39.369998931884766,39.529998779296875,24588200,31.021089553833008
CSCO,CSCO,2018-01-08,39.52000045776367,39.959999084472656,39.349998474121094,39.939998626708984,16582000,31.34284782409668
CSCO,CSCO,2018-01-09,39.790000915527344,39.959999084472656,39.540000915527344,39.689998626708984,21449800,31.14665412902832
CSCO,CSCO,2018-01-10,39.650001525878906,40.2400016784668,39.630001068115234,39.90999984741211,19473000,31.319292068481445
CSCO,CSCO,2018-01-11,40.13999938964844,40.209999084472656,39.75,40.099998474121094,21685600,31.468408584594727
CSCO,CSCO,2018-01-12,40.220001220703125,40.93000030517578,40.04999923706055,40.869998931884766,23770500,32.07265853881836
CSCO,CSCO,2018-01-16,40.900001525878906,41.15999984741211,40.31999969482422,40.540000915527344,32845000,31.813682556152344
CSCO,CSCO,2018-01-17,40.84000015258789,41.31999969482422,40.709999084472656,41.20000076293945,24427100,32.33162307739258
CSCO,CSCO,2018-01-18,41.2400016784668,41.47999954223633,41.029998779296875,41.29999923706055,19610200,32.41009521484375
CSCO,CSCO,2018-01-19,41.279998779296875,41.52000045776367,41.099998474121094,41.290000915527344,24582000,32.40225601196289
CSCO,CSCO,2018-01-22,41.20000076293945,41.65999984741211,41.02000045776367,41.65999984741211,22995100,32.692604064941406
CSCO,CSCO,2018-01-23,41.540000915527344,42.130001068115234,41.540000915527344,42.099998474121094,23984500,33.037879943847656
CSCO,CSCO,2018-01-24,42.20000076293945,42.689998626708984,42.0099983215332,42.16999816894531,26696200,33.092830657958984
CSCO,CSCO,2018-01-25,42.27000045776367,42.470001220703125,41.81999969482422,41.900001525878906,19207500,32.880943298339844
CSCO,CSCO,2018-01-26,42.150001525878906,42.560001373291016,41.95000076293945,42.560001373291016,23380400,33.39888000488281
CSCO,CSCO,2018-01-29,42.29999923706055,42.97999954223633,42.29999923706055,42.849998474121094,23625900,33.62644958496094
CSCO,CSCO,2018-01-30,42.689998626708984,42.86000061035156,41.970001220703125,42.25,28993900,33.15561294555664
CSCO,CSCO,2018-01-31,41.97999954223633,42.0099983215332,41.349998474121094,41.540000915527344,36512100,32.59843063354492
CSCO,CSCO,2018-02-01,41.09000015258789,42.11000061035156,40.66999816894531,41.70000076293945,26148500,32.723995208740234
CSCO,CSCO,2018-02-02,41.5,41.95000076293945,40.869998931884766,40.93000030517578,27224200,32.11974334716797
CSCO,CSCO,2018-02-05,40.869998931884766,41.40999984741211,38.720001220703125,38.779998779296875,52399600,30.432537078857422
CSCO,CSCO,2018-02-06,38.33000183105469,40.310001373291016,37.349998474121094,40.16999816894531,55171600,31.52332305908203
CSCO,CSCO,2018-02-07,40.310001373291016,41.209999084472656,40.029998779296875,40.34000015258789,32690800,31.6567325592041
CSCO,CSCO,2018-02-08,40.439998626708984,40.7599983215332,38.720001220703125,38.77000045776367,42982100,30.4246826171875
CSCO,CSCO,2018-02-09,39.0,39.91999816894531,38.22999954223633,39.529998779296875,51304200,31.021089553833008
CSCO,CSCO,2018-02-12,40.52000045776367,40.90999984741211,40.22999954223633,40.599998474121094,38210700,31.860769271850586
CSCO,CSCO,2018-02-13,40.5,41.310001373291016,40.220001220703125,41.22999954223633,30999100,32.35516357421875
CSCO,CSCO,2018-02-14,41.040000915527344,42.2599983215332,40.9900016784668,42.09000015258789,43835900,33.030052185058594
CSCO,CSCO,2018-02-15,45.06999969482422,45.130001068115234,43.2599983215332,44.08000183105469,72267500,34.591697692871094
CSCO,CSCO,2018-02-16,43.88999938964844,45.09000015258789,43.790000915527344,44.33000183105469,39267500,34.787879943847656
CSCO,CSCO,2018-02-20,44.0,44.689998626708984,43.810001373291016,44.060001373291016,29006900,34.575984954833984
CSCO,CSCO,2018-02-21,44.11000061035156,44.41999816894531,43.279998779296875,43.310001373291016,28499200,33.9874382019043
CSCO,CSCO,2018-02-22,43.4900016784668,43.560001373291016,42.75,42.939998626708984,25887600,33.69707489013672
CSCO,CSCO,2018-02-23,43.369998931884766,44.040000915527344,42.91999816894531,44.0,25781400,34.52891540527344
CSCO,CSCO,2018-02-26,44.29999923706055,45.45000076293945,44.130001068115234,45.36000061035156,27771100,35.59616470336914
CSCO,CSCO,2018-02-27,45.40999984741211,45.61000061035156,44.619998931884766,45.040000915527344,27419300,35.345054626464844
CSCO,CSCO,2018-02-28,45.27000045776367,45.88999938964844,44.779998779296875,44.779998779296875,26885200,35.14101791381836
CSCO,CSCO,2018-03-01,44.68000030517578,45.0,43.349998474121094,43.79999923706055,32154300,34.37196731567383
CSCO,CSCO,2018-03-02,43.290000915527344,44.220001220703125,43.099998474121094,44.060001373291016,28848100,34.575984954833984
CSCO,CSCO,2018-03-05,43.91999816894531,44.77000045776367,43.70000076293945,44.52000045776367,22101700,34.93697738647461
CSCO,CSCO,2018-03-06,44.650001525878906,44.790000915527344,44.13999938964844,44.290000915527344,21930000,34.75648880004883
CSCO,CSCO,2018-03-07,44.029998779296875,44.38999938964844,43.79999923706055,44.20000076293945,22034400,34.68586349487305
CSCO,CSCO,2018-03-08,44.25,44.40999984741211,43.939998626708984,44.34000015258789,20285600,34.79572296142578
CSCO,CSCO,2018-03-09,44.619998931884766,45.540000915527344,44.61000061035156,45.369998931884766,22230900,35.604026794433594
CSCO,CSCO,2018-03-12,45.529998779296875,45.869998931884766,45.400001525878906,45.54999923706055,18299800,35.74527359008789
CSCO,CSCO,2018-03-13,45.779998779296875,46.15999984741211,44.91999816894531,45.15999984741211,23411200,35.43922805786133
CSCO,CSCO,2018-03-14,45.34000015258789,45.7599983215332,45.09000015258789,45.279998779296875,21141100,35.53338623046875
CSCO,CSCO,2018-03-15,45.29999923706055,45.7400016784668,45.119998931884766,45.33000183105469,23520400,35.5726318359375
CSCO,CSCO,2018-03-16,45.33000183105469,45.599998474121094,44.970001220703125,45.0099983215332,56129000,35.32150650024414
CSCO,CSCO,2018-03-19,44.59000015258789,44.81999969482422,43.900001525878906,44.27000045776367,26734100,34.74079513549805
CSCO,CSCO,2018-03-20,44.4900016784668,44.63999938964844,44.18000030517578,44.369998931884766,22809700,34.81926727294922
CSCO,CSCO,2018-03-21,44.2400016784668,44.900001525878906,44.130001068115234,44.310001373291016,22528200,34.77219009399414
CSCO,CSCO,2018-03-22,43.7599983215332,44.02000045776367,43.02000045776367,43.06999969482422,29520800,33.79909133911133
CSCO,CSCO,2018-03-23,43.709999084472656,43.84000015258789,42.41999816894531,42.41999816894531,31759200,33.289005279541016
CSCO,CSCO,2018-03-26,43.25,44.15999984741211,42.83000183105469,44.060001373291016,29731900,34.575984954833984
CSCO,CSCO,2018-03-27,44.4900016784668,44.52000045776367,42.2400016784668,42.68000030517578,30942000,33.49304962158203
CSCO,CSCO,2018-03-28,42.5099983215332,42.84000015258789,41.619998931884766,41.65999984741211,36696800,32.692604064941406
CSCO,CSCO,2018-03-29,41.939998626708984,42.93000030517578,41.58000183105469,42.88999938964844,55021200,33.6578483581543
CSCO,CSCO,2018-04-02,42.52000045776367,42.630001068115234,40.529998779296875,41.0099983215332,36791800,32.182518005371094
CSCO,CSCO,2018-04-03,41.34000015258789,41.5,40.720001220703125,41.380001068115234,28003900,32.472877502441406
CSCO,CSCO,2018-04-04,40.38999938964844,41.54999923706055,40.189998626708984,41.20000076293945,30117600,32.59152603149414
CSCO,CSCO,2018-04-05,41.5,42.02000045776367,41.380001068115234,41.81999969482422,29331600,33.08198165893555
CSCO,CSCO,2018-04-06,41.400001525878906,41.68000030517578,40.45000076293945,40.72999954223633,32208700,32.21973419189453
CSCO,CSCO,2018-04-09,40.95000076293945,42.060001373291016,40.900001525878906,41.16999816894531,25725800,32.567806243896484
CSCO,CSCO,2018-04-10,42.099998474121094,42.709999084472656,41.75,42.5099983215332,22724400,33.627811431884766
CSCO,CSCO,2018-04-11,42.41999816894531,42.900001525878906,42.2599983215332,42.43000030517578,21693000,33.56452560424805
CSCO,CSCO,2018-04-12,42.779998779296875,43.63999938964844,42.72999954223633,43.34000015258789,22297000,34.28439712524414
CSCO,CSCO,2018-04-13,43.54999923706055,43.7400016784668,42.63999938964844,43.0,18272300,34.015438079833984
CSCO,CSCO,2018-04-16,43.119998931884766,43.63999938964844,43.029998779296875,43.29999923706055,15807900,34.252750396728516
CSCO,CSCO,2018-04-17,43.849998474121094,44.75,43.709999084472656,44.59000015258789,21474600,35.273216247558594
CSCO,CSCO,2018-04-18,44.61000061035156,44.91999816894531,44.29999923706055,44.630001068115234,17605300,35.30485534667969
CSCO,CSCO,2018-04-19,44.41999816894531,44.95000076293945,44.380001068115234,44.560001373291016,21472300,35.24947738647461
CSCO,CSCO,2018-04-20,44.5,44.75,43.619998931884766,44.09000015258789,23539200,34.877689361572266
CSCO,CSCO,2018-04-23,44.2599983215332,44.47999954223633,43.869998931884766,44.25,20716800,35.00425720214844
CSCO,CSCO,2018-04-24,44.43000030517578,44.90999984741211,43.33000183105469,43.7400016784668,21421500,34.6008186340332
CSCO,CSCO,2018-04-25,43.79999923706055,43.9900016784668,42.75,43.709999084472656,21706000,34.57707977294922
CSCO,CSCO,2018-04-26,43.97999954223633,44.4900016784668,43.439998626708984,44.209999084472656,20549300,34.972618103027344
CSCO,CSCO,2018-04-27,44.689998626708984,45.34000015258789,44.36000061035156,44.709999084472656,20077400,35.368141174316406
CSCO,CSCO,2018-04-30,44.91999816894531,45.18000030517578,44.279998779296875,44.290000915527344,19958500,35.03589630126953
CSCO,CSCO,2018-05-01,43.90999984741211,44.95000076293945,43.83000183105469,44.83000183105469,16865500,35.463069915771484
CSCO,CSCO,2018-05-02,44.90999984741211,45.04999923706055,43.79999923706055,43.86000061035156,23601600,34.69574737548828
CSCO,CSCO,2018-05-03,44.0099983215332,44.810001373291016,43.439998626708984,44.439998626708984,23750200,35.15456008911133
CSCO,CSCO,2018-05-04,44.0099983215332,45.5,43.900001525878906,45.29999923706055,19504100,35.83486557006836
CSCO,CSCO,2018-05-07,45.36000061035156,46.0,45.29999923706055,45.72999954223633,17822400,36.17502212524414
CSCO,CSCO,2018-05-08,45.81999969482422,45.869998931884766,45.380001068115234,45.709999084472656,20285300,36.159202575683594
CSCO,CSCO,2018-05-09,45.900001525878906,46.099998474121094,45.189998626708984,46.040000915527344,20438300,36.42025375366211
CSCO,CSCO,2018-05-10,46.0,46.369998931884766,45.66999816894531,46.29999923706055,18469400,36.62592315673828
CSCO,CSCO,2018-05-11,46.09000015258789,46.27000045776367,45.779998779296875,45.93000030517578,17551500,36.3332405090332
CSCO,CSCO,2018-05-14,45.75,46.22999954223633,45.66999816894531,45.70000076293945,22037700,36.151283264160156
CSCO,CSCO,2018-05-15,45.209999084472656,45.54999923706055,44.93000030517578,45.47999954223633,24753600,35.97724914550781
CSCO,CSCO,2018-05-16,45.36000061035156,45.54999923706055,45.0099983215332,45.15999984741211,31253700,35.724117279052734
CSCO,CSCO,2018-05-17,43.130001068115234,44.15999984741211,43.02000045776367,43.459999084472656,48210400,34.379310607910156
CSCO,CSCO,2018-05-18,43.459999084472656,43.56999969482422,43.11000061035156,43.209999084472656,24456000,34.18154525756836
CSCO,CSCO,2018-05-21,43.4900016784668,43.939998626708984,43.41999816894531,43.75,21785900,34.60873031616211
CSCO,CSCO,2018-05-22,43.790000915527344,43.90999984741211,43.47999954223633,43.650001525878906,16381800,34.529624938964844
CSCO,CSCO,2018-05-23,43.400001525878906,43.70000076293945,42.88999938964844,43.68000030517578,20638800,34.55335235595703
CSCO,CSCO,2018-05-24,43.599998474121094,43.970001220703125,43.0099983215332,43.56999969482422,18377500,34.466331481933594
CSCO,CSCO,2018-05-25,43.459999084472656,43.619998931884766,43.209999084472656,43.2599983215332,15362000,34.221107482910156
CSCO,CSCO,2018-05-29,42.7599983215332,43.15999984741211,42.52000045776367,42.970001220703125,25197400,33.99169921875
CSCO,CSCO,2018-05-30,43.08000183105469,43.34000015258789,42.83000183105469,42.849998474121094,22498800,33.89677047729492
CSCO,CSCO,2018-05-31,42.86000061035156,43.130001068115234,42.61000061035156,42.709999084472656,31439600,33.7860221862793
CSCO,CSCO,2018-06-01,42.90999984741211,43.689998626708984,42.880001068115234,43.65999984741211,18352700,34.53752517700195
CSCO,CSCO,2018-06-04,43.5,43.83000183105469,43.209999084472656,43.58000183105469,18087700,34.47425079345703
CSCO,CSCO,2018-06-05,43.7400016784668,43.75,43.38999938964844,43.66999816894531,16728800,34.545433044433594
CSCO,CSCO,2018-06-06,43.7599983215332,44.310001373291016,43.65999984741211,44.2599983215332,17730200,35.012168884277344
CSCO,CSCO,2018-06-07,44.2400016784668,44.38999938964844,43.349998474121094,43.650001525878906,19722000,34.529624938964844
CSCO,CSCO,2018-06-08,43.52000045776367,43.72999954223633,43.310001373291016,43.47999954223633,18812400,34.395137786865234
CSCO,CSCO,2018-06-11,43.619998931884766,43.91999816894531,43.439998626708984,43.689998626708984,15069000,34.56126022338867
CSCO,CSCO,2018-06-12,43.68000030517578,43.95000076293945,43.470001220703125,43.939998626708984,17564900,34.7590217590332
CSCO,CSCO,2018-06-13,44.02000045776367,44.529998779296875,43.84000015258789,44.0099983215332,24383200,34.81440734863281
CSCO,CSCO,2018-06-14,44.22999954223633,44.810001373291016,44.04999923706055,44.689998626708984,24020500,35.35232162475586
CSCO,CSCO,2018-06-15,44.36000061035156,44.529998779296875,43.59000015258789,44.25,49379800,35.00425720214844
CSCO,CSCO,2018-06-18,43.869998931884766,44.41999816894531,43.38999938964844,44.209999084472656,17625400,34.972618103027344
CSCO,CSCO,2018-06-19,43.619998931884766,44.02000045776367,43.439998626708984,43.81999969482422,22199200,34.66410446166992
CSCO,CSCO,2018-06-20,43.95000076293945,43.9900016784668,43.70000076293945,43.7400016784668,21276500,34.6008186340332
CSCO,CSCO,2018-06-21,43.689998626708984,43.779998779296875,43.060001373291016,43.15999984741211,20924400,34.14199447631836
CSCO,CSCO,2018-06-22,43.34000015258789,43.45000076293945,42.88999938964844,43.20000076293945,27460000,34.17365646362305
CSCO,CSCO,2018-06-25,42.689998626708984,42.81999969482422,41.810001373291016,42.290000915527344,28626700,33.45378112792969
CSCO,CSCO,2018-06-26,42.47999954223633,43.13999938964844,42.38999938964844,42.54999923706055,22171200,33.65945816040039
CSCO,CSCO,2018-06-27,42.72999954223633,43.150001525878906,42.279998779296875,42.33000183105469,20794800,33.48543167114258
CSCO,CSCO,2018-06-28,42.33000183105469,43.189998626708984,42.279998779296875,42.939998626708984,22197700,33.96797561645508
CSCO,CSCO,2018-06-29,43.04999923706055,43.5,42.970001220703125,43.029998779296875,20522900,34.03916931152344
CSCO,CSCO,2018-07-02,42.560001373291016,42.83000183105469,42.20000076293945,42.810001373291016,21810900,33.865135192871094
CSCO,CSCO,2018-07-03,42.939998626708984,43.22999954223633,42.619998931884766,42.66999816894531,13474700,33.754390716552734
CSCO,CSCO,2018-07-05,42.560001373291016,42.63999938964844,41.959999084472656,42.560001373291016,18118700,33.92977523803711
CSCO,CSCO,2018-07-06,42.38999938964844,42.880001068115234,42.310001373291016,42.709999084472656,20258300,34.04935073852539
CSCO,CSCO,2018-07-09,42.75,42.779998779296875,42.36000061035156,42.66999816894531,23210000,34.01747131347656
CSCO,CSCO,2018-07-10,42.869998931884766,43.040000915527344,42.709999084472656,42.86000061035156,20224600,34.168949127197266
CSCO,CSCO,2018-07-11,42.560001373291016,42.7599983215332,42.439998626708984,42.56999969482422,17721600,33.93773651123047
CSCO,CSCO,2018-07-12,42.7599983215332,43.630001068115234,42.75,43.58000183105469,17999500,34.742942810058594
CSCO,CSCO,2018-07-13,43.52000045776367,43.779998779296875,40.939998626708984,41.779998779296875,50831300,33.307945251464844
CSCO,CSCO,2018-07-16,42.04999923706055,42.939998626708984,42.0,42.5,24468000,33.88193893432617
CSCO,CSCO,2018-07-17,42.209999084472656,42.5099983215332,42.13999938964844,42.34000015258789,21188400,33.754390716552734
CSCO,CSCO,2018-07-18,42.2400016784668,42.470001220703125,42.150001525878906,42.209999084472656,20364000,33.65074157714844
CSCO,CSCO,2018-07-19,42.79999923706055,43.0099983215332,42.220001220703125,42.400001525878906,24498800,33.80222702026367
CSCO,CSCO,2018-07-20,42.2599983215332,42.369998931884766,41.86000061035156,42.0099983215332,20732100,33.491302490234375
CSCO,CSCO,2018-07-23,41.91999816894531,42.119998931884766,41.439998626708984,42.060001373291016,15656500,33.53115463256836
CSCO,CSCO,2018-07-24,42.220001220703125,42.880001068115234,42.06999969482422,42.38999938964844,17493900,33.794246673583984
CSCO,CSCO,2018-07-25,42.36000061035156,43.220001220703125,42.290000915527344,43.15999984741211,20658300,34.40810012817383
CSCO,CSCO,2018-07-26,43.58000183105469,43.83000183105469,43.220001220703125,43.529998779296875,23518700,34.70307922363281
CSCO,CSCO,2018-07-27,43.2599983215332,43.619998931884766,42.41999816894531,42.56999969482422,22050900,33.93773651123047
CSCO,CSCO,2018-07-30,42.459999084472656,42.61000061035156,42.08000183105469,42.16999816894531,15300400,33.618865966796875
CSCO,CSCO,2018-07-31,42.2400016784668,42.619998931884766,41.91999816894531,42.290000915527344,20900300,33.71451950073242
CSCO,CSCO,2018-08-01,41.9900016784668,42.34000015258789,41.33000183105469,41.86000061035156,21650000,33.3717155456543
CSCO,CSCO,2018-08-02,41.38999938964844,42.599998474121094,41.20000076293945,42.529998779296875,18033200,33.905860900878906
CSCO,CSCO,2018-08-03,42.709999084472656,42.880001068115234,42.459999084472656,42.83000183105469,13394300,34.145023345947266
CSCO,CSCO,2018-08-06,42.72999954223633,43.40999984741211,42.65999984741211,43.29999923706055,14345800,34.51972198486328
CSCO,CSCO,2018-08-07,43.29999923706055,43.63999938964844,43.2400016784668,43.58000183105469,18040500,34.742942810058594
CSCO,CSCO,2018-08-08,43.63999938964844,43.959999084472656,43.439998626708984,43.84000015258789,13917100,34.95021438598633
CSCO,CSCO,2018-08-09,43.88999938964844,44.11000061035156,43.70000076293945,43.779998779296875,14098900,34.902381896972656
CSCO,CSCO,2018-08-10,43.689998626708984,43.95000076293945,43.58000183105469,43.779998779296875,14322100,34.902381896972656
CSCO,CSCO,2018-08-13,44.08000183105469,44.38999938964844,43.70000076293945,43.75,18113200,34.878475189208984
CSCO,CSCO,2018-08-14,43.84000015258789,44.279998779296875,43.58000183105469,44.0,15981300,35.07777404785156
CSCO,CSCO,2018-08-15,43.65999984741211,44.5,43.0099983215332,43.86000061035156,27902200,34.96615982055664
CSCO,CSCO,2018-08-16,45.77000045776367,46.09000015258789,45.08000183105469,45.15999984741211,48648500,36.00255584716797
CSCO,CSCO,2018-08-17,45.099998474121094,46.08000183105469,44.91999816894531,45.869998931884766,23153900,36.5685920715332
CSCO,CSCO,2018-08-20,45.9900016784668,46.33000183105469,45.779998779296875,46.220001220703125,19288500,36.84761428833008
CSCO,CSCO,2018-08-21,46.25,46.43000030517578,45.720001220703125,45.779998779296875,18617300,36.496822357177734
CSCO,CSCO,2018-08-22,45.95000076293945,46.15999984741211,45.720001220703125,45.9900016784668,13202900,36.664241790771484
CSCO,CSCO,2018-08-23,45.880001068115234,46.25,45.849998474121094,46.02000045776367,15379000,36.688175201416016
CSCO,CSCO,2018-08-24,46.20000076293945,46.439998626708984,46.06999969482422,46.31999969482422,15575200,36.92733383178711
CSCO,CSCO,2018-08-27,46.5,46.86000061035156,46.34000015258789,46.59000015258789,17209900,37.142574310302734
CSCO,CSCO,2018-08-28,46.779998779296875,47.27000045776367,46.619998931884766,46.95000076293945,19147300,37.429588317871094
CSCO,CSCO,2018-08-29,47.06999969482422,47.619998931884766,46.900001525878906,47.47999954223633,20220600,37.85211181640625
CSCO,CSCO,2018-08-30,47.310001373291016,47.540000915527344,46.970001220703125,47.150001525878906,16238500,37.589027404785156
CSCO,CSCO,2018-08-31,46.90999984741211,47.83000183105469,46.79999923706055,47.77000045776367,24904200,38.083309173583984
CSCO,CSCO,2018-09-04,47.84000015258789,48.060001373291016,47.5099983215332,47.72999954223633,19122200,38.051414489746094
CSCO,CSCO,2018-09-05,47.560001373291016,47.650001525878906,46.7599983215332,47.27000045776367,20818100,37.6846923828125
CSCO,CSCO,2018-09-06,47.439998626708984,47.900001525878906,47.06999969482422,47.279998779296875,16537600,37.692665100097656
CSCO,CSCO,2018-09-07,47.0099983215332,47.4900016784668,46.880001068115234,47.04999923706055,17229700,37.509307861328125
CSCO,CSCO,2018-09-10,47.29999923706055,47.459999084472656,46.779998779296875,47.06999969482422,16597200,37.525245666503906
CSCO,CSCO,2018-09-11,46.90999984741211,47.16999816894531,46.439998626708984,47.029998779296875,17291500,37.49335861206055
CSCO,CSCO,2018-09-12,46.86000061035156,47.0099983215332,46.439998626708984,46.88999938964844,16649400,37.381744384765625
CSCO,CSCO,2018-09-13,46.84000015258789,47.400001525878906,46.79999923706055,47.2400016784668,17972100,37.6607780456543
CSCO,CSCO,2018-09-14,47.27000045776367,47.4900016784668,47.099998474121094,47.400001525878906,13937000,37.78832244873047
CSCO,CSCO,2018-09-17,47.22999954223633,47.58000183105469,47.06999969482422,47.11000061035156,14430200,37.55712890625
CSCO,CSCO,2018-09-18,47.06999969482422,47.650001525878906,47.06999969482422,47.459999084472656,16469600,37.836158752441406
CSCO,CSCO,2018-09-19,47.41999816894531,47.619998931884766,47.119998931884766,47.279998779296875,12721900,37.692665100097656
CSCO,CSCO,2018-09-20,47.40999984741211,47.810001373291016,47.15999984741211,47.72999954223633,17007800,38.051414489746094
CSCO,CSCO,2018-09-21,47.93000030517578,48.63999938964844,47.81999969482422,48.560001373291016,59664600,38.71310806274414
CSCO,CSCO,2018-09-24,48.209999084472656,48.619998931884766,48.189998626708984,48.439998626708984,21819300,38.61745071411133
CSCO,CSCO,2018-09-25,48.56999969482422,48.880001068115234,48.43000030517578,48.470001220703125,15810800,38.641353607177734
CSCO,CSCO,2018-09-26,48.7400016784668,49.060001373291016,48.27000045776367,48.40999984741211,20080100,38.59352493286133
CSCO,CSCO,2018-09-27,48.33000183105469,48.7599983215332,48.209999084472656,48.33000183105469,15910100,38.52974319458008
CSCO,CSCO,2018-09-28,48.27000045776367,48.79999923706055,48.060001373291016,48.650001525878906,15474300,38.784854888916016
CSCO,CSCO,2018-10-01,49.0,49.13999938964844,48.66999816894531,48.869998931884766,13669500,38.96025085449219
CSCO,CSCO,2018-10-02,48.75,49.13999938964844,48.66999816894531,49.0099983215332,15671600,39.07186508178711
CSCO,CSCO,2018-10-03,49.2599983215332,49.470001220703125,49.06999969482422,49.13999938964844,16737500,39.17550277709961
CSCO,CSCO,2018-10-04,48.630001068115234,48.77000045776367,48.040000915527344,48.380001068115234,22110900,38.83037185668945
CSCO,CSCO,2018-10-05,48.400001525878906,48.849998474121094,47.61000061035156,48.130001068115234,19103300,38.62971878051758
CSCO,CSCO,2018-10-08,47.91999816894531,48.5,47.150001525878906,47.52000045776367,23791400,38.140132904052734
CSCO,CSCO,2018-10-09,47.529998779296875,48.029998779296875,47.279998779296875,47.4900016784668,17008400,38.11604309082031
CSCO,CSCO,2018-10-10,47.439998626708984,47.5099983215332,45.540000915527344,45.630001068115234,33055800,36.62318801879883
CSCO,CSCO,2018-10-11,45.459999084472656,45.599998474121094,43.91999816894531,44.119998931884766,36496300,35.4112434387207
CSCO,CSCO,2018-10-12,44.93000030517578,45.849998474121094,44.459999084472656,45.709999084472656,35424000,36.68739700317383
CSCO,CSCO,2018-10-15,45.52000045776367,45.720001220703125,44.66999816894531,44.66999816894531,26160500,35.852684020996094
CSCO,CSCO,2018-10-16,45.290000915527344,45.939998626708984,44.849998474121094,45.81999969482422,22669400,36.775672912597656
CSCO,CSCO,2018-10-17,45.88999938964844,46.22999954223633,45.220001220703125,45.939998626708984,17803400,36.87200164794922
CSCO,CSCO,2018-10-18,46.29999923706055,46.4900016784668,45.150001525878906,45.459999084472656,19044600,36.48674392700195
CSCO,CSCO,2018-10-19,45.400001525878906,46.20000076293945,45.130001068115234,45.34000015258789,21356300,36.39043426513672
CSCO,CSCO,2018-10-22,45.77000045776367,46.279998779296875,45.40999984741211,45.7599983215332,19195400,36.7275276184082
CSCO,CSCO,2018-10-23,45.150001525878906,45.77000045776367,44.439998626708984,45.41999816894531,21836200,36.45464324951172
CSCO,CSCO,2018-10-24,45.4900016784668,45.68000030517578,43.959999084472656,44.06999969482422,29588800,35.371097564697266
CSCO,CSCO,2018-10-25,44.619998931884766,45.810001373291016,44.209999084472656,45.470001220703125,27054500,36.49476623535156
CSCO,CSCO,2018-10-26,44.56999969482422,45.11000061035156,43.779998779296875,44.25,31806600,35.51557540893555
CSCO,CSCO,2018-10-29,44.88999938964844,45.04999923706055,42.939998626708984,43.84000015258789,28214200,35.18651580810547
CSCO,CSCO,2018-10-30,43.91999816894531,44.70000076293945,43.75,44.58000183105469,25924600,35.78045654296875
CSCO,CSCO,2018-10-31,45.04999923706055,46.29999923706055,44.88999938964844,45.75,26023700,36.71949768066406
CSCO,CSCO,2018-11-01,45.66999816894531,45.880001068115234,45.099998474121094,45.650001525878906,24662100,36.639244079589844
CSCO,CSCO,2018-11-02,45.720001220703125,46.09000015258789,44.97999954223633,45.47999954223633,25581300,36.502803802490234
CSCO,CSCO,2018-11-05,45.7400016784668,46.439998626708984,45.349998474121094,46.13999938964844,17525200,37.032527923583984
CSCO,CSCO,2018-11-06,46.040000915527344,46.619998931884766,46.0,46.5,15446700,37.32146072387695
CSCO,CSCO,2018-11-07,46.97999954223633,47.93000030517578,46.75,47.900001525878906,19990400,38.44512939453125
CSCO,CSCO,2018-11-08,47.869998931884766,48.439998626708984,47.869998931884766,48.439998626708984,21002000,38.878536224365234
CSCO,CSCO,2018-11-09,48.08000183105469,48.25,46.70000076293945,47.11000061035156,22015400,37.811058044433594
CSCO,CSCO,2018-11-12,47.13999938964844,47.25,45.540000915527344,45.619998931884766,25913500,36.61515808105469
CSCO,CSCO,2018-11-13,45.70000076293945,46.060001373291016,45.029998779296875,45.119998931884766,26196700,36.21385955810547
CSCO,CSCO,2018-11-14,45.459999084472656,45.63999938964844,44.08000183105469,44.33000183105469,36613500,35.57979965209961
CSCO,CSCO,2018-11-15,46.79999923706055,47.099998474121094,45.150001525878906,46.77000045776367,45983300,37.538169860839844
CSCO,CSCO,2018-11-16,46.459999084472656,47.040000915527344,46.130001068115234,46.349998474121094,31327400,37.20107650756836
CSCO,CSCO,2018-11-19,46.349998474121094,46.58000183105469,45.25,45.75,28370400,36.71949768066406
CSCO,CSCO,2018-11-20,44.91999816894531,45.290000915527344,44.13999938964844,44.4900016784668,28430600,35.70820617675781
CSCO,CSCO,2018-11-21,44.95000076293945,45.18000030517578,44.400001525878906,44.88999938964844,20117400,36.02925109863281
CSCO,CSCO,2018-11-23,44.45000076293945,45.119998931884766,44.38999938964844,44.540000915527344,9372900,35.74834060668945
CSCO,CSCO,2018-11-26,45.13999938964844,45.63999938964844,45.09000015258789,45.56999969482422,18275900,36.575035095214844
CSCO,CSCO,2018-11-27,45.45000076293945,46.38999938964844,45.209999084472656,46.119998931884766,21472700,37.01647186279297
CSCO,CSCO,2018-11-28,46.29999923706055,47.47999954223633,46.119998931884766,47.290000915527344,24293800,37.955528259277344
CSCO,CSCO,2018-11-29,46.900001525878906,47.7599983215332,46.900001525878906,47.34000015258789,22650800,37.99565505981445
CSCO,CSCO,2018-11-30,47.27000045776367,47.90999984741211,46.91999816894531,47.869998931884766,41619100,38.42103576660156
CSCO,CSCO,2018-12-03,48.31999969482422,48.790000915527344,48.08000183105469,48.7400016784668,24690100,39.11931228637695
CSCO,CSCO,2018-12-04,48.70000076293945,49.13999938964844,47.25,47.349998474121094,30802700,38.003684997558594
CSCO,CSCO,2018-12-06,46.9900016784668,48.459999084472656,46.470001220703125,48.38999938964844,40133000,38.838401794433594
CSCO,CSCO,2018-12-07,48.15999984741211,48.4900016784668,46.36000061035156,46.439998626708984,38298000,37.2733039855957
CSCO,CSCO,2018-12-10,46.29999923706055,47.130001068115234,45.81999969482422,46.86000061035156,28682000,37.61040115356445
CSCO,CSCO,2018-12-11,47.86000061035156,47.900001525878906,46.709999084472656,47.09000015258789,26048500,37.795005798339844
CSCO,CSCO,2018-12-12,47.91999816894531,48.20000076293945,47.36000061035156,47.41999816894531,23157200,38.05986022949219
CSCO,CSCO,2018-12-13,47.68000030517578,47.970001220703125,47.130001068115234,47.470001220703125,20051700,38.100006103515625
CSCO,CSCO,2018-12-14,46.369998931884766,46.619998931884766,45.63999938964844,45.81999969482422,27364500,36.775672912597656
CSCO,CSCO,2018-12-17,45.81999969482422,45.9900016784668,43.90999984741211,44.20000076293945,36610300,35.475460052490234
CSCO,CSCO,2018-12-18,44.54999923706055,44.61000061035156,43.72999954223633,44.060001373291016,30513800,35.36308670043945
CSCO,CSCO,2018-12-19,43.88999938964844,44.91999816894531,42.56999969482422,43.13999938964844,34820100,34.624691009521484
CSCO,CSCO,2018-12-20,42.9900016784668,43.22999954223633,41.869998931884766,42.4900016784668,38810900,34.102996826171875
CSCO,CSCO,2018-12-21,42.90999984741211,43.459999084472656,41.7400016784668,41.849998474121094,77915100,33.58930969238281
CSCO,CSCO,2018-12-24,41.70000076293945,41.810001373291016,40.25,40.279998779296875,24069400,32.32920837402344
CSCO,CSCO,2018-12-26,40.68000030517578,42.5,40.400001525878906,42.470001220703125,33335900,34.08694076538086
CSCO,CSCO,2018-12-27,41.88999938964844,42.93000030517578,41.150001525878906,42.90999984741211,28404100,34.44009017944336
CSCO,CSCO,2018-12-28,43.16999816894531,43.529998779296875,42.459999084472656,42.77000045776367,22447300,34.327720642089844
CSCO,CSCO,2018-12-31,43.189998626708984,43.54999923706055,42.88999938964844,43.33000183105469,20581200,34.77717208862305
CSCO,CSCO,2019-01-02,42.279998779296875,43.20000076293945,42.209999084472656,42.95000076293945,23833500,34.47218704223633
CSCO,CSCO,2019-01-03,42.29999923706055,42.40999984741211,40.959999084472656,41.06999969482422,29606700,33.218509674072266
CSCO,CSCO,2019-01-04,41.849998474121094,43.0,41.529998779296875,42.91999816894531,27515000,34.714839935302734
CSCO,CSCO,2019-01-07,42.86000061035156,43.650001525878906,42.7599983215332,43.209999084472656,19488100,34.94939422607422
CSCO,CSCO,2019-01-08,43.56999969482422,43.939998626708984,43.099998474121094,43.560001373291016,22071400,35.232486724853516
CSCO,CSCO,2019-01-09,43.869998931884766,43.869998931884766,43.16999816894531,43.31999969482422,22640000,35.038368225097656
CSCO,CSCO,2019-01-10,43.11000061035156,43.290000915527344,42.58000183105469,43.2400016784668,23277600,34.973670959472656
CSCO,CSCO,2019-01-11,43.11000061035156,43.540000915527344,42.88999938964844,43.4900016784668,17378400,35.17587661743164
CSCO,CSCO,2019-01-14,43.08000183105469,43.38999938964844,43.0,43.209999084472656,16243600,34.94939422607422
CSCO,CSCO,2019-01-15,43.33000183105469,44.040000915527344,43.150001525878906,44.02000045776367,17744100,35.604549407958984
CSCO,CSCO,2019-01-16,44.119998931884766,44.2400016784668,43.7599983215332,43.959999084472656,17262500,35.55602264404297
CSCO,CSCO,2019-01-17,43.869998931884766,44.529998779296875,43.79999923706055,44.209999084472656,18826200,35.75822448730469
CSCO,CSCO,2019-01-18,44.47999954223633,45.349998474121094,44.310001373291016,45.029998779296875,24416500,36.42146682739258
CSCO,CSCO,2019-01-22,44.880001068115234,45.2400016784668,44.380001068115234,44.779998779296875,21338400,36.21925354003906
CSCO,CSCO,2019-01-23,45.13999938964844,45.880001068115234,45.02000045776367,45.459999084472656,24770400,36.76925277709961
CSCO,CSCO,2019-01-24,45.630001068115234,45.75,45.22999954223633,45.61000061035156,17360600,36.89058303833008
CSCO,CSCO,2019-01-25,46.119998931884766,46.65999984741211,45.95000076293945,46.130001068115234,24196600,37.311180114746094
CSCO,CSCO,2019-01-28,45.72999954223633,45.77000045776367,45.22999954223633,45.75,18296700,37.003822326660156
CSCO,CSCO,2019-01-29,45.810001373291016,46.04999923706055,45.650001525878906,45.959999084472656,14470100,37.17367172241211
CSCO,CSCO,2019-01-30,45.939998626708984,46.93000030517578,45.91999816894531,46.709999084472656,18329300,37.78029251098633
CSCO,CSCO,2019-01-31,46.720001220703125,47.380001068115234,46.52000045776367,47.290000915527344,23693600,38.24941635131836
CSCO,CSCO,2019-02-01,47.369998931884766,47.560001373291016,47.04999923706055,47.34000015258789,16266500,38.28984451293945
CSCO,CSCO,2019-02-04,47.220001220703125,47.470001220703125,47.119998931884766,47.349998474121094,15743100,38.297943115234375
CSCO,CSCO,2019-02-05,47.41999816894531,47.459999084472656,47.08000183105469,47.2599983215332,16946300,38.225135803222656
CSCO,CSCO,2019-02-06,47.119998931884766,47.59000015258789,46.95000076293945,47.47999954223633,18160500,38.40308380126953
CSCO,CSCO,2019-02-07,47.189998626708984,47.31999969482422,46.4900016784668,46.70000076293945,20331200,37.77220916748047
CSCO,CSCO,2019-02-08,46.400001525878906,47.20000076293945,46.29999923706055,47.189998626708984,18407100,38.16852569580078
CSCO,CSCO,2019-02-11,47.34000015258789,47.709999084472656,47.130001068115234,47.58000183105469,19363600,38.48398208618164
CSCO,CSCO,2019-02-12,47.27000045776367,48.150001525878906,47.15999984741211,47.88999938964844,23909200,38.73470687866211
CSCO,CSCO,2019-02-13,47.86000061035156,47.95000076293945,47.119998931884766,47.5,28325600,38.41926193237305
CSCO,CSCO,2019-02-14,48.849998474121094,49.68000030517578,48.34000015258789,48.400001525878906,47598600,39.1472053527832
CSCO,CSCO,2019-02-15,48.83000183105469,49.59000015258789,48.439998626708984,49.43000030517578,30189600,39.98030471801758
CSCO,CSCO,2019-02-19,49.20000076293945,49.93000030517578,49.20000076293945,49.650001525878906,20204500,40.15823745727539
CSCO,CSCO,2019-02-20,49.70000076293945,49.79999923706055,49.349998474121094,49.630001068115234,17550900,40.14206314086914
CSCO,CSCO,2019-02-21,49.540000915527344,49.720001220703125,49.20000076293945,49.40999984741211,17120600,39.9641227722168
CSCO,CSCO,2019-02-22,49.70000076293945,50.220001220703125,49.58000183105469,50.11000061035156,22008100,40.53030014038086
CSCO,CSCO,2019-02-25,50.34000015258789,51.0,50.34000015258789,50.790000915527344,24264300,41.08030319213867
CSCO,CSCO,2019-02-26,50.5099983215332,51.40999984741211,50.47999954223633,51.18000030517578,19382500,41.39574432373047
CSCO,CSCO,2019-02-27,51.209999084472656,51.650001525878906,50.88999938964844,51.59000015258789,19940900,41.727359771728516
CSCO,CSCO,2019-02-28,51.54999923706055,51.959999084472656,51.349998474121094,51.77000045776367,30708500,41.872947692871094
CSCO,CSCO,2019-03-01,52.0,52.09000015258789,51.27000045776367,51.40999984741211,23683700,41.5817756652832
CSCO,CSCO,2019-03-04,51.650001525878906,51.91999816894531,50.630001068115234,51.15999984741211,18725900,41.37956619262695
CSCO,CSCO,2019-03-05,51.119998931884766,51.5099983215332,50.970001220703125,51.29999923706055,14994200,41.492794036865234
CSCO,CSCO,2019-03-06,51.369998931884766,51.790000915527344,50.91999816894531,51.66999816894531,19686900,41.79206085205078
CSCO,CSCO,2019-03-07,51.54999923706055,51.970001220703125,51.209999084472656,51.290000915527344,22209200,41.484718322753906
CSCO,CSCO,2019-03-08,50.720001220703125,51.130001068115234,50.5099983215332,51.06999969482422,18182200,41.3067741394043
CSCO,CSCO,2019-03-11,51.13999938964844,52.09000015258789,51.099998474121094,51.91999816894531,17859300,41.99427795410156
CSCO,CSCO,2019-03-12,52.0099983215332,52.279998779296875,51.68000030517578,52.150001525878906,19485300,42.18031692504883
CSCO,CSCO,2019-03-13,52.40999984741211,52.86000061035156,52.13999938964844,52.59000015258789,20568000,42.536197662353516
CSCO,CSCO,2019-03-14,52.630001068115234,52.959999084472656,52.5099983215332,52.7400016784668,19215900,42.65751647949219
CSCO,CSCO,2019-03-15,52.939998626708984,53.619998931884766,52.93000030517578,53.20000076293945,43670700,43.029579162597656
CSCO,CSCO,2019-03-18,53.27000045776367,53.939998626708984,53.09000015258789,53.5099983215332,19073800,43.28030776977539
CSCO,CSCO,2019-03-19,53.790000915527344,54.0,53.13999938964844,53.310001373291016,20596400,43.11854553222656
CSCO,CSCO,2019-03-20,53.15999984741211,53.869998931884766,52.86000061035156,53.2599983215332,21140800,43.07809829711914
CSCO,CSCO,2019-03-21,53.08000183105469,54.22999954223633,53.040000915527344,53.939998626708984,20082700,43.62810516357422
CSCO,CSCO,2019-03-22,53.90999984741211,54.13999938964844,52.70000076293945,52.7400016784668,23938500,42.65751647949219
CSCO,CSCO,2019-03-25,52.70000076293945,52.93000030517578,52.25,52.72999954223633,18774900,42.64942169189453
CSCO,CSCO,2019-03-26,53.189998626708984,53.4900016784668,53.0,53.22999954223633,17742700,43.05384063720703
CSCO,CSCO,2019-03-27,53.29999923706055,53.65999984741211,52.7400016784668,53.13999938964844,20447500,42.98103713989258
CSCO,CSCO,2019-03-28,53.189998626708984,53.689998626708984,53.02000045776367,53.36000061035156,13095000,43.15898513793945
CSCO,CSCO,2019-03-29,53.70000076293945,54.0,53.36000061035156,53.9900016784668,19582300,43.668556213378906
CSCO,CSCO,2019-04-01,54.47999954223633,55.02000045776367,54.38999938964844,54.97999954223633,19741700,44.46927261352539
CSCO,CSCO,2019-04-02,55.0,55.40999984741211,54.970001220703125,55.290000915527344,17264000,44.72002410888672
CSCO,CSCO,2019-04-03,55.459999084472656,55.79999923706055,55.06999969482422,55.630001068115234,21110400,44.99502944946289
CSCO,CSCO,2019-04-04,55.369998931884766,55.68000030517578,54.86000061035156,55.13999938964844,16412100,44.88106918334961
CSCO,CSCO,2019-04-05,55.25,55.61000061035156,55.130001068115234,55.209999084472656,13817500,44.938053131103516
CSCO,CSCO,2019-04-08,55.20000076293945,55.560001373291016,54.790000915527344,55.4900016784668,13862800,45.165950775146484
CSCO,CSCO,2019-04-09,55.08000183105469,55.41999816894531,54.86000061035156,55.18000030517578,15508400,44.91362762451172
CSCO,CSCO,2019-04-10,55.11000061035156,55.84000015258789,55.11000061035156,55.81999969482422,13460200,45.4345588684082
CSCO,CSCO,2019-04-11,55.93000030517578,55.95000076293945,55.310001373291016,55.599998474121094,13186000,45.2554817199707
CSCO,CSCO,2019-04-12,55.93000030517578,56.36000061035156,55.790000915527344,56.290000915527344,14331700,45.817108154296875
CSCO,CSCO,2019-04-15,56.400001525878906,56.61000061035156,56.2400016784668,56.560001373291016,12198400,46.0368766784668
CSCO,CSCO,2019-04-16,56.619998931884766,57.529998779296875,56.61000061035156,56.95000076293945,19718300,46.35433578491211
CSCO,CSCO,2019-04-17,57.18000030517578,57.31999969482422,56.290000915527344,56.310001373291016,26093600,45.8333854675293
CSCO,CSCO,2019-04-18,56.630001068115234,56.70000076293945,56.11000061035156,56.400001525878906,18332000,45.906654357910156
CSCO,CSCO,2019-04-22,56.15999984741211,56.599998474121094,56.099998474121094,56.34000015258789,11951500,45.85782241821289
CSCO,CSCO,2019-04-23,56.43000030517578,56.70000076293945,56.20000076293945,56.689998626708984,18796600,46.14268112182617
CSCO,CSCO,2019-04-24,56.63999938964844,57.150001525878906,56.58000183105469,56.880001068115234,13212000,46.297340393066406
CSCO,CSCO,2019-04-25,56.459999084472656,56.779998779296875,56.0099983215332,56.33000183105469,15526900,45.84966278076172
CSCO,CSCO,2019-04-26,56.02000045776367,56.369998931884766,55.68000030517578,55.880001068115234,18010900,45.483394622802734
CSCO,CSCO,2019-04-29,55.66999816894531,56.220001220703125,55.54999923706055,56.130001068115234,16259500,45.6868782043457
CSCO,CSCO,2019-04-30,56.0,56.119998931884766,55.529998779296875,55.95000076293945,20846000,45.54037094116211
CSCO,CSCO,2019-05-01,56.0,56.349998474121094,55.5099983215332,55.58000183105469,17648500,45.23921585083008
CSCO,CSCO,2019-05-02,55.47999954223633,55.88999938964844,54.81999969482422,54.939998626708984,24220600,44.718284606933594
CSCO,CSCO,2019-05-03,54.63999938964844,54.9900016784668,54.18000030517578,54.939998626708984,26887100,44.718284606933594
CSCO,CSCO,2019-05-06,53.86000061035156,54.7599983215332,53.560001373291016,54.59000015258789,17025900,44.43340301513672
CSCO,CSCO,2019-05-07,53.86000061035156,54.2400016784668,52.939998626708984,53.45000076293945,25289700,43.50550079345703
CSCO,CSCO,2019-05-08,53.16999816894531,53.939998626708984,53.130001068115234,53.470001220703125,21525100,43.52178192138672
CSCO,CSCO,2019-05-09,52.81999969482422,53.209999084472656,52.22999954223633,52.91999816894531,24322800,43.07410430908203
CSCO,CSCO,2019-05-10,52.61000061035156,53.54999923706055,51.95000076293945,53.36000061035156,21795900,43.432247161865234
CSCO,CSCO,2019-05-13,51.83000183105469,52.2599983215332,51.060001373291016,51.29999923706055,28869900,41.75550842285156
CSCO,CSCO,2019-05-14,51.45000076293945,52.439998626708984,51.380001068115234,52.02000045776367,25478300,42.341556549072266
CSCO,CSCO,2019-05-15,51.7599983215332,52.709999084472656,51.689998626708984,52.439998626708984,30577200,42.68341064453125
CSCO,CSCO,2019-05-16,54.27000045776367,56.400001525878906,54.119998931884766,55.93000030517578,46057800,45.52409362792969
CSCO,CSCO,2019-05-17,55.779998779296875,56.83000183105469,55.52000045776367,56.349998474121094,27299300,45.865943908691406
CSCO,CSCO,2019-05-20,55.79999923706055,56.38999938964844,55.54999923706055,56.0099983215332,21004100,45.58920669555664
CSCO,CSCO,2019-05-21,56.68000030517578,56.75,56.130001068115234,56.52000045776367,18562300,46.00432205200195
CSCO,CSCO,2019-05-22,56.220001220703125,56.29999923706055,55.66999816894531,55.689998626708984,19479200,45.3287467956543
CSCO,CSCO,2019-05-23,54.90999984741211,55.0099983215332,53.939998626708984,54.189998626708984,22734200,44.107826232910156
CSCO,CSCO,2019-05-24,54.56999969482422,54.66999816894531,54.060001373291016,54.369998931884766,13057600,44.25431823730469
CSCO,CSCO,2019-05-28,54.7400016784668,55.029998779296875,53.81999969482422,53.93000030517578,29769200,43.89619827270508
CSCO,CSCO,2019-05-29,53.54999923706055,53.54999923706055,52.86000061035156,53.18000030517578,19762100,43.28573989868164
CSCO,CSCO,2019-05-30,53.439998626708984,53.779998779296875,53.34000015258789,53.56999969482422,12954300,43.60317611694336
CSCO,CSCO,2019-05-31,52.790000915527344,52.880001068115234,52.0099983215332,52.029998779296875,20480400,42.34968948364258
CSCO,CSCO,2019-06-03,52.04999923706055,52.56999969482422,51.4900016784668,51.779998779296875,22380500,42.14621353149414
CSCO,CSCO,2019-06-04,52.47999954223633,53.63999938964844,52.40999984741211,53.22999954223633,21689300,43.3264274597168
CSCO,CSCO,2019-06-05,53.849998474121094,54.790000915527344,53.75,54.75,22521900,44.56362533569336
CSCO,CSCO,2019-06-06,54.88999938964844,55.29999923706055,54.209999084472656,55.099998474121094,15927300,44.848514556884766
CSCO,CSCO,2019-06-07,55.40999984741211,56.29999923706055,55.029998779296875,55.93000030517578,17394900,45.52409362792969
CSCO,CSCO,2019-06-10,56.13999938964844,56.650001525878906,55.959999084472656,56.41999816894531,16871000,45.92292022705078
CSCO,CSCO,2019-06-11,56.7400016784668,57.560001373291016,56.72999954223633,57.11000061035156,26723700,46.484554290771484
CSCO,CSCO,2019-06-12,56.04999923706055,56.59000015258789,55.650001525878906,55.86000061035156,23183000,45.46711349487305
CSCO,CSCO,2019-06-13,55.91999816894531,56.27000045776367,55.779998779296875,56.16999816894531,15785300,45.71942901611328
CSCO,CSCO,2019-06-14,55.9900016784668,56.02000045776367,54.65999984741211,54.75,22530500,44.56362533569336
CSCO,CSCO,2019-06-17,54.9900016784668,55.470001220703125,54.86000061035156,55.400001525878906,20392600,45.09270477294922
CSCO,CSCO,2019-06-18,56.06999969482422,56.650001525878906,55.75,56.04999923706055,21173200,45.62176513671875
CSCO,CSCO,2019-06-19,56.040000915527344,56.369998931884766,55.77000045776367,56.130001068115234,21096300,45.6868782043457
CSCO,CSCO,2019-06-20,57.0,57.540000915527344,56.68000030517578,57.40999984741211,20969800,46.72873306274414
CSCO,CSCO,2019-06-21,57.40999984741211,58.150001525878906,56.97999954223633,57.029998779296875,57588800,46.419429779052734
CSCO,CSCO,2019-06-24,57.25,57.290000915527344,56.689998626708984,57.18000030517578,17794100,46.541526794433594
CSCO,CSCO,2019-06-25,57.060001373291016,57.20000076293945,56.0099983215332,56.08000183105469,25520600,45.64617919921875
CSCO,CSCO,2019-06-26,56.540000915527344,57.04999923706055,56.36000061035156,56.599998474121094,19286100,46.06943130493164
CSCO,CSCO,2019-06-27,56.939998626708984,57.25,55.470001220703125,55.72999954223633,23959900,45.361297607421875
CSCO,CSCO,2019-06-28,55.90999984741211,55.97999954223633,54.029998779296875,54.72999954223633,103123400,44.54734420776367
CSCO,CSCO,2019-07-01,55.2599983215332,55.349998474121094,54.22999954223633,54.7400016784668,28410000,44.55548858642578
CSCO,CSCO,2019-07-02,54.83000183105469,55.91999816894531,54.779998779296875,55.810001373291016,20307100,45.426414489746094
CSCO,CSCO,2019-07-03,55.77000045776367,56.540000915527344,55.540000915527344,56.47999954223633,13866800,46.26188659667969
CSCO,CSCO,2019-07-05,56.0,56.72999954223633,55.709999084472656,56.599998474121094,14273900,46.36017608642578
CSCO,CSCO,2019-07-08,56.25,56.47999954223633,55.959999084472656,56.189998626708984,15835100,46.02434539794922
CSCO,CSCO,2019-07-09,56.369998931884766,56.689998626708984,56.040000915527344,56.34000015258789,19564000,46.147220611572266
CSCO,CSCO,2019-07-10,56.689998626708984,57.650001525878906,56.599998474121094,57.130001068115234,19362600,46.79428482055664
CSCO,CSCO,2019-07-11,57.369998931884766,57.619998931884766,56.91999816894531,57.29999923706055,15994600,46.93353271484375
CSCO,CSCO,2019-07-12,57.58000183105469,57.9900016784668,57.56999969482422,57.95000076293945,13660400,47.46593475341797
CSCO,CSCO,2019-07-15,58.0,58.22999954223633,57.869998931884766,58.04999923706055,8809700,47.5478401184082
CSCO,CSCO,2019-07-16,58.130001068115234,58.2599983215332,57.459999084472656,57.619998931884766,11501100,47.19563674926758
CSCO,CSCO,2019-07-17,57.56999969482422,57.790000915527344,57.189998626708984,57.209999084472656,9266900,46.85982131958008
CSCO,CSCO,2019-07-18,57.04999923706055,57.790000915527344,56.900001525878906,57.7400016784668,10287400,47.29393768310547
CSCO,CSCO,2019-07-19,57.810001373291016,58.06999969482422,57.31999969482422,57.36000061035156,13882400,46.98268127441406
CSCO,CSCO,2019-07-22,57.459999084472656,58.0099983215332,57.369998931884766,57.72999954223633,10485600,47.285736083984375
CSCO,CSCO,2019-07-23,58.060001373291016,58.099998474121094,57.47999954223633,57.709999084472656,12692200,47.26935577392578
CSCO,CSCO,2019-07-24,57.58000183105469,57.68000030517578,57.11000061035156,57.22999954223633,18177000,46.87620162963867
CSCO,CSCO,2019-07-25,57.36000061035156,57.5,56.369998931884766,56.619998931884766,15127200,46.37655258178711
CSCO,CSCO,2019-07-26,56.68000030517578,56.84000015258789,56.369998931884766,56.529998779296875,15243000,46.302833557128906
CSCO,CSCO,2019-07-29,56.689998626708984,57.150001525878906,56.540000915527344,56.93000030517578,12051100,46.63047409057617
CSCO,CSCO,2019-07-30,56.849998474121094,56.900001525878906,56.349998474121094,56.470001220703125,9623400,46.25368881225586
CSCO,CSCO,2019-07-31,56.33000183105469,56.83000183105469,54.900001525878906,55.400001525878906,17441200,45.37727737426758
CSCO,CSCO,2019-08-01,55.84000015258789,56.88999938964844,55.15999984741211,55.38999938964844,19020600,45.36907958984375
CSCO,CSCO,2019-08-02,54.220001220703125,54.31999969482422,52.58000183105469,53.25,29021900,43.61623764038086
CSCO,CSCO,2019-08-05,52.38999938964844,52.540000915527344,50.939998626708984,51.369998931884766,29931800,42.07635498046875
CSCO,CSCO,2019-08-06,51.95000076293945,52.72999954223633,51.599998474121094,52.599998474121094,20708400,43.083831787109375
CSCO,CSCO,2019-08-07,51.83000183105469,52.4900016784668,51.209999084472656,52.34000015258789,24128600,42.87086868286133
CSCO,CSCO,2019-08-08,52.790000915527344,53.36000061035156,52.59000015258789,53.15999984741211,26093500,43.54252243041992
CSCO,CSCO,2019-08-09,52.779998779296875,52.869998931884766,52.040000915527344,52.43000030517578,17425000,42.94459533691406
CSCO,CSCO,2019-08-12,52.27000045776367,52.36000061035156,51.34000015258789,51.540000915527344,16388300,42.215614318847656
CSCO,CSCO,2019-08-13,51.470001220703125,53.06999969482422,51.20000076293945,52.720001220703125,21499500,43.18211364746094
CSCO,CSCO,2019-08-14,52.119998931884766,52.119998931884766,50.130001068115234,50.61000061035156,28688100,41.453853607177734
CSCO,CSCO,2019-08-15,47.36000061035156,47.939998626708984,46.0,46.25,61129100,37.882652282714844
CSCO,CSCO,2019-08-16,46.41999816894531,47.36000061035156,46.400001525878906,46.959999084472656,24471800,38.464195251464844
CSCO,CSCO,2019-08-19,47.900001525878906,48.599998474121094,47.4900016784668,48.5,26384800,39.725589752197266
CSCO,CSCO,2019-08-20,48.540000915527344,48.59000015258789,47.91999816894531,47.93000030517578,18201600,39.25870895385742
CSCO,CSCO,2019-08-21,48.5,48.93000030517578,48.36000061035156,48.77000045776367,18365400,39.94674301147461
CSCO,CSCO,2019-08-22,49.2400016784668,49.33000183105469,47.939998626708984,48.18000030517578,21515100,39.463478088378906
CSCO,CSCO,2019-08-23,47.900001525878906,48.52000045776367,46.43000030517578,46.61000061035156,25871100,38.177520751953125
CSCO,CSCO,2019-08-26,47.04999923706055,47.27000045776367,46.66999816894531,47.099998474121094,14820100,38.57887268066406
CSCO,CSCO,2019-08-27,47.540000915527344,47.650001525878906,46.689998626708984,46.790000915527344,20859000,38.3249626159668
CSCO,CSCO,2019-08-28,46.529998779296875,46.959999084472656,46.2400016784668,46.869998931884766,11187600,38.39047622680664
CSCO,CSCO,2019-08-29,47.59000015258789,47.90999984741211,47.11000061035156,47.27000045776367,14733400,38.718116760253906
CSCO,CSCO,2019-08-30,47.52000045776367,47.56999969482422,46.54999923706055,46.810001373291016,19248400,38.34134292602539
CSCO,CSCO,2019-09-03,46.630001068115234,46.970001220703125,46.20000076293945,46.5,17009400,38.087425231933594
CSCO,CSCO,2019-09-04,47.02000045776367,47.40999984741211,46.88999938964844,47.31999969482422,13691300,38.75907897949219
CSCO,CSCO,2019-09-05,48.02000045776367,48.709999084472656,47.779998779296875,48.41999816894531,18434200,39.660057067871094
CSCO,CSCO,2019-09-06,48.650001525878906,48.9900016784668,48.27000045776367,48.84000015258789,17939100,40.00408172607422
CSCO,CSCO,2019-09-09,48.970001220703125,49.0099983215332,48.459999084472656,48.58000183105469,21175100,39.79110336303711
CSCO,CSCO,2019-09-10,48.56999969482422,49.349998474121094,47.95000076293945,49.209999084472656,16119200,40.3071403503418
CSCO,CSCO,2019-09-11,49.95000076293945,50.06999969482422,49.33000183105469,50.029998779296875,18656000,40.97878646850586
CSCO,CSCO,2019-09-12,50.279998779296875,50.29999923706055,49.40999984741211,49.93000030517578,16546700,40.896881103515625
CSCO,CSCO,2019-09-13,50.0099983215332,50.220001220703125,49.7599983215332,50.029998779296875,15867800,40.97878646850586
CSCO,CSCO,2019-09-16,49.79999923706055,50.18000030517578,49.790000915527344,49.959999084472656,13025600,40.92145919799805
CSCO,CSCO,2019-09-17,49.97999954223633,50.02000045776367,49.18000030517578,49.40999984741211,16070600,40.4709587097168
CSCO,CSCO,2019-09-18,49.470001220703125,49.7400016784668,48.779998779296875,49.34000015258789,12563800,40.41361999511719
CSCO,CSCO,2019-09-19,49.349998474121094,49.91999816894531,49.040000915527344,49.189998626708984,15349400,40.29075622558594
CSCO,CSCO,2019-09-20,49.290000915527344,49.869998931884766,48.869998931884766,49.599998474121094,48301300,40.626583099365234
CSCO,CSCO,2019-09-23,49.65999984741211,49.75,49.279998779296875,49.41999816894531,16450000,40.47914505004883
CSCO,CSCO,2019-09-24,49.75,50.20000076293945,48.93000030517578,49.119998931884766,26717200,40.233421325683594
CSCO,CSCO,2019-09-25,49.04999923706055,49.77000045776367,48.58000183105469,49.61000061035156,14013500,40.634769439697266
CSCO,CSCO,2019-09-26,49.43000030517578,49.4900016784668,48.2599983215332,48.83000183105469,20172900,39.99589920043945
CSCO,CSCO,2019-09-27,49.0,49.470001220703125,48.599998474121094,48.84000015258789,16065300,40.00408172607422
CSCO,CSCO,2019-09-30,48.95000076293945,49.65999984741211,48.95000076293945,49.40999984741211,14903600,40.4709587097168
CSCO,CSCO,2019-10-01,49.650001525878906,49.869998931884766,47.36000061035156,47.7400016784668,24185600,39.10308074951172
CSCO,CSCO,2019-10-02,47.349998474121094,47.380001068115234,46.0099983215332,46.560001373291016,30722400,38.13656997680664
CSCO,CSCO,2019-10-03,46.31999969482422,47.08000183105469,45.70000076293945,47.060001373291016,15915500,38.838050842285156
CSCO,CSCO,2019-10-04,47.25,47.630001068115234,46.95000076293945,47.52000045776367,16718800,39.217689514160156
CSCO,CSCO,2019-10-07,47.470001220703125,48.130001068115234,47.31999969482422,47.77000045776367,14625200,39.42401885986328
CSCO,CSCO,2019-10-08,47.5,47.540000915527344,46.349998474121094,46.38999938964844,23022400,38.285118103027344
CSCO,CSCO,2019-10-09,46.91999816894531,47.16999816894531,46.65999984741211,46.84000015258789,16768600,38.656497955322266
CSCO,CSCO,2019-10-10,46.04999923706055,46.22999954223633,45.54999923706055,46.150001525878906,24698500,38.08704376220703
CSCO,CSCO,2019-10-11,46.66999816894531,47.29999923706055,46.459999084472656,46.560001373291016,25153600,38.425418853759766
CSCO,CSCO,2019-10-14,46.54999923706055,46.54999923706055,46.0,46.04999923706055,15076900,38.00452423095703
CSCO,CSCO,2019-10-15,46.25,46.58000183105469,46.040000915527344,46.36000061035156,18794400,38.26036071777344
CSCO,CSCO,2019-10-16,46.36000061035156,46.880001068115234,46.31999969482422,46.790000915527344,16454200,38.615238189697266
CSCO,CSCO,2019-10-17,47.150001525878906,47.29999923706055,46.599998474121094,47.029998779296875,14352400,38.81330871582031
CSCO,CSCO,2019-10-18,47.099998474121094,47.27000045776367,46.65999984741211,46.709999084472656,17226200,38.54921340942383
CSCO,CSCO,2019-10-21,47.13999938964844,47.47999954223633,46.970001220703125,47.38999938964844,13277700,39.11040496826172
CSCO,CSCO,2019-10-22,47.5,47.88999938964844,47.400001525878906,47.54999923706055,15067100,39.24245834350586
CSCO,CSCO,2019-10-23,47.470001220703125,47.70000076293945,46.84000015258789,47.04999923706055,15647100,38.82980728149414
CSCO,CSCO,2019-10-24,47.22999954223633,47.22999954223633,46.099998474121094,46.40999984741211,18338800,38.301631927490234
CSCO,CSCO,2019-10-25,46.540000915527344,46.9900016784668,46.459999084472656,46.900001525878906,15701200,38.70600891113281
CSCO,CSCO,2019-10-28,47.150001525878906,47.599998474121094,47.060001373291016,47.16999816894531,13859700,38.92884063720703
CSCO,CSCO,2019-10-29,47.0,47.43000030517578,46.90999984741211,47.2400016784668,13713900,38.98662185668945
CSCO,CSCO,2019-10-30,47.29999923706055,47.58000183105469,47.15999984741211,47.560001373291016,12062000,39.250709533691406
CSCO,CSCO,2019-10-31,47.599998474121094,47.650001525878906,47.099998474121094,47.5099983215332,12488300,39.209442138671875
CSCO,CSCO,2019-11-01,46.849998474121094,47.4900016784668,46.63999938964844,47.029998779296875,24404100,38.81330871582031
CSCO,CSCO,2019-11-04,47.5,47.880001068115234,47.31999969482422,47.47999954223633,15018900,39.18468475341797
CSCO,CSCO,2019-11-05,47.59000015258789,47.91999816894531,47.2599983215332,47.7599983215332,18988900,39.415767669677734
CSCO,CSCO,2019-11-06,47.810001373291016,48.5,47.790000915527344,48.27000045776367,15904500,39.83666229248047
CSCO,CSCO,2019-11-07,48.61000061035156,48.97999954223633,48.20000076293945,48.41999816894531,16717800,39.960445404052734
CSCO,CSCO,2019-11-08,48.41999816894531,48.849998474121094,48.04999923706055,48.83000183105469,14407000,40.298824310302734
CSCO,CSCO,2019-11-11,48.0099983215332,48.470001220703125,47.560001373291016,48.099998474121094,19590400,39.69636154174805
CSCO,CSCO,2019-11-12,48.290000915527344,48.7400016784668,48.119998931884766,48.369998931884766,15632900,39.919193267822266
CSCO,CSCO,2019-11-13,48.2400016784668,48.849998474121094,48.150001525878906,48.459999084472656,25187000,39.99346160888672
CSCO,CSCO,2019-11-14,45.560001373291016,46.0,44.599998474121094,44.90999984741211,65568900,37.06368637084961
CSCO,CSCO,2019-11-15,45.06999969482422,45.650001525878906,44.810001373291016,45.09000015258789,32385000,37.21224594116211
CSCO,CSCO,2019-11-18,44.97999954223633,45.189998626708984,44.439998626708984,45.150001525878906,22742800,37.26175308227539
CSCO,CSCO,2019-11-19,45.38999938964844,45.599998474121094,45.08000183105469,45.470001220703125,19612600,37.525848388671875
CSCO,CSCO,2019-11-20,45.689998626708984,45.7400016784668,44.93000030517578,45.08000183105469,18660800,37.20399475097656
CSCO,CSCO,2019-11-21,45.130001068115234,45.150001525878906,44.689998626708984,44.84000015258789,19868800,37.00592803955078
CSCO,CSCO,2019-11-22,45.150001525878906,45.16999816894531,44.689998626708984,44.849998474121094,18725700,37.01416778564453
CSCO,CSCO,2019-11-25,45.0,45.54999923706055,44.93000030517578,45.45000076293945,19653300,37.50934600830078
CSCO,CSCO,2019-11-26,45.529998779296875,45.77000045776367,45.25,45.310001373291016,29422000,37.393802642822266
CSCO,CSCO,2019-11-27,45.36000061035156,45.41999816894531,44.93000030517578,45.2400016784668,14889900,37.33603286743164
CSCO,CSCO,2019-11-29,45.2400016784668,45.540000915527344,45.150001525878906,45.310001373291016,9808900,37.393802642822266
CSCO,CSCO,2019-12-02,45.25,45.33000183105469,44.66999816894531,44.70000076293945,17630100,36.89038848876953
CSCO,CSCO,2019-12-03,44.400001525878906,44.4900016784668,43.7400016784668,44.279998779296875,19625500,36.543758392333984
CSCO,CSCO,2019-12-04,44.52000045776367,44.54999923706055,43.86000061035156,43.88999938964844,17202200,36.22189712524414
CSCO,CSCO,2019-12-05,44.04999923706055,44.099998474121094,43.400001525878906,43.52000045776367,22632800,35.91654968261719
CSCO,CSCO,2019-12-06,43.88999938964844,44.060001373291016,43.650001525878906,43.84000015258789,16541000,36.18062973022461
CSCO,CSCO,2019-12-09,43.88999938964844,44.369998931884766,43.75,43.900001525878906,17508500,36.230140686035156
CSCO,CSCO,2019-12-10,43.849998474121094,44.18000030517578,43.79999923706055,44.099998474121094,21862400,36.395206451416016
CSCO,CSCO,2019-12-11,44.36000061035156,44.45000076293945,44.150001525878906,44.279998779296875,16440500,36.543758392333984
CSCO,CSCO,2019-12-12,44.54999923706055,45.77000045776367,44.40999984741211,45.66999816894531,27061600,37.690914154052734
CSCO,CSCO,2019-12-13,45.90999984741211,46.04999923706055,45.20000076293945,45.29999923706055,21796900,37.38555908203125
CSCO,CSCO,2019-12-16,45.79999923706055,46.59000015258789,45.79999923706055,45.97999954223633,21871300,37.946746826171875
CSCO,CSCO,2019-12-17,46.220001220703125,46.52000045776367,45.93000030517578,46.439998626708984,22510000,38.326377868652344
CSCO,CSCO,2019-12-18,46.52000045776367,46.7599983215332,46.25,46.63999938964844,21921200,38.49143600463867
CSCO,CSCO,2019-12-19,47.150001525878906,47.9900016784668,47.11000061035156,47.880001068115234,30764700,39.51478958129883
CSCO,CSCO,2019-12-20,48.25,48.369998931884766,47.41999816894531,47.45000076293945,52575300,39.15992736816406
CSCO,CSCO,2019-12-23,47.54999923706055,48.29999923706055,47.41999816894531,48.099998474121094,20253500,39.69636154174805
CSCO,CSCO,2019-12-24,48.15999984741211,48.25,47.650001525878906,47.779998779296875,7044700,39.432273864746094
CSCO,CSCO,2019-12-26,47.779998779296875,48.0,47.650001525878906,47.849998474121094,11091700,39.49003601074219
CSCO,CSCO,2019-12-27,47.9900016784668,48.02000045776367,47.68000030517578,47.77000045776367,11056800,39.42401885986328
CSCO,CSCO,2019-12-30,47.75,47.880001068115234,47.290000915527344,47.59000015258789,12128600,39.27545928955078
CSCO,CSCO,2019-12-31,47.540000915527344,47.97999954223633,47.40999984741211,47.959999084472656,14892600,39.5808219909668
CSCO,CSCO,2020-01-02,48.060001373291016,48.41999816894531,47.880001068115234,48.41999816894531,16708100,40.254215240478516
CSCO,CSCO,2020-01-03,47.90999984741211,48.13999938964844,47.47999954223633,47.630001068115234,15577400,39.597442626953125
CSCO,CSCO,2020-01-06,47.13999938964844,47.81999969482422,47.0099983215332,47.79999923706055,22183600,39.73877716064453
CSCO,CSCO,2020-01-07,47.720001220703125,47.720001220703125,47.099998474121094,47.4900016784668,16501900,39.48106384277344
CSCO,CSCO,2020-01-08,46.970001220703125,47.790000915527344,46.810001373291016,47.52000045776367,25175900,39.50599670410156
CSCO,CSCO,2020-01-09,47.790000915527344,47.880001068115234,47.06999969482422,47.31999969482422,18203600,39.33973693847656
CSCO,CSCO,2020-01-10,47.47999954223633,47.560001373291016,47.060001373291016,47.130001068115234,13502600,39.1817626953125
CSCO,CSCO,2020-01-13,47.310001373291016,47.97999954223633,47.29999923706055,47.970001220703125,18237400,39.88011169433594
CSCO,CSCO,2020-01-14,47.959999084472656,47.9900016784668,47.619998931884766,47.790000915527344,17948700,39.73046112060547
CSCO,CSCO,2020-01-15,47.91999816894531,48.400001525878906,47.7599983215332,48.0099983215332,16289400,39.913368225097656
CSCO,CSCO,2020-01-16,48.380001068115234,49.08000183105469,48.22999954223633,49.04999923706055,20094900,40.77797317504883
CSCO,CSCO,2020-01-17,49.310001373291016,49.540000915527344,48.869998931884766,49.02000045776367,27176200,40.75303268432617
CSCO,CSCO,2020-01-21,48.959999084472656,49.20000076293945,48.66999816894531,48.79999923706055,21771800,40.57013702392578
CSCO,CSCO,2020-01-22,49.279998779296875,49.529998779296875,49.040000915527344,49.06999969482422,15186000,40.794593811035156
CSCO,CSCO,2020-01-23,49.0,49.18000030517578,48.40999984741211,49.0,16767700,40.73640441894531
CSCO,CSCO,2020-01-24,49.220001220703125,49.47999954223633,48.540000915527344,48.849998474121094,14066700,40.611698150634766
CSCO,CSCO,2020-01-27,47.88999938964844,48.06999969482422,47.27000045776367,47.470001220703125,20666000,39.46443176269531
CSCO,CSCO,2020-01-28,47.52000045776367,47.970001220703125,47.5,47.77000045776367,14035100,39.71384048461914
CSCO,CSCO,2020-01-29,47.970001220703125,47.97999954223633,46.93000030517578,47.04999923706055,14273600,39.11526107788086
CSCO,CSCO,2020-01-30,46.540000915527344,47.27000045776367,46.2599983215332,47.2400016784668,14822600,39.27322769165039
CSCO,CSCO,2020-01-31,46.9900016784668,47.0,45.84000015258789,45.970001220703125,20069900,38.2174072265625
CSCO,CSCO,2020-02-03,46.400001525878906,46.83000183105469,46.209999084472656,46.529998779296875,15374900,38.682960510253906
CSCO,CSCO,2020-02-04,47.220001220703125,47.709999084472656,47.11000061035156,47.619998931884766,13947300,39.58912658691406
CSCO,CSCO,2020-02-05,48.33000183105469,48.599998474121094,48.150001525878906,48.45000076293945,17042300,40.279151916503906
CSCO,CSCO,2020-02-06,48.689998626708984,48.81999969482422,48.220001220703125,48.689998626708984,9814800,40.47867965698242
CSCO,CSCO,2020-02-07,48.599998474121094,48.77000045776367,47.869998931884766,47.970001220703125,16807500,39.88011169433594
CSCO,CSCO,2020-02-10,47.9900016784668,48.88999938964844,47.880001068115234,48.869998931884766,19012700,40.628318786621094
CSCO,CSCO,2020-02-11,49.38999938964844,49.709999084472656,48.86000061035156,49.130001068115234,23168300,40.844482421875
CSCO,CSCO,2020-02-12,49.43000030517578,50.279998779296875,49.400001525878906,49.93000030517578,31686200,41.50956344604492
CSCO,CSCO,2020-02-13,47.150001525878906,47.66999816894531,46.58000183105469,47.31999969482422,47044700,39.33973693847656
CSCO,CSCO,2020-02-14,47.15999984741211,47.220001220703125,46.47999954223633,46.970001220703125,26747200,39.04875946044922
CSCO,CSCO,2020-02-18,46.81999969482422,46.849998474121094,46.290000915527344,46.59000015258789,18546300,38.73283767700195
CSCO,CSCO,2020-02-19,46.689998626708984,46.810001373291016,45.900001525878906,46.290000915527344,27626400,38.483436584472656
CSCO,CSCO,2020-02-20,46.09000015258789,46.959999084472656,45.900001525878906,46.849998474121094,20416700,38.94898223876953
CSCO,CSCO,2020-02-21,46.72999954223633,46.849998474121094,46.04999923706055,46.29999923706055,20028700,38.49174118041992
CSCO,CSCO,2020-02-24,45.0,45.68000030517578,44.0,44.0,35295900,36.579620361328125
CSCO,CSCO,2020-02-25,44.04999923706055,44.209999084472656,42.06999969482422,42.7400016784668,48024700,35.532127380371094
CSCO,CSCO,2020-02-26,42.970001220703125,43.380001068115234,41.939998626708984,42.15999984741211,38513200,35.04993438720703
CSCO,CSCO,2020-02-27,41.279998779296875,42.099998474121094,40.0099983215332,40.040000915527344,51442900,33.287471771240234
CSCO,CSCO,2020-02-28,38.70000076293945,40.54999923706055,38.349998474121094,39.93000030517578,80188000,33.196014404296875
CSCO,CSCO,2020-03-02,40.150001525878906,41.189998626708984,38.91999816894531,41.16999816894531,48864300,34.22688674926758
CSCO,CSCO,2020-03-03,41.2599983215332,41.900001525878906,39.709999084472656,40.040000915527344,49294700,33.287471771240234
CSCO,CSCO,2020-03-04,40.720001220703125,41.45000076293945,39.79999923706055,41.38999938964844,30022100,34.409793853759766
CSCO,CSCO,2020-03-05,40.16999816894531,40.5099983215332,39.290000915527344,39.56999969482422,30255900,32.896728515625
CSCO,CSCO,2020-03-06,38.0,39.95000076293945,37.79999923706055,39.68000030517578,48605600,32.98818588256836
CSCO,CSCO,2020-03-09,36.900001525878906,39.560001373291016,36.290000915527344,37.959999084472656,61535300,31.558238983154297
CSCO,CSCO,2020-03-10,39.25,40.150001525878906,37.869998931884766,40.08000183105469,50536500,33.32072067260742
CSCO,CSCO,2020-03-11,39.02000045776367,39.15999984741211,36.369998931884766,37.04999923706055,63594300,30.801706314086914
CSCO,CSCO,2020-03-12,34.5,35.81999969482422,33.0,33.20000076293945,51855300,27.600994110107422
CSCO,CSCO,2020-03-13,35.18000030517578,37.68000030517578,33.33000183105469,37.63999938964844,53859600,31.292217254638672
CSCO,CSCO,2020-03-16,33.22999954223633,36.9900016784668,32.400001525878906,33.709999084472656,44211300,28.02497673034668
CSCO,CSCO,2020-03-17,34.70000076293945,36.25,33.599998474121094,35.5,41572400,29.513107299804688
CSCO,CSCO,2020-03-18,33.7599983215332,37.709999084472656,33.310001373291016,37.119998931884766,56904300,30.85990333557129
CSCO,CSCO,2020-03-19,37.04999923706055,39.31999969482422,36.150001525878906,37.709999084472656,58319700,31.35040855407715
CSCO,CSCO,2020-03-20,38.27000045776367,38.470001220703125,35.400001525878906,35.599998474121094,48582500,29.596240997314453
CSCO,CSCO,2020-03-23,35.5099983215332,35.81999969482422,33.7400016784668,34.599998474121094,39823400,28.76488494873047
CSCO,CSCO,2020-03-24,36.40999984741211,38.68000030517578,35.540000915527344,38.599998474121094,48235600,32.09030532836914
CSCO,CSCO,2020-03-25,38.650001525878906,39.95000076293945,37.5,37.66999816894531,42873900,31.31714630126953
CSCO,CSCO,2020-03-26,37.970001220703125,40.91999816894531,37.369998931884766,40.58000183105469,38473300,33.73639678955078
CSCO,CSCO,2020-03-27,39.209999084472656,40.150001525878906,38.40999984741211,38.81999969482422,31278600,32.2732048034668
CSCO,CSCO,2020-03-30,39.45000076293945,40.4900016784668,38.959999084472656,40.31999969482422,27120300,33.52024459838867
CSCO,CSCO,2020-03-31,40.130001068115234,40.41999816894531,39.11000061035156,39.310001373291016,26014200,32.680572509765625
CSCO,CSCO,2020-04-01,38.16999816894531,38.86000061035156,37.869998931884766,38.33000183105469,26790700,31.865846633911133
CSCO,CSCO,2020-04-02,37.84000015258789,39.95000076293945,37.470001220703125,39.79999923706055,28180500,33.40164566040039
CSCO,CSCO,2020-04-03,39.81999969482422,40.290000915527344,38.540000915527344,39.060001373291016,21235200,32.780609130859375
CSCO,CSCO,2020-04-06,40.459999084472656,41.68000030517578,39.779998779296875,41.43000030517578,31641400,34.76960754394531
CSCO,CSCO,2020-04-07,42.65999984741211,42.7400016784668,40.59000015258789,40.63999938964844,30366100,34.10659408569336
CSCO,CSCO,2020-04-08,41.16999816894531,42.20000076293945,40.869998931884766,41.7400016784668,22683500,35.02976608276367
CSCO,CSCO,2020-04-09,42.09000015258789,42.20000076293945,40.849998474121094,41.20000076293945,27643900,34.57658386230469
CSCO,CSCO,2020-04-13,41.040000915527344,41.459999084472656,40.529998779296875,41.220001220703125,19592000,34.59336471557617
CSCO,CSCO,2020-04-14,41.90999984741211,42.81999969482422,41.529998779296875,42.779998779296875,22882400,35.90257263183594
CSCO,CSCO,2020-04-15,42.20000076293945,42.369998931884766,41.22999954223633,41.52000045776367,18428800,34.84513473510742
CSCO,CSCO,2020-04-16,41.7599983215332,41.790000915527344,40.68000030517578,41.5,26178000,34.8283576965332
CSCO,CSCO,2020-04-17,42.25,42.63999938964844,41.7400016784668,42.47999954223633,30701500,35.65080261230469
CSCO,CSCO,2020-04-20,41.91999816894531,43.290000915527344,41.790000915527344,42.540000915527344,23438800,35.7011604309082
CSCO,CSCO,2020-04-21,41.83000183105469,41.9900016784668,40.40999984741211,40.54999923706055,31661000,34.03107833862305
CSCO,CSCO,2020-04-22,41.27000045776367,42.09000015258789,41.11000061035156,41.7599983215332,18330700,35.046546936035156
CSCO,CSCO,2020-04-23,41.88999938964844,42.54999923706055,41.529998779296875,41.619998931884766,16100200,34.92906188964844
CSCO,CSCO,2020-04-24,41.84000015258789,42.65999984741211,41.650001525878906,42.52000045776367,14639200,35.68437957763672
CSCO,CSCO,2020-04-27,42.70000076293945,43.220001220703125,42.58000183105469,43.060001373291016,17937900,36.13756561279297
CSCO,CSCO,2020-04-28,43.5,43.630001068115234,42.40999984741211,42.4900016784668,16427700,35.659202575683594
CSCO,CSCO,2020-04-29,43.349998474121094,43.47999954223633,42.93000030517578,43.34000015258789,17430100,36.3725471496582
CSCO,CSCO,2020-04-30,43.16999816894531,43.16999816894531,42.16999816894531,42.380001068115234,26679900,35.5668830871582
CSCO,CSCO,2020-05-01,41.720001220703125,41.810001373291016,40.77000045776367,40.91999816894531,22095300,34.34158706665039
CSCO,CSCO,2020-05-04,40.95000076293945,41.40999984741211,40.4900016784668,41.349998474121094,15997700,34.702457427978516
CSCO,CSCO,2020-05-05,41.61000061035156,41.93000030517578,41.38999938964844,41.459999084472656,15060200,34.79478454589844
CSCO,CSCO,2020-05-06,41.560001373291016,41.689998626708984,40.970001220703125,41.150001525878906,16040300,34.53462219238281
CSCO,CSCO,2020-05-07,41.59000015258789,41.77000045776367,41.220001220703125,41.369998931884766,20173600,34.71925735473633
CSCO,CSCO,2020-05-08,42.02000045776367,43.02000045776367,41.70000076293945,42.9900016784668,21959100,36.07882308959961
CSCO,CSCO,2020-05-11,42.779998779296875,43.650001525878906,42.61000061035156,43.31999969482422,26182700,36.355770111083984
CSCO,CSCO,2020-05-12,43.939998626708984,44.29999923706055,43.189998626708984,43.220001220703125,25817100,36.271846771240234
CSCO,CSCO,2020-05-13,43.40999984741211,43.56999969482422,41.310001373291016,41.95000076293945,36986700,35.206016540527344
CSCO,CSCO,2020-05-14,43.43000030517578,44.58000183105469,43.2599983215332,43.849998474121094,50417700,36.80056381225586
CSCO,CSCO,2020-05-15,42.93000030517578,44.380001068115234,42.849998474121094,44.27000045776367,30573000,37.15304183959961
CSCO,CSCO,2020-05-18,45.209999084472656,45.29999923706055,44.33000183105469,45.060001373291016,26966500,37.816043853759766
CSCO,CSCO,2020-05-19,44.83000183105469,44.97999954223633,44.40999984741211,44.61000061035156,24345400,37.438377380371094
CSCO,CSCO,2020-05-20,45.04999923706055,45.81999969482422,45.029998779296875,45.439998626708984,20184500,38.134952545166016
CSCO,CSCO,2020-05-21,45.45000076293945,45.65999984741211,44.560001373291016,44.63999938964844,18674900,37.463558197021484
CSCO,CSCO,2020-05-22,44.66999816894531,44.95000076293945,44.119998931884766,44.900001525878906,12592800,37.681758880615234
CSCO,CSCO,2020-05-26,45.779998779296875,45.79999923706055,44.68000030517578,44.84000015258789,21776900,37.631412506103516
CSCO,CSCO,2020-05-27,45.040000915527344,45.97999954223633,44.79999923706055,45.959999084472656,22157200,38.57136154174805
CSCO,CSCO,2020-05-28,45.900001525878906,46.459999084472656,45.369998931884766,45.599998474121094,20013000,38.26922607421875
CSCO,CSCO,2020-05-29,46.040000915527344,47.81999969482422,45.40999984741211,47.81999969482422,43553600,40.1323356628418
CSCO,CSCO,2020-06-01,47.150001525878906,47.290000915527344,46.22999954223633,46.29999923706055,18712400,38.856689453125
CSCO,CSCO,2020-06-02,46.400001525878906,46.900001525878906,45.880001068115234,46.88999938964844,17285900,39.351844787597656
CSCO,CSCO,2020-06-03,46.97999954223633,47.20000076293945,46.540000915527344,46.939998626708984,17492000,39.393798828125
CSCO,CSCO,2020-06-04,46.77000045776367,47.25,46.529998779296875,46.86000061035156,14100700,39.3266716003418
CSCO,CSCO,2020-06-05,47.27000045776367,48.290000915527344,47.20000076293945,47.83000183105469,22591100,40.14073181152344
CSCO,CSCO,2020-06-08,47.459999084472656,48.15999984741211,47.119998931884766,48.130001068115234,17820900,40.39250183105469
CSCO,CSCO,2020-06-09,48.02000045776367,48.2400016784668,47.4900016784668,48.04999923706055,18597300,40.32535934448242
CSCO,CSCO,2020-06-10,47.65999984741211,47.83000183105469,47.119998931884766,47.41999816894531,18462400,39.79663848876953
CSCO,CSCO,2020-06-11,46.9900016784668,47.0,43.63999938964844,43.66999816894531,35582000,36.64949035644531
CSCO,CSCO,2020-06-12,44.959999084472656,45.86000061035156,44.11000061035156,45.06999969482422,26125600,37.824432373046875
CSCO,CSCO,2020-06-15,44.119998931884766,45.7599983215332,43.93000030517578,45.349998474121094,21300100,38.059417724609375
CSCO,CSCO,2020-06-16,47.40999984741211,47.4900016784668,45.90999984741211,46.47999954223633,28074600,39.00775909423828
CSCO,CSCO,2020-06-17,46.75,46.81999969482422,45.900001525878906,46.16999816894531,20399100,38.747589111328125
CSCO,CSCO,2020-06-18,45.790000915527344,46.04999923706055,45.349998474121094,45.83000183105469,22423500,38.462257385253906
CSCO,CSCO,2020-06-19,46.2599983215332,46.5099983215332,45.04999923706055,45.31999969482422,36103200,38.034244537353516
CSCO,CSCO,2020-06-22,45.11000061035156,45.459999084472656,44.810001373291016,45.15999984741211,18398600,37.89997100830078
CSCO,CSCO,2020-06-23,45.91999816894531,46.150001525878906,45.31999969482422,45.470001220703125,23222400,38.160118103027344
CSCO,CSCO,2020-06-24,45.290000915527344,45.470001220703125,44.38999938964844,44.75,22840100,37.555877685546875
CSCO,CSCO,2020-06-25,44.77000045776367,45.31999969482422,44.20000076293945,45.220001220703125,19114900,37.950313568115234
CSCO,CSCO,2020-06-26,45.119998931884766,46.5099983215332,44.630001068115234,46.310001373291016,106928300,38.86507797241211
CSCO,CSCO,2020-06-29,46.34000015258789,46.45000076293945,45.66999816894531,46.150001525878906,23875400,38.730804443359375
CSCO,CSCO,2020-06-30,46.150001525878906,47.0099983215332,46.099998474121094,46.63999938964844,21888800,39.142032623291016
CSCO,CSCO,2020-07-01,46.540000915527344,46.720001220703125,46.0,46.060001373291016,17129500,38.65526580810547
CSCO,CSCO,2020-07-02,46.06999969482422,46.220001220703125,45.47999954223633,45.630001068115234,19632000,38.59606170654297
CSCO,CSCO,2020-07-06,46.06999969482422,46.4900016784668,45.869998931884766,46.41999816894531,16152900,39.264286041259766
CSCO,CSCO,2020-07-07,46.119998931884766,46.290000915527344,45.560001373291016,45.630001068115234,17102800,38.59606170654297
CSCO,CSCO,2020-07-08,45.59000015258789,46.06999969482422,45.31999969482422,45.810001373291016,15020800,38.748321533203125
CSCO,CSCO,2020-07-09,46.599998474121094,47.20000076293945,46.220001220703125,46.70000076293945,26027700,39.501129150390625
CSCO,CSCO,2020-07-10,46.72999954223633,46.91999816894531,46.2400016784668,46.65999984741211,13775700,39.46728515625
CSCO,CSCO,2020-07-13,46.869998931884766,46.9900016784668,45.779998779296875,45.93000030517578,17965500,38.849815368652344
CSCO,CSCO,2020-07-14,45.4900016784668,46.5,45.40999984741211,46.2599983215332,19303500,39.12895202636719
CSCO,CSCO,2020-07-15,46.5,46.83000183105469,45.9900016784668,46.400001525878906,15705000,39.247371673583984
CSCO,CSCO,2020-07-16,45.70000076293945,45.83000183105469,45.20000076293945,45.779998779296875,17709400,38.72294235229492
CSCO,CSCO,2020-07-17,46.040000915527344,46.93000030517578,45.880001068115234,46.75,20389700,39.543418884277344
CSCO,CSCO,2020-07-20,46.66999816894531,47.099998474121094,46.2599983215332,46.970001220703125,15966500,39.72950744628906
CSCO,CSCO,2020-07-21,47.279998779296875,47.33000183105469,46.849998474121094,47.02000045776367,16044700,39.77178955078125
CSCO,CSCO,2020-07-22,47.02000045776367,47.11000061035156,46.529998779296875,46.900001525878906,27218300,39.670291900634766
CSCO,CSCO,2020-07-23,46.97999954223633,47.70000076293945,46.68000030517578,47.40999984741211,23750200,40.10167694091797
CSCO,CSCO,2020-07-24,47.4900016784668,47.63999938964844,46.11000061035156,46.400001525878906,16983600,39.247371673583984
CSCO,CSCO,2020-07-27,46.65999984741211,47.2599983215332,46.150001525878906,47.189998626708984,15576000,39.915592193603516
CSCO,CSCO,2020-07-28,46.97999954223633,47.08000183105469,46.209999084472656,46.279998779296875,13975300,39.1458625793457
CSCO,CSCO,2020-07-29,46.400001525878906,46.880001068115234,46.369998931884766,46.709999084472656,11618200,39.509586334228516
CSCO,CSCO,2020-07-30,46.130001068115234,46.459999084472656,45.380001068115234,46.439998626708984,15385100,39.28120040893555
CSCO,CSCO,2020-07-31,46.38999938964844,47.11000061035156,45.86000061035156,47.099998474121094,17701100,39.83946228027344
CSCO,CSCO,2020-08-03,47.13999938964844,47.36000061035156,46.68000030517578,47.15999984741211,14141100,39.89021682739258
CSCO,CSCO,2020-08-04,47.0099983215332,47.66999816894531,46.90999984741211,47.66999816894531,12839500,40.321598052978516
CSCO,CSCO,2020-08-05,47.66999816894531,47.72999954223633,47.04999923706055,47.33000183105469,13075600,40.03400802612305
CSCO,CSCO,2020-08-06,47.22999954223633,47.83000183105469,47.099998474121094,47.77000045776367,14190900,40.406185150146484
CSCO,CSCO,2020-08-07,47.33000183105469,47.599998474121094,47.029998779296875,47.43000030517578,17054300,40.118595123291016
CSCO,CSCO,2020-08-10,47.15999984741211,48.0,47.15999984741211,47.72999954223633,14999200,40.37234115600586
CSCO,CSCO,2020-08-11,47.900001525878906,48.45000076293945,47.09000015258789,47.189998626708984,18859600,39.915592193603516
CSCO,CSCO,2020-08-12,47.279998779296875,48.130001068115234,47.27000045776367,48.099998474121094,26823700,40.685306549072266
CSCO,CSCO,2020-08-13,43.790000915527344,43.84000015258789,42.380001068115234,42.720001220703125,91849500,36.13465118408203
CSCO,CSCO,2020-08-14,42.4900016784668,42.880001068115234,42.27000045776367,42.5,32539500,35.94855880737305
CSCO,CSCO,2020-08-17,42.54999923706055,42.7599983215332,41.86000061035156,42.09000015258789,30511700,35.60176086425781
CSCO,CSCO,2020-08-18,42.130001068115234,42.290000915527344,41.810001373291016,41.97999954223633,23344600,35.50872039794922
CSCO,CSCO,2020-08-19,42.099998474121094,42.349998474121094,41.779998779296875,41.869998931884766,20097400,35.41567611694336
CSCO,CSCO,2020-08-20,41.869998931884766,42.41999816894531,41.72999954223633,42.310001373291016,18443900,35.78784942626953
CSCO,CSCO,2020-08-21,42.04999923706055,42.29999923706055,41.810001373291016,42.25,17389600,35.737098693847656
CSCO,CSCO,2020-08-24,42.06999969482422,42.470001220703125,42.0,42.18000030517578,17742900,35.67788314819336
CSCO,CSCO,2020-08-25,42.22999954223633,42.29999923706055,41.779998779296875,41.959999084472656,15417400,35.491798400878906
CSCO,CSCO,2020-08-26,41.650001525878906,42.279998779296875,41.45000076293945,42.25,21625800,35.737098693847656
CSCO,CSCO,2020-08-27,42.400001525878906,42.470001220703125,42.02000045776367,42.290000915527344,22456800,35.77092742919922
CSCO,CSCO,2020-08-28,42.13999938964844,42.29999923706055,42.0,42.20000076293945,16573600,35.694801330566406
CSCO,CSCO,2020-08-31,42.099998474121094,42.349998474121094,41.939998626708984,42.220001220703125,21298000,35.71171569824219
CSCO,CSCO,2020-09-01,42.0,42.06999969482422,41.5,42.029998779296875,23325100,35.55101013183594
CSCO,CSCO,2020-09-02,42.040000915527344,42.689998626708984,42.029998779296875,42.41999816894531,30045700,35.880889892578125
CSCO,CSCO,2020-09-03,41.75,41.83000183105469,40.66999816894531,40.95000076293945,39288100,34.63749313354492
CSCO,CSCO,2020-09-04,41.20000076293945,41.43000030517578,40.439998626708984,40.81999969482422,34867400,34.52753448486328
CSCO,CSCO,2020-09-08,40.04999923706055,40.61000061035156,39.970001220703125,40.0,29101800,33.83394241333008
CSCO,CSCO,2020-09-09,40.099998474121094,40.47999954223633,39.720001220703125,40.130001068115234,23351600,33.94390106201172
CSCO,CSCO,2020-09-10,40.029998779296875,40.63999938964844,39.41999816894531,39.56999969482422,25108800,33.47023010253906
CSCO,CSCO,2020-09-11,39.77000045776367,40.04999923706055,39.52000045776367,39.880001068115234,21853000,33.73243713378906
CSCO,CSCO,2020-09-14,40.220001220703125,40.63999938964844,40.04999923706055,40.369998931884766,19866700,34.146907806396484
CSCO,CSCO,2020-09-15,40.5099983215332,40.84000015258789,40.380001068115234,40.599998474121094,19024100,34.34144592285156
CSCO,CSCO,2020-09-16,40.720001220703125,41.16999816894531,40.38999938964844,40.41999816894531,24310200,34.1891975402832
CSCO,CSCO,2020-09-17,39.65999984741211,40.400001525878906,39.5099983215332,40.369998931884766,22225900,34.146907806396484
CSCO,CSCO,2020-09-18,40.18000030517578,40.31999969482422,39.58000183105469,39.810001373291016,44450800,33.6732292175293
CSCO,CSCO,2020-09-21,39.310001373291016,39.470001220703125,38.689998626708984,39.040000915527344,28495000,33.02192306518555
CSCO,CSCO,2020-09-22,39.18000030517578,39.459999084472656,38.880001068115234,39.31999969482422,17656800,33.25875473022461
CSCO,CSCO,2020-09-23,39.22999954223633,39.38999938964844,38.18000030517578,38.279998779296875,24843200,32.37908172607422
CSCO,CSCO,2020-09-24,38.0,38.15999984741211,37.599998474121094,37.849998474121094,30910400,32.01536560058594
CSCO,CSCO,2020-09-25,37.7599983215332,38.540000915527344,37.619998931884766,38.45000076293945,22966600,32.52286911010742
CSCO,CSCO,2020-09-28,39.20000076293945,39.290000915527344,38.790000915527344,39.130001068115234,24275700,33.098052978515625
CSCO,CSCO,2020-09-29,39.06999969482422,39.380001068115234,38.83000183105469,39.060001373291016,16353700,33.03883361816406
CSCO,CSCO,2020-09-30,39.09000015258789,39.70000076293945,39.02000045776367,39.38999938964844,27113200,33.31796646118164
CSCO,CSCO,2020-10-01,39.099998474121094,39.310001373291016,38.56999969482422,38.79999923706055,20763500,33.12162780761719
CSCO,CSCO,2020-10-02,38.04999923706055,38.54999923706055,37.970001220703125,38.27000045776367,24493000,32.669193267822266
CSCO,CSCO,2020-10-05,38.47999954223633,38.790000915527344,38.279998779296875,38.56999969482422,26929100,32.925296783447266
CSCO,CSCO,2020-10-06,38.5,39.349998474121094,38.400001525878906,38.56999969482422,28430800,32.925296783447266
CSCO,CSCO,2020-10-07,38.97999954223633,39.58000183105469,38.779998779296875,39.400001525878906,20593700,33.633827209472656
CSCO,CSCO,2020-10-08,39.79999923706055,40.18000030517578,39.65999984741211,39.790000915527344,19031300,33.96675109863281
CSCO,CSCO,2020-10-09,40.150001525878906,40.22999954223633,39.720001220703125,39.849998474121094,16167500,34.01795959472656
CSCO,CSCO,2020-10-12,39.93000030517578,40.529998779296875,39.630001068115234,40.36000061035156,22757200,34.45332717895508
CSCO,CSCO,2020-10-13,40.540000915527344,40.61000061035156,39.709999084472656,39.810001373291016,23438300,33.98381805419922
CSCO,CSCO,2020-10-14,39.849998474121094,40.41999816894531,39.7599983215332,39.88999938964844,16439100,34.05210876464844
CSCO,CSCO,2020-10-15,39.470001220703125,40.0,39.349998474121094,39.970001220703125,15451400,34.12041473388672
CSCO,CSCO,2020-10-16,39.880001068115234,40.29999923706055,39.54999923706055,40.15999984741211,21292500,34.2825927734375
CSCO,CSCO,2020-10-19,40.150001525878906,40.380001068115234,39.15999984741211,39.29999923706055,19600500,33.548458099365234
CSCO,CSCO,2020-10-20,39.439998626708984,39.5099983215332,39.029998779296875,39.20000076293945,16564900,33.46308517456055
CSCO,CSCO,2020-10-21,39.310001373291016,39.56999969482422,38.97999954223633,39.060001373291016,17016300,33.34357452392578
CSCO,CSCO,2020-10-22,38.849998474121094,38.959999084472656,38.380001068115234,38.81999969482422,20399000,33.138702392578125
CSCO,CSCO,2020-10-23,38.93000030517578,38.970001220703125,38.650001525878906,38.81999969482422,15556100,33.138702392578125
CSCO,CSCO,2020-10-26,38.400001525878906,38.43000030517578,37.150001525878906,37.66999816894531,29146500,32.157005310058594
CSCO,CSCO,2020-10-27,37.380001068115234,37.5,36.59000015258789,36.869998931884766,37911500,31.474077224731445
CSCO,CSCO,2020-10-28,36.31999969482422,36.5099983215332,35.68000030517578,35.709999084472656,34561500,30.483854293823242
CSCO,CSCO,2020-10-29,35.5099983215332,36.06999969482422,35.279998779296875,35.689998626708984,35332000,30.46677589416504
CSCO,CSCO,2020-10-30,35.599998474121094,35.93000030517578,35.4900016784668,35.900001525878906,29151200,30.646039962768555
CSCO,CSCO,2020-11-02,36.189998626708984,36.349998474121094,35.66999816894531,35.900001525878906,23483100,30.646039962768555
CSCO,CSCO,2020-11-03,36.36000061035156,37.33000183105469,36.29999923706055,36.68000030517578,27342900,31.31189727783203
CSCO,CSCO,2020-11-04,37.029998779296875,37.29999923706055,36.5,36.56999969482422,30121900,31.217987060546875
CSCO,CSCO,2020-11-05,37.02000045776367,37.29999923706055,36.90999984741211,37.22999954223633,23149700,31.781394958496094
CSCO,CSCO,2020-11-06,37.560001373291016,37.599998474121094,37.08000183105469,37.529998779296875,19475300,32.03749084472656
CSCO,CSCO,2020-11-09,39.91999816894531,40.22999954223633,38.119998931884766,38.20000076293945,42649500,32.609432220458984
CSCO,CSCO,2020-11-10,38.209999084472656,39.029998779296875,38.16999816894531,38.720001220703125,31514500,33.053340911865234
CSCO,CSCO,2020-11-11,39.0099983215332,39.45000076293945,38.439998626708984,39.33000183105469,27332800,33.57406234741211
CSCO,CSCO,2020-11-12,38.97999954223633,39.38999938964844,38.400001525878906,38.66999816894531,29368300,33.01065444946289
CSCO,CSCO,2020-11-13,41.20000076293945,41.52000045776367,40.560001373291016,41.400001525878906,49106400,35.341121673583984
CSCO,CSCO,2020-11-16,41.7400016784668,42.59000015258789,41.349998474121094,42.540000915527344,34572600,36.31428527832031
CSCO,CSCO,2020-11-17,41.91999816894531,42.349998474121094,41.619998931884766,41.880001068115234,23140900,35.75087356567383
CSCO,CSCO,2020-11-18,41.900001525878906,42.2400016784668,41.2599983215332,41.31999969482422,21327700,35.2728271484375
CSCO,CSCO,2020-11-19,41.0,41.369998931884766,40.77000045776367,41.16999816894531,22177700,35.144775390625
CSCO,CSCO,2020-11-20,41.04999923706055,41.38999938964844,40.91999816894531,40.970001220703125,19776300,34.97404861450195
CSCO,CSCO,2020-11-23,41.029998779296875,41.79999923706055,41.02000045776367,41.63999938964844,19651400,35.545989990234375
CSCO,CSCO,2020-11-24,42.13999938964844,42.709999084472656,41.900001525878906,42.61000061035156,22849700,36.3740348815918
CSCO,CSCO,2020-11-25,42.779998779296875,42.79999923706055,42.209999084472656,42.5,22617700,36.28014373779297
CSCO,CSCO,2020-11-27,42.86000061035156,42.97999954223633,42.63999938964844,42.70000076293945,10769500,36.45086669921875
CSCO,CSCO,2020-11-30,42.439998626708984,43.04999923706055,42.40999984741211,43.02000045776367,34741600,36.724029541015625
CSCO,CSCO,2020-12-01,43.0099983215332,44.06999969482422,43.0099983215332,43.540000915527344,23942500,37.167930603027344
CSCO,CSCO,2020-12-02,43.38999938964844,43.959999084472656,43.349998474121094,43.88999938964844,17422200,37.466712951660156
CSCO,CSCO,2020-12-03,43.779998779296875,44.13999938964844,43.599998474121094,44.11000061035156,27710700,37.654518127441406
CSCO,CSCO,2020-12-04,43.88999938964844,44.5099983215332,43.88999938964844,44.380001068115234,17319800,37.88500213623047
CSCO,CSCO,2020-12-07,44.290000915527344,44.4900016784668,43.90999984741211,44.349998474121094,14086800,37.85939025878906
CSCO,CSCO,2020-12-08,44.209999084472656,44.529998779296875,43.93000030517578,44.369998931884766,13348500,37.876461029052734
CSCO,CSCO,2020-12-09,44.470001220703125,44.83000183105469,44.36000061035156,44.689998626708984,22679800,38.14963150024414
CSCO,CSCO,2020-12-10,44.540000915527344,44.61000061035156,44.11000061035156,44.31999969482422,17741500,37.83378219604492
CSCO,CSCO,2020-12-11,43.939998626708984,44.33000183105469,43.720001220703125,44.31999969482422,14577700,37.83378219604492
CSCO,CSCO,2020-12-14,44.27000045776367,44.90999984741211,44.150001525878906,44.2400016784668,16112300,37.7654914855957
CSCO,CSCO,2020-12-15,44.38999938964844,44.79999923706055,44.13999938964844,44.720001220703125,18159400,38.17524719238281
CSCO,CSCO,2020-12-16,44.70000076293945,45.13999938964844,44.529998779296875,44.720001220703125,16192000,38.17524719238281
CSCO,CSCO,2020-12-17,44.90999984741211,44.93000030517578,44.599998474121094,44.81999969482422,16141600,38.26060485839844
CSCO,CSCO,2020-12-18,44.900001525878906,45.56999969482422,44.77000045776367,45.439998626708984,41027000,38.789878845214844
CSCO,CSCO,2020-12-21,44.470001220703125,44.959999084472656,44.06999969482422,44.880001068115234,19865300,38.311832427978516
CSCO,CSCO,2020-12-22,44.439998626708984,45.06999969482422,44.439998626708984,44.689998626708984,16024000,38.14963150024414
CSCO,CSCO,2020-12-23,44.650001525878906,44.79999923706055,44.349998474121094,44.380001068115234,12032600,37.88500213623047
CSCO,CSCO,2020-12-24,44.45000076293945,44.59000015258789,44.22999954223633,44.540000915527344,5720500,38.02159118652344
CSCO,CSCO,2020-12-28,44.93000030517578,45.34000015258789,44.720001220703125,44.91999816894531,13458400,38.34596252441406
CSCO,CSCO,2020-12-29,44.970001220703125,45.25,44.529998779296875,44.63999938964844,11829000,38.10696029663086
CSCO,CSCO,2020-12-30,44.7400016784668,45.060001373291016,44.439998626708984,44.47999954223633,11043100,37.97037124633789
CSCO,CSCO,2020-12-31,44.380001068115234,44.84000015258789,44.15999984741211,44.75,15105500,38.20085525512695
CSCO,CSCO,2021-01-04,44.310001373291016,44.369998931884766,43.349998474121094,43.959999084472656,24392500,37.83080291748047
CSCO,CSCO,2021-01-05,43.68000030517578,44.06999969482422,43.380001068115234,43.97999954223633,17763700,37.848026275634766
CSCO,CSCO,2021-01-06,44.130001068115234,44.869998931884766,43.88999938964844,44.400001525878906,21823100,38.20946502685547
CSCO,CSCO,2021-01-07,44.20000076293945,45.11000061035156,44.16999816894531,44.959999084472656,18218800,38.691375732421875
CSCO,CSCO,2021-01-08,44.47999954223633,45.40999984741211,44.25,45.060001373291016,20936300,38.777435302734375
CSCO,CSCO,2021-01-11,45.150001525878906,45.95000076293945,45.02000045776367,45.36000061035156,25058200,39.035614013671875
CSCO,CSCO,2021-01-12,45.29999923706055,45.93000030517578,44.959999084472656,45.790000915527344,20145000,39.4056510925293
CSCO,CSCO,2021-01-13,45.290000915527344,45.970001220703125,45.18000030517578,45.36000061035156,19367300,39.035614013671875
CSCO,CSCO,2021-01-14,44.869998931884766,45.599998474121094,44.849998474121094,45.150001525878906,22333500,38.85489273071289
CSCO,CSCO,2021-01-15,44.959999084472656,45.650001525878906,44.880001068115234,45.43000030517578,30271700,39.09585189819336
CSCO,CSCO,2021-01-19,45.33000183105469,45.630001068115234,44.77000045776367,45.189998626708984,28868800,38.88931655883789
CSCO,CSCO,2021-01-20,45.33000183105469,45.5,45.13999938964844,45.34000015258789,16499400,39.01839828491211
CSCO,CSCO,2021-01-21,45.20000076293945,45.2400016784668,44.720001220703125,45.11000061035156,17488400,38.820472717285156
CSCO,CSCO,2021-01-22,44.75,44.88999938964844,44.22999954223633,44.77000045776367,14643400,38.527870178222656
CSCO,CSCO,2021-01-25,45.040000915527344,45.16999816894531,44.709999084472656,45.029998779296875,16581300,38.751617431640625
CSCO,CSCO,2021-01-26,44.88999938964844,45.349998474121094,44.77000045776367,45.2599983215332,13087800,38.94955062866211
CSCO,CSCO,2021-01-27,45.2400016784668,46.459999084472656,45.08000183105469,45.70000076293945,29634500,39.328208923339844
CSCO,CSCO,2021-01-28,45.90999984741211,46.27000045776367,45.29999923706055,45.34000015258789,21166000,39.01839828491211
CSCO,CSCO,2021-01-29,44.849998474121094,45.369998931884766,44.47999954223633,44.58000183105469,22608100,38.3643684387207
CSCO,CSCO,2021-02-01,44.91999816894531,45.630001068115234,44.65999984741211,45.400001525878906,16776900,39.07002258300781
CSCO,CSCO,2021-02-02,45.52000045776367,45.939998626708984,45.43000030517578,45.83000183105469,16520900,39.440086364746094
CSCO,CSCO,2021-02-03,45.75,46.15999984741211,45.540000915527344,45.77000045776367,13173600,39.38844299316406
CSCO,CSCO,2021-02-04,45.869998931884766,47.31999969482422,45.77000045776367,47.25,22285700,40.662086486816406
CSCO,CSCO,2021-02-05,47.56999969482422,48.34000015258789,47.5,48.08000183105469,25488600,41.37635803222656
CSCO,CSCO,2021-02-08,48.560001373291016,49.34000015258789,48.560001373291016,48.939998626708984,25215400,42.116455078125
CSCO,CSCO,2021-02-09,48.77000045776367,48.83000183105469,48.40999984741211,48.5,24795000,41.7378044128418
CSCO,CSCO,2021-02-10,46.150001525878906,47.40999984741211,45.83000183105469,47.2400016784668,44540900,40.65348434448242
CSCO,CSCO,2021-02-11,47.349998474121094,47.90999984741211,47.20000076293945,47.58000183105469,18589900,40.94608688354492
CSCO,CSCO,2021-02-12,47.43000030517578,47.689998626708984,46.90999984741211,47.290000915527344,15239800,40.69651412963867
CSCO,CSCO,2021-02-16,47.2599983215332,47.2599983215332,46.400001525878906,46.5099983215332,18539000,40.025264739990234
CSCO,CSCO,2021-02-17,46.31999969482422,46.400001525878906,45.869998931884766,46.25,13296300,39.801513671875
CSCO,CSCO,2021-02-18,46.38999938964844,46.400001525878906,45.689998626708984,46.34000015258789,16867500,39.878971099853516
CSCO,CSCO,2021-02-19,46.540000915527344,46.61000061035156,45.58000183105469,45.68000030517578,25117700,39.31099319458008
CSCO,CSCO,2021-02-22,45.290000915527344,45.68000030517578,44.81999969482422,45.43000030517578,21435800,39.09585189819336
CSCO,CSCO,2021-02-23,45.2599983215332,45.779998779296875,45.099998474121094,45.5099983215332,19714900,39.16469955444336
CSCO,CSCO,2021-02-24,45.2400016784668,45.79999923706055,45.040000915527344,45.7400016784668,17823600,39.36262512207031
CSCO,CSCO,2021-02-25,45.59000015258789,46.2400016784668,45.2400016784668,45.52000045776367,21916700,39.17330551147461
CSCO,CSCO,2021-02-26,45.58000183105469,45.779998779296875,44.7599983215332,44.869998931884766,22144900,38.613929748535156
CSCO,CSCO,2021-03-01,45.220001220703125,46.220001220703125,45.220001220703125,45.91999816894531,17394100,39.51752471923828
CSCO,CSCO,2021-03-02,45.93000030517578,46.08000183105469,45.41999816894531,45.52000045776367,14833000,39.17330551147461
CSCO,CSCO,2021-03-03,45.43000030517578,45.529998779296875,45.0,45.130001068115234,16851100,38.83767318725586
CSCO,CSCO,2021-03-04,45.13999938964844,45.470001220703125,44.150001525878906,44.560001373291016,24653500,38.34714889526367
CSCO,CSCO,2021-03-05,45.45000076293945,46.7400016784668,45.27000045776367,46.25,33197600,39.801513671875
CSCO,CSCO,2021-03-08,46.2400016784668,48.400001525878906,46.20000076293945,47.5099983215332,34824500,40.885833740234375
CSCO,CSCO,2021-03-09,47.81999969482422,48.369998931884766,47.720001220703125,47.88999938964844,26512700,41.21286392211914
CSCO,CSCO,2021-03-10,48.470001220703125,48.790000915527344,48.189998626708984,48.290000915527344,19841500,41.55708312988281
CSCO,CSCO,2021-03-11,48.5099983215332,49.08000183105469,48.22999954223633,48.79999923706055,21976600,41.995975494384766
CSCO,CSCO,2021-03-12,48.810001373291016,48.9900016784668,48.470001220703125,48.81999969482422,15196500,42.01318359375
CSCO,CSCO,2021-03-15,48.900001525878906,49.439998626708984,48.900001525878906,49.40999984741211,15523600,42.52092742919922
CSCO,CSCO,2021-03-16,49.189998626708984,49.7400016784668,49.189998626708984,49.66999816894531,17282300,42.74467849731445
CSCO,CSCO,2021-03-17,49.61000061035156,49.61000061035156,48.88999938964844,49.41999816894531,18326900,42.52953338623047
CSCO,CSCO,2021-03-18,48.52000045776367,49.56999969482422,48.52000045776367,48.79999923706055,18416900,41.995975494384766
CSCO,CSCO,2021-03-19,48.709999084472656,49.220001220703125,48.31999969482422,48.97999954223633,65366800,42.150875091552734
CSCO,CSCO,2021-03-22,48.939998626708984,50.380001068115234,48.939998626708984,50.29999923706055,28813900,43.28683853149414
CSCO,CSCO,2021-03-23,50.02000045776367,50.68000030517578,49.900001525878906,50.0099983215332,28328200,43.037269592285156
CSCO,CSCO,2021-03-24,49.939998626708984,50.45000076293945,49.619998931884766,49.650001525878906,26444700,42.72747039794922
CSCO,CSCO,2021-03-25,50.58000183105469,51.400001525878906,50.290000915527344,50.5099983215332,34537700,43.46756362915039
CSCO,CSCO,2021-03-26,50.599998474121094,52.63999938964844,50.560001373291016,52.56999969482422,31997000,45.2403450012207
CSCO,CSCO,2021-03-29,52.400001525878906,52.939998626708984,52.279998779296875,52.52000045776367,25032800,45.19731521606445
CSCO,CSCO,2021-03-30,52.11000061035156,52.290000915527344,51.18000030517578,51.77000045776367,22465100,44.5518913269043
CSCO,CSCO,2021-03-31,51.83000183105469,52.04999923706055,51.54999923706055,51.709999084472656,22212400,44.50025177001953
CSCO,CSCO,2021-04-01,51.75,52.06999969482422,51.349998474121094,51.97999954223633,17896200,44.732601165771484
CSCO,CSCO,2021-04-05,51.630001068115234,52.91999816894531,51.630001068115234,52.40999984741211,19860900,45.42599105834961
CSCO,CSCO,2021-04-06,51.97999954223633,52.220001220703125,51.779998779296875,52.029998779296875,15126100,45.09663009643555
CSCO,CSCO,2021-04-07,52.0099983215332,52.13999938964844,51.58000183105469,51.77000045776367,15783600,44.87128829956055
CSCO,CSCO,2021-04-08,51.939998626708984,52.0,51.45000076293945,51.90999984741211,15111300,44.99262619018555
CSCO,CSCO,2021-04-09,51.83000183105469,52.150001525878906,51.68000030517578,52.09000015258789,13135800,45.148643493652344
CSCO,CSCO,2021-04-12,52.06999969482422,52.15999984741211,51.470001220703125,51.56999969482422,16441700,44.69792938232422
CSCO,CSCO,2021-04-13,51.63999938964844,51.880001068115234,51.34000015258789,51.65999984741211,13353200,44.77593994140625
CSCO,CSCO,2021-04-14,51.5099983215332,51.68000030517578,51.13999938964844,51.369998931884766,15376600,44.52458953857422
CSCO,CSCO,2021-04-15,51.7599983215332,51.939998626708984,51.369998931884766,51.63999938964844,17869800,44.75860595703125
CSCO,CSCO,2021-04-16,52.45000076293945,53.18000030517578,52.2599983215332,52.79999923706055,28327900,45.76403045654297
CSCO,CSCO,2021-04-19,52.529998779296875,52.959999084472656,52.4900016784668,52.849998474121094,20245600,45.807373046875
CSCO,CSCO,2021-04-20,52.59000015258789,52.790000915527344,51.599998474121094,51.790000915527344,21257500,44.88861846923828
CSCO,CSCO,2021-04-21,51.84000015258789,52.06999969482422,51.47999954223633,51.93000030517578,14015500,45.00995635986328
CSCO,CSCO,2021-04-22,51.810001373291016,52.09000015258789,51.380001068115234,51.5,15564800,44.63726043701172
CSCO,CSCO,2021-04-23,51.5,52.130001068115234,51.18000030517578,51.90999984741211,14016800,44.99262619018555
CSCO,CSCO,2021-04-26,51.650001525878906,51.77000045776367,51.5,51.63999938964844,13778200,44.75860595703125
CSCO,CSCO,2021-04-27,51.58000183105469,51.66999816894531,51.349998474121094,51.369998931884766,13601000,44.52458953857422
CSCO,CSCO,2021-04-28,51.560001373291016,51.77000045776367,50.91999816894531,51.11000061035156,14984000,44.299224853515625
CSCO,CSCO,2021-04-29,51.18000030517578,51.599998474121094,50.97999954223633,51.459999084472656,13916600,44.60258865356445
CSCO,CSCO,2021-04-30,51.220001220703125,51.22999954223633,50.40999984741211,50.90999984741211,19930200,44.12588119506836
CSCO,CSCO,2021-05-03,51.209999084472656,51.400001525878906,50.810001373291016,51.16999816894531,13465900,44.35123062133789
CSCO,CSCO,2021-05-04,51.11000061035156,51.22999954223633,50.29999923706055,50.709999084472656,18164800,43.95253372192383
CSCO,CSCO,2021-05-05,50.9900016784668,51.25,50.68000030517578,51.130001068115234,16205300,44.31655502319336
CSCO,CSCO,2021-05-06,51.06999969482422,52.709999084472656,50.95000076293945,52.439998626708984,27106800,45.45199203491211
CSCO,CSCO,2021-05-07,52.47999954223633,53.68000030517578,52.220001220703125,53.43000030517578,24146000,46.31007766723633
CSCO,CSCO,2021-05-10,53.970001220703125,54.13999938964844,53.15999984741211,53.15999984741211,23845600,46.07605743408203
CSCO,CSCO,2021-05-11,53.099998474121094,53.11000061035156,52.11000061035156,52.83000183105469,20220900,45.7900276184082
CSCO,CSCO,2021-05-12,52.18000030517578,52.43000030517578,51.470001220703125,51.599998474121094,22123300,44.723941802978516
CSCO,CSCO,2021-05-13,52.11000061035156,52.810001373291016,51.880001068115234,52.4900016784668,15864000,45.49534606933594
CSCO,CSCO,2021-05-14,52.93000030517578,53.220001220703125,52.599998474121094,52.900001525878906,14789400,45.85070037841797
CSCO,CSCO,2021-05-17,52.7599983215332,53.150001525878906,52.68000030517578,52.939998626708984,15731000,45.885372161865234
CSCO,CSCO,2021-05-18,52.79999923706055,53.34000015258789,52.7400016784668,52.93000030517578,20177200,45.876708984375
CSCO,CSCO,2021-05-19,51.880001068115234,52.65999984741211,51.86000061035156,52.470001220703125,29187900,45.47800827026367
CSCO,CSCO,2021-05-20,50.40999984741211,52.970001220703125,50.099998474121094,52.849998474121094,48830800,45.807373046875
CSCO,CSCO,2021-05-21,52.77000045776367,52.93000030517578,52.2400016784668,52.43000030517578,24468400,45.443321228027344
CSCO,CSCO,2021-05-24,52.959999084472656,53.77000045776367,52.790000915527344,53.38999938964844,21128900,46.27540969848633
CSCO,CSCO,2021-05-25,53.369998931884766,53.58000183105469,53.13999938964844,53.310001373291016,20657200,46.20607376098633
CSCO,CSCO,2021-05-26,53.349998474121094,53.61000061035156,52.81999969482422,52.90999984741211,18671200,45.859375
CSCO,CSCO,2021-05-27,52.93000030517578,53.349998474121094,52.58000183105469,52.91999816894531,56216100,45.868038177490234
CSCO,CSCO,2021-05-28,53.18000030517578,53.220001220703125,52.84000015258789,52.900001525878906,14863500,45.85070037841797
CSCO,CSCO,2021-06-01,52.959999084472656,53.31999969482422,52.43000030517578,52.619998931884766,15741700,45.608009338378906
CSCO,CSCO,2021-06-02,52.650001525878906,52.9900016784668,52.400001525878906,52.959999084472656,14529300,45.9026985168457
CSCO,CSCO,2021-06-03,52.79999923706055,53.560001373291016,52.619998931884766,53.33000183105469,17593100,46.22340393066406
CSCO,CSCO,2021-06-04,53.439998626708984,54.16999816894531,53.439998626708984,54.06999969482422,11676700,46.86478805541992
CSCO,CSCO,2021-06-07,54.31999969482422,54.439998626708984,53.790000915527344,53.91999816894531,14899800,46.73478317260742
CSCO,CSCO,2021-06-08,53.970001220703125,54.38999938964844,53.88999938964844,54.130001068115234,15329700,46.91679763793945
CSCO,CSCO,2021-06-09,54.18000030517578,54.41999816894531,53.939998626708984,54.02000045776367,14860900,46.821449279785156
CSCO,CSCO,2021-06-10,54.43000030517578,55.08000183105469,54.27000045776367,55.029998779296875,22183500,47.69685363769531
CSCO,CSCO,2021-06-11,55.189998626708984,55.349998474121094,54.540000915527344,54.77000045776367,17134000,47.47151184082031
CSCO,CSCO,2021-06-14,54.38999938964844,54.529998779296875,53.529998779296875,54.16999816894531,15131400,46.95146179199219
CSCO,CSCO,2021-06-15,54.22999954223633,54.31999969482422,53.72999954223633,53.790000915527344,12542600,46.62210464477539
CSCO,CSCO,2021-06-16,53.849998474121094,53.91999816894531,53.130001068115234,53.470001220703125,15477900,46.34474182128906
CSCO,CSCO,2021-06-17,53.40999984741211,53.54999923706055,53.0099983215332,53.130001068115234,18288400,46.050048828125
CSCO,CSCO,2021-06-18,52.810001373291016,52.84000015258789,51.880001068115234,52.06999969482422,35758300,45.13130187988281
CSCO,CSCO,2021-06-21,52.369998931884766,53.40999984741211,52.290000915527344,53.18000030517578,17682200,46.0933952331543
CSCO,CSCO,2021-06-22,53.29999923706055,53.36000061035156,52.810001373291016,53.2599983215332,16451200,46.16272735595703
CSCO,CSCO,2021-06-23,53.27000045776367,53.290000915527344,52.59000015258789,52.7599983215332,14749800,45.72935485839844
CSCO,CSCO,2021-06-24,52.939998626708984,53.04999923706055,52.61000061035156,52.779998779296875,13974300,45.74668884277344
CSCO,CSCO,2021-06-25,52.77000045776367,53.20000076293945,52.650001525878906,53.060001373291016,16682700,45.98938751220703
CSCO,CSCO,2021-06-28,53.15999984741211,53.290000915527344,52.91999816894531,52.959999084472656,14008700,45.9026985168457
CSCO,CSCO,2021-06-29,52.88999938964844,53.189998626708984,52.77000045776367,52.90999984741211,10926100,45.859375
CSCO,CSCO,2021-06-30,52.95000076293945,53.06999969482422,52.619998931884766,53.0,15826400,45.937374114990234
CSCO,CSCO,2021-07-01,53.04999923706055,53.599998474121094,53.0,53.439998626708984,15074800,46.318748474121094
CSCO,CSCO,2021-07-02,53.189998626708984,53.619998931884766,52.84000015258789,53.540000915527344,15066000,46.72895812988281
CSCO,CSCO,2021-07-06,53.220001220703125,53.36000061035156,52.34000015258789,52.97999954223633,19394500,46.24020004272461
CSCO,CSCO,2021-07-07,53.06999969482422,53.29999923706055,52.66999816894531,53.2599983215332,14411600,46.48456954956055
CSCO,CSCO,2021-07-08,53.15999984741211,53.720001220703125,52.90999984741211,53.2599983215332,15691800,46.48456954956055
CSCO,CSCO,2021-07-09,53.36000061035156,53.93000030517578,53.290000915527344,53.7400016784668,14673400,46.90350341796875
CSCO,CSCO,2021-07-12,54.040000915527344,54.040000915527344,53.130001068115234,53.22999954223633,14000600,46.45840072631836
CSCO,CSCO,2021-07-13,53.34000015258789,53.58000183105469,53.20000076293945,53.31999969482422,9927400,46.53693389892578
CSCO,CSCO,2021-07-14,53.5,54.20000076293945,53.34000015258789,54.09000015258789,17113700,47.208984375
CSCO,CSCO,2021-07-15,53.84000015258789,53.869998931884766,53.2400016784668,53.650001525878906,14952400,46.8249626159668
CSCO,CSCO,2021-07-16,53.880001068115234,54.40999984741211,53.650001525878906,53.70000076293945,14144900,46.86859130859375
CSCO,CSCO,2021-07-19,53.66999816894531,53.70000076293945,52.72999954223633,53.060001373291016,19925300,46.31002426147461
CSCO,CSCO,2021-07-20,53.279998779296875,53.93000030517578,53.189998626708984,53.58000183105469,17250200,46.76387023925781
CSCO,CSCO,2021-07-21,53.81999969482422,53.900001525878906,53.41999816894531,53.880001068115234,14068600,47.025699615478516
CSCO,CSCO,2021-07-22,53.90999984741211,54.54999923706055,53.779998779296875,54.540000915527344,15729800,47.601741790771484
CSCO,CSCO,2021-07-23,54.88999938964844,55.34000015258789,54.5099983215332,55.22999954223633,13042500,48.20395278930664
CSCO,CSCO,2021-07-26,55.130001068115234,55.650001525878906,55.130001068115234,55.470001220703125,10097400,48.413421630859375
CSCO,CSCO,2021-07-27,55.380001068115234,55.40999984741211,54.790000915527344,55.279998779296875,14738700,48.24760437011719
CSCO,CSCO,2021-07-28,55.459999084472656,55.52000045776367,54.40999984741211,54.77000045776367,18835700,47.80248260498047
CSCO,CSCO,2021-07-29,55.0,55.349998474121094,54.900001525878906,55.06999969482422,10680200,48.0643196105957
CSCO,CSCO,2021-07-30,55.08000183105469,55.4900016784668,55.0099983215332,55.369998931884766,13438800,48.32615661621094
CSCO,CSCO,2021-08-02,55.599998474121094,55.939998626708984,55.2599983215332,55.45000076293945,12468800,48.39596939086914
CSCO,CSCO,2021-08-03,55.540000915527344,56.41999816894531,55.27000045776367,56.25,17357400,49.09419250488281
CSCO,CSCO,2021-08-04,56.369998931884766,56.369998931884766,55.470001220703125,55.689998626708984,11662400,48.60544967651367
CSCO,CSCO,2021-08-05,55.52000045776367,55.97999954223633,55.5,55.7599983215332,10785200,48.666526794433594
CSCO,CSCO,2021-08-06,55.470001220703125,55.95000076293945,55.150001525878906,55.59000015258789,18386100,48.518150329589844
CSCO,CSCO,2021-08-09,55.81999969482422,56.06999969482422,55.400001525878906,55.470001220703125,8707200,48.413421630859375
CSCO,CSCO,2021-08-10,55.5,55.66999816894531,55.25,55.61000061035156,10441900,48.53562545776367
CSCO,CSCO,2021-08-11,55.88999938964844,56.0099983215332,55.599998474121094,55.86000061035156,12604500,48.75382614135742
CSCO,CSCO,2021-08-12,55.849998474121094,56.45000076293945,55.65999984741211,56.38999938964844,11209700,49.21638870239258
CSCO,CSCO,2021-08-13,56.38999938964844,56.619998931884766,56.2599983215332,56.470001220703125,10841700,49.286216735839844
CSCO,CSCO,2021-08-16,56.29999923706055,56.43000030517578,55.93000030517578,56.279998779296875,14407400,49.12038803100586
CSCO,CSCO,2021-08-17,55.869998931884766,56.02000045776367,55.630001068115234,56.0099983215332,11987500,48.88473892211914
CSCO,CSCO,2021-08-18,55.790000915527344,56.13999938964844,55.029998779296875,55.150001525878906,17111700,48.13414001464844
CSCO,CSCO,2021-08-19,54.7599983215332,57.4900016784668,54.59000015258789,57.27000045776367,39881600,49.98444747924805
CSCO,CSCO,2021-08-20,57.25,58.34000015258789,56.849998474121094,58.220001220703125,21876500,50.813594818115234
CSCO,CSCO,2021-08-23,57.849998474121094,58.70000076293945,57.7400016784668,58.540000915527344,16225400,51.09288024902344
CSCO,CSCO,2021-08-24,58.4900016784668,59.43000030517578,58.43000030517578,59.31999969482422,17658300,51.77366638183594
CSCO,CSCO,2021-08-25,59.540000915527344,60.27000045776367,59.16999816894531,59.349998474121094,18069600,51.799835205078125
CSCO,CSCO,2021-08-26,59.41999816894531,59.630001068115234,58.9900016784668,59.20000076293945,13729400,51.66892623901367
CSCO,CSCO,2021-08-27,59.27000045776367,59.349998474121094,58.86000061035156,59.02000045776367,14795200,51.51182556152344
CSCO,CSCO,2021-08-30,58.97999954223633,59.220001220703125,58.79999923706055,59.130001068115234,11798600,51.60782241821289
CSCO,CSCO,2021-08-31,59.11000061035156,59.18000030517578,58.58000183105469,59.02000045776367,19873900,51.51182556152344
CSCO,CSCO,2021-09-01,59.02000045776367,59.13999938964844,58.65999984741211,59.040000915527344,11629700,51.529273986816406
CSCO,CSCO,2021-09-02,59.349998474121094,59.720001220703125,59.060001373291016,59.529998779296875,12855700,51.95694351196289
CSCO,CSCO,2021-09-03,59.33000183105469,59.65999984741211,59.279998779296875,59.41999816894531,9732200,51.860931396484375
CSCO,CSCO,2021-09-07,59.2400016784668,59.369998931884766,58.75,58.880001068115234,15503600,51.38963317871094
CSCO,CSCO,2021-09-08,58.54999923706055,58.93000030517578,58.4900016784668,58.68000030517578,13124500,51.21506881713867
CSCO,CSCO,2021-09-09,58.45000076293945,58.939998626708984,58.25,58.599998474121094,14958800,51.14524841308594
CSCO,CSCO,2021-09-10,58.75,58.95000076293945,57.81999969482422,57.88999938964844,13622100,50.52557373046875
CSCO,CSCO,2021-09-13,58.15999984741211,58.529998779296875,57.72999954223633,58.099998474121094,13553200,50.70884704589844
CSCO,CSCO,2021-09-14,58.2400016784668,58.470001220703125,57.65999984741211,57.869998931884766,12810300,50.50811004638672
CSCO,CSCO,2021-09-15,57.779998779296875,59.599998474121094,57.060001373291016,57.560001373291016,37524600,50.237552642822266
CSCO,CSCO,2021-09-16,58.310001373291016,58.81999969482422,57.130001068115234,57.33000183105469,24029600,50.03681945800781
CSCO,CSCO,2021-09-17,57.38999938964844,57.45000076293945,56.470001220703125,56.849998474121094,40262700,49.61787033081055
CSCO,CSCO,2021-09-20,56.380001068115234,56.400001525878906,55.290000915527344,55.88999938964844,21897000,48.77999496459961
CSCO,CSCO,2021-09-21,55.959999084472656,56.369998931884766,55.22999954223633,55.2599983215332,18700600,48.23014450073242
CSCO,CSCO,2021-09-22,55.7599983215332,56.130001068115234,55.369998931884766,55.52000045776367,17940600,48.45706558227539
CSCO,CSCO,2021-09-23,55.70000076293945,56.900001525878906,55.599998474121094,56.689998626708984,16262500,49.47822570800781
CSCO,CSCO,2021-09-24,56.45000076293945,56.810001373291016,56.220001220703125,56.72999954223633,13156400,49.51314163208008
CSCO,CSCO,2021-09-27,56.459999084472656,56.66999816894531,56.04999923706055,56.220001220703125,13859500,49.06801986694336
CSCO,CSCO,2021-09-28,55.779998779296875,55.9900016784668,55.40999984741211,55.52000045776367,17803200,48.45706558227539
CSCO,CSCO,2021-09-29,55.619998931884766,55.97999954223633,55.34000015258789,55.47999954223633,14051700,48.42215347290039
CSCO,CSCO,2021-09-30,55.79999923706055,55.900001525878906,54.40999984741211,54.43000030517578,18538000,47.50572967529297
CSCO,CSCO,2021-10-01,54.599998474121094,55.40999984741211,54.040000915527344,55.13999938964844,18338000,48.12541198730469
CSCO,CSCO,2021-10-04,54.5,54.68000030517578,53.95000076293945,54.22999954223633,17084100,47.65092086791992
CSCO,CSCO,2021-10-05,54.130001068115234,55.029998779296875,54.130001068115234,54.689998626708984,14135000,48.05511474609375
CSCO,CSCO,2021-10-06,54.349998474121094,54.380001068115234,52.97999954223633,53.939998626708984,26339200,47.39610290527344
CSCO,CSCO,2021-10-07,54.4900016784668,55.40999984741211,54.349998474121094,55.02000045776367,14725500,48.34507751464844
CSCO,CSCO,2021-10-08,55.20000076293945,55.29999923706055,54.75,55.08000183105469,9255500,48.39780807495117
CSCO,CSCO,2021-10-11,55.25,55.380001068115234,54.900001525878906,54.93000030517578,8117600,48.26599884033203
CSCO,CSCO,2021-10-12,54.9900016784668,55.060001373291016,54.06999969482422,54.279998779296875,14241900,47.69485092163086
CSCO,CSCO,2021-10-13,54.31999969482422,54.75,54.08000183105469,54.619998931884766,13737100,47.99360656738281
CSCO,CSCO,2021-10-14,55.09000015258789,55.849998474121094,54.97999954223633,55.650001525878906,14455900,48.898658752441406
CSCO,CSCO,2021-10-15,55.88999938964844,55.88999938964844,54.959999084472656,55.25,15202200,48.547176361083984
CSCO,CSCO,2021-10-18,55.040000915527344,55.4900016784668,54.56999969482422,55.189998626708984,10989600,48.49445343017578
CSCO,CSCO,2021-10-19,55.290000915527344,55.779998779296875,55.029998779296875,55.7400016784668,13258400,48.97774124145508
CSCO,CSCO,2021-10-20,55.79999923706055,56.22999954223633,55.79999923706055,56.20000076293945,11613600,49.381927490234375
CSCO,CSCO,2021-10-21,56.040000915527344,56.119998931884766,55.529998779296875,55.689998626708984,12619900,48.93379592895508
CSCO,CSCO,2021-10-22,55.54999923706055,55.86000061035156,54.939998626708984,55.11000061035156,15026600,48.42416000366211
CSCO,CSCO,2021-10-25,55.11000061035156,55.41999816894531,54.810001373291016,55.13999938964844,10218900,48.45052719116211
CSCO,CSCO,2021-10-26,55.560001373291016,56.349998474121094,55.400001525878906,55.810001373291016,15250000,49.03923797607422
CSCO,CSCO,2021-10-27,56.130001068115234,56.720001220703125,55.93000030517578,56.18000030517578,16279000,49.36434555053711
CSCO,CSCO,2021-10-28,56.22999954223633,56.689998626708984,55.88999938964844,56.2400016784668,11209200,49.417076110839844
CSCO,CSCO,2021-10-29,56.31999969482422,56.58000183105469,55.86000061035156,55.970001220703125,13550400,49.17982482910156
CSCO,CSCO,2021-11-01,55.869998931884766,56.25,55.5,56.099998474121094,14341400,49.29405975341797
CSCO,CSCO,2021-11-02,56.369998931884766,57.869998931884766,56.279998779296875,57.619998931884766,22097900,50.6296501159668
CSCO,CSCO,2021-11-03,57.58000183105469,57.93000030517578,57.119998931884766,57.650001525878906,13219400,50.65602111816406
CSCO,CSCO,2021-11-04,57.599998474121094,57.689998626708984,56.560001373291016,57.119998931884766,18070400,50.1903076171875
CSCO,CSCO,2021-11-05,57.380001068115234,57.79999923706055,56.93000030517578,57.06999969482422,15637700,50.1463737487793
CSCO,CSCO,2021-11-08,57.099998474121094,57.52000045776367,56.59000015258789,57.0,15045300,50.08486557006836
CSCO,CSCO,2021-11-09,57.06999969482422,57.630001068115234,56.900001525878906,57.439998626708984,14459800,50.47148895263672
CSCO,CSCO,2021-11-10,57.900001525878906,58.630001068115234,57.689998626708984,57.77000045776367,17876300,50.76145935058594
CSCO,CSCO,2021-11-11,57.56999969482422,57.77000045776367,56.689998626708984,56.7599983215332,17440700,49.873985290527344
CSCO,CSCO,2021-11-12,56.970001220703125,57.150001525878906,56.310001373291016,56.81999969482422,16663600,49.92670822143555
CSCO,CSCO,2021-11-15,56.93000030517578,57.70000076293945,56.83000183105469,57.27000045776367,19041800,50.322113037109375
CSCO,CSCO,2021-11-16,57.2400016784668,58.08000183105469,56.93000030517578,57.0,21136900,50.08486557006836
CSCO,CSCO,2021-11-17,56.61000061035156,57.13999938964844,56.27000045776367,56.7599983215332,31496300,49.873985290527344
CSCO,CSCO,2021-11-18,52.72999954223633,53.93000030517578,51.08000183105469,53.630001068115234,70834000,47.12370300292969
CSCO,CSCO,2021-11-19,53.54999923706055,53.689998626708984,52.779998779296875,53.25,30030800,46.789817810058594
CSCO,CSCO,2021-11-22,53.349998474121094,55.529998779296875,53.29999923706055,54.599998474121094,39949300,47.97603988647461
CSCO,CSCO,2021-11-23,54.61000061035156,55.58000183105469,54.470001220703125,55.29999923706055,25653100,48.591102600097656
CSCO,CSCO,2021-11-24,55.150001525878906,55.75,55.150001525878906,55.540000915527344,19328700,48.801998138427734
CSCO,CSCO,2021-11-26,54.459999084472656,55.189998626708984,54.459999084472656,54.66999816894531,16730300,48.037532806396484
CSCO,CSCO,2021-11-29,55.13999938964844,56.189998626708984,54.83000183105469,55.7599983215332,25724500,48.995304107666016
CSCO,CSCO,2021-11-30,55.58000183105469,55.599998474121094,54.150001525878906,54.84000015258789,45141300,48.18691635131836
CSCO,CSCO,2021-12-01,55.529998779296875,56.380001068115234,54.93000030517578,55.029998779296875,24120500,48.35386657714844
CSCO,CSCO,2021-12-02,55.150001525878906,56.61000061035156,55.08000183105469,56.150001525878906,22384700,49.33799743652344
CSCO,CSCO,2021-12-03,56.29999923706055,56.81999969482422,55.66999816894531,56.22999954223633,26235400,49.408287048339844
CSCO,CSCO,2021-12-06,56.70000076293945,57.16999816894531,56.470001220703125,56.959999084472656,23172800,50.049720764160156
CSCO,CSCO,2021-12-07,57.099998474121094,58.220001220703125,57.0099983215332,58.08000183105469,24254800,51.033843994140625
CSCO,CSCO,2021-12-08,58.08000183105469,58.130001068115234,56.630001068115234,57.02000045776367,23631300,50.10244369506836
CSCO,CSCO,2021-12-09,57.20000076293945,57.83000183105469,56.93000030517578,57.54999923706055,16480200,50.568138122558594
CSCO,CSCO,2021-12-10,57.90999984741211,59.34000015258789,57.90999984741211,59.25,19901500,52.06190490722656
CSCO,CSCO,2021-12-13,59.099998474121094,59.5099983215332,58.540000915527344,58.61000061035156,18496300,51.49954605102539
CSCO,CSCO,2021-12-14,58.34000015258789,58.529998779296875,57.369998931884766,57.77000045776367,19114200,50.76145935058594
CSCO,CSCO,2021-12-15,57.91999816894531,60.029998779296875,57.900001525878906,59.93000030517578,27953900,52.65940475463867
CSCO,CSCO,2021-12-16,60.04999923706055,60.7599983215332,59.869998931884766,60.310001373291016,24599300,52.99331283569336
CSCO,CSCO,2021-12-17,60.27000045776367,60.79999923706055,59.790000915527344,60.459999084472656,62171000,53.125099182128906
CSCO,CSCO,2021-12-20,59.66999816894531,60.40999984741211,59.29999923706055,60.36000061035156,21342100,53.0372428894043
CSCO,CSCO,2021-12-21,60.439998626708984,61.2400016784668,60.0,61.029998779296875,20761100,53.62595748901367
CSCO,CSCO,2021-12-22,60.970001220703125,61.599998474121094,60.619998931884766,61.529998779296875,17095500,54.06529235839844
CSCO,CSCO,2021-12-23,61.790000915527344,62.900001525878906,61.790000915527344,62.279998779296875,17771400,54.72431945800781
CSCO,CSCO,2021-12-27,62.40999984741211,63.470001220703125,62.279998779296875,63.41999816894531,14779700,55.726009368896484
CSCO,CSCO,2021-12-28,63.41999816894531,63.84000015258789,63.22999954223633,63.529998779296875,12865000,55.822662353515625
CSCO,CSCO,2021-12-29,63.650001525878906,64.29000091552734,63.54999923706055,63.959999084472656,15069900,56.200496673583984
CSCO,CSCO,2021-12-30,64.04000091552734,64.13999938964844,63.470001220703125,63.619998931884766,9076700,55.90175247192383
CSCO,CSCO,2021-12-31,63.54999923706055,63.81999969482422,63.31999969482422,63.369998931884766,10359100,55.682071685791016
CSCO,CSCO,2022-01-03,62.900001525878906,63.349998474121094,62.5,63.15999984741211,17184300,55.49755096435547
CSCO,CSCO,2022-01-04,62.439998626708984,62.810001373291016,61.11000061035156,61.25,29682500,54.13639831542969
CSCO,CSCO,2022-01-05,61.189998626708984,61.63999938964844,60.25,60.279998779296875,30317900,53.27906036376953
CSCO,CSCO,2022-01-06,60.0,61.130001068115234,59.90999984741211,60.91999816894531,19616600,53.8447380065918
CSCO,CSCO,2022-01-07,60.869998931884766,61.5,60.66999816894531,61.130001068115234,20152400,54.03034591674805
CSCO,CSCO,2022-01-10,60.869998931884766,61.900001525878906,60.52000045776367,61.81999969482422,24715300,54.64020538330078
CSCO,CSCO,2022-01-11,61.599998474121094,62.43000030517578,61.439998626708984,62.369998931884766,22804200,55.12632751464844
CSCO,CSCO,2022-01-12,62.400001525878906,62.81999969482422,61.91999816894531,62.119998931884766,13405400,54.905364990234375
CSCO,CSCO,2022-01-13,62.08000183105469,62.150001525878906,61.209999084472656,61.5,14871600,54.357364654541016
CSCO,CSCO,2022-01-14,61.470001220703125,61.5,60.939998626708984,61.36000061035156,18831900,54.233638763427734
CSCO,CSCO,2022-01-18,59.97999954223633,60.220001220703125,59.4900016784668,59.72999954223633,26545800,52.79293441772461
CSCO,CSCO,2022-01-19,58.0,59.4900016784668,57.779998779296875,58.900001525878906,24333900,52.05934143066406
CSCO,CSCO,2022-01-20,58.9900016784668,59.34000015258789,58.02000045776367,58.08000183105469,17726500,51.33457946777344
CSCO,CSCO,2022-01-21,58.06999969482422,58.34000015258789,56.61000061035156,56.68000030517578,25914000,50.09716796875
CSCO,CSCO,2022-01-24,56.15999984741211,57.0,54.869998931884766,56.900001525878906,34180100,50.291622161865234
CSCO,CSCO,2022-01-25,56.09000015258789,56.689998626708984,55.06999969482422,56.11000061035156,25156400,49.59335708618164
CSCO,CSCO,2022-01-26,56.11000061035156,56.45000076293945,54.86000061035156,55.33000183105469,28632700,48.903953552246094
CSCO,CSCO,2022-01-27,55.5099983215332,56.529998779296875,54.400001525878906,54.619998931884766,25967400,48.27640914916992
CSCO,CSCO,2022-01-28,54.5,55.65999984741211,53.45000076293945,55.61000061035156,30976600,49.15143966674805
CSCO,CSCO,2022-01-31,55.43000030517578,55.86000061035156,54.869998931884766,55.66999816894531,29925300,49.204471588134766
CSCO,CSCO,2022-02-01,55.45000076293945,55.5,54.7400016784668,55.369998931884766,22438500,48.93931198120117
CSCO,CSCO,2022-02-02,55.22999954223633,56.31999969482422,55.16999816894531,56.16999816894531,23316700,49.64639663696289
CSCO,CSCO,2022-02-03,55.869998931884766,56.150001525878906,55.060001373291016,55.20000076293945,19260500,48.7890510559082
CSCO,CSCO,2022-02-04,54.88999938964844,55.619998931884766,54.38999938964844,55.150001525878906,19675900,48.74485778808594
CSCO,CSCO,2022-02-07,55.33000183105469,55.529998779296875,54.70000076293945,55.16999816894531,14450200,48.762535095214844
CSCO,CSCO,2022-02-08,55.060001373291016,55.4900016784668,54.709999084472656,55.34000015258789,15219900,48.91279983520508
CSCO,CSCO,2022-02-09,55.81999969482422,56.380001068115234,55.47999954223633,56.290000915527344,19136700,49.75246810913086
CSCO,CSCO,2022-02-10,55.2400016784668,56.029998779296875,54.7400016784668,54.869998931884766,19730600,48.497379302978516
CSCO,CSCO,2022-02-11,54.869998931884766,55.09000015258789,53.77000045776367,53.900001525878906,20132500,47.64004135131836
CSCO,CSCO,2022-02-14,53.40999984741211,53.650001525878906,52.70000076293945,53.18000030517578,21868400,47.003665924072266
CSCO,CSCO,2022-02-15,53.720001220703125,54.29999923706055,53.63999938964844,54.27000045776367,17678000,47.967071533203125
CSCO,CSCO,2022-02-16,54.130001068115234,54.439998626708984,53.38999938964844,54.25,20388700,47.94938659667969
CSCO,CSCO,2022-02-17,55.5,57.060001373291016,55.400001525878906,55.77000045776367,32884700,49.29286193847656
CSCO,CSCO,2022-02-18,55.459999084472656,57.689998626708984,55.380001068115234,57.209999084472656,35626200,50.56562042236328
CSCO,CSCO,2022-02-22,56.93000030517578,57.13999938964844,55.7400016784668,56.29999923706055,25188300,49.76130294799805
CSCO,CSCO,2022-02-23,56.61000061035156,56.9900016784668,54.369998931884766,54.439998626708984,22033700,48.11732482910156
CSCO,CSCO,2022-02-24,54.06999969482422,54.83000183105469,53.209999084472656,54.72999954223633,27739300,48.37363815307617
CSCO,CSCO,2022-02-25,54.97999954223633,56.220001220703125,54.4900016784668,56.040000915527344,18963700,49.531494140625
CSCO,CSCO,2022-02-28,55.40999984741211,56.0,54.75,55.77000045776367,23868700,49.29286193847656
CSCO,CSCO,2022-03-01,55.529998779296875,55.849998474121094,54.2599983215332,54.619998931884766,17799600,48.27640914916992
CSCO,CSCO,2022-03-02,54.77000045776367,56.380001068115234,54.709999084472656,56.150001525878906,18660000,49.628719329833984
CSCO,CSCO,2022-03-03,56.7400016784668,57.0,55.84000015258789,56.06999969482422,16794600,49.55801010131836
CSCO,CSCO,2022-03-04,55.66999816894531,56.900001525878906,55.25,56.5099983215332,16729000,49.9469108581543
CSCO,CSCO,2022-03-07,56.310001373291016,56.439998626708984,55.52000045776367,55.59000015258789,21350900,49.13376235961914
CSCO,CSCO,2022-03-08,55.70000076293945,55.86000061035156,54.06999969482422,54.400001525878906,23642400,48.08196258544922
CSCO,CSCO,2022-03-09,55.63999938964844,56.25,55.25,55.91999816894531,19150900,49.42543029785156
CSCO,CSCO,2022-03-10,54.400001525878906,55.15999984741211,53.970001220703125,54.709999084472656,18550900,48.35596466064453
CSCO,CSCO,2022-03-11,55.290000915527344,56.209999084472656,54.599998474121094,54.689998626708984,20330300,48.338287353515625
CSCO,CSCO,2022-03-14,54.72999954223633,55.400001525878906,54.0,54.29999923706055,17977500,47.99357986450195
CSCO,CSCO,2022-03-15,54.41999816894531,55.72999954223633,54.41999816894531,55.599998474121094,18829100,49.142601013183594
CSCO,CSCO,2022-03-16,55.93000030517578,56.0,54.599998474121094,55.810001373291016,21821800,49.32821273803711
CSCO,CSCO,2022-03-17,55.4900016784668,56.29999923706055,55.349998474121094,56.16999816894531,18830500,49.64639663696289
CSCO,CSCO,2022-03-18,56.029998779296875,56.41999816894531,55.540000915527344,55.970001220703125,51807200,49.46963119506836
CSCO,CSCO,2022-03-21,56.060001373291016,56.54999923706055,55.52000045776367,56.0,29174600,49.49614715576172
CSCO,CSCO,2022-03-22,56.36000061035156,56.720001220703125,56.09000015258789,56.16999816894531,29287900,49.64639663696289
CSCO,CSCO,2022-03-23,55.900001525878906,56.09000015258789,54.45000076293945,54.47999954223633,19742100,48.152679443359375
CSCO,CSCO,2022-03-24,54.66999816894531,54.689998626708984,53.68000030517578,54.5,20551500,48.170352935791016
CSCO,CSCO,2022-03-25,54.61000061035156,55.18000030517578,54.400001525878906,54.970001220703125,18090600,48.58576965332031
CSCO,CSCO,2022-03-28,54.79999923706055,55.15999984741211,54.41999816894531,55.13999938964844,17164600,48.736026763916016
CSCO,CSCO,2022-03-29,55.66999816894531,56.310001373291016,55.040000915527344,55.66999816894531,20036500,49.204471588134766
CSCO,CSCO,2022-03-30,55.75,56.939998626708984,55.59000015258789,56.04999923706055,16125400,49.540340423583984
CSCO,CSCO,2022-03-31,56.040000915527344,56.880001068115234,55.720001220703125,55.7599983215332,27587700,49.28401565551758
CSCO,CSCO,2022-04-01,56.16999816894531,56.189998626708984,54.88999938964844,55.65999984741211,17465100,49.19562530517578
CSCO,CSCO,2022-04-04,55.459999084472656,56.119998931884766,54.9900016784668,55.869998931884766,19629200,49.3812370300293
CSCO,CSCO,2022-04-05,55.20000076293945,55.59000015258789,54.66999816894531,54.91999816894531,16063600,48.87398910522461
CSCO,CSCO,2022-04-06,54.689998626708984,54.7599983215332,53.84000015258789,54.369998931884766,19644100,48.38453674316406
CSCO,CSCO,2022-04-07,54.43000030517578,54.849998474121094,53.7400016784668,54.630001068115234,15739000,48.61591720581055
CSCO,CSCO,2022-04-08,54.84000015258789,54.90999984741211,54.0099983215332,54.279998779296875,18148200,48.304443359375
CSCO,CSCO,2022-04-11,53.91999816894531,53.95000076293945,52.790000915527344,52.880001068115234,20992100,47.05857467651367
CSCO,CSCO,2022-04-12,51.70000076293945,52.95000076293945,51.47999954223633,51.81999969482422,25254200,46.11526107788086
CSCO,CSCO,2022-04-13,51.84000015258789,52.36000061035156,51.40999984741211,52.150001525878906,17004600,46.408935546875
CSCO,CSCO,2022-04-14,52.08000183105469,52.380001068115234,51.119998931884766,51.16999816894531,18024800,45.53681182861328
CSCO,CSCO,2022-04-18,50.880001068115234,51.560001373291016,50.79999923706055,51.11000061035156,13990700,45.48341751098633
CSCO,CSCO,2022-04-19,51.0,51.939998626708984,50.91999816894531,51.83000183105469,15490900,46.1241569519043
CSCO,CSCO,2022-04-20,52.220001220703125,53.66999816894531,52.150001525878906,53.02000045776367,19526200,47.18315887451172
CSCO,CSCO,2022-04-21,53.34000015258789,53.83000183105469,52.72999954223633,52.779998779296875,17147300,46.969581604003906
CSCO,CSCO,2022-04-22,52.91999816894531,52.959999084472656,51.290000915527344,51.36000061035156,17693000,45.705902099609375
CSCO,CSCO,2022-04-25,51.45000076293945,51.97999954223633,50.540000915527344,51.939998626708984,18677000,46.222049713134766
CSCO,CSCO,2022-04-26,51.880001068115234,51.939998626708984,50.869998931884766,50.900001525878906,19238300,45.29654312133789
CSCO,CSCO,2022-04-27,50.90999984741211,51.11000061035156,49.25,49.310001373291016,33668600,43.88158416748047
CSCO,CSCO,2022-04-28,49.529998779296875,50.779998779296875,49.209999084472656,50.630001068115234,20170700,45.0562629699707
CSCO,CSCO,2022-04-29,50.5099983215332,50.63999938964844,48.869998931884766,48.97999954223633,20281400,43.58790588378906
CSCO,CSCO,2022-05-02,49.34000015258789,49.90999984741211,48.93000030517578,49.86000061035156,22499200,44.37104034423828
CSCO,CSCO,2022-05-03,49.77000045776367,50.36000061035156,49.529998779296875,49.91999816894531,15828200,44.42442321777344
CSCO,CSCO,2022-05-04,50.029998779296875,51.65999984741211,49.66999816894531,51.58000183105469,23942300,45.90168762207031
CSCO,CSCO,2022-05-05,51.150001525878906,51.209999084472656,49.15999984741211,49.61000061035156,24846500,44.148555755615234
CSCO,CSCO,2022-05-06,49.150001525878906,49.84000015258789,48.849998474121094,49.33000183105469,21743900,43.899383544921875
CSCO,CSCO,2022-05-09,49.0,49.41999816894531,48.66999816894531,48.959999084472656,22421200,43.57011032104492
CSCO,CSCO,2022-05-10,49.709999084472656,50.2400016784668,49.150001525878906,49.54999923706055,21741100,44.095157623291016
CSCO,CSCO,2022-05-11,49.09000015258789,49.63999938964844,48.58000183105469,48.650001525878906,23872100,43.29423904418945
CSCO,CSCO,2022-05-12,48.630001068115234,48.779998779296875,47.470001220703125,48.290000915527344,25951000,42.973873138427734
CSCO,CSCO,2022-05-13,48.709999084472656,49.630001068115234,48.529998779296875,49.560001373291016,18954500,44.10406494140625
CSCO,CSCO,2022-05-16,49.65999984741211,49.65999984741211,48.880001068115234,49.0,20254500,43.605712890625
CSCO,CSCO,2022-05-17,49.68000030517578,50.720001220703125,49.5099983215332,50.599998474121094,18780600,45.02956008911133
CSCO,CSCO,2022-05-18,50.470001220703125,50.470001220703125,48.209999084472656,48.36000061035156,40672700,43.03615951538086
CSCO,CSCO,2022-05-19,43.060001373291016,43.93000030517578,41.02000045776367,41.720001220703125,97674600,37.12714385986328
CSCO,CSCO,2022-05-20,41.86000061035156,43.0,41.52000045776367,42.939998626708984,46148700,38.21284484863281
CSCO,CSCO,2022-05-23,43.34000015258789,43.81999969482422,42.939998626708984,43.349998474121094,27366600,38.577701568603516
CSCO,CSCO,2022-05-24,43.400001525878906,44.060001373291016,42.5,43.77000045776367,30053900,38.95146560668945
CSCO,CSCO,2022-05-25,43.75,44.41999816894531,43.189998626708984,44.0,25504600,39.15614700317383
CSCO,CSCO,2022-05-26,44.04999923706055,45.529998779296875,44.04999923706055,44.9900016784668,28294700,40.03715133666992
CSCO,CSCO,2022-05-27,45.119998931884766,45.63999938964844,44.95000076293945,45.619998931884766,23882100,40.597808837890625
CSCO,CSCO,2022-05-31,45.27000045776367,45.61000061035156,44.7400016784668,45.04999923706055,64821200,40.090553283691406
CSCO,CSCO,2022-06-01,45.54999923706055,45.79999923706055,44.77000045776367,45.22999954223633,20666000,40.250732421875
CSCO,CSCO,2022-06-02,45.18000030517578,45.79999923706055,44.900001525878906,45.790000915527344,20546800,40.749088287353516
CSCO,CSCO,2022-06-03,45.54999923706055,45.7400016784668,45.119998931884766,45.25,17947000,40.26853561401367
CSCO,CSCO,2022-06-06,45.599998474121094,46.09000015258789,45.130001068115234,45.33000183105469,12641900,40.33973693847656
CSCO,CSCO,2022-06-07,44.81999969482422,45.650001525878906,44.720001220703125,45.56999969482422,14667200,40.55331039428711
CSCO,CSCO,2022-06-08,45.45000076293945,45.630001068115234,44.880001068115234,44.91999816894531,16263800,39.9748649597168
CSCO,CSCO,2022-06-09,44.83000183105469,45.27000045776367,44.2400016784668,44.2599983215332,18417700,39.38751983642578
CSCO,CSCO,2022-06-10,43.79999923706055,43.9900016784668,43.290000915527344,43.4900016784668,20262400,38.70228958129883
CSCO,CSCO,2022-06-13,43.060001373291016,43.84000015258789,42.88999938964844,43.2400016784668,29050800,38.479820251464844
CSCO,CSCO,2022-06-14,43.630001068115234,43.70000076293945,42.56999969482422,42.90999984741211,22499100,38.186134338378906
CSCO,CSCO,2022-06-15,43.369998931884766,44.43000030517578,43.099998474121094,43.79999923706055,22525100,38.97816467285156
CSCO,CSCO,2022-06-16,42.810001373291016,43.40999984741211,42.810001373291016,43.31999969482422,27049000,38.55100631713867
CSCO,CSCO,2022-06-17,43.36000061035156,44.0,43.2400016784668,43.38999938964844,59678600,38.61330032348633
CSCO,CSCO,2022-06-21,43.810001373291016,44.279998779296875,43.70000076293945,44.13999938964844,23277900,39.280731201171875
CSCO,CSCO,2022-06-22,43.470001220703125,44.119998931884766,43.16999816894531,43.56999969482422,19942300,38.77347946166992
CSCO,CSCO,2022-06-23,43.40999984741211,43.459999084472656,42.720001220703125,42.93000030517578,33801700,38.20394515991211
CSCO,CSCO,2022-06-24,43.439998626708984,44.220001220703125,43.2400016784668,44.099998474121094,30543800,39.245140075683594
CSCO,CSCO,2022-06-27,44.290000915527344,44.290000915527344,43.630001068115234,43.77000045776367,22755300,38.95146560668945
CSCO,CSCO,2022-06-28,43.90999984741211,44.470001220703125,42.9900016784668,43.060001373291016,20091300,38.31962585449219
CSCO,CSCO,2022-06-29,43.13999938964844,43.2599983215332,42.689998626708984,42.880001068115234,13450800,38.15944290161133
CSCO,CSCO,2022-06-30,42.369998931884766,43.13999938964844,42.189998626708984,42.63999938964844,24947900,37.94587326049805
CSCO,CSCO,2022-07-01,42.52000045776367,42.70000076293945,41.56999969482422,42.599998474121094,24338500,37.9102668762207
CSCO,CSCO,2022-07-05,41.52000045776367,41.970001220703125,40.81999969482422,41.959999084472656,24442600,37.67680358886719
CSCO,CSCO,2022-07-06,42.119998931884766,42.93000030517578,42.0099983215332,42.689998626708984,17250400,38.33229064941406
CSCO,CSCO,2022-07-07,42.880001068115234,43.36000061035156,42.790000915527344,43.220001220703125,22316700,38.80819320678711
CSCO,CSCO,2022-07-08,43.029998779296875,43.61000061035156,42.939998626708984,43.38999938964844,11817000,38.960838317871094
CSCO,CSCO,2022-07-11,43.34000015258789,43.68000030517578,43.06999969482422,43.25,15245200,38.83513259887695
CSCO,CSCO,2022-07-12,43.58000183105469,43.83000183105469,42.65999984741211,42.86000061035156,17385300,38.48493957519531
CSCO,CSCO,2022-07-13,41.849998474121094,43.04999923706055,41.79999923706055,42.70000076293945,16854200,38.34127426147461
CSCO,CSCO,2022-07-14,41.790000915527344,42.470001220703125,41.349998474121094,42.33000183105469,17336200,38.0090446472168
CSCO,CSCO,2022-07-15,42.5,43.130001068115234,42.5,43.06999969482422,19897800,38.673500061035156
CSCO,CSCO,2022-07-18,43.29999923706055,43.31999969482422,42.40999984741211,42.599998474121094,16743800,38.25148391723633
CSCO,CSCO,2022-07-19,42.81999969482422,44.09000015258789,42.650001525878906,44.029998779296875,22861400,39.53550720214844
CSCO,CSCO,2022-07-20,44.08000183105469,44.31999969482422,43.65999984741211,44.130001068115234,15599200,39.62529373168945
CSCO,CSCO,2022-07-21,44.290000915527344,44.689998626708984,44.06999969482422,44.58000183105469,15364600,40.02936553955078
CSCO,CSCO,2022-07-22,44.779998779296875,44.91999816894531,44.25,44.459999084472656,14854600,39.92161178588867
CSCO,CSCO,2022-07-25,44.65999984741211,44.65999984741211,44.11000061035156,44.34000015258789,12954700,39.81386184692383
CSCO,CSCO,2022-07-26,44.369998931884766,44.540000915527344,43.75,43.83000183105469,19513000,39.35593032836914
CSCO,CSCO,2022-07-27,44.189998626708984,44.790000915527344,43.83000183105469,44.63999938964844,22349000,40.08323669433594
CSCO,CSCO,2022-07-28,44.880001068115234,45.869998931884766,44.709999084472656,45.619998931884766,17576200,40.96320724487305
CSCO,CSCO,2022-07-29,45.11000061035156,45.4900016784668,44.83000183105469,45.369998931884766,23701700,40.73872756958008
CSCO,CSCO,2022-08-01,45.060001373291016,45.43000030517578,44.7599983215332,45.279998779296875,14153400,40.65790939331055
CSCO,CSCO,2022-08-02,45.52000045776367,45.70000076293945,44.900001525878906,44.91999816894531,15005400,40.33466339111328
CSCO,CSCO,2022-08-03,44.900001525878906,45.81999969482422,44.790000915527344,45.709999084472656,14943800,41.04401779174805
CSCO,CSCO,2022-08-04,45.900001525878906,45.93000030517578,45.0099983215332,45.380001068115234,15249300,40.74769973754883
CSCO,CSCO,2022-08-05,44.90999984741211,45.06999969482422,44.540000915527344,45.0099983215332,19533900,40.41547393798828
CSCO,CSCO,2022-08-08,45.4900016784668,45.52000045776367,44.86000061035156,45.02000045776367,15465600,40.42445373535156
CSCO,CSCO,2022-08-09,45.150001525878906,45.18000030517578,44.720001220703125,44.91999816894531,12826200,40.33466339111328
CSCO,CSCO,2022-08-10,45.709999084472656,46.060001373291016,45.43000030517578,46.02000045776367,18935400,41.32238006591797
CSCO,CSCO,2022-08-11,46.11000061035156,46.43000030517578,45.77000045776367,45.900001525878906,15849000,41.21461868286133
CSCO,CSCO,2022-08-12,46.09000015258789,46.61000061035156,45.970001220703125,46.61000061035156,16967600,41.852142333984375
CSCO,CSCO,2022-08-15,46.38999938964844,46.619998931884766,46.029998779296875,46.59000015258789,15456100,41.83418655395508
CSCO,CSCO,2022-08-16,46.56999969482422,47.0099983215332,46.439998626708984,46.77000045776367,21153700,41.99581527709961
CSCO,CSCO,2022-08-17,46.36000061035156,47.099998474121094,46.22999954223633,46.65999984741211,27975600,41.89704513549805
CSCO,CSCO,2022-08-18,49.79999923706055,50.0,49.11000061035156,49.369998931884766,39999900,44.330413818359375
CSCO,CSCO,2022-08-19,49.0099983215332,49.459999084472656,48.540000915527344,48.70000076293945,23130400,43.72880554199219
CSCO,CSCO,2022-08-22,48.470001220703125,48.5,47.52000045776367,47.709999084472656,20534100,42.83986282348633
CSCO,CSCO,2022-08-23,47.59000015258789,48.040000915527344,47.38999938964844,47.40999984741211,13764600,42.57047653198242
CSCO,CSCO,2022-08-24,47.09000015258789,47.40999984741211,46.869998931884766,47.06999969482422,14946500,42.265201568603516
CSCO,CSCO,2022-08-25,47.25,47.43000030517578,46.84000015258789,47.27000045776367,23039300,42.44478225708008
CSCO,CSCO,2022-08-26,47.08000183105469,47.27000045776367,45.880001068115234,45.88999938964844,20309800,41.205650329589844
CSCO,CSCO,2022-08-29,45.720001220703125,46.0,45.4900016784668,45.709999084472656,13425700,41.04401779174805
CSCO,CSCO,2022-08-30,45.75,45.869998931884766,44.959999084472656,45.2400016784668,14279100,40.62199401855469
CSCO,CSCO,2022-08-31,45.779998779296875,45.83000183105469,44.59000015258789,44.720001220703125,23006100,40.15507888793945
CSCO,CSCO,2022-09-01,44.56999969482422,45.34000015258789,44.400001525878906,45.290000915527344,16236400,40.6668815612793
CSCO,CSCO,2022-09-02,45.709999084472656,45.91999816894531,44.279998779296875,44.59000015258789,14720900,40.0383415222168
CSCO,CSCO,2022-09-06,44.65999984741211,44.790000915527344,43.97999954223633,44.470001220703125,14366100,39.930599212646484
CSCO,CSCO,2022-09-07,44.75,45.16999816894531,44.349998474121094,45.02000045776367,18297400,40.42445373535156
CSCO,CSCO,2022-09-08,44.7599983215332,45.470001220703125,44.619998931884766,45.369998931884766,14231500,40.73872756958008
CSCO,CSCO,2022-09-09,45.65999984741211,45.88999938964844,45.400001525878906,45.77000045776367,15499300,41.09789276123047
CSCO,CSCO,2022-09-12,46.11000061035156,46.72999954223633,45.970001220703125,46.400001525878906,17923000,41.66358947753906
CSCO,CSCO,2022-09-13,45.720001220703125,45.90999984741211,44.02000045776367,44.11000061035156,23028600,39.60733413696289
CSCO,CSCO,2022-09-14,44.040000915527344,44.27000045776367,43.560001373291016,43.959999084472656,27551500,39.472660064697266
CSCO,CSCO,2022-09-15,43.810001373291016,43.869998931884766,43.09000015258789,43.290000915527344,18148600,38.87104415893555
CSCO,CSCO,2022-09-16,43.11000061035156,43.58000183105469,42.790000915527344,43.29999923706055,32696100,38.88002014160156
CSCO,CSCO,2022-09-19,42.900001525878906,43.439998626708984,42.7599983215332,43.29999923706055,13667500,38.88002014160156
CSCO,CSCO,2022-09-20,43.0099983215332,43.02000045776367,42.2599983215332,42.58000183105469,16813900,38.23352813720703
CSCO,CSCO,2022-09-21,42.31999969482422,42.869998931884766,41.56999969482422,41.59000015258789,21415900,37.344581604003906
CSCO,CSCO,2022-09-22,41.34000015258789,41.54999923706055,41.13999938964844,41.150001525878906,16691000,36.949501037597656
CSCO,CSCO,2022-09-23,41.25,41.25,40.119998931884766,40.65999984741211,19067700,36.50950622558594
CSCO,CSCO,2022-09-26,40.65999984741211,41.189998626708984,40.369998931884766,40.58000183105469,22694800,36.437679290771484
CSCO,CSCO,2022-09-27,41.13999938964844,41.459999084472656,40.22999954223633,40.52000045776367,15027900,36.3838005065918
CSCO,CSCO,2022-09-28,40.849998474121094,41.56999969482422,40.59000015258789,41.34000015258789,23217700,37.12010192871094
CSCO,CSCO,2022-09-29,41.04999923706055,41.099998474121094,40.150001525878906,40.56999969482422,19496400,36.42869567871094
CSCO,CSCO,2022-09-30,40.65999984741211,41.040000915527344,39.959999084472656,40.0,27989900,35.9168815612793
CSCO,CSCO,2022-10-03,40.66999816894531,41.529998779296875,40.470001220703125,41.290000915527344,22203600,37.0752067565918
CSCO,CSCO,2022-10-04,41.560001373291016,42.040000915527344,41.38999938964844,41.81999969482422,22889400,37.899906158447266
CSCO,CSCO,2022-10-05,41.59000015258789,42.25,41.400001525878906,41.9900016784668,14289700,38.05397033691406
CSCO,CSCO,2022-10-06,41.650001525878906,42.09000015258789,41.369998931884766,41.52000045776367,18198800,37.62801742553711
CSCO,CSCO,2022-10-07,41.25,41.25,40.08000183105469,40.27000045776367,19055400,36.49518966674805
CSCO,CSCO,2022-10-10,40.630001068115234,40.810001373291016,39.599998474121094,39.88999938964844,16628400,36.15081787109375
CSCO,CSCO,2022-10-11,39.810001373291016,40.11000061035156,39.27000045776367,39.58000183105469,19386400,35.86988067626953
CSCO,CSCO,2022-10-12,39.70000076293945,39.86000061035156,39.25,39.27000045776367,17279900,35.58892822265625
CSCO,CSCO,2022-10-13,39.029998779296875,40.79999923706055,38.599998474121094,40.61000061035156,26328300,36.80332565307617
CSCO,CSCO,2022-10-14,40.84000015258789,40.959999084472656,39.91999816894531,40.20000076293945,19571000,36.4317512512207
CSCO,CSCO,2022-10-17,41.040000915527344,41.529998779296875,40.95000076293945,41.29999923706055,27845200,37.42863845825195
CSCO,CSCO,2022-10-18,41.91999816894531,42.220001220703125,41.2599983215332,41.790000915527344,18223300,37.872718811035156
CSCO,CSCO,2022-10-19,41.630001068115234,42.2400016784668,41.470001220703125,41.880001068115234,19071700,37.954280853271484
CSCO,CSCO,2022-10-20,41.560001373291016,42.619998931884766,41.459999084472656,41.709999084472656,16830500,37.80022048950195
CSCO,CSCO,2022-10-21,41.849998474121094,42.970001220703125,41.810001373291016,42.79999923706055,25035000,38.78803634643555
CSCO,CSCO,2022-10-24,43.119998931884766,43.72999954223633,42.900001525878906,43.540000915527344,18785300,39.45866775512695
CSCO,CSCO,2022-10-25,43.34000015258789,44.400001525878906,43.20000076293945,44.36000061035156,19165200,40.201812744140625
CSCO,CSCO,2022-10-26,44.93000030517578,45.22999954223633,44.279998779296875,44.380001068115234,20051000,40.219932556152344
CSCO,CSCO,2022-10-27,44.77000045776367,45.09000015258789,44.36000061035156,44.41999816894531,18102500,40.25618362426758
CSCO,CSCO,2022-10-28,44.689998626708984,45.709999084472656,44.650001525878906,45.63999938964844,17978300,41.361820220947266
CSCO,CSCO,2022-10-31,45.310001373291016,45.63999938964844,45.060001373291016,45.43000030517578,17793700,41.17151641845703
CSCO,CSCO,2022-11-01,45.58000183105469,45.790000915527344,45.060001373291016,45.459999084472656,12088700,41.198699951171875
CSCO,CSCO,2022-11-02,45.470001220703125,46.209999084472656,44.54999923706055,44.56999969482422,15308800,40.39212417602539
CSCO,CSCO,2022-11-03,44.029998779296875,44.150001525878906,43.38999938964844,43.849998474121094,17895600,39.7396125793457
CSCO,CSCO,2022-11-04,44.5,45.08000183105469,43.83000183105469,44.52000045776367,19648700,40.34680938720703
CSCO,CSCO,2022-11-07,44.83000183105469,44.97999954223633,44.40999984741211,44.54999923706055,21383000,40.374000549316406
CSCO,CSCO,2022-11-08,44.689998626708984,45.349998474121094,44.18000030517578,44.61000061035156,17503100,40.42837142944336
CSCO,CSCO,2022-11-09,44.5099983215332,44.720001220703125,43.88999938964844,43.90999984741211,19311700,39.79399490356445
CSCO,CSCO,2022-11-10,45.70000076293945,45.810001373291016,44.650001525878906,45.65999984741211,27190100,41.37994384765625
CSCO,CSCO,2022-11-11,45.18000030517578,45.31999969482422,43.91999816894531,44.790000915527344,25961800,40.59150314331055
CSCO,CSCO,2022-11-14,44.83000183105469,45.439998626708984,44.68000030517578,44.7400016784668,21091300,40.54619216918945
CSCO,CSCO,2022-11-15,45.040000915527344,45.2400016784668,44.45000076293945,44.900001525878906,19318000,40.69119644165039
CSCO,CSCO,2022-11-16,44.939998626708984,44.97999954223633,44.29999923706055,44.38999938964844,24939600,40.2289924621582
CSCO,CSCO,2022-11-17,46.189998626708984,46.849998474121094,45.15999984741211,46.59000015258789,38887800,42.222774505615234
CSCO,CSCO,2022-11-18,46.90999984741211,48.040000915527344,46.86000061035156,47.790000915527344,30843200,43.3102912902832
CSCO,CSCO,2022-11-21,47.61000061035156,48.290000915527344,47.560001373291016,47.619998931884766,17049500,43.156219482421875
CSCO,CSCO,2022-11-22,48.0,48.41999816894531,47.7599983215332,48.380001068115234,16367800,43.844993591308594
CSCO,CSCO,2022-11-23,48.400001525878906,48.9900016784668,48.31999969482422,48.56999969482422,12065600,44.017173767089844
CSCO,CSCO,2022-11-25,48.75,49.04999923706055,48.349998474121094,48.400001525878906,8492600,43.86310958862305
CSCO,CSCO,2022-11-28,48.290000915527344,48.470001220703125,47.91999816894531,48.08000183105469,14976600,43.57310104370117
CSCO,CSCO,2022-11-29,48.25,48.40999984741211,47.84000015258789,48.279998779296875,13779300,43.754356384277344
CSCO,CSCO,2022-11-30,48.16999816894531,49.83000183105469,47.959999084472656,49.720001220703125,29919700,45.05937576293945
CSCO,CSCO,2022-12-01,49.880001068115234,50.459999084472656,49.689998626708984,49.970001220703125,18559500,45.285945892333984
CSCO,CSCO,2022-12-02,49.22999954223633,49.84000015258789,48.91999816894531,49.70000076293945,12325100,45.0412483215332
CSCO,CSCO,2022-12-05,49.54999923706055,49.63999938964844,49.16999816894531,49.33000183105469,13795900,44.7059326171875
CSCO,CSCO,2022-12-06,49.439998626708984,49.439998626708984,48.2599983215332,48.59000015258789,15443800,44.03529739379883
CSCO,CSCO,2022-12-07,48.400001525878906,48.54999923706055,48.060001373291016,48.18000030517578,15171700,43.663726806640625
CSCO,CSCO,2022-12-08,48.65999984741211,49.20000076293945,48.619998931884766,48.9900016784668,16015800,44.397804260253906
CSCO,CSCO,2022-12-09,49.099998474121094,49.16999816894531,48.439998626708984,48.459999084472656,14303200,43.91748809814453
CSCO,CSCO,2022-12-12,48.79999923706055,49.31999969482422,48.369998931884766,49.29999923706055,15425300,44.67873764038086
CSCO,CSCO,2022-12-13,50.33000183105469,50.709999084472656,49.22999954223633,49.63999938964844,22705900,44.986873626708984
CSCO,CSCO,2022-12-14,49.7400016784668,50.060001373291016,48.81999969482422,49.29999923706055,19050400,44.67873764038086
CSCO,CSCO,2022-12-15,48.959999084472656,49.04999923706055,47.7400016784668,48.150001525878906,19372500,43.63654708862305
CSCO,CSCO,2022-12-16,47.40999984741211,48.0,47.08000183105469,47.810001373291016,66125400,43.32841491699219
CSCO,CSCO,2022-12-19,47.65999984741211,47.959999084472656,47.13999938964844,47.400001525878906,17986300,42.95684814453125
CSCO,CSCO,2022-12-20,47.40999984741211,47.560001373291016,46.790000915527344,47.369998931884766,15086200,42.929656982421875
CSCO,CSCO,2022-12-21,47.689998626708984,47.959999084472656,47.41999816894531,47.65999984741211,15599400,43.192474365234375
CSCO,CSCO,2022-12-22,47.4900016784668,47.4900016784668,46.689998626708984,47.31999969482422,23118500,42.88434982299805
CSCO,CSCO,2022-12-23,47.25,47.4900016784668,47.0099983215332,47.47999954223633,9554400,43.029354095458984
CSCO,CSCO,2022-12-27,47.66999816894531,47.709999084472656,47.220001220703125,47.529998779296875,12066200,43.07466125488281
CSCO,CSCO,2022-12-28,47.689998626708984,47.77000045776367,46.97999954223633,47.06999969482422,9847400,42.65778350830078
CSCO,CSCO,2022-12-29,47.2599983215332,47.7400016784668,47.2599983215332,47.5,11396500,43.0474739074707
CSCO,CSCO,2022-12-30,47.27000045776367,47.66999816894531,46.95000076293945,47.63999938964844,13199800,43.17434310913086
CSCO,CSCO,2023-01-03,47.86000061035156,48.04999923706055,47.310001373291016,47.939998626708984,17718900,43.446224212646484
CSCO,CSCO,2023-01-04,48.279998779296875,48.47999954223633,47.16999816894531,47.54999923706055,18339800,43.43709182739258
CSCO,CSCO,2023-01-05,47.4900016784668,47.4900016784668,46.7599983215332,46.880001068115234,17372100,42.825050354003906
CSCO,CSCO,2023-01-06,47.459999084472656,48.59000015258789,47.279998779296875,48.31999969482422,20823000,44.14048767089844
CSCO,CSCO,2023-01-09,48.2599983215332,49.209999084472656,48.220001220703125,48.58000183105469,13938000,44.37800979614258
CSCO,CSCO,2023-01-10,48.79999923706055,49.209999084472656,48.59000015258789,48.810001373291016,12474400,44.58810806274414
CSCO,CSCO,2023-01-11,48.83000183105469,49.22999954223633,48.70000076293945,49.209999084472656,12530900,44.95351028442383
CSCO,CSCO,2023-01-12,49.209999084472656,49.43000030517578,48.849998474121094,49.0,14241700,44.761680603027344
CSCO,CSCO,2023-01-13,48.560001373291016,49.02000045776367,48.41999816894531,48.880001068115234,12649300,44.65205383300781
CSCO,CSCO,2023-01-17,48.91999816894531,48.939998626708984,47.95000076293945,48.08000183105469,19290800,43.92124938964844
CSCO,CSCO,2023-01-18,48.189998626708984,48.27000045776367,46.88999938964844,46.900001525878906,19882200,42.84331512451172
CSCO,CSCO,2023-01-19,46.95000076293945,47.04999923706055,46.38999938964844,46.459999084472656,19118600,42.44137954711914
CSCO,CSCO,2023-01-20,46.060001373291016,46.83000183105469,45.66999816894531,46.779998779296875,21847200,42.73368835449219
CSCO,CSCO,2023-01-23,46.900001525878906,47.869998931884766,46.810001373291016,47.5,15180500,43.39141845703125
CSCO,CSCO,2023-01-24,47.4900016784668,48.02000045776367,47.060001373291016,47.810001373291016,14872700,43.67461013793945
CSCO,CSCO,2023-01-25,47.97999954223633,48.08000183105469,47.22999954223633,47.97999954223633,14638700,43.82990264892578
CSCO,CSCO,2023-01-26,48.150001525878906,48.470001220703125,47.83000183105469,48.34000015258789,12952700,44.15876388549805
CSCO,CSCO,2023-01-27,48.099998474121094,48.72999954223633,47.970001220703125,48.5099983215332,13414800,44.31405258178711
CSCO,CSCO,2023-01-30,48.13999938964844,48.5,48.119998931884766,48.220001220703125,19261900,44.04914093017578
CSCO,CSCO,2023-01-31,48.119998931884766,48.689998626708984,48.04999923706055,48.66999816894531,16821600,44.4602165222168
CSCO,CSCO,2023-02-01,48.38999938964844,48.900001525878906,47.5099983215332,48.56999969482422,19639400,44.36886978149414
CSCO,CSCO,2023-02-02,48.529998779296875,49.560001373291016,48.36000061035156,49.31999969482422,17883800,45.053993225097656
CSCO,CSCO,2023-02-03,49.29999923706055,49.29999923706055,48.5099983215332,48.630001068115234,17980000,44.423675537109375
CSCO,CSCO,2023-02-06,48.06999969482422,48.279998779296875,47.52000045776367,47.56999969482422,13991600,43.455360412597656
CSCO,CSCO,2023-02-07,47.2400016784668,48.150001525878906,46.970001220703125,47.84000015258789,16675200,43.702003479003906
CSCO,CSCO,2023-02-08,47.380001068115234,47.540000915527344,46.77000045776367,46.959999084472656,18905500,42.89812469482422
CSCO,CSCO,2023-02-09,47.22999954223633,47.40999984741211,46.43000030517578,46.72999954223633,18598400,42.688018798828125
CSCO,CSCO,2023-02-10,46.70000076293945,47.31999969482422,46.63999938964844,47.2599983215332,17397300,43.17218017578125
CSCO,CSCO,2023-02-13,47.45000076293945,47.9900016784668,47.38999938964844,47.86000061035156,19422100,43.720272064208984
CSCO,CSCO,2023-02-14,47.779998779296875,48.0,47.18000030517578,47.70000076293945,19134400,43.57412338256836
CSCO,CSCO,2023-02-15,47.5,48.52000045776367,47.33000183105469,48.45000076293945,27071200,44.25924301147461
CSCO,CSCO,2023-02-16,49.9900016784668,51.7400016784668,49.79999923706055,50.9900016784668,48125300,46.579551696777344
CSCO,CSCO,2023-02-17,51.33000183105469,51.439998626708984,50.599998474121094,50.77000045776367,25321400,46.37857437133789
CSCO,CSCO,2023-02-21,50.709999084472656,50.7599983215332,49.619998931884766,49.689998626708984,25100500,45.391990661621094
CSCO,CSCO,2023-02-22,49.849998474121094,49.849998474121094,48.88999938964844,49.310001373291016,20301900,45.044857025146484
CSCO,CSCO,2023-02-23,49.540000915527344,49.68000030517578,48.54999923706055,49.209999084472656,14066200,44.95351028442383
CSCO,CSCO,2023-02-24,48.810001373291016,48.900001525878906,48.16999816894531,48.47999954223633,17251600,44.28665542602539
CSCO,CSCO,2023-02-27,48.95000076293945,49.34000015258789,48.54999923706055,48.72999954223633,14776400,44.51502990722656
CSCO,CSCO,2023-02-28,48.810001373291016,48.93000030517578,48.380001068115234,48.41999816894531,16622400,44.23183822631836
CSCO,CSCO,2023-03-01,48.439998626708984,48.59000015258789,48.02000045776367,48.34000015258789,13449300,44.15876388549805
CSCO,CSCO,2023-03-02,48.31999969482422,48.630001068115234,48.119998931884766,48.529998779296875,18281800,44.33232498168945
CSCO,CSCO,2023-03-03,48.9900016784668,49.36000061035156,48.81999969482422,49.279998779296875,15969900,45.017452239990234
CSCO,CSCO,2023-03-06,49.459999084472656,49.810001373291016,49.2400016784668,49.41999816894531,13878400,45.14533996582031
CSCO,CSCO,2023-03-07,49.56999969482422,49.7599983215332,48.630001068115234,48.90999984741211,17506600,44.67945098876953
CSCO,CSCO,2023-03-08,49.02000045776367,49.27000045776367,48.7400016784668,49.11000061035156,12055500,44.862159729003906
CSCO,CSCO,2023-03-09,49.29999923706055,49.689998626708984,48.709999084472656,48.810001373291016,12497700,44.58810806274414
CSCO,CSCO,2023-03-10,48.88999938964844,49.16999816894531,48.29999923706055,48.560001373291016,16338200,44.3597297668457
CSCO,CSCO,2023-03-13,48.529998779296875,48.880001068115234,48.119998931884766,48.40999984741211,20280800,44.22270965576172
CSCO,CSCO,2023-03-14,48.68000030517578,49.2599983215332,48.5099983215332,49.04999923706055,17679600,44.80735397338867
CSCO,CSCO,2023-03-15,48.369998931884766,49.11000061035156,48.369998931884766,49.060001373291016,17354900,44.81648254394531
CSCO,CSCO,2023-03-16,48.68000030517578,50.290000915527344,48.5099983215332,50.119998931884766,21425100,45.784793853759766
CSCO,CSCO,2023-03-17,50.2599983215332,50.54999923706055,49.7400016784668,50.189998626708984,47642700,45.8487434387207
CSCO,CSCO,2023-03-20,50.220001220703125,51.040000915527344,50.0099983215332,50.939998626708984,22699700,46.533870697021484
CSCO,CSCO,2023-03-21,51.209999084472656,51.33000183105469,50.33000183105469,50.66999816894531,23334000,46.2872200012207
CSCO,CSCO,2023-03-22,50.7400016784668,50.75,49.41999816894531,49.459999084472656,21399400,45.181880950927734
CSCO,CSCO,2023-03-23,49.560001373291016,50.25,49.40999984741211,49.72999954223633,17775400,45.42853546142578
CSCO,CSCO,2023-03-24,49.900001525878906,50.54999923706055,49.5,50.5099983215332,19438800,46.14106369018555
CSCO,CSCO,2023-03-27,50.70000076293945,50.95000076293945,50.47999954223633,50.540000915527344,15857200,46.1684684753418
CSCO,CSCO,2023-03-28,50.31999969482422,50.599998474121094,50.27000045776367,50.38999938964844,11124300,46.03144836425781
CSCO,CSCO,2023-03-29,50.72999954223633,51.27000045776367,50.63999938964844,51.16999816894531,18463400,46.74396896362305
CSCO,CSCO,2023-03-30,51.58000183105469,51.68000030517578,51.130001068115234,51.43000030517578,11754600,46.98148727416992
CSCO,CSCO,2023-03-31,51.439998626708984,52.349998474121094,51.38999938964844,52.279998779296875,20588800,47.757972717285156
CSCO,CSCO,2023-04-03,52.060001373291016,52.560001373291016,51.9900016784668,52.310001373291016,16884600,47.785369873046875
CSCO,CSCO,2023-04-04,52.029998779296875,52.119998931884766,51.43000030517578,51.81999969482422,13599900,47.693336486816406
CSCO,CSCO,2023-04-05,52.06999969482422,52.290000915527344,51.68000030517578,51.81999969482422,13797900,47.693336486816406
CSCO,CSCO,2023-04-06,50.91999816894531,51.560001373291016,50.72999954223633,51.27000045776367,14749000,47.18712615966797
CSCO,CSCO,2023-04-10,51.11000061035156,51.400001525878906,50.880001068115234,51.33000183105469,10177700,47.24235534667969
CSCO,CSCO,2023-04-11,51.119998931884766,51.29999923706055,50.52000045776367,50.619998931884766,15957900,46.588897705078125
CSCO,CSCO,2023-04-12,50.81999969482422,50.95000076293945,50.04999923706055,50.11000061035156,16100700,46.11951446533203
CSCO,CSCO,2023-04-13,50.209999084472656,50.83000183105469,50.09000015258789,50.79999923706055,15451700,46.754554748535156
CSCO,CSCO,2023-04-14,50.52000045776367,50.849998474121094,50.20000076293945,50.540000915527344,12360100,46.51526641845703
CSCO,CSCO,2023-04-17,50.560001373291016,50.68000030517578,50.04999923706055,50.279998779296875,12042300,46.275970458984375
CSCO,CSCO,2023-04-18,50.380001068115234,50.689998626708984,50.06999969482422,50.310001373291016,15203600,46.30358123779297
CSCO,CSCO,2023-04-19,49.22999954223633,49.27000045776367,47.9900016784668,48.040000915527344,30466700,44.214351654052734
CSCO,CSCO,2023-04-20,47.61000061035156,47.650001525878906,46.36000061035156,46.58000183105469,39769400,42.87062072753906
CSCO,CSCO,2023-04-21,46.56999969482422,47.119998931884766,46.2400016784668,47.029998779296875,20861000,43.2847785949707
CSCO,CSCO,2023-04-24,47.04999923706055,47.45000076293945,47.0,47.38999938964844,17359900,43.616111755371094
CSCO,CSCO,2023-04-25,47.369998931884766,47.43000030517578,46.810001373291016,47.09000015258789,20281600,43.339996337890625
CSCO,CSCO,2023-04-26,46.7599983215332,46.849998474121094,46.43000030517578,46.540000915527344,22390500,42.83380126953125
CSCO,CSCO,2023-04-27,46.779998779296875,46.79999923706055,45.970001220703125,46.560001373291016,22845400,42.85220718383789
CSCO,CSCO,2023-04-28,46.689998626708984,47.2599983215332,46.61000061035156,47.25,19665000,43.487266540527344
CSCO,CSCO,2023-05-01,47.20000076293945,47.52000045776367,47.130001068115234,47.34000015258789,13122300,43.57009506225586
CSCO,CSCO,2023-05-02,46.90999984741211,47.08000183105469,46.060001373291016,46.36000061035156,20175100,42.66813659667969
CSCO,CSCO,2023-05-03,46.41999816894531,46.54999923706055,45.86000061035156,45.959999084472656,20765700,42.299991607666016
CSCO,CSCO,2023-05-04,45.77000045776367,45.93000030517578,45.560001373291016,45.70000076293945,17748900,42.06068801879883
CSCO,CSCO,2023-05-05,46.119998931884766,46.36000061035156,45.91999816894531,46.25,14317400,42.566898345947266
CSCO,CSCO,2023-05-08,46.439998626708984,46.52000045776367,46.09000015258789,46.34000015258789,12000000,42.64973068237305
CSCO,CSCO,2023-05-09,45.97999954223633,46.52000045776367,45.91999816894531,46.470001220703125,15221900,42.76937484741211
CSCO,CSCO,2023-05-10,46.70000076293945,46.93000030517578,46.150001525878906,46.709999084472656,15625100,42.99026870727539
CSCO,CSCO,2023-05-11,46.83000183105469,46.849998474121094,46.20000076293945,46.369998931884766,12521900,42.67733383178711
CSCO,CSCO,2023-05-12,46.279998779296875,46.810001373291016,46.279998779296875,46.709999084472656,14097500,42.99026870727539
CSCO,CSCO,2023-05-15,46.79999923706055,47.2599983215332,46.560001373291016,47.099998474121094,13204400,43.34920883178711
CSCO,CSCO,2023-05-16,47.2400016784668,47.33000183105469,46.79999923706055,46.91999816894531,16496300,43.183536529541016
CSCO,CSCO,2023-05-17,47.150001525878906,47.7599983215332,47.0099983215332,47.630001068115234,29326000,43.83700180053711
CSCO,CSCO,2023-05-18,45.7599983215332,48.25,45.70000076293945,48.20000076293945,41475700,44.36161804199219
CSCO,CSCO,2023-05-19,48.43000030517578,49.34000015258789,48.400001525878906,49.130001068115234,28564100,45.21754837036133
CSCO,CSCO,2023-05-22,49.11000061035156,49.22999954223633,48.77000045776367,48.81999969482422,18667500,44.93223190307617
CSCO,CSCO,2023-05-23,48.61000061035156,49.349998474121094,48.599998474121094,48.90999984741211,17645900,45.01506423950195
CSCO,CSCO,2023-05-24,48.95000076293945,49.0,48.16999816894531,48.40999984741211,15452900,44.55488204956055
CSCO,CSCO,2023-05-25,47.77000045776367,49.22999954223633,47.720001220703125,49.029998779296875,21717000,45.125511169433594
CSCO,CSCO,2023-05-26,49.11000061035156,50.09000015258789,49.11000061035156,49.86000061035156,19825600,45.8894157409668
CSCO,CSCO,2023-05-30,49.9900016784668,50.4900016784668,49.7400016784668,50.16999816894531,19074800,46.17472839355469
CSCO,CSCO,2023-05-31,49.90999984741211,50.029998779296875,49.61000061035156,49.66999816894531,51990300,45.71455001831055
CSCO,CSCO,2023-06-01,49.7599983215332,50.09000015258789,49.2599983215332,49.7400016784668,17817000,45.77898025512695
CSCO,CSCO,2023-06-02,49.869998931884766,50.25,49.72999954223633,50.02000045776367,19155400,46.03667068481445
CSCO,CSCO,2023-06-05,50.220001220703125,50.58000183105469,50.040000915527344,50.209999084472656,13964100,46.211544036865234
CSCO,CSCO,2023-06-06,49.790000915527344,49.90999984741211,49.13999938964844,49.810001373291016,16029600,45.8433952331543
CSCO,CSCO,2023-06-07,49.70000076293945,50.13999938964844,49.650001525878906,49.779998779296875,15950600,45.81578063964844
CSCO,CSCO,2023-06-08,49.91999816894531,50.0,49.56999969482422,49.68000030517578,13289100,45.7237434387207
CSCO,CSCO,2023-06-09,49.529998779296875,49.970001220703125,49.369998931884766,49.65999984741211,12173400,45.705345153808594
CSCO,CSCO,2023-06-12,49.91999816894531,50.5099983215332,49.66999816894531,50.47999954223633,15495000,46.46003723144531
CSCO,CSCO,2023-06-13,50.689998626708984,50.939998626708984,50.45000076293945,50.79999923706055,24035500,46.754554748535156
CSCO,CSCO,2023-06-14,50.79999923706055,51.220001220703125,50.630001068115234,50.959999084472656,16630700,46.90182113647461
CSCO,CSCO,2023-06-15,50.90999984741211,52.06999969482422,50.83000183105469,51.93000030517578,22496900,47.79457092285156
CSCO,CSCO,2023-06-16,52.20000076293945,52.40999984741211,51.93000030517578,52.06999969482422,37134400,47.92342758178711
CSCO,CSCO,2023-06-20,51.939998626708984,52.08000183105469,51.470001220703125,51.54999923706055,20138000,47.44483184814453
CSCO,CSCO,2023-06-21,51.380001068115234,51.400001525878906,50.81999969482422,50.849998474121094,16939600,46.80057907104492
CSCO,CSCO,2023-06-22,50.650001525878906,51.13999938964844,50.43000030517578,51.119998931884766,14993800,47.049068450927734
CSCO,CSCO,2023-06-23,50.63999938964844,50.720001220703125,50.09000015258789,50.33000183105469,16544600,46.321990966796875
CSCO,CSCO,2023-06-26,50.310001373291016,50.79999923706055,50.18000030517578,50.209999084472656,13032100,46.211544036865234
CSCO,CSCO,2023-06-27,50.310001373291016,51.040000915527344,50.25,50.86000061035156,12981000,46.80978775024414
CSCO,CSCO,2023-06-28,50.779998779296875,51.02000045776367,50.439998626708984,50.869998931884766,11387600,46.81898498535156
CSCO,CSCO,2023-06-29,50.86000061035156,51.27000045776367,50.81999969482422,51.209999084472656,14246000,47.13191223144531
CSCO,CSCO,2023-06-30,51.880001068115234,52.2599983215332,51.52000045776367,51.7400016784668,18188300,47.61970520019531
CSCO,CSCO,2023-07-03,51.36000061035156,51.83000183105469,51.33000183105469,51.81999969482422,7338300,47.693336486816406
CSCO,CSCO,2023-07-05,50.970001220703125,51.56999969482422,50.93000030517578,51.5099983215332,14950500,47.767520904541016
CSCO,CSCO,2023-07-06,51.06999969482422,51.189998626708984,50.650001525878906,51.11000061035156,13931100,47.396583557128906
CSCO,CSCO,2023-07-07,51.0,51.650001525878906,50.7400016784668,50.9900016784668,15580400,47.28529739379883
CSCO,CSCO,2023-07-10,51.06999969482422,51.5,51.02000045776367,51.400001525878906,19046500,47.66550827026367
CSCO,CSCO,2023-07-11,51.56999969482422,52.150001525878906,51.540000915527344,52.119998931884766,14998300,48.33319854736328
CSCO,CSCO,2023-07-12,51.560001373291016,51.93000030517578,50.529998779296875,50.7400016784668,26332500,47.053466796875
CSCO,CSCO,2023-07-13,50.689998626708984,51.619998931884766,50.650001525878906,51.529998779296875,17864800,47.78606414794922
CSCO,CSCO,2023-07-14,50.41999816894531,50.970001220703125,50.060001373291016,50.380001068115234,19566600,46.71961975097656
CSCO,CSCO,2023-07-17,50.20000076293945,50.95000076293945,50.13999938964844,50.810001373291016,16140700,47.11838150024414
CSCO,CSCO,2023-07-18,50.97999954223633,51.369998931884766,50.849998474121094,51.2400016784668,16430800,47.51713943481445
CSCO,CSCO,2023-07-19,52.209999084472656,52.439998626708984,51.70000076293945,52.43000030517578,21745000,48.620670318603516
CSCO,CSCO,2023-07-20,52.060001373291016,52.869998931884766,51.91999816894531,52.369998931884766,22784400,48.565040588378906
CSCO,CSCO,2023-07-21,52.75,53.0,52.529998779296875,52.630001068115234,51284800,48.806148529052734
CSCO,CSCO,2023-07-24,52.689998626708984,53.310001373291016,52.66999816894531,53.11000061035156,18390200,49.25127029418945
CSCO,CSCO,2023-07-25,53.189998626708984,53.7599983215332,53.11000061035156,53.599998474121094,16136600,49.70566940307617
CSCO,CSCO,2023-07-26,53.540000915527344,53.650001525878906,52.959999084472656,53.220001220703125,13563700,49.353275299072266
CSCO,CSCO,2023-07-27,53.599998474121094,53.88999938964844,52.86000061035156,53.0,15795500,49.14925765991211
CSCO,CSCO,2023-07-28,52.060001373291016,52.41999816894531,51.77000045776367,52.09000015258789,27491300,48.305381774902344
CSCO,CSCO,2023-07-31,51.84000015258789,52.18000030517578,51.7400016784668,52.040000915527344,14193500,48.25901412963867
CSCO,CSCO,2023-08-01,52.56999969482422,52.779998779296875,52.310001373291016,52.65999984741211,15286200,48.83396530151367
CSCO,CSCO,2023-08-02,52.380001068115234,53.11000061035156,52.31999969482422,52.58000183105469,17693700,48.75977325439453
CSCO,CSCO,2023-08-03,52.4900016784668,53.27000045776367,52.2400016784668,53.150001525878906,15186400,49.288368225097656
CSCO,CSCO,2023-08-04,52.880001068115234,53.31999969482422,52.540000915527344,52.630001068115234,12266700,48.806148529052734
CSCO,CSCO,2023-08-07,52.970001220703125,53.06999969482422,52.68000030517578,53.0099983215332,11327900,49.158531188964844
CSCO,CSCO,2023-08-08,52.65999984741211,53.130001068115234,52.36000061035156,53.060001373291016,12224800,49.20490646362305
CSCO,CSCO,2023-08-09,52.900001525878906,53.45000076293945,52.65999984741211,52.9900016784668,18765500,49.139991760253906
CSCO,CSCO,2023-08-10,53.40999984741211,54.13999938964844,53.16999816894531,53.369998931884766,16329500,49.492374420166016
CSCO,CSCO,2023-08-11,53.349998474121094,53.95000076293945,53.189998626708984,53.790000915527344,14344500,49.881858825683594
CSCO,CSCO,2023-08-14,53.79999923706055,54.130001068115234,53.720001220703125,53.880001068115234,20707300,49.96532440185547
CSCO,CSCO,2023-08-15,53.619998931884766,53.72999954223633,53.18000030517578,53.349998474121094,20173400,49.47383499145508
CSCO,CSCO,2023-08-16,53.189998626708984,53.52000045776367,52.869998931884766,52.959999084472656,26470200,49.11216735839844
CSCO,CSCO,2023-08-17,54.439998626708984,55.84000015258789,54.369998931884766,54.72999954223633,45278000,50.753570556640625
CSCO,CSCO,2023-08-18,54.630001068115234,55.459999084472656,54.619998931884766,55.040000915527344,28839800,51.041053771972656
CSCO,CSCO,2023-08-21,55.20000076293945,55.790000915527344,55.150001525878906,55.439998626708984,18283200,51.4119758605957
CSCO,CSCO,2023-08-22,55.47999954223633,55.81999969482422,55.279998779296875,55.459999084472656,15661300,51.43053436279297
CSCO,CSCO,2023-08-23,55.61000061035156,56.20000076293945,55.400001525878906,55.97999954223633,18250000,51.912750244140625
CSCO,CSCO,2023-08-24,56.31999969482422,56.47999954223633,55.209999084472656,55.2400016784668,17586400,51.22651290893555
CSCO,CSCO,2023-08-25,55.25,55.869998931884766,55.25,55.70000076293945,15731800,51.65309524536133
CSCO,CSCO,2023-08-28,55.88999938964844,56.279998779296875,55.68000030517578,56.20000076293945,15189900,52.11676788330078
CSCO,CSCO,2023-08-29,56.349998474121094,56.79999923706055,56.11000061035156,56.560001373291016,17859100,52.45060729980469
CSCO,CSCO,2023-08-30,56.630001068115234,56.90999984741211,56.540000915527344,56.810001373291016,12145400,52.68245315551758
CSCO,CSCO,2023-08-31,57.099998474121094,57.529998779296875,56.88999938964844,57.349998474121094,22619700,53.18320846557617
CSCO,CSCO,2023-09-01,57.38999938964844,58.189998626708984,57.38999938964844,57.84000015258789,14080400,53.637611389160156
CSCO,CSCO,2023-09-05,57.81999969482422,57.81999969482422,57.22999954223633,57.2599983215332,13885000,53.09974670410156
CSCO,CSCO,2023-09-06,57.099998474121094,57.470001220703125,57.06999969482422,57.15999984741211,11380400,53.007015228271484
CSCO,CSCO,2023-09-07,56.970001220703125,57.09000015258789,56.65999984741211,56.790000915527344,14762000,52.663902282714844
CSCO,CSCO,2023-09-08,56.7599983215332,57.06999969482422,56.560001373291016,56.66999816894531,13992000,52.552616119384766
CSCO,CSCO,2023-09-11,56.720001220703125,56.970001220703125,56.439998626708984,56.84000015258789,15842300,52.71026611328125
CSCO,CSCO,2023-09-12,56.650001525878906,56.86000061035156,56.34000015258789,56.38999938964844,13916100,52.29296112060547
CSCO,CSCO,2023-09-13,56.31999969482422,56.529998779296875,56.08000183105469,56.279998779296875,13092200,52.190956115722656
CSCO,CSCO,2023-09-14,56.41999816894531,56.470001220703125,56.08000183105469,56.369998931884766,15760300,52.274410247802734
CSCO,CSCO,2023-09-15,56.310001373291016,56.38999938964844,55.540000915527344,56.040000915527344,44029200,51.9683837890625
CSCO,CSCO,2023-09-18,56.0099983215332,56.279998779296875,55.83000183105469,56.11000061035156,11825000,52.033302307128906
CSCO,CSCO,2023-09-19,56.18000030517578,56.209999084472656,55.459999084472656,55.84000015258789,10748500,51.78292465209961
CSCO,CSCO,2023-09-20,55.95000076293945,56.04999923706055,55.439998626708984,55.5,12219900,51.467628479003906
CSCO,CSCO,2023-09-21,53.40999984741211,54.099998474121094,52.849998474121094,53.34000015258789,37436100,49.464569091796875
CSCO,CSCO,2023-09-22,53.400001525878906,53.83000183105469,53.20000076293945,53.56999969482422,17869500,49.677852630615234
CSCO,CSCO,2023-09-25,53.459999084472656,53.68000030517578,53.15999984741211,53.47999954223633,14224400,49.594390869140625
CSCO,CSCO,2023-09-26,53.18000030517578,53.29999923706055,52.58000183105469,52.709999084472656,15618400,48.88032913208008
CSCO,CSCO,2023-09-27,52.88999938964844,53.369998931884766,52.529998779296875,53.20000076293945,15845500,49.33473205566406
CSCO,CSCO,2023-09-28,53.369998931884766,54.189998626708984,53.349998474121094,53.880001068115234,17204400,49.96532440185547
CSCO,CSCO,2023-09-29,54.15999984741211,54.20000076293945,53.5,53.7599983215332,13951200,49.85403823852539
CSCO,CSCO,2023-10-02,53.84000015258789,54.400001525878906,53.810001373291016,54.38999938964844,13934000,50.438270568847656
CSCO,CSCO,2023-10-03,53.86000061035156,53.88999938964844,53.349998474121094,53.650001525878906,15700600,50.11135482788086
CSCO,CSCO,2023-10-04,53.65999984741211,53.849998474121094,53.220001220703125,53.45000076293945,17009000,49.92454147338867
CSCO,CSCO,2023-10-05,53.400001525878906,53.470001220703125,52.58000183105469,53.06999969482422,14929400,49.569610595703125
CSCO,CSCO,2023-10-06,52.9900016784668,53.75,52.7400016784668,53.45000076293945,15665500,49.92454147338867
CSCO,CSCO,2023-10-09,53.349998474121094,53.959999084472656,53.25,53.91999816894531,10163600,50.363548278808594
CSCO,CSCO,2023-10-10,53.959999084472656,54.09000015258789,53.650001525878906,53.869998931884766,13105600,50.31684494018555
CSCO,CSCO,2023-10-11,53.93000030517578,54.130001068115234,53.349998474121094,53.65999984741211,12658000,50.120697021484375
CSCO,CSCO,2023-10-12,54.02000045776367,54.220001220703125,53.5099983215332,53.849998474121094,11846100,50.298160552978516
CSCO,CSCO,2023-10-13,53.880001068115234,54.119998931884766,53.439998626708984,53.77000045776367,14413800,50.223445892333984
CSCO,CSCO,2023-10-16,54.06999969482422,54.59000015258789,54.040000915527344,54.15999984741211,11736600,50.587711334228516
CSCO,CSCO,2023-10-17,53.790000915527344,53.97999954223633,53.16999816894531,53.939998626708984,17105900,50.382225036621094
CSCO,CSCO,2023-10-18,53.790000915527344,54.189998626708984,53.599998474121094,53.77000045776367,13087300,50.223445892333984
CSCO,CSCO,2023-10-19,53.7599983215332,53.93000030517578,53.20000076293945,53.31999969482422,16325600,49.80312728881836
CSCO,CSCO,2023-10-20,53.38999938964844,53.59000015258789,52.79999923706055,52.93000030517578,23888700,49.43885040283203
CSCO,CSCO,2023-10-23,52.81999969482422,52.849998474121094,52.15999984741211,52.20000076293945,17760000,48.75699996948242
CSCO,CSCO,2023-10-24,52.2599983215332,53.04999923706055,52.060001373291016,53.0099983215332,14824200,49.51356887817383
CSCO,CSCO,2023-10-25,53.11000061035156,53.369998931884766,52.33000183105469,52.400001525878906,14384700,48.94380569458008
CSCO,CSCO,2023-10-26,51.869998931884766,52.130001068115234,51.310001373291016,51.369998931884766,17594500,47.98173904418945
CSCO,CSCO,2023-10-27,51.63999938964844,52.150001525878906,51.400001525878906,51.560001373291016,13333900,48.15921401977539
CSCO,CSCO,2023-10-30,51.349998474121094,51.63999938964844,51.09000015258789,51.56999969482422,13322400,48.168548583984375
CSCO,CSCO,2023-10-31,51.75,52.16999816894531,51.68000030517578,52.130001068115234,13509300,48.691612243652344
CSCO,CSCO,2023-11-01,52.040000915527344,52.279998779296875,51.79999923706055,52.189998626708984,14300700,48.747657775878906
CSCO,CSCO,2023-11-02,52.31999969482422,52.79999923706055,52.18000030517578,52.75,17459700,49.270721435546875
CSCO,CSCO,2023-11-03,53.2599983215332,53.45000076293945,52.630001068115234,53.0099983215332,17644900,49.51356887817383
CSCO,CSCO,2023-11-06,52.970001220703125,53.29999923706055,52.880001068115234,53.290000915527344,15429600,49.77510070800781
CSCO,CSCO,2023-11-07,53.34000015258789,53.439998626708984,52.970001220703125,53.130001068115234,15153100,49.62565612792969
CSCO,CSCO,2023-11-08,53.38999938964844,53.5,52.77000045776367,53.0,13633800,49.50422668457031
CSCO,CSCO,2023-11-09,52.119998931884766,52.56999969482422,51.75,52.0,21039400,48.5701904296875
CSCO,CSCO,2023-11-10,52.25,52.630001068115234,51.93000030517578,52.59000015258789,17369000,49.121273040771484
CSCO,CSCO,2023-11-13,52.47999954223633,52.63999938964844,52.09000015258789,52.22999954223633,14931600,48.78501510620117
CSCO,CSCO,2023-11-14,52.470001220703125,53.369998931884766,52.470001220703125,53.16999816894531,18331000,49.66301345825195
CSCO,CSCO,2023-11-15,53.27000045776367,53.43000030517578,53.040000915527344,53.279998779296875,32188200,49.7657585144043
CSCO,CSCO,2023-11-16,47.40999984741211,48.060001373291016,46.20000076293945,48.040000915527344,79057800,44.87138748168945
CSCO,CSCO,2023-11-17,48.04999923706055,48.36000061035156,47.72999954223633,47.7599983215332,32593700,44.60984802246094
CSCO,CSCO,2023-11-20,47.560001373291016,48.369998931884766,47.54999923706055,48.27000045776367,27421000,45.086204528808594
CSCO,CSCO,2023-11-21,48.27000045776367,48.349998474121094,47.65999984741211,47.79999923706055,21510500,44.64720916748047
CSCO,CSCO,2023-11-22,48.08000183105469,48.349998474121094,47.95000076293945,48.08000183105469,17308400,44.90874481201172
CSCO,CSCO,2023-11-24,48.09000015258789,48.400001525878906,48.04999923706055,48.36000061035156,8209500,45.17027282714844
CSCO,CSCO,2023-11-27,48.33000183105469,48.369998931884766,47.90999984741211,47.93000030517578,17651600,44.768638610839844
CSCO,CSCO,2023-11-28,47.95000076293945,48.189998626708984,47.810001373291016,47.849998474121094,16360900,44.693912506103516
CSCO,CSCO,2023-11-29,48.11000061035156,48.439998626708984,48.029998779296875,48.04999923706055,16700500,44.88072204589844
CSCO,CSCO,2023-11-30,48.189998626708984,48.5,47.939998626708984,48.380001068115234,37165000,45.18895721435547
CSCO,CSCO,2023-12-01,48.279998779296875,48.779998779296875,48.02000045776367,48.470001220703125,18744700,45.27302169799805
CSCO,CSCO,2023-12-04,48.060001373291016,48.18000030517578,47.779998779296875,48.04999923706055,17812900,44.88072204589844
CSCO,CSCO,2023-12-05,47.75,47.959999084472656,47.59000015258789,47.93000030517578,20985000,44.768638610839844
CSCO,CSCO,2023-12-06,48.06999969482422,48.209999084472656,47.650001525878906,47.70000076293945,19535500,44.55380630493164
CSCO,CSCO,2023-12-07,47.90999984741211,48.36000061035156,47.79999923706055,48.2599983215332,20478500,45.076866149902344
CSCO,CSCO,2023-12-08,48.279998779296875,48.59000015258789,48.209999084472656,48.380001068115234,16039900,45.18895721435547
CSCO,CSCO,2023-12-11,48.939998626708984,49.439998626708984,48.849998474121094,49.38999938964844,25618900,46.13233184814453
CSCO,CSCO,2023-12-12,49.58000183105469,49.59000015258789,49.11000061035156,49.33000183105469,18712200,46.07630157470703
CSCO,CSCO,2023-12-13,49.2400016784668,49.70000076293945,48.810001373291016,49.689998626708984,18689200,46.41254806518555
CSCO,CSCO,2023-12-14,50.0,50.0099983215332,49.16999816894531,49.439998626708984,28418700,46.17903518676758
CSCO,CSCO,2023-12-15,49.4900016784668,49.93000030517578,49.43000030517578,49.869998931884766,58860100,46.58068084716797
CSCO,CSCO,2023-12-18,49.91999816894531,50.29999923706055,49.400001525878906,50.2400016784668,20453100,46.926273345947266
CSCO,CSCO,2023-12-19,50.369998931884766,50.459999084472656,49.84000015258789,50.18000030517578,17035800,46.8702278137207
CSCO,CSCO,2023-12-20,50.119998931884766,50.33000183105469,49.790000915527344,49.79999923706055,17812200,46.515296936035156
CSCO,CSCO,2023-12-21,49.93000030517578,49.97999954223633,49.380001068115234,49.70000076293945,18772300,46.42189407348633
CSCO,CSCO,2023-12-22,49.84000015258789,50.38999938964844,49.84000015258789,50.09000015258789,12903800,46.786163330078125
CSCO,CSCO,2023-12-26,50.11000061035156,50.400001525878906,50.04999923706055,50.279998779296875,9721200,46.9636344909668
CSCO,CSCO,2023-12-27,50.29999923706055,50.560001373291016,50.279998779296875,50.439998626708984,10414300,47.11308288574219
CSCO,CSCO,2023-12-28,50.58000183105469,50.630001068115234,50.41999816894531,50.47999954223633,8549900,47.150447845458984
CSCO,CSCO,2023-12-29,50.45000076293945,50.59000015258789,50.220001220703125,50.52000045776367,12492900,47.187801361083984
CSCO,CSCO,2024-01-02,50.4900016784668,50.86000061035156,50.25,50.5099983215332,20242900,47.178462982177734
CSCO,CSCO,2024-01-03,50.16999816894531,50.68000030517578,49.939998626708984,50.5099983215332,20303900,47.54557800292969
CSCO,CSCO,2024-01-04,50.439998626708984,50.5099983215332,49.9900016784668,50.08000183105469,18134100,47.14081573486328
CSCO,CSCO,2024-01-05,50.18000030517578,50.369998931884766,49.869998931884766,50.09000015258789,13989300,47.15022277832031
CSCO,CSCO,2024-01-08,49.75,50.5,49.689998626708984,50.459999084472656,18070300,47.49850845336914
CSCO,CSCO,2024-01-09,49.959999084472656,50.040000915527344,49.43000030517578,49.90999984741211,20489200,46.98078918457031
CSCO,CSCO,2024-01-10,50.0,50.31999969482422,49.81999969482422,50.2400016784668,15174200,47.29142761230469
CSCO,CSCO,2024-01-11,50.45000076293945,50.5,50.040000915527344,50.439998626708984,16458300,47.47968292236328
CSCO,CSCO,2024-01-12,50.5,50.81999969482422,50.29999923706055,50.34000015258789,18785700,47.38555145263672
CSCO,CSCO,2024-01-16,50.25,50.59000015258789,50.06999969482422,50.59000015258789,17015900,47.62087631225586
CSCO,CSCO,2024-01-17,50.2400016784668,50.43000030517578,49.90999984741211,50.29999923706055,17370600,47.347904205322266
CSCO,CSCO,2024-01-18,50.29999923706055,50.79999923706055,50.279998779296875,50.75,18487500,47.7714958190918
CSCO,CSCO,2024-01-19,50.75,51.38999938964844,50.72999954223633,51.27000045776367,23015300,48.26097106933594
CSCO,CSCO,2024-01-22,51.54999923706055,51.779998779296875,51.40999984741211,51.56999969482422,20298700,48.54336166381836
CSCO,CSCO,2024-01-23,51.38999938964844,51.81999969482422,51.29999923706055,51.7599983215332,15044300,48.72220993041992
CSCO,CSCO,2024-01-24,52.0,52.0,51.209999084472656,51.310001373291016,19458500,48.298622131347656
CSCO,CSCO,2024-01-25,51.75,52.560001373291016,51.75,52.33000183105469,18936600,49.258758544921875
CSCO,CSCO,2024-01-26,52.41999816894531,52.619998931884766,51.9900016784668,52.13999938964844,13160300,49.07991409301758
CSCO,CSCO,2024-01-29,51.84000015258789,52.38999938964844,51.83000183105469,52.290000915527344,13492400,49.221107482910156
CSCO,CSCO,2024-01-30,52.29999923706055,52.41999816894531,52.0,52.2400016784668,14322100,49.174041748046875
CSCO,CSCO,2024-01-31,51.849998474121094,51.939998626708984,50.06999969482422,50.18000030517578,29311800,47.23493576049805
CSCO,CSCO,2024-02-01,50.22999954223633,50.459999084472656,49.81999969482422,50.18000030517578,20635700,47.23493576049805
CSCO,CSCO,2024-02-02,50.13999938964844,50.380001068115234,49.619998931884766,50.18000030517578,20533100,47.23493576049805
CSCO,CSCO,2024-02-05,49.939998626708984,50.150001525878906,49.2599983215332,49.5099983215332,19602000,46.60426712036133
CSCO,CSCO,2024-02-06,50.310001373291016,50.61000061035156,49.790000915527344,49.97999954223633,19265800,47.04667663574219
CSCO,CSCO,2024-02-07,50.29999923706055,50.349998474121094,49.459999084472656,49.77000045776367,16794400,46.8490104675293
CSCO,CSCO,2024-02-08,49.900001525878906,49.9900016784668,49.54999923706055,49.95000076293945,19599000,47.01844024658203
CSCO,CSCO,2024-02-09,49.93000030517578,50.2599983215332,49.630001068115234,50.130001068115234,24076900,47.1878776550293
CSCO,CSCO,2024-02-12,50.029998779296875,50.20000076293945,49.529998779296875,49.9900016784668,19046300,47.05609130859375
CSCO,CSCO,2024-02-13,49.619998931884766,49.939998626708984,49.13999938964844,49.63999938964844,23633700,46.72663879394531
CSCO,CSCO,2024-02-14,49.56999969482422,50.34000015258789,49.54999923706055,50.279998779296875,31176400,47.329071044921875
CSCO,CSCO,2024-02-15,48.2599983215332,49.689998626708984,48.189998626708984,49.060001373291016,42766500,46.18067932128906
CSCO,CSCO,2024-02-16,48.75,49.08000183105469,48.38999938964844,48.439998626708984,24912300,45.5970573425293
CSCO,CSCO,2024-02-20,47.970001220703125,48.470001220703125,47.849998474121094,48.279998779296875,26402500,45.44645690917969
CSCO,CSCO,2024-02-21,48.45000076293945,48.52000045776367,47.900001525878906,48.47999954223633,15981300,45.63471603393555
CSCO,CSCO,2024-02-22,48.27000045776367,48.70000076293945,48.150001525878906,48.56999969482422,22020300,45.71943664550781
CSCO,CSCO,2024-02-23,48.619998931884766,49.13999938964844,48.5,48.86000061035156,13141900,45.99241256713867
CSCO,CSCO,2024-02-26,48.849998474121094,48.900001525878906,48.36000061035156,48.400001525878906,13018700,45.559410095214844
CSCO,CSCO,2024-02-27,48.150001525878906,48.45000076293945,48.02000045776367,48.310001373291016,12515400,45.47469711303711
CSCO,CSCO,2024-02-28,48.20000076293945,48.47999954223633,48.0099983215332,48.060001373291016,14635100,45.23937225341797
CSCO,CSCO,2024-02-29,48.189998626708984,48.47999954223633,48.130001068115234,48.369998931884766,22962500,45.53116226196289
CSCO,CSCO,2024-03-01,48.11000061035156,48.41999816894531,47.65999984741211,48.400001525878906,18508100,45.559410095214844
CSCO,CSCO,2024-03-04,48.369998931884766,49.470001220703125,48.22999954223633,49.130001068115234,25214500,46.24656677246094
CSCO,CSCO,2024-03-05,49.040000915527344,49.06999969482422,48.56999969482422,48.95000076293945,18101300,46.07713317871094
CSCO,CSCO,2024-03-06,48.97999954223633,49.40999984741211,48.970001220703125,49.16999816894531,20903600,46.28422164916992
CSCO,CSCO,2024-03-07,49.439998626708984,49.47999954223633,48.83000183105469,48.900001525878906,21224700,46.030067443847656
CSCO,CSCO,2024-03-08,48.869998931884766,49.779998779296875,48.849998474121094,49.5,19316200,46.594844818115234
CSCO,CSCO,2024-03-11,49.720001220703125,50.29999923706055,49.58000183105469,50.220001220703125,17715100,47.27259826660156
CSCO,CSCO,2024-03-12,50.540000915527344,50.54999923706055,49.88999938964844,50.06999969482422,17590400,47.13140106201172
CSCO,CSCO,2024-03-13,50.029998779296875,50.150001525878906,49.83000183105469,50.11000061035156,16669900,47.16905212402344
CSCO,CSCO,2024-03-14,50.27000045776367,50.349998474121094,49.599998474121094,49.790000915527344,17239400,46.867835998535156
CSCO,CSCO,2024-03-15,49.790000915527344,49.959999084472656,48.900001525878906,48.93000030517578,57049200,46.05830764770508
CSCO,CSCO,2024-03-18,49.220001220703125,49.65999984741211,48.97999954223633,49.27000045776367,17406700,46.37834930419922
CSCO,CSCO,2024-03-19,49.119998931884766,49.599998474121094,48.970001220703125,49.13999938964844,19601100,46.255985260009766
CSCO,CSCO,2024-03-20,49.040000915527344,49.58000183105469,48.939998626708984,49.54999923706055,18554100,46.64192581176758
CSCO,CSCO,2024-03-21,49.709999084472656,50.189998626708984,49.560001373291016,49.880001068115234,26102900,46.95254898071289
CSCO,CSCO,2024-03-22,50.04999923706055,50.099998474121094,49.720001220703125,49.779998779296875,15022900,46.85841751098633
CSCO,CSCO,2024-03-25,49.560001373291016,49.7599983215332,49.290000915527344,49.68000030517578,16191200,46.764286041259766
CSCO,CSCO,2024-03-26,49.54999923706055,49.810001373291016,49.47999954223633,49.54999923706055,13842900,46.64192581176758
CSCO,CSCO,2024-03-27,49.77000045776367,49.900001525878906,49.40999984741211,49.77000045776367,17231000,46.8490104675293
CSCO,CSCO,2024-03-28,49.88999938964844,50.20000076293945,49.810001373291016,49.90999984741211,18139700,46.98078918457031
CSCO,CSCO,2024-04-01,49.959999084472656,50.20000076293945,49.869998931884766,50.040000915527344,15138100,47.10316467285156
CSCO,CSCO,2024-04-02,49.959999084472656,50.09000015258789,49.150001525878906,49.36000061035156,16414400,46.463069915771484
CSCO,CSCO,2024-04-03,48.79999923706055,49.220001220703125,48.65999984741211,48.7400016784668,22210000,46.25429153442383
CSCO,CSCO,2024-04-04,49.09000015258789,49.54999923706055,48.040000915527344,48.11000061035156,17374000,45.65642166137695
CSCO,CSCO,2024-04-05,47.959999084472656,48.66999816894531,47.88999938964844,48.54999923706055,18661300,46.073974609375
CSCO,CSCO,2024-04-08,48.189998626708984,48.65999984741211,48.15999984741211,48.2400016784668,15375700,45.779788970947266
CSCO,CSCO,2024-04-09,48.84000015258789,50.20000076293945,48.52000045776367,50.0099983215332,26686600,47.45951461791992
CSCO,CSCO,2024-04-10,49.72999954223633,49.77000045776367,48.810001373291016,49.209999084472656,20026400,46.7003173828125
CSCO,CSCO,2024-04-11,49.31999969482422,49.59000015258789,49.0,49.529998779296875,15703900,47.003997802734375
CSCO,CSCO,2024-04-12,49.209999084472656,49.22999954223633,48.439998626708984,48.4900016784668,16418100,46.01704025268555
CSCO,CSCO,2024-04-15,49.720001220703125,49.790000915527344,48.20000076293945,48.2400016784668,20310800,45.779788970947266
CSCO,CSCO,2024-04-16,48.470001220703125,48.5099983215332,47.84000015258789,47.91999816894531,14233400,45.476112365722656
CSCO,CSCO,2024-04-17,48.0,48.279998779296875,47.709999084472656,47.790000915527344,14407600,45.35273742675781
CSCO,CSCO,2024-04-18,48.40999984741211,48.40999984741211,47.880001068115234,48.11000061035156,13080900,45.65642166137695
CSCO,CSCO,2024-04-19,48.38999938964844,48.43000030517578,48.029998779296875,48.31999969482422,20964400,45.8557014465332
CSCO,CSCO,2024-04-22,48.4900016784668,48.59000015258789,48.0,48.13999938964844,20135700,45.68489074707031
CSCO,CSCO,2024-04-23,48.13999938964844,48.459999084472656,48.060001373291016,48.31999969482422,16261700,45.8557014465332
CSCO,CSCO,2024-04-24,48.04999923706055,48.380001068115234,47.91999816894531,48.349998474121094,14828500,45.884178161621094
CSCO,CSCO,2024-04-25,48.779998779296875,48.93000030517578,47.849998474121094,48.099998474121094,18790900,45.64692687988281
CSCO,CSCO,2024-04-26,47.63999938964844,48.279998779296875,47.61000061035156,47.86000061035156,14658900,45.41917037963867
CSCO,CSCO,2024-04-29,47.9900016784668,48.310001373291016,47.58000183105469,47.779998779296875,11599500,45.34324645996094
CSCO,CSCO,2024-04-30,47.61000061035156,47.689998626708984,46.970001220703125,46.97999954223633,18535400,44.58404541015625
CSCO,CSCO,2024-05-01,46.70000076293945,47.56999969482422,46.68000030517578,46.84000015258789,18266400,44.45118713378906
CSCO,CSCO,2024-05-02,47.029998779296875,47.119998931884766,46.599998474121094,46.790000915527344,15441700,44.40373992919922
CSCO,CSCO,2024-05-03,47.099998474121094,47.400001525878906,46.84000015258789,47.119998931884766,17935300,44.71690368652344
CSCO,CSCO,2024-05-06,47.220001220703125,47.439998626708984,46.970001220703125,47.11000061035156,14163000,44.707420349121094
CSCO,CSCO,2024-05-07,47.209999084472656,47.459999084472656,47.0099983215332,47.279998779296875,14308200,44.868743896484375
CSCO,CSCO,2024-05-08,47.439998626708984,48.13999938964844,47.25,48.0,15130200,45.55202865600586
CSCO,CSCO,2024-05-09,48.0,48.09000015258789,47.650001525878906,47.790000915527344,12449300,45.35273742675781
CSCO,CSCO,2024-05-10,48.0,48.099998474121094,47.70000076293945,48.060001373291016,12096900,45.608970642089844
CSCO,CSCO,2024-05-13,48.310001373291016,48.81999969482422,48.22999954223633,48.68000030517578,15149100,46.19735336303711
CSCO,CSCO,2024-05-14,48.97999954223633,49.18000030517578,48.349998474121094,48.95000076293945,17379700,46.45357894897461
CSCO,CSCO,2024-05-15,49.189998626708984,49.72999954223633,48.72999954223633,49.66999816894531,37342100,47.13685607910156
CSCO,CSCO,2024-05-16,50.08000183105469,50.11000061035156,48.16999816894531,48.34000015258789,47829400,45.874691009521484
CSCO,CSCO,2024-05-17,48.2599983215332,48.560001373291016,48.11000061035156,48.16999816894531,22020300,45.71335983276367
CSCO,CSCO,2024-05-20,48.0,48.06999969482422,47.0099983215332,47.130001068115234,22040700,44.72639465332031
CSCO,CSCO,2024-05-21,47.119998931884766,47.150001525878906,46.61000061035156,46.939998626708984,25172200,44.546085357666016
CSCO,CSCO,2024-05-22,47.099998474121094,47.84000015258789,47.040000915527344,47.43000030517578,19940600,45.01109313964844
CSCO,CSCO,2024-05-23,47.150001525878906,47.189998626708984,46.5099983215332,46.599998474121094,18837500,44.223426818847656
CSCO,CSCO,2024-05-24,46.630001068115234,46.79999923706055,46.380001068115234,46.41999816894531,11941100,44.05260467529297
CSCO,CSCO,2024-05-28,46.150001525878906,46.88999938964844,45.97999954223633,46.279998779296875,18178800,43.91975021362305
CSCO,CSCO,2024-05-29,45.900001525878906,46.33000183105469,45.849998474121094,46.08000183105469,16001100,43.72994613647461
CSCO,CSCO,2024-05-30,46.099998474121094,46.459999084472656,46.0,46.119998931884766,19894200,43.76791000366211
CSCO,CSCO,2024-05-31,46.13999938964844,46.56999969482422,46.0099983215332,46.5,39269100,44.1285285949707
CSCO,CSCO,2024-06-03,46.720001220703125,46.77000045776367,46.279998779296875,46.650001525878906,23295000,44.2708854675293
CSCO,CSCO,2024-06-04,46.650001525878906,47.599998474121094,46.5099983215332,47.41999816894531,23330300,45.00160598754883
CSCO,CSCO,2024-06-05,47.52000045776367,47.630001068115234,45.63999938964844,46.02000045776367,28746400,43.67300796508789
CSCO,CSCO,2024-06-06,45.939998626708984,46.38999938964844,45.779998779296875,46.22999954223633,15456100,43.872291564941406
CSCO,CSCO,2024-06-07,45.95000076293945,46.290000915527344,45.790000915527344,45.84000015258789,15734600,43.50218200683594
CSCO,CSCO,2024-06-10,45.79999923706055,45.86000061035156,45.27000045776367,45.849998474121094,13400400,43.51167297363281
CSCO,CSCO,2024-06-11,45.689998626708984,45.93000030517578,45.36000061035156,45.77000045776367,17450700,43.43575668334961
CSCO,CSCO,2024-06-12,45.9900016784668,46.08000183105469,45.38999938964844,45.619998931884766,16803100,43.29340362548828
CSCO,CSCO,2024-06-13,45.41999816894531,45.54999923706055,45.119998931884766,45.52000045776367,16149000,43.198509216308594
CSCO,CSCO,2024-06-14,45.31999969482422,45.709999084472656,44.970001220703125,45.68000030517578,15274200,43.35034942626953
CSCO,CSCO,2024-06-17,45.400001525878906,45.709999084472656,44.95000076293945,45.689998626708984,16382000,43.35982894897461
CSCO,CSCO,2024-06-18,45.5,45.9900016784668,45.5,45.970001220703125,17627000,43.62555694580078
CSCO,CSCO,2024-06-20,45.90999984741211,46.869998931884766,45.86000061035156,46.720001220703125,25613200,44.33730697631836
CSCO,CSCO,2024-06-21,47.099998474121094,47.84000015258789,47.04999923706055,47.290000915527344,64967000,44.878238677978516
CSCO,CSCO,2024-06-24,47.4900016784668,47.779998779296875,47.02000045776367,47.279998779296875,19136200,44.868743896484375
CSCO,CSCO,2024-06-25,47.27000045776367,47.81999969482422,46.9900016784668,47.380001068115234,17615800,44.963645935058594
CSCO,CSCO,2024-06-26,47.060001373291016,47.40999984741211,46.79999923706055,46.86000061035156,13981300,44.47017288208008
CSCO,CSCO,2024-06-27,46.779998779296875,47.5099983215332,46.77000045776367,47.45000076293945,16541900,45.03008270263672
CSCO,CSCO,2024-06-28,47.54999923706055,47.86000061035156,47.34000015258789,47.5099983215332,23921100,45.087013244628906
CSCO,CSCO,2024-07-01,47.47999954223633,47.84000015258789,47.349998474121094,47.52000045776367,17776000,45.09650802612305
CSCO,CSCO,2024-07-02,47.400001525878906,47.790000915527344,46.959999084472656,47.279998779296875,19794200,44.868743896484375
CSCO,CSCO,2024-07-03,47.150001525878906,47.52000045776367,47.040000915527344,47.09000015258789,8118300,44.68843460083008
CSCO,CSCO,2024-07-05,46.43000030517578,46.7599983215332,46.310001373291016,46.650001525878906,14692600,44.65015411376953
CSCO,CSCO,2024-07-08,46.349998474121094,46.779998779296875,45.95000076293945,46.060001373291016,19320900,44.08544158935547
CSCO,CSCO,2024-07-09,46.0,46.099998474121094,45.650001525878906,45.79999923706055,17343400,43.83658981323242
CSCO,CSCO,2024-07-10,46.060001373291016,46.290000915527344,45.83000183105469,46.27000045776367,18737300,44.28643798828125
CSCO,CSCO,2024-07-11,46.18000030517578,46.90999984741211,46.18000030517578,46.7599983215332,19741200,44.75543975830078
CSCO,CSCO,2024-07-12,46.779998779296875,47.86000061035156,46.650001525878906,47.380001068115234,20936100,45.34885787963867
CSCO,CSCO,2024-07-15,47.40999984741211,47.4900016784668,46.790000915527344,47.400001525878906,15925900,45.368003845214844
CSCO,CSCO,2024-07-16,47.45000076293945,47.970001220703125,47.220001220703125,47.41999816894531,17037300,45.387142181396484
CSCO,CSCO,2024-07-17,47.459999084472656,48.7400016784668,47.349998474121094,48.52000045776367,26638700,46.43998718261719
CSCO,CSCO,2024-07-18,48.150001525878906,48.63999938964844,47.97999954223633,48.040000915527344,18462500,45.98056411743164
CSCO,CSCO,2024-07-19,48.09000015258789,48.099998474121094,47.13999938964844,47.31999969482422,18289200,45.29142761230469
CSCO,CSCO,2024-07-22,47.31999969482422,47.380001068115234,46.77000045776367,46.81999969482422,19899400,44.8128662109375
CSCO,CSCO,2024-07-23,46.75,46.779998779296875,46.34000015258789,46.36000061035156,16372000,44.37258529663086
CSCO,CSCO,2024-07-24,46.540000915527344,47.040000915527344,46.2400016784668,46.849998474121094,25318200,44.841575622558594
CSCO,CSCO,2024-07-25,47.369998931884766,48.189998626708984,47.060001373291016,47.2400016784668,20631200,45.21486282348633
CSCO,CSCO,2024-07-26,47.31999969482422,48.0099983215332,47.2400016784668,47.880001068115234,16104900,45.82742691040039
CSCO,CSCO,2024-07-29,47.81999969482422,48.209999084472656,47.439998626708984,47.9900016784668,11475700,45.932708740234375
CSCO,CSCO,2024-07-30,48.189998626708984,48.54999923706055,47.88999938964844,48.13999938964844,20166000,46.07627868652344
CSCO,CSCO,2024-07-31,48.40999984741211,48.77000045776367,48.2400016784668,48.45000076293945,19953600,46.37298583984375
CSCO,CSCO,2024-08-01,48.619998931884766,48.720001220703125,47.20000076293945,47.38999938964844,18837500,45.35843276977539
CSCO,CSCO,2024-08-02,47.68000030517578,47.75,46.349998474121094,46.65999984741211,24000200,44.65972137451172
CSCO,CSCO,2024-08-05,46.54999923706055,46.68000030517578,44.689998626708984,44.7400016784668,29669600,42.8220329284668
CSCO,CSCO,2024-08-06,44.75,45.7400016784668,44.63999938964844,45.15999984741211,20524000,43.224029541015625
CSCO,CSCO,2024-08-07,45.41999816894531,46.209999084472656,45.09000015258789,45.119998931884766,18301100,43.18574142456055
CSCO,CSCO,2024-08-08,45.279998779296875,46.27000045776367,45.279998779296875,45.83000183105469,18369100,43.86530685424805
CSCO,CSCO,2024-08-09,45.70000076293945,46.060001373291016,45.2400016784668,45.470001220703125,21217600,43.52073669433594
CSCO,CSCO,2024-08-12,45.529998779296875,45.7400016784668,44.5,44.86000061035156,20289500,42.9368896484375
CSCO,CSCO,2024-08-13,44.97999954223633,45.38999938964844,44.88999938964844,45.369998931884766,20976900,43.425025939941406
CSCO,CSCO,2024-08-14,45.13999938964844,45.7400016784668,45.040000915527344,45.439998626708984,30675600,43.49202346801758
CSCO,CSCO,2024-08-15,48.75,50.279998779296875,48.15999984741211,48.529998779296875,45976400,46.44955825805664
CSCO,CSCO,2024-08-16,48.63999938964844,49.72999954223633,48.5,49.459999084472656,27424900,47.33968734741211
CSCO,CSCO,2024-08-19,49.33000183105469,49.9900016784668,49.29999923706055,49.97999954223633,16436600,47.83739471435547
CSCO,CSCO,2024-08-20,49.97999954223633,50.369998931884766,49.599998474121094,50.2400016784668,18697300,48.08625411987305
CSCO,CSCO,2024-08-21,50.290000915527344,50.54999923706055,50.029998779296875,50.45000076293945,21177600,48.28725051879883
CSCO,CSCO,2024-08-22,50.720001220703125,50.93000030517578,50.18000030517578,50.220001220703125,19143100,48.067115783691406
CSCO,CSCO,2024-08-23,50.5099983215332,50.77000045776367,50.31999969482422,50.7400016784668,16474100,48.5648193359375
CSCO,CSCO,2024-08-26,50.790000915527344,51.02000045776367,50.720001220703125,50.790000915527344,12016800,48.61267852783203
CSCO,CSCO,2024-08-27,50.66999816894531,50.84000015258789,50.400001525878906,50.709999084472656,10243900,48.53610610961914
CSCO,CSCO,2024-08-28,50.45000076293945,50.56999969482422,49.40999984741211,49.849998474121094,14571400,47.71297073364258
CSCO,CSCO,2024-08-29,49.970001220703125,50.81999969482422,49.880001068115234,50.38999938964844,16324100,48.22982406616211
CSCO,CSCO,2024-08-30,50.54999923706055,50.689998626708984,50.06999969482422,50.540000915527344,15615800,48.373390197753906
CSCO,CSCO,2024-09-03,50.310001373291016,50.5,49.900001525878906,50.060001373291016,14918600,47.913970947265625
CSCO,CSCO,2024-09-04,49.81999969482422,50.040000915527344,49.58000183105469,49.70000076293945,16411700,47.56940460205078
CSCO,CSCO,2024-09-05,49.5,49.650001525878906,48.939998626708984,49.130001068115234,16312000,47.023841857910156
CSCO,CSCO,2024-09-06,48.869998931884766,49.22999954223633,48.20000076293945,48.5,21040500,46.42084503173828
CSCO,CSCO,2024-09-09,48.470001220703125,49.150001525878906,48.2599983215332,48.70000076293945,18677600,46.61227035522461
CSCO,CSCO,2024-09-10,48.790000915527344,48.970001220703125,48.439998626708984,48.790000915527344,11754700,46.69841766357422
CSCO,CSCO,2024-09-11,48.75,49.209999084472656,47.849998474121094,49.11000061035156,15106600,47.00469207763672
CSCO,CSCO,2024-09-12,49.09000015258789,49.63999938964844,48.86000061035156,49.61000061035156,13229500,47.48326110839844
CSCO,CSCO,2024-09-13,49.7400016784668,50.060001373291016,49.66999816894531,49.79999923706055,10168900,47.66511154174805
CSCO,CSCO,2024-09-16,49.880001068115234,51.06999969482422,49.779998779296875,51.029998779296875,16668200,48.84238052368164
CSCO,CSCO,2024-09-17,51.02000045776367,51.41999816894531,50.56999969482422,50.61000061035156,13230300,48.440391540527344
CSCO,CSCO,2024-09-18,50.38999938964844,51.13999938964844,50.27000045776367,50.56999969482422,12697700,48.402103424072266
CSCO,CSCO,2024-09-19,51.40999984741211,51.720001220703125,51.150001525878906,51.439998626708984,16274000,49.23480987548828
CSCO,CSCO,2024-09-20,51.45000076293945,52.33000183105469,51.41999816894531,51.970001220703125,44096600,49.742088317871094
CSCO,CSCO,2024-09-23,52.060001373291016,52.439998626708984,51.88999938964844,52.189998626708984,18343400,49.95265579223633
CSCO,CSCO,2024-09-24,52.209999084472656,52.56999969482422,52.0099983215332,52.52000045776367,26479300,50.26850891113281
CSCO,CSCO,2024-09-25,52.56999969482422,52.72999954223633,52.369998931884766,52.650001525878906,22422200,50.39293670654297
CSCO,CSCO,2024-09-26,53.0,53.290000915527344,52.7599983215332,52.849998474121094,18374000,50.5843620300293
CSCO,CSCO,2024-09-27,53.040000915527344,53.220001220703125,52.86000061035156,53.02000045776367,13868300,50.74707794189453
CSCO,CSCO,2024-09-30,53.02000045776367,53.310001373291016,52.650001525878906,53.220001220703125,17807500,50.938499450683594
CSCO,CSCO,2024-10-01,53.11000061035156,53.20000076293945,52.310001373291016,52.7400016784668,16621800,50.479087829589844
CSCO,CSCO,2024-10-02,52.400001525878906,52.84000015258789,52.130001068115234,52.619998931884766,11071300,50.749122619628906
CSCO,CSCO,2024-10-03,52.189998626708984,52.65999984741211,52.15999984741211,52.43000030517578,11029100,50.565879821777344
CSCO,CSCO,2024-10-04,52.79999923706055,52.90999984741211,52.40999984741211,52.75,11724100,50.87450408935547
CSCO,CSCO,2024-10-07,52.58000183105469,52.849998474121094,52.369998931884766,52.5099983215332,10941700,50.643035888671875
CSCO,CSCO,2024-10-08,52.63999938964844,52.77000045776367,52.20000076293945,52.72999954223633,12365000,50.8552131652832
CSCO,CSCO,2024-10-09,52.650001525878906,53.68000030517578,52.540000915527344,53.560001373291016,10586100,51.655704498291016
CSCO,CSCO,2024-10-10,53.70000076293945,53.810001373291016,53.41999816894531,53.540000915527344,9377500,51.636417388916016
CSCO,CSCO,2024-10-11,53.52000045776367,54.33000183105469,53.52000045776367,54.25,12704500,52.32117462158203
CSCO,CSCO,2024-10-14,54.310001373291016,54.40999984741211,53.790000915527344,54.27000045776367,11428600,52.34046173095703
CSCO,CSCO,2024-10-15,54.41999816894531,54.61000061035156,53.91999816894531,54.08000183105469,20066300,52.15721893310547
CSCO,CSCO,2024-10-16,55.0,56.40999984741211,54.83000183105469,56.380001068115234,32382300,54.37543869018555
CSCO,CSCO,2024-10-17,56.380001068115234,56.58000183105469,55.849998474121094,56.400001525878906,18383400,54.39473342895508
CSCO,CSCO,2024-10-18,56.40999984741211,56.869998931884766,56.209999084472656,56.7599983215332,17679800,54.7419319152832
CSCO,CSCO,2024-10-21,56.689998626708984,57.060001373291016,56.5099983215332,56.59000015258789,14083600,54.57797622680664
CSCO,CSCO,2024-10-22,56.0,56.900001525878906,55.86000061035156,56.599998474121094,14956300,54.587615966796875
CSCO,CSCO,2024-10-23,56.15999984741211,56.59000015258789,55.9900016784668,56.279998779296875,18723000,54.27899169921875
CSCO,CSCO,2024-10-24,56.380001068115234,56.54999923706055,55.810001373291016,55.959999084472656,14699600,53.970367431640625
CSCO,CSCO,2024-10-25,56.25,56.630001068115234,55.66999816894531,55.7400016784668,14680500,53.75819778442383
CSCO,CSCO,2024-10-28,55.900001525878906,55.97999954223633,55.209999084472656,55.279998779296875,12912300,53.31454849243164
CSCO,CSCO,2024-10-29,55.369998931884766,56.11000061035156,55.27000045776367,55.68000030517578,18810100,53.7003288269043
CSCO,CSCO,2024-10-30,55.56999969482422,56.040000915527344,55.369998931884766,55.59000015258789,13284300,53.613529205322266
CSCO,CSCO,2024-10-31,55.43000030517578,55.5099983215332,54.709999084472656,54.77000045776367,22023400,52.82268142700195
CSCO,CSCO,2024-11-01,54.7400016784668,55.810001373291016,54.529998779296875,55.5,19235600,53.5267333984375
CSCO,CSCO,2024-11-04,55.45000076293945,55.90999984741211,55.119998931884766,55.83000183105469,13269900,53.84499740600586
CSCO,CSCO,2024-11-05,55.900001525878906,56.27000045776367,55.5,56.15999984741211,10183600,54.163265228271484
CSCO,CSCO,2024-11-06,57.189998626708984,58.09000015258789,56.959999084472656,57.869998931884766,20506000,55.812461853027344
CSCO,CSCO,2024-11-07,57.79999923706055,58.29999923706055,57.540000915527344,58.08000183105469,17880200,56.01499938964844
CSCO,CSCO,2024-11-08,58.09000015258789,58.20000076293945,57.65999984741211,58.060001373291016,17517700,55.99570846557617
CSCO,CSCO,2024-11-11,59.0,59.380001068115234,58.36000061035156,58.630001068115234,17827000,56.545440673828125
CSCO,CSCO,2024-11-12,58.7599983215332,59.040000915527344,58.43000030517578,58.709999084472656,16609400,56.62260055541992
CSCO,CSCO,2024-11-13,58.150001525878906,59.279998779296875,57.84000015258789,59.18000030517578,36350600,57.075889587402344
CSCO,CSCO,2024-11-14,58.9900016784668,58.9900016784668,57.52000045776367,57.91999816894531,33747700,55.860687255859375
CSCO,CSCO,2024-11-15,57.45000076293945,58.099998474121094,57.22999954223633,57.459999084472656,28173700,55.41704177856445
CSCO,CSCO,2024-11-18,57.54999923706055,57.9900016784668,57.22999954223633,57.310001373291016,23769300,55.272377014160156
CSCO,CSCO,2024-11-19,56.68000030517578,57.040000915527344,56.349998474121094,57.0099983215332,17476200,54.9830436706543
CSCO,CSCO,2024-11-20,56.84000015258789,57.5,56.61000061035156,57.5,15345000,55.45561981201172
CSCO,CSCO,2024-11-21,57.290000915527344,57.93000030517578,57.099998474121094,57.560001373291016,16162400,55.513492584228516
CSCO,CSCO,2024-11-22,57.59000015258789,58.70000076293945,57.459999084472656,58.54999923706055,14952100,56.46828842163086
CSCO,CSCO,2024-11-25,58.650001525878906,58.959999084472656,58.2599983215332,58.7400016784668,52408200,56.65153121948242
CSCO,CSCO,2024-11-26,59.0,59.63999938964844,58.939998626708984,59.59000015258789,14209700,57.471309661865234
CSCO,CSCO,2024-11-27,59.61000061035156,59.869998931884766,58.93000030517578,59.290000915527344,12703300,57.18198013305664
CSCO,CSCO,2024-11-29,59.06999969482422,59.59000015258789,59.040000915527344,59.209999084472656,11618400,57.104820251464844
CSCO,CSCO,2024-12-02,59.25,59.70000076293945,59.13999938964844,59.43000030517578,15977400,57.31699752807617
CSCO,CSCO,2024-12-03,59.43000030517578,59.529998779296875,59.16999816894531,59.47999954223633,11746000,57.3652229309082
CSCO,CSCO,2024-12-04,59.63999938964844,59.84000015258789,59.27000045776367,59.619998931884766,16872100,57.500244140625
CSCO,CSCO,2024-12-05,59.790000915527344,60.22999954223633,59.70000076293945,60.02000045776367,19121700,57.886024475097656
CSCO,CSCO,2024-12-06,60.0,60.08000183105469,59.77000045776367,59.88999938964844,14622700,57.760643005371094
CSCO,CSCO,2024-12-09,59.83000183105469,59.880001068115234,58.86000061035156,58.95000076293945,16517500,56.854068756103516
CSCO,CSCO,2024-12-10,58.5,58.86000061035156,58.130001068115234,58.720001220703125,14480200,56.63224411010742
CSCO,CSCO,2024-12-11,58.880001068115234,58.959999084472656,58.310001373291016,58.59000015258789,26842900,56.50686264038086
CSCO,CSCO,2024-12-12,58.689998626708984,59.7400016784668,58.630001068115234,58.849998474121094,17704600,56.75761795043945
CSCO,CSCO,2024-12-13,58.619998931884766,58.939998626708984,58.380001068115234,58.619998931884766,14129700,56.53580093383789
CSCO,CSCO,2024-12-16,58.470001220703125,58.4900016784668,57.849998474121094,58.349998474121094,26883200,56.27539825439453
CSCO,CSCO,2024-12-17,58.380001068115234,59.06999969482422,58.16999816894531,58.52000045776367,24912500,56.439353942871094
CSCO,CSCO,2024-12-18,58.709999084472656,58.709999084472656,57.47999954223633,57.529998779296875,24195100,55.484554290771484
CSCO,CSCO,2024-12-19,57.38999938964844,58.13999938964844,57.34000015258789,57.630001068115234,21947800,55.58100128173828
CSCO,CSCO,2024-12-20,57.56999969482422,58.779998779296875,57.27000045776367,58.52000045776367,69544600,56.439353942871094
CSCO,CSCO,2024-12-23,58.130001068115234,59.02000045776367,58.119998931884766,58.97999954223633,18671200,56.88300323486328
CSCO,CSCO,2024-12-24,58.79999923706055,59.849998474121094,58.79999923706055,59.849998474121094,9922300,57.722068786621094
CSCO,CSCO,2024-12-26,59.619998931884766,60.060001373291016,59.400001525878906,59.97999954223633,8524500,57.847442626953125
CSCO,CSCO,2024-12-27,59.56999969482422,60.02000045776367,59.13999938964844,59.61000061035156,13021400,57.490596771240234
CSCO,CSCO,2024-12-30,59.09000015258789,59.38999938964844,58.40999984741211,59.189998626708984,12948100,57.08552551269531
CSCO,CSCO,2024-12-31,59.220001220703125,59.380001068115234,58.77000045776367,59.20000076293945,14173000,57.095176696777344
CSCO,CSCO,2025-01-02,59.27000045776367,59.68000030517578,58.56999969482422,59.099998474121094,16144300,56.99873352050781
CSCO,CSCO,2025-01-03,58.84000015258789,59.16999816894531,58.36000061035156,58.86000061035156,18859000,57.15409469604492
CSCO,CSCO,2025-01-06,58.90999984741211,59.58000183105469,58.59000015258789,58.77000045776367,18543300,57.06669998168945
CSCO,CSCO,2025-01-07,58.970001220703125,59.25,58.650001525878906,58.93000030517578,16863800,57.22206497192383
CSCO,CSCO,2025-01-08,58.88999938964844,59.2400016784668,58.27000045776367,59.20000076293945,14400300,57.4842414855957
CSCO,CSCO,2025-01-10,58.790000915527344,59.060001373291016,58.540000915527344,58.7400016784668,17274500,57.03757095336914
CSCO,CSCO,2025-01-13,58.91999816894531,58.93000030517578,58.16999816894531,58.7599983215332,19340700,57.05699157714844
CSCO,CSCO,2025-01-14,58.970001220703125,59.34000015258789,58.75,59.33000183105469,16715500,57.6104736328125
CSCO,CSCO,2025-01-15,59.86000061035156,60.34000015258789,59.59000015258789,59.97999954223633,19185100,58.241634368896484
CSCO,CSCO,2025-01-16,60.18000030517578,60.45000076293945,59.779998779296875,59.81999969482422,18445700,58.086273193359375
CSCO,CSCO,2025-01-17,60.7599983215332,60.95000076293945,60.20000076293945,60.22999954223633,23876400,58.4843864440918
CSCO,CSCO,2025-01-21,60.470001220703125,61.33000183105469,60.279998779296875,61.029998779296875,18623800,59.261199951171875
CSCO,CSCO,2025-01-22,61.040000915527344,61.7599983215332,60.9900016784668,61.630001068115234,19436600,59.843814849853516
CSCO,CSCO,2025-01-23,61.79999923706055,62.31999969482422,61.380001068115234,62.22999954223633,14212000,60.426422119140625
CSCO,CSCO,2025-01-24,62.060001373291016,62.290000915527344,61.86000061035156,62.22999954223633,17232900,60.426422119140625
CSCO,CSCO,2025-01-27,61.38999938964844,61.459999084472656,58.7599983215332,59.08000183105469,33730300,57.36772155761719
CSCO,CSCO,2025-01-28,59.02000045776367,59.560001373291016,58.91999816894531,59.43000030517578,25473300,57.707576751708984
CSCO,CSCO,2025-01-29,59.95000076293945,60.540000915527344,59.5099983215332,59.54999923706055,17925300,57.8240966796875
CSCO,CSCO,2025-01-30,60.470001220703125,61.08000183105469,60.25,60.470001220703125,17079000,58.717430114746094
CSCO,CSCO,2025-01-31,60.529998779296875,61.189998626708984,60.459999084472656,60.599998474121094,16554200,58.84366226196289
CSCO,CSCO,2025-02-03,60.189998626708984,61.2599983215332,59.54999923706055,61.040000915527344,20375700,59.27091598510742
CSCO,CSCO,2025-02-04,60.84000015258789,61.59000015258789,60.72999954223633,61.34000015258789,12742700,59.56221389770508
CSCO,CSCO,2025-02-05,61.45000076293945,62.709999084472656,61.29999923706055,62.56999969482422,18997400,60.756568908691406
CSCO,CSCO,2025-02-06,62.81999969482422,62.90999984741211,62.06999969482422,62.27000045776367,15521800,60.46526336669922
CSCO,CSCO,2025-02-07,62.7400016784668,63.25,62.209999084472656,62.27000045776367,23861000,60.46526336669922
CSCO,CSCO,2025-02-10,63.119998931884766,63.150001525878906,62.380001068115234,62.810001373291016,15816200,60.9896125793457
CSCO,CSCO,2025-02-11,62.529998779296875,62.79999923706055,62.18000030517578,62.43000030517578,17702500,60.620628356933594
CSCO,CSCO,2025-02-12,61.439998626708984,62.560001373291016,61.20000076293945,62.529998779296875,30116300,60.71772766113281
CSCO,CSCO,2025-02-13,66.0999984741211,66.5,62.720001220703125,63.84000015258789,43257700,61.98976135253906
CSCO,CSCO,2025-02-14,63.790000915527344,65.06999969482422,63.439998626708984,64.87000274658203,23693300,62.98991394042969
CSCO,CSCO,2025-02-18,65.30000305175781,66.25,64.43000030517578,64.58999633789062,22047500,62.718021392822266
CSCO,CSCO,2025-02-19,64.5199966430664,64.95999908447266,64.29000091552734,64.83999633789062,14164100,62.960777282714844
CSCO,CSCO,2025-02-20,64.95999908447266,65.2300033569336,64.2699966430664,64.66999816894531,14836600,62.79570388793945
CSCO,CSCO,2025-02-21,64.68000030517578,64.95999908447266,63.880001068115234,63.97999954223633,18905800,62.125701904296875
CSCO,CSCO,2025-02-24,64.43000030517578,64.58000183105469,63.150001525878906,63.2400016784668,17287500,61.40715026855469
CSCO,CSCO,2025-02-25,64.5999984741211,64.63999938964844,63.31999969482422,64.2699966430664,22100100,62.40729522705078
CSCO,CSCO,2025-02-26,64.05000305175781,64.77999877929688,63.939998626708984,64.08000183105469,13452300,62.22280502319336
CSCO,CSCO,2025-02-27,64.7699966430664,65.29000091552734,63.75,63.810001373291016,24695600,61.96063232421875
CSCO,CSCO,2025-02-28,63.93000030517578,64.16000366210938,62.83000183105469,64.11000061035156,26711800,62.25193405151367
CSCO,CSCO,2025-03-03,64.38999938964844,64.87999725341797,63.189998626708984,63.47999954223633,21810700,61.640193939208984
CSCO,CSCO,2025-03-04,63.7400016784668,63.90999984741211,62.61000061035156,63.2599983215332,24588300,61.426570892333984
CSCO,CSCO,2025-03-05,63.22999954223633,64.18000030517578,62.79999923706055,63.959999084472656,14931500,62.106285095214844
CSCO,CSCO,2025-03-06,63.79999923706055,64.0199966430664,62.7599983215332,63.40999984741211,23155100,61.57222366333008
CSCO,CSCO,2025-03-07,62.900001525878906,64.16999816894531,62.189998626708984,63.939998626708984,21154800,62.08686065673828
CSCO,CSCO,2025-03-10,63.47999954223633,63.689998626708984,61.68000030517578,62.060001373291016,27417600,60.261348724365234
CSCO,CSCO,2025-03-11,62.279998779296875,62.380001068115234,60.529998779296875,60.66999816894531,25787400,58.9116325378418
CSCO,CSCO,2025-03-12,60.959999084472656,61.18000030517578,60.25,60.459999084472656,18935300,58.70772171020508
CSCO,CSCO,2025-03-13,60.40999984741211,60.4900016784668,59.22999954223633,59.66999816894531,16463300,57.94061279296875
CSCO,CSCO,2025-03-14,60.31999969482422,60.619998931884766,59.91999816894531,60.5,16250700,58.74656295776367
CSCO,CSCO,2025-03-17,60.400001525878906,61.209999084472656,60.34000015258789,60.88999938964844,15335800,59.1252555847168
CSCO,CSCO,2025-03-18,60.66999816894531,60.79999923706055,59.66999816894531,60.29999923706055,16669000,58.552364349365234
CSCO,CSCO,2025-03-19,60.630001068115234,61.58000183105469,60.5,61.119998931884766,15488800,59.34859085083008
CSCO,CSCO,2025-03-20,60.47999954223633,61.02000045776367,60.34000015258789,60.619998931884766,16528600,58.86308288574219
CSCO,CSCO,2025-03-21,60.16999816894531,60.400001525878906,59.43000030517578,60.29999923706055,65935200,58.552364349365234
CSCO,CSCO,2025-03-24,61.040000915527344,61.380001068115234,60.880001068115234,60.970001220703125,28335600,59.20294189453125
CSCO,CSCO,2025-03-25,60.84000015258789,61.209999084472656,60.70000076293945,60.9900016784668,20877600,59.22236633300781
CSCO,CSCO,2025-03-26,61.029998779296875,61.84000015258789,61.0099983215332,61.79999923706055,30621200,60.008880615234375
CSCO,CSCO,2025-03-27,61.88999938964844,61.97999954223633,61.33000183105469,61.400001525878906,25720200,59.6204833984375
CSCO,CSCO,2025-03-28,61.65999984741211,61.779998779296875,60.5099983215332,60.86000061035156,24931700,59.096126556396484
CSCO,CSCO,2025-03-31,60.630001068115234,61.900001525878906,60.2400016784668,61.709999084472656,29335700,59.92149353027344
CSCO,CSCO,2025-04-01,61.380001068115234,62.040000915527344,61.060001373291016,61.79999923706055,17381400,60.008880615234375
CSCO,CSCO,2025-04-02,61.20000076293945,61.869998931884766,61.099998474121094,61.81999969482422,18610700,60.02830505371094
CSCO,CSCO,2025-04-03,59.380001068115234,59.91999816894531,57.2599983215332,57.310001373291016,40006300,56.02055358886719
CSCO,CSCO,2025-04-04,56.65999984741211,57.470001220703125,54.439998626708984,54.540000915527344,42924400,53.31287384033203
CSCO,CSCO,2025-04-07,53.380001068115234,56.119998931884766,52.11000061035156,54.40999984741211,46816200,53.1858024597168
CSCO,CSCO,2025-04-08,54.7400016784668,55.869998931884766,52.720001220703125,53.189998626708984,37377000,51.993255615234375
CSCO,CSCO,2025-04-09,53.08000183105469,58.43000030517578,52.66999816894531,58.130001068115234,53380800,56.822105407714844
CSCO,CSCO,2025-04-10,57.81999969482422,57.939998626708984,55.0,56.59000015258789,31964600,55.31675720214844
CSCO,CSCO,2025-04-11,56.66999816894531,57.79999923706055,56.279998779296875,57.33000183105469,23036900,56.04010772705078
CSCO,CSCO,2025-04-14,57.88999938964844,58.209999084472656,57.099998474121094,57.40999984741211,15657700,56.11830139160156
CSCO,CSCO,2025-04-15,57.869998931884766,57.90999984741211,57.060001373291016,57.20000076293945,18543600,55.913028717041016
CSCO,CSCO,2025-04-16,56.56999969482422,57.08000183105469,55.41999816894531,55.7599983215332,20551300,54.50542449951172
CSCO,CSCO,2025-04-17,56.20000076293945,56.40999984741211,55.689998626708984,55.7599983215332,15910400,54.50542449951172
CSCO,CSCO,2025-04-21,55.15999984741211,55.33000183105469,53.83000183105469,54.369998931884766,15578800,53.14670181274414
CSCO,CSCO,2025-04-22,55.220001220703125,55.279998779296875,54.59000015258789,55.040000915527344,19961800,53.801631927490234
CSCO,CSCO,2025-04-23,56.150001525878906,56.97999954223633,55.5,55.630001068115234,30231500,54.378353118896484
CSCO,CSCO,2025-04-24,55.29999923706055,56.56999969482422,55.15999984741211,56.290000915527344,22782300,55.023502349853516
CSCO,CSCO,2025-04-25,56.209999084472656,56.779998779296875,56.06999969482422,56.709999084472656,16493500,55.434051513671875
CSCO,CSCO,2025-04-28,56.529998779296875,57.33000183105469,56.41999816894531,56.84000015258789,23140600,55.56113052368164
CSCO,CSCO,2025-04-29,56.689998626708984,57.4900016784668,56.630001068115234,57.34000015258789,13466000,56.04988098144531
CSCO,CSCO,2025-04-30,57.099998474121094,57.90999984741211,56.459999084472656,57.72999954223633,19921200,56.43110275268555
CSCO,CSCO,2025-05-01,57.779998779296875,58.470001220703125,57.68000030517578,58.119998931884766,16420800,56.81232833862305
CSCO,CSCO,2025-05-02,59.060001373291016,59.41999816894531,58.7400016784668,59.33000183105469,18753200,57.99510955810547
CSCO,CSCO,2025-05-05,59.0,59.650001525878906,58.880001068115234,59.31999969482422,14758500,57.985328674316406
CSCO,CSCO,2025-05-06,58.630001068115234,59.5099983215332,58.58000183105469,59.220001220703125,13766500,57.887577056884766
CSCO,CSCO,2025-05-07,59.20000076293945,59.900001525878906,59.06999969482422,59.56999969482422,14078300,58.22970199584961
CSCO,CSCO,2025-05-08,59.959999084472656,60.279998779296875,59.43000030517578,59.709999084472656,16196700,58.36655044555664
CSCO,CSCO,2025-05-09,60.65999984741211,60.83000183105469,59.439998626708984,59.77000045776367,17480700,58.42520523071289
CSCO,CSCO,2025-05-12,61.61000061035156,61.849998474121094,61.119998931884766,61.66999816894531,23700000,60.28245544433594
CSCO,CSCO,2025-05-13,61.68000030517578,62.2400016784668,61.61000061035156,61.779998779296875,18591200,60.389976501464844
CSCO,CSCO,2025-05-14,61.630001068115234,61.869998931884766,60.849998474121094,61.290000915527344,34509200,59.91100311279297
CSCO,CSCO,2025-05-15,63.06999969482422,65.75,62.91999816894531,64.26000213623047,60718000,62.814186096191406
CSCO,CSCO,2025-05-16,63.90999984741211,64.02999877929688,62.97999954223633,63.619998931884766,30289900,62.18857955932617
CSCO,CSCO,2025-05-19,63.43000030517578,64.12999725341797,63.18000030517578,63.91999816894531,16249000,62.48183059692383
CSCO,CSCO,2025-05-20,63.7400016784668,63.849998474121094,63.06999969482422,63.41999816894531,14995200,61.993080139160156
CSCO,CSCO,2025-05-21,62.9900016784668,63.90999984741211,62.970001220703125,63.20000076293945,15595900,61.77803421020508
CSCO,CSCO,2025-05-22,63.40999984741211,63.720001220703125,62.95000076293945,63.36000061035156,15641100,61.93443298339844
CSCO,CSCO,2025-05-23,62.709999084472656,63.220001220703125,62.529998779296875,63.11000061035156,15645400,61.69005584716797
CSCO,CSCO,2025-05-27,63.7599983215332,63.9900016784668,63.34000015258789,63.75,17429400,62.31565475463867
CSCO,CSCO,2025-05-28,63.88999938964844,63.9900016784668,63.25,63.34000015258789,13814500,61.91488265991211
CSCO,CSCO,2025-05-29,63.72999954223633,63.7400016784668,62.4900016784668,63.04999923706055,13982800,61.63140869140625
CSCO,CSCO,2025-05-30,62.91999816894531,63.18000030517578,62.29999923706055,63.040000915527344,25829000,61.62162780761719
CSCO,CSCO,2025-06-02,62.72999954223633,63.880001068115234,62.709999084472656,63.849998474121094,15816000,62.41340637207031
CSCO,CSCO,2025-06-03,63.79999923706055,64.45999908447266,63.720001220703125,64.36000061035156,15156900,62.911930084228516
CSCO,CSCO,2025-06-04,64.66000366210938,64.88999938964844,64.3499984741211,64.38999938964844,14770900,62.941253662109375
CSCO,CSCO,2025-06-05,64.4800033569336,64.91000366210938,64.27999877929688,64.62000274658203,17025200,63.16608428955078
CSCO,CSCO,2025-06-06,65.31999969482422,66.16000366210938,65.2300033569336,66.05999755859375,20943800,64.57367706298828
CSCO,CSCO,2025-06-09,66.11000061035156,66.36000061035156,65.58999633789062,65.9000015258789,13689800,64.41727447509766
CSCO,CSCO,2025-06-10,66.01000213623047,66.08000183105469,64.80999755859375,65.1500015258789,17214900,63.68415451049805
CSCO,CSCO,2025-06-11,65.11000061035156,65.1500015258789,63.869998931884766,64.19000244140625,20442600,62.74576187133789
CSCO,CSCO,2025-06-12,64.31999969482422,65.20999908447266,64.11000061035156,65.0999984741211,15160800,63.635284423828125
CSCO,CSCO,2025-06-13,64.58999633789062,64.72000122070312,63.93000030517578,64.08999633789062,14635000,62.64800262451172
CSCO,CSCO,2025-06-16,65.19000244140625,65.61000061035156,64.8499984741211,65.51000213623047,16957700,64.03605651855469
CSCO,CSCO,2025-06-17,65.63999938964844,66.1500015258789,65.0199966430664,65.33000183105469,18845200,63.860107421875
CSCO,CSCO,2025-06-18,65.69000244140625,66.33999633789062,65.37999725341797,65.83999633789062,22664200,64.35862731933594
CSCO,CSCO,2025-06-20,66.48999786376953,66.6500015258789,65.72000122070312,66.31999969482422,50421700,64.82782745361328
CSCO,CSCO,2025-06-23,66.3499984741211,67.48999786376953,66.20999908447266,67.37999725341797,34030000,65.86398315429688
CSCO,CSCO,2025-06-24,67.77999877929688,68.04000091552734,67.36000061035156,67.88999938964844,23162700,66.36251068115234
CSCO,CSCO,2025-06-25,67.8499984741211,68.52999877929688,67.77999877929688,68.19000244140625,19395700,66.65576171875
CSCO,CSCO,2025-06-26,68.72000122070312,69.16000366210938,68.41999816894531,68.94999694824219,23154000,67.3986587524414
CSCO,CSCO,2025-06-27,68.87000274658203,69.22000122070312,68.33999633789062,68.6500015258789,26224600,67.10540771484375
CSCO,CSCO,2025-06-30,68.83000183105469,69.77999877929688,68.75,69.37999725341797,32561200,67.8189926147461
CSCO,CSCO,2025-07-01,69.37999725341797,69.55000305175781,68.63999938964844,69.0999984741211,21939500,67.5452880859375
CSCO,CSCO,2025-07-02,68.68000030517578,68.94000244140625,68.18000030517578,68.58999633789062,16655200,67.0467529296875
CSCO,CSCO,2025-07-03,68.18000030517578,69.47000122070312,68.18000030517578,69.37000274658203,17973500,68.21697998046875
CSCO,CSCO,2025-07-07,69.08000183105469,69.30000305175781,68.61000061035156,68.93000030517578,23985200,67.7843017578125
CSCO,CSCO,2025-07-08,68.80000305175781,68.91999816894531,68.3499984741211,68.58999633789062,21182600,67.44993591308594
CSCO,CSCO,2025-07-09,68.54000091552734,69.31999969482422,68.30999755859375,69.2699966430664,23765900,68.11863708496094
CSCO,CSCO,2025-07-10,69.26000213623047,69.38999938964844,68.55999755859375,68.76000213623047,15005300,67.61711883544922
CSCO,CSCO,2025-07-11,68.29000091552734,68.5,67.69000244140625,67.94999694824219,14699400,66.82058715820312
CSCO,CSCO,2025-07-14,67.83000183105469,68.02999877929688,67.19999694824219,67.81999969482422,16451400,66.69274139404297
CSCO,CSCO,2025-07-15,67.68000030517578,67.87999725341797,67.1500015258789,67.18000030517578,13944600,66.0633773803711
CSCO,CSCO,2025-07-16,67.1500015258789,67.55999755859375,66.9800033569336,67.37000274658203,15156100,66.25022888183594
CSCO,CSCO,2025-07-17,67.55000305175781,68.47000122070312,67.51000213623047,68.30000305175781,20400000,67.16476440429688
CSCO,CSCO,2025-07-18,68.77999877929688,68.83999633789062,67.95999908447266,68.05000305175781,16145100,66.91893005371094
CSCO,CSCO,2025-07-21,67.9000015258789,68.62000274658203,67.79000091552734,68.33999633789062,14674200,67.2041015625
CSCO,CSCO,2025-07-22,68.33999633789062,68.5999984741211,68.08000183105469,68.16000366210938,14527200,67.02709197998047
CSCO,CSCO,2025-07-23,68.3499984741211,68.83000183105469,68.05999755859375,68.62000274658203,13042300,67.47944641113281
CSCO,CSCO,2025-07-24,68.36000061035156,68.58999633789062,67.91999816894531,68.29000091552734,13534000,67.1549301147461
CSCO,CSCO,2025-07-25,68.37999725341797,68.81999969482422,68.06999969482422,68.69000244140625,11590000,67.54827880859375
CSCO,CSCO,2025-07-28,67.75,67.95999908447266,67.37000274658203,67.91999816894531,20558400,66.79107666015625
CSCO,CSCO,2025-07-29,68.2300033569336,68.72000122070312,67.83000183105469,67.95999908447266,15261800,66.8304214477539
CSCO,CSCO,2025-07-30,67.83999633789062,68.58000183105469,67.3499984741211,68.27999877929688,15518200,67.14509582519531
CSCO,CSCO,2025-07-31,68.30999755859375,69.1500015258789,67.87999725341797,68.08000183105469,18529200,66.94842529296875
CSCO,CSCO,2025-08-01,67.51000213623047,67.61000061035156,66.5199966430664,67.11000061035156,21650000,65.99454498291016
CSCO,CSCO,2025-08-04,67.7699966430664,68.51000213623047,67.61000061035156,68.48999786376953,17052200,67.35160827636719
CSCO,CSCO,2025-08-05,68.69000244140625,68.87000274658203,67.44000244140625,67.5199966430664,15434500,66.3977279663086
CSCO,CSCO,2025-08-06,67.95999908447266,69.3499984741211,67.7699966430664,69.20999908447266,23107800,68.05963897705078
CSCO,CSCO,2025-08-07,69.80000305175781,70.13999938964844,69.20999908447266,69.9000015258789,22579600,68.73817443847656
CSCO,CSCO,2025-08-08,70.23999786376953,72.0199966430664,70.22000122070312,71.79000091552734,31662400,70.59675598144531
CSCO,CSCO,2025-08-11,72.30000305175781,72.55000305175781,70.33999633789062,70.66999816894531,28911400,69.49537658691406
CSCO,CSCO,2025-08-12,70.79000091552734,71.5,70.55999755859375,71.37999725341797,21912100,70.19356536865234
CSCO,CSCO,2025-08-13,71.86000061035156,72.02999877929688,70.25,70.4000015258789,38096400,69.2298583984375
CSCO,CSCO,2025-08-14,68.0,70.61000061035156,67.4800033569336,69.30000305175781,39317300,68.14814758300781
CSCO,CSCO,2025-08-15,68.44999694824219,68.6500015258789,65.86000061035156,66.19999694824219,40877300,65.09967041015625
CSCO,CSCO,2025-08-18,66.08000183105469,67.11000061035156,65.75,66.94999694824219,20903400,65.83720397949219
CSCO,CSCO,2025-08-19,66.76000213623047,67.5199966430664,66.4800033569336,66.76000213623047,18746600,65.6503677368164
CSCO,CSCO,2025-08-20,66.81999969482422,67.19000244140625,66.54000091552734,67.11000061035156,14946400,65.99454498291016
CSCO,CSCO,2025-08-21,67.0999984741211,67.22000122070312,66.47000122070312,67.0199966430664,12456600,65.90603637695312
CSCO,CSCO,2025-08-22,67.33000183105469,68.04000091552734,67.01000213623047,67.31999969482422,16830600,66.2010498046875
CSCO,CSCO,2025-08-25,67.27999877929688,67.5,67.11000061035156,67.13999938964844,11724500,66.0240478515625
CSCO,CSCO,2025-08-26,67.16999816894531,68.75,67.11000061035156,68.38999938964844,28307900,67.25326538085938
CSCO,CSCO,2025-08-27,68.31999969482422,68.75,68.1500015258789,68.44000244140625,13876700,67.30244445800781
CSCO,CSCO,2025-08-28,68.36000061035156,69.58000183105469,68.3499984741211,69.43000030517578,15256000,68.27598571777344
CSCO,CSCO,2025-08-29,69.11000061035156,69.45999908447266,68.83000183105469,69.08999633789062,14953000,67.94163513183594
CSCO,CSCO,2025-09-02,68.11000061035156,68.31999969482422,67.37999725341797,67.80000305175781,18928800,66.67308044433594
CSCO,CSCO,2025-09-03,68.05000305175781,68.12999725341797,67.33000183105469,67.66999816894531,14320100,66.54523468017578
CSCO,CSCO,2025-09-04,68.0999984741211,68.41000366210938,67.41000366210938,67.98999786376953,14388500,66.85991668701172
CSCO,CSCO,2025-09-05,67.72000122070312,68.0999984741211,66.4800033569336,66.9000015258789,21050800,65.78804016113281
CSCO,CSCO,2025-09-08,66.72000122070312,67.01000213623047,66.3499984741211,66.87999725341797,14038000,65.76836395263672
CSCO,CSCO,2025-09-09,66.73999786376953,67.44000244140625,66.63999938964844,67.33999633789062,11649400,66.22071838378906
CSCO,CSCO,2025-09-10,67.58999633789062,68.31999969482422,67.12000274658203,68.12999725341797,14689500,66.99758911132812
CSCO,CSCO,2025-09-11,68.30999755859375,68.56999969482422,67.51000213623047,67.69000244140625,17560800,66.56490325927734
CSCO,CSCO,2025-09-12,66.87999725341797,67.33999633789062,66.12999725341797,66.52999877929688,18529200,65.42418670654297
CSCO,CSCO,2025-09-15,66.51000213623047,67.19999694824219,66.3499984741211,67.0199966430664,16203100,65.90603637695312
CSCO,CSCO,2025-09-16,67.0199966430664,67.37999725341797,66.55000305175781,66.93000030517578,18019300,65.81753540039062
CSCO,CSCO,2025-09-17,67.0,67.87999725341797,66.37999725341797,67.72000122070312,18652100,66.59439849853516
CSCO,CSCO,2025-09-18,67.9000015258789,68.76000213623047,67.4800033569336,68.68000030517578,20279000,67.53844451904297
CSCO,CSCO,2025-09-19,68.91999816894531,68.91999816894531,67.18000030517578,68.20999908447266,47822500,67.07625579833984
CSCO,CSCO,2025-09-22,67.86000061035156,68.0,67.30000305175781,67.75,20396700,66.62390899658203
CSCO,CSCO,2025-09-23,67.58000183105469,68.22000122070312,67.06999969482422,67.54000091552734,22240000,66.41740417480469
CSCO,CSCO,2025-09-24,67.69999694824219,67.86000061035156,66.88999938964844,67.31999969482422,17433100,66.2010498046875
CSCO,CSCO,2025-09-25,67.31999969482422,68.23999786376953,67.11000061035156,67.8499984741211,22351700,66.72224426269531
CSCO,CSCO,2025-09-26,67.87000274658203,67.91000366210938,66.8499984741211,67.22000122070312,15077400,66.10271453857422
CSCO,CSCO,2025-09-29,67.72000122070312,67.94999694824219,67.44000244140625,67.72000122070312,14358300,66.59439849853516
CSCO,CSCO,2025-09-30,67.70999908447266,68.7699966430664,67.69000244140625,68.41999816894531,20498900,67.28277587890625
CSCO,CSCO,2025-10-01,67.9000015258789,68.81999969482422,67.69000244140625,68.75,15530700,67.60728454589844
CSCO,CSCO,2025-10-02,69.18000030517578,69.48999786376953,68.26000213623047,68.30999755859375,15708300,67.17459869384766
CSCO,CSCO,2025-10-03,67.94999694824219,68.58000183105469,67.6500015258789,67.91999816894531,11113200,67.19438934326172
CSCO,CSCO,2025-10-06,68.44000244140625,68.94999694824219,67.80999755859375,68.91000366210938,21952700,68.17382049560547
CSCO,CSCO,2025-10-07,68.91999816894531,69.22000122070312,68.44000244140625,68.98999786376953,16493200,68.2529525756836
CSCO,CSCO,2025-10-08,69.80999755859375,70.76000213623047,69.0,70.33000183105469,34246300,69.5786361694336
CSCO,CSCO,2025-10-09,70.30999755859375,70.62000274658203,69.02999877929688,69.95999908447266,21209500,69.21259307861328
CSCO,CSCO,2025-10-10,70.41000366210938,70.80999755859375,67.88999938964844,67.94000244140625,20961500,67.21417999267578
CSCO,CSCO,2025-10-13,68.55000305175781,68.88999938964844,67.12999725341797,67.45999908447266,14127900,66.73930358886719
CSCO,CSCO,2025-10-14,67.11000061035156,69.16000366210938,66.80999755859375,68.66000366210938,15402000,67.92648315429688
CSCO,CSCO,2025-10-15,69.30999755859375,70.30000305175781,68.81999969482422,69.5199966430664,16260500,68.77729034423828
CSCO,CSCO,2025-10-16,69.77999877929688,70.06999969482422,68.56999969482422,69.08999633789062,13950600,68.35188293457031
CSCO,CSCO,2025-10-17,69.05999755859375,70.7699966430664,68.94999694824219,70.12999725341797,16286900,69.38077545166016
CSCO,CSCO,2025-10-20,70.12000274658203,70.97000122070312,70.12000274658203,70.6500015258789,12183500,69.89521789550781
CSCO,CSCO,2025-10-21,70.58000183105469,71.23999786376953,70.37999725341797,70.72000122070312,15763300,69.9644775390625
CSCO,CSCO,2025-10-22,70.86000061035156,70.97000122070312,69.8499984741211,70.66000366210938,14967200,69.90511322021484
CSCO,CSCO,2025-10-23,70.5999984741211,71.23999786376953,70.2300033569336,70.2699966430664,14614100,69.51927947998047
CSCO,CSCO,2025-10-24,70.63999938964844,70.94000244140625,70.05999755859375,70.62999725341797,13075600,69.87543487548828
CSCO,CSCO,2025-10-27,70.54000091552734,71.45999908447266,70.43000030517578,71.38999938964844,15986800,70.6273193359375
CSCO,CSCO,2025-10-28,71.19999694824219,72.68000030517578,71.02999877929688,72.62000274658203,19896800,71.84417724609375
CSCO,CSCO,2025-10-29,72.68000030517578,72.81999969482422,70.91999816894531,71.33000183105469,18020600,70.56795501708984
CSCO,CSCO,2025-10-30,71.37000274658203,73.11000061035156,71.33999633789062,72.91000366210938,18101800,72.1310806274414
CSCO,CSCO,2025-10-31,72.72000122070312,73.4800033569336,72.43000030517578,73.11000061035156,24008000,72.32894134521484
CSCO,CSCO,2025-11-03,74.61000061035156,74.83999633789062,73.62000274658203,74.44999694824219,21733400,73.65462493896484
CSCO,CSCO,2025-11-04,73.9000015258789,73.98999786376953,71.9800033569336,72.31999969482422,22345000,71.5473861694336
CSCO,CSCO,2025-11-05,72.22000122070312,72.58000183105469,71.33999633789062,72.0999984741211,16113500,71.32972717285156
CSCO,CSCO,2025-11-06,71.70999908447266,72.2300033569336,70.69000244140625,71.04000091552734,16469900,70.28105926513672
CSCO,CSCO,2025-11-07,71.38999938964844,71.58999633789062,70.54000091552734,71.06999969482422,16913700,70.31073760986328
CSCO,CSCO,2025-11-10,71.76000213623047,72.5,71.1500015258789,72.08999633789062,22201200,71.31983184814453
CSCO,CSCO,2025-11-11,71.73999786376953,72.25,71.0999984741211,71.70999908447266,21412900,70.94390106201172
CSCO,CSCO,2025-11-12,71.91000366210938,74.20999908447266,71.72000122070312,73.95999908447266,57591600,73.16986083984375
CSCO,CSCO,2025-11-13,77.94999694824219,79.5,76.6500015258789,77.37999725341797,57638500,76.5533218383789
CSCO,CSCO,2025-11-14,76.58000183105469,78.66999816894531,75.83999633789062,78.0,38819600,77.16669464111328
CSCO,CSCO,2025-11-17,77.88999938964844,79.38999938964844,77.47000122070312,77.77999877929688,28720100,76.94905090332031
CSCO,CSCO,2025-11-18,77.55000305175781,78.19999694824219,76.44999694824219,77.37000274658203,26025500,76.54342651367188
CSCO,CSCO,2025-11-19,77.30000305175781,78.93000030517578,77.16000366210938,78.38999938964844,24759700,77.55253601074219
CSCO,CSCO,2025-11-20,79.12000274658203,80.05999755859375,75.31999969482422,75.44000244140625,27381900,74.6340560913086
CSCO,CSCO,2025-11-21,75.63999938964844,76.94000244140625,75.47000122070312,76.0999984741211,24428800,75.28699493408203
CSCO,CSCO,2025-11-24,76.48999786376953,76.87999725341797,75.68000030517578,76.23999786376953,26691500,75.42550659179688
CSCO,CSCO,2025-11-25,76.48999786376953,77.05999755859375,76.08000183105469,76.31999969482422,18818800,75.50464630126953
CSCO,CSCO,2025-11-26,76.45999908447266,76.5999984741211,75.33999633789062,76.06999969482422,15972600,75.25731658935547
CSCO,CSCO,2025-11-28,76.13999938964844,76.95999908447266,75.80999755859375,76.94000244140625,7320900,76.11802673339844
CSCO,CSCO,2025-12-01,76.66999816894531,76.81999969482422,75.93000030517578,76.04000091552734,15529600,75.2276382446289
CSCO,CSCO,2025-12-02,76.16000366210938,77.0,75.76000213623047,76.87000274658203,14619100,76.04877471923828
CSCO,CSCO,2025-12-03,76.58999633789062,77.81999969482422,75.6500015258789,77.75,16088400,76.91937255859375
CSCO,CSCO,2025-12-04,77.69000244140625,77.86000061035156,77.16999816894531,77.76000213623047,12572600,76.92926788330078
CSCO,CSCO,2025-12-05,77.97000122070312,78.19000244140625,77.4000015258789,77.97000122070312,12579400,77.13702392578125
CSCO,CSCO,2025-12-08,78.20999908447266,79.37999725341797,78.12000274658203,78.86000061035156,17454500,78.01751708984375
CSCO,CSCO,2025-12-09,78.79000091552734,79.87999725341797,78.51000213623047,79.51000213623047,15737500,78.66057586669922
CSCO,CSCO,2025-12-10,78.83000183105469,80.81999969482422,78.80000305175781,80.25,21302700,79.39266204833984
CSCO,CSCO,2025-12-11,80.23999786376953,80.37000274658203,78.83000183105469,79.2699966430664,18652300,78.42312622070312
CSCO,CSCO,2025-12-12,79.45999908447266,79.55999755859375,77.72000122070312,77.80000305175781,16672300,76.96884155273438
CSCO,CSCO,2025-12-15,78.20999908447266,78.70999908447266,77.54000091552734,78.25,17646000,77.41403198242188
CSCO,CSCO,2025-12-16,78.11000061035156,78.61000061035156,77.37999725341797,77.55000305175781,17737200,76.72151184082031
CSCO,CSCO,2025-12-17,77.9000015258789,78.19999694824219,75.91999816894531,76.0,26094400,75.18806457519531
CSCO,CSCO,2025-12-18,76.33000183105469,77.80999755859375,76.26000213623047,76.94999694824219,19249400,76.12791442871094
CSCO,CSCO,2025-12-19,76.97000122070312,79.16999816894531,76.79000091552734,78.41999816894531,84881900,77.58221435546875
CSCO,CSCO,2025-12-22,79.0199966430664,79.1500015258789,77.95999908447266,78.11000061035156,18016100,77.27552795410156
CSCO,CSCO,2025-12-23,77.61000061035156,78.12000274658203,77.58999633789062,78.0199966430664,16712600,77.18647766113281
CSCO,CSCO,2025-12-24,78.0199966430664,78.29000091552734,77.8499984741211,78.0199966430664,9104400,77.18647766113281
CSCO,CSCO,2025-12-26,78.0999984741211,78.27999877929688,77.93000030517578,78.16000366210938,10158000,77.32498931884766
CSCO,CSCO,2025-12-29,78.02999877929688,78.30000305175781,77.5199966430664,77.79000091552734,17941800,76.95894622802734
CSCO,CSCO,2025-12-30,77.80999755859375,77.80999755859375,77.16999816894531,77.41000366210938,13952200,76.5830078125
CSCO,CSCO,2025-12-31,77.33999633789062,77.81999969482422,76.87999725341797,77.02999877929688,13570500,76.20706176757812
CSCO,CSCO,2026-01-02,76.6500015258789,76.94999694824219,75.61000061035156,76.04000091552734,15749800,75.63018798828125
CSCO,CSCO,2026-01-05,76.44999694824219,76.7699966430664,75.20999908447266,75.58000183105469,16328800,75.17266845703125
CSCO,CSCO,2026-01-06,75.52999877929688,75.7300033569336,74.80999755859375,75.2300033569336,17017200,74.82455444335938
CSCO,CSCO,2026-01-07,75.12000274658203,75.37999725341797,74.19999694824219,74.72000122070312,20347400,74.31729888916016
CSCO,CSCO,2026-01-08,74.30999755859375,74.45999908447266,73.55000305175781,73.95999908447266,17192200,73.56139373779297
CSCO,CSCO,2026-01-09,73.44999694824219,74.33000183105469,73.33999633789062,73.87999725341797,19104100,73.48182678222656
CSCO,CSCO,2026-01-12,72.91000366210938,74.05000305175781,72.80000305175781,74.01000213623047,20985700,73.61112976074219
CSCO,CSCO,2026-01-13,73.98999786376953,75.5,73.86000061035156,75.47000122070312,17809900,75.06326293945312
CSCO,CSCO,2026-01-14,74.93000030517578,75.11000061035156,73.81999969482422,74.41000366210938,17801300,74.00897216796875
CSCO,CSCO,2026-01-15,75.22000122070312,76.05000305175781,74.91000366210938,75.25,18213000,74.84444427490234
CSCO,CSCO,2026-01-16,75.63999938964844,75.98999786376953,74.5999984741211,75.19000244140625,25743300,74.7847671508789
CSCO,CSCO,2026-01-20,74.5199966430664,74.87000274658203,73.20999908447266,73.3499984741211,23999700,72.95468139648438
CSCO,CSCO,2026-01-21,73.94999694824219,74.36000061035156,73.01000213623047,73.69000244140625,18210200,73.29285430908203
CSCO,CSCO,2026-01-22,74.11000061035156,74.77999877929688,73.87999725341797,74.33000183105469,12879800,73.92940521240234
CSCO,CSCO,2026-01-23,73.94999694824219,75.06999969482422,73.70999908447266,74.58999633789062,13125500,74.18799591064453
CSCO,CSCO,2026-01-26,76.47000122070312,77.41999816894531,75.63999938964844,77.01000213623047,24714400,76.59496307373047
CSCO,CSCO,2026-01-27,77.19000244140625,78.91000366210938,77.05000305175781,78.68000030517578,17756700,78.2559585571289
CSCO,CSCO,2026-01-28,78.93000030517578,79.04000091552734,78.0199966430664,78.95999908447266,14022900,78.5344467163086
CSCO,CSCO,2026-01-29,79.11000061035156,79.4800033569336,77.62999725341797,78.43000030517578,22642900,78.00730895996094
CSCO,CSCO,2026-01-30,78.08999633789062,78.80000305175781,77.72000122070312,78.31999969482422,26458400,77.89789581298828
CSCO,CSCO,2026-02-02,78.12000274658203,81.16000366210938,78.0,80.63999938964844,28238600,80.20539093017578
CSCO,CSCO,2026-02-03,80.80999755859375,83.25,80.80999755859375,83.11000061035156,34962100,82.6620864868164
CSCO,CSCO,2026-02-04,83.9800033569336,84.23999786376953,81.13999938964844,81.16000366210938,39765700,80.72259521484375
CSCO,CSCO,2026-02-05,80.86000061035156,83.30999755859375,80.80999755859375,82.36000061035156,24236500,81.91612243652344
CSCO,CSCO,2026-02-06,83.55999755859375,85.0,82.80999755859375,84.81999969482422,23936600,84.36286926269531
CSCO,CSCO,2026-02-09,84.7300033569336,87.25,84.30999755859375,86.77999877929688,22908400,86.31230163574219
CSCO,CSCO,2026-02-10,86.97000122070312,88.19000244140625,86.12999725341797,86.29000091552734,32113800,85.82494354248047
CSCO,CSCO,2026-02-11,86.05999755859375,87.13999938964844,85.12999725341797,85.54000091552734,34455800,85.07898712158203
CSCO,CSCO,2026-02-12,79.61000061035156,80.37000274658203,74.08999633789062,75.0,68098600,74.59579467773438
CSCO,CSCO,2026-02-13,74.37999725341797,77.30000305175781,73.41999816894531,76.8499984741211,42886400,76.43582153320312
CSCO,CSCO,2026-02-17,76.94999694824219,77.56999969482422,76.4800033569336,76.8499984741211,24792700,76.43582153320312
CSCO,CSCO,2026-02-18,76.55000305175781,78.5999984741211,76.48999786376953,78.18000030517578,20648800,77.75865173339844
CSCO,CSCO,2026-02-19,77.98999786376953,79.16000366210938,77.87000274658203,78.55999755859375,18443200,78.13660430908203
CSCO,CSCO,2026-02-20,78.12999725341797,79.33000183105469,78.12999725341797,79.19999694824219,29461600,78.77315521240234
CSCO,CSCO,2026-02-23,78.8499984741211,79.4800033569336,76.94000244140625,77.73999786376953,24485900,77.3210220336914
CSCO,CSCO,2026-02-24,77.73999786376953,78.70999908447266,77.47000122070312,78.13999938964844,19485100,77.71886444091797
CSCO,CSCO,2026-02-25,78.44999694824219,79.41999816894531,78.26000213623047,79.12000274658203,22721800,78.69358825683594
CSCO,CSCO,2026-02-26,78.94000244140625,79.33999633789062,77.72000122070312,78.0999984741211,19608000,77.67908477783203
CSCO,CSCO,2026-02-27,77.6500015258789,79.52999877929688,77.06999969482422,79.45999908447266,27498000,79.03175354003906
CSCO,CSCO,2026-03-02,78.75,79.5199966430664,77.69000244140625,79.41999816894531,18540400,78.9919662475586
CSCO,CSCO,2026-03-03,78.37999725341797,79.44000244140625,77.56999969482422,78.95999908447266,17521100,78.5344467163086
CSCO,CSCO,2026-03-04,79.19999694824219,80.95999908447266,78.52999877929688,80.87000274658203,20388100,80.43415832519531
CSCO,CSCO,2026-03-05,79.98999786376953,81.16999816894531,79.05000305175781,80.01000213623047,26844800,79.57878875732422
CSCO,CSCO,2026-03-06,78.5199966430664,79.5199966430664,78.3499984741211,78.63999938964844,20621200,78.21617126464844
CSCO,CSCO,2026-03-09,77.18000030517578,77.55999755859375,75.19999694824219,76.20999908447266,32855900,75.79927062988281
CSCO,CSCO,2026-03-10,77.13999938964844,79.01000213623047,77.0999984741211,77.69999694824219,24836000,77.28123474121094
CSCO,CSCO,2026-03-11,77.63999938964844,78.5,77.12000274658203,78.0999984741211,14719900,77.67908477783203
CSCO,CSCO,2026-03-12,76.94999694824219,78.12999725341797,76.94999694824219,77.73999786376953,19969500,77.3210220336914
CSCO,CSCO,2026-03-13,78.06999969482422,79.26000213623047,77.94000244140625,78.33000183105469,19080400,77.90784454345703
CSCO,CSCO,2026-03-16,78.91999816894531,79.16999816894531,78.19000244140625,78.9000015258789,14715100,78.47477722167969
CSCO,CSCO,2026-03-17,79.18000030517578,80.05000305175781,78.81999969482422,79.2699966430664,16210500,78.8427734375
CSCO,CSCO,2026-03-18,79.73999786376953,80.02999877929688,77.52999877929688,77.5999984741211,18827600,77.18177795410156
CSCO,CSCO,2026-03-19,77.55000305175781,78.87999725341797,76.91999816894531,78.51000213623047,17519600,78.08687591552734
CSCO,CSCO,2026-03-20,78.44999694824219,79.04000091552734,76.70999908447266,77.6500015258789,90380800,77.23151397705078
CSCO,CSCO,2026-03-23,78.63999938964844,79.51000213623047,78.41999816894531,78.81999969482422,20072200,78.39520263671875
CSCO,CSCO,2026-03-24,78.37000274658203,80.94000244140625,78.12999725341797,80.86000061035156,23528000,80.42420959472656
CSCO,CSCO,2026-03-25,81.0,82.68000030517578,80.88999938964844,81.83000183105469,23146000,81.38898468017578
CSCO,CSCO,2026-03-26,82.06999969482422,83.11000061035156,81.80999755859375,82.16000366210938,26649600,81.71720886230469
CSCO,CSCO,2026-03-27,81.9800033569336,82.12000274658203,79.4000015258789,79.91999816894531,20557400,79.48927307128906
CSCO,CSCO,2026-03-30,79.86000061035156,80.38999938964844,76.58999633789062,77.04000091552734,24306300,76.62479400634766
CSCO,CSCO,2026-03-31,77.88999938964844,78.19000244140625,76.30999755859375,77.58999633789062,25105700,77.17182922363281
CSCO,CSCO,2026-04-01,78.0,79.12000274658203,77.80999755859375,77.93000030517578,21309000,77.51000213623047
CSCO,CSCO,2026-04-02,76.7300033569336,79.0999984741211,76.54000091552734,79.0199966430664,12634900,79.0199966430664
CSCO,CSCO,2026-04-06,79.12000274658203,80.4800033569336,79.0199966430664,80.44000244140625,16388600,80.44000244140625
CSCO,CSCO,2026-04-07,80.0199966430664,80.88999938964844,79.41999816894531,80.68000030517578,13428100,80.68000030517578
CSCO,CSCO,2026-04-08,82.30999755859375,83.73999786376953,81.5,83.69999694824219,19621900,83.69999694824219
CSCO,CSCO,2026-04-09,83.8499984741211,84.7699966430664,82.1500015258789,83.16999816894531,17611700,83.16999816894531
CSCO,CSCO,2026-04-10,83.88999938964844,84.55999755859375,81.62000274658203,82.22000122070312,17571100,82.22000122070312
CSCO,CSCO,2026-04-13,82.04000091552734,82.38999938964844,81.25,82.3499984741211,19997500,82.3499984741211
CSCO,CSCO,2026-04-14,82.02999877929688,82.6500015258789,81.36000061035156,82.61000061035156,17856800,82.61000061035156
CSCO,CSCO,2026-04-15,82.52999877929688,82.66000366210938,80.87999725341797,82.36000061035156,15066400,82.36000061035156
CSCO,CSCO,2026-04-16,82.08000183105469,84.52999877929688,82.0,84.5,14609000,84.5
CSCO,CSCO,2026-04-17,85.19000244140625,86.37999725341797,84.5999984741211,86.25,20321900,86.25
CSCO,CSCO,2026-04-20,86.19999694824219,88.3499984741211,85.86000061035156,87.70999908447266,16695600,87.70999908447266
CSCO,CSCO,2026-04-21,87.91999816894531,89.80000305175781,87.16000366210938,89.69999694824219,18653400,89.69999694824219
CSCO,CSCO,2026-04-22,89.93000030517578,90.44999694824219,89.4800033569336,89.80000305175781,16986100,89.80000305175781
CSCO,CSCO,2026-04-23,89.31999969482422,90.0,88.2699966430664,88.58999633789062,21156700,88.58999633789062
CSCO,CSCO,2026-04-24,87.41000366210938,89.7300033569336,87.41000366210938,89.01000213623047,18969900,89.01000213623047
CSCO,CSCO,2026-04-27,89.27999877929688,89.5,87.63999938964844,88.26000213623047,13810500,88.26000213623047
CSCO,CSCO,2026-04-28,88.55000305175781,88.55000305175781,85.77999877929688,86.86000061035156,16889300,86.86000061035156
CSCO,CSCO,2026-04-29,87.31999969482422,89.62999725341797,86.83999633789062,89.56999969482422,15427900,89.56999969482422
CSCO,CSCO,2026-04-30,89.81999969482422,91.66999816894531,89.31999969482422,91.5,21686700,91.5
CSCO,CSCO,2026-05-01,91.75,92.91999816894531,91.16000366210938,91.8499984741211,16095700,91.8499984741211
CSCO,CSCO,2026-05-04,91.8499984741211,93.0999984741211,91.19000244140625,92.62999725341797,12684800,92.62999725341797
CSCO,CSCO,2026-05-05,93.81999969482422,94.72000122070312,93.37999725341797,94.30000305175781,13456200,94.30000305175781
CSCO,CSCO,2026-05-06,92.63999938964844,93.41999816894531,91.0,91.63999938964844,27026600,91.63999938964844
CSCO,CSCO,2026-05-07,92.0,92.7300033569336,91.61000061035156,92.16000366210938,17062300,92.16000366210938
CSCO,CSCO,2026-05-08,93.33000183105469,97.0199966430664,93.13999938964844,96.56999969482422,24652500,96.56999969482422
CSCO,CSCO,2026-05-11,96.3499984741211,98.83000183105469,95.33000183105469,98.72000122070312,31852500,98.72000122070312
CSCO,CSCO,2026-05-12,99.5199966430664,99.93000030517578,97.7699966430664,99.29000091552734,28810800,99.29000091552734
CSCO,CSCO,2026-05-13,99.4000015258789,102.01000213623047,99.29000091552734,101.87000274658203,45241600,101.87000274658203
CSCO,CSCO,2026-05-14,117.55000305175781,119.36000061035156,113.97000122070312,115.52999877929688,70932300,115.52999877929688
CSCO,CSCO,2026-05-15,114.61000061035156,118.83000183105469,114.0,118.20999908447266,38519600,118.20999908447266
CSCO,CSCO,2026-05-18,118.80000305175781,119.38999938964844,116.02999877929688,118.87999725341797,24763500,118.87999725341797
CSCO,CSCO,2026-05-19,117.04000091552734,118.5,114.79000091552734,115.37999725341797,32525500,115.37999725341797
CSCO,CSCO,2026-05-20,115.69000244140625,116.91999816894531,113.8499984741211,114.3499984741211,26154800,114.3499984741211
CSCO,CSCO,2026-05-21,114.12999725341797,118.5999984741211,113.56999969482422,118.19999694824219,22700600,118.19999694824219
CSCO,CSCO,2026-05-22,118.45999908447266,120.79000091552734,117.68000030517578,120.41000366210938,22237200,120.41000366210938
CSCO,CSCO,2026-05-26,120.54000091552734,120.7699966430664,117.0999984741211,118.33000183105469,26607200,118.33000183105469
CSCO,CSCO,2026-05-27,117.94000244140625,120.38999938964844,116.7699966430664,119.66999816894531,21705100,119.66999816894531
CSCO,CSCO,2026-05-28,120.52999877929688,120.72000122070312,117.95999908447266,118.63999938964844,20631300,118.63999938964844
CSCO,CSCO,2026-05-29,117.81999969482422,121.43000030517578,117.01000213623047,120.41999816894531,42179300,120.41999816894531
CSCO,CSCO,2026-06-01,119.80000305175781,121.94999694824219,118.30000305175781,121.33000183105469,23966800,121.33000183105469
CSCO,CSCO,2026-06-02,122.48999786376953,128.22000122070312,122.48999786376953,128.0,26451500,128.0
CSCO,CSCO,2026-06-03,126.16000366210938,129.4199981689453,124.91999816894531,126.5,29972500,126.5
CSCO,CSCO,2026-06-04,126.05999755859375,130.3699951171875,124.13999938964844,130.0,23339500,130.0
CSCO,CSCO,2026-06-05,128.66000366210938,128.83999633789062,121.55000305175781,121.63999938964844,33169300,121.63999938964844
CSCO,CSCO,2026-06-08,123.55999755859375,126.44000244140625,122.0,124.1500015258789,24288200,124.1500015258789
CSCO,CSCO,2026-06-09,123.26000213623047,124.22000122070312,117.0999984741211,120.36000061035156,22744100,120.36000061035156
CSCO,CSCO,2026-06-10,119.72000122070312,120.94999694824219,118.36000061035156,118.80000305175781,19740500,118.80000305175781
CSCO,CSCO,2026-06-11,117.18000030517578,122.55000305175781,116.5,121.83000183105469,24625500,121.83000183105469
CSCO,CSCO,2026-06-12,122.3499984741211,122.79000091552734,120.7300033569336,121.0999984741211,18222800,121.0999984741211
CSCO,CSCO,2026-06-15,122.55999755859375,122.58999633789062,119.52999877929688,120.16999816894531,23148000,120.16999816894531
CSCO,CSCO,2026-06-16,120.29000091552734,120.7699966430664,119.19999694824219,119.56999969482422,16644300,119.56999969482422
CSCO,CSCO,2026-06-17,118.95999908447266,119.66000366210938,116.94000244140625,117.33000183105469,18472000,117.33000183105469
CSCO,CSCO,2026-06-18,118.5999984741211,120.31999969482422,117.30000305175781,119.54000091552734,52284400,119.54000091552734
