date,close,adj_close
2009-06-01,27.433252334594727,11.340803146362305
2009-06-02,27.73337745666504,11.464871406555176
2009-06-03,27.75213623046875,11.472625732421875
2009-06-04,27.73337745666504,11.464871406555176
2009-06-05,27.433252334594727,11.340803146362305
2009-06-08,27.461389541625977,11.35243034362793
2009-06-09,27.592693328857422,11.40671443939209
2009-06-10,27.69586181640625,11.449361801147461
2009-06-11,27.902198791503906,11.534661293029785
2009-06-12,28.0616397857666,11.600570678710938
2009-06-15,27.883440017700195,11.52690315246582
2009-06-16,27.70524024963379,11.45323657989502
2009-06-17,27.930334091186523,11.546293258666992
2009-06-18,28.221080780029297,11.666488647460938
2009-06-19,27.817787170410156,11.499767303466797
2009-06-22,28.155427932739258,11.639345169067383
2009-06-23,28.624372482299805,11.833202362060547
2009-06-24,28.886980056762695,11.94176959991455
2009-06-25,29.15896987915039,12.054206848144531
2009-06-26,29.0651798248291,12.01543140411377
2009-06-29,29.412199020385742,12.158891677856445
2009-06-30,28.82132911682129,11.914626121520996
2009-07-01,28.905738830566406,11.949527740478516
2009-07-02,28.305490493774414,11.701375961303711
2009-07-06,28.47430992126465,11.77116584777832
2009-07-07,27.799030303955078,11.492011070251465
2009-07-08,26.870519638061523,11.283281326293945
2009-07-09,26.861141204833984,11.27934741973877
2009-07-10,26.842382431030273,11.271463394165039
2009-07-13,27.24567413330078,11.440811157226562
2009-07-14,27.151887893676758,11.4014310836792
2009-07-15,27.517662048339844,11.555023193359375
2009-07-16,27.667726516723633,11.618035316467285
2009-07-17,27.75213623046875,11.653482437133789
2009-07-20,27.920955657958984,11.724373817443848
2009-07-21,28.43679428100586,11.940979957580566
2009-07-22,28.258596420288086,11.866151809692383
2009-07-23,29.327789306640625,12.315115928649902
2009-07-24,29.54350471496582,12.405701637268066
2009-07-27,29.07455825805664,12.208783149719238
2009-07-28,29.44971466064453,12.36631965637207
2009-07-29,29.993690490722656,12.594738006591797
2009-07-30,30.303194046020508,12.724708557128906
2009-07-31,30.078100204467773,12.63018798828125
2009-08-03,30.040584564208984,12.614433288574219
2009-08-04,29.88114356994629,12.547483444213867
2009-08-05,29.327789306640625,12.315115928649902
2009-08-06,29.03704261779785,12.193033218383789
2009-08-07,29.14958953857422,12.240290641784668
2009-08-10,28.999528884887695,12.177275657653809
2009-08-11,28.699403762817383,12.051252365112305
2009-08-12,29.271516799926758,12.291488647460938
2009-08-13,29.112075805664062,12.224542617797852
2009-08-14,29.14958953857422,12.240290641784668
2009-08-17,28.343006134033203,11.901597023010254
2009-08-18,28.39927864074707,11.925226211547852
2009-08-19,28.539962768554688,11.984304428100586
2009-08-20,28.802570343017578,12.094576835632324
2009-08-21,29.42157745361328,12.354503631591797
2009-08-24,29.45909309387207,12.370258331298828
2009-08-25,29.365304946899414,12.330872535705566
2009-08-26,29.52474594116211,12.39782428741455
2009-08-27,29.12145233154297,12.228473663330078
2009-08-28,29.09331703186035,12.216662406921387
2009-08-31,29.112075805664062,12.224542617797852
2009-09-01,28.483688354492188,11.960671424865723
2009-09-02,28.267974853515625,11.87009048461914
2009-09-03,28.36176300048828,11.90947437286377
2009-09-04,28.699403762817383,12.051252365112305
2009-09-08,29.027664184570312,12.189094543457031
2009-09-09,28.971391677856445,12.16546630859375
2009-09-10,29.402820587158203,12.346625328063965
2009-09-11,29.318410873413086,12.311180114746094
2009-09-14,29.14021110534668,12.236351013183594
2009-09-15,29.07455825805664,12.208783149719238
2009-09-16,28.521203994750977,11.976423263549805
2009-09-17,27.677104949951172,11.621976852416992
2009-09-18,27.75213623046875,11.653482437133789
2009-09-21,27.65834617614746,11.614095687866211
2009-09-22,27.677104949951172,11.621976852416992
2009-09-23,28.02412223815918,11.767694473266602
2009-09-24,28.277353286743164,11.874030113220215
2009-09-25,28.08039665222168,11.79133129119873
2009-09-28,28.46493148803711,11.952796936035156
2009-09-29,28.286731719970703,11.877963066101074
2009-09-30,28.38990020751953,11.921287536621094
2009-10-01,28.14604949951172,11.818887710571289
2009-10-02,28.03350257873535,11.771626472473145
2009-10-05,28.099153518676758,11.799201965332031
2009-10-06,28.296110153198242,11.881906509399414
2009-10-07,27.555179595947266,11.755864143371582
2009-10-08,27.34884262084961,11.667837142944336
2009-10-09,27.34884262084961,11.667837142944336
2009-10-12,27.198780059814453,11.60381031036377
2009-10-13,27.217538833618164,11.61181640625
2009-10-14,27.142507553100586,11.579805374145508
2009-10-15,27.30194854736328,11.647826194763184
2009-10-16,27.104991912841797,11.563796997070312
2009-10-19,27.161264419555664,11.58780574798584
2009-10-20,27.01120376586914,11.523785591125488
2009-10-21,27.226917266845703,11.615817070007324
2009-10-22,27.217538833618164,11.61181640625
2009-10-23,27.05809783935547,11.543795585632324
2009-10-26,26.861141204833984,11.45976734161377
2009-10-27,27.3863582611084,11.683837890625
2009-10-28,28.08977508544922,11.983932495117188
2009-10-29,28.17418670654297,12.019953727722168
2009-10-30,27.75213623046875,11.839889526367188
2009-11-02,27.583314895629883,11.767868041992188
2009-11-03,27.264432907104492,11.631821632385254
2009-11-04,27.292570114135742,11.643828392028809
2009-11-05,27.489526748657227,11.727855682373047
2009-11-06,27.7239990234375,11.827888488769531
2009-11-09,28.296110153198242,12.071959495544434
2009-11-10,28.42741584777832,12.127986907958984
2009-11-11,28.47430992126465,12.147994041442871
2009-11-12,28.286731719970703,12.067964553833008
2009-11-13,28.258596420288086,12.055964469909668
2009-11-16,28.4461727142334,12.135986328125
2009-11-17,28.74629783630371,12.26402759552002
2009-11-18,28.75567626953125,12.268035888671875
2009-11-19,28.624372482299805,12.21201229095459
2009-11-20,28.539962768554688,12.176000595092773
2009-11-23,29.384061813354492,12.53612232208252
2009-11-24,29.890522003173828,12.752193450927734
2009-11-25,30.040584564208984,12.81620979309082
2009-11-27,29.665428161621094,12.656159400939941
2009-11-30,29.5059871673584,12.588134765625
2009-12-01,30.331329345703125,12.940255165100098
2009-12-02,30.6220760345459,13.064294815063477
2009-12-03,30.659591674804688,13.080299377441406
2009-12-04,30.668970108032227,13.084297180175781
2009-12-07,31.1848087310791,13.304372787475586
2009-12-08,31.31611442565918,13.360390663146973
2009-12-09,31.231704711914062,13.324377059936523
2009-12-10,31.56934356689453,13.468428611755371
2009-12-11,31.63499641418457,13.496438980102539
2009-12-14,31.466175079345703,13.424412727355957
2009-12-15,30.959716796875,13.208342552185059
2009-12-16,30.678348541259766,13.088303565979004
2009-12-17,30.772138595581055,13.128323554992676
2009-12-18,30.762758255004883,13.124310493469238
2009-12-21,30.96909523010254,13.212345123291016
2009-12-22,31.137914657592773,13.28436279296875
2009-12-23,31.166051864624023,13.296367645263672
2009-12-24,31.28797721862793,13.348387718200684
2009-12-28,31.409902572631836,13.400405883789062
2009-12-29,31.353628158569336,13.376397132873535
2009-12-30,31.344249725341797,13.372387886047363
2009-12-31,31.072263717651367,13.256355285644531
2010-01-04,31.21294593811035,13.316376686096191
2010-01-05,31.26921844482422,13.340384483337402
2010-01-06,29.937416076660156,12.956799507141113
2010-01-07,29.759218215942383,12.879673957824707
2010-01-08,29.77797508239746,12.88779067993164
2010-01-11,29.899900436401367,12.94056224822998
2010-01-12,29.928037643432617,12.952735900878906
2010-01-13,29.890522003173828,12.936501502990723
2010-01-14,29.280895233154297,12.672651290893555
2010-01-15,28.680646896362305,12.41286849975586
2010-01-19,29.290273666381836,12.676714897155762
2010-01-20,28.802570343017578,12.465639114379883
2010-01-21,28.7275390625,12.4331636428833
2010-01-22,28.455551147460938,12.315449714660645
2010-01-25,28.77443504333496,12.453458786010742
2010-01-26,28.296110153198242,12.246437072753906
2010-01-27,28.01474380493164,12.12466812133789
2010-01-28,27.508283615112305,11.905471801757812
2010-01-29,27.592693328857422,11.942005157470703
2010-02-01,27.770893096923828,12.019133567810059
2010-02-02,27.883440017700195,12.067839622497559
2010-02-03,27.37697982788086,11.848648071289062
2010-02-04,26.851762771606445,11.621331214904785
2010-02-05,26.95492935180664,11.66598892211914
2010-02-08,26.60791015625,11.515796661376953
2010-02-09,26.964309692382812,11.670044898986816
2010-02-10,27.076854705810547,11.718753814697266
2010-02-11,27.236297607421875,11.787760734558105
2010-02-12,27.133129119873047,11.743107795715332
2010-02-16,27.36760139465332,11.844588279724121
2010-02-17,27.33008575439453,11.828353881835938
2010-02-18,27.33946418762207,11.832406997680664
2010-02-19,27.217538833618164,11.779642105102539
2010-02-22,27.198780059814453,11.77152156829834
2010-02-23,26.95492935180664,11.66598892211914
2010-02-24,27.161264419555664,11.755287170410156
2010-02-25,27.086233139038086,11.722813606262207
2010-02-26,27.133129119873047,11.743107795715332
2010-03-01,27.189401626586914,11.767464637756348
2010-03-02,27.4426326751709,11.877059936523438
2010-03-03,27.320707321166992,11.824296951293945
2010-03-04,27.452011108398438,11.881117820739746
2010-03-05,27.41449546813965,11.864880561828613
2010-03-08,27.78965187072754,12.027251243591309
2010-03-09,28.05225944519043,12.140901565551758
2010-03-10,27.902198791503906,12.075958251953125
2010-03-11,27.986608505249023,12.112491607666016
2010-03-12,27.883440017700195,12.067839622497559
2010-03-15,28.0053653717041,12.120606422424316
2010-03-16,28.07101821899414,12.149027824401855
2010-03-17,28.277353286743164,12.238326072692871
2010-03-18,28.41803741455078,12.299208641052246
2010-03-19,28.521203994750977,12.343863487243652
2010-03-22,28.74629783630371,12.44128131866455
2010-03-23,29.055801391601562,12.57522964477539
2010-03-24,28.568098068237305,12.364158630371094
2010-03-25,28.42741584777832,12.303274154663086
2010-03-26,28.483688354492188,12.327630043029785
2010-03-29,28.558719635009766,12.360095024108887
2010-03-30,29.290273666381836,12.676714897155762
2010-03-31,29.09331703186035,12.591472625732422
2010-04-01,29.337167739868164,12.69700813293457
2010-04-05,29.5059871673584,12.770071983337402
2010-04-06,29.262136459350586,12.664534568786621
2010-04-07,28.36176300048828,12.464620590209961
2010-04-08,28.286731719970703,12.431645393371582
2010-04-09,28.211700439453125,12.398674011230469
2010-04-12,28.08039665222168,12.340967178344727
2010-04-13,28.202322006225586,12.394553184509277
2010-04-14,27.995986938476562,12.303869247436523
2010-04-15,27.70524024963379,12.17608642578125
2010-04-16,27.74275779724121,12.192578315734863
2010-04-19,27.883440017700195,12.25440502166748
2010-04-20,27.911577224731445,12.266767501831055
2010-04-21,27.7239990234375,12.184335708618164
2010-04-22,27.461389541625977,12.068921089172363
2010-04-23,27.24567413330078,11.974116325378418
2010-04-26,27.142507553100586,11.928776741027832
2010-04-27,26.964309692382812,11.850458145141602
2010-04-28,27.311328887939453,12.002972602844238
2010-04-29,27.40511703491211,12.044189453125
2010-04-30,27.104991912841797,11.912283897399902
2010-05-03,27.47076988220215,12.07304573059082
2010-05-04,26.964309692382812,11.850458145141602
2010-05-05,26.898656845092773,11.82160472869873
2010-05-06,26.27027130126953,11.54543685913086
2010-05-07,26.439090728759766,11.619632720947266
2010-05-10,26.833003997802734,11.792754173278809
2010-05-11,26.63604736328125,11.706192970275879
2010-05-12,26.91741371154785,11.829852104187012
2010-05-13,26.908035278320312,11.825729370117188
2010-05-14,26.739215850830078,11.751538276672363
2010-05-17,26.879898071289062,11.813361167907715
2010-05-18,26.654804229736328,11.714432716369629
2010-05-19,26.739215850830078,11.751538276672363
2010-05-20,26.035799026489258,11.442392349243164
2010-05-21,26.22337532043457,11.524832725524902
2010-05-24,25.782569885253906,11.331099510192871
2010-05-25,25.698158264160156,11.294002532958984
2010-05-26,25.25735092163086,11.100274085998535
2010-05-27,25.866979598999023,11.36819839477539
2010-05-28,25.810705184936523,11.34346866607666
2010-06-01,25.519960403442383,11.215688705444336
2010-06-02,25.876358032226562,11.372319221496582
2010-06-03,25.92325210571289,11.392928123474121
2010-06-04,25.519960403442383,11.215688705444336
2010-06-07,25.398033142089844,11.162100791931152
2010-06-08,25.96076774597168,11.409416198730469
2010-06-09,26.054555892944336,11.450634002685547
2010-06-10,26.579774856567383,11.681466102600098
2010-06-11,26.786109924316406,11.772146224975586
2010-06-14,26.851762771606445,11.800992965698242
2010-06-15,27.30194854736328,11.998846054077148
2010-06-16,27.36760139465332,12.027701377868652
2010-06-17,27.283191680908203,11.990608215332031
2010-06-18,27.320707321166992,12.007094383239746
2010-06-21,27.255054473876953,11.978241920471191
2010-06-22,27.255054473876953,11.978241920471191
2010-06-23,27.508283615112305,12.089526176452637
2010-06-24,27.161264419555664,11.937021255493164
2010-06-25,26.776731491088867,11.768020629882812
2010-06-28,26.92679214477539,11.83397102355957
2010-06-29,26.842382431030273,11.79687786102295
2010-06-30,26.27964973449707,11.549560546875
2010-07-01,26.3828182220459,11.594898223876953
2010-07-02,26.809999465942383,11.782639503479004
2010-07-06,26.610000610351562,11.69474983215332
2010-07-07,26.520000457763672,11.867024421691895
2010-07-08,26.780000686645508,11.983369827270508
2010-07-09,26.649999618530273,11.925198554992676
2010-07-12,26.489999771118164,11.853605270385742
2010-07-13,26.889999389648438,12.03258991241455
2010-07-14,26.84000015258789,12.01021671295166
2010-07-15,26.799999237060547,11.992319107055664
2010-07-16,26.690000534057617,11.943096160888672
2010-07-19,26.719999313354492,11.956522941589355
2010-07-20,26.670000076293945,11.934141159057617
2010-07-21,26.520000457763672,11.867024421691895
2010-07-22,27.0,12.081808090209961
2010-07-23,28.020000457763672,12.538236618041992
2010-07-26,28.280000686645508,12.654577255249023
2010-07-27,28.59000015258789,12.79330062866211
2010-07-28,28.90999984741211,12.936485290527344
2010-07-29,28.8799991607666,12.92306137084961
2010-07-30,29.059999465942383,13.003609657287598
2010-08-02,29.559999465942383,13.227344512939453
2010-08-03,29.540000915527344,13.21839714050293
2010-08-04,29.399999618530273,13.155752182006836
2010-08-05,29.549999237060547,13.222875595092773
2010-08-06,29.549999237060547,13.222875595092773
2010-08-09,29.860000610351562,13.361593246459961
2010-08-10,30.020000457763672,13.433186531066895
2010-08-11,29.559999465942383,13.227344512939453
2010-08-12,30.31999969482422,13.567426681518555
2010-08-13,30.030000686645508,13.43765926361084
2010-08-16,29.959999084472656,13.406332969665527
2010-08-17,30.170000076293945,13.500307083129883
2010-08-18,30.149999618530273,13.491357803344727
2010-08-19,29.6200008392334,13.254199981689453
2010-08-20,29.3700008392334,13.142329216003418
2010-08-23,29.40999984741211,13.160228729248047
2010-08-24,29.469999313354492,13.1870698928833
2010-08-25,29.65999984741211,13.272093772888184
2010-08-26,29.5,13.200496673583984
2010-08-27,29.84000015258789,13.352638244628906
2010-08-30,29.440000534057617,13.173653602600098
2010-08-31,29.530000686645508,13.213922500610352
2010-09-01,30.260000228881836,13.54057788848877
2010-09-02,30.110000610351562,13.4734525680542
2010-09-03,30.200000762939453,13.5137357711792
2010-09-07,30.219999313354492,13.52267837524414
2010-09-08,30.459999084472656,13.630078315734863
2010-09-09,30.84000015258789,13.80012035369873
2010-09-10,30.81999969482422,13.791167259216309
2010-09-13,30.899999618530273,13.826966285705566
2010-09-14,30.90999984741211,13.831432342529297
2010-09-15,31.190000534057617,13.956727027893066
2010-09-16,31.420000076293945,14.059654235839844
2010-09-17,31.68000030517578,14.175992012023926
2010-09-20,32.09000015258789,14.359463691711426
2010-09-21,32.31999969482422,14.462374687194824
2010-09-22,32.38999938964844,14.493701934814453
2010-09-23,32.16999816894531,14.395252227783203
2010-09-24,32.63999938964844,14.605569839477539
2010-09-27,32.86000061035156,14.704015731811523
2010-09-28,32.720001220703125,14.641366958618164
2010-09-29,32.65999984741211,14.61451530456543
2010-09-30,32.59000015258789,14.583192825317383
2010-10-01,32.88999938964844,14.717439651489258
2010-10-04,33.029998779296875,14.7800874710083
2010-10-05,33.56999969482422,15.021720886230469
2010-10-06,33.36000061035156,15.147950172424316
2010-10-07,32.93000030517578,14.952705383300781
2010-10-08,32.83000183105469,14.907295227050781
2010-10-11,33.029998779296875,14.99810791015625
2010-10-12,32.540000915527344,14.775612831115723
2010-10-13,32.209999084472656,14.62576675415039
2010-10-14,32.439998626708984,14.730201721191406
2010-10-15,32.43000030517578,14.725664138793945
2010-10-18,32.59000015258789,14.798311233520508
2010-10-19,32.15999984741211,14.603070259094238
2010-10-20,32.63999938964844,14.821016311645508
2010-10-21,32.52000045776367,14.766531944274902
2010-10-22,32.09000015258789,14.571279525756836
2010-10-25,32.349998474121094,14.68933391571045
2010-10-26,32.5,14.757442474365234
2010-10-27,32.5099983215332,14.761990547180176
2010-10-28,32.40999984741211,14.716582298278809
2010-10-29,32.47999954223633,14.748370170593262
2010-11-01,32.400001525878906,14.712039947509766
2010-11-02,32.79999923706055,14.893670082092285
2010-11-03,32.9900016784668,14.979942321777344
2010-11-04,33.52000045776367,15.220603942871094
2010-11-05,33.43000030517578,15.179740905761719
2010-11-08,33.16999816894531,15.061674118041992
2010-11-09,33.0099983215332,14.989029884338379
2010-11-10,32.849998474121094,14.91637134552002
2010-11-11,32.630001068115234,14.816479682922363
2010-11-12,32.560001373291016,14.78469181060791
2010-11-15,32.77000045776367,14.880045890808105
2010-11-16,32.189998626708984,14.616683959960938
2010-11-17,32.34000015258789,14.684797286987305
2010-11-18,32.650001525878906,14.825565338134766
2010-11-19,32.59000015258789,14.798311233520508
2010-11-22,32.5,14.757442474365234
2010-11-23,32.38999938964844,14.707499504089355
2010-11-24,32.349998474121094,14.68933391571045
2010-11-26,32.209999084472656,14.62576675415039
2010-11-29,31.899999618530273,14.485000610351562
2010-11-30,32.0099983215332,14.534948348999023
2010-12-01,32.349998474121094,14.68933391571045
2010-12-02,32.7400016784668,14.866427421569824
2010-12-03,32.900001525878906,14.939080238342285
2010-12-06,32.88999938964844,14.934538841247559
2010-12-07,32.95000076293945,14.961779594421387
2010-12-08,32.97999954223633,14.975403785705566
2010-12-09,33.560001373291016,15.238771438598633
2010-12-10,34.040000915527344,15.456721305847168
2010-12-13,34.11000061035156,15.488509178161621
2010-12-14,34.66999816894531,15.742788314819336
2010-12-15,34.630001068115234,15.724625587463379
2010-12-16,34.7599983215332,15.78365707397461
2010-12-17,34.63999938964844,15.729168891906738
2010-12-20,34.7400016784668,15.774582862854004
2010-12-21,34.939998626708984,15.86539077758789
2010-12-22,35.18000030517578,15.97437572479248
2010-12-23,35.439998626708984,16.09242820739746
2010-12-27,35.5,16.11966896057129
2010-12-28,35.619998931884766,16.174161911010742
2010-12-29,35.58000183105469,16.15599822998047
2010-12-30,35.560001373291016,16.14691734313965
2010-12-31,35.779998779296875,16.246814727783203
2011-01-03,36.43000030517578,16.541963577270508
2011-01-04,37.15999984741211,16.873441696166992
2011-01-05,37.66999816894531,17.10502052307129
2011-01-06,36.22999954223633,16.66705894470215
2011-01-07,35.93000030517578,16.529054641723633
2011-01-10,35.91999816894531,16.52445411682129
2011-01-11,35.36000061035156,16.2668399810791
2011-01-12,35.470001220703125,16.31743621826172
2011-01-13,35.79999923706055,16.4692440032959
2011-01-14,35.459999084472656,16.31283950805664
2011-01-18,34.36000061035156,15.806798934936523
2011-01-19,34.599998474121094,15.91721248626709
2011-01-20,34.61000061035156,15.921813011169434
2011-01-21,34.95000076293945,16.078214645385742
2011-01-24,35.2400016784668,16.21162223815918
2011-01-25,35.790000915527344,16.46465492248535
2011-01-26,36.400001525878906,16.745267868041992
2011-01-27,36.4900016784668,16.786680221557617
2011-01-28,35.630001068115234,16.39104652404785
2011-01-31,35.619998931884766,16.386444091796875
2011-02-01,36.27000045776367,16.685470581054688
2011-02-02,36.15999984741211,16.634868621826172
2011-02-03,36.380001068115234,16.736068725585938
2011-02-04,36.310001373291016,16.703868865966797
2011-02-07,36.02000045776367,16.570459365844727
2011-02-08,36.34000015258789,16.71767234802246
2011-02-09,36.68000030517578,16.874082565307617
2011-02-10,36.41999816894531,16.754470825195312
2011-02-11,36.38999938964844,16.74067497253418
2011-02-14,35.900001525878906,16.515260696411133
2011-02-15,36.459999084472656,16.77286720275879
2011-02-16,36.16999816894531,16.639463424682617
2011-02-17,36.369998931884766,16.731462478637695
2011-02-18,36.619998931884766,16.846471786499023
2011-02-22,36.0,16.561256408691406
2011-02-23,35.810001373291016,16.473848342895508
2011-02-24,35.58000183105469,16.3680419921875
2011-02-25,35.970001220703125,16.547454833984375
2011-02-28,36.91999816894531,16.98448944091797
2011-03-01,36.02000045776367,16.570459365844727
2011-03-02,36.34000015258789,16.71767234802246
2011-03-03,36.36000061035156,16.726869583129883
2011-03-04,36.08000183105469,16.598058700561523
2011-03-07,36.0099983215332,16.565855026245117
2011-03-08,36.47999954223633,16.782073974609375
2011-03-09,36.650001525878906,16.860279083251953
2011-03-10,36.400001525878906,16.745267868041992
2011-03-11,35.849998474121094,16.49225425720215
2011-03-14,35.18000030517578,16.184032440185547
2011-03-15,34.869998931884766,16.041423797607422
2011-03-16,34.29999923706055,15.779195785522461
2011-03-17,35.33000183105469,16.253034591674805
2011-03-18,35.84000015258789,16.487653732299805
2011-03-21,36.459999084472656,16.77286720275879
2011-03-22,36.95000076293945,16.998291015625
2011-03-23,36.97999954223633,17.012088775634766
2011-03-24,37.18000030517578,17.10409927368164
2011-03-25,37.290000915527344,17.154699325561523
2011-03-28,37.75,17.366313934326172
2011-03-29,38.290000915527344,17.61473274230957
2011-03-30,38.459999084472656,17.692941665649414
2011-03-31,38.540000915527344,17.72974395751953
2011-04-01,38.470001220703125,17.697542190551758
2011-04-04,38.61000061035156,17.761945724487305
2011-04-05,38.380001068115234,17.6561336517334
2011-04-06,37.849998474121094,17.63657569885254
2011-04-07,37.7599983215332,17.594627380371094
2011-04-08,37.720001220703125,17.57599449157715
2011-04-11,37.849998474121094,17.63657569885254
2011-04-12,37.63999938964844,17.538713455200195
2011-04-13,37.689998626708984,17.562015533447266
2011-04-14,37.709999084472656,17.571338653564453
2011-04-15,37.849998474121094,17.63657569885254
2011-04-18,37.310001373291016,17.384944915771484
2011-04-19,37.2400016784668,17.35233497619629
2011-04-20,37.790000915527344,17.60860252380371
2011-04-21,36.90999984741211,17.19856834411621
2011-04-25,36.9900016784668,17.23584747314453
2011-04-26,37.630001068115234,17.534059524536133
2011-04-27,38.25,17.82294273376465
2011-04-28,38.27000045776367,17.83226776123047
2011-04-29,37.779998779296875,17.603946685791016
2011-05-02,37.560001373291016,17.501440048217773
2011-05-03,37.79999923706055,17.613277435302734
2011-05-04,37.66999816894531,17.552698135375977
2011-05-05,37.119998931884766,17.296422958374023
2011-05-06,37.279998779296875,17.3709716796875
2011-05-09,37.2400016784668,17.35233497619629
2011-05-10,37.56999969482422,17.506101608276367
2011-05-11,37.2599983215332,17.36165428161621
2011-05-12,37.43000030517578,17.440866470336914
2011-05-13,37.2599983215332,17.36165428161621
2011-05-16,36.970001220703125,17.226524353027344
2011-05-17,37.11000061035156,17.291757583618164
2011-05-18,37.09000015258789,17.282445907592773
2011-05-19,37.31999969482422,17.389604568481445
2011-05-20,37.150001525878906,17.310401916503906
2011-05-23,36.849998474121094,17.170612335205078
2011-05-24,36.900001525878906,17.193906784057617
2011-05-25,36.400001525878906,16.960926055908203
2011-05-26,36.61000061035156,17.05878448486328
2011-05-27,36.66999816894531,17.086732864379883
2011-05-31,36.93000030517578,17.207883834838867
2011-06-01,36.27000045776367,16.900358200073242
2011-06-02,36.16999816894531,16.853757858276367
2011-06-03,35.630001068115234,16.602142333984375
2011-06-06,35.209999084472656,16.40643310546875
2011-06-07,35.380001068115234,16.48564910888672
2011-06-08,35.900001525878906,16.727956771850586
2011-06-09,35.66999816894531,16.62078094482422
2011-06-10,35.189998626708984,16.397117614746094
2011-06-13,35.630001068115234,16.602142333984375
2011-06-14,35.58000183105469,16.578842163085938
2011-06-15,35.119998931884766,16.364503860473633
2011-06-16,35.2400016784668,16.420408248901367
2011-06-17,35.5099983215332,16.546220779418945
2011-06-20,35.650001525878906,16.61146354675293
2011-06-21,35.9900016784668,16.76988983154297
2011-06-22,35.939998626708984,16.7465877532959
2011-06-23,36.04999923706055,16.797849655151367
2011-06-24,36.0,16.77454376220703
2011-06-27,36.400001525878906,16.960926055908203
2011-06-28,36.56999969482422,17.040143966674805
2011-06-29,36.720001220703125,17.110042572021484
2011-06-30,37.22999954223633,17.347675323486328
2011-07-01,37.79999923706055,17.613277435302734
2011-07-05,37.81999969482422,17.622589111328125
2011-07-06,37.540000915527344,17.720781326293945
2011-07-07,37.41999816894531,17.66413116455078
2011-07-08,37.47999954223633,17.692455291748047
2011-07-11,37.119998931884766,17.52252197265625
2011-07-12,37.09000015258789,17.508359909057617
2011-07-13,36.939998626708984,17.437545776367188
2011-07-14,36.880001068115234,17.409231185913086
2011-07-15,36.81999969482422,17.380901336669922
2011-07-18,36.709999084472656,17.3289737701416
2011-07-19,36.970001220703125,17.451709747314453
2011-07-20,37.33000183105469,17.621652603149414
2011-07-21,37.56999969482422,17.734939575195312
2011-07-22,36.7400016784668,17.3431339263916
2011-07-25,36.220001220703125,17.097667694091797
2011-07-26,36.279998779296875,17.126001358032227
2011-07-27,36.209999084472656,17.092952728271484
2011-07-28,35.65999984741211,16.83332061767578
2011-07-29,35.290000915527344,16.65866470336914
2011-08-01,35.869998931884766,16.93244743347168
2011-08-02,35.4900016784668,16.753074645996094
2011-08-03,35.970001220703125,16.979656219482422
2011-08-04,34.91999816894531,16.4840030670166
2011-08-05,35.04999923706055,16.54537010192871
2011-08-08,33.119998931884766,15.634310722351074
2011-08-09,34.290000915527344,16.186613082885742
2011-08-10,33.65999984741211,15.889220237731934
2011-08-11,34.619998931884766,16.342382431030273
2011-08-12,34.29999923706055,16.19133186340332
2011-08-15,35.04999923706055,16.54537010192871
2011-08-16,34.880001068115234,16.465118408203125
2011-08-17,35.61000061035156,16.809715270996094
2011-08-18,35.06999969482422,16.5548095703125
2011-08-19,34.709999084472656,16.38487434387207
2011-08-22,34.81999969482422,16.436796188354492
2011-08-23,35.959999084472656,16.974939346313477
2011-08-24,36.470001220703125,17.215682983398438
2011-08-25,35.77000045776367,16.885244369506836
2011-08-26,35.7599983215332,16.88053321838379
2011-08-29,36.13999938964844,17.05990219116211
2011-08-30,36.310001373291016,17.140155792236328
2011-08-31,36.16999816894531,17.074068069458008
2011-09-01,35.880001068115234,16.937177658081055
2011-09-02,35.560001373291016,16.786115646362305
2011-09-06,35.220001220703125,16.6256160736084
2011-09-07,35.619998931884766,16.814441680908203
2011-09-08,35.380001068115234,16.701148986816406
2011-09-09,35.2400016784668,16.635055541992188
2011-09-12,35.25,16.6397762298584
2011-09-13,35.5,16.757793426513672
2011-09-14,35.599998474121094,16.804994583129883
2011-09-15,36.189998626708984,17.083498001098633
2011-09-16,36.720001220703125,17.333702087402344
2011-09-19,36.279998779296875,17.126001358032227
2011-09-20,36.40999984741211,17.187362670898438
2011-09-21,35.84000015258789,16.918292999267578
2011-09-22,35.59000015258789,16.800281524658203
2011-09-23,35.880001068115234,16.937177658081055
2011-09-26,36.36000061035156,17.163759231567383
2011-09-27,36.88999938964844,17.413944244384766
2011-09-28,36.84000015258789,17.390338897705078
2011-09-29,37.150001525878906,17.53668212890625
2011-09-30,36.79999923706055,17.371458053588867
2011-10-03,36.34000015258789,17.154321670532227
2011-10-04,36.400001525878906,17.18263816833496
2011-10-05,35.77000045776367,17.12041664123535
2011-10-06,35.90999984741211,17.187427520751953
2011-10-07,36.15999984741211,17.307083129882812
2011-10-10,36.900001525878906,17.661266326904297
2011-10-11,36.5,17.469818115234375
2011-10-12,36.66999816894531,17.55118179321289
2011-10-13,37.02000045776367,17.71869468688965
2011-10-14,37.33000183105469,17.867076873779297
2011-10-17,36.939998626708984,17.680408477783203
2011-10-18,37.2400016784668,17.82399559020996
2011-10-19,37.04999923706055,17.73305320739746
2011-10-20,37.099998474121094,17.75698471069336
2011-10-21,37.41999816894531,17.91014289855957
2011-10-24,36.93000030517578,17.675621032714844
2011-10-25,36.189998626708984,17.32143211364746
2011-10-26,36.810001373291016,17.618183135986328
2011-10-27,37.65999984741211,18.0250186920166
2011-10-28,37.630001068115234,18.010662078857422
2011-10-31,36.97999954223633,17.69955062866211
2011-11-01,36.470001220703125,17.455453872680664
2011-11-02,36.79999923706055,17.6133975982666
2011-11-03,37.45000076293945,17.924503326416016
2011-11-04,37.16999816894531,17.790489196777344
2011-11-07,37.34000015258789,17.871862411499023
2011-11-08,37.52000045776367,17.9580135345459
2011-11-09,36.88999938964844,17.65648078918457
2011-11-10,37.33000183105469,17.867076873779297
2011-11-11,37.52000045776367,17.9580135345459
2011-11-14,37.0,17.709123611450195
2011-11-15,37.2400016784668,17.82399559020996
2011-11-16,36.650001525878906,17.54160499572754
2011-11-17,36.70000076293945,17.565542221069336
2011-11-18,36.459999084472656,17.450666427612305
2011-11-21,36.06999969482422,17.264005661010742
2011-11-22,36.189998626708984,17.32143211364746
2011-11-23,35.349998474121094,16.919395446777344
2011-11-25,35.349998474121094,16.919395446777344
2011-11-28,36.25,17.350156784057617
2011-11-29,36.630001068115234,17.53203773498535
2011-11-30,37.72999954223633,18.058523178100586
2011-12-01,37.77000045776367,18.07767105102539
2011-12-02,37.849998474121094,18.11595916748047
2011-12-05,38.04999923706055,18.21168327331543
2011-12-06,38.31999969482422,18.340911865234375
2011-12-07,38.310001373291016,18.336124420166016
2011-12-08,37.810001373291016,18.09681510925293
2011-12-09,38.43000030517578,18.393550872802734
2011-12-12,38.349998474121094,18.35527801513672
2011-12-13,38.2599983215332,18.312196731567383
2011-12-14,38.2599983215332,18.312196731567383
2011-12-15,38.41999816894531,18.388778686523438
2011-12-16,38.779998779296875,18.561079025268555
2011-12-19,38.630001068115234,18.489290237426758
2011-12-20,39.209999084472656,18.766889572143555
2011-12-21,39.22999954223633,18.77646255493164
2011-12-22,39.290000915527344,18.80517578125
2011-12-23,39.97999954223633,19.13543128967285
2011-12-27,39.9900016784668,19.140216827392578
2011-12-28,39.7599983215332,19.030139923095703
2011-12-29,40.04999923706055,19.16893196105957
2011-12-30,40.119998931884766,19.202436447143555
2012-01-03,39.72999954223633,19.015777587890625
2012-01-04,39.209999084472656,18.766889572143555
2012-01-05,38.939998626708984,18.637651443481445
2012-01-06,38.33000183105469,18.58432388305664
2012-01-09,38.369998931884766,18.603723526000977
2012-01-10,38.56999969482422,18.7006893157959
2012-01-11,38.900001525878906,18.860689163208008
2012-01-12,38.91999816894531,18.87038230895996
2012-01-13,38.91999816894531,18.87038230895996
2012-01-17,39.02000045776367,18.918867111206055
2012-01-18,39.0099983215332,18.91402244567871
2012-01-19,39.0,18.90917205810547
2012-01-20,38.970001220703125,18.89463233947754
2012-01-23,38.400001525878906,18.618267059326172
2012-01-24,37.790000915527344,18.3225040435791
2012-01-25,37.689998626708984,18.274019241333008
2012-01-26,37.34000015258789,18.104326248168945
2012-01-27,37.209999084472656,18.041288375854492
2012-01-30,37.61000061035156,18.235233306884766
2012-01-31,37.65999984741211,18.259477615356445
2012-02-01,37.79999923706055,18.327362060546875
2012-02-02,37.560001373291016,18.21099281311035
2012-02-03,37.84000015258789,18.34674835205078
2012-02-06,38.13999938964844,18.49220848083496
2012-02-07,37.91999816894531,18.38553810119629
2012-02-08,37.91999816894531,18.38553810119629
2012-02-09,37.91999816894531,18.38553810119629
2012-02-10,37.689998626708984,18.274019241333008
2012-02-13,38.130001068115234,18.487350463867188
2012-02-14,38.040000915527344,18.4437198638916
2012-02-15,37.83000183105469,18.341903686523438
2012-02-16,38.04999923706055,18.448570251464844
2012-02-17,38.459999084472656,18.64735984802246
2012-02-21,38.4900016784668,18.661907196044922
2012-02-22,38.209999084472656,18.52613639831543
2012-02-23,38.130001068115234,18.487350463867188
2012-02-24,38.13999938964844,18.49220848083496
2012-02-27,38.130001068115234,18.487350463867188
2012-02-28,38.150001525878906,18.49704933166504
2012-02-29,38.11000061035156,18.4776611328125
2012-03-01,38.43000030517578,18.63280487060547
2012-03-02,38.66999816894531,18.749176025390625
2012-03-05,39.0,18.90917205810547
2012-03-06,38.689998626708984,18.758872985839844
2012-03-07,38.869998931884766,18.84614372253418
2012-03-08,39.220001220703125,19.015840530395508
2012-03-09,39.099998474121094,18.95765495300293
2012-03-12,39.31999969482422,19.064329147338867
2012-03-13,39.47999954223633,19.141904830932617
2012-03-14,39.470001220703125,19.137054443359375
2012-03-15,39.540000915527344,19.17099952697754
2012-03-16,39.56999969482422,19.18553352355957
2012-03-19,39.650001525878906,19.224328994750977
2012-03-20,39.630001068115234,19.21463394165039
2012-03-21,39.779998779296875,19.287355422973633
2012-03-22,39.65999984741211,19.229175567626953
2012-03-23,39.41999816894531,19.112812042236328
2012-03-26,39.33000183105469,19.069175720214844
2012-03-27,38.65999984741211,18.744325637817383
2012-03-28,38.2599983215332,18.550386428833008
2012-03-29,38.06999969482422,18.458263397216797
2012-03-30,38.22999954223633,18.535842895507812
2012-04-02,38.52000045776367,18.67644691467285
2012-04-03,38.459999084472656,18.64735984802246
2012-04-04,38.38999938964844,18.613418579101562
2012-04-05,37.65999984741211,18.500431060791016
2012-04-09,37.459999084472656,18.402179718017578
2012-04-10,36.79999923706055,18.07795524597168
2012-04-11,37.380001068115234,18.362884521484375
2012-04-12,37.54999923706055,18.446392059326172
2012-04-13,37.2599983215332,18.30392837524414
2012-04-16,37.43000030517578,18.38744354248047
2012-04-17,37.7400016784668,18.53972625732422
2012-04-18,37.65999984741211,18.500431060791016
2012-04-19,38.150001525878906,18.741140365600586
2012-04-20,38.72999954223633,19.026065826416016
2012-04-23,38.56999969482422,18.947463989257812
2012-04-24,39.5,19.404329299926758
2012-04-25,39.47999954223633,19.394498825073242
2012-04-26,40.13999938964844,19.718717575073242
2012-04-27,40.22999954223633,19.762941360473633
2012-04-30,40.380001068115234,19.83662986755371
2012-05-01,40.560001373291016,19.925060272216797
2012-05-02,40.599998474121094,19.944705963134766
2012-05-03,40.63999938964844,19.96434211730957
2012-05-04,40.2599983215332,19.77767562866211
2012-05-07,40.529998779296875,19.91031265258789
2012-05-08,40.54999923706055,19.92013931274414
2012-05-09,40.25,19.77276611328125
2012-05-10,40.54999923706055,19.92013931274414
2012-05-11,41.15999984741211,20.21979331970215
2012-05-14,40.88999938964844,20.08716583251953
2012-05-15,41.04999923706055,20.165761947631836
2012-05-16,40.880001068115234,20.082246780395508
2012-05-17,41.369998931884766,20.322956085205078
2012-05-18,41.529998779296875,20.40155792236328
2012-05-21,41.34000015258789,20.3082218170166
2012-05-22,41.38999938964844,20.33278465270996
2012-05-23,41.279998779296875,20.278757095336914
2012-05-24,41.38999938964844,20.33278465270996
2012-05-25,41.45000076293945,20.36226463317871
2012-05-29,41.75,20.5096378326416
2012-05-30,41.41999816894531,20.34752655029297
2012-05-31,41.63999938964844,20.455595016479492
2012-06-01,41.029998779296875,20.155935287475586
2012-06-04,41.34000015258789,20.3082218170166
2012-06-05,41.20000076293945,20.239450454711914
2012-06-06,41.77000045776367,20.51947021484375
2012-06-07,41.63999938964844,20.455595016479492
2012-06-08,42.439998626708984,20.848596572875977
2012-06-11,42.560001373291016,20.90755271911621
2012-06-12,42.939998626708984,21.094219207763672
2012-06-13,42.9900016784668,21.11878776550293
2012-06-14,43.75,21.492136001586914
2012-06-15,43.54999923706055,21.39388656616211
2012-06-18,43.81999969482422,21.526531219482422
2012-06-19,43.72999954223633,21.482311248779297
2012-06-20,43.29999923706055,21.271074295043945
2012-06-21,43.33000183105469,21.285812377929688
2012-06-22,43.95000076293945,21.590383529663086
2012-06-25,43.650001525878906,21.443004608154297
2012-06-26,43.84000015258789,21.536348342895508
2012-06-27,43.779998779296875,21.506872177124023
2012-06-28,43.970001220703125,21.600208282470703
2012-06-29,44.439998626708984,21.831104278564453
2012-07-02,44.93000030517578,22.07181167602539
2012-07-03,44.95000076293945,22.081628799438477
2012-07-05,44.88999938964844,22.052165985107422
2012-07-06,44.41999816894531,22.067060470581055
2012-07-09,44.7400016784668,22.22602653503418
2012-07-10,44.70000076293945,22.206165313720703
2012-07-11,44.900001525878906,22.30551528930664
2012-07-12,44.66999816894531,22.19124412536621
2012-07-13,45.209999084472656,22.459510803222656
2012-07-16,45.27000045776367,22.48932456970215
2012-07-17,45.65999984741211,22.68307113647461
2012-07-18,45.88999938964844,22.797334671020508
2012-07-19,44.540000915527344,22.12667465209961
2012-07-20,44.4900016784668,22.10184097290039
2012-07-23,44.349998474121094,22.032285690307617
2012-07-24,43.77000045776367,21.744157791137695
2012-07-25,43.720001220703125,21.719308853149414
2012-07-26,44.459999084472656,22.08692741394043
2012-07-27,44.900001525878906,22.30551528930664
2012-07-30,44.95000076293945,22.330358505249023
2012-07-31,45.13999938964844,22.424739837646484
2012-08-01,45.209999084472656,22.459510803222656
2012-08-02,44.619998931884766,22.166414260864258
2012-08-03,44.459999084472656,22.08692741394043
2012-08-06,44.689998626708984,22.20118522644043
2012-08-07,44.470001220703125,22.091903686523438
2012-08-08,44.18000030517578,21.947830200195312
2012-08-09,44.34000015258789,22.027318954467773
2012-08-10,44.599998474121094,22.15648078918457
2012-08-13,44.27000045776367,21.99254035949707
2012-08-14,44.33000183105469,22.02235221862793
2012-08-15,44.189998626708984,21.952802658081055
2012-08-16,44.119998931884766,21.91801643371582
2012-08-17,44.060001373291016,21.88822364807129
2012-08-20,43.70000076293945,21.709379196166992
2012-08-21,42.88999938964844,21.306982040405273
2012-08-22,42.619998931884766,21.172842025756836
2012-08-23,42.25,20.989051818847656
2012-08-24,43.16999816894531,21.44608497619629
2012-08-27,42.7599983215332,21.242403030395508
2012-08-28,42.66999816894531,21.197690963745117
2012-08-29,43.09000015258789,21.406335830688477
2012-08-30,42.77000045776367,21.24736976623535
2012-08-31,42.939998626708984,21.331817626953125
2012-09-04,43.70000076293945,21.709379196166992
2012-09-05,43.79999923706055,21.759050369262695
2012-09-06,44.150001525878906,21.932931900024414
2012-09-07,43.720001220703125,21.719308853149414
2012-09-10,44.060001373291016,21.88822364807129
2012-09-11,44.2400016784668,21.977638244628906
2012-09-12,44.88999938964844,22.300548553466797
2012-09-13,45.58000183105469,22.64333724975586
2012-09-14,44.529998779296875,22.1217041015625
2012-09-17,44.58000183105469,22.14655113220215
2012-09-18,44.90999984741211,22.310487747192383
2012-09-19,45.27000045776367,22.48932456970215
2012-09-20,45.4900016784668,22.598623275756836
2012-09-21,45.63999938964844,22.67313575744629
2012-09-24,45.68000030517578,22.693002700805664
2012-09-25,45.619998931884766,22.66319465637207
2012-09-26,45.59000015258789,22.648296356201172
2012-09-27,45.7599983215332,22.732746124267578
2012-09-28,45.56999969482422,22.63836097717285
2012-10-01,45.810001373291016,22.75758934020996
2012-10-02,45.86000061035156,22.78242301940918
2012-10-03,46.279998779296875,22.991073608398438
2012-10-04,47.2599983215332,23.477922439575195
2012-10-05,47.04999923706055,23.63111114501953
2012-10-08,46.56999969482422,23.390018463134766
2012-10-09,46.11000061035156,23.15899658203125
2012-10-10,45.779998779296875,22.993240356445312
2012-10-11,45.20000076293945,22.701936721801758
2012-10-12,44.619998931884766,22.41063117980957
2012-10-15,44.5,22.350358963012695
2012-10-16,44.08000183105469,22.1394100189209
2012-10-17,44.720001220703125,22.460859298706055
2012-10-18,45.779998779296875,22.993240356445312
2012-10-19,45.15999984741211,22.681848526000977
2012-10-22,44.77000045776367,22.485965728759766
2012-10-23,44.06999969482422,22.134397506713867
2012-10-24,44.22999954223633,22.21474838256836
2012-10-25,44.25,22.224802017211914
2012-10-26,44.72999954223633,22.465883255004883
2012-10-31,44.63999938964844,22.420669555664062
2012-11-01,45.13999938964844,22.671796798706055
2012-11-02,44.52000045776367,22.360403060913086
2012-11-05,44.20000076293945,22.199684143066406
2012-11-06,44.29999923706055,22.249910354614258
2012-11-07,43.189998626708984,21.692407608032227
2012-11-08,42.61000061035156,21.401090621948242
2012-11-09,42.63999938964844,21.41615867614746
2012-11-12,42.560001373291016,21.375986099243164
2012-11-13,42.540000915527344,21.365942001342773
2012-11-14,42.2400016784668,21.215267181396484
2012-11-15,41.70000076293945,20.944046020507812
2012-11-16,41.400001525878906,20.793367385864258
2012-11-19,42.810001373291016,21.50155258178711
2012-11-20,42.81999969482422,21.506567001342773
2012-11-21,43.15999984741211,21.677330017089844
2012-11-23,43.7599983215332,21.978687286376953
2012-11-26,43.29999923706055,21.747650146484375
2012-11-27,42.97999954223633,21.586931228637695
2012-11-28,43.560001373291016,21.878238677978516
2012-11-29,44.0099983215332,22.104248046875
2012-11-30,44.119998931884766,22.15949058532715
2012-12-03,44.099998474121094,22.149456024169922
2012-12-04,43.66999816894531,21.933490753173828
2012-12-05,44.099998474121094,22.149456024169922
2012-12-06,44.45000076293945,22.325241088867188
2012-12-07,44.40999984741211,22.305150985717773
2012-12-10,44.029998779296875,22.114301681518555
2012-12-11,44.439998626708984,22.320222854614258
2012-12-12,44.790000915527344,22.496004104614258
2012-12-13,44.52000045776367,22.360403060913086
2012-12-14,44.209999084472656,22.204710006713867
2012-12-17,44.119998931884766,22.15949058532715
2012-12-18,43.869998931884766,22.033933639526367
2012-12-19,43.380001068115234,21.787830352783203
2012-12-20,43.810001373291016,22.00379753112793
2012-12-21,43.56999969482422,21.883256912231445
2012-12-24,43.540000915527344,21.868200302124023
2012-12-26,43.45000076293945,21.822986602783203
2012-12-27,43.47999954223633,21.838054656982422
2012-12-28,42.900001525878906,21.546751022338867
2012-12-31,43.27000045776367,21.73259162902832
2013-01-02,44.27000045776367,22.23483657836914
2013-01-03,44.060001373291016,22.12937355041504
2013-01-04,44.29999923706055,22.249910354614258
2013-01-07,44.689998626708984,22.445781707763672
2013-01-08,43.099998474121094,21.899572372436523
2013-01-09,43.0,21.8487606048584
2013-01-10,43.59000015258789,22.148544311523438
2013-01-11,43.29999923706055,22.001188278198242
2013-01-14,42.59000015258789,21.64043426513672
2013-01-15,41.970001220703125,21.325407028198242
2013-01-16,41.5099983215332,21.091670989990234
2013-01-17,42.130001068115234,21.406700134277344
2013-01-18,42.540000915527344,21.61503028869629
2013-01-22,42.939998626708984,21.81826400756836
2013-01-23,42.790000915527344,21.7420597076416
2013-01-24,42.59000015258789,21.64043426513672
2013-01-25,42.66999816894531,21.68108367919922
2013-01-28,42.77000045776367,21.731895446777344
2013-01-29,43.5,22.102821350097656
2013-01-30,43.61000061035156,22.158710479736328
2013-01-31,43.61000061035156,22.158710479736328
2013-02-01,44.560001373291016,22.641407012939453
2013-02-04,44.52000045776367,22.62108039855957
2013-02-05,44.560001373291016,22.641407012939453
2013-02-06,44.75,22.737957000732422
2013-02-07,44.459999084472656,22.590595245361328
2013-02-08,44.349998474121094,22.534709930419922
2013-02-11,44.31999969482422,22.51946449279785
2013-02-12,44.439998626708984,22.5804386138916
2013-02-13,44.52000045776367,22.62108039855957
2013-02-14,44.33000183105469,22.524553298950195
2013-02-15,44.400001525878906,22.56011199951172
2013-02-19,44.5,22.610925674438477
2013-02-20,44.91999816894531,22.82432746887207
2013-02-21,45.119998931884766,22.92595100402832
2013-02-22,45.400001525878906,23.06822395324707
2013-02-25,45.720001220703125,23.23081398010254
2013-02-26,46.119998931884766,23.434066772460938
2013-02-27,46.349998474121094,23.550931930541992
2013-02-28,46.529998779296875,23.642391204833984
2013-03-01,46.720001220703125,23.738929748535156
2013-03-04,47.11000061035156,23.937097549438477
2013-03-05,47.689998626708984,24.231794357299805
2013-03-06,47.279998779296875,24.023468017578125
2013-03-07,47.47999954223633,24.125089645385742
2013-03-08,47.959999084472656,24.368982315063477
2013-03-11,47.810001373291016,24.29277229309082
2013-03-12,48.36000061035156,24.572229385375977
2013-03-13,47.939998626708984,24.358821868896484
2013-03-14,48.47999954223633,24.63320541381836
2013-03-15,48.02000045776367,24.39947509765625
2013-03-18,48.75,24.7703914642334
2013-03-19,48.95000076293945,24.872024536132812
2013-03-20,48.599998474121094,24.69417381286621
2013-03-21,48.79999923706055,24.795793533325195
2013-03-22,49.02000045776367,24.907575607299805
2013-03-25,49.15999984741211,24.978713989257812
2013-03-26,49.47999954223633,25.141307830810547
2013-03-27,48.939998626708984,24.86693572998047
2013-03-28,49.150001525878906,24.97364616394043
2013-04-01,49.220001220703125,25.009206771850586
2013-04-02,49.5,25.151473999023438
2013-04-03,48.9900016784668,24.892333984375
2013-04-04,49.29999923706055,25.049840927124023
2013-04-05,49.560001373291016,25.181957244873047
2013-04-08,49.43000030517578,25.379634857177734
2013-04-09,49.36000061035156,25.343700408935547
2013-04-10,49.86000061035156,25.600425720214844
2013-04-11,50.5099983215332,25.934165954589844
2013-04-12,50.86000061035156,26.113866806030273
2013-04-15,50.63999938964844,26.00091552734375
2013-04-16,50.459999084472656,25.908493041992188
2013-04-17,49.540000915527344,25.43613052368164
2013-04-18,50.90999984741211,26.139537811279297
2013-04-19,52.25,26.82756233215332
2013-04-22,52.189998626708984,26.796751022338867
2013-04-23,52.31999969482422,26.86349868774414
2013-04-24,51.79999923706055,26.59650993347168
2013-04-25,53.220001220703125,27.325603485107422
2013-04-26,53.630001068115234,27.536117553710938
2013-04-29,53.459999084472656,27.448833465576172
2013-04-30,53.90999984741211,27.67987060546875
2013-05-01,52.400001525878906,26.90458106994629
2013-05-02,52.529998779296875,26.971323013305664
2013-05-03,52.68000030517578,27.048341751098633
2013-05-06,52.04999923706055,26.724876403808594
2013-05-07,52.91999816894531,27.17156410217285
2013-05-08,53.11000061035156,27.269115447998047
2013-05-09,52.709999084472656,27.06373405456543
2013-05-10,52.88999938964844,27.156166076660156
2013-05-13,52.54999923706055,26.981592178344727
2013-05-14,53.16999816894531,27.299936294555664
2013-05-15,53.599998474121094,27.520715713500977
2013-05-16,53.20000076293945,27.31533432006836
2013-05-17,53.349998474121094,27.392345428466797
2013-05-20,52.7400016784668,27.079145431518555
2013-05-21,52.06999969482422,26.73513412475586
2013-05-22,51.470001220703125,26.427074432373047
2013-05-23,51.88999938964844,26.642724990844727
2013-05-24,51.38999938964844,26.386005401611328
2013-05-28,50.81999969482422,26.09333610534668
2013-05-29,49.56999969482422,25.451522827148438
2013-05-30,49.08000183105469,25.19993782043457
2013-05-31,48.47999954223633,24.891864776611328
2013-06-03,48.65999984741211,24.984296798706055
2013-06-04,48.84000015258789,25.076705932617188
2013-06-05,48.29999923706055,24.799448013305664
2013-06-06,49.970001220703125,25.65690040588379
2013-06-07,50.2400016784668,25.795534133911133
2013-06-10,50.529998779296875,25.94443130493164
2013-06-11,50.18000030517578,25.76472282409668
2013-06-12,49.900001525878906,25.62095832824707
2013-06-13,50.63999938964844,26.00091552734375
2013-06-14,51.06999969482422,26.22169303894043
2013-06-17,50.709999084472656,26.036855697631836
2013-06-18,51.54999923706055,26.4681396484375
2013-06-19,50.04999923706055,25.697980880737305
2013-06-20,48.959999084472656,25.13832664489746
2013-06-21,49.52000045776367,25.42584991455078
2013-06-24,49.119998931884766,25.220468521118164
2013-06-25,50.439998626708984,25.89822006225586
2013-06-26,50.65999984741211,26.01117706298828
2013-06-27,51.0,26.185749053955078
2013-06-28,50.34000015258789,25.84687042236328
2013-07-01,50.36000061035156,25.85715103149414
2013-07-02,50.630001068115234,25.995777130126953
2013-07-03,51.0099983215332,26.190887451171875
2013-07-05,51.29999923706055,26.339784622192383
2013-07-08,51.16999816894531,26.539474487304688
2013-07-09,50.959999084472656,26.43055534362793
2013-07-10,50.540000915527344,26.21271324157715
2013-07-11,51.209999084472656,26.560216903686523
2013-07-12,50.40999984741211,26.145294189453125
2013-07-15,49.959999084472656,25.911897659301758
2013-07-16,50.279998779296875,26.07785987854004
2013-07-17,50.7400016784668,26.31644630432129
2013-07-18,49.970001220703125,25.917083740234375
2013-07-19,49.95000076293945,25.906709671020508
2013-07-22,50.27000045776367,26.072675704956055
2013-07-23,50.36000061035156,26.119361877441406
2013-07-24,50.380001068115234,26.129735946655273
2013-07-25,50.709999084472656,26.300888061523438
2013-07-26,51.02000045776367,26.461658477783203
2013-07-29,51.4900016784668,26.705442428588867
2013-07-30,50.41999816894531,26.150482177734375
2013-07-31,49.47999954223633,25.66294288635254
2013-08-01,50.0099983215332,25.937829971313477
2013-08-02,50.25,26.06230926513672
2013-08-05,50.209999084472656,26.041555404663086
2013-08-06,50.09000015258789,25.979324340820312
2013-08-07,49.93000030517578,25.896331787109375
2013-08-08,49.619998931884766,25.735553741455078
2013-08-09,49.31999969482422,25.57996368408203
2013-08-12,49.650001525878906,25.751115798950195
2013-08-13,49.150001525878906,25.491788864135742
2013-08-14,48.88999938964844,25.35694122314453
2013-08-15,48.540000915527344,25.175403594970703
2013-08-16,47.709999084472656,24.744922637939453
2013-08-19,47.5,24.63600730895996
2013-08-20,47.90999984741211,24.848661422729492
2013-08-21,47.27000045776367,24.5167236328125
2013-08-22,47.02000045776367,24.387060165405273
2013-08-23,47.61000061035156,24.69305992126465
2013-08-26,46.939998626708984,24.345561981201172
2013-08-27,46.95000076293945,24.35074234008789
2013-08-28,46.560001373291016,24.14847755432129
2013-08-29,47.81999969482422,24.801979064941406
2013-08-30,47.380001068115234,24.573766708374023
2013-09-03,46.0099983215332,23.86321258544922
2013-09-04,46.779998779296875,24.2625789642334
2013-09-05,46.63999938964844,24.189964294433594
2013-09-06,46.34000015258789,24.034374237060547
2013-09-09,45.90999984741211,23.811357498168945
2013-09-10,46.470001220703125,24.101791381835938
2013-09-11,46.52000045776367,24.127729415893555
2013-09-12,47.349998474121094,24.558210372924805
2013-09-13,47.7599983215332,24.77086639404297
2013-09-16,48.29999923706055,25.050931930541992
2013-09-17,48.56999969482422,25.190977096557617
2013-09-18,48.720001220703125,25.268762588500977
2013-09-19,48.5099983215332,25.159849166870117
2013-09-20,47.779998779296875,24.781238555908203
2013-09-23,47.97999954223633,24.884963989257812
2013-09-24,47.27000045776367,24.5167236328125
2013-09-25,46.95000076293945,24.35074234008789
2013-09-26,47.66999816894531,24.724178314208984
2013-09-27,47.0,24.376686096191406
2013-09-30,46.66999816894531,24.205528259277344
2013-10-01,46.9900016784668,24.37149429321289
2013-10-02,46.790000915527344,24.26776885986328
2013-10-03,47.0099983215332,24.38187026977539
2013-10-04,47.099998474121094,24.428550720214844
2013-10-07,47.290000915527344,24.52709197998047
2013-10-08,46.04999923706055,24.154674530029297
2013-10-09,46.20000076293945,24.233356475830078
2013-10-10,46.86000061035156,24.579545974731445
2013-10-11,47.09000015258789,24.700191497802734
2013-10-14,46.810001373291016,24.553319931030273
2013-10-15,46.31999969482422,24.296297073364258
2013-10-16,47.25,24.784116744995117
2013-10-17,48.900001525878906,25.64959144592285
2013-10-18,50.0099983215332,26.23182487487793
2013-10-21,50.58000183105469,26.530805587768555
2013-10-22,51.13999938964844,26.824533462524414
2013-10-23,50.81999969482422,26.656696319580078
2013-10-24,50.41999816894531,26.446889877319336
2013-10-25,50.709999084472656,26.59898567199707
2013-10-28,50.56999969482422,26.525548934936523
2013-10-29,51.09000015258789,26.79831886291504
2013-10-30,50.529998779296875,26.504573822021484
2013-10-31,50.5099983215332,26.494077682495117
2013-11-01,50.4900016784668,26.48360252380371
2013-11-04,51.08000183105469,26.793062210083008
2013-11-05,50.099998474121094,26.27901840209961
2013-11-06,50.61000061035156,26.546545028686523
2013-11-07,50.16999816894531,26.31574821472168
2013-11-08,50.20000076293945,26.33148193359375
2013-11-11,49.959999084472656,26.205595016479492
2013-11-12,50.15999984741211,26.310501098632812
2013-11-13,49.9900016784668,26.221332550048828
2013-11-14,50.27000045776367,26.368196487426758
2013-11-15,50.310001373291016,26.389175415039062
2013-11-18,50.7599983215332,26.62521743774414
2013-11-19,50.779998779296875,26.63571548461914
2013-11-20,50.400001525878906,26.43638801574707
2013-11-21,50.380001068115234,26.425899505615234
2013-11-22,50.220001220703125,26.34197235107422
2013-11-25,50.0099983215332,26.23182487487793
2013-11-26,50.04999923706055,26.2528018951416
2013-11-27,49.93000030517578,26.189851760864258
2013-11-29,49.619998931884766,26.027254104614258
2013-12-02,49.2599983215332,25.838420867919922
2013-12-03,49.599998474121094,26.016759872436523
2013-12-04,49.369998931884766,25.89612579345703
2013-12-05,48.90999984741211,25.65483856201172
2013-12-06,49.47999954223633,25.953813552856445
2013-12-09,49.56999969482422,26.001028060913086
2013-12-10,49.04999923706055,25.72826385498047
2013-12-11,48.4900016784668,25.43453025817871
2013-12-12,48.130001068115234,25.245704650878906
2013-12-13,47.84000015258789,25.093591690063477
2013-12-16,48.2599983215332,25.313888549804688
2013-12-17,47.560001373291016,24.946714401245117
2013-12-18,48.470001220703125,25.424047470092773
2013-12-19,48.43000030517578,25.40306282043457
2013-12-20,48.08000183105469,25.219472885131836
2013-12-23,48.58000183105469,25.481748580932617
2013-12-24,48.97999954223633,25.691556930541992
2013-12-26,49.18000030517578,25.796463012695312
2013-12-27,49.16999816894531,25.791217803955078
2013-12-30,49.150001525878906,25.780723571777344
2013-12-31,49.13999938964844,25.77547264099121
2014-01-02,49.0,25.702043533325195
2014-01-03,48.41999816894531,25.397815704345703
2014-01-06,48.689998626708984,25.539430618286133
2014-01-07,49.29999923706055,25.85940170288086
2014-01-08,48.5,25.71624183654785
2014-01-09,47.5,25.18600845336914
2014-01-10,47.75,25.31856346130371
2014-01-13,47.029998779296875,24.936798095703125
2014-01-14,47.08000183105469,24.963315963745117
2014-01-15,48.27000045776367,25.59429168701172
2014-01-16,48.529998779296875,25.73215103149414
2014-01-17,48.349998474121094,25.636699676513672
2014-01-21,47.70000076293945,25.29205322265625
2014-01-22,47.33000183105469,25.095882415771484
2014-01-23,47.86000061035156,25.37689971923828
2014-01-24,47.630001068115234,25.254947662353516
2014-01-27,47.689998626708984,25.28675651550293
2014-01-28,47.36000061035156,25.111770629882812
2014-01-29,47.689998626708984,25.28675651550293
2014-01-30,47.630001068115234,25.254947662353516
2014-01-31,48.02000045776367,25.461734771728516
2014-02-03,46.40999984741211,24.60805320739746
2014-02-04,46.81999969482422,24.8254451751709
2014-02-05,46.689998626708984,24.756528854370117
2014-02-06,46.68000030517578,24.751220703125
2014-02-07,46.810001373291016,24.820148468017578
2014-02-10,46.90999984741211,24.873167037963867
2014-02-11,47.209999084472656,25.032245635986328
2014-02-12,47.369998931884766,25.117080688476562
2014-02-13,47.310001373291016,25.08526611328125
2014-02-14,46.5099983215332,24.661075592041016
2014-02-18,45.97999954223633,24.380048751831055
2014-02-19,46.529998779296875,24.671693801879883
2014-02-20,48.119998931884766,25.514753341674805
2014-02-21,47.27000045776367,25.064058303833008
2014-02-24,46.22999954223633,24.51261329650879
2014-02-25,46.290000915527344,24.544429779052734
2014-02-26,46.349998474121094,24.576244354248047
2014-02-27,47.5,25.18600845336914
2014-02-28,47.58000183105469,25.228435516357422
2014-03-03,47.310001373291016,25.08526611328125
2014-03-04,47.900001525878906,25.398103713989258
2014-03-05,47.380001068115234,25.12238121032715
2014-03-06,47.459999084472656,25.164794921875
2014-03-07,47.150001525878906,25.00042724609375
2014-03-10,47.029998779296875,24.936798095703125
2014-03-11,46.70000076293945,24.76183319091797
2014-03-12,46.36000061035156,24.58154296875
2014-03-13,46.029998779296875,24.406570434570312
2014-03-14,46.08000183105469,24.433090209960938
2014-03-17,46.310001373291016,24.555030822753906
2014-03-18,46.70000076293945,24.76183319091797
2014-03-19,46.36000061035156,24.58154296875
2014-03-20,47.209999084472656,25.032245635986328
2014-03-21,46.90999984741211,24.873167037963867
2014-03-24,47.0099983215332,24.926198959350586
2014-03-25,47.220001220703125,25.037540435791016
2014-03-26,47.0099983215332,24.926198959350586
2014-03-27,47.689998626708984,25.28675651550293
2014-03-28,47.41999816894531,25.143592834472656
2014-03-31,47.56999969482422,25.223115921020508
2014-04-01,47.75,25.31856346130371
2014-04-02,47.81999969482422,25.355684280395508
2014-04-03,48.119998931884766,25.514753341674805
2014-04-04,48.040000915527344,25.47233772277832
2014-04-07,48.119998931884766,25.514753341674805
2014-04-08,48.209999084472656,25.847158432006836
2014-04-09,47.97999954223633,25.723846435546875
2014-04-10,47.470001220703125,25.450410842895508
2014-04-11,47.06999969482422,25.235965728759766
2014-04-14,47.27000045776367,25.343191146850586
2014-04-15,46.91999816894531,25.155536651611328
2014-04-16,47.099998474121094,25.252050399780273
2014-04-17,47.599998474121094,25.520112991333008
2014-04-21,47.97999954223633,25.723846435546875
2014-04-22,47.91999816894531,25.691686630249023
2014-04-23,47.43000030517578,25.428964614868164
2014-04-24,46.279998779296875,24.81241226196289
2014-04-25,45.939998626708984,24.630130767822266
2014-04-28,46.599998474121094,24.983980178833008
2014-04-29,46.77000045776367,25.075119018554688
2014-04-30,46.72999954223633,25.053674697875977
2014-05-01,47.220001220703125,25.316377639770508
2014-05-02,47.119998931884766,25.26276397705078
2014-05-05,47.38999938964844,25.40752410888672
2014-05-06,47.470001220703125,25.450410842895508
2014-05-07,48.099998474121094,25.788183212280273
2014-05-08,48.4900016784668,25.997272491455078
2014-05-09,48.47999954223633,25.991912841796875
2014-05-12,48.15999984741211,25.82035255432129
2014-05-13,47.849998474121094,25.65414810180664
2014-05-14,48.0099983215332,25.739925384521484
2014-05-15,47.959999084472656,25.713123321533203
2014-05-16,49.06999969482422,26.30824089050293
2014-05-19,49.150001525878906,26.351118087768555
2014-05-20,48.650001525878906,26.083066940307617
2014-05-21,49.16999816894531,26.361854553222656
2014-05-22,49.45000076293945,26.5119571685791
2014-05-23,49.7400016784668,26.667444229125977
2014-05-27,49.619998931884766,26.603111267089844
2014-05-28,49.7400016784668,26.667444229125977
2014-05-29,49.720001220703125,26.656719207763672
2014-05-30,49.959999084472656,26.785398483276367
2014-06-02,50.04999923706055,26.833654403686523
2014-06-03,49.290000915527344,26.42619514465332
2014-06-04,49.150001525878906,26.351118087768555
2014-06-05,49.279998779296875,26.420818328857422
2014-06-06,49.41999816894531,26.495880126953125
2014-06-09,49.56999969482422,26.5762996673584
2014-06-10,49.52000045776367,26.549497604370117
2014-06-11,49.369998931884766,26.469078063964844
2014-06-12,49.040000915527344,26.292156219482422
2014-06-13,49.18000030517578,26.367216110229492
2014-06-16,49.310001373291016,26.43691062927246
2014-06-17,49.209999084472656,26.3832950592041
2014-06-18,49.41999816894531,26.495880126953125
2014-06-19,49.470001220703125,26.52269172668457
2014-06-20,49.38999938964844,26.479801177978516
2014-06-23,49.72999954223633,26.662092208862305
2014-06-24,49.279998779296875,26.420818328857422
2014-06-25,49.40999984741211,26.490522384643555
2014-06-26,49.209999084472656,26.3832950592041
2014-06-27,49.31999969482422,26.442276000976562
2014-06-30,48.93000030517578,26.233179092407227
2014-07-01,49.369998931884766,26.469078063964844
2014-07-02,49.65999984741211,26.62455940246582
2014-07-03,49.709999084472656,26.651363372802734
2014-07-07,49.75,26.67279815673828
2014-07-08,48.7599983215332,26.423519134521484
2014-07-09,48.900001525878906,26.499401092529297
2014-07-10,49.63999938964844,26.90041160583496
2014-07-11,50.31999969482422,27.268905639648438
2014-07-14,50.529998779296875,27.382707595825195
2014-07-15,50.709999084472656,27.480255126953125
2014-07-16,50.959999084472656,27.615734100341797
2014-07-17,50.31999969482422,27.268905639648438
2014-07-18,50.75,27.50193977355957
2014-07-21,50.70000076293945,27.474830627441406
2014-07-22,50.97999954223633,27.626567840576172
2014-07-23,50.90999984741211,27.588634490966797
2014-07-24,51.04999923706055,27.664499282836914
2014-07-25,51.279998779296875,27.789142608642578
2014-07-28,51.58000183105469,27.951717376708984
2014-07-29,51.970001220703125,28.163055419921875
2014-07-30,51.7599983215332,28.04926109313965
2014-07-31,50.41999816894531,27.323102951049805
2014-08-01,49.83000183105469,27.003372192382812
2014-08-04,50.209999084472656,27.20928955078125
2014-08-05,49.65999984741211,26.911252975463867
2014-08-06,49.130001068115234,26.624032974243164
2014-08-07,48.650001525878906,26.363924026489258
2014-08-08,48.70000076293945,26.391023635864258
2014-08-11,48.66999816894531,26.3747501373291
2014-08-12,48.84000015258789,26.46688461303711
2014-08-13,48.91999816894531,26.510244369506836
2014-08-14,49.0,26.553586959838867
2014-08-15,48.79999923706055,26.445199966430664
2014-08-18,48.779998779296875,26.43436050415039
2014-08-19,48.70000076293945,26.391023635864258
2014-08-20,48.81999969482422,26.456043243408203
2014-08-21,48.869998931884766,26.483139038085938
2014-08-22,48.63999938964844,26.35849380493164
2014-08-25,49.150001525878906,26.63488006591797
2014-08-26,49.25,26.689069747924805
2014-08-27,49.43000030517578,26.786605834960938
2014-08-28,49.40999984741211,26.77577018737793
2014-08-29,49.81999969482422,26.997953414916992
2014-09-02,49.77000045776367,26.970857620239258
2014-09-03,49.880001068115234,27.030475616455078
2014-09-04,49.720001220703125,26.943754196166992
2014-09-05,49.939998626708984,27.062992095947266
2014-09-08,49.529998779296875,26.840801239013672
2014-09-09,48.900001525878906,26.499401092529297
2014-09-10,48.75,26.418109893798828
2014-09-11,49.0099983215332,26.559001922607422
2014-09-12,48.400001525878906,26.228445053100586
2014-09-15,48.560001373291016,26.315141677856445
2014-09-16,48.959999084472656,26.53191566467285
2014-09-17,49.209999084472656,26.66738510131836
2014-09-18,49.689998626708984,26.927499771118164
2014-09-19,50.349998474121094,27.28515625
2014-09-22,50.18000030517578,27.193042755126953
2014-09-23,49.90999984741211,27.046728134155273
2014-09-24,50.06999969482422,27.133434295654297
2014-09-25,49.61000061035156,26.88414764404297
2014-09-26,49.77000045776367,26.970857620239258
2014-09-29,49.75,26.96001434326172
2014-09-30,49.9900016784668,27.090084075927734
2014-10-01,49.43000030517578,26.786605834960938
2014-10-02,49.290000915527344,26.71074867248535
2014-10-03,49.709999084472656,26.938337326049805
2014-10-06,50.08000183105469,27.13885498046875
2014-10-07,49.68000030517578,26.922094345092773
2014-10-08,49.869998931884766,27.32758140563965
2014-10-09,48.93000030517578,26.812490463256836
2014-10-10,48.939998626708984,26.81797981262207
2014-10-13,48.369998931884766,26.505626678466797
2014-10-14,48.220001220703125,26.423425674438477
2014-10-15,47.91999816894531,26.2590389251709
2014-10-16,47.66999816894531,26.122034072875977
2014-10-17,48.06999969482422,26.341232299804688
2014-10-20,48.47999954223633,26.565895080566406
2014-10-21,48.689998626708984,26.680971145629883
2014-10-22,48.310001373291016,26.472745895385742
2014-10-23,48.220001220703125,26.423425674438477
2014-10-24,48.77000045776367,26.724803924560547
2014-10-27,49.41999816894531,27.08100128173828
2014-10-28,49.959999084472656,27.376901626586914
2014-10-29,49.83000183105469,27.3056697845459
2014-10-30,49.900001525878906,27.344024658203125
2014-10-31,50.25,27.53581428527832
2014-11-03,50.38999938964844,27.612539291381836
2014-11-04,50.33000183105469,27.57965660095215
2014-11-05,50.34000015258789,27.585132598876953
2014-11-06,50.279998779296875,27.55225372314453
2014-11-07,50.86000061035156,27.870080947875977
2014-11-10,50.720001220703125,27.793373107910156
2014-11-11,50.61000061035156,27.733091354370117
2014-11-12,50.81999969482422,27.848163604736328
2014-11-13,51.20000076293945,28.056406021118164
2014-11-14,51.5,28.220787048339844
2014-11-17,51.400001525878906,28.165987014770508
2014-11-18,51.220001220703125,28.067359924316406
2014-11-19,50.4900016784668,27.66734504699707
2014-11-20,50.189998626708984,27.502939224243164
2014-11-21,50.209999084472656,27.51389503479004
2014-11-24,49.5,27.124832153320312
2014-11-25,49.34000015258789,27.037160873413086
2014-11-26,50.040000915527344,27.42074203491211
2014-11-28,50.59000015258789,27.72213363647461
2014-12-01,50.029998779296875,27.415260314941406
2014-12-02,49.11000061035156,26.911123275756836
2014-12-03,48.790000915527344,26.735767364501953
2014-12-04,48.779998779296875,26.730289459228516
2014-12-05,48.61000061035156,26.637130737304688
2014-12-08,48.900001525878906,26.796052932739258
2014-12-09,46.91999816894531,25.711057662963867
2014-12-10,46.18000030517578,25.305559158325195
2014-12-11,46.36000061035156,25.404193878173828
2014-12-12,45.58000183105469,24.976764678955078
2014-12-15,45.41999816894531,24.889097213745117
2014-12-16,45.529998779296875,24.94936752319336
2014-12-17,46.439998626708984,25.448022842407227
2014-12-18,47.04999923706055,25.782289505004883
2014-12-19,47.02000045776367,25.765857696533203
2014-12-22,47.5099983215332,26.03436851501465
2014-12-23,47.66999816894531,26.122034072875977
2014-12-24,47.66999816894531,26.122034072875977
2014-12-26,47.86000061035156,26.22616195678711
2014-12-29,47.54999923706055,26.056285858154297
2014-12-30,47.33000183105469,25.935731887817383
2014-12-31,46.779998779296875,25.63433837890625
2015-01-02,46.959999084472656,25.73297882080078
2015-01-05,46.56999969482422,25.519262313842773
2015-01-06,47.040000915527344,25.776824951171875
2015-01-07,46.189998626708984,25.6104793548584
2015-01-08,47.18000030517578,26.159395217895508
2015-01-09,46.7599983215332,25.926523208618164
2015-01-12,47.08000183105469,26.103946685791016
2015-01-13,47.18000030517578,26.159395217895508
2015-01-14,46.970001220703125,26.04296112060547
2015-01-15,47.099998474121094,26.115036010742188
2015-01-16,47.9900016784668,26.608510971069336
2015-01-20,48.18000030517578,26.71385383605957
2015-01-21,48.25,26.75265884399414
2015-01-22,47.79999923706055,26.50314712524414
2015-01-23,47.150001525878906,26.14276695251465
2015-01-26,46.959999084472656,26.03740882873535
2015-01-27,46.349998474121094,25.699195861816406
2015-01-28,46.04999923706055,25.532854080200195
2015-01-29,46.11000061035156,25.566118240356445
2015-01-30,45.709999084472656,25.344343185424805
2015-02-02,46.97999954223633,26.048498153686523
2015-02-03,47.83000183105469,26.519794464111328
2015-02-04,47.79999923706055,26.50314712524414
2015-02-05,47.86000061035156,26.53643035888672
2015-02-06,49.33000183105469,27.351482391357422
2015-02-09,49.09000015258789,27.218420028686523
2015-02-10,49.5099983215332,27.451282501220703
2015-02-11,49.810001373291016,27.617626190185547
2015-02-12,49.52000045776367,27.456823348999023
2015-02-13,49.310001373291016,27.340396881103516
2015-02-17,49.18000030517578,27.268320083618164
2015-02-18,48.939998626708984,27.13524627685547
2015-02-19,48.90999984741211,27.11861228942871
2015-02-20,48.970001220703125,27.15187644958496
2015-02-23,48.77000045776367,27.04098129272461
2015-02-24,49.220001220703125,27.290483474731445
2015-02-25,49.20000076293945,27.27939224243164
2015-02-26,49.369998931884766,27.373659133911133
2015-02-27,49.45000076293945,27.41801643371582
2015-03-02,49.470001220703125,27.429101943969727
2015-03-03,49.54999923706055,27.473459243774414
2015-03-04,49.06999969482422,27.207317352294922
2015-03-05,48.91999816894531,27.124156951904297
2015-03-06,48.290000915527344,26.77484130859375
2015-03-09,48.22999954223633,26.74156951904297
2015-03-10,47.5099983215332,26.342363357543945
2015-03-11,47.68000030517578,26.436635971069336
2015-03-12,48.72999954223633,27.018796920776367
2015-03-13,48.84000015258789,27.079805374145508
2015-03-16,49.27000045776367,27.318214416503906
2015-03-17,48.95000076293945,27.140790939331055
2015-03-18,49.540000915527344,27.46792221069336
2015-03-19,49.29999923706055,27.334842681884766
2015-03-20,49.560001373291016,27.479013442993164
2015-03-23,49.63999938964844,27.523365020751953
2015-03-24,49.40999984741211,27.395835876464844
2015-03-25,48.72999954223633,27.018796920776367
2015-03-26,48.41999816894531,26.846925735473633
2015-03-27,48.560001373291016,26.92454719543457
2015-03-30,49.119998931884766,27.23504066467285
2015-03-31,48.630001068115234,26.963350296020508
2015-04-01,48.91999816894531,27.124156951904297
2015-04-02,49.470001220703125,27.429101943969727
2015-04-06,49.630001068115234,27.517818450927734
2015-04-07,49.27000045776367,27.318214416503906
2015-04-08,49.130001068115234,27.54810905456543
2015-04-09,49.0099983215332,27.480817794799805
2015-04-10,49.220001220703125,27.598573684692383
2015-04-13,49.040000915527344,27.497648239135742
2015-04-14,49.18000030517578,27.576147079467773
2015-04-15,49.38999938964844,27.69389533996582
2015-04-16,49.27000045776367,27.62660789489746
2015-04-17,48.900001525878906,27.41914939880371
2015-04-20,49.380001068115234,27.68828582763672
2015-04-21,49.16999816894531,27.57053565979004
2015-04-22,49.56999969482422,27.79482078552246
2015-04-23,50.04999923706055,28.063968658447266
2015-04-24,50.029998779296875,28.052759170532227
2015-04-27,50.08000183105469,28.08078956604004
2015-04-28,50.54999923706055,28.344329833984375
2015-04-29,50.470001220703125,28.29946517944336
2015-04-30,50.439998626708984,28.282651901245117
2015-05-01,50.40999984741211,28.265825271606445
2015-05-04,50.52000045776367,28.327505111694336
2015-05-05,50.09000015258789,28.08639144897461
2015-05-06,49.63999938964844,27.83407211303711
2015-05-07,49.72999954223633,27.884546279907227
2015-05-08,50.13999938964844,28.11444091796875
2015-05-11,49.79999923706055,27.92378807067871
2015-05-12,49.619998931884766,27.822853088378906
2015-05-13,49.72999954223633,27.884546279907227
2015-05-14,49.970001220703125,28.019115447998047
2015-05-15,49.790000915527344,27.918182373046875
2015-05-18,49.599998474121094,27.8116455078125
2015-05-19,49.54999923706055,27.783607482910156
2015-05-20,49.689998626708984,27.86211395263672
2015-05-21,49.900001525878906,27.979856491088867
2015-05-22,49.61000061035156,27.8172607421875
2015-05-26,49.41999816894531,27.710716247558594
2015-05-27,49.56999969482422,27.79482078552246
2015-05-28,49.540000915527344,27.777997970581055
2015-05-29,49.439998626708984,27.721927642822266
2015-06-01,49.220001220703125,27.598573684692383
2015-06-02,49.13999938964844,27.553712844848633
2015-06-03,49.08000183105469,27.520078659057617
2015-06-04,48.099998474121094,26.970563888549805
2015-06-05,47.22999954223633,26.48274040222168
2015-06-08,47.439998626708984,26.600492477416992
2015-06-09,47.34000015258789,26.544422149658203
2015-06-10,47.470001220703125,26.617307662963867
2015-06-11,47.7599983215332,26.779924392700195
2015-06-12,47.25,26.493959426879883
2015-06-15,47.0,26.353776931762695
2015-06-16,47.41999816894531,26.589279174804688
2015-06-17,47.27000045776367,26.505170822143555
2015-06-18,47.77000045776367,26.78553009033203
2015-06-19,47.459999084472656,26.611703872680664
2015-06-22,47.529998779296875,26.65095329284668
2015-06-23,47.77000045776367,26.78553009033203
2015-06-24,47.290000915527344,26.516382217407227
2015-06-25,47.439998626708984,26.600492477416992
2015-06-26,47.619998931884766,26.701414108276367
2015-06-29,46.77000045776367,26.224817276000977
2015-06-30,46.61000061035156,26.135101318359375
2015-07-01,47.0,26.353776931762695
2015-07-02,47.20000076293945,26.465917587280273
2015-07-06,47.040000915527344,26.376209259033203
2015-07-07,47.25,26.493959426879883
2015-07-08,46.58000183105469,26.425884246826172
2015-07-09,46.2599983215332,26.244335174560547
2015-07-10,47.0,26.664154052734375
2015-07-13,47.20000076293945,26.77761459350586
2015-07-14,47.40999984741211,26.896760940551758
2015-07-15,47.33000183105469,26.851362228393555
2015-07-16,47.83000183105469,27.13503646850586
2015-07-17,47.59000015258789,26.998876571655273
2015-07-20,48.099998474121094,27.2882022857666
2015-07-21,46.970001220703125,26.64714241027832
2015-07-22,46.45000076293945,26.352127075195312
2015-07-23,46.349998474121094,26.295394897460938
2015-07-24,46.040000915527344,26.119518280029297
2015-07-27,45.83000183105469,26.00038719177246
2015-07-28,45.88999938964844,26.034425735473633
2015-07-29,46.560001373291016,26.414535522460938
2015-07-30,46.66999816894531,26.4769344329834
2015-07-31,46.790000915527344,26.545011520385742
2015-08-03,46.970001220703125,26.64714241027832
2015-08-04,46.66999816894531,26.4769344329834
2015-08-05,46.63999938964844,26.459922790527344
2015-08-06,46.630001068115234,26.454240798950195
2015-08-07,46.36000061035156,26.301063537597656
2015-08-10,47.22999954223633,26.794635772705078
2015-08-11,47.599998474121094,27.00453758239746
2015-08-12,47.849998474121094,27.146373748779297
2015-08-13,47.65999984741211,27.038593292236328
2015-08-14,47.4900016784668,26.942136764526367
2015-08-17,47.52000045776367,26.95916175842285
2015-08-18,47.459999084472656,26.92511749267578
2015-08-19,47.439998626708984,26.913774490356445
2015-08-20,46.880001068115234,26.596071243286133
2015-08-21,46.099998474121094,26.153560638427734
2015-08-24,44.7400016784668,25.38200569152832
2015-08-25,43.5,24.678525924682617
2015-08-26,45.15999984741211,25.620275497436523
2015-08-27,46.189998626708984,26.204622268676758
2015-08-28,46.06999969482422,26.13654899597168
2015-08-31,46.0099983215332,26.102500915527344
2015-09-01,44.900001525878906,25.4727783203125
2015-09-02,45.349998474121094,25.728071212768555
2015-09-03,45.720001220703125,25.9379825592041
2015-09-04,44.81999969482422,25.427391052246094
2015-09-08,45.880001068115234,26.028751373291016
2015-09-09,45.38999938964844,25.75075912475586
2015-09-10,45.459999084472656,25.79047203063965
2015-09-11,45.72999954223633,25.943649291992188
2015-09-14,45.650001525878906,25.898263931274414
2015-09-15,46.369998931884766,26.306747436523438
2015-09-16,46.189998626708984,26.204622268676758
2015-09-17,45.22999954223633,25.659992218017578
2015-09-18,44.56999969482422,25.285566329956055
2015-09-21,44.79999923706055,25.416044235229492
2015-09-22,44.43000030517578,25.206127166748047
2015-09-23,43.97999954223633,24.95083236694336
2015-09-24,44.09000015258789,25.013248443603516
2015-09-25,44.220001220703125,25.08699607849121
2015-09-28,43.7400016784668,24.81468391418457
2015-09-29,43.529998779296875,24.695547103881836
2015-09-30,43.5099983215332,24.684188842773438
2015-10-01,42.959999084472656,24.372161865234375
2015-10-02,42.84000015258789,24.30408477783203
2015-10-05,44.0,24.96218490600586
2015-10-06,44.060001373291016,24.996225357055664
2015-10-07,43.849998474121094,25.200241088867188
2015-10-08,44.22999954223633,25.41861915588379
2015-10-09,44.15999984741211,25.37839698791504
2015-10-12,44.29999923706055,25.4588565826416
2015-10-13,44.36000061035156,25.493345260620117
2015-10-14,43.9900016784668,25.280698776245117
2015-10-15,44.66999816894531,25.67148208618164
2015-10-16,44.70000076293945,25.68872833251953
2015-10-19,44.70000076293945,25.68872833251953
2015-10-20,45.2400016784668,25.99906349182129
2015-10-21,44.86000061035156,25.780677795410156
2015-10-22,45.88999938964844,26.372615814208984
2015-10-23,46.15999984741211,26.527769088745117
2015-10-26,46.36000061035156,26.642711639404297
2015-10-27,46.16999816894531,26.53352165222168
2015-10-28,46.47999954223633,26.7116756439209
2015-10-29,46.400001525878906,26.665712356567383
2015-10-30,46.880001068115234,26.941553115844727
2015-11-02,46.779998779296875,26.884090423583984
2015-11-03,46.45000076293945,26.694446563720703
2015-11-04,46.13999938964844,26.516292572021484
2015-11-05,46.20000076293945,26.550756454467773
2015-11-06,45.779998779296875,26.30940055847168
2015-11-09,45.29999923706055,26.033544540405273
2015-11-10,45.099998474121094,25.91860580444336
2015-11-11,45.31999969482422,26.045034408569336
2015-11-12,44.83000183105469,25.763442993164062
2015-11-13,44.22999954223633,25.41861915588379
2015-11-16,45.040000915527344,25.884132385253906
2015-11-17,45.08000183105469,25.907106399536133
2015-11-18,45.380001068115234,26.07952880859375
2015-11-19,45.7599983215332,26.297901153564453
2015-11-20,45.38999938964844,26.08525848388672
2015-11-23,44.9900016784668,25.855382919311523
2015-11-24,45.189998626708984,25.97032356262207
2015-11-25,44.91999816894531,25.81515884399414
2015-11-27,45.22999954223633,25.993318557739258
2015-11-30,45.45000076293945,26.1197509765625
2015-12-01,45.58000183105469,26.194456100463867
2015-12-02,44.91999816894531,25.81515884399414
2015-12-03,44.560001373291016,25.608272552490234
2015-12-04,45.709999084472656,26.2691650390625
2015-12-07,46.060001373291016,26.470308303833008
2015-12-08,45.70000076293945,26.263423919677734
2015-12-09,45.36000061035156,26.068029403686523
2015-12-10,45.31999969482422,26.045034408569336
2015-12-11,44.81999969482422,25.757692337036133
2015-12-14,45.45000076293945,26.1197509765625
2015-12-15,45.54999923706055,26.177221298217773
2015-12-16,46.5099983215332,26.728918075561523
2015-12-17,46.099998474121094,26.49329376220703
2015-12-18,45.560001373291016,26.182964324951172
2015-12-21,45.900001525878906,26.378358840942383
2015-12-22,46.34000015258789,26.631221771240234
2015-12-23,46.95000076293945,26.98177719116211
2015-12-24,46.709999084472656,26.84385871887207
2015-12-28,46.75,26.866846084594727
2015-12-29,47.209999084472656,27.131216049194336
2015-12-30,46.77000045776367,26.87834930419922
2015-12-31,46.220001220703125,26.562257766723633
2016-01-04,45.869998931884766,26.361112594604492
2016-01-05,46.5,26.723175048828125
2016-01-06,45.52000045776367,26.48175048828125
2016-01-07,45.27000045776367,26.3363037109375
2016-01-08,44.83000183105469,26.080331802368164
2016-01-11,45.09000015258789,26.231592178344727
2016-01-12,44.93000030517578,26.138505935668945
2016-01-13,44.150001525878906,25.684730529785156
2016-01-14,44.869998931884766,26.103595733642578
2016-01-15,44.43000030517578,25.84761619567871
2016-01-19,44.869998931884766,26.103595733642578
2016-01-20,44.41999816894531,25.8418025970459
2016-01-21,45.869998931884766,26.685354232788086
2016-01-22,47.040000915527344,27.366029739379883
2016-01-25,47.029998779296875,27.360193252563477
2016-01-26,48.25,28.06995391845703
2016-01-27,49.029998779296875,28.523714065551758
2016-01-28,49.0099983215332,28.5120792388916
2016-01-29,49.970001220703125,29.07057762145996
2016-02-01,50.7599983215332,29.530162811279297
2016-02-02,49.90999984741211,29.035676956176758
2016-02-03,50.619998931884766,29.448720932006836
2016-02-04,50.43000030517578,29.338191986083984
2016-02-05,50.970001220703125,29.652334213256836
2016-02-08,50.7400016784668,29.518537521362305
2016-02-09,50.150001525878906,29.175302505493164
2016-02-10,49.97999954223633,29.07639503479004
2016-02-11,49.38999938964844,28.733152389526367
2016-02-12,50.11000061035156,29.152023315429688
2016-02-16,50.2400016784668,29.2276554107666
2016-02-17,50.31999969482422,29.27419090270996
2016-02-18,50.939998626708984,29.634876251220703
2016-02-19,50.86000061035156,29.588348388671875
2016-02-22,51.06999969482422,29.710519790649414
2016-02-23,50.630001068115234,29.454540252685547
2016-02-24,50.81999969482422,29.56507682800293
2016-02-25,51.11000061035156,29.733781814575195
2016-02-26,51.02000045776367,29.68142318725586
2016-02-29,50.72999954223633,29.51271629333496
2016-03-01,51.459999084472656,29.937393188476562
2016-03-02,52.119998931884766,30.321367263793945
2016-03-03,51.88999938964844,30.18756675720215
2016-03-04,51.810001373291016,30.14101791381836
2016-03-07,52.209999084472656,30.37372398376465
2016-03-08,52.459999084472656,30.519161224365234
2016-03-09,52.34000015258789,30.44935417175293
2016-03-10,52.31999969482422,30.437715530395508
2016-03-11,52.529998779296875,30.55988311767578
2016-03-14,52.540000915527344,30.565710067749023
2016-03-15,52.66999816894531,30.641328811645508
2016-03-16,53.209999084472656,30.955488204956055
2016-03-17,53.630001068115234,31.199810028076172
2016-03-18,53.2400016784668,30.972938537597656
2016-03-21,53.439998626708984,31.08928108215332
2016-03-22,53.209999084472656,30.955488204956055
2016-03-23,52.90999984741211,30.780956268310547
2016-03-24,53.560001373291016,31.159101486206055
2016-03-28,53.400001525878906,31.066009521484375
2016-03-29,54.04999923706055,31.444171905517578
2016-03-30,54.040000915527344,31.438331604003906
2016-03-31,54.08000183105469,31.461606979370117
2016-04-01,54.0099983215332,31.42089080810547
2016-04-04,54.41999816894531,31.659408569335938
2016-04-05,54.09000015258789,31.467430114746094
2016-04-06,53.52000045776367,31.464487075805664
2016-04-07,52.0,30.570877075195312
2016-04-08,52.18000030517578,30.676708221435547
2016-04-11,51.61000061035156,30.341596603393555
2016-04-12,51.95000076293945,30.54148292541504
2016-04-13,51.290000915527344,30.153474807739258
2016-04-14,51.36000061035156,30.19462776184082
2016-04-15,51.349998474121094,30.188753128051758
2016-04-18,51.72999954223633,30.41214370727539
2016-04-19,52.08000183105469,30.617918014526367
2016-04-20,51.75,30.423906326293945
2016-04-21,50.029998779296875,29.412710189819336
2016-04-22,50.54999923706055,29.718414306640625
2016-04-25,50.7599983215332,29.841880798339844
2016-04-26,50.439998626708984,29.653759002685547
2016-04-27,51.689998626708984,30.388633728027344
2016-04-28,51.02000045776367,29.994731903076172
2016-04-29,50.939998626708984,29.94770050048828
2016-05-02,51.31999969482422,30.171104431152344
2016-05-03,50.68000030517578,29.79485511779785
2016-05-04,50.84000015258789,29.888916015625
2016-05-05,50.84000015258789,29.888916015625
2016-05-06,51.119998931884766,30.05352020263672
2016-05-09,51.08000183105469,30.03000831604004
2016-05-10,51.540000915527344,30.300451278686523
2016-05-11,51.150001525878906,30.071165084838867
2016-05-12,51.470001220703125,30.259294509887695
2016-05-13,50.939998626708984,29.94770050048828
2016-05-16,51.22999954223633,30.118200302124023
2016-05-17,50.900001525878906,29.92418670654297
2016-05-18,50.38999938964844,29.624364852905273
2016-05-19,49.630001068115234,29.177553176879883
2016-05-20,49.65999984741211,29.1951847076416
2016-05-23,49.13999938964844,28.889490127563477
2016-05-24,49.58000183105469,29.148160934448242
2016-05-25,49.849998474121094,29.3068904876709
2016-05-26,50.15999984741211,29.48914909362793
2016-05-27,50.619998931884766,29.759571075439453
2016-05-31,50.900001525878906,29.92418670654297
2016-06-01,50.43000030517578,29.647878646850586
2016-06-02,50.77000045776367,29.847755432128906
2016-06-03,50.91999816894531,29.935941696166992
2016-06-06,50.709999084472656,29.81249237060547
2016-06-07,51.75,30.423906326293945
2016-06-08,51.52000045776367,30.2886962890625
2016-06-09,51.95000076293945,30.54148292541504
2016-06-10,52.66999816894531,30.964765548706055
2016-06-13,52.56999969482422,30.905977249145508
2016-06-14,52.9900016784668,31.152902603149414
2016-06-15,52.84000015258789,31.064722061157227
2016-06-16,53.459999084472656,31.429214477539062
2016-06-17,53.779998779296875,31.617345809936523
2016-06-20,53.7599983215332,31.605592727661133
2016-06-21,54.099998474121094,31.80547523498535
2016-06-22,54.029998779296875,31.764324188232422
2016-06-23,54.66999816894531,32.14057540893555
2016-06-24,54.43000030517578,31.999483108520508
2016-06-27,54.7400016784668,32.18172836303711
2016-06-28,54.81999969482422,32.228755950927734
2016-06-29,55.060001373291016,32.36986541748047
2016-06-30,55.84000015258789,32.828426361083984
2016-07-01,56.22999954223633,33.057701110839844
2016-07-05,56.529998779296875,33.234066009521484
2016-07-06,56.2599983215332,33.40925598144531
2016-07-07,55.380001068115234,32.886680603027344
2016-07-08,55.900001525878906,33.19548797607422
2016-07-11,55.93000030517578,33.21329116821289
2016-07-12,55.470001220703125,32.940128326416016
2016-07-13,56.0,33.254859924316406
2016-07-14,55.84000015258789,33.15985107421875
2016-07-15,55.84000015258789,33.15985107421875
2016-07-18,55.93000030517578,33.21329116821289
2016-07-19,55.70000076293945,33.076717376708984
2016-07-20,55.619998931884766,33.02920150756836
2016-07-21,55.369998931884766,32.880741119384766
2016-07-22,56.099998474121094,33.31425476074219
2016-07-25,55.869998931884766,33.17765808105469
2016-07-26,54.810001373291016,32.54818344116211
2016-07-27,55.31999969482422,32.85104751586914
2016-07-28,54.86000061035156,32.577880859375
2016-07-29,55.40999984741211,32.90448760986328
2016-08-01,54.5,32.364105224609375
2016-08-02,54.0,32.06718063354492
2016-08-03,53.900001525878906,32.00779724121094
2016-08-04,53.93000030517578,32.02562713623047
2016-08-05,53.63999938964844,31.8533992767334
2016-08-08,53.59000015258789,31.823713302612305
2016-08-09,53.65999984741211,31.865276336669922
2016-08-10,53.810001373291016,31.954341888427734
2016-08-11,53.86000061035156,31.984039306640625
2016-08-12,53.650001525878906,31.85934066772461
2016-08-15,53.61000061035156,31.835586547851562
2016-08-16,52.7599983215332,31.330829620361328
2016-08-17,53.16999816894531,31.57429313659668
2016-08-18,52.869998931884766,31.39615249633789
2016-08-19,52.45000076293945,31.146730422973633
2016-08-22,52.54999923706055,31.20612335205078
2016-08-23,52.630001068115234,31.253643035888672
2016-08-24,52.529998779296875,31.194242477416992
2016-08-25,52.75,31.32489013671875
2016-08-26,52.06999969482422,30.92108917236328
2016-08-29,52.5,31.176433563232422
2016-08-30,52.27000045776367,31.03984832763672
2016-08-31,52.33000183105469,31.075481414794922
2016-09-01,52.560001373291016,31.212053298950195
2016-09-02,52.880001068115234,31.4020938873291
2016-09-06,53.5099983215332,31.776193618774414
2016-09-07,53.709999084472656,31.894960403442383
2016-09-08,53.599998474121094,31.829639434814453
2016-09-09,51.81999969482422,30.772615432739258
2016-09-12,52.56999969482422,31.217992782592773
2016-09-13,51.45000076293945,30.552906036376953
2016-09-14,51.4900016784668,30.576656341552734
2016-09-15,51.97999954223633,30.867639541625977
2016-09-16,51.880001068115234,30.808250427246094
2016-09-19,51.20000076293945,30.404434204101562
2016-09-20,51.27000045776367,30.446020126342773
2016-09-21,51.869998931884766,30.80231285095215
2016-09-22,52.349998474121094,31.087345123291016
2016-09-23,52.560001373291016,31.212053298950195
2016-09-26,52.150001525878906,30.96858787536621
2016-09-27,52.4900016784668,31.170495986938477
2016-09-28,52.060001373291016,30.915145874023438
2016-09-29,52.119998931884766,30.950769424438477
2016-09-30,51.97999954223633,30.867639541625977
2016-10-03,51.880001068115234,30.808250427246094
2016-10-04,51.2599983215332,30.440074920654297
2016-10-05,50.27000045776367,30.192628860473633
2016-10-06,50.2599983215332,30.18660545349121
2016-10-07,49.91999816894531,29.98240852355957
2016-10-10,50.189998626708984,30.144575119018555
2016-10-11,49.900001525878906,29.970396041870117
2016-10-12,50.29999923706055,30.210643768310547
2016-10-13,50.290000915527344,30.20462989807129
2016-10-14,50.279998779296875,30.19862937927246
2016-10-17,50.43000030517578,30.288726806640625
2016-10-18,50.27000045776367,30.192628860473633
2016-10-19,50.380001068115234,30.258697509765625
2016-10-20,49.13999938964844,29.513933181762695
2016-10-21,48.20000076293945,28.949356079101562
2016-10-24,48.209999084472656,28.955368041992188
2016-10-25,47.84000015258789,28.733144760131836
2016-10-26,47.630001068115234,28.60700798034668
2016-10-27,48.540000915527344,29.1535701751709
2016-10-28,48.209999084472656,28.955368041992188
2016-10-31,48.099998474121094,28.889299392700195
2016-11-01,47.65999984741211,28.625038146972656
2016-11-02,46.939998626708984,28.192588806152344
2016-11-03,46.869998931884766,28.150548934936523
2016-11-04,47.08000183105469,28.276681900024414
2016-11-07,47.459999084472656,28.504911422729492
2016-11-08,47.650001525878906,28.619020462036133
2016-11-09,47.86000061035156,28.74514389038086
2016-11-10,46.689998626708984,28.042444229125977
2016-11-11,46.689998626708984,28.042444229125977
2016-11-14,46.18000030517578,27.736129760742188
2016-11-15,47.369998931884766,28.450857162475586
2016-11-16,47.93000030517578,28.78719139099121
2016-11-17,47.84000015258789,28.733144760131836
2016-11-18,48.06999969482422,28.871280670166016
2016-11-21,48.310001373291016,29.01542854309082
2016-11-22,49.4900016784668,29.724140167236328
2016-11-23,50.22999954223633,30.168594360351562
2016-11-25,50.66999816894531,30.432861328125
2016-11-28,51.119998931884766,30.70313835144043
2016-11-29,50.959999084472656,30.607040405273438
2016-11-30,49.900001525878906,29.970396041870117
2016-12-01,49.869998931884766,29.952375411987305
2016-12-02,49.810001373291016,29.916345596313477
2016-12-05,49.75,29.880308151245117
2016-12-06,50.36000061035156,30.246675491333008
2016-12-07,51.380001068115234,30.859294891357422
2016-12-08,51.130001068115234,30.70914649963379
2016-12-09,51.4900016784668,30.92535972595215
2016-12-12,51.7599983215332,31.087535858154297
2016-12-13,52.36000061035156,31.447895050048828
2016-12-14,51.630001068115234,31.009449005126953
2016-12-15,51.810001373291016,31.117551803588867
2016-12-16,52.27000045776367,31.39383888244629
2016-12-19,52.90999984741211,31.778226852416992
2016-12-20,53.119998931884766,31.904354095458984
2016-12-21,52.970001220703125,31.81426239013672
2016-12-22,53.650001525878906,32.22269058227539
2016-12-23,53.68000030517578,32.24069595336914
2016-12-27,53.63999938964844,32.216678619384766
2016-12-28,53.439998626708984,32.096553802490234
2016-12-29,53.7400016784668,32.276737213134766
2016-12-30,53.380001068115234,32.06051254272461
2017-01-03,54.58000183105469,32.78123092651367
2017-01-04,54.52000045776367,32.74520492553711
2017-01-05,54.63999938964844,32.817291259765625
2017-01-06,53.2599983215332,32.330440521240234
2017-01-09,52.68000030517578,31.978368759155273
2017-01-10,52.7599983215332,32.02693557739258
2017-01-11,52.459999084472656,31.844812393188477
2017-01-12,52.68000030517578,31.978368759155273
2017-01-13,52.54999923706055,31.899452209472656
2017-01-17,52.7400016784668,32.01478958129883
2017-01-18,52.25,31.71733856201172
2017-01-19,52.36000061035156,31.78411102294922
2017-01-20,52.720001220703125,32.00263977050781
2017-01-23,52.40999984741211,31.814468383789062
2017-01-24,50.119998931884766,30.42436408996582
2017-01-25,49.77000045776367,30.211902618408203
2017-01-26,49.119998931884766,29.817337036132812
2017-01-27,49.599998474121094,30.108705520629883
2017-01-30,49.369998931884766,29.969093322753906
2017-01-31,49.0099983215332,29.750558853149414
2017-02-01,48.38999938964844,29.37421226501465
2017-02-02,48.279998779296875,29.30743408203125
2017-02-03,48.58000183105469,29.489545822143555
2017-02-06,48.029998779296875,29.155675888061523
2017-02-07,48.040000915527344,29.1617431640625
2017-02-08,48.369998931884766,29.362070083618164
2017-02-09,48.810001373291016,29.629161834716797
2017-02-10,48.97999954223633,29.732349395751953
2017-02-13,48.54999923706055,29.471332550048828
2017-02-14,48.27000045776367,29.30135726928711
2017-02-15,48.08000183105469,29.186025619506836
2017-02-16,48.459999084472656,29.416696548461914
2017-02-17,49.189998626708984,29.859830856323242
2017-02-21,49.43000030517578,30.00551414489746
2017-02-22,49.66999816894531,30.15120506286621
2017-02-23,50.310001373291016,30.539709091186523
2017-02-24,50.599998474121094,30.715742111206055
2017-02-27,49.939998626708984,30.315101623535156
2017-02-28,49.630001068115234,30.12692642211914
2017-03-01,49.810001373291016,30.23619842529297
2017-03-02,49.97999954223633,30.339380264282227
2017-03-03,50.09000015258789,30.406164169311523
2017-03-06,50.029998779296875,30.369733810424805
2017-03-07,49.439998626708984,30.011571884155273
2017-03-08,49.15999984741211,29.84162139892578
2017-03-09,49.279998779296875,29.914457321166992
2017-03-10,49.349998474121094,29.95694923400879
2017-03-13,49.470001220703125,30.029804229736328
2017-03-14,49.36000061035156,29.963022232055664
2017-03-15,50.13999938964844,30.436506271362305
2017-03-16,50.040000915527344,30.375795364379883
2017-03-17,50.38999938964844,30.588266372680664
2017-03-20,50.2400016784668,30.497211456298828
2017-03-21,50.15999984741211,30.44864845275879
2017-03-22,49.709999084472656,30.175485610961914
2017-03-23,49.63999938964844,30.132984161376953
2017-03-24,49.68000030517578,30.15727424621582
2017-03-27,49.13999938964844,29.82948112487793
2017-03-28,49.29999923706055,29.926607131958008
2017-03-29,49.130001068115234,29.823415756225586
2017-03-30,49.060001373291016,29.780921936035156
2017-03-31,48.75,29.59273338317871
2017-04-03,49.18000030517578,29.853759765625
2017-04-04,49.310001373291016,29.93267250061035
2017-04-05,49.02000045776367,29.756628036499023
2017-04-06,48.43000030517578,29.749265670776367
2017-04-07,48.65999984741211,29.89054298400879
2017-04-10,48.540000915527344,29.816843032836914
2017-04-11,48.70000076293945,29.915115356445312
2017-04-12,48.91999816894531,30.050251007080078
2017-04-13,48.619998931884766,29.865957260131836
2017-04-17,48.810001373291016,29.98269271850586
2017-04-18,49.220001220703125,30.234533309936523
2017-04-19,48.939998626708984,30.062532424926758
2017-04-20,48.40999984741211,29.736984252929688
2017-04-21,47.25,29.024412155151367
2017-04-24,47.04999923706055,28.90156364440918
2017-04-25,46.70000076293945,28.68657112121582
2017-04-26,47.36000061035156,29.091991424560547
2017-04-27,46.66999816894531,28.668136596679688
2017-04-28,45.90999984741211,28.201297760009766
2017-05-01,45.880001068115234,28.182859420776367
2017-05-02,45.90999984741211,28.201297760009766
2017-05-03,46.150001525878906,28.348716735839844
2017-05-04,45.880001068115234,28.182859420776367
2017-05-05,46.689998626708984,28.68042755126953
2017-05-08,46.630001068115234,28.643571853637695
2017-05-09,46.41999816894531,28.514570236206055
2017-05-10,46.380001068115234,28.490005493164062
2017-05-11,46.02000045776367,28.268863677978516
2017-05-12,45.84000015258789,28.15829086303711
2017-05-15,45.380001068115234,27.875730514526367
2017-05-16,45.310001373291016,27.832735061645508
2017-05-17,44.47999954223633,27.3228816986084
2017-05-18,45.040000915527344,27.66687774658203
2017-05-19,45.41999816894531,27.900300979614258
2017-05-22,45.47999954223633,27.937158584594727
2017-05-23,45.47999954223633,27.937158584594727
2017-05-24,45.040000915527344,27.66687774658203
2017-05-25,45.310001373291016,27.832735061645508
2017-05-26,45.31999969482422,27.838876724243164
2017-05-30,46.20000076293945,28.379426956176758
2017-05-31,46.63999938964844,28.64971160888672
2017-06-01,46.5099983215332,28.56985855102539
2017-06-02,46.439998626708984,28.526859283447266
2017-06-05,46.369998931884766,28.483854293823242
2017-06-06,46.439998626708984,28.526859283447266
2017-06-07,46.5,28.563711166381836
2017-06-08,46.189998626708984,28.373289108276367
2017-06-09,46.720001220703125,28.6988582611084
2017-06-12,47.189998626708984,28.987565994262695
2017-06-13,46.459999084472656,28.539138793945312
2017-06-14,46.689998626708984,28.68042755126953
2017-06-15,46.63999938964844,28.64971160888672
2017-06-16,46.630001068115234,28.643571853637695
2017-06-19,46.56999969482422,28.606712341308594
2017-06-20,45.939998626708984,28.219709396362305
2017-06-21,45.40999984741211,27.894161224365234
2017-06-22,45.41999816894531,27.900300979614258
2017-06-23,45.38999938964844,27.881872177124023
2017-06-26,45.75,28.103012084960938
2017-06-27,44.84000015258789,27.544025421142578
2017-06-28,44.84000015258789,27.544025421142578
2017-06-29,44.40999984741211,27.279882431030273
2017-06-30,44.65999984741211,27.43345069885254
2017-07-03,45.0,27.642305374145508
2017-07-05,44.650001525878906,27.427316665649414
2017-07-06,43.52000045776367,27.083778381347656
2017-07-07,43.47999954223633,27.058883666992188
2017-07-10,43.20000076293945,26.884641647338867
2017-07-11,42.88999938964844,26.691726684570312
2017-07-12,43.220001220703125,26.89708137512207
2017-07-13,43.4900016784668,27.06511688232422
2017-07-14,43.560001373291016,27.108680725097656
2017-07-17,43.65999984741211,27.170902252197266
2017-07-18,43.36000061035156,26.984214782714844
2017-07-19,43.45000076293945,27.040220260620117
2017-07-20,44.220001220703125,27.519412994384766
2017-07-21,44.22999954223633,27.52564811706543
2017-07-24,43.709999084472656,27.202030181884766
2017-07-25,43.97999954223633,27.370065689086914
2017-07-26,44.400001525878906,27.631444931030273
2017-07-27,47.810001373291016,29.753583908081055
2017-07-28,47.939998626708984,29.8344783782959
2017-07-31,48.400001525878906,30.120752334594727
2017-08-01,48.88999938964844,30.425697326660156
2017-08-02,48.209999084472656,30.00251007080078
2017-08-03,48.61000061035156,30.251441955566406
2017-08-04,48.90999984741211,30.438142776489258
2017-08-07,48.86000061035156,30.40701675415039
2017-08-08,48.599998474121094,30.245222091674805
2017-08-09,48.220001220703125,30.008724212646484
2017-08-10,48.02000045776367,29.884267807006836
2017-08-11,48.060001373291016,29.909162521362305
2017-08-14,48.779998779296875,30.357236862182617
2017-08-15,48.47999954223633,30.170536041259766
2017-08-16,48.40999984741211,30.126981735229492
2017-08-17,47.88999938964844,29.803361892700195
2017-08-18,47.689998626708984,29.678892135620117
2017-08-21,48.13999938964844,29.95894432067871
2017-08-22,48.349998474121094,30.08962631225586
2017-08-23,48.279998779296875,30.046072006225586
2017-08-24,48.310001373291016,30.064739227294922
2017-08-25,48.68000030517578,30.295007705688477
2017-08-28,48.61000061035156,30.251441955566406
2017-08-29,48.5099983215332,30.189208984375
2017-08-30,48.119998931884766,29.94649887084961
2017-08-31,47.970001220703125,29.853151321411133
2017-09-01,47.91999816894531,29.82203483581543
2017-09-05,47.36000061035156,29.47353172302246
2017-09-06,46.90999984741211,29.193483352661133
2017-09-07,46.20000076293945,28.75162124633789
2017-09-08,46.11000061035156,28.695619583129883
2017-09-11,46.29999923706055,28.813859939575195
2017-09-12,46.790000915527344,29.118791580200195
2017-09-13,47.25,29.40506362915039
2017-09-14,47.18000030517578,29.361499786376953
2017-09-15,47.86000061035156,29.784696578979492
2017-09-18,48.09000015258789,29.927818298339844
2017-09-19,49.34000015258789,30.705745697021484
2017-09-20,49.47999954223633,30.792871475219727
2017-09-21,48.939998626708984,30.456796646118164
2017-09-22,49.900001525878906,31.05424690246582
2017-09-25,49.900001525878906,31.05424690246582
2017-09-26,49.5099983215332,30.811534881591797
2017-09-27,49.5099983215332,30.811534881591797
2017-09-28,49.40999984741211,30.749303817749023
2017-09-29,49.4900016784668,30.799095153808594
2017-10-02,49.36000061035156,30.718185424804688
2017-10-03,49.849998474121094,31.023122787475586
2017-10-04,49.900001525878906,31.05424690246582
2017-10-05,49.77000045776367,30.973339080810547
2017-10-06,48.810001373291016,30.740324020385742
2017-10-09,49.04999923706055,30.8914737701416
2017-10-10,49.13999938964844,30.94815444946289
2017-10-11,48.86000061035156,30.771800994873047
2017-10-12,48.349998474121094,30.450603485107422
2017-10-13,47.86000061035156,30.14201545715332
2017-10-16,48.09000015258789,30.286853790283203
2017-10-17,48.400001525878906,30.48210334777832
2017-10-18,48.650001525878906,30.639551162719727
2017-10-19,49.209999084472656,30.99224281311035
2017-10-20,49.529998779296875,31.193763732910156
2017-10-23,48.9900016784668,30.853683471679688
2017-10-24,48.939998626708984,30.822179794311523
2017-10-25,48.63999938964844,30.633255004882812
2017-10-26,48.88999938964844,30.790706634521484
2017-10-27,48.869998931884766,30.77811050415039
2017-10-30,47.83000183105469,30.123119354248047
2017-10-31,47.869998931884766,30.148305892944336
2017-11-01,47.83000183105469,30.123119354248047
2017-11-02,47.459999084472656,29.890092849731445
2017-11-03,47.41999816894531,29.864896774291992
2017-11-06,45.529998779296875,28.674591064453125
2017-11-07,45.56999969482422,28.699785232543945
2017-11-08,45.459999084472656,28.6304988861084
2017-11-09,45.06999969482422,28.384872436523438
2017-11-10,44.880001068115234,28.265230178833008
2017-11-13,44.75,28.1833553314209
2017-11-14,44.220001220703125,27.849557876586914
2017-11-15,44.11000061035156,27.78028106689453
2017-11-16,44.77000045776367,28.19594955444336
2017-11-17,45.41999816894531,28.60531234741211
2017-11-20,46.20000076293945,29.096546173095703
2017-11-21,46.18000030517578,29.083961486816406
2017-11-22,47.099998474121094,29.663366317749023
2017-11-24,47.0099983215332,29.606685638427734
2017-11-27,47.65999984741211,30.01605987548828
2017-11-28,48.81999969482422,30.746610641479492
2017-11-29,49.900001525878906,31.426795959472656
2017-11-30,50.88999938964844,32.050296783447266
2017-12-01,51.25,32.27702331542969
2017-12-04,51.720001220703125,32.57302474975586
2017-12-05,50.91999816894531,32.069183349609375
2017-12-06,50.68000030517578,31.91804313659668
2017-12-07,50.41999816894531,31.75428581237793
2017-12-08,51.09000015258789,32.176246643066406
2017-12-11,51.84000015258789,32.648590087890625
2017-12-12,53.189998626708984,33.49882507324219
2017-12-13,52.88999938964844,33.30988693237305
2017-12-14,52.34000015258789,32.963504791259766
2017-12-15,52.66999816894531,33.17133331298828
2017-12-18,53.25,33.5366096496582
2017-12-19,52.83000183105469,33.2720947265625
2017-12-20,52.77000045776367,33.23430633544922
2017-12-21,53.0099983215332,33.385459899902344
2017-12-22,53.189998626708984,33.49882507324219
2017-12-26,53.220001220703125,33.51771545410156
2017-12-27,53.279998779296875,33.555503845214844
2017-12-28,53.43000030517578,33.64997482299805
2017-12-29,52.93000030517578,33.335079193115234
2018-01-02,53.529998779296875,33.71295166015625
2018-01-03,52.43000030517578,33.02017593383789
2018-01-04,52.599998474121094,33.12724304199219
2018-01-05,52.47999954223633,33.051666259765625
2018-01-08,52.38999938964844,32.9949836730957
2018-01-09,51.61000061035156,32.873966217041016
2018-01-10,51.689998626708984,32.92491912841797
2018-01-11,52.11000061035156,33.192447662353516
2018-01-12,51.86000061035156,33.033203125
2018-01-16,51.65999984741211,32.90580749511719
2018-01-17,51.720001220703125,32.94403076171875
2018-01-18,51.54999923706055,32.83574295043945
2018-01-19,51.90999984741211,33.0650520324707
2018-01-22,53.459999084472656,34.05236053466797
2018-01-23,53.22999954223633,33.905845642089844
2018-01-24,54.220001220703125,34.53645706176758
2018-01-25,54.290000915527344,34.581031799316406
2018-01-26,54.720001220703125,34.85492706298828
2018-01-29,54.130001068115234,34.47913360595703
2018-01-30,53.900001525878906,34.3326301574707
2018-01-31,54.06999969482422,34.44090270996094
2018-02-01,54.29999923706055,34.58740234375
2018-02-02,52.97999954223633,33.74660873413086
2018-02-05,50.5,32.16691970825195
2018-02-06,50.83000183105469,32.377132415771484
2018-02-07,51.0099983215332,32.49177551269531
2018-02-08,49.040000915527344,31.236949920654297
2018-02-09,49.880001068115234,31.77201271057129
2018-02-12,50.11000061035156,31.918516159057617
2018-02-13,50.08000183105469,31.89940071105957
2018-02-14,49.5099983215332,31.536325454711914
2018-02-15,49.7400016784668,31.68284797668457
2018-02-16,50.150001525878906,31.94398307800293
2018-02-20,48.91999816894531,31.1605167388916
2018-02-21,47.959999084472656,30.549030303955078
2018-02-22,47.869998931884766,30.49169158935547
2018-02-23,48.290000915527344,30.759220123291016
2018-02-26,49.09000015258789,31.268796920776367
2018-02-27,48.040000915527344,30.599985122680664
2018-02-28,47.7400016784668,30.408891677856445
2018-03-01,47.959999084472656,30.549030303955078
2018-03-02,48.2599983215332,30.7401180267334
2018-03-05,48.709999084472656,31.026750564575195
2018-03-06,48.88999938964844,31.141407012939453
2018-03-07,48.84000015258789,31.10955810546875
2018-03-08,49.0099983215332,31.217838287353516
2018-03-09,49.0099983215332,31.217838287353516
2018-03-12,48.79999923706055,31.084081649780273
2018-03-13,48.650001525878906,30.988534927368164
2018-03-14,48.45000076293945,30.861141204833984
2018-03-15,48.290000915527344,30.759220123291016
2018-03-16,48.560001373291016,30.931211471557617
2018-03-19,48.310001373291016,30.771970748901367
2018-03-20,47.689998626708984,30.37704086303711
2018-03-21,47.279998779296875,30.115890502929688
2018-03-22,46.880001068115234,29.86110496520996
2018-03-23,46.290000915527344,29.485279083251953
2018-03-26,47.06999969482422,29.98211669921875
2018-03-27,47.310001373291016,30.1350040435791
2018-03-28,48.0,30.57450294494629
2018-03-29,47.81999969482422,30.459848403930664
2018-04-02,47.15999984741211,30.039451599121094
2018-04-03,47.5,30.256019592285156
2018-04-04,47.93000030517578,30.529926300048828
2018-04-05,48.2400016784668,30.727384567260742
2018-04-06,47.47999954223633,30.2432861328125
2018-04-09,46.91999816894531,30.262630462646484
2018-04-10,48.27000045776367,31.13335418701172
2018-04-11,47.58000183105469,30.688322067260742
2018-04-12,47.7400016784668,30.791515350341797
2018-04-13,47.65999984741211,30.73992347717285
2018-04-16,48.38999938964844,31.210758209228516
2018-04-17,48.849998474121094,31.5074520111084
2018-04-18,48.619998931884766,31.359086990356445
2018-04-19,48.43000030517578,31.23656463623047
2018-04-20,47.900001525878906,30.894725799560547
2018-04-23,48.65999984741211,31.38490104675293
2018-04-24,49.66999816894531,32.03633499145508
2018-04-25,50.099998474121094,32.31368637084961
2018-04-26,49.7599983215332,32.094383239746094
2018-04-27,51.56999969482422,33.26179885864258
2018-04-30,49.349998474121094,31.829938888549805
2018-05-01,48.81999969482422,31.48809051513672
2018-05-02,47.75,30.7979736328125
2018-05-03,47.84000015258789,30.856019973754883
2018-05-04,48.189998626708984,31.081758499145508
2018-05-07,47.72999954223633,30.785066604614258
2018-05-08,47.02000045776367,30.327131271362305
2018-05-09,46.380001068115234,29.914342880249023
2018-05-10,47.20000076293945,30.443235397338867
2018-05-11,48.619998931884766,31.359086990356445
2018-05-14,48.4900016784668,31.27525520324707
2018-05-15,47.790000915527344,30.823772430419922
2018-05-16,47.86000061035156,30.868913650512695
2018-05-17,47.849998474121094,30.862464904785156
2018-05-18,47.7400016784668,30.791515350341797
2018-05-21,48.43000030517578,31.23656463623047
2018-05-22,48.810001373291016,31.48165512084961
2018-05-23,48.59000015258789,31.339752197265625
2018-05-24,48.63999938964844,31.37200355529785
2018-05-25,48.52000045776367,31.294607162475586
2018-05-29,48.20000076293945,31.08820152282715
2018-05-30,48.599998474121094,31.346206665039062
2018-05-31,47.66999816894531,30.746360778808594
2018-06-01,47.810001373291016,30.836681365966797
2018-06-04,47.81999969482422,30.84311294555664
2018-06-05,47.970001220703125,30.939865112304688
2018-06-06,48.40999984741211,31.223663330078125
2018-06-07,49.0099983215332,31.61064338684082
2018-06-08,49.18000030517578,31.720293045043945
2018-06-11,49.29999923706055,31.79769515991211
2018-06-12,48.810001373291016,31.48165512084961
2018-06-13,47.400001525878906,30.572223663330078
2018-06-14,47.81999969482422,30.84311294555664
2018-06-15,48.060001373291016,30.997913360595703
2018-06-18,47.459999084472656,30.610919952392578
2018-06-19,48.5,31.28171730041504
2018-06-20,48.09000015258789,31.017250061035156
2018-06-21,48.630001068115234,31.365556716918945
2018-06-22,49.7599983215332,32.094383239746094
2018-06-25,49.599998474121094,31.99118423461914
2018-06-26,49.29999923706055,31.79769515991211
2018-06-27,49.310001373291016,31.804134368896484
2018-06-28,50.86000061035156,32.80385971069336
2018-06-29,50.310001373291016,32.44913101196289
2018-07-02,50.41999816894531,32.520076751708984
2018-07-03,50.70000076293945,32.70066833496094
2018-07-05,51.279998779296875,33.07475662231445
2018-07-06,51.47999954223633,33.20376205444336
2018-07-09,50.7400016784668,33.105892181396484
2018-07-10,51.34000015258789,33.49736785888672
2018-07-11,51.34000015258789,33.49736785888672
2018-07-12,51.2400016784668,33.43212127685547
2018-07-13,51.40999984741211,33.543033599853516
2018-07-16,51.59000015258789,33.66047286987305
2018-07-17,51.43000030517578,33.55608367919922
2018-07-18,51.13999938964844,33.36686706542969
2018-07-19,50.75,33.11240768432617
2018-07-20,50.619998931884766,33.02759552001953
2018-07-23,50.75,33.11240768432617
2018-07-24,51.5099983215332,33.60828399658203
2018-07-25,50.90999984741211,33.21681213378906
2018-07-26,51.18000030517578,33.39297103881836
2018-07-27,52.0099983215332,33.93450927734375
2018-07-30,52.4900016784668,34.24769592285156
2018-07-31,51.63999938964844,33.69309616088867
2018-08-01,51.72999954223633,33.75182342529297
2018-08-02,51.97999954223633,33.914947509765625
2018-08-03,52.27000045776367,34.104156494140625
2018-08-06,52.47999954223633,34.24116516113281
2018-08-07,52.459999084472656,34.22812271118164
2018-08-08,52.70000076293945,34.38470458984375
2018-08-09,53.0099983215332,34.58697509765625
2018-08-10,52.470001220703125,34.234649658203125
2018-08-13,52.220001220703125,34.07152557373047
2018-08-14,52.869998931884766,34.49563217163086
2018-08-15,53.2400016784668,34.737037658691406
2018-08-16,54.27000045776367,35.40907287597656
2018-08-17,54.790000915527344,35.748355865478516
2018-08-20,54.650001525878906,35.657012939453125
2018-08-21,54.90999984741211,35.82664489746094
2018-08-22,54.13999938964844,35.324256896972656
2018-08-23,54.279998779296875,35.415592193603516
2018-08-24,54.779998779296875,35.7418327331543
2018-08-27,54.849998474121094,35.78750991821289
2018-08-28,54.650001525878906,35.657012939453125
2018-08-29,54.56999969482422,35.60481262207031
2018-08-30,54.75,35.72226333618164
2018-08-31,54.369998931884766,35.47433090209961
2018-09-04,53.189998626708984,34.704410552978516
2018-09-05,53.81999969482422,35.1154670715332
2018-09-06,54.290000915527344,35.422115325927734
2018-09-07,54.0,35.232913970947266
2018-09-10,54.119998931884766,35.311195373535156
2018-09-11,54.720001220703125,35.70267868041992
2018-09-12,54.970001220703125,35.86579513549805
2018-09-13,54.939998626708984,35.846214294433594
2018-09-14,54.54999923706055,35.591766357421875
2018-09-17,54.70000076293945,35.689640045166016
2018-09-18,54.38999938964844,35.487361907958984
2018-09-19,53.5,34.90668487548828
2018-09-20,53.95000076293945,35.200286865234375
2018-09-21,54.41999816894531,35.50694274902344
2018-09-24,53.540000915527344,34.932777404785156
2018-09-25,53.04999923706055,34.613075256347656
2018-09-26,53.13999938964844,34.671791076660156
2018-09-27,53.59000015258789,34.96539306640625
2018-09-28,53.38999938964844,34.83491134643555
2018-10-01,53.84000015258789,35.128517150878906
2018-10-02,54.41999816894531,35.50694274902344
2018-10-03,54.290000915527344,35.422115325927734
2018-10-04,55.02000045776367,35.89841842651367
2018-10-05,54.939998626708984,35.846214294433594
2018-10-08,55.02000045776367,35.89841842651367
2018-10-09,54.9900016784668,36.276432037353516
2018-10-10,54.33000183105469,35.841033935546875
2018-10-11,53.33000183105469,35.18133544921875
2018-10-12,53.72999954223633,35.44521713256836
2018-10-15,53.599998474121094,35.35945129394531
2018-10-16,53.70000076293945,35.425418853759766
2018-10-17,53.959999084472656,35.596946716308594
2018-10-18,54.650001525878906,36.052127838134766
2018-10-19,54.900001525878906,36.21704864501953
2018-10-22,54.97999954223633,36.26982116699219
2018-10-23,57.209999084472656,37.740936279296875
2018-10-24,57.41999816894531,37.87947082519531
2018-10-25,56.43000030517578,37.22637939453125
2018-10-26,55.5099983215332,36.61946105957031
2018-10-29,56.47999954223633,37.25936508178711
2018-10-30,58.18000030517578,38.38085174560547
2018-10-31,57.09000015258789,37.661766052246094
2018-11-01,56.04999923706055,36.97570037841797
2018-11-02,56.630001068115234,37.35832214355469
2018-11-05,57.209999084472656,37.740936279296875
2018-11-06,57.209999084472656,37.740936279296875
2018-11-07,57.650001525878906,38.03120040893555
2018-11-08,58.27000045776367,38.440216064453125
2018-11-09,58.459999084472656,38.56554412841797
2018-11-12,58.720001220703125,38.73706817626953
2018-11-13,58.65999984741211,38.697486877441406
2018-11-14,58.939998626708984,38.882198333740234
2018-11-15,59.08000183105469,38.97456359863281
2018-11-16,60.209999084472656,39.72001266479492
2018-11-19,60.619998931884766,39.99048614501953
2018-11-20,59.459999084472656,39.225242614746094
2018-11-21,59.15999984741211,39.0273323059082
2018-11-23,58.63999938964844,38.68429946899414
2018-11-26,59.16999816894531,39.033935546875
2018-11-27,60.650001525878906,40.010276794433594
2018-11-28,60.060001373291016,39.621063232421875
2018-11-29,59.45000076293945,39.21864700317383
2018-11-30,60.29999923706055,39.77939224243164
2018-12-03,58.15999984741211,38.36764907836914
2018-12-04,58.09000015258789,38.321468353271484
2018-12-06,58.08000183105469,38.314876556396484
2018-12-07,57.68000030517578,38.051002502441406
2018-12-10,58.27000045776367,38.440216064453125
2018-12-11,58.849998474121094,38.82283401489258
2018-12-12,57.25,37.76731491088867
2018-12-13,57.09000015258789,37.661766052246094
2018-12-14,57.08000183105469,37.65517807006836
2018-12-17,55.95000076293945,36.909732818603516
2018-12-18,55.650001525878906,36.71181869506836
2018-12-19,55.86000061035156,36.85034942626953
2018-12-20,55.06999969482422,36.329200744628906
2018-12-21,54.91999816894531,36.23024368286133
2018-12-24,53.04999923706055,34.99662399291992
2018-12-26,54.439998626708984,35.91359329223633
2018-12-27,55.150001525878906,36.381980895996094
2018-12-28,55.27000045776367,36.46113586425781
2018-12-31,56.220001220703125,37.08784484863281
2019-01-02,56.02000045776367,36.95591354370117
2019-01-03,56.220001220703125,37.08784484863281
2019-01-04,56.36000061035156,37.18019485473633
2019-01-07,56.720001220703125,37.41769027709961
2019-01-08,58.380001068115234,38.51277542114258
2019-01-09,57.04999923706055,38.0281867980957
2019-01-10,57.599998474121094,38.39479064941406
2019-01-11,58.02000045776367,38.674747467041016
2019-01-14,58.029998779296875,38.68142318725586
2019-01-15,58.099998474121094,38.72807693481445
2019-01-16,57.08000183105469,38.04817581176758
2019-01-17,56.83000183105469,37.881526947021484
2019-01-18,57.09000015258789,38.05484390258789
2019-01-22,56.9900016784668,37.98817825317383
2019-01-23,57.7599983215332,38.501434326171875
2019-01-24,57.06999969482422,38.04150390625
2019-01-25,56.400001525878906,37.594905853271484
2019-01-28,55.06999969482422,36.70835876464844
2019-01-29,53.279998779296875,35.51517868041992
2019-01-30,54.0,35.995121002197266
2019-01-31,55.060001373291016,36.70169448852539
2019-02-01,54.54999923706055,36.36174011230469
2019-02-04,54.040000915527344,36.02178192138672
2019-02-05,54.13999938964844,36.088443756103516
2019-02-06,53.790000915527344,35.855133056640625
2019-02-07,53.56999969482422,35.708492279052734
2019-02-08,53.95000076293945,35.961788177490234
2019-02-11,54.04999923706055,36.028446197509766
2019-02-12,54.41999816894531,36.275081634521484
2019-02-13,54.47999954223633,36.31507873535156
2019-02-14,54.029998779296875,36.015113830566406
2019-02-15,55.15999984741211,36.768348693847656
2019-02-19,55.439998626708984,36.95499038696289
2019-02-20,55.7599983215332,37.168296813964844
2019-02-21,56.150001525878906,37.42825698852539
2019-02-22,56.91999816894531,37.94152069091797
2019-02-25,56.779998779296875,37.84819793701172
2019-02-26,56.63999938964844,37.7548828125
2019-02-27,56.720001220703125,37.808204650878906
2019-02-28,56.91999816894531,37.94152069091797
2019-03-01,56.959999084472656,37.96818923950195
2019-03-04,56.2400016784668,37.48825454711914
2019-03-05,56.08000183105469,37.38159942626953
2019-03-06,55.68000030517578,37.11497116088867
2019-03-07,56.29999923706055,37.52824783325195
2019-03-08,56.529998779296875,37.68155288696289
2019-03-11,57.58000183105469,38.381473541259766
2019-03-12,57.43000030517578,38.28147506713867
2019-03-13,57.65999984741211,38.43479919433594
2019-03-14,57.95000076293945,38.62809753417969
2019-03-15,58.38999938964844,38.921382904052734
2019-03-18,58.06999969482422,38.70808792114258
2019-03-19,57.5,38.32813262939453
2019-03-20,57.66999816894531,38.44145584106445
2019-03-21,58.290000915527344,38.8547248840332
2019-03-22,59.7599983215332,39.834598541259766
2019-03-25,60.08000183105469,40.04790115356445
2019-03-26,60.630001068115234,40.414520263671875
2019-03-27,60.880001068115234,40.581172943115234
2019-03-28,59.08000183105469,39.38132095336914
2019-03-29,59.130001068115234,39.414649963378906
2019-04-01,59.09000015258789,39.38798904418945
2019-04-02,58.529998779296875,39.014705657958984
2019-04-03,58.869998931884766,39.2413444519043
2019-04-04,58.9900016784668,39.32133483886719
2019-04-05,59.09000015258789,39.38798904418945
2019-04-08,59.130001068115234,39.414649963378906
2019-04-09,58.400001525878906,39.329132080078125
2019-04-10,58.61000061035156,39.47055435180664
2019-04-11,58.560001373291016,39.43688201904297
2019-04-12,58.7400016784668,39.55810546875
2019-04-15,58.709999084472656,39.537899017333984
2019-04-16,58.790000915527344,39.59177017211914
2019-04-17,57.779998779296875,38.91159439086914
2019-04-18,58.040000915527344,39.08668518066406
2019-04-22,58.369998931884766,39.308929443359375
2019-04-23,57.150001525878906,38.48732376098633
2019-04-24,57.08000183105469,38.440189361572266
2019-04-25,55.849998474121094,37.61184310913086
2019-04-26,56.58000183105469,38.10346221923828
2019-04-29,56.84000015258789,38.278564453125
2019-04-30,57.189998626708984,38.51426696777344
2019-05-01,56.52000045776367,38.06306076049805
2019-05-02,56.9900016784668,38.37956619262695
2019-05-03,57.2400016784668,38.547935485839844
2019-05-06,56.90999984741211,38.3256950378418
2019-05-07,56.630001068115234,38.13713836669922
2019-05-08,56.380001068115234,37.96876525878906
2019-05-09,56.47999954223633,38.03611755371094
2019-05-10,56.90999984741211,38.3256950378418
2019-05-13,56.75,38.21794128417969
2019-05-14,56.54999923706055,38.0832633972168
2019-05-15,56.810001373291016,38.25834655761719
2019-05-16,57.380001068115234,38.642215728759766
2019-05-17,58.09000015258789,39.120361328125
2019-05-20,59.0099983215332,39.73992919921875
2019-05-21,59.5,40.06990432739258
2019-05-22,59.25,39.90155029296875
2019-05-23,58.869998931884766,39.64564514160156
2019-05-24,59.31999969482422,39.948699951171875
2019-05-28,58.72999954223633,39.551361083984375
2019-05-29,58.18000030517578,39.180973052978516
2019-05-30,56.83000183105469,38.271820068359375
2019-05-31,54.349998474121094,36.6016845703125
2019-06-03,56.380001068115234,37.96876525878906
2019-06-04,56.220001220703125,37.861019134521484
2019-06-05,57.029998779296875,38.40650939941406
2019-06-06,57.540000915527344,38.749969482421875
2019-06-07,57.2400016784668,38.547935485839844
2019-06-10,56.150001525878906,37.813880920410156
2019-06-11,56.83000183105469,38.271820068359375
2019-06-12,57.36000061035156,38.62874984741211
2019-06-13,57.619998931884766,38.8038444519043
2019-06-14,58.279998779296875,39.24831008911133
2019-06-17,57.630001068115234,38.81058120727539
2019-06-18,57.33000183105469,38.60855484008789
2019-06-19,57.630001068115234,38.81058120727539
2019-06-20,57.34000015258789,38.61527633666992
2019-06-21,57.77000045776367,38.90485382080078
2019-06-24,58.27000045776367,39.24158477783203
2019-06-25,58.0,39.059757232666016
2019-06-26,56.9900016784668,38.37956619262695
2019-06-27,57.25,38.554664611816406
2019-06-28,57.130001068115234,38.47386169433594
2019-07-01,56.65999984741211,38.1573371887207
2019-07-02,58.130001068115234,39.147300720214844
2019-07-03,58.130001068115234,39.147300720214844
2019-07-05,58.310001373291016,39.268516540527344
2019-07-08,57.88999938964844,38.98567581176758
2019-07-09,56.40999984741211,38.388851165771484
2019-07-10,57.0,38.79035949707031
2019-07-11,56.91999816894531,38.73591995239258
2019-07-12,57.189998626708984,38.919673919677734
2019-07-15,57.58000183105469,39.1850700378418
2019-07-16,57.40999984741211,39.06937789916992
2019-07-17,57.220001220703125,38.94008255004883
2019-07-18,57.209999084472656,38.93327713012695
2019-07-19,56.59000015258789,38.51134490966797
2019-07-22,55.5,37.76956558227539
2019-07-23,55.47999954223633,37.755950927734375
2019-07-24,55.970001220703125,38.08941650390625
2019-07-25,56.36000061035156,38.35481262207031
2019-07-26,57.08000183105469,38.84480285644531
2019-07-29,57.369998931884766,39.04214859008789
2019-07-30,56.630001068115234,38.5385627746582
2019-07-31,55.27000045776367,37.613033294677734
2019-08-01,55.2599983215332,37.60623550415039
2019-08-02,55.59000015258789,37.830810546875
2019-08-05,55.220001220703125,37.57900619506836
2019-08-06,55.04999923706055,37.46332550048828
2019-08-07,55.09000015258789,37.490543365478516
2019-08-08,55.81999969482422,37.987327575683594
2019-08-09,55.779998779296875,37.960105895996094
2019-08-12,55.689998626708984,37.89884948730469
2019-08-13,56.369998931884766,38.36161804199219
2019-08-14,55.720001220703125,37.919288635253906
2019-08-15,56.29999923706055,38.31399154663086
2019-08-16,56.650001525878906,38.55217361450195
2019-08-19,57.0,38.79035949707031
2019-08-20,56.27000045776367,38.29357147216797
2019-08-21,56.59000015258789,38.51134490966797
2019-08-22,56.779998779296875,38.64064407348633
2019-08-23,55.91999816894531,38.055389404296875
2019-08-26,56.709999084472656,38.593013763427734
2019-08-27,57.18000030517578,38.9128532409668
2019-08-28,57.95000076293945,39.436866760253906
2019-08-29,57.939998626708984,39.4300651550293
2019-08-30,58.15999984741211,39.57977294921875
2019-09-03,58.040000915527344,39.498111724853516
2019-09-04,58.18000030517578,39.593387603759766
2019-09-05,58.59000015258789,39.872406005859375
2019-09-06,59.060001373291016,40.19225311279297
2019-09-09,58.65999984741211,39.92003631591797
2019-09-10,59.709999084472656,40.634605407714844
2019-09-11,60.130001068115234,40.92042922973633
2019-09-12,60.43000030517578,41.12458038330078
2019-09-13,59.959999084472656,40.80472946166992
2019-09-16,59.5,40.491695404052734
2019-09-17,59.869998931884766,40.74347686767578
2019-09-18,59.93000030517578,40.78430938720703
2019-09-19,59.97999954223633,40.81835174560547
2019-09-20,60.290000915527344,41.02931594848633
2019-09-23,60.209999084472656,40.974857330322266
2019-09-24,60.5099983215332,41.17902374267578
2019-09-25,60.27000045776367,41.01570129394531
2019-09-26,60.439998626708984,41.131385803222656
2019-09-27,60.29999923706055,41.03611755371094
2019-09-30,60.36000061035156,41.07695007324219
2019-10-01,59.849998474121094,40.72987365722656
2019-10-02,58.90999984741211,40.09018325805664
2019-10-03,59.0099983215332,40.158226013183594
2019-10-04,59.900001525878906,40.763912200927734
2019-10-07,60.25,41.0020866394043
2019-10-08,59.720001220703125,40.64140319824219
2019-10-09,59.220001220703125,40.720489501953125
2019-10-10,59.83000183105469,41.13992691040039
2019-10-11,59.93000030517578,41.20869064331055
2019-10-14,59.599998474121094,40.981781005859375
2019-10-15,60.54999923706055,41.635013580322266
2019-10-16,60.290000915527344,41.456233978271484
2019-10-17,60.40999984741211,41.53874206542969
2019-10-18,61.04999923706055,41.97881317138672
2019-10-21,60.75,41.77253341674805
2019-10-22,60.77000045776367,41.786293029785156
2019-10-23,60.880001068115234,41.86191940307617
2019-10-24,60.58000183105469,41.6556510925293
2019-10-25,60.369998931884766,41.51123809814453
2019-10-28,60.18000030517578,41.3806037902832
2019-10-29,60.189998626708984,41.38747024536133
2019-10-30,60.81999969482422,41.82067108154297
2019-10-31,60.470001220703125,41.58000946044922
2019-11-01,60.369998931884766,41.51123809814453
2019-11-04,59.869998931884766,41.16742706298828
2019-11-05,59.5,40.91300582885742
2019-11-06,60.130001068115234,41.346221923828125
2019-11-07,60.529998779296875,41.62126922607422
2019-11-08,59.349998474121094,40.80987548828125
2019-11-11,59.61000061035156,40.988651275634766
2019-11-12,59.31999969482422,40.78924560546875
2019-11-13,59.40999984741211,40.85113525390625
2019-11-14,59.34000015258789,40.80299758911133
2019-11-15,59.5099983215332,40.919883728027344
2019-11-18,59.439998626708984,40.871761322021484
2019-11-19,59.5,40.91300582885742
2019-11-20,59.47999954223633,40.899261474609375
2019-11-21,59.61000061035156,40.988651275634766
2019-11-22,59.75,41.084922790527344
2019-11-25,59.380001068115234,40.83050537109375
2019-11-26,59.88999938964844,41.18119430541992
2019-11-27,60.099998474121094,41.325592041015625
2019-11-29,60.2400016784668,41.421852111816406
2019-12-02,59.959999084472656,41.22932052612305
2019-12-03,60.13999938964844,41.35308837890625
2019-12-04,60.529998779296875,41.62126922607422
2019-12-05,60.81999969482422,41.82067108154297
2019-12-06,61.189998626708984,42.07509994506836
2019-12-09,61.0099983215332,41.95132064819336
2019-12-10,61.22999954223633,42.10258483886719
2019-12-11,61.08000183105469,41.99945068359375
2019-12-12,61.16999816894531,42.061336517333984
2019-12-13,60.810001373291016,41.813785552978516
2019-12-16,61.22999954223633,42.10258483886719
2019-12-17,61.4900016784668,42.28136444091797
2019-12-18,60.86000061035156,41.84817123413086
2019-12-19,60.79999923706055,41.80691146850586
2019-12-20,62.06999969482422,42.68018341064453
2019-12-23,61.400001525878906,42.21949005126953
2019-12-24,61.279998779296875,42.13697052001953
2019-12-26,61.290000915527344,42.14385223388672
2019-12-27,61.529998779296875,42.308876037597656
2019-12-30,61.209999084472656,42.088829040527344
2019-12-31,61.400001525878906,42.21949005126953
2020-01-02,61.04999923706055,41.97881317138672
2020-01-03,60.400001525878906,41.5318717956543
2020-01-06,60.27000045776367,41.442481994628906
2020-01-07,59.599998474121094,40.981781005859375
2020-01-08,59.709999084472656,41.05741500854492
2020-01-09,58.849998474121094,40.8871955871582
2020-01-10,58.9900016784668,40.98446273803711
2020-01-13,59.150001525878906,41.09563446044922
2020-01-14,59.040000915527344,41.01921463012695
2020-01-15,59.099998474121094,41.06089401245117
2020-01-16,59.66999816894531,41.456912994384766
2020-01-17,60.130001068115234,41.77650833129883
2020-01-21,60.31999969482422,41.90850830078125
2020-01-22,60.47999954223633,42.01967239379883
2020-01-23,60.5099983215332,42.0405158996582
2020-01-24,60.279998779296875,41.88071823120117
2020-01-27,59.90999984741211,41.623661041259766
2020-01-28,60.70000076293945,42.17251968383789
2020-01-29,59.529998779296875,41.359642028808594
2020-01-30,59.36000061035156,41.24153137207031
2020-01-31,59.439998626708984,41.29711151123047
2020-02-03,58.04999923706055,40.33137512207031
2020-02-04,58.290000915527344,40.49812698364258
2020-02-05,59.130001068115234,41.08173751831055
2020-02-06,59.439998626708984,41.29711151123047
2020-02-07,59.939998626708984,41.64449691772461
2020-02-10,60.2400016784668,41.85293197631836
2020-02-11,58.689998626708984,40.77602767944336
2020-02-12,58.22999954223633,40.456443786621094
2020-02-13,58.650001525878906,40.74824523925781
2020-02-14,58.5099983215332,40.650978088378906
2020-02-18,57.90999984741211,40.2341194152832
2020-02-19,58.220001220703125,40.44948196411133
2020-02-20,58.09000015258789,40.35917663574219
2020-02-21,58.20000076293945,40.43560028076172
2020-02-24,57.9900016784668,40.289703369140625
2020-02-25,57.119998931884766,39.685245513916016
2020-02-26,57.13999938964844,39.69914627075195
2020-02-27,55.060001373291016,38.254024505615234
2020-02-28,54.15999984741211,37.628719329833984
2020-03-02,57.31999969482422,39.82419967651367
2020-03-03,55.70000076293945,38.69866180419922
2020-03-04,58.119998931884766,40.3800163269043
2020-03-05,57.15999984741211,39.71303939819336
2020-03-06,56.869998931884766,39.51155090332031
2020-03-09,55.83000183105469,38.78899002075195
2020-03-10,56.52000045776367,39.26838684082031
2020-03-11,54.83000183105469,38.09422302246094
2020-03-12,51.20000076293945,35.57221221923828
2020-03-13,54.16999816894531,37.635677337646484
2020-03-16,50.9900016784668,35.426307678222656
2020-03-17,54.310001373291016,37.732940673828125
2020-03-18,54.31999969482422,37.739891052246094
2020-03-19,53.619998931884766,37.2535514831543
2020-03-20,51.79999923706055,35.989070892333984
2020-03-23,50.310001373291016,34.953861236572266
2020-03-24,49.9900016784668,34.731536865234375
2020-03-25,49.939998626708984,34.69679641723633
2020-03-26,53.540000915527344,37.19797897338867
2020-03-27,52.77000045776367,36.66299057006836
2020-03-30,54.77000045776367,38.05254364013672
2020-03-31,53.72999954223633,37.329978942871094
2020-04-01,52.91999816894531,36.767215728759766
2020-04-02,55.25,38.38602066040039
2020-04-03,54.70000076293945,38.003902435302734
2020-04-06,56.70000076293945,39.3934440612793
2020-04-07,56.97999954223633,39.587974548339844
2020-04-08,57.79999923706055,40.15769958496094
2020-04-09,57.439998626708984,40.33676528930664
2020-04-13,56.66999816894531,39.79603576660156
2020-04-14,58.13999938964844,40.82832336425781
2020-04-15,56.93000030517578,39.978614807128906
2020-04-16,57.65999984741211,40.49125671386719
2020-04-17,58.459999084472656,41.05304718017578
2020-04-20,58.130001068115234,40.8213005065918
2020-04-21,56.81999969482422,39.901371002197266
2020-04-22,57.9900016784668,40.722999572753906
2020-04-23,57.59000015258789,40.44210433959961
2020-04-24,57.93000030517578,40.68086242675781
2020-04-27,57.810001373291016,40.59659194946289
2020-04-28,57.83000183105469,40.61064147949219
2020-04-29,58.119998931884766,40.81428527832031
2020-04-30,57.45000076293945,40.34378433227539
2020-05-01,56.83000183105469,39.908390045166016
2020-05-04,56.2400016784668,39.49406814575195
2020-05-05,56.5099983215332,39.683677673339844
2020-05-06,55.63999938964844,39.072723388671875
2020-05-07,55.58000183105469,39.03059005737305
2020-05-08,57.0,40.02777099609375
2020-05-11,56.400001525878906,39.60643005371094
2020-05-12,55.459999084472656,38.946319580078125
2020-05-13,54.849998474121094,38.51796340942383
2020-05-14,54.90999984741211,38.560089111328125
2020-05-15,54.709999084472656,38.41964340209961
2020-05-18,55.720001220703125,39.12891387939453
2020-05-19,54.380001068115234,38.18789291381836
2020-05-20,54.2599983215332,38.103641510009766
2020-05-21,53.970001220703125,37.89998245239258
2020-05-22,54.099998474121094,37.991268157958984
2020-05-26,54.29999923706055,38.131717681884766
2020-05-27,55.13999938964844,38.72160339355469
2020-05-28,55.720001220703125,39.12891387939453
2020-05-29,57.380001068115234,40.29462814331055
2020-06-01,55.779998779296875,39.1710319519043
2020-06-02,56.400001525878906,39.60643005371094
2020-06-03,56.83000183105469,39.908390045166016
2020-06-04,57.220001220703125,40.18227767944336
2020-06-05,57.7400016784668,40.54743576049805
2020-06-08,58.09000015258789,40.79322052001953
2020-06-09,57.86000061035156,40.63169860839844
2020-06-10,58.04999923706055,40.76512908935547
2020-06-11,56.45000076293945,39.641544342041016
2020-06-12,56.529998779296875,39.697723388671875
2020-06-15,56.150001525878906,39.43086242675781
2020-06-16,56.91999816894531,39.971595764160156
2020-06-17,56.650001525878906,39.781986236572266
2020-06-18,56.88999938964844,39.950523376464844
2020-06-19,56.15999984741211,39.43788528442383
2020-06-22,55.65999984741211,39.08677673339844
2020-06-23,54.939998626708984,38.58115768432617
2020-06-24,53.93000030517578,37.871891021728516
2020-06-25,54.279998779296875,38.117679595947266
2020-06-26,53.15999984741211,37.33115768432617
2020-06-29,54.689998626708984,38.40559768676758
2020-06-30,55.130001068115234,38.71458435058594
2020-07-01,54.66999816894531,38.39154815673828
2020-07-02,54.790000915527344,38.47582244873047
2020-07-06,55.2400016784668,38.79182815551758
2020-07-07,55.040000915527344,38.65138244628906
2020-07-08,55.380001068115234,38.89014434814453
2020-07-09,53.939998626708984,38.304290771484375
2020-07-10,54.4900016784668,38.69485855102539
2020-07-13,54.45000076293945,38.66645431518555
2020-07-14,55.439998626708984,39.36948776245117
2020-07-15,55.060001373291016,39.09963607788086
2020-07-16,55.779998779296875,39.61091995239258
2020-07-17,56.29999923706055,39.98019027709961
2020-07-20,55.869998931884766,39.67483139038086
2020-07-21,55.84000015258789,39.653541564941406
2020-07-22,55.75,39.589630126953125
2020-07-23,55.849998474121094,39.6606330871582
2020-07-24,56.849998474121094,40.370765686035156
2020-07-27,56.869998931884766,40.384971618652344
2020-07-28,57.47999954223633,40.818145751953125
2020-07-29,57.45000076293945,40.79684066772461
2020-07-30,57.29999923706055,40.69032287597656
2020-07-31,57.47999954223633,40.818145751953125
2020-08-03,57.2400016784668,40.647708892822266
2020-08-04,57.90999984741211,41.12350082397461
2020-08-05,57.540000915527344,40.860748291015625
2020-08-06,57.83000183105469,41.06669235229492
2020-08-07,58.529998779296875,41.563777923583984
2020-08-10,58.9900016784668,41.89043045043945
2020-08-11,58.5099983215332,41.54957580566406
2020-08-12,58.599998474121094,41.61347961425781
2020-08-13,58.52000045776367,41.55667495727539
2020-08-14,58.790000915527344,41.748409271240234
2020-08-17,58.779998779296875,41.741302490234375
2020-08-18,59.18000030517578,42.025360107421875
2020-08-19,59.04999923706055,41.93304443359375
2020-08-20,58.959999084472656,41.869136810302734
2020-08-21,58.9900016784668,41.89043045043945
2020-08-24,59.56999969482422,42.30231475830078
2020-08-25,59.41999816894531,42.1957893371582
2020-08-26,59.459999084472656,42.22419738769531
2020-08-27,59.43000030517578,42.20289611816406
2020-08-28,59.2599983215332,42.0821647644043
2020-08-31,59.27000045776367,42.08926773071289
2020-09-01,59.15999984741211,42.01115417480469
2020-09-02,60.529998779296875,42.984031677246094
2020-09-03,60.61000061035156,43.04084014892578
2020-09-04,60.47999954223633,42.948524475097656
2020-09-08,59.959999084472656,42.579254150390625
2020-09-09,60.040000915527344,42.63607406616211
2020-09-10,59.529998779296875,42.273902893066406
2020-09-11,59.790000915527344,42.45853042602539
2020-09-14,60.31999969482422,42.83490753173828
2020-09-15,60.599998474121094,43.033729553222656
2020-09-16,60.369998931884766,42.87041091918945
2020-09-17,60.59000015258789,43.02663803100586
2020-09-18,60.349998474121094,42.8562126159668
2020-09-21,59.61000061035156,42.33071517944336
2020-09-22,59.81999969482422,42.47983932495117
2020-09-23,58.90999984741211,41.83362579345703
2020-09-24,59.189998626708984,42.0324592590332
2020-09-25,59.38999938964844,42.17448425292969
2020-09-28,59.36000061035156,42.15317916870117
2020-09-29,59.2400016784668,42.067970275878906
2020-09-30,59.4900016784668,42.2454948425293
2020-10-01,59.45000076293945,42.21710205078125
2020-10-02,59.2400016784668,42.067970275878906
2020-10-05,59.65999984741211,42.3662223815918
2020-10-06,59.459999084472656,42.22419738769531
2020-10-07,59.61000061035156,42.33071517944336
2020-10-08,59.189998626708984,42.47999572753906
2020-10-09,59.33000183105469,42.580474853515625
2020-10-12,59.54999923706055,42.73836135864258
2020-10-13,59.36000061035156,42.601993560791016
2020-10-14,58.43000030517578,41.93455123901367
2020-10-15,58.15999984741211,41.74077606201172
2020-10-16,58.04999923706055,41.66182327270508
2020-10-19,57.29999923706055,41.123558044433594
2020-10-20,57.25,41.08767318725586
2020-10-21,56.75,40.72882843017578
2020-10-22,57.33000183105469,41.14509201049805
2020-10-23,57.959999084472656,41.597232818603516
2020-10-26,57.810001373291016,41.48958969116211
2020-10-27,57.380001068115234,41.18097686767578
2020-10-28,56.310001373291016,40.41305160522461
2020-10-29,56.7599983215332,40.73600769042969
2020-10-30,56.9900016784668,40.901084899902344
2020-11-02,57.70000076293945,41.41063690185547
2020-11-03,57.75,41.44651412963867
2020-11-04,57.220001220703125,41.06614685058594
2020-11-05,58.150001525878906,41.73359298706055
2020-11-06,58.529998779296875,42.00632095336914
2020-11-09,59.84000015258789,42.94649887084961
2020-11-10,61.099998474121094,43.850772857666016
2020-11-11,61.0,43.77900695800781
2020-11-12,60.790000915527344,43.628292083740234
2020-11-13,61.060001373291016,43.82207489013672
2020-11-16,60.88999938964844,43.70005798339844
2020-11-17,60.75,43.59959411621094
2020-11-18,60.31999969482422,43.290985107421875
2020-11-19,60.209999084472656,43.212032318115234
2020-11-20,60.040000915527344,43.090023040771484
2020-11-23,60.22999954223633,43.226383209228516
2020-11-24,60.63999938964844,43.52064514160156
2020-11-25,60.40999984741211,43.35557174682617
2020-11-27,60.58000183105469,43.47758483886719
2020-11-30,60.40999984741211,43.35557174682617
2020-12-01,60.58000183105469,43.47758483886719
2020-12-02,61.36000061035156,44.03737258911133
2020-12-03,61.7400016784668,44.31009292602539
2020-12-04,61.54999923706055,44.173736572265625
2020-12-07,61.349998474121094,44.03020095825195
2020-12-08,61.45000076293945,44.10197067260742
2020-12-09,61.459999084472656,44.10914611816406
2020-12-10,60.5099983215332,43.42734146118164
2020-12-11,60.349998474121094,43.31250762939453
2020-12-14,59.97999954223633,43.046966552734375
2020-12-15,60.54999923706055,43.4560432434082
2020-12-16,59.90999984741211,42.996726989746094
2020-12-17,60.0099983215332,43.06850051879883
2020-12-18,60.459999084472656,43.39145278930664
2020-12-21,59.4900016784668,42.6953010559082
2020-12-22,58.9900016784668,42.33646011352539
2020-12-23,58.959999084472656,42.31492614746094
2020-12-24,58.84000015258789,42.22880935668945
2020-12-28,58.97999954223633,42.32927703857422
2020-12-29,58.810001373291016,42.20726013183594
2020-12-30,58.13999938964844,41.726417541503906
2020-12-31,58.75,42.164207458496094
2021-01-04,58.849998474121094,42.23598098754883
2021-01-05,58.58000183105469,42.042205810546875
2021-01-06,59.290000915527344,42.55176544189453
2021-01-07,58.529998779296875,42.45601272583008
2021-01-08,57.79999923706055,41.92649459838867
2021-01-11,57.459999084472656,41.67986297607422
2021-01-12,57.2599983215332,41.534786224365234
2021-01-13,57.060001373291016,41.389713287353516
2021-01-14,57.040000915527344,41.37520217895508
2021-01-15,57.380001068115234,41.621826171875
2021-01-19,57.04999923706055,41.38246154785156
2021-01-20,57.2599983215332,41.534786224365234
2021-01-21,57.27000045776367,41.54204177856445
2021-01-22,57.470001220703125,41.68712615966797
2021-01-25,58.41999816894531,42.376216888427734
2021-01-26,56.56999969482422,41.03428268432617
2021-01-27,55.130001068115234,39.98975372314453
2021-01-28,55.369998931884766,40.16383361816406
2021-01-29,54.75,39.714111328125
2021-02-01,54.279998779296875,39.37318420410156
2021-02-02,54.5,39.53276443481445
2021-02-03,54.790000915527344,39.743125915527344
2021-02-04,55.13999938964844,39.99700164794922
2021-02-05,55.31999969482422,40.127559661865234
2021-02-08,55.04999923706055,39.93171691894531
2021-02-09,55.0,39.895442962646484
2021-02-10,54.959999084472656,39.86642837524414
2021-02-11,54.599998474121094,39.60529708862305
2021-02-12,54.20000076293945,39.31515121459961
2021-02-16,54.150001525878906,39.27888107299805
2021-02-17,56.9900016784668,41.33894348144531
2021-02-18,56.97999954223633,41.33168029785156
2021-02-19,56.45000076293945,40.94723892211914
2021-02-22,56.45000076293945,40.94723892211914
2021-02-23,57.029998779296875,41.36794662475586
2021-02-24,57.119998931884766,41.43323516845703
2021-02-25,56.5,40.98351287841797
2021-02-26,55.29999923706055,40.11306381225586
2021-03-01,55.36000061035156,40.15658187866211
2021-03-02,54.97999954223633,39.88093185424805
2021-03-03,55.380001068115234,40.17109680175781
2021-03-04,54.79999923706055,39.75037384033203
2021-03-05,56.0,40.62081527709961
2021-03-08,56.790000915527344,41.193870544433594
2021-03-09,56.20000076293945,40.765899658203125
2021-03-10,57.08000183105469,41.404232025146484
2021-03-11,55.5099983215332,40.265384674072266
2021-03-12,55.630001068115234,40.3524284362793
2021-03-15,55.63999938964844,40.359683990478516
2021-03-16,55.63999938964844,40.359683990478516
2021-03-17,55.75,40.439483642578125
2021-03-18,56.310001373291016,40.8456916809082
2021-03-19,56.2400016784668,40.79490661621094
2021-03-22,56.59000015258789,41.04879379272461
2021-03-23,56.90999984741211,41.28091049194336
2021-03-24,57.0099983215332,41.353450775146484
2021-03-25,57.380001068115234,41.621826171875
2021-03-26,58.18000030517578,42.20213317871094
2021-03-29,58.83000183105469,42.673622131347656
2021-03-30,58.59000015258789,42.49952697753906
2021-03-31,58.150001525878906,42.18036651611328
2021-04-01,58.29999923706055,42.28917694091797
2021-04-05,58.869998931884766,42.702640533447266
2021-04-06,59.11000061035156,42.87672424316406
2021-04-07,59.0,42.796932220458984
2021-04-08,57.599998474121094,42.230918884277344
2021-04-09,57.4900016784668,42.1502799987793
2021-04-12,57.540000915527344,42.18693923950195
2021-04-13,57.619998931884766,42.2455940246582
2021-04-14,57.70000076293945,42.30424499511719
2021-04-15,57.70000076293945,42.30424499511719
2021-04-16,58.279998779296875,42.72948455810547
2021-04-19,58.38999938964844,42.81013107299805
2021-04-20,58.38999938964844,42.81013107299805
2021-04-21,58.13999938964844,42.6268424987793
2021-04-22,57.279998779296875,41.99631118774414
2021-04-23,57.29999923706055,42.01096725463867
2021-04-26,56.939998626708984,41.747032165527344
2021-04-27,56.31999969482422,41.292457580566406
2021-04-28,56.43000030517578,41.37311553955078
2021-04-29,57.31999969482422,42.025634765625
2021-04-30,57.790000915527344,42.37022399902344
2021-05-03,57.91999816894531,42.46554183959961
2021-05-04,58.599998474121094,42.9640998840332
2021-05-05,58.689998626708984,43.030086517333984
2021-05-06,59.290000915527344,43.46999740600586
2021-05-07,58.720001220703125,43.05208969116211
2021-05-10,59.52000045776367,43.63861846923828
2021-05-11,58.540000915527344,42.92011260986328
2021-05-12,58.40999984741211,42.82480239868164
2021-05-13,58.810001373291016,43.11806106567383
2021-05-14,58.689998626708984,43.030086517333984
2021-05-17,57.939998626708984,42.48020553588867
2021-05-18,57.18000030517578,41.92299270629883
2021-05-19,56.91999816894531,41.732364654541016
2021-05-20,56.790000915527344,41.63705825805664
2021-05-21,56.90999984741211,41.72503662109375
2021-05-24,56.97999954223633,41.7763557434082
2021-05-25,56.47999954223633,41.40976333618164
2021-05-26,56.36000061035156,41.321781158447266
2021-05-27,56.290000915527344,41.27046203613281
2021-05-28,56.4900016784668,41.41709899902344
2021-06-01,56.380001068115234,41.33644104003906
2021-06-02,56.650001525878906,41.5344123840332
2021-06-03,56.97999954223633,41.7763557434082
2021-06-04,57.29999923706055,42.01096725463867
2021-06-07,57.20000076293945,41.93765640258789
2021-06-08,57.150001525878906,41.90099334716797
2021-06-09,57.04999923706055,41.82768249511719
2021-06-10,57.34000015258789,42.0402946472168
2021-06-11,57.33000183105469,42.032962799072266
2021-06-14,57.18000030517578,41.92299270629883
2021-06-15,57.290000915527344,42.00364685058594
2021-06-16,56.63999938964844,41.527069091796875
2021-06-17,56.529998779296875,41.44643020629883
2021-06-18,55.81999969482422,40.925872802734375
2021-06-21,56.38999938964844,41.34377670288086
2021-06-22,56.369998931884766,41.32912063598633
2021-06-23,56.06999969482422,41.109161376953125
2021-06-24,56.369998931884766,41.32912063598633
2021-06-25,56.380001068115234,41.33644104003906
2021-06-28,56.18000030517578,41.18981170654297
2021-06-29,55.84000015258789,40.94053268432617
2021-06-30,56.029998779296875,41.079830169677734
2021-07-01,56.290000915527344,41.27046203613281
2021-07-02,56.439998626708984,41.38043212890625
2021-07-06,56.40999984741211,41.35844802856445
2021-07-07,56.529998779296875,41.44643020629883
2021-07-08,55.68000030517578,41.28183364868164
2021-07-09,56.06999969482422,41.570987701416016
2021-07-12,56.150001525878906,41.63030242919922
2021-07-13,56.09000015258789,41.58580780029297
2021-07-14,56.31999969482422,41.756343841552734
2021-07-15,56.54999923706055,41.92686462402344
2021-07-16,56.459999084472656,41.860137939453125
2021-07-19,55.84000015258789,41.40046691894531
2021-07-20,55.58000183105469,41.20768737792969
2021-07-21,55.95000076293945,41.48202133178711
2021-07-22,55.95000076293945,41.48202133178711
2021-07-23,55.880001068115234,41.430118560791016
2021-07-26,55.779998779296875,41.3559684753418
2021-07-27,56.20000076293945,41.667362213134766
2021-07-28,55.720001220703125,41.311492919921875
2021-07-29,55.97999954223633,41.50425720214844
2021-07-30,55.779998779296875,41.3559684753418
2021-08-02,55.7599983215332,41.34115219116211
2021-08-03,55.72999954223633,41.31890106201172
2021-08-04,55.369998931884766,41.05199432373047
2021-08-05,55.29999923706055,41.000099182128906
2021-08-06,55.220001220703125,40.9407844543457
2021-08-09,55.119998931884766,40.866641998291016
2021-08-10,55.47999954223633,41.13355255126953
2021-08-11,55.56999969482422,41.200286865234375
2021-08-12,55.63999938964844,41.25217819213867
2021-08-13,55.869998931884766,41.42270278930664
2021-08-16,55.97999954223633,41.50425720214844
2021-08-17,56.18000030517578,41.65254211425781
2021-08-18,55.470001220703125,41.12614059448242
2021-08-19,55.369998931884766,41.05199432373047
2021-08-20,55.52000045776367,41.1632080078125
2021-08-23,55.41999816894531,41.08906555175781
2021-08-24,55.0099983215332,40.785091400146484
2021-08-25,54.93000030517578,40.72578048706055
2021-08-26,54.599998474121094,40.48110580444336
2021-08-27,54.77000045776367,40.607147216796875
2021-08-30,54.77000045776367,40.607147216796875
2021-08-31,55.0,40.77766799926758
2021-09-01,54.939998626708984,40.73318862915039
2021-09-02,55.290000915527344,40.99268341064453
2021-09-03,55.43000030517578,41.09648132324219
2021-09-07,54.81999969482422,40.64422607421875
2021-09-08,54.90999984741211,40.71094512939453
2021-09-09,54.439998626708984,40.362483978271484
2021-09-10,54.22999954223633,40.206790924072266
2021-09-13,54.619998931884766,40.495933532714844
2021-09-14,54.40999984741211,40.340240478515625
2021-09-15,54.56999969482422,40.4588737487793
2021-09-16,54.43000030517578,40.355064392089844
2021-09-17,54.279998779296875,40.243858337402344
2021-09-20,54.2599983215332,40.229026794433594
2021-09-21,54.029998779296875,40.05850601196289
2021-09-22,54.060001373291016,40.08074951171875
2021-09-23,54.41999816894531,40.347652435302734
2021-09-24,54.369998931884766,40.310585021972656
2021-09-27,54.470001220703125,40.38471984863281
2021-09-28,54.15999984741211,40.154884338378906
2021-09-29,54.380001068115234,40.317989349365234
2021-09-30,54.0099983215332,40.043678283691406
2021-10-01,54.29999923706055,40.25868225097656
2021-10-04,54.5,40.40697479248047
2021-10-05,54.5099983215332,40.41438293457031
2021-10-06,54.529998779296875,40.42920684814453
2021-10-07,53.900001525878906,40.43671417236328
2021-10-08,53.2400016784668,39.94157028198242
2021-10-11,52.18000030517578,39.14633560180664
2021-10-12,51.33000183105469,38.50865173339844
2021-10-13,51.349998474121094,38.52365493774414
2021-10-14,51.91999816894531,38.95127868652344
2021-10-15,52.27000045776367,39.213863372802734
2021-10-18,51.90999984741211,38.94377899169922
2021-10-19,52.349998474121094,39.27387237548828
2021-10-20,53.61000061035156,40.219139099121094
2021-10-21,53.38999938964844,40.054100036621094
2021-10-22,52.93000030517578,39.70899963378906
2021-10-25,52.58000183105469,39.44642639160156
2021-10-26,53.08000183105469,39.82154083251953
2021-10-27,52.630001068115234,39.48394012451172
2021-10-28,52.79999923706055,39.611473083496094
2021-10-29,52.9900016784668,39.75401306152344
2021-11-01,52.95000076293945,39.72400665283203
2021-11-02,52.56999969482422,39.438926696777344
2021-11-03,52.939998626708984,39.71650314331055
2021-11-04,51.849998474121094,38.89876937866211
2021-11-05,52.2400016784668,39.19135284423828
2021-11-08,52.33000183105469,39.25886535644531
2021-11-09,52.2400016784668,39.19135284423828
2021-11-10,52.599998474121094,39.46142578125
2021-11-11,52.45000076293945,39.34889221191406
2021-11-12,52.34000015258789,39.26637649536133
2021-11-15,52.400001525878906,39.31138610839844
2021-11-16,52.060001373291016,39.05630874633789
2021-11-17,51.72999954223633,38.808738708496094
2021-11-18,51.2400016784668,38.441139221191406
2021-11-19,50.86000061035156,38.15605545043945
2021-11-22,51.540000915527344,38.666202545166016
2021-11-23,51.75,38.8237419128418
2021-11-24,51.65999984741211,38.7562370300293
2021-11-26,51.79999923706055,38.86125946044922
2021-11-29,51.65999984741211,38.7562370300293
2021-11-30,50.27000045776367,37.71342849731445
2021-12-01,49.77000045776367,37.33831024169922
2021-12-02,50.72999954223633,38.05851745605469
2021-12-03,51.41999816894531,38.576171875
2021-12-06,51.06999969482422,38.313602447509766
2021-12-07,50.790000915527344,38.103538513183594
2021-12-08,50.4900016784668,37.87847137451172
2021-12-09,50.15999984741211,37.63090133666992
2021-12-10,50.189998626708984,37.653404235839844
2021-12-13,50.279998779296875,37.72092056274414
2021-12-14,50.650001525878906,37.99850845336914
2021-12-15,50.54999923706055,37.923484802246094
2021-12-16,52.75,39.5739631652832
2021-12-17,53.16999816894531,39.8890495300293
2021-12-20,53.09000015258789,39.829044342041016
2021-12-21,52.779998779296875,39.59646224975586
2021-12-22,52.77000045776367,39.58897018432617
2021-12-23,52.68000030517578,39.521453857421875
2021-12-27,52.68000030517578,39.521453857421875
2021-12-28,52.720001220703125,39.551456451416016
2021-12-29,52.36000061035156,39.2813835144043
2021-12-30,52.25,39.1988525390625
2021-12-31,51.959999084472656,38.98128890991211
2022-01-03,52.439998626708984,39.34138870239258
2022-01-04,53.470001220703125,40.11412048339844
2022-01-05,54.02000045776367,40.526737213134766
2022-01-06,53.7599983215332,40.33168411254883
2022-01-07,54.2400016784668,41.182064056396484
2022-01-10,53.869998931884766,40.90113067626953
2022-01-11,53.59000015258789,40.68852996826172
2022-01-12,53.45000076293945,40.58224105834961
2022-01-13,53.52000045776367,40.63538360595703
2022-01-14,53.279998779296875,40.453163146972656
2022-01-18,53.43000030517578,40.567047119140625
2022-01-19,53.5,40.62019729614258
2022-01-20,53.400001525878906,40.544273376464844
2022-01-21,53.15999984741211,40.36204528808594
2022-01-24,52.959999084472656,40.210205078125
2022-01-25,52.900001525878906,40.164642333984375
2022-01-26,51.02000045776367,38.737247467041016
2022-01-27,51.189998626708984,38.86631393432617
2022-01-28,52.900001525878906,40.164642333984375
2022-01-31,53.22999954223633,40.41519546508789
2022-02-01,53.20000076293945,40.392425537109375
2022-02-02,53.79999923706055,40.84797668457031
2022-02-03,53.790000915527344,40.84038162231445
2022-02-04,53.310001373291016,40.47594451904297
2022-02-07,53.0,40.240577697753906
2022-02-08,52.81999969482422,40.103904724121094
2022-02-09,53.5,40.62019729614258
2022-02-10,53.040000915527344,40.270938873291016
2022-02-11,53.31999969482422,40.48353576660156
2022-02-14,53.27000045776367,40.4455680847168
2022-02-15,53.36000061035156,40.51389694213867
2022-02-16,53.400001525878906,40.544273376464844
2022-02-17,53.58000183105469,40.68094253540039
2022-02-18,53.83000183105469,40.87075424194336
2022-02-22,53.900001525878906,40.92390060424805
2022-02-23,53.40999984741211,40.55187225341797
2022-02-24,52.59000015258789,39.92927932739258
2022-02-25,54.119998931884766,41.0909309387207
2022-02-28,53.66999816894531,40.749271392822266
2022-03-01,53.61000061035156,40.70371627807617
2022-03-02,54.13999938964844,41.106117248535156
2022-03-03,54.65999984741211,41.500938415527344
2022-03-04,55.11000061035156,41.84259796142578
2022-03-07,54.68000030517578,41.516117095947266
2022-03-08,53.25,40.430381774902344
2022-03-09,53.08000183105469,40.30131149291992
2022-03-10,53.22999954223633,40.41519546508789
2022-03-11,53.040000915527344,40.270938873291016
2022-03-14,52.5,39.86094284057617
2022-03-15,52.7599983215332,40.05834197998047
2022-03-16,52.4900016784668,39.853355407714844
2022-03-17,52.36000061035156,39.75465393066406
2022-03-18,50.79999923706055,38.57020950317383
2022-03-21,51.099998474121094,38.7979850769043
2022-03-22,51.0,38.7220573425293
2022-03-23,50.970001220703125,38.69929122924805
2022-03-24,51.0,38.7220573425293
2022-03-25,51.279998779296875,38.93465042114258
2022-03-28,51.16999816894531,38.85112762451172
2022-03-29,51.25,38.9118766784668
2022-03-30,51.61000061035156,39.18520736694336
2022-03-31,50.939998626708984,38.67649841308594
2022-04-01,52.119998931884766,39.572418212890625
2022-04-04,52.459999084472656,39.83057403564453
2022-04-05,52.779998779296875,40.07353591918945
2022-04-06,53.20000076293945,40.392425537109375
2022-04-07,52.66999816894531,40.47695541381836
2022-04-08,53.529998779296875,41.13786315917969
2022-04-11,53.900001525878906,41.42221450805664
2022-04-12,53.66999816894531,41.24545669555664
2022-04-13,54.13999938964844,41.606651306152344
2022-04-14,53.83000183105469,41.3684196472168
2022-04-18,53.38999938964844,41.030277252197266
2022-04-19,53.75,41.306941986083984
2022-04-20,54.40999984741211,41.814144134521484
2022-04-21,55.0099983215332,42.27525329589844
2022-04-22,51.90999984741211,39.89289474487305
2022-04-25,50.279998779296875,38.64024353027344
2022-04-26,49.40999984741211,37.97164535522461
2022-04-27,48.459999084472656,37.2415657043457
2022-04-28,48.400001525878906,37.19546127319336
2022-04-29,46.29999923706055,35.58160400390625
2022-05-02,46.22999954223633,35.527809143066406
2022-05-03,47.16999816894531,36.25019836425781
2022-05-04,48.369998931884766,37.17239761352539
2022-05-05,47.84000015258789,36.765098571777344
2022-05-06,48.27000045776367,37.09554672241211
2022-05-09,48.619998931884766,37.36452102661133
2022-05-10,48.130001068115234,36.987953186035156
2022-05-11,47.880001068115234,36.79583740234375
2022-05-12,48.060001373291016,36.93416976928711
2022-05-13,48.18000030517578,37.026390075683594
2022-05-16,49.040000915527344,37.68730163574219
2022-05-17,48.939998626708984,37.61044692993164
2022-05-18,48.88999938964844,37.57201385498047
2022-05-19,49.099998474121094,37.7334098815918
2022-05-20,49.529998779296875,38.06385803222656
2022-05-23,49.66999816894531,38.17145538330078
2022-05-24,50.68000030517578,38.94763946533203
2022-05-25,51.2400016784668,39.37800598144531
2022-05-26,50.9900016784668,39.185874938964844
2022-05-27,51.400001525878906,39.50096130371094
2022-05-31,51.290000915527344,39.41642379760742
2022-06-01,51.400001525878906,39.50096130371094
2022-06-02,51.290000915527344,39.41642379760742
2022-06-03,50.810001373291016,39.047542572021484
2022-06-06,51.2400016784668,39.37800598144531
2022-06-07,51.650001525878906,39.69308853149414
2022-06-08,51.54999923706055,39.616233825683594
2022-06-09,50.939998626708984,39.14744186401367
2022-06-10,50.81999969482422,39.05522537231445
2022-06-13,49.59000015258789,38.10997009277344
2022-06-14,49.15999984741211,37.779510498046875
2022-06-15,49.150001525878906,37.77183151245117
2022-06-16,48.84000015258789,37.533592224121094
2022-06-17,49.029998779296875,37.67961120605469
2022-06-21,50.650001525878906,38.92458724975586
2022-06-22,50.790000915527344,39.03217697143555
2022-06-23,52.09000015258789,40.031227111816406
2022-06-24,50.959999084472656,39.16282272338867
2022-06-27,50.959999084472656,39.16282272338867
2022-06-28,50.459999084472656,38.778564453125
2022-06-29,50.939998626708984,39.14744186401367
2022-06-30,50.75,39.00143051147461
2022-07-01,51.63999938964844,39.685401916503906
2022-07-05,51.41999816894531,39.516326904296875
2022-07-06,51.5099983215332,39.585487365722656
2022-07-07,50.709999084472656,39.46098709106445
2022-07-08,50.4900016784668,39.289794921875
2022-07-11,50.5,39.297569274902344
2022-07-12,50.779998779296875,39.51546096801758
2022-07-13,50.5099983215332,39.30535125732422
2022-07-14,50.4900016784668,39.289794921875
2022-07-15,51.02000045776367,39.70222091674805
2022-07-18,50.279998779296875,39.12636947631836
2022-07-19,50.45000076293945,39.258663177490234
2022-07-20,49.06999969482422,38.18478012084961
2022-07-21,47.65999984741211,37.08757400512695
2022-07-22,44.45000076293945,34.58964920043945
2022-07-25,44.7599983215332,34.83087158203125
2022-07-26,44.91999816894531,34.955379486083984
2022-07-27,44.90999984741211,34.94760513305664
2022-07-28,45.54999923706055,35.44562530517578
2022-07-29,46.189998626708984,35.943660736083984
2022-08-01,46.2599983215332,35.998138427734375
2022-08-02,45.34000015258789,35.2822151184082
2022-08-03,45.33000183105469,35.27442932128906
2022-08-04,44.43000030517578,34.57408142089844
2022-08-05,44.95000076293945,34.97872543334961
2022-08-08,44.540000915527344,34.65968322753906
2022-08-09,44.68000030517578,34.768619537353516
2022-08-10,44.84000015258789,34.893131256103516
2022-08-11,44.779998779296875,34.84644317626953
2022-08-12,45.150001525878906,35.134368896484375
2022-08-15,45.560001373291016,35.45341491699219
2022-08-16,45.79999923706055,35.64017868041992
2022-08-17,45.34000015258789,35.2822151184082
2022-08-18,44.189998626708984,34.3873176574707
2022-08-19,44.41999816894531,34.56629943847656
2022-08-22,44.16999816894531,34.37175750732422
2022-08-23,43.470001220703125,33.8270378112793
2022-08-24,43.54999923706055,33.88928985595703
2022-08-25,43.7400016784668,34.037139892578125
2022-08-26,43.25,33.655845642089844
2022-08-29,43.33000183105469,33.71809387207031
2022-08-30,42.529998779296875,33.09555435180664
2022-08-31,41.810001373291016,32.535282135009766
2022-09-01,41.810001373291016,32.535282135009766
2022-09-02,41.29999923706055,32.13841247558594
2022-09-06,41.099998474121094,31.982778549194336
2022-09-07,41.08000183105469,31.967212677001953
2022-09-08,41.31999969482422,32.15397262573242
2022-09-09,42.2400016784668,32.86989212036133
2022-09-12,42.7599983215332,33.2745361328125
2022-09-13,41.75,32.488590240478516
2022-09-14,41.279998779296875,32.12284469604492
2022-09-15,41.029998779296875,31.928302764892578
2022-09-16,41.25,32.09950256347656
2022-09-19,41.2400016784668,32.091732025146484
2022-09-20,40.59000015258789,31.58591079711914
2022-09-21,39.47999954223633,30.722139358520508
2022-09-22,39.93000030517578,31.072317123413086
2022-09-23,39.52000045776367,30.75326919555664
2022-09-26,38.93000030517578,30.294147491455078
2022-09-27,38.88999938964844,30.263029098510742
2022-09-28,39.38999938964844,30.652103424072266
2022-09-29,38.63999938964844,30.068477630615234
2022-09-30,37.970001220703125,29.547103881835938
2022-10-03,39.15999984741211,30.473121643066406
2022-10-04,39.810001373291016,30.978939056396484
2022-10-05,39.400001525878906,30.659894943237305
2022-10-06,37.84000015258789,29.94219207763672
2022-10-07,36.849998474121094,29.1588191986084
2022-10-10,36.619998931884766,28.97682762145996
2022-10-11,35.939998626708984,28.438753128051758
2022-10-12,35.68000030517578,28.23301887512207
2022-10-13,36.400001525878906,28.802749633789062
2022-10-14,36.380001068115234,28.78691864013672
2022-10-17,37.18000030517578,29.419944763183594
2022-10-18,37.06999969482422,29.332902908325195
2022-10-19,36.56999969482422,28.93726348876953
2022-10-20,37.0,29.27751922607422
2022-10-21,35.349998474121094,27.97188949584961
2022-10-24,35.970001220703125,28.462488174438477
2022-10-25,36.43000030517578,28.82648277282715
2022-10-26,36.43000030517578,28.82648277282715
2022-10-27,36.18000030517578,28.628665924072266
2022-10-28,37.66999816894531,29.80767250061035
2022-10-31,37.369998931884766,29.570289611816406
2022-11-01,37.369998931884766,29.570289611816406
2022-11-02,37.709999084472656,29.839326858520508
2022-11-03,37.150001525878906,29.396207809448242
2022-11-04,37.2400016784668,29.467424392700195
2022-11-07,37.189998626708984,29.427860260009766
2022-11-08,37.869998931884766,29.965923309326172
2022-11-09,37.619998931884766,29.768115997314453
2022-11-10,38.52000045776367,30.48026466369629
2022-11-11,38.29999923706055,30.306180953979492
2022-11-14,38.310001373291016,30.314096450805664
2022-11-15,37.70000076293945,29.831417083740234
2022-11-16,37.880001068115234,29.97385025024414
2022-11-17,38.15999984741211,30.19540023803711
2022-11-18,38.54999923706055,30.50400733947754
2022-11-21,38.619998931884766,30.559389114379883
2022-11-22,39.20000076293945,31.018341064453125
2022-11-23,38.91999816894531,30.79677963256836
2022-11-25,39.02000045776367,30.87590980529785
2022-11-28,38.2400016784668,30.258712768554688
2022-11-29,38.34000015258789,30.337833404541016
2022-11-30,38.97999954223633,30.84425926208496
2022-12-01,38.33000183105469,30.329927444458008
2022-12-02,38.18000030517578,30.211227416992188
2022-12-05,37.06999969482422,29.332902908325195
2022-12-06,36.88999938964844,29.190471649169922
2022-12-07,37.16999816894531,29.412029266357422
2022-12-08,37.099998474121094,29.356643676757812
2022-12-09,37.400001525878906,29.59403419494629
2022-12-12,37.95000076293945,30.029233932495117
2022-12-13,37.86000061035156,29.958017349243164
2022-12-14,37.45000076293945,29.633588790893555
2022-12-15,37.77000045776367,29.886802673339844
2022-12-16,37.119998931884766,29.37247085571289
2022-12-19,37.029998779296875,29.30125617980957
2022-12-20,36.9900016784668,29.26959800720215
2022-12-21,37.779998779296875,29.894710540771484
2022-12-22,38.310001373291016,30.314096450805664
2022-12-23,38.40999984741211,30.393230438232422
2022-12-27,39.25,31.057907104492188
2022-12-28,38.810001373291016,30.709739685058594
2022-12-29,39.2599983215332,31.065814971923828
2022-12-30,39.400001525878906,31.176603317260742
2023-01-03,40.119998931884766,31.746320724487305
2023-01-04,41.130001068115234,32.5455207824707
2023-01-05,41.70000076293945,32.996551513671875
2023-01-06,42.189998626708984,33.38427734375
2023-01-09,41.369998931884766,33.25004959106445
2023-01-10,41.95000076293945,33.716217041015625
2023-01-11,41.18000030517578,33.097347259521484
2023-01-12,41.810001373291016,33.60369873046875
2023-01-13,41.86000061035156,33.643882751464844
2023-01-17,40.849998474121094,32.83211898803711
2023-01-18,39.970001220703125,32.12484359741211
2023-01-19,40.060001373291016,32.197181701660156
2023-01-20,40.0,32.14896011352539
2023-01-23,39.630001068115234,31.851577758789062
2023-01-24,40.41999816894531,32.486515045166016
2023-01-25,40.33000183105469,32.414180755615234
2023-01-26,40.27000045776367,32.36595916748047
2023-01-27,40.63999938964844,32.6633415222168
2023-01-30,41.04999923706055,32.99287033081055
2023-01-31,41.56999969482422,33.410804748535156
2023-02-01,41.689998626708984,33.50724792480469
2023-02-02,41.83000183105469,33.61977005004883
2023-02-03,41.5099983215332,33.36257553100586
2023-02-06,41.279998779296875,33.17771911621094
2023-02-07,40.54999923706055,32.59100341796875
2023-02-08,40.52000045776367,32.566890716552734
2023-02-09,39.810001373291016,31.996246337890625
2023-02-10,40.0099983215332,32.15699005126953
2023-02-13,40.31999969482422,32.4061393737793
2023-02-14,40.33000183105469,32.414180755615234
2023-02-15,40.380001068115234,32.45437240600586
2023-02-16,39.84000015258789,32.020362854003906
2023-02-17,40.220001220703125,32.32577133178711
2023-02-21,39.20000076293945,31.505971908569336
2023-02-22,39.279998779296875,31.570276260375977
2023-02-23,38.529998779296875,30.967483520507812
2023-02-24,38.7400016784668,31.136268615722656
2023-02-27,38.880001068115234,31.24878692626953
2023-02-28,38.810001373291016,31.192533493041992
2023-03-01,38.29999923706055,30.78262710571289
2023-03-02,38.40999984741211,30.87103271484375
2023-03-03,38.2599983215332,30.750476837158203
2023-03-06,38.150001525878906,30.662071228027344
2023-03-07,37.90999984741211,30.469175338745117
2023-03-08,37.529998779296875,30.163753509521484
2023-03-09,36.54999923706055,29.3761043548584
2023-03-10,36.68000030517578,29.480592727661133
2023-03-13,36.540000915527344,29.36806869506836
2023-03-14,36.880001068115234,29.641342163085938
2023-03-15,37.060001373291016,29.786006927490234
2023-03-16,36.58000183105469,29.400217056274414
2023-03-17,36.790000915527344,29.569002151489258
2023-03-20,37.43000030517578,30.083383560180664
2023-03-21,37.7400016784668,30.332544326782227
2023-03-22,37.310001373291016,29.986940383911133
2023-03-23,37.369998931884766,30.03515625
2023-03-24,37.65999984741211,30.26824378967285
2023-03-27,38.04999923706055,30.581693649291992
2023-03-28,38.0,30.5415096282959
2023-03-29,38.47999954223633,30.927291870117188
2023-03-30,38.65999984741211,31.07196617126465
2023-03-31,38.88999938964844,31.256820678710938
2023-04-03,39.220001220703125,31.522048950195312
2023-04-04,39.650001525878906,31.867650985717773
2023-04-05,40.11000061035156,32.237361907958984
2023-04-06,39.47999954223633,32.25615692138672
2023-04-10,39.349998474121094,32.149940490722656
2023-04-11,39.45000076293945,32.23164367675781
2023-04-12,39.20000076293945,32.02738571166992
2023-04-13,39.31999969482422,32.12542724609375
2023-04-14,39.220001220703125,32.04372787475586
2023-04-17,39.459999084472656,32.23981475830078
2023-04-18,38.939998626708984,31.814960479736328
2023-04-19,38.599998474121094,31.537172317504883
2023-04-20,37.189998626708984,30.38517189025879
2023-04-21,37.31999969482422,30.491382598876953
2023-04-24,37.099998474121094,30.31163787841797
2023-04-25,37.29999923706055,30.47504234313965
2023-04-26,36.91999816894531,30.164567947387695
2023-04-27,38.790000915527344,31.692413330078125
2023-04-28,38.83000183105469,31.725093841552734
2023-05-01,38.709999084472656,31.627044677734375
2023-05-02,37.66999816894531,30.7773380279541
2023-05-03,37.97999954223633,31.030620574951172
2023-05-04,37.349998474121094,30.515897750854492
2023-05-05,37.83000183105469,30.908069610595703
2023-05-08,37.83000183105469,30.908069610595703
2023-05-09,37.56999969482422,30.695636749267578
2023-05-10,37.630001068115234,30.744657516479492
2023-05-11,37.599998474121094,30.72014808654785
2023-05-12,37.59000015258789,30.71198081970215
2023-05-15,36.77000045776367,30.042020797729492
2023-05-16,36.04999923706055,29.453754425048828
2023-05-17,36.18000030517578,29.55997657775879
2023-05-18,36.130001068115234,29.519126892089844
2023-05-19,36.04999923706055,29.453754425048828
2023-05-22,35.959999084472656,29.380224227905273
2023-05-23,36.2400016784668,29.60899543762207
2023-05-24,35.869998931884766,29.30669403076172
2023-05-25,34.81999969482422,28.448816299438477
2023-05-26,35.0,28.59588623046875
2023-05-30,34.900001525878906,28.514179229736328
2023-05-31,35.630001068115234,29.110614776611328
2023-06-01,35.720001220703125,29.184139251708984
2023-06-02,34.58000183105469,28.252731323242188
2023-06-05,34.459999084472656,28.154687881469727
2023-06-06,34.70000076293945,28.350772857666016
2023-06-07,35.2599983215332,28.808305740356445
2023-06-08,35.43000030517578,28.947202682495117
2023-06-09,35.470001220703125,28.979888916015625
2023-06-12,35.61000061035156,29.094270706176758
2023-06-13,35.47999954223633,28.988054275512695
2023-06-14,35.72999954223633,29.19231414794922
2023-06-15,36.439998626708984,29.772397994995117
2023-06-16,36.459999084472656,29.788740158081055
2023-06-20,35.810001373291016,29.257673263549805
2023-06-21,35.83000183105469,29.27401351928711
2023-06-22,35.849998474121094,29.29035186767578
2023-06-23,35.5099983215332,29.012563705444336
2023-06-26,36.11000061035156,29.50278091430664
2023-06-27,36.54999923706055,29.862268447875977
2023-06-28,36.81999969482422,30.082868576049805
2023-06-29,36.9900016784668,30.221763610839844
2023-06-30,37.189998626708984,30.38517189025879
2023-07-03,37.279998779296875,30.458703994750977
2023-07-05,37.47999954223633,30.622106552124023
2023-07-06,37.130001068115234,30.33614730834961
2023-07-07,35.900001525878906,29.856287002563477
2023-07-10,35.13999938964844,29.224225997924805
2023-07-11,34.9900016784668,29.0994815826416
2023-07-12,34.86000061035156,28.991363525390625
2023-07-13,34.63999938964844,28.808401107788086
2023-07-14,34.0099983215332,28.28445816040039
2023-07-17,31.459999084472656,26.16374969482422
2023-07-18,32.27000045776367,26.837390899658203
2023-07-19,33.970001220703125,28.251195907592773
2023-07-20,33.63999938964844,27.97675132751465
2023-07-21,33.880001068115234,28.176349639892578
2023-07-24,33.97999954223633,28.259517669677734
2023-07-25,34.2400016784668,28.475744247436523
2023-07-26,34.34000015258789,28.55890655517578
2023-07-27,33.54999923706055,27.901901245117188
2023-07-28,34.029998779296875,28.301097869873047
2023-07-31,34.08000183105469,28.342683792114258
2023-08-01,33.43000030517578,27.802104949951172
2023-08-02,33.31999969482422,27.71062469482422
2023-08-03,33.060001373291016,27.49439811706543
2023-08-04,32.619998931884766,27.12846565246582
2023-08-07,32.529998779296875,27.053617477416992
2023-08-08,32.56999969482422,27.08688735961914
2023-08-09,32.709999084472656,27.20331573486328
2023-08-10,33.02000045776367,27.461132049560547
2023-08-11,33.36000061035156,27.7438907623291
2023-08-14,33.560001373291016,27.91022300720215
2023-08-15,33.2599983215332,27.660724639892578
2023-08-16,33.27000045776367,27.669042587280273
2023-08-17,33.060001373291016,27.49439811706543
2023-08-18,33.18000030517578,27.594194412231445
2023-08-21,33.0,27.444496154785156
2023-08-22,33.20000076293945,27.610824584960938
2023-08-23,33.189998626708984,27.602508544921875
2023-08-24,33.380001068115234,27.760522842407227
2023-08-25,33.349998474121094,27.735570907592773
2023-08-28,33.54999923706055,27.901901245117188
2023-08-29,34.689998626708984,28.849985122680664
2023-08-30,34.63999938964844,28.808401107788086
2023-08-31,34.97999954223633,29.09116554260254
2023-09-01,34.86000061035156,28.991363525390625
2023-09-05,34.29999923706055,28.5256404876709
2023-09-06,34.18000030517578,28.425846099853516
2023-09-07,33.810001373291016,28.118133544921875
2023-09-08,33.45000076293945,27.81873893737793
2023-09-11,33.939998626708984,28.22624969482422
2023-09-12,34.040000915527344,28.30941390991211
2023-09-13,33.86000061035156,28.159717559814453
2023-09-14,34.040000915527344,28.30941390991211
2023-09-15,33.790000915527344,28.101499557495117
2023-09-18,33.529998779296875,27.88526725769043
2023-09-19,33.400001525878906,27.77715301513672
2023-09-20,33.599998474121094,27.9434814453125
2023-09-21,33.290000915527344,27.6856746673584
2023-09-22,33.279998779296875,27.677356719970703
2023-09-25,33.15999984741211,27.577560424804688
2023-09-26,32.9900016784668,27.43617820739746
2023-09-27,32.400001525878906,26.945507049560547
2023-09-28,32.54999923706055,27.07025146484375
2023-09-29,32.40999984741211,26.95382308959961
2023-10-02,31.760000228881836,26.41324806213379
2023-10-03,31.979999542236328,26.59621238708496
2023-10-04,31.540000915527344,26.230281829833984
2023-10-05,31.81999969482422,26.46314811706543
2023-10-06,30.850000381469727,26.20408058166504
2023-10-09,31.450000762939453,26.713720321655273
2023-10-10,31.760000228881836,26.977035522460938
2023-10-11,31.459999084472656,26.72221565246582
2023-10-12,30.90999984741211,26.25503921508789
2023-10-13,30.670000076293945,26.051189422607422
2023-10-16,31.25,26.543840408325195
2023-10-17,31.510000228881836,26.764684677124023
2023-10-18,31.049999237060547,26.37396240234375
2023-10-19,31.579999923706055,26.82414436340332
2023-10-20,31.56999969482422,26.81564712524414
2023-10-23,31.389999389648438,26.662755966186523
2023-10-24,34.29999923706055,29.134517669677734
2023-10-25,33.689998626708984,28.61638069152832
2023-10-26,34.470001220703125,29.278919219970703
2023-10-27,33.439998626708984,28.40403175354004
2023-10-30,34.619998931884766,29.40633201599121
2023-10-31,35.130001068115234,29.839523315429688
2023-11-01,35.400001525878906,30.068859100341797
2023-11-02,35.900001525878906,30.493566513061523
2023-11-03,36.02000045776367,30.59549331665039
2023-11-06,35.63999938964844,30.272720336914062
2023-11-07,35.939998626708984,30.527538299560547
2023-11-08,35.77000045776367,30.383142471313477
2023-11-09,35.619998931884766,30.255727767944336
2023-11-10,35.709999084472656,30.332176208496094
2023-11-13,35.81999969482422,30.425607681274414
2023-11-14,35.880001068115234,30.476573944091797
2023-11-15,36.0,30.578506469726562
2023-11-16,36.18000030517578,30.731395721435547
2023-11-17,36.22999954223633,30.77386474609375
2023-11-20,36.72999954223633,31.198564529418945
2023-11-21,37.25,31.640254974365234
2023-11-22,37.349998474121094,31.72519874572754
2023-11-24,37.40999984741211,31.776161193847656
2023-11-27,37.349998474121094,31.72519874572754
2023-11-28,37.470001220703125,31.827129364013672
2023-11-29,37.7599983215332,32.07345199584961
2023-11-30,38.33000183105469,32.5576171875
2023-12-01,38.58000183105469,32.76996612548828
2023-12-04,38.040000915527344,32.311279296875
2023-12-05,38.41999816894531,32.63405227661133
2023-12-06,38.5,32.7020149230957
2023-12-07,38.650001525878906,32.82941818237305
2023-12-08,38.25,32.48965835571289
2023-12-11,37.66999816894531,31.99700355529785
2023-12-12,37.29999923706055,31.68273162841797
2023-12-13,36.9900016784668,31.41942024230957
2023-12-14,37.869998931884766,32.16688537597656
2023-12-15,37.369998931884766,31.742183685302734
2023-12-18,37.66999816894531,31.99700355529785
2023-12-19,37.56999969482422,31.91206169128418
2023-12-20,37.29999923706055,31.68273162841797
2023-12-21,37.43000030517578,31.793148040771484
2023-12-22,37.4900016784668,31.844114303588867
2023-12-26,37.47999954223633,31.83562469482422
2023-12-27,37.310001373291016,31.691225051879883
2023-12-28,37.4900016784668,31.844114303588867
2023-12-29,37.70000076293945,32.02248764038086
2024-01-02,38.880001068115234,33.0247802734375
2024-01-03,39.15999984741211,33.26261901855469
2024-01-04,39.369998931884766,33.44099426269531
2024-01-05,40.20000076293945,34.14599609375
2024-01-08,40.099998474121094,34.061058044433594
2024-01-09,39.040000915527344,33.719886779785156
2024-01-10,39.08000183105469,33.754432678222656
2024-01-11,37.900001525878906,32.735233306884766
2024-01-12,38.560001373291016,33.3052978515625
2024-01-16,39.290000915527344,33.935821533203125
2024-01-17,38.869998931884766,33.57305145263672
2024-01-18,38.939998626708984,33.633514404296875
2024-01-19,39.33000183105469,33.970367431640625
2024-01-22,39.58000183105469,34.18629837036133
2024-01-23,42.22999954223633,36.47517395019531
2024-01-24,41.279998779296875,35.65462875366211
2024-01-25,42.290000915527344,36.52699661254883
2024-01-26,42.400001525878906,36.622005462646484
2024-01-29,42.04999923706055,36.3197021484375
2024-01-30,42.470001220703125,36.682464599609375
2024-01-31,42.349998474121094,36.57881546020508
2024-02-01,42.4900016784668,36.69974136352539
2024-02-02,42.130001068115234,36.388797760009766
2024-02-05,41.380001068115234,35.74100112915039
2024-02-06,41.099998474121094,35.4991569519043
2024-02-07,40.41999816894531,34.91183090209961
2024-02-08,39.90999984741211,34.4713249206543
2024-02-09,39.720001220703125,34.307220458984375
2024-02-12,40.099998474121094,34.635433197021484
2024-02-13,40.130001068115234,34.661346435546875
2024-02-14,40.150001525878906,34.67862319946289
2024-02-15,40.59000015258789,35.05866241455078
2024-02-16,40.4900016784668,34.9722900390625
2024-02-20,40.5,34.98092269897461
2024-02-21,41.099998474121094,35.4991569519043
2024-02-22,40.72999954223633,35.1795768737793
2024-02-23,40.65999984741211,35.119117736816406
2024-02-26,39.689998626708984,34.281307220458984
2024-02-27,39.93000030517578,34.48860168457031
2024-02-28,40.099998474121094,34.635433197021484
2024-02-29,40.02000045776367,34.56633377075195
2024-03-01,40.20000076293945,34.721805572509766
2024-03-04,40.310001373291016,34.81681823730469
2024-03-05,40.349998474121094,34.85136032104492
2024-03-06,39.93000030517578,34.48860168457031
2024-03-07,39.529998779296875,34.14311218261719
2024-03-08,39.5099983215332,34.12583541870117
2024-03-11,40.130001068115234,34.661346435546875
2024-03-12,40.130001068115234,34.661346435546875
2024-03-13,40.2599983215332,34.77363204956055
2024-03-14,39.77000045776367,34.35040283203125
2024-03-15,39.4900016784668,34.10856246948242
2024-03-18,39.93000030517578,34.48860168457031
2024-03-19,39.970001220703125,34.52314758300781
2024-03-20,40.119998931884766,34.65270233154297
2024-03-21,40.540000915527344,35.01547622680664
2024-03-22,40.369998931884766,34.86863708496094
2024-03-25,40.869998931884766,35.30049514770508
2024-03-26,40.849998474121094,35.283226013183594
2024-03-27,41.540000915527344,35.87919998168945
2024-03-28,41.959999084472656,36.24196243286133
2024-04-01,42.279998779296875,36.51835632324219
2024-04-02,42.540000915527344,36.74292755126953
2024-04-03,42.84000015258789,37.002044677734375
2024-04-04,42.45000076293945,36.665191650390625
2024-04-05,42.119998931884766,36.38016891479492
2024-04-08,41.72999954223633,36.04330825805664
2024-04-09,40.84000015258789,35.8458251953125
2024-04-10,40.52000045776367,35.5649528503418
2024-04-11,40.15999984741211,35.24897766113281
2024-04-12,39.720001220703125,34.86278533935547
2024-04-15,40.11000061035156,35.20509719848633
2024-04-16,39.77000045776367,34.90666580200195
2024-04-17,39.779998779296875,34.91544723510742
2024-04-18,40.130001068115234,35.2226448059082
2024-04-19,40.4900016784668,35.53862380981445
2024-04-22,38.599998474121094,33.87974166870117
2024-04-23,39.70000076293945,34.84523391723633
2024-04-24,39.4900016784668,34.660911560058594
2024-04-25,39.220001220703125,34.42393112182617
2024-04-26,39.68000030517578,34.827674865722656
2024-04-29,40.09000015258789,35.187530517578125
2024-04-30,39.4900016784668,34.660911560058594
2024-05-01,39.20000076293945,34.4063720703125
2024-05-02,38.93000030517578,34.16938781738281
2024-05-03,38.88999938964844,34.13427734375
2024-05-06,39.33000183105469,34.52047348022461
2024-05-07,39.310001373291016,34.5029182434082
2024-05-08,39.47999954223633,34.652130126953125
2024-05-09,39.790000915527344,34.924224853515625
2024-05-10,40.400001525878906,35.45962905883789
2024-05-13,40.540000915527344,35.58251190185547
2024-05-14,40.4900016784668,35.53862380981445
2024-05-15,40.4900016784668,35.53862380981445
2024-05-16,40.25,35.32797622680664
2024-05-17,40.060001373291016,35.16120529174805
2024-05-20,40.119998931884766,35.2138671875
2024-05-21,39.619998931884766,34.7750129699707
2024-05-22,39.790000915527344,34.924224853515625
2024-05-23,39.43000030517578,34.608245849609375
2024-05-24,39.7400016784668,34.88033676147461
2024-05-28,39.36000061035156,34.546810150146484
2024-05-29,39.099998474121094,34.31859588623047
2024-05-30,40.33000183105469,35.39818572998047
2024-05-31,41.150001525878906,36.11791229248047
2024-06-03,40.97999954223633,35.96869659423828
2024-06-04,41.560001373291016,36.47777557373047
2024-06-05,41.349998474121094,36.29345703125
2024-06-06,41.33000183105469,36.27590560913086
2024-06-07,40.939998626708984,35.93359375
2024-06-10,40.40999984741211,35.468406677246094
2024-06-11,40.41999816894531,35.47718048095703
2024-06-12,39.77000045776367,34.90666580200195
2024-06-13,39.779998779296875,34.91544723510742
2024-06-14,39.66999816894531,34.81889724731445
2024-06-17,39.459999084472656,34.63458251953125
2024-06-18,40.08000183105469,35.17876052856445
2024-06-20,40.2400016784668,35.31919860839844
2024-06-21,40.2400016784668,35.31919860839844
2024-06-24,41.16999816894531,36.135467529296875
2024-06-25,41.08000183105469,36.05647659301758
2024-06-26,41.02000045776367,36.003814697265625
2024-06-27,40.81999969482422,35.82826232910156
2024-06-28,41.2400016784668,36.19691467285156
2024-07-01,41.7400016784668,36.63576889038086
2024-07-02,41.099998474121094,36.074031829833984
2024-07-03,41.119998931884766,36.091583251953125
2024-07-05,41.27000045776367,36.22323989868164
2024-07-08,41.529998779296875,36.45144271850586
2024-07-09,41.29999923706055,36.249576568603516
2024-07-10,41.08000183105469,36.646549224853516
2024-07-11,41.29999923706055,36.842803955078125
2024-07-12,41.43000030517578,36.95877456665039
2024-07-15,40.790000915527344,36.387847900390625
2024-07-16,41.45000076293945,36.97661590576172
2024-07-17,42.029998779296875,37.4940185546875
2024-07-18,42.06999969482422,37.529701232910156
2024-07-19,41.619998931884766,37.128265380859375
2024-07-22,39.09000015258789,34.87131118774414
2024-07-23,38.88999938964844,34.69289016723633
2024-07-24,39.66999816894531,35.38871383666992
2024-07-25,39.95000076293945,35.638492584228516
2024-07-26,40.09000015258789,35.763389587402344
2024-07-29,40.029998779296875,35.709869384765625
2024-07-30,40.040000915527344,35.718788146972656
2024-07-31,40.52000045776367,36.14698028564453
2024-08-01,40.849998474121094,36.44136428833008
2024-08-02,40.970001220703125,36.54841613769531
2024-08-05,39.79999923706055,35.50468444824219
2024-08-06,40.2599983215332,35.9150390625
2024-08-07,40.279998779296875,35.93288803100586
2024-08-08,40.52000045776367,36.14698028564453
2024-08-09,40.75,36.3521614074707
2024-08-12,40.529998779296875,36.15589904785156
2024-08-13,40.779998779296875,36.37892532348633
2024-08-14,40.900001525878906,36.4859733581543
2024-08-15,40.040000915527344,35.718788146972656
2024-08-16,40.61000061035156,36.22726821899414
2024-08-19,40.7400016784668,36.34324645996094
2024-08-20,40.849998474121094,36.44136428833008
2024-08-21,41.04999923706055,36.619781494140625
2024-08-22,40.869998931884766,36.459205627441406
2024-08-23,41.209999084472656,36.76251220703125
2024-08-26,41.4900016784668,37.01230239868164
2024-08-27,41.45000076293945,36.97661590576172
2024-08-28,41.4900016784668,37.01230239868164
2024-08-29,41.25,36.79819869995117
2024-08-30,41.779998779296875,37.27100372314453
2024-09-03,42.93000030517578,38.29689407348633
2024-09-04,41.47999954223633,37.00337600708008
2024-09-05,41.310001373291016,36.85172653198242
2024-09-06,41.150001525878906,36.708988189697266
2024-09-09,42.72999954223633,38.118473052978516
2024-09-10,43.650001525878906,38.93918991088867
2024-09-11,43.79999923706055,39.072998046875
2024-09-12,43.86000061035156,39.126522064208984
2024-09-13,44.43000030517578,39.635005950927734
2024-09-16,45.0,40.14349365234375
2024-09-17,44.08000183105469,39.322776794433594
2024-09-18,43.880001068115234,39.14436340332031
2024-09-19,43.939998626708984,39.19788360595703
2024-09-20,44.33000183105469,39.54580307006836
2024-09-23,44.2599983215332,39.48335266113281
2024-09-24,44.65999984741211,39.84018325805664
2024-09-25,44.54999923706055,39.7420539855957
2024-09-26,44.619998931884766,39.80449676513672
2024-09-27,44.88999938964844,40.04536056518555
2024-09-30,44.90999984741211,40.06320571899414
2024-10-01,45.209999084472656,40.33082580566406
2024-10-02,45.04999923706055,40.18809509277344
2024-10-03,44.52000045776367,39.71529006958008
2024-10-04,44.18000030517578,39.4119873046875
2024-10-07,43.84000015258789,39.108680725097656
2024-10-08,44.0099983215332,39.26033401489258
2024-10-09,44.11000061035156,39.34954071044922
2024-10-10,42.95000076293945,38.912845611572266
2024-10-11,43.0,38.95814514160156
2024-10-14,43.189998626708984,39.13029098510742
2024-10-15,43.7400016784668,39.62859344482422
2024-10-16,43.90999984741211,39.782615661621094
2024-10-17,43.849998474121094,39.72825241088867
2024-10-18,43.9900016784668,39.8550910949707
2024-10-21,43.70000076293945,39.592350006103516
2024-10-22,41.5,37.599143981933594
2024-10-23,42.86000061035156,38.83130645751953
2024-10-24,41.86000061035156,37.9253044128418
2024-10-25,41.380001068115234,37.490421295166016
2024-10-28,41.619998931884766,37.70785903930664
2024-10-29,41.33000183105469,37.445125579833984
2024-10-30,41.279998779296875,37.39982223510742
2024-10-31,42.130001068115234,38.16992950439453
2024-11-01,41.36000061035156,37.47230911254883
2024-11-04,41.060001373291016,37.200504302978516
2024-11-05,41.2599983215332,37.38169860839844
2024-11-06,41.15999984741211,37.291099548339844
2024-11-07,40.56999969482422,36.75655746459961
2024-11-08,40.47999954223633,36.675018310546875
2024-11-11,40.439998626708984,36.6387825012207
2024-11-12,40.400001525878906,36.6025390625
2024-11-13,41.13999938964844,37.27298355102539
2024-11-14,40.869998931884766,37.02835464477539
2024-11-15,41.650001525878906,37.73504638671875
2024-11-18,42.25,38.27864456176758
2024-11-19,41.93000030517578,37.98872756958008
2024-11-20,42.220001220703125,38.251468658447266
2024-11-21,42.5,38.50514221191406
2024-11-22,43.150001525878906,39.09404754638672
2024-11-25,43.97999954223633,39.846031188964844
2024-11-26,44.369998931884766,40.19936752319336
2024-11-27,44.380001068115234,40.208431243896484
2024-11-29,44.34000015258789,40.17218780517578
2024-12-02,43.849998474121094,39.72825241088867
2024-12-03,43.83000183105469,39.71013641357422
2024-12-04,42.52000045776367,38.52326965332031
2024-12-05,42.54999923706055,38.55044937133789
2024-12-06,42.369998931884766,38.387367248535156
2024-12-09,42.36000061035156,38.37830352783203
2024-12-10,42.29999923706055,38.32394027709961
2024-12-11,41.9900016784668,38.043087005615234
2024-12-12,42.08000183105469,38.1246223449707
2024-12-13,42.279998779296875,38.30582809448242
2024-12-16,40.880001068115234,37.03742218017578
2024-12-17,40.779998779296875,36.94681930541992
2024-12-18,40.2400016784668,36.45758056640625
2024-12-19,39.970001220703125,36.21295928955078
2024-12-20,39.93000030517578,36.176719665527344
2024-12-23,39.939998626708984,36.18577575683594
2024-12-24,39.79999923706055,36.058937072753906
2024-12-26,39.959999084472656,36.203895568847656
2024-12-27,39.91999816894531,36.16765213012695
2024-12-30,39.599998474121094,35.87773132324219
2024-12-31,39.9900016784668,36.2310791015625
2025-01-02,40.209999084472656,36.430397033691406
2025-01-03,40.2599983215332,36.47570037841797
2025-01-06,39.61000061035156,35.88679885864258
2025-01-07,38.91999816894531,35.261653900146484
2025-01-08,38.939998626708984,35.2797737121582
2025-01-10,37.810001373291016,34.86301040649414
2025-01-13,38.119998931884766,35.14883804321289
2025-01-14,38.279998779296875,35.2963752746582
2025-01-15,38.18000030517578,35.20416259765625
2025-01-16,38.34000015258789,35.3516960144043
2025-01-17,38.779998779296875,35.75740051269531
2025-01-21,39.02000045776367,35.978694915771484
2025-01-22,38.95000076293945,35.91415023803711
2025-01-23,39.18000030517578,36.126224517822266
2025-01-24,39.540000915527344,36.458168029785156
2025-01-27,40.63999938964844,37.4724235534668
2025-01-28,40.400001525878906,37.251136779785156
2025-01-29,40.279998779296875,37.14048385620117
2025-01-30,39.470001220703125,36.39362335205078
2025-01-31,39.38999938964844,36.319854736328125
2025-02-03,39.97999954223633,36.863868713378906
2025-02-04,39.810001373291016,36.70712661743164
2025-02-05,40.130001068115234,37.00217819213867
2025-02-06,39.939998626708984,36.826988220214844
2025-02-07,39.880001068115234,36.77166748046875
2025-02-10,39.95000076293945,36.836212158203125
2025-02-11,40.4900016784668,37.3341178894043
2025-02-12,40.529998779296875,37.37099838256836
2025-02-13,41.040000915527344,37.841251373291016
2025-02-14,40.9900016784668,37.79514694213867
2025-02-18,41.20000076293945,37.98877716064453
2025-02-19,42.0099983215332,38.73564529418945
2025-02-20,42.4900016784668,39.17823791503906
2025-02-21,42.7599983215332,39.427188873291016
2025-02-24,43.31999969482422,39.94354248046875
2025-02-25,43.709999084472656,40.303138732910156
2025-02-26,43.18000030517578,39.814456939697266
2025-02-27,43.27000045776367,39.897438049316406
2025-02-28,43.099998474121094,39.740684509277344
2025-03-03,43.869998931884766,40.4506721496582
2025-03-04,42.869998931884766,39.52861785888672
2025-03-05,42.84000015258789,39.50095748901367
2025-03-06,44.22999954223633,40.782615661621094
2025-03-07,46.060001373291016,42.4699821472168
2025-03-10,46.4900016784668,42.8664665222168
2025-03-11,43.43000030517578,40.04497528076172
2025-03-12,42.59000015258789,39.270442962646484
2025-03-13,43.709999084472656,40.303138732910156
2025-03-14,43.56999969482422,40.17405700683594
2025-03-17,43.650001525878906,40.247825622558594
2025-03-18,44.22999954223633,40.782615661621094
2025-03-19,43.939998626708984,40.51521682739258
2025-03-20,43.75,40.34002685546875
2025-03-21,43.9900016784668,40.56132507324219
2025-03-24,43.560001373291016,40.16484069824219
2025-03-25,43.4900016784668,40.10029220581055
2025-03-26,44.18000030517578,40.736515045166016
2025-03-27,44.959999084472656,41.45572280883789
2025-03-28,44.93000030517578,41.42805862426758
2025-03-31,45.36000061035156,41.824546813964844
2025-04-01,45.380001068115234,41.84298324584961
2025-04-02,44.7400016784668,41.252864837646484
2025-04-03,45.619998931884766,42.064273834228516
2025-04-04,43.029998779296875,39.6761474609375
2025-04-07,42.58000183105469,39.26122283935547
2025-04-08,42.16999816894531,38.88317108154297
2025-04-09,42.88999938964844,39.54705810546875
2025-04-10,42.91999816894531,40.210357666015625
2025-04-11,43.72999954223633,40.96922302246094
2025-04-14,44.29999923706055,41.503238677978516
2025-04-15,44.47999954223633,41.671875
2025-04-16,43.61000061035156,40.8568000793457
2025-04-17,44.040000915527344,41.2596549987793
2025-04-21,42.93000030517578,40.219730377197266
2025-04-22,43.189998626708984,40.463314056396484
2025-04-23,42.70000076293945,40.004249572753906
2025-04-24,42.810001373291016,40.10730743408203
2025-04-25,41.90999984741211,39.26411819458008
2025-04-28,42.38999938964844,39.71382141113281
2025-04-29,42.95000076293945,40.238468170166016
2025-04-30,44.060001373291016,41.27839279174805
2025-05-01,43.29999923706055,40.566368103027344
2025-05-02,43.7400016784668,40.97859191894531
2025-05-05,43.540000915527344,40.79121780395508
2025-05-06,44.150001525878906,41.36271286010742
2025-05-07,43.88999938964844,41.119117736816406
2025-05-08,43.61000061035156,40.8568000793457
2025-05-09,43.61000061035156,40.8568000793457
2025-05-12,43.0,40.28531265258789
2025-05-13,42.650001525878906,39.9574089050293
2025-05-14,42.349998474121094,39.67634582519531
2025-05-15,43.47999954223633,40.73500061035156
2025-05-16,43.9900016784668,41.212806701660156
2025-05-19,44.310001373291016,41.51260757446289
2025-05-20,44.220001220703125,41.42829132080078
2025-05-21,43.75,40.98795700073242
2025-05-22,43.130001068115234,40.407100677490234
2025-05-23,43.31999969482422,40.585105895996094
2025-05-27,43.5,40.75374221801758
2025-05-28,43.130001068115234,40.407100677490234
2025-05-29,43.33000183105469,40.594478607177734
2025-05-30,43.959999084472656,41.18470001220703
2025-06-02,44.099998474121094,41.31586456298828
2025-06-03,43.83000183105469,41.06291198730469
2025-06-04,43.2400016784668,40.510162353515625
2025-06-05,43.29999923706055,40.566368103027344
2025-06-06,43.79999923706055,41.0348014831543
2025-06-09,43.650001525878906,40.89427185058594
2025-06-10,44.130001068115234,41.343971252441406
2025-06-11,43.7400016784668,40.97859191894531
2025-06-12,43.15999984741211,40.43520736694336
2025-06-13,43.0099983215332,40.294677734375
2025-06-16,42.5,39.81687927246094
2025-06-17,41.849998474121094,39.207908630371094
2025-06-18,41.66999816894531,39.03927230834961
2025-06-20,41.70000076293945,39.067378997802734
2025-06-23,42.36000061035156,39.68571853637695
2025-06-24,42.630001068115234,39.93867111206055
2025-06-25,42.119998931884766,39.46086120605469
2025-06-26,42.099998474121094,39.44212341308594
2025-06-27,42.310001373291016,39.63887405395508
2025-06-30,43.27000045776367,40.53826141357422
2025-07-01,43.68000030517578,40.92237854003906
2025-07-02,43.59000015258789,40.83806228637695
2025-07-03,43.54999923706055,40.80058288574219
2025-07-07,42.79999923706055,40.09793472290039
2025-07-08,43.060001373291016,40.34151840209961
2025-07-09,42.61000061035156,39.91992950439453
2025-07-10,42.029998779296875,40.01322937011719
2025-07-11,41.619998931884766,39.622901916503906
2025-07-14,41.58000183105469,39.58481979370117
2025-07-15,41.2599983215332,39.280174255371094
2025-07-16,41.25,39.27065658569336
2025-07-17,40.95000076293945,38.98505401611328
2025-07-18,40.84000015258789,38.880332946777344
2025-07-21,42.4900016784668,40.45115661621094
2025-07-22,42.959999084472656,40.89860153198242
2025-07-23,42.84000015258789,40.784358978271484
2025-07-24,43.08000183105469,41.01284408569336
2025-07-25,43.08000183105469,41.01284408569336
2025-07-28,42.36000061035156,40.327392578125
2025-07-29,42.709999084472656,40.66060256958008
2025-07-30,42.599998474121094,40.555877685546875
2025-07-31,42.7599983215332,40.70819854736328
2025-08-01,42.880001068115234,40.822444915771484
2025-08-04,42.95000076293945,40.88908386230469
2025-08-05,42.66999816894531,40.62251281738281
2025-08-06,42.349998474121094,40.31787109375
2025-08-07,42.95000076293945,40.88908386230469
2025-08-08,43.150001525878906,41.079490661621094
2025-08-11,43.18000030517578,41.1080436706543
2025-08-12,43.25,41.174686431884766
2025-08-13,43.709999084472656,41.612613677978516
2025-08-14,43.5,41.41269302368164
2025-08-15,44.2400016784668,42.1171875
2025-08-18,44.38999938964844,42.25998306274414
2025-08-19,44.939998626708984,42.783592224121094
2025-08-20,45.060001373291016,42.8978385925293
2025-08-21,45.029998779296875,42.8692741394043
2025-08-22,44.439998626708984,42.307586669921875
2025-08-25,44.22999954223633,42.107662200927734
2025-08-26,43.959999084472656,41.850616455078125
2025-08-27,44.27000045776367,42.14574432373047
2025-08-28,43.93000030517578,41.822059631347656
2025-08-29,44.22999954223633,42.107662200927734
2025-09-02,43.79999923706055,41.698299407958984
2025-09-03,43.7400016784668,41.641178131103516
2025-09-04,44.18000030517578,42.060062408447266
2025-09-05,44.380001068115234,42.250465393066406
2025-09-08,43.31999969482422,41.2413330078125
2025-09-09,43.56999969482422,41.479331970214844
2025-09-10,43.4900016784668,41.40317153930664
2025-09-11,44.13999938964844,42.0219841003418
2025-09-12,43.970001220703125,41.86014175415039
2025-09-15,43.869998931884766,41.76493835449219
2025-09-16,43.7400016784668,41.641178131103516
2025-09-17,44.209999084472656,42.088623046875
2025-09-18,43.66999816894531,41.57453155517578
2025-09-19,43.47999954223633,41.39365005493164
2025-09-22,43.15999984741211,41.08900451660156
2025-09-23,43.349998474121094,41.2698860168457
2025-09-24,43.18000030517578,41.1080436706543
2025-09-25,43.349998474121094,41.2698860168457
2025-09-26,43.61000061035156,41.51741409301758
2025-09-29,43.25,41.174686431884766
2025-09-30,43.95000076293945,41.84109878540039
2025-10-01,43.83000183105469,41.72686004638672
2025-10-02,43.400001525878906,41.3174934387207
2025-10-03,43.66999816894531,41.57453155517578
2025-10-06,41.439998626708984,39.4515380859375
2025-10-07,41.400001525878906,39.41345977783203
2025-10-08,41.31999969482422,39.33729934692383
2025-10-09,40.83000183105469,38.870811462402344
2025-10-10,39.849998474121094,38.5899772644043
2025-10-13,39.75,38.493141174316406
2025-10-14,40.54999923706055,39.267845153808594
2025-10-15,40.380001068115234,39.10322189331055
2025-10-16,40.36000061035156,39.0838508605957
2025-10-17,40.54999923706055,39.267845153808594
2025-10-20,40.79999923706055,39.50993728637695
2025-10-21,40.29999923706055,39.02574920654297
2025-10-22,39.79999923706055,38.541561126708984
2025-10-23,38.400001525878906,37.185829162597656
2025-10-24,38.81999969482422,37.59254455566406
2025-10-27,39.22999954223633,37.98958206176758
2025-10-28,39.31999969482422,38.07673645019531
2025-10-29,40.209999084472656,38.938594818115234
2025-10-30,38.959999084472656,37.728118896484375
2025-10-31,39.7400016784668,38.48345947265625
2025-11-03,39.470001220703125,38.22199630737305
2025-11-04,39.31999969482422,38.07673645019531
2025-11-05,39.689998626708984,38.43503952026367
2025-11-06,39.81999969482422,38.56092834472656
2025-11-07,40.029998779296875,38.764286041259766
2025-11-10,39.849998474121094,38.5899772644043
2025-11-11,40.70000076293945,39.41310119628906
2025-11-12,40.79999923706055,39.50993728637695
2025-11-13,41.11000061035156,39.810142517089844
2025-11-14,41.060001373291016,39.761722564697266
2025-11-17,41.0099983215332,39.71330261230469
2025-11-18,41.47999954223633,40.16843795776367
2025-11-19,41.189998626708984,39.88760757446289
2025-11-20,40.7599983215332,39.4712028503418
2025-11-21,41.22999954223633,39.92634582519531
2025-11-24,40.209999084472656,38.938594818115234
2025-11-25,40.59000015258789,39.30657958984375
2025-11-26,40.880001068115234,39.5874137878418
2025-11-28,41.11000061035156,39.810142517089844
2025-12-01,40.7400016784668,39.451839447021484
2025-12-02,40.61000061035156,39.325950622558594
2025-12-03,40.66999816894531,39.38405227661133
2025-12-04,41.2599983215332,39.95539474487305
2025-12-05,41.689998626708984,40.37179946899414
2025-12-08,41.29999923706055,39.9941291809082
2025-12-09,40.13999938964844,38.87080764770508
2025-12-10,39.91999816894531,38.65776443481445
2025-12-11,40.220001220703125,38.948280334472656
2025-12-12,40.88999938964844,39.59709548950195
2025-12-15,40.79999923706055,39.50993728637695
2025-12-16,40.75,39.46152114868164
2025-12-17,40.880001068115234,39.5874137878418
2025-12-18,40.40999984741211,39.13227081298828
2025-12-19,39.81999969482422,38.56092834472656
2025-12-22,39.97999954223633,38.71586608886719
2025-12-23,39.91999816894531,38.65776443481445
2025-12-24,40.31999969482422,39.04511642456055
2025-12-26,40.47999954223633,39.20005798339844
2025-12-29,40.47999954223633,39.20005798339844
2025-12-30,40.70000076293945,39.41310119628906
