date,close,adj_close
2009-06-01,20.18000030517578,14.795984268188477
2009-06-02,20.59000015258789,15.096596717834473
2009-06-03,20.299999237060547,14.88396167755127
2009-06-04,20.09000015258789,14.730003356933594
2009-06-05,20.040000915527344,14.693340301513672
2009-06-08,20.110000610351562,14.744659423828125
2009-06-09,20.459999084472656,15.001291275024414
2009-06-10,20.3700008392334,14.935296058654785
2009-06-11,19.950000762939453,14.62735366821289
2009-06-12,19.850000381469727,14.554027557373047
2009-06-15,19.65999984741211,14.414719581604004
2009-06-16,19.100000381469727,14.00412654876709
2009-06-17,19.020000457763672,13.945476531982422
2009-06-18,18.40999984741211,13.498221397399902
2009-06-19,18.780000686645508,13.769502639770508
2009-06-22,18.65999984741211,13.681526184082031
2009-06-23,18.309999465942383,13.424901962280273
2009-06-24,18.18000030517578,13.329585075378418
2009-06-25,18.8700008392334,13.835488319396973
2009-06-26,19.219999313354492,14.092109680175781
2009-06-29,19.469999313354492,14.275419235229492
2009-06-30,19.40999984741211,14.23142147064209
2009-07-01,19.510000228881836,14.304746627807617
2009-07-02,18.6200008392334,13.652190208435059
2009-07-06,18.8700008392334,13.835488319396973
2009-07-07,18.6299991607666,13.659523010253906
2009-07-08,18.850000381469727,13.820826530456543
2009-07-09,18.950000762939453,13.894147872924805
2009-07-10,18.850000381469727,13.820826530456543
2009-07-13,19.260000228881836,14.121443748474121
2009-07-14,19.56999969482422,14.348732948303223
2009-07-15,20.030000686645508,14.753852844238281
2009-07-16,20.100000381469727,14.805418014526367
2009-07-17,20.420000076293945,15.04112434387207
2009-07-20,20.75,15.284205436706543
2009-07-21,20.559999465942383,15.144246101379395
2009-07-22,20.75,15.284205436706543
2009-07-23,21.649999618530273,15.947124481201172
2009-07-24,22.0,16.204933166503906
2009-07-27,21.280000686645508,15.674589157104492
2009-07-28,21.610000610351562,15.917675018310547
2009-07-29,21.639999389648438,15.939773559570312
2009-07-30,22.149999618530273,16.315414428710938
2009-07-31,22.459999084472656,16.543764114379883
2009-08-03,22.739999771118164,16.75000762939453
2009-08-04,22.610000610351562,16.654254913330078
2009-08-05,22.469999313354492,16.551130294799805
2009-08-06,22.729999542236328,16.742643356323242
2009-08-07,23.850000381469727,17.5676212310791
2009-08-10,23.329999923706055,17.184606552124023
2009-08-11,23.260000228881836,17.133031845092773
2009-08-12,22.850000381469727,16.83103370666504
2009-08-13,23.309999465942383,17.16986656188965
2009-08-14,22.829999923706055,16.816303253173828
2009-08-17,20.469999313354492,15.077950477600098
2009-08-18,19.989999771118164,14.724390029907227
2009-08-19,20.219999313354492,14.893806457519531
2009-08-20,20.389999389648438,15.019026756286621
2009-08-21,21.15999984741211,15.586203575134277
2009-08-24,20.719999313354492,15.262102127075195
2009-08-25,21.06999969482422,15.51990795135498
2009-08-26,21.59000015258789,15.902935028076172
2009-08-27,21.700000762939453,15.983965873718262
2009-08-28,21.700000762939453,15.983965873718262
2009-08-31,21.5,15.836641311645508
2009-09-01,20.860000610351562,15.365220069885254
2009-09-02,20.860000610351562,15.365220069885254
2009-09-03,21.309999465942383,15.696684837341309
2009-09-04,21.6200008392334,15.925027847290039
2009-09-08,21.770000457763672,16.035520553588867
2009-09-09,21.719999313354492,15.998698234558105
2009-09-10,21.860000610351562,16.1018123626709
2009-09-11,21.43000030517578,15.785079956054688
2009-09-14,21.360000610351562,15.733526229858398
2009-09-15,21.209999084472656,15.623040199279785
2009-09-16,21.600000381469727,15.910298347473145
2009-09-17,21.65999984741211,15.954487800598145
2009-09-18,21.969999313354492,16.182842254638672
2009-09-21,21.950000762939453,16.168102264404297
2009-09-22,21.06999969482422,15.51990795135498
2009-09-23,21.530000686645508,15.858735084533691
2009-09-24,21.389999389648438,15.755615234375
2009-09-25,21.049999237060547,15.50517463684082
2009-09-28,21.25,15.652487754821777
2009-09-29,21.209999084472656,15.623040199279785
2009-09-30,20.940000534057617,15.424150466918945
2009-10-01,20.360000610351562,14.996931076049805
2009-10-02,20.030000686645508,14.753852844238281
2009-10-05,20.459999084472656,15.070591926574707
2009-10-06,20.68000030517578,15.232633590698242
2009-10-07,20.200000762939453,14.879076957702637
2009-10-08,20.780000686645508,15.306303024291992
2009-10-09,20.940000534057617,15.424150466918945
2009-10-12,21.010000228881836,15.475714683532715
2009-10-13,21.450000762939453,15.799812316894531
2009-10-14,21.729999542236328,16.07349967956543
2009-10-15,21.649999618530273,16.014318466186523
2009-10-16,21.360000610351562,15.79981803894043
2009-10-19,21.760000228881836,16.095687866210938
2009-10-20,21.389999389648438,15.822004318237305
2009-10-21,20.760000228881836,15.35599422454834
2009-10-22,21.170000076293945,15.659271240234375
2009-10-23,20.709999084472656,15.319009780883789
2009-10-26,20.34000015258789,15.045327186584473
2009-10-27,19.93000030517578,14.742049217224121
2009-10-28,19.5,14.423990249633789
2009-10-29,19.979999542236328,14.779036521911621
2009-10-30,19.56999969482422,14.475761413574219
2009-11-02,19.579999923706055,14.483155250549316
2009-11-03,19.450000762939453,14.387002944946289
2009-11-04,19.510000228881836,14.431381225585938
2009-11-05,20.06999969482422,14.84560489654541
2009-11-06,20.940000534057617,15.489137649536133
2009-11-09,21.25,15.718443870544434
2009-11-10,21.010000228881836,15.540924072265625
2009-11-11,21.299999237060547,15.75543212890625
2009-11-12,21.469999313354492,15.881179809570312
2009-11-13,21.850000381469727,16.162263870239258
2009-11-16,21.739999771118164,16.080902099609375
2009-11-17,21.479999542236328,15.888578414916992
2009-11-18,21.59000015258789,15.969937324523926
2009-11-19,21.489999771118164,15.895970344543457
2009-11-20,21.350000381469727,15.792417526245117
2009-11-23,21.8799991607666,16.184452056884766
2009-11-24,22.010000228881836,16.28061294555664
2009-11-25,22.149999618530273,16.384166717529297
2009-11-27,21.959999084472656,16.243627548217773
2009-11-30,21.809999465942383,16.132675170898438
2009-12-01,22.579999923706055,16.702234268188477
2009-12-02,22.649999618530273,16.754013061523438
2009-12-03,22.479999542236328,16.628263473510742
2009-12-04,22.8799991607666,16.92414093017578
2009-12-07,22.780000686645508,16.850177764892578
2009-12-08,22.709999084472656,16.798391342163086
2009-12-09,22.809999465942383,16.87236785888672
2009-12-10,23.09000015258789,17.079477310180664
2009-12-11,23.8799991607666,17.663833618164062
2009-12-14,24.170000076293945,17.878334045410156
2009-12-15,24.0,17.752599716186523
2009-12-16,23.690000534057617,17.523298263549805
2009-12-17,23.690000534057617,17.523298263549805
2009-12-18,23.6200008392334,17.47151756286621
2009-12-21,23.84000015258789,17.634248733520508
2009-12-22,23.860000610351562,17.649036407470703
2009-12-23,23.559999465942383,17.427139282226562
2009-12-24,23.649999618530273,17.493703842163086
2009-12-28,23.649999618530273,17.493703842163086
2009-12-29,23.610000610351562,17.464122772216797
2009-12-30,23.530000686645508,17.404943466186523
2009-12-31,23.389999389648438,17.301376342773438
2010-01-04,23.15999984741211,17.131250381469727
2010-01-05,22.920000076293945,16.95372772216797
2010-01-06,22.979999542236328,16.99811553955078
2010-01-07,23.639999389648438,17.486305236816406
2010-01-08,23.59000015258789,17.449316024780273
2010-01-11,23.389999389648438,17.301376342773438
2010-01-12,23.329999923706055,17.257015228271484
2010-01-13,23.219999313354492,17.17563247680664
2010-01-14,23.190000534057617,17.153444290161133
2010-01-15,23.1299991607666,17.17572593688965
2010-01-19,23.110000610351562,17.160879135131836
2010-01-20,22.799999237060547,16.93067169189453
2010-01-21,22.889999389648438,16.997501373291016
2010-01-22,22.309999465942383,16.566814422607422
2010-01-25,22.1200008392334,16.425724029541016
2010-01-26,21.959999084472656,16.306909561157227
2010-01-27,22.1200008392334,16.425724029541016
2010-01-28,21.979999542236328,16.321762084960938
2010-01-29,21.649999618530273,16.076709747314453
2010-02-01,21.989999771118164,16.329193115234375
2010-02-02,22.579999923706055,16.767311096191406
2010-02-03,22.110000610351562,16.418296813964844
2010-02-04,21.600000381469727,16.039587020874023
2010-02-05,21.59000015258789,16.032163619995117
2010-02-08,21.760000228881836,16.158397674560547
2010-02-09,21.84000015258789,16.217798233032227
2010-02-10,21.799999237060547,16.188100814819336
2010-02-11,22.170000076293945,16.462854385375977
2010-02-12,22.15999984741211,16.45543098449707
2010-02-16,22.739999771118164,16.88612937927246
2010-02-17,23.049999237060547,17.11632537841797
2010-02-18,23.149999618530273,17.19057273864746
2010-02-19,23.1299991607666,17.17572593688965
2010-02-22,23.06999969482422,17.131168365478516
2010-02-23,22.809999465942383,16.93810272216797
2010-02-24,23.639999389648438,17.55443572998047
2010-02-25,23.81999969482422,17.688108444213867
2010-02-26,23.709999084472656,17.606416702270508
2010-03-01,23.979999542236328,17.806917190551758
2010-03-02,23.690000534057617,17.59156608581543
2010-03-03,23.6200008392334,17.53958511352539
2010-03-04,23.790000915527344,17.66582679748535
2010-03-05,24.049999237060547,17.858882904052734
2010-03-08,23.950000762939453,17.784637451171875
2010-03-09,24.010000228881836,17.829185485839844
2010-03-10,24.290000915527344,18.037105560302734
2010-03-11,24.59000015258789,18.259883880615234
2010-03-12,24.950000762939453,18.527204513549805
2010-03-15,25.040000915527344,18.594038009643555
2010-03-16,25.049999237060547,18.60146141052246
2010-03-17,25.15999984741211,18.68315315246582
2010-03-18,24.899999618530273,18.490074157714844
2010-03-19,24.780000686645508,18.400972366333008
2010-03-22,24.90999984741211,18.497512817382812
2010-03-23,24.829999923706055,18.438095092773438
2010-03-24,24.3799991607666,18.10393714904785
2010-03-25,24.34000015258789,18.074247360229492
2010-03-26,24.479999542236328,18.178199768066406
2010-03-29,24.309999465942383,18.051959991455078
2010-03-30,24.34000015258789,18.074247360229492
2010-03-31,24.239999771118164,17.999982833862305
2010-04-01,24.540000915527344,18.222763061523438
2010-04-05,24.8700008392334,18.467798233032227
2010-04-06,24.979999542236328,18.549489974975586
2010-04-07,25.25,18.749977111816406
2010-04-08,25.59000015258789,19.00245475769043
2010-04-09,25.6299991607666,19.03215789794922
2010-04-12,25.600000381469727,19.00988006591797
2010-04-13,26.219999313354492,19.47027015686035
2010-04-14,26.59000015258789,19.745025634765625
2010-04-15,26.65999984741211,19.797012329101562
2010-04-16,26.290000915527344,19.522258758544922
2010-04-19,26.450000762939453,19.708547592163086
2010-04-20,26.6200008392334,19.835208892822266
2010-04-21,26.65999984741211,19.865007400512695
2010-04-22,27.530000686645508,20.513269424438477
2010-04-23,28.219999313354492,21.02740478515625
2010-04-26,28.15999984741211,20.982704162597656
2010-04-27,27.0,20.118356704711914
2010-04-28,27.030000686645508,20.140710830688477
2010-04-29,27.399999618530273,20.41640281677246
2010-04-30,27.1200008392334,20.20777702331543
2010-05-03,27.739999771118164,20.66974449157715
2010-05-04,26.969999313354492,20.096006393432617
2010-05-05,26.649999618530273,19.857559204101562
2010-05-06,25.520000457763672,19.01557159423828
2010-05-07,25.309999465942383,18.859092712402344
2010-05-10,26.700000762939453,19.89481544494629
2010-05-11,27.100000381469727,20.192874908447266
2010-05-12,27.059999465942383,20.163063049316406
2010-05-13,26.25,19.559511184692383
2010-05-14,26.06999969482422,19.425390243530273
2010-05-17,25.260000228881836,18.821842193603516
2010-05-18,24.700000762939453,18.40456771850586
2010-05-19,24.81999969482422,18.49398422241211
2010-05-20,23.700000762939453,17.65944480895996
2010-05-21,24.200000762939453,18.032012939453125
2010-05-24,24.18000030517578,18.017108917236328
2010-05-25,24.420000076293945,18.195938110351562
2010-05-26,24.34000015258789,18.136322021484375
2010-05-27,25.1200008392334,18.717519760131836
2010-05-28,24.75,18.441818237304688
2010-06-01,24.290000915527344,18.09907341003418
2010-06-02,24.43000030517578,18.203392028808594
2010-06-03,24.440000534057617,18.210840225219727
2010-06-04,23.520000457763672,17.52532196044922
2010-06-07,23.389999389648438,17.42845344543457
2010-06-08,23.3700008392334,17.413551330566406
2010-06-09,23.280000686645508,17.346492767333984
2010-06-10,23.84000015258789,17.763763427734375
2010-06-11,23.479999542236328,17.49551773071289
2010-06-14,23.450000762939453,17.473169326782227
2010-06-15,23.93000030517578,17.830825805664062
2010-06-16,23.200000762939453,17.286884307861328
2010-06-17,22.68000030517578,16.899415969848633
2010-06-18,22.6200008392334,16.85470962524414
2010-06-21,22.510000228881836,16.772748947143555
2010-06-22,21.760000228881836,16.213903427124023
2010-06-23,21.850000381469727,16.28097152709961
2010-06-24,21.239999771118164,15.826440811157227
2010-06-25,21.329999923706055,15.893503189086914
2010-06-28,21.229999542236328,15.818985939025879
2010-06-29,20.600000381469727,15.349564552307129
2010-06-30,20.420000076293945,15.215433120727539
2010-07-01,20.40999984741211,15.207988739013672
2010-07-02,20.270000457763672,15.10367202758789
2010-07-06,19.959999084472656,14.872682571411133
2010-07-07,20.389999389648438,15.193089485168457
2010-07-08,20.229999542236328,15.073864936828613
2010-07-09,20.43000030517578,15.222883224487305
2010-07-12,20.360000610351562,15.170729637145996
2010-07-13,21.15999984741211,15.766829490661621
2010-07-14,20.8700008392334,15.550745010375977
2010-07-15,20.8799991607666,15.558198928833008
2010-07-16,20.040000915527344,14.932291984558105
2010-07-19,19.93000030517578,14.932291984558105
2010-07-20,20.329999923706055,15.231990814208984
2010-07-21,19.979999542236328,14.969755172729492
2010-07-22,20.829999923706055,15.606603622436523
2010-07-23,21.110000610351562,15.816385269165039
2010-07-26,21.799999237060547,16.333364486694336
2010-07-27,21.149999618530273,15.846356391906738
2010-07-28,20.700000762939453,15.509201049804688
2010-07-29,20.479999542236328,15.344362258911133
2010-07-30,20.739999771118164,15.539170265197754
2010-08-02,21.329999923706055,15.981230735778809
2010-08-03,20.739999771118164,15.539170265197754
2010-08-04,20.809999465942383,15.591618537902832
2010-08-05,20.739999771118164,15.539170265197754
2010-08-06,20.280000686645508,15.194520950317383
2010-08-09,20.309999465942383,15.216998100280762
2010-08-10,19.920000076293945,14.924802780151367
2010-08-11,19.809999465942383,14.842382431030273
2010-08-12,19.739999771118164,14.789939880371094
2010-08-13,19.59000015258789,14.677553176879883
2010-08-16,19.700000762939453,14.759968757629395
2010-08-17,19.989999771118164,14.977248191833496
2010-08-18,20.790000915527344,15.576631546020508
2010-08-19,20.399999618530273,15.284428596496582
2010-08-20,20.639999389648438,15.464247703552246
2010-08-23,20.229999542236328,15.157060623168945
2010-08-24,20.219999313354492,15.149565696716309
2010-08-25,20.709999084472656,15.51668930053711
2010-08-26,20.649999618530273,15.471741676330566
2010-08-27,21.100000381469727,15.808900833129883
2010-08-30,20.459999084472656,15.329385757446289
2010-08-31,20.280000686645508,15.194520950317383
2010-09-01,21.239999771118164,15.913795471191406
2010-09-02,21.940000534057617,16.438255310058594
2010-09-03,21.959999084472656,16.453237533569336
2010-09-07,21.530000686645508,16.131065368652344
2010-09-08,21.540000915527344,16.138559341430664
2010-09-09,21.56999969482422,16.161041259765625
2010-09-10,21.520000457763672,16.123563766479492
2010-09-13,21.709999084472656,16.26592445373535
2010-09-14,21.530000686645508,16.131065368652344
2010-09-15,21.479999542236328,16.093608856201172
2010-09-16,21.309999465942383,15.966243743896484
2010-09-17,21.020000457763672,15.748957633972168
2010-09-20,21.459999084472656,16.07862091064453
2010-09-21,21.690000534057617,16.250944137573242
2010-09-22,21.760000228881836,16.30339241027832
2010-09-23,21.520000457763672,16.123563766479492
2010-09-24,22.479999542236328,16.842844009399414
2010-09-27,22.270000457763672,16.685504913330078
2010-09-28,22.40999984741211,16.790395736694336
2010-09-29,22.190000534057617,16.62557029724121
2010-09-30,22.290000915527344,16.70049476623535
2010-10-01,22.350000381469727,16.74544334411621
2010-10-04,22.239999771118164,16.66303062438965
2010-10-05,22.670000076293945,16.985197067260742
2010-10-06,22.670000076293945,16.985197067260742
2010-10-07,22.6299991607666,16.955232620239258
2010-10-08,22.700000762939453,17.007678985595703
2010-10-11,22.59000015258789,16.925256729125977
2010-10-12,22.040000915527344,16.513179779052734
2010-10-13,21.889999389648438,16.400793075561523
2010-10-14,21.68000030517578,16.243453979492188
2010-10-15,21.559999465942383,16.153539657592773
2010-10-18,21.049999237060547,15.852315902709961
2010-10-19,21.049999237060547,15.852315902709961
2010-10-20,21.649999618530273,16.304162979125977
2010-10-21,22.049999237060547,16.60539436340332
2010-10-22,22.0,16.5677433013916
2010-10-25,21.860000610351562,16.46230697631836
2010-10-26,21.719999313354492,16.356876373291016
2010-10-27,21.459999084472656,16.16107940673828
2010-10-28,21.3799991607666,16.1008358001709
2010-10-29,21.34000015258789,16.070711135864258
2010-11-01,21.190000534057617,15.957744598388672
2010-11-02,21.920000076293945,16.507492065429688
2010-11-03,21.920000076293945,16.507492065429688
2010-11-04,22.299999237060547,16.793659210205078
2010-11-05,22.290000915527344,16.786134719848633
2010-11-08,22.09000015258789,16.635522842407227
2010-11-09,21.649999618530273,16.304162979125977
2010-11-10,21.860000610351562,16.46230697631836
2010-11-11,22.299999237060547,16.793659210205078
2010-11-12,21.690000534057617,16.33428955078125
2010-11-15,21.459999084472656,16.16107940673828
2010-11-16,21.56999969482422,16.243921279907227
2010-11-17,21.520000457763672,16.20625877380371
2010-11-18,21.639999389648438,16.296628952026367
2010-11-19,22.09000015258789,16.635522842407227
2010-11-22,22.329999923706055,16.81625747680664
2010-11-23,22.06999969482422,16.620454788208008
2010-11-24,22.65999984741211,17.064775466918945
2010-11-26,22.239999771118164,16.748477935791016
2010-11-29,22.360000610351562,16.838848114013672
2010-11-30,22.700000762939453,17.094898223876953
2010-12-01,23.75,17.88563346862793
2010-12-02,24.920000076293945,18.766735076904297
2010-12-03,24.860000610351562,18.721538543701172
2010-12-06,24.81999969482422,18.691417694091797
2010-12-07,25.149999618530273,18.939939498901367
2010-12-08,25.65999984741211,19.324010848999023
2010-12-09,25.18000030517578,18.962533950805664
2010-12-10,25.219999313354492,18.992660522460938
2010-12-13,25.0,18.826982498168945
2010-12-14,25.110000610351562,18.909820556640625
2010-12-15,25.15999984741211,18.947467803955078
2010-12-16,25.450000762939453,19.165861129760742
2010-12-17,25.170000076293945,18.955001831054688
2010-12-20,25.559999465942383,19.24870491027832
2010-12-21,25.68000030517578,19.339067459106445
2010-12-22,25.670000076293945,19.33153533935547
2010-12-23,25.520000457763672,19.218576431274414
2010-12-27,25.479999542236328,19.188459396362305
2010-12-28,25.149999618530273,18.939939498901367
2010-12-29,25.030000686645508,18.84957504272461
2010-12-30,24.989999771118164,18.819442749023438
2010-12-31,25.079999923706055,18.887226104736328
2011-01-03,25.15999984741211,18.947467803955078
2011-01-04,24.559999465942383,18.495620727539062
2011-01-05,24.68000030517578,18.58599853515625
2011-01-06,24.1299991607666,18.17180633544922
2011-01-07,23.989999771118164,18.066370010375977
2011-01-10,24.309999465942383,18.307350158691406
2011-01-11,24.389999389648438,18.367599487304688
2011-01-12,24.440000534057617,18.405250549316406
2011-01-13,24.549999237060547,18.48809051513672
2011-01-14,25.0,18.911714553833008
2011-01-18,25.010000228881836,18.91928482055664
2011-01-19,24.399999618530273,18.457834243774414
2011-01-20,25.299999237060547,19.138654708862305
2011-01-21,25.010000228881836,18.91928482055664
2011-01-24,25.06999969482422,18.96466636657715
2011-01-25,25.559999465942383,19.335342407226562
2011-01-26,25.850000381469727,19.554706573486328
2011-01-27,26.239999771118164,19.8497371673584
2011-01-28,25.25,19.1008358001709
2011-01-31,24.799999237060547,18.760421752929688
2011-02-01,25.0,18.911714553833008
2011-02-02,24.260000228881836,18.351924896240234
2011-02-03,24.5,18.533477783203125
2011-02-04,24.709999084472656,18.692340850830078
2011-02-07,24.6200008392334,18.624258041381836
2011-02-08,24.75,18.722591400146484
2011-02-09,24.469999313354492,18.510786056518555
2011-02-10,24.43000030517578,18.480525970458984
2011-02-11,25.09000015258789,18.97978973388672
2011-02-14,25.170000076293945,19.040313720703125
2011-02-15,25.579999923706055,19.3504695892334
2011-02-16,25.790000915527344,19.50933074951172
2011-02-17,26.139999389648438,19.774085998535156
2011-02-18,26.299999237060547,19.895122528076172
2011-02-22,25.989999771118164,19.660619735717773
2011-02-23,25.729999542236328,19.463932037353516
2011-02-24,25.110000610351562,18.99492835998535
2011-02-25,25.270000457763672,19.115957260131836
2011-02-28,26.170000076293945,19.796772003173828
2011-03-01,25.5,19.289945602416992
2011-03-02,25.780000686645508,19.50175666809082
2011-03-03,26.280000686645508,19.8799991607666
2011-03-04,26.239999771118164,19.8497371673584
2011-03-07,26.0,19.66818618774414
2011-03-08,26.610000610351562,20.129629135131836
2011-03-09,26.81999969482422,20.288490295410156
2011-03-10,26.68000030517578,20.182584762573242
2011-03-11,26.940000534057617,20.379261016845703
2011-03-14,26.809999465942383,20.280925750732422
2011-03-15,26.639999389648438,20.152326583862305
2011-03-16,26.0,19.66818618774414
2011-03-17,26.079999923706055,19.728700637817383
2011-03-18,26.200000762939453,19.819477081298828
2011-03-21,26.31999969482422,19.910253524780273
2011-03-22,26.450000762939453,20.008596420288086
2011-03-23,26.969999313354492,20.401962280273438
2011-03-24,27.280000686645508,20.63646125793457
2011-03-25,27.190000534057617,20.568376541137695
2011-03-28,26.719999313354492,20.212844848632812
2011-03-29,26.93000030517578,20.371694564819336
2011-03-30,26.969999313354492,20.401962280273438
2011-03-31,26.43000030517578,19.993459701538086
2011-04-01,26.739999771118164,20.227968215942383
2011-04-04,26.579999923706055,20.10693359375
2011-04-05,26.780000686645508,20.258228302001953
2011-04-06,26.670000076293945,20.175018310546875
2011-04-07,26.600000381469727,20.1220645904541
2011-04-08,26.81999969482422,20.288490295410156
2011-04-11,26.780000686645508,20.258228302001953
2011-04-12,27.09000015258789,20.492738723754883
2011-04-13,26.90999984741211,20.356563568115234
2011-04-14,27.09000015258789,20.492738723754883
2011-04-15,27.049999237060547,20.462474822998047
2011-04-18,26.459999084472656,20.097885131835938
2011-04-19,26.65999984741211,20.249792098999023
2011-04-20,26.65999984741211,20.249792098999023
2011-04-21,26.670000076293945,20.257396697998047
2011-04-25,26.34000015258789,20.006738662719727
2011-04-26,26.270000457763672,19.953571319580078
2011-04-27,26.739999771118164,20.310565948486328
2011-04-28,26.600000381469727,20.204225540161133
2011-04-29,26.25,19.938383102416992
2011-05-02,26.3799991607666,20.03712272644043
2011-05-03,26.049999237060547,19.786462783813477
2011-05-04,25.760000228881836,19.566194534301758
2011-05-05,25.760000228881836,19.566194534301758
2011-05-06,25.639999389648438,19.47504997253418
2011-05-09,25.760000228881836,19.566194534301758
2011-05-10,26.209999084472656,19.908000946044922
2011-05-11,25.940000534057617,19.702911376953125
2011-05-12,25.979999542236328,19.733304977416992
2011-05-13,25.760000228881836,19.566194534301758
2011-05-16,24.84000015258789,18.867403030395508
2011-05-17,24.75,18.799039840698242
2011-05-18,25.049999237060547,19.026912689208984
2011-05-19,24.780000686645508,18.821828842163086
2011-05-20,24.459999084472656,18.578771591186523
2011-05-23,24.3799991607666,18.518003463745117
2011-05-24,24.149999618530273,18.343307495117188
2011-05-25,24.34000015258789,18.487628936767578
2011-05-26,24.309999465942383,18.464839935302734
2011-05-27,24.25,18.419260025024414
2011-05-31,24.139999389648438,18.335710525512695
2011-06-01,23.719999313354492,18.01669692993164
2011-06-02,23.59000015258789,17.917953491210938
2011-06-03,23.399999618530273,17.773639678955078
2011-06-06,22.8700008392334,17.371076583862305
2011-06-07,22.989999771118164,17.462223052978516
2011-06-08,22.719999313354492,17.25713539123535
2011-06-09,22.770000457763672,17.295127868652344
2011-06-10,22.260000228881836,16.907743453979492
2011-06-13,22.049999237060547,16.748241424560547
2011-06-14,22.719999313354492,17.25713539123535
2011-06-15,22.110000610351562,16.79380989074707
2011-06-16,22.68000030517578,17.226757049560547
2011-06-17,22.829999923706055,17.34069061279297
2011-06-20,23.110000610351562,17.553375244140625
2011-06-21,23.68000030517578,17.986312866210938
2011-06-22,23.190000534057617,17.614133834838867
2011-06-23,23.709999084472656,18.009103775024414
2011-06-24,23.25,17.659711837768555
2011-06-27,23.149999618530273,17.583744049072266
2011-06-28,23.469999313354492,17.826805114746094
2011-06-29,23.3799991607666,17.758451461791992
2011-06-30,23.309999465942383,17.705278396606445
2011-07-01,23.81999969482422,18.0926570892334
2011-07-05,23.479999542236328,17.834409713745117
2011-07-06,23.260000228881836,17.667308807373047
2011-07-07,23.989999771118164,18.22178077697754
2011-07-08,23.610000610351562,17.933149337768555
2011-07-11,23.18000030517578,17.606542587280273
2011-07-12,23.18000030517578,17.606542587280273
2011-07-13,23.280000686645508,17.682493209838867
2011-07-14,23.110000610351562,17.553375244140625
2011-07-15,22.860000610351562,17.363483428955078
2011-07-18,22.5,17.195350646972656
2011-07-19,22.959999084472656,17.54689598083496
2011-07-20,22.770000457763672,17.40169334411621
2011-07-21,22.940000534057617,17.5316219329834
2011-07-22,22.6200008392334,17.287059783935547
2011-07-25,22.610000610351562,17.279409408569336
2011-07-26,22.84000015258789,17.4551944732666
2011-07-27,22.459999084472656,17.164777755737305
2011-07-28,21.790000915527344,16.652738571166992
2011-07-29,21.579999923706055,16.492250442504883
2011-08-01,21.09000015258789,16.117773056030273
2011-08-02,20.459999084472656,15.636297225952148
2011-08-03,20.420000076293945,15.605737686157227
2011-08-04,20.219999313354492,15.452880859375
2011-08-05,20.149999618530273,15.399398803710938
2011-08-08,18.670000076293945,14.268316268920898
2011-08-09,19.170000076293945,14.650436401367188
2011-08-10,18.110000610351562,13.84034538269043
2011-08-11,19.09000015258789,14.589299201965332
2011-08-12,19.510000228881836,14.910280227661133
2011-08-15,19.68000030517578,15.040197372436523
2011-08-16,20.09000015258789,15.353538513183594
2011-08-17,20.100000381469727,15.361175537109375
2011-08-18,19.579999923706055,14.963781356811523
2011-08-19,19.309999465942383,14.75743293762207
2011-08-22,19.530000686645508,14.925558090209961
2011-08-23,20.1200008392334,15.376462936401367
2011-08-24,20.34000015258789,15.544596672058105
2011-08-25,20.110000610351562,15.368823051452637
2011-08-26,20.239999771118164,15.468170166015625
2011-08-29,20.489999771118164,15.65923023223877
2011-08-30,20.030000686645508,15.3076753616333
2011-08-31,19.93000030517578,15.231255531311035
2011-09-01,19.809999465942383,15.139548301696777
2011-09-02,18.940000534057617,14.474666595458984
2011-09-06,19.209999084472656,14.681007385253906
2011-09-07,19.65999984741211,15.02491283416748
2011-09-08,19.579999923706055,14.963781356811523
2011-09-09,18.959999084472656,14.489941596984863
2011-09-12,19.1299991607666,14.619868278503418
2011-09-13,19.149999618530273,14.635149955749512
2011-09-14,19.579999923706055,14.963781356811523
2011-09-15,19.989999771118164,15.277112007141113
2011-09-16,20.3799991607666,15.575169563293457
2011-09-19,20.010000228881836,15.29239559173584
2011-09-20,19.920000076293945,15.223613739013672
2011-09-21,19.18000030517578,14.65807819366455
2011-09-22,18.899999618530273,14.44409465789795
2011-09-23,19.739999771118164,15.086051940917969
2011-09-26,19.81999969482422,15.147189140319824
2011-09-27,20.239999771118164,15.468170166015625
2011-09-28,19.8799991607666,15.193044662475586
2011-09-29,20.020000457763672,15.300050735473633
2011-09-30,19.34000015258789,14.780355453491211
2011-10-03,18.979999542236328,14.50522518157959
2011-10-04,19.65999984741211,15.02491283416748
2011-10-05,19.739999771118164,15.086051940917969
2011-10-06,20.239999771118164,15.468170166015625
2011-10-07,20.34000015258789,15.544596672058105
2011-10-10,20.860000610351562,15.942000389099121
2011-10-11,20.530000686645508,15.689798355102539
2011-10-12,20.6200008392334,15.758581161499023
2011-10-13,20.450000762939453,15.628660202026367
2011-10-14,20.93000030517578,15.995491981506348
2011-10-17,20.889999389648438,16.072431564331055
2011-10-18,21.489999771118164,16.5340633392334
2011-10-19,21.040000915527344,16.187837600708008
2011-10-20,21.520000457763672,16.557146072387695
2011-10-21,22.1299991607666,17.02646827697754
2011-10-24,21.780000686645508,16.75718879699707
2011-10-25,21.510000228881836,16.549449920654297
2011-10-26,21.639999389648438,16.64946937561035
2011-10-27,21.899999618530273,16.84951400756836
2011-10-28,21.3700008392334,16.44174575805664
2011-10-31,21.020000457763672,16.17245101928711
2011-11-01,20.600000381469727,15.849312782287598
2011-11-02,21.329999923706055,16.41095542907715
2011-11-03,21.6299991607666,16.641775131225586
2011-11-04,21.540000915527344,16.572528839111328
2011-11-07,22.309999465942383,17.164953231811523
2011-11-08,22.770000457763672,17.51887321472168
2011-11-09,22.200000762939453,17.080324172973633
2011-11-10,22.459999084472656,17.280364990234375
2011-11-11,23.110000610351562,17.780467987060547
2011-11-14,23.5,18.080522537231445
2011-11-15,23.200000762939453,17.849712371826172
2011-11-16,23.489999771118164,18.072830200195312
2011-11-17,23.3799991607666,17.98820686340332
2011-11-18,23.309999465942383,17.934345245361328
2011-11-21,23.09000015258789,17.765077590942383
2011-11-22,22.809999465942383,17.549646377563477
2011-11-23,22.479999542236328,17.295745849609375
2011-11-25,22.68000030517578,17.449630737304688
2011-11-28,23.360000610351562,17.97281837463379
2011-11-29,24.299999237060547,18.696027755737305
2011-11-30,24.010000228881836,18.472917556762695
2011-12-01,23.8700008392334,18.365198135375977
2011-12-02,24.309999465942383,18.7037296295166
2011-12-05,24.350000381469727,18.734500885009766
2011-12-06,24.770000457763672,19.057649612426758
2011-12-07,25.200000762939453,19.388486862182617
2011-12-08,24.8799991607666,19.142274856567383
2011-12-09,24.969999313354492,19.211517333984375
2011-12-12,24.690000534057617,18.996091842651367
2011-12-13,24.18000030517578,18.603710174560547
2011-12-14,24.479999542236328,18.83452033996582
2011-12-15,24.65999984741211,18.973007202148438
2011-12-16,25.020000457763672,19.24998664855957
2011-12-19,24.719999313354492,19.01917266845703
2011-12-20,25.729999542236328,19.79625701904297
2011-12-21,25.959999084472656,19.97319984436035
2011-12-22,25.459999084472656,19.58851432800293
2011-12-23,25.270000457763672,19.44234275817871
2011-12-27,25.540000915527344,19.65007209777832
2011-12-28,25.059999465942383,19.2807674407959
2011-12-29,25.68000030517578,19.757780075073242
2011-12-30,25.3799991607666,19.52696990966797
2012-01-03,25.520000457763672,19.634681701660156
2012-01-04,26.469999313354492,20.365591049194336
2012-01-05,26.3700008392334,20.288663864135742
2012-01-06,26.34000015258789,20.265586853027344
2012-01-09,26.100000381469727,20.080928802490234
2012-01-10,26.43000030517578,20.334821701049805
2012-01-11,26.530000686645508,20.411760330200195
2012-01-12,26.389999389648438,20.30405044555664
2012-01-13,26.31999969482422,20.25019073486328
2012-01-17,26.799999237060547,20.61949920654297
2012-01-18,27.459999084472656,21.127286911010742
2012-01-19,27.329999923706055,21.027267456054688
2012-01-20,26.530000686645508,20.411760330200195
2012-01-23,26.329999923706055,20.365352630615234
2012-01-24,26.8799991607666,20.79076385498047
2012-01-25,26.90999984741211,20.813962936401367
2012-01-26,26.950000762939453,20.844905853271484
2012-01-27,26.90999984741211,20.813962936401367
2012-01-30,26.81999969482422,20.744348526000977
2012-01-31,26.829999923706055,20.752077102661133
2012-02-01,26.8799991607666,20.79076385498047
2012-02-02,26.81999969482422,20.744348526000977
2012-02-03,27.200000762939453,21.038267135620117
2012-02-06,27.010000228881836,20.89130210876465
2012-02-07,26.959999084472656,20.85263442993164
2012-02-08,26.8799991607666,20.79076385498047
2012-02-09,26.90999984741211,20.813962936401367
2012-02-10,27.09000015258789,20.953184127807617
2012-02-13,27.389999389648438,21.185224533081055
2012-02-14,27.190000534057617,21.030534744262695
2012-02-15,27.43000030517578,21.21616554260254
2012-02-16,27.309999465942383,21.123348236083984
2012-02-17,27.68000030517578,21.409534454345703
2012-02-21,27.760000228881836,21.471412658691406
2012-02-22,26.950000762939453,20.844905853271484
2012-02-23,27.059999465942383,20.929977416992188
2012-02-24,27.15999984741211,21.00733184814453
2012-02-27,27.34000015258789,21.146549224853516
2012-02-28,27.709999084472656,21.432727813720703
2012-02-29,28.3799991607666,21.950952529907227
2012-03-01,28.3799991607666,21.950952529907227
2012-03-02,28.1299991607666,21.757585525512695
2012-03-05,28.239999771118164,21.842666625976562
2012-03-06,27.84000015258789,21.533281326293945
2012-03-07,28.8700008392334,22.3299560546875
2012-03-08,29.360000610351562,22.708961486816406
2012-03-09,29.770000457763672,23.026071548461914
2012-03-12,29.84000015258789,23.080217361450195
2012-03-13,30.229999542236328,23.38187026977539
2012-03-14,30.489999771118164,23.582969665527344
2012-03-15,30.690000534057617,23.73766326904297
2012-03-16,30.40999984741211,23.521099090576172
2012-03-19,30.530000686645508,23.61390495300293
2012-03-20,30.59000015258789,23.660314559936523
2012-03-21,30.860000610351562,23.869152069091797
2012-03-22,30.950000762939453,23.93876075744629
2012-03-23,30.739999771118164,23.776334762573242
2012-03-26,31.18000030517578,24.116661071777344
2012-03-27,31.18000030517578,24.116661071777344
2012-03-28,31.219999313354492,24.147600173950195
2012-03-29,31.209999084472656,24.139856338500977
2012-03-30,31.3799991607666,24.271364212036133
2012-04-02,31.3799991607666,24.271364212036133
2012-04-03,31.06999969482422,24.03157615661621
2012-04-04,31.270000457763672,24.186275482177734
2012-04-05,31.350000381469727,24.24814796447754
2012-04-09,31.09000015258789,24.04705047607422
2012-04-10,30.329999923706055,23.459209442138672
2012-04-11,31.020000457763672,23.992900848388672
2012-04-12,31.5,24.36417007446289
2012-04-13,31.690000534057617,24.511127471923828
2012-04-16,32.04999923706055,24.789569854736328
2012-04-17,32.08000183105469,24.812782287597656
2012-04-18,31.959999084472656,24.719966888427734
2012-04-19,32.0,24.75090789794922
2012-04-20,31.649999618530273,24.48018455505371
2012-04-23,31.1200008392334,24.177202224731445
2012-04-24,31.3799991607666,24.379201889038086
2012-04-25,31.729999542236328,24.65110206604004
2012-04-26,31.43000030517578,24.418031692504883
2012-04-27,31.610000610351562,24.557876586914062
2012-04-30,31.469999313354492,24.44911766052246
2012-05-01,31.610000610351562,24.557876586914062
2012-05-02,32.099998474121094,24.93856430053711
2012-05-03,31.65999984741211,24.59672737121582
2012-05-04,31.09000015258789,24.15389060974121
2012-05-07,30.790000915527344,23.920812606811523
2012-05-08,30.670000076293945,23.82758903503418
2012-05-09,30.34000015258789,23.571208953857422
2012-05-10,30.18000030517578,23.446910858154297
2012-05-11,29.6200008392334,23.0118465423584
2012-05-14,29.559999465942383,22.965229034423828
2012-05-15,29.030000686645508,22.553468704223633
2012-05-16,29.31999969482422,22.778776168823242
2012-05-17,28.3700008392334,22.040712356567383
2012-05-18,28.479999542236328,22.12618064880371
2012-05-21,25.600000381469727,19.888696670532227
2012-05-22,25.489999771118164,19.803239822387695
2012-05-23,26.190000534057617,20.347068786621094
2012-05-24,27.100000381469727,21.05405044555664
2012-05-25,27.239999771118164,21.162824630737305
2012-05-29,27.489999771118164,21.35704803466797
2012-05-30,26.989999771118164,20.96859359741211
2012-05-31,26.719999313354492,20.758827209472656
2012-06-01,26.360000610351562,20.479145050048828
2012-06-04,26.65999984741211,20.712221145629883
2012-06-05,26.43000030517578,20.533531188964844
2012-06-06,27.479999542236328,21.349271774291992
2012-06-07,27.690000534057617,21.51242446899414
2012-06-08,27.920000076293945,21.691110610961914
2012-06-11,26.979999542236328,20.96082305908203
2012-06-12,27.440000534057617,21.318206787109375
2012-06-13,26.8799991607666,20.883134841918945
2012-06-14,27.770000457763672,21.57457733154297
2012-06-15,28.049999237060547,21.792104721069336
2012-06-18,28.43000030517578,22.08733367919922
2012-06-19,28.540000915527344,22.172786712646484
2012-06-20,28.6299991607666,22.24271583557129
2012-06-21,27.5,21.364809036254883
2012-06-22,27.309999465942383,21.217205047607422
2012-06-25,26.93000030517578,20.92197608947754
2012-06-26,27.260000228881836,21.1783504486084
2012-06-27,27.299999237060547,21.209428787231445
2012-06-28,27.239999771118164,21.162824630737305
2012-06-29,28.440000534057617,22.095102310180664
2012-07-02,28.6200008392334,22.234943389892578
2012-07-03,27.6200008392334,21.458036422729492
2012-07-05,27.579999923706055,21.426965713500977
2012-07-06,27.850000381469727,21.636728286743164
2012-07-09,27.280000686645508,21.193893432617188
2012-07-10,27.170000076293945,21.108436584472656
2012-07-11,26.670000076293945,20.719982147216797
2012-07-12,26.56999969482422,20.642282485961914
2012-07-13,26.719999313354492,20.758827209472656
2012-07-16,25.799999237060547,20.044082641601562
2012-07-17,25.549999237060547,19.849849700927734
2012-07-18,25.65999984741211,19.935312271118164
2012-07-19,26.030000686645508,20.222763061523438
2012-07-20,25.790000915527344,20.036312103271484
2012-07-23,25.770000457763672,20.145748138427734
2012-07-24,25.770000457763672,20.145748138427734
2012-07-25,25.600000381469727,20.01286506652832
2012-07-26,26.600000381469727,20.79461097717285
2012-07-27,27.06999969482422,21.16203498840332
2012-07-30,26.860000610351562,20.99786376953125
2012-07-31,25.3700008392334,19.833051681518555
2012-08-01,25.139999389648438,19.653249740600586
2012-08-02,24.850000381469727,19.426551818847656
2012-08-03,25.489999771118164,19.926862716674805
2012-08-06,25.40999984741211,19.86431884765625
2012-08-07,25.969999313354492,20.30210304260254
2012-08-08,26.420000076293945,20.653894424438477
2012-08-09,26.90999984741211,21.036945343017578
2012-08-10,26.770000457763672,20.92750358581543
2012-08-13,26.549999237060547,20.755523681640625
2012-08-14,26.540000915527344,20.747709274291992
2012-08-15,26.829999923706055,20.974411010742188
2012-08-16,27.450000762939453,21.45909881591797
2012-08-17,27.8700008392334,21.787433624267578
2012-08-20,26.260000228881836,20.528818130493164
2012-08-21,26.43000030517578,20.661714553833008
2012-08-22,27.239999771118164,21.294931411743164
2012-08-23,27.360000610351562,21.388744354248047
2012-08-24,27.729999542236328,21.6779842376709
2012-08-27,27.700000762939453,21.65453338623047
2012-08-28,27.850000381469727,21.771799087524414
2012-08-29,28.34000015258789,22.15485954284668
2012-08-30,28.18000030517578,22.0297794342041
2012-08-31,28.479999542236328,22.264305114746094
2012-09-04,28.43000030517578,22.2252197265625
2012-09-05,28.100000381469727,21.96723747253418
2012-09-06,28.3799991607666,22.186126708984375
2012-09-07,28.31999969482422,22.139219284057617
2012-09-10,28.690000534057617,22.428468704223633
2012-09-11,28.600000381469727,22.358108520507812
2012-09-12,28.219999313354492,22.061050415039062
2012-09-13,29.020000457763672,22.686450958251953
2012-09-14,29.399999618530273,22.9835147857666
2012-09-17,29.229999542236328,22.85061264038086
2012-09-18,29.18000030517578,22.81153106689453
2012-09-19,29.59000015258789,23.13204574584961
2012-09-20,30.0,23.45256996154785
2012-09-21,30.190000534057617,23.601099014282227
2012-09-24,29.799999237060547,23.29621124267578
2012-09-25,29.670000076293945,23.19458770751953
2012-09-26,30.010000228881836,23.460386276245117
2012-09-27,30.260000228881836,23.655826568603516
2012-09-28,30.239999771118164,23.640195846557617
2012-10-01,30.309999465942383,23.694904327392578
2012-10-02,30.290000915527344,23.67927360534668
2012-10-03,30.700000762939453,23.999792098999023
2012-10-04,30.950000762939453,24.195228576660156
2012-10-05,31.770000457763672,24.836265563964844
2012-10-08,31.549999237060547,24.664281845092773
2012-10-09,31.1299991607666,24.3359432220459
2012-10-10,30.889999389648438,24.148317337036133
2012-10-11,30.770000457763672,24.054515838623047
2012-10-12,31.18000030517578,24.375028610229492
2012-10-15,32.20000076293945,25.172420501708984
2012-10-16,32.349998474121094,25.28968620300293
2012-10-17,32.790000915527344,25.63365364074707
2012-10-18,32.56999969482422,25.461668014526367
2012-10-19,32.63999938964844,25.51639747619629
2012-10-22,32.709999084472656,25.697080612182617
2012-10-23,32.29999923706055,25.374977111816406
2012-10-24,32.290000915527344,25.36713218688965
2012-10-25,31.790000915527344,24.97432518005371
2012-10-26,31.360000610351562,24.636520385742188
2012-10-31,32.380001068115234,25.43782615661621
2012-11-01,32.959999084472656,25.89348030090332
2012-11-02,33.150001525878906,26.042747497558594
2012-11-05,33.060001373291016,25.9720401763916
2012-11-06,33.290000915527344,26.152738571166992
2012-11-07,32.77000045776367,25.744213104248047
2012-11-08,32.099998474121094,25.217857360839844
2012-11-09,31.469999313354492,24.722929000854492
2012-11-12,31.979999542236328,25.123586654663086
2012-11-13,31.969999313354492,25.11573600769043
2012-11-14,31.979999542236328,25.123586654663086
2012-11-15,31.399999618530273,24.667940139770508
2012-11-16,31.979999542236328,25.123586654663086
2012-11-19,33.959999084472656,26.679092407226562
2012-11-20,34.45000076293945,27.064037322998047
2012-11-21,34.54999923706055,27.142589569091797
2012-11-23,35.150001525878906,27.61395263671875
2012-11-26,35.349998474121094,27.771076202392578
2012-11-27,35.34000015258789,27.76321792602539
2012-11-28,35.77000045776367,28.101024627685547
2012-11-29,35.61000061035156,27.975332260131836
2012-11-30,36.09000015258789,28.35242462158203
2012-12-03,36.040000915527344,28.31313133239746
2012-12-04,35.619998931884766,27.98318099975586
2012-12-05,35.20000076293945,27.653240203857422
2012-12-06,35.16999816894531,27.629661560058594
2012-12-07,35.11000061035156,27.582530975341797
2012-12-10,34.810001373291016,27.346845626831055
2012-12-11,34.81999969482422,27.354698181152344
2012-12-12,34.72999954223633,27.283987045288086
2012-12-13,34.529998779296875,27.12687110900879
2012-12-14,34.459999084472656,27.071884155273438
2012-12-17,35.849998474121094,28.163864135742188
2012-12-18,35.83000183105469,28.148160934448242
2012-12-19,35.11000061035156,27.582530975341797
2012-12-20,35.380001068115234,27.794647216796875
2012-12-21,35.040000915527344,27.527536392211914
2012-12-24,35.2400016784668,27.684656143188477
2012-12-26,35.20000076293945,27.653240203857422
2012-12-27,35.130001068115234,27.59824562072754
2012-12-28,34.97999954223633,27.48039436340332
2012-12-31,35.52000045776367,27.904621124267578
2013-01-02,36.189998626708984,28.43097686767578
2013-01-03,35.849998474121094,28.163864135742188
2013-01-04,35.58000183105469,27.951759338378906
2013-01-07,34.7599983215332,27.307567596435547
2013-01-08,34.779998779296875,27.323284149169922
2013-01-09,34.880001068115234,27.401845932006836
2013-01-10,35.54999923706055,27.928178787231445
2013-01-11,35.83000183105469,28.148160934448242
2013-01-14,35.380001068115234,27.794647216796875
2013-01-15,35.93000030517578,28.226728439331055
2013-01-16,35.77000045776367,28.101024627685547
2013-01-17,37.0,29.067310333251953
2013-01-18,36.9900016784668,29.1856746673584
2013-01-22,37.439998626708984,29.540727615356445
2013-01-23,37.880001068115234,29.887895584106445
2013-01-24,38.40999984741211,30.306072235107422
2013-01-25,38.58000183105469,30.44020652770996
2013-01-28,38.349998474121094,30.258718490600586
2013-01-29,38.22999954223633,30.164043426513672
2013-01-30,38.209999084472656,30.148269653320312
2013-01-31,38.189998626708984,30.132484436035156
2013-02-01,38.560001373291016,30.424423217773438
2013-02-04,37.939998626708984,29.935237884521484
2013-02-05,38.33000183105469,30.242961883544922
2013-02-06,38.66999816894531,30.51121711730957
2013-02-07,38.77000045776367,30.590129852294922
2013-02-08,39.029998779296875,30.795257568359375
2013-02-11,39.060001373291016,30.818918228149414
2013-02-12,39.790000915527344,31.394908905029297
2013-02-13,39.77000045776367,31.379125595092773
2013-02-14,39.56999969482422,31.221332550048828
2013-02-15,39.13999938964844,30.882051467895508
2013-02-19,39.40999984741211,31.0950870513916
2013-02-20,38.63999938964844,30.48754119873047
2013-02-21,37.66999816894531,29.72219467163086
2013-02-22,37.66999816894531,29.72219467163086
2013-02-25,35.86000061035156,28.2940731048584
2013-02-26,36.59000015258789,28.870067596435547
2013-02-27,37.709999084472656,29.75376319885254
2013-02-28,38.150001525878906,30.10092544555664
2013-03-01,38.380001068115234,30.28240394592285
2013-03-04,38.43000030517578,30.32184410095215
2013-03-05,38.7599983215332,30.58223533630371
2013-03-06,38.83000183105469,30.6374568939209
2013-03-07,38.70000076293945,30.53488540649414
2013-03-08,39.310001373291016,31.016178131103516
2013-03-11,39.66999816894531,31.30023765563965
2013-03-12,39.040000915527344,30.803157806396484
2013-03-13,39.400001525878906,31.087200164794922
2013-03-14,39.20000076293945,30.929399490356445
2013-03-15,38.810001373291016,30.621681213378906
2013-03-18,38.7400016784668,30.566455841064453
2013-03-19,38.2400016784668,30.171934127807617
2013-03-20,38.40999984741211,30.306072235107422
2013-03-21,37.7599983215332,29.7932071685791
2013-03-22,37.83000183105469,29.848440170288086
2013-03-25,38.119998931884766,30.077251434326172
2013-03-26,38.220001220703125,30.156156539916992
2013-03-27,38.18000030517578,30.124582290649414
2013-03-28,37.91999816894531,29.91946029663086
2013-04-01,37.52000045776367,29.603845596313477
2013-04-02,38.02000045776367,29.998353958129883
2013-04-03,37.869998931884766,29.880006790161133
2013-04-04,38.630001068115234,30.47964859008789
2013-04-05,38.38999938964844,30.290292739868164
2013-04-08,38.97999954223633,30.755809783935547
2013-04-09,38.869998931884766,30.669017791748047
2013-04-10,39.0099983215332,30.779489517211914
2013-04-11,38.84000015258789,30.645343780517578
2013-04-12,38.91999816894531,30.708459854125977
2013-04-15,37.90999984741211,29.91155242919922
2013-04-16,37.9900016784668,29.97469139099121
2013-04-17,37.59000015258789,29.659072875976562
2013-04-18,37.31999969482422,29.4460391998291
2013-04-19,38.119998931884766,30.077251434326172
2013-04-22,37.689998626708984,29.86332130432129
2013-04-23,38.0099983215332,30.116878509521484
2013-04-24,37.709999084472656,29.879175186157227
2013-04-25,37.790000915527344,29.94256019592285
2013-04-26,37.70000076293945,29.871244430541992
2013-04-29,38.25,30.307037353515625
2013-04-30,38.41999816894531,30.441730499267578
2013-05-01,38.18000030517578,30.251554489135742
2013-05-02,38.869998931884766,30.79828453063965
2013-05-03,39.59000015258789,31.368776321411133
2013-05-06,40.810001373291016,32.33543014526367
2013-05-07,40.290000915527344,31.923412322998047
2013-05-08,42.349998474121094,33.555625915527344
2013-05-09,41.77000045776367,33.0960693359375
2013-05-10,42.06999969482422,33.33378219604492
2013-05-13,42.09000015258789,33.3496208190918
2013-05-14,42.779998779296875,33.896331787109375
2013-05-15,43.22999954223633,34.252899169921875
2013-05-16,42.7599983215332,33.8804931640625
2013-05-17,42.66999816894531,33.80918884277344
2013-05-20,42.380001068115234,33.579402923583984
2013-05-21,42.45000076293945,33.63486862182617
2013-05-22,42.970001220703125,34.046875
2013-05-23,42.689998626708984,33.825035095214844
2013-05-24,42.63999938964844,33.78541946411133
2013-05-28,42.86000061035156,33.959720611572266
2013-05-29,43.09000015258789,34.141971588134766
2013-05-30,42.65999984741211,33.80125427246094
2013-05-31,42.11000061035156,33.365455627441406
2013-06-03,42.36000061035156,33.56355285644531
2013-06-04,40.9900016784668,32.47805404663086
2013-06-05,39.599998474121094,31.37670135498047
2013-06-06,40.70000076293945,32.248268127441406
2013-06-07,41.599998474121094,32.96138000488281
2013-06-10,41.18000030517578,32.62859344482422
2013-06-11,40.88999938964844,32.398834228515625
2013-06-12,40.61000061035156,32.17695617675781
2013-06-13,41.18000030517578,32.62859344482422
2013-06-14,41.15999984741211,32.61274337768555
2013-06-17,41.369998931884766,32.77912521362305
2013-06-18,41.459999084472656,32.850440979003906
2013-06-19,41.029998779296875,32.50973892211914
2013-06-20,39.81999969482422,31.55101203918457
2013-06-21,39.54999923706055,31.33707046508789
2013-06-24,39.45000076293945,31.25784683227539
2013-06-25,39.5099983215332,31.305391311645508
2013-06-26,40.529998779296875,32.11357116699219
2013-06-27,41.150001525878906,32.60483169555664
2013-06-28,40.900001525878906,32.40673828125
2013-07-01,41.060001373291016,32.53351593017578
2013-07-02,42.369998931884766,33.571468353271484
2013-07-03,42.31999969482422,33.53187561035156
2013-07-05,42.779998779296875,33.896331787109375
2013-07-08,43.5,34.46682357788086
2013-07-09,43.810001373291016,34.71244430541992
2013-07-10,43.38999938964844,34.379661560058594
2013-07-11,43.369998931884766,34.36381530761719
2013-07-12,43.83000183105469,34.728309631347656
2013-07-15,43.75,34.6649055480957
2013-07-16,43.790000915527344,34.69660568237305
2013-07-17,44.2599983215332,35.069000244140625
2013-07-18,44.290000915527344,35.0927734375
2013-07-19,44.27000045776367,35.076927185058594
2013-07-22,44.68000030517578,35.54631423950195
2013-07-23,45.099998474121094,35.88045120239258
2013-07-24,44.75,35.60200881958008
2013-07-25,44.130001068115234,35.1087532043457
2013-07-26,43.970001220703125,34.981468200683594
2013-07-29,43.439998626708984,34.559791564941406
2013-07-30,44.040000915527344,35.03715896606445
2013-07-31,44.58000183105469,35.466766357421875
2013-08-01,45.040000915527344,35.83272171020508
2013-08-02,44.9900016784668,35.79295349121094
2013-08-05,45.470001220703125,36.17482376098633
2013-08-06,44.869998931884766,35.69748306274414
2013-08-07,44.29999923706055,35.2440071105957
2013-08-08,46.15999984741211,36.72376251220703
2013-08-09,45.68000030517578,36.341896057128906
2013-08-12,45.79999923706055,36.43736267089844
2013-08-13,46.130001068115234,36.69989776611328
2013-08-14,45.0,35.800907135009766
2013-08-15,43.849998474121094,34.885986328125
2013-08-16,43.959999084472656,34.9734992980957
2013-08-19,43.66999816894531,34.7427864074707
2013-08-20,44.08000183105469,35.06896209716797
2013-08-21,45.810001373291016,36.44530487060547
2013-08-22,47.38999938964844,37.702327728271484
2013-08-23,46.97999954223633,37.37614059448242
2013-08-26,46.9900016784668,37.38410186767578
2013-08-27,46.0,36.59647750854492
2013-08-28,46.380001068115234,36.89879608154297
2013-08-29,46.41999816894531,36.930606842041016
2013-08-30,45.81999969482422,36.453269958496094
2013-09-03,45.61000061035156,36.28622055053711
2013-09-04,45.970001220703125,36.572608947753906
2013-09-05,45.86000061035156,36.4850959777832
2013-09-06,45.599998474121094,36.27824783325195
2013-09-09,46.630001068115234,37.097686767578125
2013-09-10,47.150001525878906,37.51139450073242
2013-09-11,47.369998931884766,37.68642044067383
2013-09-12,46.9900016784668,37.38410186767578
2013-09-13,46.86000061035156,37.280662536621094
2013-09-16,46.84000015258789,37.26475143432617
2013-09-17,46.849998474121094,37.27271270751953
2013-09-18,47.75,37.988731384277344
2013-09-19,48.97999954223633,38.9672966003418
2013-09-20,47.84000015258789,38.06033706665039
2013-09-23,47.27000045776367,37.60686111450195
2013-09-24,48.040000915527344,38.219451904296875
2013-09-25,47.540000915527344,37.82167053222656
2013-09-26,47.88999938964844,38.1001091003418
2013-09-27,47.77000045776367,38.00464630126953
2013-09-30,47.61000061035156,37.877357482910156
2013-10-01,48.189998626708984,38.338775634765625
2013-10-02,48.40999984741211,38.513824462890625
2013-10-03,47.93000030517578,38.13193893432617
2013-10-04,48.13999938964844,38.299007415771484
2013-10-07,47.2599983215332,37.59888458251953
2013-10-08,46.529998779296875,37.01812744140625
2013-10-09,46.599998474121094,37.073822021484375
2013-10-10,47.81999969482422,38.044429779052734
2013-10-11,48.79999923706055,38.82408905029297
2013-10-14,48.880001068115234,38.88774108886719
2013-10-15,48.45000076293945,38.5456428527832
2013-10-16,48.470001220703125,38.561546325683594
2013-10-17,49.02000045776367,38.99911880493164
2013-10-18,47.65999984741211,37.9171257019043
2013-10-21,48.02000045776367,38.34836959838867
2013-10-22,48.189998626708984,38.4841194152832
2013-10-23,49.25,39.33064651489258
2013-10-24,50.439998626708984,40.28095245361328
2013-10-25,50.59000015258789,40.40074157714844
2013-10-28,50.11000061035156,40.017425537109375
2013-10-29,50.61000061035156,40.416709899902344
2013-10-30,50.150001525878906,40.049373626708984
2013-10-31,49.779998779296875,39.753883361816406
2013-11-01,49.18000030517578,39.274742126464844
2013-11-04,49.77000045776367,39.74590301513672
2013-11-05,50.18000030517578,40.07331848144531
2013-11-06,49.970001220703125,39.90562057495117
2013-11-07,49.06999969482422,39.186885833740234
2013-11-08,48.720001220703125,38.907386779785156
2013-11-11,49.099998474121094,39.210853576660156
2013-11-12,50.119998931884766,40.02540588378906
2013-11-13,51.279998779296875,40.951759338378906
2013-11-14,51.95000076293945,41.4868278503418
2013-11-15,51.77000045776367,41.34307861328125
2013-11-18,50.88999938964844,40.640323638916016
2013-11-19,50.439998626708984,40.28095245361328
2013-11-20,47.33000183105469,37.797340393066406
2013-11-21,48.20000076293945,38.49213409423828
2013-11-22,47.900001525878906,38.25254440307617
2013-11-25,47.75,38.13275909423828
2013-11-26,48.0099983215332,38.34037780761719
2013-11-27,47.88999938964844,38.24454879760742
2013-11-29,47.47999954223633,37.91712951660156
2013-12-02,46.83000183105469,37.398048400878906
2013-12-03,46.5,37.134517669677734
2013-12-04,46.86000061035156,37.42198944091797
2013-12-05,46.61000061035156,37.22236633300781
2013-12-06,47.97999954223633,38.31643295288086
2013-12-09,47.7599983215332,38.14073944091797
2013-12-10,47.36000061035156,37.8213005065918
2013-12-11,47.310001373291016,37.78136444091797
2013-12-12,46.88999938964844,37.44594955444336
2013-12-13,47.11000061035156,37.621646881103516
2013-12-16,47.130001068115234,37.63762283325195
2013-12-17,46.650001525878906,37.254295349121094
2013-12-18,48.31999969482422,38.587947845458984
2013-12-19,48.38999938964844,38.643856048583984
2013-12-20,47.970001220703125,38.30844497680664
2013-12-23,48.400001525878906,38.65184020996094
2013-12-24,48.70000076293945,38.89139938354492
2013-12-26,49.029998779296875,39.15494918823242
2013-12-27,48.83000183105469,38.995235443115234
2013-12-30,49.25,39.33064651489258
2013-12-31,49.54999923706055,39.57020568847656
2014-01-02,49.439998626708984,39.48236846923828
2014-01-03,48.95000076293945,39.091060638427734
2014-01-06,48.2599983215332,38.54001998901367
2014-01-07,48.380001068115234,38.635860443115234
2014-01-08,48.54999923706055,38.7716178894043
2014-01-09,48.75,38.931331634521484
2014-01-10,49.68000030517578,39.674034118652344
2014-01-13,48.65999984741211,38.85947799682617
2014-01-14,48.900001525878906,39.051124572753906
2014-01-15,48.290000915527344,38.56399917602539
2014-01-16,48.18000030517578,38.47613525390625
2014-01-17,47.61000061035156,38.16353225708008
2014-01-21,47.81999969482422,38.33184814453125
2014-01-22,47.75,38.275753021240234
2014-01-23,48.150001525878906,38.596370697021484
2014-01-24,47.83000183105469,38.339881896972656
2014-01-27,48.0,38.476139068603516
2014-01-28,46.959999084472656,37.64250564575195
2014-01-29,45.970001220703125,36.84892654418945
2014-01-30,46.5,37.27375793457031
2014-01-31,46.290000915527344,37.10542678833008
2014-02-03,45.599998474121094,36.55233383178711
2014-02-04,44.900001525878906,35.9912223815918
2014-02-05,45.529998779296875,36.4962158203125
2014-02-06,46.58000183105469,37.337894439697266
2014-02-07,46.06999969482422,36.9290885925293
2014-02-10,46.119998931884766,36.96915817260742
2014-02-11,46.7599983215332,37.482173919677734
2014-02-12,46.68000030517578,37.41804122924805
2014-02-13,46.63999938964844,37.38597869873047
2014-02-14,47.279998779296875,37.89900588989258
2014-02-18,46.93000030517578,37.618446350097656
2014-02-19,46.540000915527344,37.30583190917969
2014-02-20,46.65999984741211,37.40201187133789
2014-02-21,47.060001373291016,37.72264862060547
2014-02-24,47.220001220703125,37.85091018676758
2014-02-25,48.11000061035156,38.5643196105957
2014-02-26,50.720001220703125,40.656471252441406
2014-02-27,50.81999969482422,40.73662567138672
2014-02-28,50.029998779296875,40.10337829589844
2014-03-03,50.189998626708984,40.23160934448242
2014-03-04,50.630001068115234,40.58432388305664
2014-03-05,50.349998474121094,40.359867095947266
2014-03-06,50.09000015258789,40.151451110839844
2014-03-07,50.41999816894531,40.415985107421875
2014-03-10,49.9900016784668,40.071292877197266
2014-03-11,49.459999084472656,39.646461486816406
2014-03-12,49.380001068115234,39.582340240478516
2014-03-13,48.709999084472656,39.045265197753906
2014-03-14,49.09000015258789,39.349876403808594
2014-03-17,49.47999954223633,39.66248321533203
2014-03-18,49.83000183105469,39.94305419921875
2014-03-19,49.58000183105469,39.74263381958008
2014-03-20,49.54999923706055,39.718597412109375
2014-03-21,49.25,39.47813034057617
2014-03-24,49.18000030517578,39.42201232910156
2014-03-25,48.36000061035156,38.76472473144531
2014-03-26,48.529998779296875,38.9009895324707
2014-03-27,48.540000915527344,38.90899658203125
2014-03-28,48.91999816894531,39.21358871459961
2014-03-31,48.900001525878906,39.19757843017578
2014-04-01,49.43000030517578,39.62242126464844
2014-04-02,49.52000045776367,39.694549560546875
2014-04-03,49.04999923706055,39.31781005859375
2014-04-04,48.439998626708984,38.828861236572266
2014-04-07,46.77000045776367,37.490203857421875
2014-04-08,46.72999954223633,37.45814514160156
2014-04-09,47.540000915527344,38.107425689697266
2014-04-10,46.790000915527344,37.50623321533203
2014-04-11,46.310001373291016,37.1214599609375
2014-04-14,46.63999938964844,37.38597869873047
2014-04-15,46.709999084472656,37.44209289550781
2014-04-16,46.72999954223633,37.45814514160156
2014-04-17,46.79999923706055,37.51424789428711
2014-04-21,46.68000030517578,37.562522888183594
2014-04-22,47.540000915527344,38.25455856323242
2014-04-23,46.220001220703125,37.1923713684082
2014-04-24,47.15999984741211,37.94877243041992
2014-04-25,46.380001068115234,37.32112503051758
2014-04-28,46.380001068115234,37.32112503051758
2014-04-29,46.43000030517578,37.36134338378906
2014-04-30,45.90999984741211,36.94291305541992
2014-05-01,46.369998931884766,37.313072204589844
2014-05-02,46.97999954223633,37.80392074584961
2014-05-05,46.290000915527344,37.24870681762695
2014-05-06,45.38999938964844,36.52449035644531
2014-05-07,45.11000061035156,36.29917907714844
2014-05-08,45.02000045776367,36.226749420166016
2014-05-09,45.709999084472656,36.781982421875
2014-05-12,46.279998779296875,37.240657806396484
2014-05-13,45.7599983215332,36.822208404541016
2014-05-14,45.16999816894531,36.34745407104492
2014-05-15,44.630001068115234,35.912925720214844
2014-05-16,45.36000061035156,36.50035095214844
2014-05-19,45.54999923706055,36.65323257446289
2014-05-20,45.52000045776367,36.62909698486328
2014-05-21,45.40999984741211,36.54057693481445
2014-05-22,46.88999938964844,37.73152542114258
2014-05-23,47.060001373291016,37.868309020996094
2014-05-27,47.779998779296875,38.44768142700195
2014-05-28,46.709999084472656,37.586669921875
2014-05-29,47.0099983215332,37.82806396484375
2014-05-30,47.08000183105469,37.8843994140625
2014-06-02,47.0099983215332,37.82806396484375
2014-06-03,47.220001220703125,37.99705505371094
2014-06-04,47.16999816894531,37.956817626953125
2014-06-05,47.400001525878906,38.14189910888672
2014-06-06,47.77000045776367,38.43964767456055
2014-06-09,47.61000061035156,38.310882568359375
2014-06-10,47.59000015258789,38.29479217529297
2014-06-11,46.90999984741211,37.74759292602539
2014-06-12,45.54999923706055,36.65323257446289
2014-06-13,45.45000076293945,36.5727653503418
2014-06-16,45.41999816894531,36.54862976074219
2014-06-17,45.84000015258789,36.886592864990234
2014-06-18,45.84000015258789,36.886592864990234
2014-06-19,45.900001525878906,36.93488311767578
2014-06-20,46.02000045776367,37.03144454956055
2014-06-23,46.08000183105469,37.07971954345703
2014-06-24,46.5099983215332,37.42573165893555
2014-06-25,46.70000076293945,37.57861328125
2014-06-26,47.20000076293945,37.980953216552734
2014-06-27,47.41999816894531,38.15798568725586
2014-06-30,47.9900016784668,38.616668701171875
2014-07-01,48.130001068115234,38.72929763793945
2014-07-02,48.119998931884766,38.721256256103516
2014-07-03,48.22999954223633,38.809776306152344
2014-07-07,48.209999084472656,38.7936897277832
2014-07-08,47.81999969482422,38.47986602783203
2014-07-09,47.86000061035156,38.512054443359375
2014-07-10,47.20000076293945,37.980953216552734
2014-07-11,47.439998626708984,38.1740837097168
2014-07-14,47.220001220703125,37.99705505371094
2014-07-15,47.5099983215332,38.23040771484375
2014-07-16,47.65999984741211,38.35112380981445
2014-07-17,47.29999923706055,38.061439514160156
2014-07-18,47.810001373291016,38.47180938720703
2014-07-21,47.58000183105469,38.47180938720703
2014-07-22,47.790000915527344,38.6416130065918
2014-07-23,47.90999984741211,38.73865509033203
2014-07-24,48.0,38.81141662597656
2014-07-25,47.70000076293945,38.568843841552734
2014-07-28,47.689998626708984,38.56074523925781
2014-07-29,48.040000915527344,38.84375762939453
2014-07-30,48.470001220703125,39.191436767578125
2014-07-31,47.849998474121094,38.69012451171875
2014-08-01,47.59000015258789,38.479896545410156
2014-08-04,47.90999984741211,38.73865509033203
2014-08-05,47.63999938964844,38.520328521728516
2014-08-06,48.099998474121094,38.89225769042969
2014-08-07,47.91999816894531,38.74673843383789
2014-08-08,49.720001220703125,40.202152252197266
2014-08-11,49.86000061035156,40.31534957885742
2014-08-12,49.83000183105469,40.29110336303711
2014-08-13,49.849998474121094,40.3072509765625
2014-08-14,50.40999984741211,40.76008224487305
2014-08-15,50.0,40.428558349609375
2014-08-18,50.45000076293945,40.79240417480469
2014-08-19,51.52000045776367,41.6575813293457
2014-08-20,52.33000183105469,42.312522888183594
2014-08-21,52.66999816894531,42.587432861328125
2014-08-22,52.529998779296875,42.474246978759766
2014-08-25,52.70000076293945,42.6117057800293
2014-08-26,52.58000183105469,42.51466751098633
2014-08-27,52.52000045776367,42.46615219116211
2014-08-28,52.540000915527344,42.48233413696289
2014-08-29,52.5099983215332,42.45806884765625
2014-09-02,52.61000061035156,42.53892517089844
2014-09-03,52.90999984741211,42.781497955322266
2014-09-04,53.61000061035156,43.347511291503906
2014-09-05,54.11000061035156,43.751773834228516
2014-09-08,53.540000915527344,43.2908935546875
2014-09-09,53.029998779296875,42.8785285949707
2014-09-10,53.38999938964844,43.169620513916016
2014-09-11,53.08000183105469,42.918949127197266
2014-09-12,52.970001220703125,42.83000183105469
2014-09-15,53.130001068115234,42.959381103515625
2014-09-16,53.70000076293945,43.42025375366211
2014-09-17,53.86000061035156,43.54964065551758
2014-09-18,54.150001525878906,43.78413009643555
2014-09-19,54.09000015258789,43.735599517822266
2014-09-22,53.459999084472656,43.226226806640625
2014-09-23,53.119998931884766,42.95130157470703
2014-09-24,53.630001068115234,43.363670349121094
2014-09-25,53.06999969482422,42.91087341308594
2014-09-26,53.18000030517578,42.999813079833984
2014-09-29,53.349998474121094,43.13727569580078
2014-09-30,52.91999816894531,42.78958511352539
2014-10-01,52.599998474121094,42.530818939208984
2014-10-02,53.029998779296875,42.8785285949707
2014-10-03,53.59000015258789,43.33132553100586
2014-10-06,53.599998474121094,43.33940887451172
2014-10-07,53.18000030517578,42.999813079833984
2014-10-08,54.34000015258789,43.937767028808594
2014-10-09,53.90999984741211,43.590057373046875
2014-10-10,53.70000076293945,43.42025375366211
2014-10-13,52.470001220703125,42.42573928833008
2014-10-14,52.0099983215332,42.05377960205078
2014-10-15,51.209999084472656,41.40692138671875
2014-10-16,51.40999984741211,41.56863784790039
2014-10-17,52.5099983215332,42.45806884765625
2014-10-20,53.4900016784668,43.44074630737305
2014-10-21,54.59000015258789,44.334083557128906
2014-10-22,53.939998626708984,43.80619812011719
2014-10-23,54.959999084472656,44.63458251953125
2014-10-24,55.33000183105469,44.93506622314453
2014-10-27,55.470001220703125,45.048763275146484
2014-10-28,56.060001373291016,45.52791976928711
2014-10-29,55.810001373291016,45.324886322021484
2014-10-30,56.27000045776367,45.69845962524414
2014-10-31,57.20000076293945,46.453739166259766
2014-11-03,57.45000076293945,46.656776428222656
2014-11-04,57.2599983215332,46.50246810913086
2014-11-05,56.939998626708984,46.24259567260742
2014-11-06,57.56999969482422,46.75422286987305
2014-11-07,57.689998626708984,46.8516845703125
2014-11-10,57.83000183105469,46.96538162231445
2014-11-11,58.0,47.10343551635742
2014-11-12,58.220001220703125,47.2821044921875
2014-11-13,58.61000061035156,47.598846435546875
2014-11-14,58.58000183105469,47.5744743347168
2014-11-17,58.88999938964844,47.82624053955078
2014-11-18,58.529998779296875,47.53386306762695
2014-11-19,62.2599983215332,50.56310272216797
2014-11-20,62.43000030517578,50.701175689697266
2014-11-21,63.2599983215332,51.37523651123047
2014-11-24,63.63999938964844,51.683837890625
2014-11-25,62.95000076293945,51.123477935791016
2014-11-26,62.86000061035156,51.05036926269531
2014-11-28,63.83000183105469,51.83815383911133
2014-12-01,63.15999984741211,51.294029235839844
2014-12-02,63.970001220703125,51.95185470581055
2014-12-03,64.30000305175781,52.21986389160156
2014-12-04,64.55000305175781,52.422882080078125
2014-12-05,64.86000061035156,52.67463302612305
2014-12-08,66.08999633789062,53.67354965209961
2014-12-09,65.83999633789062,53.47052764892578
2014-12-10,65.12999725341797,52.8939208984375
2014-12-11,65.76000213623047,53.40555191040039
2014-12-12,64.87000274658203,52.68277359008789
2014-12-15,65.31999969482422,53.0482292175293
2014-12-16,64.22000122070312,52.154876708984375
2014-12-17,65.94999694824219,53.55986022949219
2014-12-18,66.62000274658203,54.1039924621582
2014-12-19,66.9000015258789,54.331382751464844
2014-12-22,67.83999633789062,55.094791412353516
2014-12-23,67.94000244140625,55.17600631713867
2014-12-24,67.51000213623047,54.826778411865234
2014-12-26,67.5,54.81867218017578
2014-12-29,68.56999969482422,55.687652587890625
2014-12-30,68.55000305175781,55.6713981628418
2014-12-31,68.80000305175781,55.874427795410156
2015-01-02,67.69999694824219,54.981082916259766
2015-01-05,66.08000183105469,53.66543197631836
2015-01-06,66.2300033569336,53.787261962890625
2015-01-07,68.19999694824219,55.38716506958008
2015-01-08,69.63999938964844,56.556610107421875
2015-01-09,68.33000183105469,55.49274444580078
2015-01-12,67.8499984741211,55.1029052734375
2015-01-13,67.86000061035156,55.111026763916016
2015-01-14,67.38999938964844,54.729331970214844
2015-01-15,66.3499984741211,53.88471984863281
2015-01-16,67.98999786376953,55.40867614746094
2015-01-20,66.5199966430664,54.210697174072266
2015-01-21,67.31999969482422,54.86266326904297
2015-01-22,69.55000305175781,56.679996490478516
2015-01-23,69.70999908447266,56.810401916503906
2015-01-26,70.44000244140625,57.40532302856445
2015-01-27,69.8499984741211,56.92448425292969
2015-01-28,69.22000122070312,56.41107177734375
2015-01-29,69.93000030517578,56.98969650268555
2015-01-30,67.76000213623047,55.22123336791992
2015-02-02,68.41000366210938,55.750953674316406
2015-02-03,69.62999725341797,56.745174407958984
2015-02-04,70.66999816894531,57.59274673461914
2015-02-05,71.47000122070312,58.24470901489258
2015-02-06,71.9000015258789,58.59514236450195
2015-02-09,70.94999694824219,57.82093811035156
2015-02-10,71.76000213623047,58.48106002807617
2015-02-11,71.43000030517578,58.21211242675781
2015-02-12,72.19000244140625,58.83148956298828
2015-02-13,72.05000305175781,58.7174186706543
2015-02-17,72.47000122070312,59.059669494628906
2015-02-18,72.5199966430664,59.100406646728516
2015-02-19,72.29000091552734,58.912960052490234
2015-02-20,73.55999755859375,59.94795227050781
2015-02-23,73.7300033569336,60.08650588989258
2015-02-24,74.6500015258789,60.836273193359375
2015-02-25,74.43000030517578,60.65697479248047
2015-02-26,74.0999984741211,60.38803482055664
2015-02-27,74.08999633789062,60.379878997802734
2015-03-02,75.08999633789062,61.1948356628418
2015-03-03,75.01000213623047,61.1296501159668
2015-03-04,74.0199966430664,60.322837829589844
2015-03-05,74.55999755859375,60.76293182373047
2015-03-06,73.51000213623047,59.90719985961914
2015-03-09,74.26000213623047,60.518428802490234
2015-03-10,73.05999755859375,59.540496826171875
2015-03-11,73.06999969482422,59.54863357543945
2015-03-12,74.94000244140625,61.07261657714844
2015-03-13,74.16000366210938,60.43694305419922
2015-03-16,75.44000244140625,61.480079650878906
2015-03-17,74.56999969482422,60.77106857299805
2015-03-18,74.5199966430664,60.730316162109375
2015-03-19,74.55999755859375,60.76293182373047
2015-03-20,75.2300033569336,61.30892562866211
2015-03-23,75.37000274658203,61.423030853271484
2015-03-24,75.61000061035156,61.61862564086914
2015-03-25,74.26000213623047,60.518428802490234
2015-03-26,72.86000061035156,59.37749099731445
2015-03-27,73.66999816894531,60.03759765625
2015-03-30,74.80000305175781,60.958518981933594
2015-03-31,74.38999938964844,60.6243782043457
2015-04-01,74.38999938964844,60.6243782043457
2015-04-02,74.83999633789062,60.9911003112793
2015-04-06,75.05999755859375,61.17041015625
2015-04-07,74.11000061035156,60.39619064331055
2015-04-08,74.80999755859375,60.96665954589844
2015-04-09,74.25,60.510284423828125
2015-04-10,74.9000015258789,61.04001235961914
2015-04-13,73.80999755859375,60.15168762207031
2015-04-14,73.9800033569336,60.29025650024414
2015-04-15,73.41000366210938,59.82571792602539
2015-04-16,74.08000183105469,60.37175369262695
2015-04-17,72.55000305175781,59.12486267089844
2015-04-20,72.62999725341797,59.378273010253906
2015-04-21,73.23999786376953,59.87699508666992
2015-04-22,73.06999969482422,59.7380256652832
2015-04-23,73.37000274658203,59.9832878112793
2015-04-24,73.16000366210938,59.811622619628906
2015-04-27,71.83999633789062,58.732421875
2015-04-28,71.73999786376953,58.650699615478516
2015-04-29,70.44000244140625,57.587894439697266
2015-04-30,68.86000061035156,56.296165466308594
2015-05-01,70.69999694824219,57.800437927246094
2015-05-04,71.25,58.250083923339844
2015-05-05,70.43000030517578,57.5797119140625
2015-05-06,70.7699966430664,57.85768508911133
2015-05-07,72.29000091552734,59.1003303527832
2015-05-08,73.26000213623047,59.89335250854492
2015-05-11,73.22000122070312,59.86067581176758
2015-05-12,73.66999816894531,60.228538513183594
2015-05-13,73.11000061035156,59.770721435546875
2015-05-14,72.26000213623047,59.07582092285156
2015-05-15,73.08999633789062,59.754356384277344
2015-05-18,73.05999755859375,59.7298583984375
2015-05-19,71.83000183105469,58.724266052246094
2015-05-20,68.5,56.001827239990234
2015-05-21,68.72000122070312,56.181697845458984
2015-05-22,69.54000091552734,56.85207748413086
2015-05-26,69.58000183105469,56.884796142578125
2015-05-27,70.72000122070312,57.816795349121094
2015-05-28,70.44999694824219,57.5960693359375
2015-05-29,69.9800033569336,57.2118034362793
2015-06-01,70.13999938964844,57.34260559082031
2015-06-02,70.1500015258789,57.350791931152344
2015-06-03,70.6500015258789,57.75957107543945
2015-06-04,70.13999938964844,57.34260559082031
2015-06-05,69.79000091552734,57.056480407714844
2015-06-08,68.68000030517578,56.148990631103516
2015-06-09,68.52999877929688,56.0263786315918
2015-06-10,69.16999816894531,56.54959487915039
2015-06-11,69.04000091552734,56.44331741333008
2015-06-12,69.02999877929688,56.43513488769531
2015-06-15,69.11000061035156,56.500545501708984
2015-06-16,69.4000015258789,56.737632751464844
2015-06-17,69.66999816894531,56.95836639404297
2015-06-18,70.1500015258789,57.350791931152344
2015-06-19,69.98999786376953,57.21997833251953
2015-06-22,70.29000091552734,57.465248107910156
2015-06-23,70.5999984741211,57.71868896484375
2015-06-24,70.08000183105469,57.293556213378906
2015-06-25,69.66000366210938,56.95021438598633
2015-06-26,68.61000061035156,56.091793060302734
2015-06-29,67.52999877929688,55.208824157714844
2015-06-30,66.97000122070312,54.751014709472656
2015-07-01,67.23999786376953,54.97174072265625
2015-07-02,66.69999694824219,54.53025436401367
2015-07-06,66.25,54.162376403808594
2015-07-07,67.37000274658203,55.07801818847656
2015-07-08,66.52999877929688,54.391258239746094
2015-07-09,67.0199966430664,54.79187774658203
2015-07-10,67.8499984741211,55.47042465209961
2015-07-13,68.30000305175781,55.838340759277344
2015-07-14,68.38999938964844,55.91192626953125
2015-07-15,68.2699966430664,55.81380081176758
2015-07-16,68.2300033569336,55.7811164855957
2015-07-17,67.52999877929688,55.208824157714844
2015-07-20,66.69999694824219,54.75730895996094
2015-07-21,66.38999938964844,54.5028076171875
2015-07-22,67.44000244140625,55.36479949951172
2015-07-23,67.69999694824219,55.578250885009766
2015-07-24,67.18000030517578,55.151344299316406
2015-07-27,67.04000091552734,55.03643798828125
2015-07-28,67.80000305175781,55.66033935546875
2015-07-29,68.73999786376953,56.432037353515625
2015-07-30,68.86000061035156,56.53054428100586
2015-07-31,69.36000061035156,56.941009521484375
2015-08-03,68.91000366210938,56.57160186767578
2015-08-04,69.36000061035156,56.941009521484375
2015-08-05,69.94000244140625,57.417171478271484
2015-08-06,69.30999755859375,56.89997863769531
2015-08-07,69.52999877929688,57.08058547973633
2015-08-10,69.56999969482422,57.11343002319336
2015-08-11,69.41999816894531,56.990272521972656
2015-08-12,68.97000122070312,56.620853424072266
2015-08-13,71.20999908447266,58.45978927612305
2015-08-14,72.11000061035156,59.19864273071289
2015-08-17,72.4800033569336,59.50238800048828
2015-08-18,73.0199966430664,59.94569778442383
2015-08-19,74.37000274658203,61.05397415161133
2015-08-20,73.18000030517578,60.077030181884766
2015-08-21,71.11000061035156,58.377685546875
2015-08-24,68.30999755859375,56.07902526855469
2015-08-25,66.98999786376953,54.9953727722168
2015-08-26,68.75,56.44023513793945
2015-08-27,69.05999755859375,56.69472885131836
2015-08-28,68.44999694824219,56.19396209716797
2015-08-31,69.16999816894531,56.78505325317383
2015-09-01,67.75,55.6192741394043
2015-09-02,69.04000091552734,56.67831802368164
2015-09-03,69.0999984741211,56.72755813598633
2015-09-04,67.80000305175781,55.66033935546875
2015-09-08,69.30999755859375,56.89997863769531
2015-09-09,68.11000061035156,55.91484832763672
2015-09-10,67.93000030517578,55.7670783996582
2015-09-11,68.62999725341797,56.341732025146484
2015-09-14,68.1500015258789,55.94768524169922
2015-09-15,69.44000244140625,57.006710052490234
2015-09-16,70.06999969482422,57.5239143371582
2015-09-17,70.4800033569336,57.86048889160156
2015-09-18,68.19000244140625,55.98051834106445
2015-09-21,69.5999984741211,57.138038635253906
2015-09-22,68.66999816894531,56.37456130981445
2015-09-23,68.7300033569336,56.423831939697266
2015-09-24,68.4800033569336,56.21860122680664
2015-09-25,68.69000244140625,56.390987396240234
2015-09-28,67.1500015258789,55.126731872558594
2015-09-29,66.7699966430664,54.81476593017578
2015-09-30,68.91999816894531,56.57979202270508
2015-10-01,69.79000091552734,57.294036865234375
2015-10-02,70.2300033569336,57.65524673461914
2015-10-05,71.7699966430664,58.91950607299805
2015-10-06,71.19000244140625,58.443359375
2015-10-07,71.79000091552734,58.93592071533203
2015-10-08,73.16999816894531,60.068824768066406
2015-10-09,73.33000183105469,60.200199127197266
2015-10-12,73.80999755859375,60.59423828125
2015-10-13,72.97000122070312,59.90467071533203
2015-10-14,72.04000091552734,59.14117431640625
2015-10-15,72.6500015258789,59.6419677734375
2015-10-16,72.77999877929688,59.748680114746094
2015-10-19,73.43000030517578,60.51508712768555
2015-10-20,72.83999633789062,60.028865814208984
2015-10-21,72.72000122070312,59.92997360229492
2015-10-22,73.41999816894531,60.50685501098633
2015-10-23,73.55000305175781,60.6140022277832
2015-10-26,74.16000366210938,61.11669921875
2015-10-27,73.55000305175781,60.6140022277832
2015-10-28,74.0199966430664,61.001346588134766
2015-10-29,73.87000274658203,60.877689361572266
2015-10-30,73.83000183105469,60.84476089477539
2015-11-02,73.7699966430664,60.79530334472656
2015-11-03,73.94999694824219,60.94364547729492
2015-11-04,73.0999984741211,60.24314498901367
2015-11-05,73.58000183105469,60.63873291015625
2015-11-06,73.13999938964844,60.2761116027832
2015-11-09,72.0199966430664,59.353092193603516
2015-11-10,73.33999633789062,60.440940856933594
2015-11-11,72.12000274658203,59.435516357421875
2015-11-12,72.70999908447266,59.92173385620117
2015-11-13,70.08999633789062,57.76252365112305
2015-11-16,71.63999938964844,59.039939880371094
2015-11-17,72.8499984741211,60.037109375
2015-11-18,73.4800033569336,60.55631637573242
2015-11-19,73.38999938964844,60.48214340209961
2015-11-20,75.7699966430664,62.44353103637695
2015-11-23,76.66999816894531,63.18523406982422
2015-11-24,77.38999938964844,63.778587341308594
2015-11-25,77.61000061035156,63.95992660522461
2015-11-27,77.33999633789062,63.73741149902344
2015-11-30,76.5999984741211,63.1275749206543
2015-12-01,77.12999725341797,63.564308166503906
2015-12-02,76.30000305175781,62.88032150268555
2015-12-03,75.12000274658203,61.90787887573242
2015-12-04,76.76000213623047,63.259429931640625
2015-12-07,76.44999694824219,63.00392532348633
2015-12-08,77.16999816894531,63.5973014831543
2015-12-09,76.12000274658203,62.73198318481445
2015-12-10,76.16999816894531,62.773193359375
2015-12-11,75.01000213623047,61.817222595214844
2015-12-14,75.6500015258789,62.34465026855469
2015-12-15,74.9000015258789,61.72654724121094
2015-12-16,76.12999725341797,62.740234375
2015-12-17,74.9000015258789,61.72654724121094
2015-12-18,73.88999938964844,60.89418411254883
2015-12-21,74.88999938964844,61.71832275390625
2015-12-22,75.16000366210938,61.94084930419922
2015-12-23,76.16000366210938,62.76496124267578
2015-12-24,76.27999877929688,62.863826751708984
2015-12-28,76.44000244140625,62.99571228027344
2015-12-29,77.12999725341797,63.564308166503906
2015-12-30,76.86000061035156,63.341819763183594
2015-12-31,76.04000091552734,62.66606903076172
2016-01-04,75.27999877929688,62.03971862792969
2016-01-05,75.44000244140625,62.17158126831055
2016-01-06,73.94000244140625,60.93541717529297
2016-01-07,72.06999969482422,59.39430236816406
2016-01-08,70.87999725341797,58.413604736328125
2016-01-11,72.68000030517578,59.89698791503906
2016-01-12,73.2699966430664,60.38323974609375
2016-01-13,69.9000015258789,57.60595703125
2016-01-14,69.91000366210938,57.61421203613281
2016-01-15,68.98999786376953,57.08464813232422
2016-01-19,69.45999908447266,57.47352600097656
2016-01-20,68.06999969482422,56.32341384887695
2016-01-21,69.31999969482422,57.35771179199219
2016-01-22,70.5,58.33405685424805
2016-01-25,69.9000015258789,57.837608337402344
2016-01-26,70.0,57.92033386230469
2016-01-27,69.55000305175781,57.54799270629883
2016-01-28,69.2300033569336,57.283241271972656
2016-01-29,71.66000366210938,59.293888092041016
2016-02-01,72.66000366210938,60.12131881713867
2016-02-02,71.87000274658203,59.46765899658203
2016-02-03,67.41999816894531,55.78557586669922
2016-02-04,67.95999908447266,56.23237609863281
2016-02-05,65.83999633789062,54.47821807861328
2016-02-08,63.54999923706055,52.58341598510742
2016-02-09,64.1500015258789,53.079872131347656
2016-02-10,64.05999755859375,53.00539016723633
2016-02-11,63.400001525878906,52.459293365478516
2016-02-12,64.87000274658203,53.67560577392578
2016-02-16,67.43000030517578,55.79385757446289
2016-02-17,68.0,56.2654914855957
2016-02-18,67.72000122070312,56.03379440307617
2016-02-19,68.5199966430664,56.69574737548828
2016-02-22,69.47000122070312,57.481807708740234
2016-02-23,67.9000015258789,56.182735443115234
2016-02-24,68.62000274658203,56.778472900390625
2016-02-25,68.69999694824219,56.84468460083008
2016-02-26,69.0999984741211,57.17564392089844
2016-02-29,67.52999877929688,55.87659454345703
2016-03-01,69.04000091552734,57.12601089477539
2016-03-02,69.08999633789062,57.167388916015625
2016-03-03,69.93000030517578,57.86241912841797
2016-03-04,70.38999938964844,58.24306106567383
2016-03-07,70.7699966430664,58.55746841430664
2016-03-08,70.98999786376953,58.739498138427734
2016-03-09,70.8499984741211,58.62367248535156
2016-03-10,70.69999694824219,58.49955368041992
2016-03-11,72.12000274658203,59.67452621459961
2016-03-14,72.75,60.19578552246094
2016-03-15,73.0999984741211,60.485374450683594
2016-03-16,73.77999877929688,61.04802703857422
2016-03-17,74.0199966430664,61.246646881103516
2016-03-18,74.93000030517578,61.999610900878906
2016-03-21,75.22000122070312,62.23955535888672
2016-03-22,75.25,62.264373779296875
2016-03-23,74.77999877929688,61.875465393066406
2016-03-24,74.7699966430664,61.8671989440918
2016-03-28,74.98999786376953,62.04922103881836
2016-03-29,75.66999816894531,62.61189651489258
2016-03-30,76.0199966430664,62.90148162841797
2016-03-31,75.75,62.6780891418457
2016-04-01,76.5,63.29865264892578
2016-04-04,76.18000030517578,63.03388977050781
2016-04-05,75.87000274658203,62.77736282348633
2016-04-06,76.08999633789062,62.959415435791016
2016-04-07,75.3499984741211,62.34711837768555
2016-04-08,75.02999877929688,62.08235549926758
2016-04-11,75.1500015258789,62.18163299560547
2016-04-12,75.7300033569336,62.66155242919922
2016-04-13,76.66000366210938,63.431060791015625
2016-04-14,76.5,63.29865264892578
2016-04-15,77.30999755859375,63.96891403198242
2016-04-18,77.36000061035156,64.24293518066406
2016-04-19,76.41000366210938,63.454017639160156
2016-04-20,76.33999633789062,63.3958740234375
2016-04-21,75.83000183105469,62.97233581542969
2016-04-22,76.05000305175781,63.15504837036133
2016-04-25,76.19000244140625,63.271331787109375
2016-04-26,76.31999969482422,63.379276275634766
2016-04-27,76.94000244140625,63.89413833618164
2016-04-28,75.38999938964844,62.60696792602539
2016-04-29,76.0199966430664,63.13014602661133
2016-05-02,76.13999938964844,63.22980499267578
2016-05-03,75.70999908447266,62.87268829345703
2016-05-04,75.83000183105469,62.97233581542969
2016-05-05,75.13999938964844,62.39934158325195
2016-05-06,75.54000091552734,62.73152542114258
2016-05-09,75.83999633789062,62.98067092895508
2016-05-10,76.98999786376953,63.935672760009766
2016-05-11,75.12999725341797,62.39105987548828
2016-05-12,75.4000015258789,62.61527633666992
2016-05-13,75.01000213623047,62.29139709472656
2016-05-16,77.0,63.943973541259766
2016-05-17,76.06999969482422,63.17165756225586
2016-05-18,78.5999984741211,65.27267456054688
2016-05-19,79.86000061035156,66.31901550292969
2016-05-20,79.81999969482422,66.28581237792969
2016-05-23,78.87000274658203,65.49689483642578
2016-05-24,79.5999984741211,66.10311126708984
2016-05-25,79.94000244140625,66.38546752929688
2016-05-26,80.16000366210938,66.56815338134766
2016-05-27,80.3499984741211,66.72594451904297
2016-05-31,80.12999725341797,66.54325103759766
2016-06-01,80.2699966430664,66.6595230102539
2016-06-02,80.76000213623047,67.06645202636719
2016-06-03,80.01000213623047,66.44359588623047
2016-06-06,78.44999694824219,65.14810180664062
2016-06-07,79.54000091552734,66.05329132080078
2016-06-08,78.87999725341797,65.50520324707031
2016-06-09,78.66999816894531,65.330810546875
2016-06-10,78.30999755859375,65.03186798095703
2016-06-13,77.5,64.35919189453125
2016-06-14,76.08000183105469,63.17997741699219
2016-06-15,77.04000091552734,63.97720718383789
2016-06-16,78.16999816894531,64.91556549072266
2016-06-17,78.41999816894531,65.12321472167969
2016-06-20,78.58999633789062,65.2643814086914
2016-06-21,78.33000183105469,65.04844665527344
2016-06-22,78.3499984741211,65.06507110595703
2016-06-23,78.56999969482422,65.24774169921875
2016-06-24,77.05999755859375,63.9937744140625
2016-06-27,76.31999969482422,63.379276275634766
2016-06-28,78.02999877929688,64.79933166503906
2016-06-29,77.76000213623047,64.57510375976562
2016-06-30,79.16999816894531,65.74601745605469
2016-07-01,79.5999984741211,66.10311126708984
2016-07-05,79.41999816894531,65.95365905761719
2016-07-06,80.08999633789062,66.51004028320312
2016-07-07,80.4800033569336,66.83390808105469
2016-07-08,82.33999633789062,68.37853240966797
2016-07-11,82.80000305175781,68.76055908203125
2016-07-12,82.94000244140625,68.8768310546875
2016-07-13,81.6500015258789,67.80553436279297
2016-07-14,82.12999725341797,68.20414733886719
2016-07-15,81.66999816894531,67.8221206665039
2016-07-18,81.91999816894531,68.32254028320312
2016-07-19,81.41999816894531,67.9055404663086
2016-07-20,81.20999908447266,67.73040008544922
2016-07-21,80.1500015258789,66.84632873535156
2016-07-22,80.6500015258789,67.26335144042969
2016-07-25,80.98999786376953,67.54690551757812
2016-07-26,81.05999755859375,67.60528564453125
2016-07-27,80.76000213623047,67.35511016845703
2016-07-28,82.2699966430664,68.61443328857422
2016-07-29,82.27999877929688,68.62276458740234
2016-08-01,82.30999755859375,68.64781951904297
2016-08-02,81.97000122070312,68.36424255371094
2016-08-03,82.0199966430664,68.40595245361328
2016-08-04,80.94000244140625,67.50520324707031
2016-08-05,81.72000122070312,68.1557388305664
2016-08-08,81.62000274658203,68.07233428955078
2016-08-09,81.33999633789062,67.83880615234375
2016-08-10,80.9800033569336,67.53855895996094
2016-08-11,81.61000061035156,68.06399536132812
2016-08-12,81.72000122070312,68.1557388305664
2016-08-15,81.54000091552734,68.0055923461914
2016-08-16,81.4800033569336,67.95557403564453
2016-08-17,76.87999725341797,64.11909484863281
2016-08-18,76.43000030517578,63.743804931640625
2016-08-19,77.81999969482422,64.90306854248047
2016-08-22,77.29000091552734,64.46105194091797
2016-08-23,77.30000305175781,64.46941375732422
2016-08-24,76.95999908447266,64.18582916259766
2016-08-25,77.47000122070312,64.61117553710938
2016-08-26,76.9000015258789,64.13579559326172
2016-08-29,77.18000030517578,64.36931610107422
2016-08-30,76.55999755859375,63.85222625732422
2016-08-31,76.55999755859375,63.85222625732422
2016-09-01,76.44000244140625,63.75215530395508
2016-09-02,76.95999908447266,64.18582916259766
2016-09-06,76.01000213623047,63.393531799316406
2016-09-07,75.44000244140625,62.918148040771484
2016-09-08,74.12999725341797,61.82554244995117
2016-09-09,71.7699966430664,59.8572883605957
2016-09-12,72.5,60.46611404418945
2016-09-13,71.08000183105469,59.281822204589844
2016-09-14,71.12000274658203,59.31517028808594
2016-09-15,71.30999755859375,59.4736213684082
2016-09-16,70.94999694824219,59.17340087890625
2016-09-19,71.30999755859375,59.4736213684082
2016-09-20,71.37000274658203,59.5236701965332
2016-09-21,72.05000305175781,60.09083557128906
2016-09-22,72.08000183105469,60.11583709716797
2016-09-23,72.3499984741211,60.34101867675781
2016-09-26,70.80999755859375,59.056644439697266
2016-09-27,71.5,59.63210678100586
2016-09-28,71.76000213623047,59.848941802978516
2016-09-29,72.01000213623047,60.057437896728516
2016-09-30,72.20999908447266,60.22425842285156
2016-10-03,72.19000244140625,60.207576751708984
2016-10-04,72.69999694824219,60.6329231262207
2016-10-05,72.25,60.25763702392578
2016-10-06,72.08999633789062,60.124141693115234
2016-10-07,71.30000305175781,59.46531295776367
2016-10-10,70.97000122070312,59.190067291259766
2016-10-11,70.08999633789062,58.456138610839844
2016-10-12,71.31999969482422,59.481990814208984
2016-10-13,71.0999984741211,59.29851150512695
2016-10-14,71.3499984741211,59.506988525390625
2016-10-17,69.9800033569336,58.65211868286133
2016-10-18,70.23999786376953,58.87001419067383
2016-10-19,69.58999633789062,58.32524490356445
2016-10-20,69.88999938964844,58.57666778564453
2016-10-21,70.6500015258789,59.21367263793945
2016-10-24,70.9800033569336,59.4902458190918
2016-10-25,68.47000122070312,57.38653564453125
2016-10-26,67.37000274658203,56.464599609375
2016-10-27,67.16000366210938,56.28859329223633
2016-10-28,67.02999877929688,56.17964553833008
2016-10-31,66.6500015258789,55.86114501953125
2016-11-01,65.62999725341797,55.006256103515625
2016-11-02,66.55999755859375,55.78572463989258
2016-11-03,66.58999633789062,55.81087112426758
2016-11-04,66.25,55.52588653564453
2016-11-07,67.2300033569336,56.34725570678711
2016-11-08,66.80999755859375,55.99524688720703
2016-11-09,67.83999633789062,56.8585205078125
2016-11-10,69.45999908447266,58.21628189086914
2016-11-11,69.7300033569336,58.44257354736328
2016-11-14,70.01000213623047,58.67725372314453
2016-11-15,69.05000305175781,57.872642517089844
2016-11-16,67.0199966430664,56.17125701904297
2016-11-17,67.94999694824219,56.95069122314453
2016-11-18,69.30999755859375,58.09056091308594
2016-11-21,69.41000366210938,58.17439270019531
2016-11-22,71.58999633789062,60.00149917602539
2016-11-23,71.7699966430664,60.152374267578125
2016-11-25,72.20999908447266,60.5211296081543
2016-11-28,71.19999694824219,59.67462158203125
2016-11-29,70.70999908447266,59.263938903808594
2016-11-30,70.55000305175781,59.129859924316406
2016-12-01,71.0,59.506996154785156
2016-12-02,72.30999755859375,60.60493469238281
2016-12-05,72.66000366210938,60.89828109741211
2016-12-06,72.45999908447266,60.73066711425781
2016-12-07,76.4000015258789,64.03289031982422
2016-12-08,75.23999786376953,63.06064224243164
2016-12-09,74.69000244140625,62.59969711303711
2016-12-12,74.51000213623047,62.44884490966797
2016-12-13,74.6500015258789,62.56614685058594
2016-12-14,73.55999755859375,61.65260314941406
2016-12-15,73.66999816894531,61.744808197021484
2016-12-16,72.95999908447266,61.14970016479492
2016-12-19,72.91999816894531,61.1161994934082
2016-12-20,74.2699966430664,62.24763488769531
2016-12-21,74.19000244140625,62.18058776855469
2016-12-22,73.01000213623047,61.191627502441406
2016-12-23,72.30000305175781,60.5965576171875
2016-12-27,72.2300033569336,60.537899017333984
2016-12-28,71.56999969482422,59.98474884033203
2016-12-29,71.33999633789062,59.791969299316406
2016-12-30,71.12000274658203,59.607574462890625
2017-01-03,70.94999694824219,59.46510314941406
2017-01-04,71.80999755859375,60.18589401245117
2017-01-05,71.06999969482422,59.565670013427734
2017-01-06,70.94999694824219,59.46510314941406
2017-01-09,71.06999969482422,59.565670013427734
2017-01-10,71.20999908447266,59.683013916015625
2017-01-11,71.26000213623047,59.72491455078125
2017-01-12,71.58000183105469,59.993125915527344
2017-01-13,72.1500015258789,60.47084426879883
2017-01-17,72.37999725341797,60.66361618041992
2017-01-18,71.37999725341797,59.825462341308594
2017-01-19,71.5999984741211,60.00988006591797
2017-01-20,71.76000213623047,60.14397048950195
2017-01-23,72.58000183105469,61.129398345947266
2017-01-24,74.0,62.32535171508789
2017-01-25,73.05999755859375,61.53367233276367
2017-01-26,73.2300033569336,61.67685317993164
2017-01-27,73.25,61.69369888305664
2017-01-30,73.56999969482422,61.96320343017578
2017-01-31,73.08000183105469,61.550533294677734
2017-02-01,72.3499984741211,60.9356803894043
2017-02-02,71.94999694824219,60.5987548828125
2017-02-03,73.29000091552734,61.727378845214844
2017-02-06,72.61000061035156,61.15464782714844
2017-02-07,72.23999786376953,60.843021392822266
2017-02-08,72.44999694824219,61.019893646240234
2017-02-09,73.52999877929688,61.92952346801758
2017-02-10,73.97000122070312,62.30009078979492
2017-02-13,73.9000015258789,62.24114990234375
2017-02-14,75.72000122070312,63.774024963378906
2017-02-15,76.91000366210938,64.77627563476562
2017-02-16,76.31999969482422,64.27934265136719
2017-02-17,76.73999786376953,64.63307189941406
2017-02-21,77.25,65.06263732910156
2017-02-22,76.80000305175781,64.68362426757812
2017-02-23,75.80000305175781,63.84140396118164
2017-02-24,76.0999984741211,64.09405517578125
2017-02-27,76.41999816894531,64.3635482788086
2017-02-28,74.37000274658203,62.63699722290039
2017-03-01,81.44999694824219,68.60001373291016
2017-03-02,80.4000015258789,67.71566009521484
2017-03-03,81.68000030517578,68.79371643066406
2017-03-06,81.0199966430664,68.23784637451172
2017-03-07,80.83999633789062,68.08622741699219
2017-03-08,81.33000183105469,68.49897003173828
2017-03-09,81.16999816894531,68.36418151855469
2017-03-10,81.58000183105469,68.70950317382812
2017-03-13,81.58000183105469,68.70950317382812
2017-03-14,81.94000244140625,69.0127182006836
2017-03-15,83.2699966430664,70.13287353515625
2017-03-16,83.22000122070312,70.09077453613281
2017-03-17,83.52999877929688,70.35186004638672
2017-03-20,82.3499984741211,69.35800170898438
2017-03-21,81.91999816894531,68.99586486816406
2017-03-22,82.3499984741211,69.35800170898438
2017-03-23,82.44999694824219,69.44225311279297
2017-03-24,82.20999908447266,69.24010467529297
2017-03-27,81.55999755859375,68.6926498413086
2017-03-28,82.4000015258789,69.40013885498047
2017-03-29,82.20999908447266,69.24010467529297
2017-03-30,82.30000305175781,69.31592559814453
2017-03-31,82.20999908447266,69.24010467529297
2017-04-03,82.04000091552734,69.09693908691406
2017-04-04,81.58999633789062,68.7179183959961
2017-04-05,81.62000274658203,68.74320983886719
2017-04-06,81.97000122070312,69.03797912597656
2017-04-07,82.13999938964844,69.18115997314453
2017-04-10,82.41999816894531,69.41697692871094
2017-04-11,82.41000366210938,69.4085693359375
2017-04-12,81.87000274658203,68.95375061035156
2017-04-13,81.05999755859375,68.27154541015625
2017-04-17,81.94999694824219,69.0211410522461
2017-04-18,82.12999725341797,69.17272186279297
2017-04-19,81.98999786376953,69.05481719970703
2017-04-20,83.29000091552734,70.14971923828125
2017-04-21,83.47000122070312,70.30134582519531
2017-04-24,84.16999816894531,71.18939208984375
2017-04-25,84.51000213623047,71.4769515991211
2017-04-26,85.2300033569336,72.08592987060547
2017-04-27,85.2699966430664,72.1197509765625
2017-04-28,84.87999725341797,71.78988647460938
2017-05-01,84.4000015258789,71.3839340209961
2017-05-02,85.37999725341797,72.21277618408203
2017-05-03,85.52999877929688,72.33964538574219
2017-05-04,85.4000015258789,72.22972869873047
2017-05-05,86.0,72.7371826171875
2017-05-08,86.0,72.7371826171875
2017-05-09,85.8499984741211,72.61029815673828
2017-05-10,86.05999755859375,72.78791809082031
2017-05-11,84.69999694824219,71.63762664794922
2017-05-12,84.81999969482422,71.7391586303711
2017-05-15,85.19000244140625,72.0521011352539
2017-05-16,85.36000061035156,72.19586181640625
2017-05-17,83.75,70.83417510986328
2017-05-18,84.05000305175781,71.0879135131836
2017-05-19,84.58999633789062,71.54462432861328
2017-05-22,84.05000305175781,71.0879135131836
2017-05-23,82.33999633789062,69.64163970947266
2017-05-24,79.8499984741211,67.53561401367188
2017-05-25,81.33000183105469,68.78739929199219
2017-05-26,80.91000366210938,68.4321517944336
2017-05-30,79.41000366210938,67.16349029541016
2017-05-31,78.7699966430664,66.6221694946289
2017-06-01,80.43000030517578,68.02616882324219
2017-06-02,80.22000122070312,67.84858703613281
2017-06-05,79.44000244140625,67.18885040283203
2017-06-06,78.69999694824219,66.56297302246094
2017-06-07,77.79000091552734,65.79331970214844
2017-06-08,77.63999938964844,65.66644287109375
2017-06-09,78.6500015258789,66.52066802978516
2017-06-12,79.02999877929688,66.84207916259766
2017-06-13,79.6500015258789,67.36647033691406
2017-06-14,80.55999755859375,68.13611602783203
2017-06-15,80.38999938964844,67.9923324584961
2017-06-16,79.80000305175781,67.49333953857422
2017-06-19,81.08000183105469,68.57593536376953
2017-06-20,80.45999908447266,68.0515365600586
2017-06-21,79.13999938964844,66.93510437011719
2017-06-22,78.33999633789062,66.25848388671875
2017-06-23,76.06999969482422,64.33854675292969
2017-06-26,76.69999694824219,64.87142181396484
2017-06-27,76.33000183105469,64.5584716796875
2017-06-28,77.0199966430664,65.1420669555664
2017-06-29,76.5999984741211,64.78683471679688
2017-06-30,77.52999877929688,65.57342529296875
2017-07-03,78.26000213623047,66.1908187866211
2017-07-05,77.37000274658203,65.4380874633789
2017-07-06,76.58999633789062,64.77837371826172
2017-07-07,77.1500015258789,65.25202941894531
2017-07-10,76.91999816894531,65.05746459960938
2017-07-11,76.25,64.49080657958984
2017-07-12,76.22000122070312,64.46542358398438
2017-07-13,76.5199966430664,64.71916198730469
2017-07-14,76.05999755859375,64.33009338378906
2017-07-17,76.43000030517578,64.64305114746094
2017-07-18,75.95999908447266,64.24552154541016
2017-07-19,76.83000183105469,64.98136901855469
2017-07-20,72.55999755859375,61.3698616027832
2017-07-21,73.83999633789062,62.45247268676758
2017-07-24,74.30999755859375,63.20093536376953
2017-07-25,75.69000244140625,64.37461853027344
2017-07-26,75.9800033569336,64.62126159667969
2017-07-27,77.0,65.48876953125
2017-07-28,76.4800033569336,65.0465316772461
2017-07-31,77.4000015258789,65.82897186279297
2017-08-01,77.83000183105469,66.19466400146484
2017-08-02,77.86000061035156,66.22020721435547
2017-08-03,77.91000366210938,66.26274871826172
2017-08-04,78.37000274658203,66.65396881103516
2017-08-07,78.31999969482422,66.61143493652344
2017-08-08,77.20999908447266,65.66738891601562
2017-08-09,78.33999633789062,66.6284408569336
2017-08-10,77.01000213623047,65.4972915649414
2017-08-11,77.26000213623047,65.70993041992188
2017-08-14,77.72000122070312,66.10113525390625
2017-08-15,74.30000305175781,63.192413330078125
2017-08-16,75.3499984741211,64.0854721069336
2017-08-17,74.12000274658203,63.039310455322266
2017-08-18,73.63999938964844,62.63108444213867
2017-08-21,73.8499984741211,62.80970001220703
2017-08-22,75.81999969482422,64.48515319824219
2017-08-23,73.01000213623047,62.09524154663086
2017-08-24,72.61000061035156,61.75505828857422
2017-08-25,73.3499984741211,62.38446044921875
2017-08-28,73.80000305175781,62.76715087890625
2017-08-29,73.44999694824219,62.469486236572266
2017-08-30,73.91000366210938,62.860721588134766
2017-08-31,73.88999938964844,62.84372329711914
2017-09-01,74.6500015258789,63.49007797241211
2017-09-05,75.68000030517578,64.3661117553711
2017-09-06,77.47000122070312,65.88850402832031
2017-09-07,77.68000030517578,66.06712341308594
2017-09-08,78.55999755859375,66.81554412841797
2017-09-11,77.5,65.91401672363281
2017-09-12,78.66000366210938,66.90060424804688
2017-09-13,77.86000061035156,66.22020721435547
2017-09-14,78.45999908447266,66.73051452636719
2017-09-15,77.98999786376953,66.33076477050781
2017-09-18,77.66999816894531,66.05862426757812
2017-09-19,77.48999786376953,65.90554809570312
2017-09-20,77.91000366210938,66.26274871826172
2017-09-21,78.04000091552734,66.373291015625
2017-09-22,78.2300033569336,66.53488159179688
2017-09-25,79.33999633789062,67.47893524169922
2017-09-26,79.29000091552734,67.4364242553711
2017-09-27,79.2300033569336,67.38538360595703
2017-09-28,79.44999694824219,67.57250213623047
2017-09-29,79.94000244140625,67.9892578125
2017-10-02,80.79000091552734,68.71219635009766
2017-10-03,81.3499984741211,69.1884765625
2017-10-04,81.45999908447266,69.28202056884766
2017-10-05,82.26000213623047,69.9624252319336
2017-10-06,81.86000061035156,69.62223815917969
2017-10-09,81.73999786376953,69.5201644897461
2017-10-10,81.0999984741211,68.97584533691406
2017-10-11,81.20999908447266,69.06939697265625
2017-10-12,81.56999969482422,69.3755874633789
2017-10-13,82.33000183105469,70.02195739746094
2017-10-16,81.19999694824219,69.06087493896484
2017-10-17,81.11000061035156,68.98433685302734
2017-10-18,80.75,68.67813873291016
2017-10-19,81.2699966430664,69.12042236328125
2017-10-20,80.04000091552734,68.07431030273438
2017-10-23,80.41000366210938,68.38897705078125
2017-10-24,81.16000366210938,69.38062286376953
2017-10-25,80.98999786376953,69.23528289794922
2017-10-26,81.52999877929688,69.69692993164062
2017-10-27,80.61000061035156,68.91046905517578
2017-10-30,79.41000366210938,67.8846435546875
2017-10-31,79.94999694824219,68.34626007080078
2017-11-01,79.91999816894531,68.32060241699219
2017-11-02,76.6500015258789,65.52520751953125
2017-11-03,77.91999816894531,66.61087036132812
2017-11-06,77.41000366210938,66.17491149902344
2017-11-07,77.62999725341797,66.36296081542969
2017-11-08,78.08999633789062,66.7562026977539
2017-11-09,78.08000183105469,66.74767303466797
2017-11-10,77.48999786376953,66.2432861328125
2017-11-13,77.52999877929688,66.27748107910156
2017-11-14,79.2300033569336,67.73072814941406
2017-11-15,78.37000274658203,66.99555969238281
2017-11-16,79.47000122070312,67.93590545654297
2017-11-17,80.22000122070312,68.57708740234375
2017-11-20,81.45999908447266,69.63709259033203
2017-11-21,80.58999633789062,68.89336395263672
2017-11-22,79.55999755859375,68.01285552978516
2017-11-24,79.23999786376953,67.73930358886719
2017-11-27,79.83000183105469,68.2436752319336
2017-11-28,81.68000030517578,69.82514953613281
2017-11-29,83.30000305175781,71.21002197265625
2017-11-30,83.37000274658203,71.26986694335938
2017-12-01,84.2300033569336,72.00506591796875
2017-12-04,88.04000091552734,75.26207733154297
2017-12-05,86.30999755859375,73.78316497802734
2017-12-06,82.4000015258789,70.4406509399414
2017-12-07,83.62999725341797,71.49213409423828
2017-12-08,85.5999984741211,73.17623138427734
2017-12-11,85.54000091552734,73.12493896484375
2017-12-12,84.98999786376953,72.65475463867188
2017-12-13,85.5999984741211,73.17623138427734
2017-12-14,85.58000183105469,73.15911865234375
2017-12-15,86.69000244140625,74.1080322265625
2017-12-18,87.44000244140625,74.74919128417969
2017-12-19,88.86000061035156,75.96309661865234
2017-12-20,90.19000244140625,77.10004425048828
2017-12-21,90.7300033569336,77.5616683959961
2017-12-22,91.19000244140625,77.95490264892578
2017-12-26,91.88999938964844,78.55328369140625
2017-12-27,92.11000061035156,78.74140930175781
2017-12-28,92.86000061035156,79.38253021240234
2017-12-29,92.94000244140625,79.4509048461914
2018-01-02,91.62000274658203,78.322509765625
2018-01-03,92.0199966430664,78.66443634033203
2018-01-04,92.73999786376953,79.27994537353516
2018-01-05,94.73999786376953,80.98966979980469
2018-01-08,93.70999908447266,80.10916137695312
2018-01-09,94.55000305175781,80.82722473144531
2018-01-10,94.16999816894531,80.50238037109375
2018-01-11,95.73999786376953,81.84452056884766
2018-01-12,100.86000061035156,86.22139739990234
2018-01-16,100.97000122070312,86.31543731689453
2018-01-17,101.68000030517578,86.92241668701172
2018-01-18,101.36000061035156,86.64884185791016
2018-01-19,104.94999694824219,89.7177963256836
2018-01-22,107.11000061035156,91.5643081665039
2018-01-23,107.11000061035156,91.91614532470703
2018-01-24,106.72000122070312,91.58148193359375
2018-01-25,106.37999725341797,91.28972625732422
2018-01-26,107.4000015258789,92.1650161743164
2018-01-29,106.83999633789062,91.68447875976562
2018-01-30,105.18000030517578,90.25991821289062
2018-01-31,104.7300033569336,89.87377166748047
2018-02-01,103.86000061035156,89.1271743774414
2018-02-02,101.5,87.1019515991211
2018-02-05,97.58000183105469,83.73800659179688
2018-02-06,100.22000122070312,86.00350952148438
2018-02-07,99.91999816894531,85.7460708618164
2018-02-08,95.01000213623047,81.53256225585938
2018-02-09,97.16999816894531,83.38619232177734
2018-02-12,97.77999877929688,83.90962219238281
2018-02-13,96.05999755859375,82.43362426757812
2018-02-14,96.93000030517578,83.18023681640625
2018-02-15,96.51000213623047,82.81979370117188
2018-02-16,96.30999755859375,82.64816284179688
2018-02-20,95.6500015258789,82.08179473876953
2018-02-21,95.33999633789062,81.81575012207031
2018-02-22,96.88999938964844,83.1458969116211
2018-02-23,97.48999786376953,83.66077423095703
2018-02-26,97.51000213623047,83.67793273925781
2018-02-27,95.79000091552734,82.20193481445312
2018-02-28,89.58999633789062,76.88140869140625
2018-03-01,87.95999908447266,75.48265075683594
2018-03-02,85.33999633789062,73.2342758178711
2018-03-05,86.33000183105469,74.08385467529297
2018-03-06,87.12000274658203,74.76178741455078
2018-03-07,86.11000061035156,73.89508056640625
2018-03-08,86.16000366210938,73.93797302246094
2018-03-09,87.27999877929688,74.89907836914062
2018-03-12,87.68000030517578,75.24234771728516
2018-03-13,86.13999938964844,73.92079162597656
2018-03-14,86.37999725341797,74.12677001953125
2018-03-15,85.54000091552734,73.40594482421875
2018-03-16,87.0,74.65878295898438
2018-03-19,85.79000091552734,73.62044525146484
2018-03-20,85.7300033569336,73.56896209716797
2018-03-21,87.25,74.87335968017578
2018-03-22,85.69999694824219,73.54324340820312
2018-03-23,83.7699966430664,71.88700866699219
2018-03-26,89.30000305175781,76.63255310058594
2018-03-27,85.95999908447266,73.76631164550781
2018-03-28,85.87999725341797,73.69770812988281
2018-03-29,87.75,75.30241394042969
2018-04-02,84.58999633789062,72.5906753540039
2018-04-03,85.44999694824219,73.32869720458984
2018-04-04,88.05999755859375,75.56844329833984
2018-04-05,88.75,76.16056060791016
2018-04-06,88.23999786376953,75.72290802001953
2018-04-09,85.23999786376953,73.14846801757812
2018-04-10,87.13999938964844,74.77896881103516
2018-04-11,86.6500015258789,74.35847473144531
2018-04-12,87.04000091552734,74.69314575195312
2018-04-13,86.2300033569336,73.998046875
2018-04-16,86.05999755859375,73.85216522216797
2018-04-17,86.16000366210938,73.93797302246094
2018-04-18,86.41000366210938,74.15247344970703
2018-04-19,84.87999725341797,72.83953857421875
2018-04-20,83.62000274658203,71.75829315185547
2018-04-23,84.3499984741211,72.38473510742188
2018-04-24,82.91000366210938,71.49652862548828
2018-04-25,81.4800033569336,70.26335906982422
2018-04-26,83.27999877929688,71.8155746459961
2018-04-27,84.0,72.43645477294922
2018-04-30,82.43000030517578,71.08258056640625
2018-05-01,82.95999908447266,71.53964233398438
2018-05-02,83.95999908447266,72.40196228027344
2018-05-03,82.83000183105469,71.42755126953125
2018-05-04,84.2300033569336,72.63479614257812
2018-05-07,83.8499984741211,72.30713653564453
2018-05-08,84.25,72.65206146240234
2018-05-09,84.41999816894531,72.79866027832031
2018-05-10,85.06999969482422,73.3591537475586
2018-05-11,87.44999694824219,75.41152954101562
2018-05-14,86.58000183105469,74.66130828857422
2018-05-15,85.69000244140625,73.89381408691406
2018-05-16,85.51000213623047,73.73859405517578
2018-05-17,85.47000122070312,73.70413208007812
2018-05-18,86.33999633789062,74.4543228149414
2018-05-21,87.38999938964844,75.35977935791016
2018-05-22,85.75,73.94556427001953
2018-05-23,94.69000244140625,81.65486145019531
2018-05-24,96.48999786376953,83.20707702636719
2018-05-25,96.69000244140625,83.3795394897461
2018-05-29,95.77999877929688,82.59481811523438
2018-05-30,97.41999816894531,84.009033203125
2018-05-31,95.01000213623047,81.93080139160156
2018-06-01,95.83000183105469,82.637939453125
2018-06-04,97.58999633789062,84.15565490722656
2018-06-05,97.5,84.07804870605469
2018-06-06,98.48999786376953,84.93174743652344
2018-06-07,99.2699966430664,85.60437774658203
2018-06-08,100.22000122070312,86.42359161376953
2018-06-11,100.5,86.66505432128906
2018-06-12,100.5,86.66505432128906
2018-06-13,99.45999908447266,85.76821899414062
2018-06-14,99.16000366210938,85.50953674316406
2018-06-15,99.18000030517578,85.52678680419922
2018-06-18,98.58999633789062,85.01799011230469
2018-06-19,98.16000366210938,84.64720916748047
2018-06-20,98.44000244140625,84.88863372802734
2018-06-21,99.05999755859375,85.42327117919922
2018-06-22,98.22000122070312,84.69893646240234
2018-06-25,96.8499984741211,83.51750946044922
2018-06-26,97.12999725341797,83.75896453857422
2018-06-27,96.30999755859375,83.05184936523438
2018-06-28,96.0,82.78455352783203
2018-06-29,95.56999969482422,82.41374206542969
2018-07-02,94.87000274658203,81.81008911132812
2018-07-03,95.05999755859375,81.97394561767578
2018-07-05,95.5199966430664,82.3706283569336
2018-07-06,96.13999938964844,82.9052734375
2018-07-09,96.95999908447266,83.61238861083984
2018-07-10,99.01000213623047,85.38017272949219
2018-07-11,98.61000061035156,85.03522491455078
2018-07-12,98.30000305175781,84.76790618896484
2018-07-13,99.58000183105469,85.87168884277344
2018-07-16,99.62999725341797,85.91478729248047
2018-07-17,100.25,86.449462890625
2018-07-18,101.05000305175781,87.13934326171875
2018-07-19,101.38999938964844,87.43252563476562
2018-07-20,100.66000366210938,86.80303192138672
2018-07-23,101.16000366210938,87.23420715332031
2018-07-24,100.0,86.64500427246094
2018-07-25,99.0199966430664,85.7958984375
2018-07-26,98.5199966430664,85.3626708984375
2018-07-27,98.0,84.91212463378906
2018-07-30,99.27999877929688,86.02117156982422
2018-07-31,99.33999633789062,86.07315826416016
2018-08-01,97.95999908447266,84.87747192382812
2018-08-02,97.44000244140625,84.42691040039062
2018-08-03,97.62999725341797,84.59153747558594
2018-08-06,97.75,84.69550323486328
2018-08-07,98.77999877929688,85.58795928955078
2018-08-08,98.87000274658203,85.66592407226562
2018-08-09,99.94000244140625,86.59303283691406
2018-08-10,98.30999755859375,85.1806869506836
2018-08-13,97.08999633789062,84.12364196777344
2018-08-14,98.4000015258789,85.25870513916016
2018-08-15,96.83000183105469,83.89838409423828
2018-08-16,97.68000030517578,84.63484954833984
2018-08-17,97.9800033569336,84.89476013183594
2018-08-20,98.97000122070312,85.75255584716797
2018-08-21,99.73999786376953,86.41973876953125
2018-08-22,105.5199966430664,91.42781829833984
2018-08-23,107.1500015258789,92.84016418457031
2018-08-24,106.80000305175781,92.5368881225586
2018-08-27,106.97000122070312,92.68414306640625
2018-08-28,108.2699966430664,93.81053924560547
2018-08-29,108.68000030517578,94.16578674316406
2018-08-30,107.87999725341797,93.47264099121094
2018-08-31,108.75,94.2264404296875
2018-09-04,109.93000030517578,95.24885559082031
2018-09-05,108.41000366210938,93.93186950683594
2018-09-06,109.37999725341797,94.77230072021484
2018-09-07,109.58999633789062,94.95426177978516
2018-09-10,112.38999938964844,97.38033294677734
2018-09-11,114.18000030517578,98.93128967285156
2018-09-12,114.33999633789062,99.06990051269531
2018-09-13,112.75,97.6922607421875
2018-09-14,113.88999938964844,98.68000030517578
2018-09-17,113.73999786376953,98.55003356933594
2018-09-18,115.55000305175781,100.11833953857422
2018-09-19,116.26000213623047,100.73350524902344
2018-09-20,116.69999694824219,101.11473083496094
2018-09-21,116.83999633789062,101.23600006103516
2018-09-24,115.01000213623047,99.65042877197266
2018-09-25,115.19999694824219,99.8150634765625
2018-09-26,114.79000091552734,99.45980834960938
2018-09-27,114.5,99.20855712890625
2018-09-28,114.81999969482422,99.48580932617188
2018-10-01,114.06999969482422,98.83595275878906
2018-10-02,112.58999633789062,97.5536117553711
2018-10-03,111.75,96.82581329345703
2018-10-04,110.77999877929688,95.98533630371094
2018-10-05,109.73999786376953,95.08423614501953
2018-10-08,109.9000015258789,95.22284698486328
2018-10-09,109.16999816894531,94.59033966064453
2018-10-10,106.29000091552734,92.094970703125
2018-10-11,104.2300033569336,90.31008911132812
2018-10-12,105.36000061035156,91.2891845703125
2018-10-15,104.66999816894531,90.69132232666016
2018-10-16,105.9800033569336,91.8263931274414
2018-10-17,102.44000244140625,88.75917053222656
2018-10-18,99.70999908447266,86.39373779296875
2018-10-19,99.58999633789062,86.2897720336914
2018-10-22,98.38999938964844,85.2500228881836
2018-10-23,98.12000274658203,85.43287658691406
2018-10-24,96.52999877929688,84.04847717285156
2018-10-25,97.94999694824219,85.28485107421875
2018-10-26,93.77999877929688,81.65404510498047
2018-10-29,92.86000061035156,80.85298156738281
2018-10-30,94.73999786376953,82.48990631103516
2018-10-31,95.22000122070312,82.90784454345703
2018-11-01,97.44000244140625,84.84078216552734
2018-11-02,96.81999969482422,84.30094146728516
2018-11-05,97.06999969482422,84.51864624023438
2018-11-06,97.51000213623047,84.90176391601562
2018-11-07,100.5999984741211,87.59220123291016
2018-11-08,99.47000122070312,86.60831451416016
2018-11-09,96.81999969482422,84.30094146728516
2018-11-12,95.6500015258789,83.28225708007812
2018-11-13,95.58999633789062,83.23001098632812
2018-11-14,94.91000366210938,82.6379165649414
2018-11-15,93.68000030517578,81.56696319580078
2018-11-16,93.25,81.19256591796875
2018-11-19,91.3499984741211,79.53825378417969
2018-11-20,86.18000030517578,75.03675842285156
2018-11-21,88.37000274658203,76.9435806274414
2018-11-23,87.80999755859375,76.45597839355469
2018-11-26,89.30999755859375,77.76203155517578
2018-11-27,91.63999938964844,79.7907485961914
2018-11-28,93.69000244140625,81.5756607055664
2018-11-29,93.19999694824219,81.14903259277344
2018-11-30,94.37000274658203,82.16777038574219
2018-12-03,94.29000091552734,82.09810638427734
2018-12-04,90.33000183105469,78.65013885498047
2018-12-06,90.94999694824219,79.18997192382812
2018-12-07,89.4000015258789,77.84039306640625
2018-12-10,89.43000030517578,77.86650848388672
2018-12-11,89.4800033569336,77.91004943847656
2018-12-12,92.11000061035156,80.19998168945312
2018-12-13,94.29000091552734,82.09810638427734
2018-12-14,93.36000061035156,81.28836059570312
2018-12-17,90.44999694824219,78.7546157836914
2018-12-18,91.45999908447266,79.63402557373047
2018-12-19,90.33000183105469,78.65013885498047
2018-12-20,89.16000366210938,77.63140106201172
2018-12-21,87.63999938964844,76.30794525146484
2018-12-24,85.95999908447266,74.84517669677734
2018-12-26,91.04000091552734,79.26832580566406
2018-12-27,91.86000061035156,79.98228454589844
2018-12-28,91.87000274658203,79.99102020263672
2018-12-31,92.36000061035156,80.41765594482422
2019-01-02,92.2699966430664,80.33928680419922
2019-01-03,91.16999816894531,79.38152313232422
2019-01-04,93.87000274658203,81.73241424560547
2019-01-07,95.6500015258789,83.28225708007812
2019-01-08,97.62999725341797,85.00623321533203
2019-01-09,97.02999877929688,84.48381042480469
2019-01-10,95.9800033569336,83.569580078125
2019-01-11,97.30000305175781,84.71890258789062
2019-01-14,96.91000366210938,84.37932586669922
2019-01-15,94.91000366210938,82.6379165649414
2019-01-16,93.95999908447266,81.81076049804688
2019-01-17,92.05000305175781,80.14773559570312
2019-01-18,94.9800033569336,82.69889068603516
2019-01-22,91.55999755859375,80.12601470947266
2019-01-23,91.83000183105469,80.3623046875
2019-01-24,91.80000305175781,80.33604431152344
2019-01-25,93.81999969482422,82.10380554199219
2019-01-28,93.1500015258789,81.51747131347656
2019-01-29,93.43000030517578,81.76250457763672
2019-01-30,95.75,83.79281616210938
2019-01-31,96.16000366210938,84.1515884399414
2019-02-01,97.11000061035156,84.98296356201172
2019-02-04,97.87000274658203,85.6480484008789
2019-02-05,98.0999984741211,85.84928894042969
2019-02-06,97.19000244140625,85.05294799804688
2019-02-07,96.87999725341797,84.78165435791016
2019-02-08,97.16999816894531,85.03544616699219
2019-02-11,96.87999725341797,84.78165435791016
2019-02-12,99.47000122070312,87.04823303222656
2019-02-13,101.45999908447266,88.78970336914062
2019-02-14,101.51000213623047,88.8334732055664
2019-02-15,104.23999786376953,91.22254180908203
2019-02-19,105.05999755859375,91.94013977050781
2019-02-20,105.66000366210938,92.46524047851562
2019-02-21,105.5199966430664,92.34270477294922
2019-02-22,106.2699966430664,92.9990234375
2019-02-25,105.01000213623047,91.89641571044922
2019-02-26,105.02999877929688,91.91389465332031
2019-02-27,107.62000274658203,94.18045043945312
2019-02-28,105.08999633789062,91.9664077758789
2019-03-01,103.95999908447266,90.97752380371094
2019-03-04,103.19000244140625,90.30366516113281
2019-03-05,103.01000213623047,90.1461410522461
2019-03-06,102.33999633789062,89.55984497070312
2019-03-07,100.70999908447266,88.13336944580078
2019-03-08,99.33000183105469,86.92571258544922
2019-03-11,100.4000015258789,87.86209869384766
2019-03-12,100.86000061035156,88.26464080810547
2019-03-13,101.16999816894531,88.53594207763672
2019-03-14,100.80999755859375,88.22090148925781
2019-03-15,100.13999938964844,87.63456726074219
2019-03-18,101.87999725341797,89.15727996826172
2019-03-19,103.44999694824219,90.53121948242188
2019-03-20,103.58999633789062,90.6537094116211
2019-03-21,106.3499984741211,93.06905364990234
2019-03-22,104.94999694824219,91.8438720703125
2019-03-25,106.02999877929688,92.78902435302734
2019-03-26,105.95999908447266,92.7277603149414
2019-03-27,107.38999938964844,93.97918701171875
2019-03-28,108.37000274658203,94.83680725097656
2019-03-29,109.47000122070312,95.7994155883789
2019-04-01,108.93000030517578,95.32685852050781
2019-04-02,109.91000366210938,96.18446350097656
2019-04-03,111.93000030517578,97.95223236083984
2019-04-04,113.31999969482422,99.16864013671875
2019-04-05,114.9800033569336,100.62134552001953
2019-04-08,115.79000091552734,101.3301773071289
2019-04-09,113.13999938964844,99.01112365722656
2019-04-10,113.76000213623047,99.5536880493164
2019-04-11,115.12999725341797,100.75257873535156
2019-04-12,116.26000213623047,101.74151611328125
2019-04-15,117.18000030517578,102.54659271240234
2019-04-16,117.02999877929688,102.41535186767578
2019-04-17,117.12000274658203,102.49409484863281
2019-04-18,113.73999786376953,99.53619384765625
2019-04-22,113.43000030517578,99.26490783691406
2019-04-23,113.54000091552734,99.78343963623047
2019-04-24,113.97000122070312,100.16133117675781
2019-04-25,113.5999984741211,99.83616638183594
2019-04-26,112.4800033569336,98.85186004638672
2019-04-29,112.22000122070312,98.62334442138672
2019-04-30,113.13999938964844,99.43187713623047
2019-05-01,110.69999694824219,97.28750610351562
2019-05-02,112.11000061035156,98.52669525146484
2019-05-03,112.36000061035156,98.74639129638672
2019-05-06,111.3499984741211,97.85877227783203
2019-05-07,107.12000274658203,94.14128112792969
2019-05-08,106.7300033569336,93.79853820800781
2019-05-09,106.29000091552734,93.41182708740234
2019-05-10,106.63999938964844,93.71942901611328
2019-05-13,104.66000366210938,91.97933197021484
2019-05-14,105.75,92.93724822998047
2019-05-15,107.62000274658203,94.5806884765625
2019-05-16,108.58999633789062,95.43315887451172
2019-05-17,109.0199966430664,95.81107330322266
2019-05-20,109.19999694824219,95.96925354003906
2019-05-21,111.0999984741211,97.63904571533203
2019-05-22,97.94000244140625,86.07353973388672
2019-05-23,94.80000305175781,83.31398010253906
2019-05-24,95.37000274658203,83.8149185180664
2019-05-28,91.87000274658203,80.73898315429688
2019-05-29,93.2300033569336,81.93418884277344
2019-05-30,93.87999725341797,82.50545501708984
2019-05-31,93.27999877929688,81.9781494140625
2019-06-03,93.83999633789062,82.47028350830078
2019-06-04,96.83000183105469,85.0980224609375
2019-06-05,96.25,84.58829498291016
2019-06-06,96.23999786376953,84.57952880859375
2019-06-07,96.76000213623047,85.0365219116211
2019-06-10,96.30999755859375,84.6410140991211
2019-06-11,96.3499984741211,84.67617797851562
2019-06-12,96.33000183105469,84.65860748291016
2019-06-13,98.62000274658203,86.671142578125
2019-06-14,99.62999725341797,87.55876159667969
2019-06-17,100.08000183105469,87.95426940917969
2019-06-18,99.30999755859375,87.2775650024414
2019-06-19,98.7300033569336,86.76783752441406
2019-06-20,101.44000244140625,89.14947509765625
2019-06-21,100.83999633789062,88.62215423583984
2019-06-24,99.0199966430664,87.02266693115234
2019-06-25,98.22000122070312,86.31961822509766
2019-06-26,99.23999786376953,87.21601867675781
2019-06-27,99.36000061035156,87.32150268554688
2019-06-28,100.91000366210938,88.68367767333984
2019-07-01,102.19999694824219,89.8173828125
2019-07-02,102.69000244140625,90.2480239868164
2019-07-03,103.1500015258789,90.65228271484375
2019-07-05,104.22000122070312,91.5926284790039
2019-07-08,104.66000366210938,91.97933197021484
2019-07-09,104.86000061035156,92.15509796142578
2019-07-10,103.08000183105469,90.59075927734375
2019-07-11,104.87000274658203,92.16390228271484
2019-07-12,107.4000015258789,94.38735961914062
2019-07-15,107.97000122070312,94.88829040527344
2019-07-16,106.5,93.59640502929688
2019-07-17,104.93000030517578,92.21661376953125
2019-07-18,103.75,91.17959594726562
2019-07-19,102.5,90.08104705810547
2019-07-22,102.55000305175781,90.125
2019-07-23,102.5999984741211,90.65512084960938
2019-07-24,102.80000305175781,90.83184051513672
2019-07-25,102.05000305175781,90.1691665649414
2019-07-26,103.52999877929688,91.47684478759766
2019-07-29,103.95999908447266,91.85678100585938
2019-07-30,103.7699966430664,91.68890380859375
2019-07-31,101.4000015258789,89.5948257446289
2019-08-01,99.48999786376953,87.90718078613281
2019-08-02,99.2300033569336,87.6774673461914
2019-08-05,97.04000091552734,85.74246215820312
2019-08-06,97.91999816894531,86.51998138427734
2019-08-07,98.37999725341797,86.92642211914062
2019-08-08,100.47000122070312,88.77311706542969
2019-08-09,98.55000305175781,87.0766372680664
2019-08-12,96.08000183105469,84.89420318603516
2019-08-13,96.58000183105469,85.33599090576172
2019-08-14,93.58999633789062,82.694091796875
2019-08-15,93.37999725341797,82.5085220336914
2019-08-16,93.91999816894531,82.98567199707031
2019-08-19,95.05000305175781,83.9841079711914
2019-08-20,97.87000274658203,86.47581481933594
2019-08-21,108.0,95.42642974853516
2019-08-22,108.16000366210938,95.56783294677734
2019-08-23,106.38999938964844,94.00386810302734
2019-08-26,106.4000015258789,94.01271057128906
2019-08-27,106.04000091552734,93.69464111328125
2019-08-28,108.18000030517578,95.58548736572266
2019-08-29,112.58999633789062,99.48207092285156
2019-08-30,112.19999694824219,99.1374740600586
2019-09-03,111.18000030517578,98.23623657226562
2019-09-04,111.91999816894531,98.89006805419922
2019-09-05,114.20999908447266,100.91349029541016
2019-09-06,114.70999908447266,101.35527801513672
2019-09-09,114.79000091552734,101.42593383789062
2019-09-10,115.27999877929688,101.85889434814453
2019-09-11,113.48999786376953,100.27730560302734
2019-09-12,113.87999725341797,100.62188720703125
2019-09-13,113.36000061035156,100.16242218017578
2019-09-16,112.62999725341797,99.51741027832031
2019-09-17,112.7300033569336,99.60579681396484
2019-09-18,112.5999984741211,99.49091339111328
2019-09-19,111.87000274658203,98.84590911865234
2019-09-20,110.95999908447266,98.0418472290039
2019-09-23,110.44000244140625,97.5823974609375
2019-09-24,110.0199966430664,97.21126556396484
2019-09-25,110.75,97.85629272460938
2019-09-26,110.72000122070312,97.82978820800781
2019-09-27,109.54000091552734,96.78717041015625
2019-09-30,109.95999908447266,97.15825653076172
2019-10-01,109.5199966430664,96.76948547363281
2019-10-02,106.3499984741211,93.96856689453125
2019-10-03,106.37000274658203,93.9862289428711
2019-10-04,107.41999816894531,94.91397094726562
2019-10-07,108.2300033569336,95.62968444824219
2019-10-08,106.5,94.10108947753906
2019-10-09,106.30000305175781,93.92436981201172
2019-10-10,108.19000244140625,95.59431457519531
2019-10-11,110.80999755859375,97.9093017578125
2019-10-14,110.66999816894531,97.78560638427734
2019-10-15,112.41999816894531,99.33186340332031
2019-10-16,112.33000183105469,99.2523422241211
2019-10-17,112.5999984741211,99.49091339111328
2019-10-18,112.83999633789062,99.70297241210938
2019-10-21,111.94999694824219,98.91658020019531
2019-10-22,112.47000122070312,99.86669158935547
2019-10-23,111.51000213623047,99.01425170898438
2019-10-24,110.87000274658203,98.4459457397461
2019-10-25,111.58000183105469,99.076416015625
2019-10-28,111.63999938964844,99.12967681884766
2019-10-29,109.52999877929688,97.25613403320312
2019-10-30,111.27999877929688,98.8100357055664
2019-10-31,111.61000061035156,99.1030502319336
2019-11-01,112.94999694824219,100.29290008544922
2019-11-04,112.62000274658203,99.99989318847656
2019-11-05,112.19999694824219,99.62693786621094
2019-11-06,112.66999816894531,100.04425811767578
2019-11-07,112.5999984741211,99.98211669921875
2019-11-08,114.0,101.22523498535156
2019-11-11,114.44999694824219,101.62480163574219
2019-11-12,114.31999969482422,101.50936889648438
2019-11-13,112.8499984741211,100.20409393310547
2019-11-14,114.54000091552734,101.70470428466797
2019-11-15,115.5199966430664,102.57489776611328
2019-11-18,115.0199966430664,102.13093566894531
2019-11-19,113.4000015258789,100.6924819946289
2019-11-20,117.83000183105469,104.62604522705078
2019-11-21,117.0199966430664,103.90681457519531
2019-11-22,118.19999694824219,104.95458984375
2019-11-25,117.0,103.88905334472656
2019-11-26,117.77999877929688,104.58163452148438
2019-11-27,118.45999908447266,105.18546295166016
2019-11-29,117.30999755859375,104.16432189941406
2019-12-02,116.0,103.00112915039062
2019-12-03,114.55000305175781,101.7136001586914
2019-12-04,115.45999908447266,102.52161407470703
2019-12-05,115.58000183105469,102.628173828125
2019-12-06,116.27999877929688,103.24974060058594
2019-12-09,117.87000274658203,104.66155242919922
2019-12-10,116.4800033569336,103.42732238769531
2019-12-11,117.66000366210938,104.47509002685547
2019-12-12,118.19999694824219,104.95458984375
2019-12-13,118.5,105.22096252441406
2019-12-16,120.08000183105469,106.6239013671875
2019-12-17,119.31999969482422,105.94905090332031
2019-12-18,119.30999755859375,105.940185546875
2019-12-19,120.20999908447266,106.7393569946289
2019-12-20,119.7300033569336,106.3131332397461
2019-12-23,119.58999633789062,106.1888198852539
2019-12-24,119.7699966430664,106.34864807128906
2019-12-26,119.7300033569336,106.3131332397461
2019-12-27,120.2300033569336,106.7571029663086
2019-12-30,120.05000305175781,106.59728240966797
2019-12-31,119.76000213623047,106.33975982666016
2020-01-02,120.45999908447266,106.9613037109375
2020-01-03,119.5999984741211,106.19768524169922
2020-01-06,120.3499984741211,106.86363220214844
2020-01-07,119.62999725341797,106.22433471679688
2020-01-08,121.52999877929688,107.91143035888672
2020-01-09,122.05000305175781,108.37315368652344
2020-01-10,121.0,107.4408187866211
2020-01-13,121.05000305175781,107.48521423339844
2020-01-14,120.06999969482422,106.61502075195312
2020-01-15,119.5199966430664,106.12667083740234
2020-01-16,119.2699966430664,105.90465545654297
2020-01-17,122.36000061035156,108.6484146118164
2020-01-21,120.93000030517578,107.8635025024414
2020-01-22,121.91000366210938,108.73763275146484
2020-01-23,122.70999908447266,109.45115661621094
2020-01-24,120.2300033569336,107.23912811279297
2020-01-27,119.76000213623047,106.81989288330078
2020-01-28,121.1500015258789,108.05970764160156
2020-01-29,120.41999816894531,107.40860748291016
2020-01-30,119.72000122070312,106.78424072265625
2020-01-31,116.23999786376953,103.68025970458984
2020-02-03,117.18000030517578,104.5186996459961
2020-02-04,119.3499984741211,106.45420837402344
2020-02-05,122.12999725341797,108.93384552001953
2020-02-06,121.51000213623047,108.38082885742188
2020-02-07,121.4800033569336,108.35407257080078
2020-02-10,121.20999908447266,108.11324310302734
2020-02-11,123.02999877929688,109.73660278320312
2020-02-12,125.02999877929688,111.5204849243164
2020-02-13,124.7699966430664,111.28858947753906
2020-02-14,125.41999816894531,111.86836242675781
2020-02-18,123.2300033569336,109.91497802734375
2020-02-19,123.44000244140625,110.102294921875
2020-02-20,126.56999969482422,112.89409637451172
2020-02-21,125.30999755859375,111.77024841308594
2020-02-24,122.91000366210938,109.62955474853516
2020-02-25,118.5199966430664,105.71390533447266
2020-02-26,113.30000305175781,101.05792236328125
2020-02-27,107.62000274658203,95.99165344238281
2020-02-28,106.56999969482422,95.0550765991211
2020-03-02,111.04000091552734,99.04209899902344
2020-03-03,108.55999755859375,96.8300552368164
2020-03-04,113.29000091552734,101.04898071289062
2020-03-05,107.5199966430664,95.9024429321289
2020-03-06,105.30999755859375,93.93124389648438
2020-03-09,94.22000122070312,84.03949737548828
2020-03-10,104.0199966430664,92.78063201904297
2020-03-11,99.1500015258789,88.43682861328125
2020-03-12,89.91999816894531,80.2041244506836
2020-03-13,96.48999786376953,86.06424713134766
2020-03-16,72.58999633789062,64.74662780761719
2020-03-17,73.79000091552734,65.81698608398438
2020-03-18,65.0199966430664,57.994571685791016
2020-03-19,69.87000274658203,62.32053756713867
2020-03-20,66.36000061035156,59.18978500366211
2020-03-23,67.80000305175781,60.474205017089844
2020-03-24,77.30000305175781,68.94772338867188
2020-03-25,83.72000122070312,74.67403411865234
2020-03-26,88.11000061035156,78.58970642089844
2020-03-27,86.9800033569336,77.581787109375
2020-03-30,88.70999908447266,79.12487030029297
2020-03-31,86.05000305175781,76.75228118896484
2020-04-01,80.41999816894531,71.7306137084961
2020-04-02,82.86000061035156,73.90697479248047
2020-04-03,82.19999694824219,73.3182601928711
2020-04-06,88.7699966430664,79.17837524414062
2020-04-07,90.95999908447266,81.13175964355469
2020-04-08,94.3499984741211,84.15547180175781
2020-04-09,95.30999755859375,85.0117416381836
2020-04-13,95.19999694824219,84.91362762451172
2020-04-14,99.06999969482422,88.365478515625
2020-04-15,94.33999633789062,84.14653778076172
2020-04-16,92.44000244140625,82.45184326171875
2020-04-17,97.0999984741211,86.60832214355469
2020-04-20,95.12999725341797,84.85118865966797
2020-04-21,92.62000274658203,83.09280395507812
2020-04-22,94.94999694824219,85.1831283569336
2020-04-23,94.9000015258789,85.13827514648438
2020-04-24,98.75,88.59224700927734
2020-04-27,101.97000122070312,91.48104095458984
2020-04-28,103.5199966430664,92.87158203125
2020-04-29,106.16000366210938,95.24003601074219
2020-04-30,104.75,93.97509002685547
2020-05-01,104.45999908447266,93.71490478515625
2020-05-04,107.3499984741211,96.30760955810547
2020-05-05,110.1500015258789,98.81961822509766
2020-05-06,109.62000274658203,98.34413146972656
2020-05-07,111.91999816894531,100.40754699707031
2020-05-08,114.2300033569336,102.47992706298828
2020-05-11,113.38999938964844,101.7263412475586
2020-05-12,111.23999786376953,99.79749298095703
2020-05-13,110.43000030517578,99.07079315185547
2020-05-14,110.38999938964844,99.03490447998047
2020-05-15,113.77999877929688,102.07621002197266
2020-05-18,116.7300033569336,104.72277069091797
2020-05-19,116.87000274658203,104.84837341308594
2020-05-20,116.98999786376953,104.95600891113281
2020-05-21,120.63999938964844,108.23057556152344
2020-05-22,122.25,109.67496490478516
2020-05-26,123.58999633789062,110.87712097167969
2020-05-27,128.00999450683594,114.84246826171875
2020-05-28,128.1199951171875,114.94114685058594
2020-05-29,130.35000610351562,116.94178009033203
2020-06-01,129.32000732421875,116.01773071289062
2020-06-02,131.97999572753906,118.40409088134766
2020-06-03,132.83999633789062,119.17562866210938
2020-06-04,128.67999267578125,115.44354248046875
2020-06-05,130.97000122070312,117.49800872802734
2020-06-08,130.80999755859375,117.35443115234375
2020-06-09,129.57000732421875,116.24200439453125
2020-06-10,130.10000610351562,116.71748352050781
2020-06-11,123.94000244140625,111.19110870361328
2020-06-12,126.05000305175781,113.0840835571289
2020-06-15,127.7300033569336,114.59127044677734
2020-06-16,131.74000549316406,118.18878936767578
2020-06-17,135.64999389648438,121.69661712646484
2020-06-18,134.5500030517578,120.70977020263672
2020-06-19,133.8300018310547,120.06379699707031
2020-06-22,134.72000122070312,120.86225128173828
2020-06-23,134.27999877929688,120.46753692626953
2020-06-24,131.97999572753906,118.40409088134766
2020-06-25,131.77000427246094,118.21571350097656
2020-06-26,129.41000366210938,116.09848022460938
2020-06-29,133.52000427246094,119.78570556640625
2020-06-30,135.1199951171875,121.22113037109375
2020-07-01,135.6300048828125,121.67864227294922
2020-07-02,135.7100067138672,121.75041198730469
2020-07-06,135.75999450683594,121.79529571533203
2020-07-07,135.02000427246094,121.13141632080078
2020-07-08,135.75,121.78630828857422
2020-07-09,135.61000061035156,121.66070556640625
2020-07-10,137.42999267578125,123.29346466064453
2020-07-13,136.5500030517578,122.50402069091797
2020-07-14,140.05999755859375,125.65298461914062
2020-07-15,141.22000122070312,126.69363403320312
2020-07-16,142.75,128.06625366210938
2020-07-17,144.38999938964844,129.5375518798828
2020-07-20,144.10000610351562,129.27740478515625
2020-07-21,145.0,130.58323669433594
2020-07-22,148.5399932861328,133.771240234375
2020-07-23,146.5,131.93408203125
2020-07-24,147.02999877929688,132.41139221191406
2020-07-27,149.1199951171875,134.29360961914062
2020-07-28,147.7100067138672,133.02383422851562
2020-07-29,148.7100067138672,133.9243927001953
2020-07-30,149.1999969482422,134.3656463623047
2020-07-31,148.91000366210938,134.10446166992188
2020-08-03,150.27000427246094,135.3292236328125
2020-08-04,149.6699981689453,134.78892517089844
2020-08-05,150.25999450683594,135.32028198242188
2020-08-06,151.19000244140625,136.15780639648438
2020-08-07,152.77999877929688,137.58970642089844
2020-08-10,153.72000122070312,138.4362335205078
2020-08-11,153.8699951171875,138.5712890625
2020-08-12,156.6300048828125,141.05691528320312
2020-08-13,155.6999969482422,140.2193603515625
2020-08-14,154.33999633789062,138.99456787109375
2020-08-17,158.41000366210938,142.6599578857422
2020-08-18,157.91000366210938,142.20968627929688
2020-08-19,158.27999877929688,142.54287719726562
2020-08-20,158.5800018310547,142.81298828125
2020-08-21,161.72000122070312,145.64083862304688
2020-08-24,165.6300048828125,149.1620635986328
2020-08-25,165.9199981689453,149.42323303222656
2020-08-26,170.38999938964844,153.44879150390625
2020-08-27,166.30999755859375,149.7744140625
2020-08-28,165.50999450683594,149.0540008544922
2020-08-31,164.69000244140625,148.3154754638672
2020-09-01,167.58999633789062,150.9272003173828
2020-09-02,170.49000549316406,153.5388946533203
2020-09-03,161.52000427246094,145.46072387695312
2020-09-04,156.38999938964844,140.8407745361328
2020-09-08,153.74000549316406,138.45425415039062
2020-09-09,159.52999877929688,143.66856384277344
2020-09-10,158.3300018310547,142.58787536621094
2020-09-11,161.88999938964844,145.79391479492188
2020-09-14,165.19000244140625,148.7658233642578
2020-09-15,169.02999877929688,152.22406005859375
2020-09-16,166.7100067138672,150.1346893310547
2020-09-17,163.77999877929688,147.49598693847656
2020-09-18,160.10000610351562,144.18186950683594
2020-09-21,159.60000610351562,143.73159790039062
2020-09-22,161.5500030517578,145.4877166748047
2020-09-23,158.61000061035156,142.8400421142578
2020-09-24,158.52000427246094,142.75900268554688
2020-09-25,159.5500030517578,143.6865997314453
2020-09-28,162.58999633789062,146.42431640625
2020-09-29,162.25999450683594,146.1271209716797
2020-09-30,165.86000061035156,149.3692169189453
2020-10-01,167.1699981689453,150.54893493652344
2020-10-02,166.49000549316406,149.93655395507812
2020-10-05,168.5399932861328,151.78271484375
2020-10-06,164.99000549316406,148.58570861816406
2020-10-07,168.47000122070312,151.7197265625
2020-10-08,170.8699951171875,153.881103515625
2020-10-09,173.22999572753906,156.00643920898438
2020-10-12,172.72999572753906,155.55616760253906
2020-10-13,175.3300018310547,157.8976287841797
2020-10-14,173.61000061035156,156.34864807128906
2020-10-15,176.14999389648438,158.63609313964844
2020-10-16,177.6999969482422,160.03201293945312
2020-10-19,175.1300048828125,157.717529296875
2020-10-20,177.08999633789062,160.03091430664062
2020-10-21,174.5,157.6904296875
2020-10-22,171.25,154.75347900390625
2020-10-23,172.13999938964844,155.55775451660156
2020-10-26,168.1300048828125,151.93399047851562
2020-10-27,165.13999938964844,149.23207092285156
2020-10-28,161.4199981689453,145.87042236328125
2020-10-29,160.75,145.2649688720703
2020-10-30,158.10000610351562,142.87020874023438
2020-11-02,160.22999572753906,144.7950439453125
2020-11-03,164.64999389648438,148.78924560546875
2020-11-04,168.22000122070312,152.01536560058594
2020-11-05,169.25,152.94615173339844
2020-11-06,168.52000427246094,152.28646850585938
2020-11-09,153.4499969482422,138.66815185546875
2020-11-10,155.7100067138672,140.71046447753906
2020-11-11,158.0,142.77984619140625
2020-11-12,157.97999572753906,142.76177978515625
2020-11-13,159.22999572753906,143.89134216308594
2020-11-16,161.89999389648438,146.30416870117188
2020-11-17,159.86000061035156,144.46067810058594
2020-11-18,146.74000549316406,132.60455322265625
2020-11-19,149.60000610351562,135.1890411376953
2020-11-20,149.92999267578125,135.48724365234375
2020-11-23,153.6699981689453,138.86695861816406
2020-11-24,154.9600067138672,140.03268432617188
2020-11-25,154.8800048828125,139.96041870117188
2020-11-27,154.6699981689453,139.77066040039062
2020-11-30,155.82000732421875,140.8098602294922
2020-12-01,153.39999389648438,138.62294006347656
2020-12-02,151.80999755859375,137.18612670898438
2020-12-03,151.97000122070312,137.33070373535156
2020-12-04,150.0,135.55050659179688
2020-12-07,151.99000549316406,137.34881591796875
2020-12-08,151.24000549316406,136.6710662841797
2020-12-09,160.1300048828125,144.70468139648438
2020-12-10,160.22000122070312,144.78598022460938
2020-12-11,157.82000732421875,142.6171875
2020-12-14,160.08999633789062,144.6685028076172
2020-12-15,163.3300018310547,147.596435546875
2020-12-16,163.1999969482422,147.47894287109375
2020-12-17,163.5399932861328,147.78614807128906
2020-12-18,163.1999969482422,147.47894287109375
2020-12-21,164.3300018310547,148.50010681152344
2020-12-22,164.61000061035156,148.7531280517578
2020-12-23,162.42999267578125,146.78311157226562
2020-12-24,162.77000427246094,147.09034729003906
2020-12-28,162.0399932861328,146.43072509765625
2020-12-29,160.5399932861328,145.0751953125
2020-12-30,160.55999755859375,145.09324645996094
2020-12-31,160.50999450683594,145.048095703125
2021-01-04,160.3800048828125,144.93063354492188
2021-01-05,160.9199981689453,145.41856384277344
2021-01-06,163.07000732421875,147.3614501953125
2021-01-07,163.7100067138672,147.9398193359375
2021-01-08,165.0500030517578,149.1507568359375
2021-01-11,166.32000732421875,150.2983856201172
2021-01-12,168.99000549316406,152.71119689941406
2021-01-13,169.8300018310547,153.47027587890625
2021-01-14,170.38999938964844,153.976318359375
2021-01-15,171.33999633789062,154.8348388671875
2021-01-19,170.75999450683594,154.85293579101562
2021-01-20,172.38999938964844,156.33111572265625
2021-01-21,172.33999633789062,156.28578186035156
2021-01-22,172.39999389648438,156.34019470214844
2021-01-25,174.10000610351562,157.88185119628906
2021-01-26,173.6999969482422,157.5190887451172
2021-01-27,167.7100067138672,152.0871124267578
2021-01-28,172.33999633789062,156.28578186035156
2021-01-29,166.85000610351562,151.3072052001953
2021-02-01,163.3699951171875,148.15139770507812
2021-02-02,166.66000366210938,151.1349334716797
2021-02-03,169.8800048828125,154.05494689941406
2021-02-04,173.02999877929688,156.91152954101562
2021-02-05,175.02999877929688,158.72518920898438
2021-02-08,179.1699981689453,162.47952270507812
2021-02-09,177.77999877929688,161.21900939941406
2021-02-10,177.24000549316406,160.72933959960938
2021-02-11,175.72999572753906,159.36000061035156
2021-02-12,177.16000366210938,160.65676879882812
2021-02-16,174.05999755859375,157.84555053710938
2021-02-17,177.1300048828125,160.6295623779297
2021-02-18,177.16000366210938,160.65676879882812
2021-02-19,177.5399932861328,161.00137329101562
2021-02-22,172.41000366210938,156.34925842285156
2021-02-23,168.58999633789062,152.88511657714844
2021-02-24,162.30999755859375,147.1901092529297
2021-02-25,158.52000427246094,143.75315856933594
2021-02-26,159.75,144.86854553222656
2021-03-01,161.94000244140625,146.85458374023438
2021-03-02,163.0500030517578,147.86122131347656
2021-03-03,158.2899932861328,143.54458618164062
2021-03-04,153.77000427246094,139.4456329345703
2021-03-05,158.5800018310547,143.80755615234375
2021-03-08,162.9199981689453,147.74331665039062
2021-03-09,165.99000549316406,150.52731323242188
2021-03-10,168.4600067138672,152.76724243164062
2021-03-11,170.75,154.84388732910156
2021-03-12,171.5500030517578,155.56936645507812
2021-03-15,174.1999969482422,157.97247314453125
2021-03-16,175.3300018310547,158.9972686767578
2021-03-17,174.44000244140625,158.19015502929688
2021-03-18,174.8699951171875,158.58009338378906
2021-03-19,179.49000549316406,162.7696990966797
2021-03-22,181.88999938964844,164.94615173339844
2021-03-23,180.39999389648438,163.59495544433594
2021-03-24,180.67999267578125,163.848876953125
2021-03-25,185.1699981689453,167.92062377929688
2021-03-26,191.61000061035156,173.76068115234375
2021-03-29,188.6199951171875,171.04922485351562
2021-03-30,190.02000427246094,172.3188018798828
2021-03-31,190.17999267578125,172.4639129638672
2021-04-01,191.32000732421875,173.4977264404297
2021-04-05,193.72999572753906,175.68316650390625
2021-04-06,194.1999969482422,176.1094512939453
2021-04-07,193.6699981689453,175.62879943847656
2021-04-08,194.2100067138672,176.11846923828125
2021-04-09,198.50999450683594,180.0178985595703
2021-04-12,200.64999389648438,181.95858764648438
2021-04-13,199.72000122070312,181.115234375
2021-04-14,201.52000427246094,182.74754333496094
2021-04-15,204.57000732421875,185.513427734375
2021-04-16,208.25,188.85060119628906
2021-04-19,204.00999450683594,185.005615234375
2021-04-20,202.77000427246094,184.42347717285156
2021-04-21,203.91000366210938,185.46034240722656
2021-04-22,201.3000030517578,183.08648681640625
2021-04-23,200.92999267578125,182.7499237060547
2021-04-26,199.19000244140625,181.16737365722656
2021-04-27,199.0500030517578,181.04006958007812
2021-04-28,196.05999755859375,178.3206024169922
2021-04-29,198.44000244140625,180.4852752685547
2021-04-30,196.25,178.493408203125
2021-05-03,199.1999969482422,181.1764678955078
2021-05-04,200.3000030517578,182.1769561767578
2021-05-05,200.0,181.9041290283203
2021-05-06,205.94000244140625,187.306640625
2021-05-07,208.39999389648438,189.5440673828125
2021-05-10,211.30999755859375,192.1907501220703
2021-05-11,205.33999633789062,186.7609100341797
2021-05-12,195.5399932861328,177.84762573242188
2021-05-13,200.33999633789062,182.21336364746094
2021-05-14,198.91000366210938,180.9127197265625
2021-05-17,194.1300048828125,176.5652313232422
2021-05-18,192.75,175.31004333496094
2021-05-19,190.72000122070312,173.46371459960938
2021-05-20,193.41000366210938,175.9103546142578
2021-05-21,192.47000122070312,175.0554656982422
2021-05-24,190.66000366210938,173.4092254638672
2021-05-25,193.02000427246094,175.55564880371094
2021-05-26,193.60000610351562,176.0831756591797
2021-05-27,193.77000427246094,176.23779296875
2021-05-28,194.8300018310547,177.20188903808594
2021-06-01,191.85000610351562,174.4915008544922
2021-06-02,190.77000427246094,173.50926208496094
2021-06-03,190.3000030517578,173.08180236816406
2021-06-04,189.91000366210938,172.72703552246094
2021-06-07,190.25,173.03623962402344
2021-06-08,191.39999389648438,174.0822296142578
2021-06-09,190.60000610351562,173.35459899902344
2021-06-10,188.77999877929688,171.69927978515625
2021-06-11,190.80999755859375,173.54559326171875
2021-06-14,189.66000366210938,172.49966430664062
2021-06-15,187.8800048828125,170.88070678710938
2021-06-16,186.1999969482422,169.3527069091797
2021-06-17,186.83999633789062,169.934814453125
2021-06-18,186.8800048828125,169.9712371826172
2021-06-21,188.8800048828125,171.79025268554688
2021-06-22,191.72000122070312,174.37327575683594
2021-06-23,191.13999938964844,173.8457489013672
2021-06-24,191.75,174.4005584716797
2021-06-25,192.66000366210938,175.22825622558594
2021-06-28,193.2100067138672,175.728515625
2021-06-29,194.1999969482422,176.62892150878906
2021-06-30,193.97000122070312,176.41969299316406
2021-07-01,195.82000732421875,178.10231018066406
2021-07-02,195.7100067138672,178.0022735595703
2021-07-06,194.75,177.12908935546875
2021-07-07,195.8800048828125,178.15689086914062
2021-07-08,192.8000030517578,175.3555450439453
2021-07-09,195.3300018310547,177.65664672851562
2021-07-12,195.57000732421875,177.8749542236328
2021-07-13,194.27999877929688,176.70164489746094
2021-07-14,192.74000549316406,175.30099487304688
2021-07-15,195.75,178.0386505126953
2021-07-16,196.13999938964844,178.39334106445312
2021-07-19,192.89999389648438,175.4464874267578
2021-07-20,194.11000061035156,177.28225708007812
2021-07-21,195.1300048828125,178.2138214111328
2021-07-22,196.77000427246094,179.71165466308594
2021-07-23,200.83999633789062,183.42884826660156
2021-07-26,197.74000549316406,180.5975799560547
2021-07-27,193.50999450683594,176.7342529296875
2021-07-28,192.38999938964844,175.7113494873047
2021-07-29,193.6199951171875,176.83474731445312
2021-07-30,192.69000244140625,175.98536682128906
2021-08-02,190.9600067138672,174.40536499023438
2021-08-03,193.9499969482422,177.1361083984375
2021-08-04,189.89999389648438,173.43719482421875
2021-08-05,190.67999267578125,174.14962768554688
2021-08-06,190.16000366210938,173.6746826171875
2021-08-09,187.99000549316406,171.69281005859375
2021-08-10,189.72999572753906,173.28196716308594
2021-08-11,194.52000427246094,177.65670776367188
2021-08-12,192.0,175.3551483154297
2021-08-13,190.50999450683594,173.9943084716797
2021-08-16,193.47999572753906,176.70687866210938
2021-08-17,182.25999450683594,166.45956420898438
2021-08-18,199.72999572753906,182.4150390625
2021-08-19,202.58999633789062,185.02713012695312
2021-08-20,208.2100067138672,190.15989685058594
2021-08-23,206.05999755859375,188.1962890625
2021-08-24,203.38999938964844,185.75778198242188
2021-08-25,206.17999267578125,188.30589294433594
2021-08-26,205.64999389648438,187.82186889648438
2021-08-27,205.89999389648438,188.05014038085938
2021-08-30,204.99000549316406,187.21905517578125
2021-08-31,203.88999938964844,186.21444702148438
2021-09-01,203.42999267578125,185.79428100585938
2021-09-02,206.14999389648438,188.2784881591797
2021-09-03,205.97999572753906,188.1232147216797
2021-09-07,205.14999389648438,187.36517333984375
2021-09-08,204.08999633789062,186.39707946777344
2021-09-09,203.00999450683594,185.4106903076172
2021-09-10,204.3300018310547,186.61627197265625
2021-09-13,206.0500030517578,188.18711853027344
2021-09-14,204.1699981689453,186.47015380859375
2021-09-15,205.61000061035156,187.78530883789062
2021-09-16,208.47999572753906,190.40650939941406
2021-09-17,209.02999877929688,190.90882873535156
2021-09-20,205.27000427246094,187.47476196289062
2021-09-21,206.27000427246094,188.3880615234375
2021-09-22,208.88999938964844,190.78094482421875
2021-09-23,207.97999572753906,189.9498291015625
2021-09-24,207.8699951171875,189.84939575195312
2021-09-27,210.6300048828125,192.37013244628906
2021-09-28,205.42999267578125,187.6208953857422
2021-09-29,207.10000610351562,189.14613342285156
2021-09-30,202.86000061035156,185.2737274169922
2021-10-01,203.6999969482422,186.04090881347656
2021-10-04,204.50999450683594,186.78065490722656
2021-10-05,204.27000427246094,186.5614776611328
2021-10-06,204.0,186.3148956298828
2021-10-07,207.89999389648438,189.87677001953125
2021-10-08,206.16000366210938,188.28765869140625
2021-10-11,208.85000610351562,190.74441528320312
2021-10-12,209.8000030517578,191.612060546875
2021-10-13,212.1199951171875,193.73092651367188
2021-10-14,216.4499969482422,197.685546875
2021-10-15,219.16000366210938,200.16064453125
2021-10-18,221.74000549316406,202.5169677734375
2021-10-19,222.91000366210938,204.3227081298828
2021-10-20,225.00999450683594,206.24758911132812
2021-10-21,227.4199981689453,208.45663452148438
2021-10-22,228.77000427246094,209.6940460205078
2021-10-25,231.82000732421875,212.48971557617188
2021-10-26,231.07000732421875,211.80227661132812
2021-10-27,231.77000427246094,212.44390869140625
2021-10-28,231.75999450683594,212.43472290039062
2021-10-29,233.82000732421875,214.322998046875
2021-11-01,231.75,212.4255828857422
2021-11-02,233.02999877929688,213.5988311767578
2021-11-03,234.3000030517578,214.76292419433594
2021-11-04,237.77999877929688,217.95277404785156
2021-11-05,235.5399932861328,215.89956665039062
2021-11-08,234.7899932861328,215.2121124267578
2021-11-09,233.91000366210938,214.4054718017578
2021-11-10,232.5500030517578,213.15887451171875
2021-11-11,232.32000732421875,212.9480743408203
2021-11-12,236.32000732421875,216.61451721191406
2021-11-15,234.9199981689453,215.3312530517578
2021-11-16,244.77999877929688,224.36907958984375
2021-11-17,245.72999572753906,225.2398223876953
2021-11-18,247.3800048828125,226.75228881835938
2021-11-19,249.52000427246094,228.71383666992188
2021-11-22,252.35000610351562,231.3078155517578
2021-11-23,251.91000366210938,230.90455627441406
2021-11-24,252.6300048828125,231.5644989013672
2021-11-26,247.69000244140625,227.03643798828125
2021-11-29,248.5800018310547,227.8522186279297
2021-11-30,244.58999633789062,224.19488525390625
2021-12-01,245.33999633789062,224.8823699951172
2021-12-02,250.38999938964844,229.51126098632812
2021-12-03,248.69000244140625,227.9530487060547
2021-12-06,251.17999267578125,230.2353973388672
2021-12-07,256.9100036621094,235.4875946044922
2021-12-08,256.739990234375,235.331787109375
2021-12-09,258.1499938964844,236.62420654296875
2021-12-10,261.3800048828125,239.58489990234375
2021-12-13,257.239990234375,235.7900848388672
2021-12-14,252.4600067138672,231.40867614746094
2021-12-15,257.5400085449219,236.06507873535156
2021-12-16,253.24000549316406,232.12364196777344
2021-12-17,248.08999633789062,227.403076171875
2021-12-20,245.6199951171875,225.13900756835938
2021-12-21,246.97999572753906,226.3855743408203
2021-12-22,249.6999969482422,228.87884521484375
2021-12-23,250.08999633789062,229.23629760742188
2021-12-27,253.6999969482422,232.54527282714844
2021-12-28,254.02000427246094,232.8385772705078
2021-12-29,257.57000732421875,236.0925750732422
2021-12-30,256.3900146484375,235.01100158691406
2021-12-31,258.4800109863281,236.92669677734375
2022-01-03,255.50999450683594,234.20436096191406
2022-01-04,259.80999755859375,238.1457977294922
2022-01-05,254.75,233.50770568847656
2022-01-06,257.7900085449219,236.29425048828125
2022-01-07,251.08999633789062,230.15289306640625
2022-01-10,247.69000244140625,227.03643798828125
2022-01-11,249.5,228.69549560546875
2022-01-12,250.72000122070312,229.81375122070312
2022-01-13,250.6999969482422,229.79541015625
2022-01-14,243.39999389648438,223.10414123535156
2022-01-18,238.41000366210938,219.25086975097656
2022-01-19,234.6999969482422,215.83900451660156
2022-01-20,223.92999267578125,205.93447875976562
2022-01-21,225.02000427246094,206.93690490722656
2022-01-24,232.35000610351562,213.6778564453125
2022-01-25,230.00999450683594,211.52586364746094
2022-01-26,228.10000610351562,209.76939392089844
2022-01-27,225.92999267578125,207.77374267578125
2022-01-28,234.99000549316406,216.105712890625
2022-01-31,237.35000610351562,218.2760467529297
2022-02-01,238.35000610351562,219.1956787109375
2022-02-02,239.11000061035156,219.8946075439453
2022-02-03,234.11000061035156,215.29638671875
2022-02-04,229.07000732421875,210.66143798828125
2022-02-07,227.02000427246094,208.77618408203125
2022-02-08,231.75999450683594,213.13525390625
2022-02-09,233.66000366210938,214.88258361816406
2022-02-10,227.39999389648438,209.12562561035156
2022-02-11,225.91000366210938,207.75538635253906
2022-02-14,225.9499969482422,207.79217529296875
2022-02-15,228.10000610351562,209.76939392089844
2022-02-16,227.00999450683594,208.76698303222656
2022-02-17,223.7899932861328,205.80575561523438
2022-02-18,222.69000244140625,204.79415893554688
2022-02-22,214.58999633789062,197.3450927734375
2022-02-23,215.08999633789062,197.80491638183594
2022-02-24,213.41000366210938,196.25991821289062
2022-02-25,219.17999267578125,201.5662384033203
2022-02-28,221.05999755859375,203.295166015625
2022-03-01,221.5,203.6997833251953
2022-03-02,228.66000366210938,210.28440856933594
2022-03-03,226.27999877929688,208.09568786621094
2022-03-04,224.07000732421875,206.063232421875
2022-03-07,222.25999450683594,204.39871215820312
2022-03-08,223.25999450683594,205.318359375
2022-03-09,225.8800048828125,207.72781372070312
2022-03-10,224.1699981689453,206.15525817871094
2022-03-11,222.2100067138672,204.3527374267578
2022-03-14,226.50999450683594,208.30718994140625
2022-03-15,231.07000732421875,212.50070190429688
2022-03-16,231.3300018310547,212.7398223876953
2022-03-17,234.3800048828125,215.54469299316406
2022-03-18,235.6699981689453,216.73109436035156
2022-03-21,227.60000610351562,209.30958557128906
2022-03-22,228.47000122070312,210.1096649169922
2022-03-23,220.9199981689453,203.16639709472656
2022-03-24,219.1699981689453,201.55702209472656
2022-03-25,212.9199981689453,195.80929565429688
2022-03-28,213.77999877929688,196.6001434326172
2022-03-29,219.57000732421875,201.9248809814453
2022-03-30,209.49000549316406,192.65493774414062
2022-03-31,202.19000244140625,185.9415740966797
2022-04-01,202.39999389648438,186.1346893310547
2022-04-04,204.1199951171875,187.7164764404297
2022-04-05,204.8699951171875,188.40618896484375
2022-04-06,200.64999389648438,184.52532958984375
2022-04-07,202.63999938964844,186.3553924560547
2022-04-08,206.66000366210938,190.05238342285156
2022-04-11,204.58999633789062,188.14869689941406
2022-04-12,204.13999938964844,187.73489379882812
2022-04-13,205.50999450683594,188.99478149414062
2022-04-14,201.27999877929688,185.10467529296875
2022-04-18,198.52000427246094,182.56651306152344
2022-04-19,203.0399932861328,187.47879028320312
2022-04-20,208.74000549316406,192.74188232421875
2022-04-21,205.02999877929688,189.31626892089844
2022-04-22,197.05999755859375,181.9570770263672
2022-04-25,200.3800048828125,185.0226593017578
2022-04-26,199.58999633789062,184.29318237304688
2022-04-27,199.57000732421875,184.27476501464844
2022-04-28,205.13999938964844,189.4178466796875
2022-04-29,197.72999572753906,182.5757293701172
2022-05-02,203.13999938964844,187.5710906982422
2022-05-03,201.6300048828125,186.17684936523438
2022-05-04,207.16000366210938,191.28302001953125
2022-05-05,195.9199981689453,180.9044647216797
2022-05-06,192.2899932861328,177.5526580810547
2022-05-09,196.07000732421875,181.04293823242188
2022-05-10,192.1300048828125,177.40492248535156
2022-05-11,187.77000427246094,173.3790740966797
2022-05-12,191.6999969482422,177.00784301757812
2022-05-13,194.0,179.131591796875
2022-05-16,194.72999572753906,179.8056640625
2022-05-17,194.02999877929688,179.15927124023438
2022-05-18,183.82000732421875,169.7318115234375
2022-05-19,187.86000061035156,173.46217346191406
2022-05-20,184.69000244140625,170.53514099121094
2022-05-23,186.25,171.9755859375
2022-05-24,184.6199951171875,170.47048950195312
2022-05-25,188.5500030517578,174.09930419921875
2022-05-26,195.52999877929688,180.54434204101562
2022-05-27,199.6300048828125,184.33013916015625
2022-05-31,195.3000030517578,180.3319549560547
2022-06-01,191.72000122070312,177.02630615234375
2022-06-02,196.1300048828125,181.09835815429688
2022-06-03,195.4499969482422,180.4705047607422
2022-06-06,196.77000427246094,181.6893310546875
2022-06-07,195.64999389648438,180.65518188476562
2022-06-08,192.4499969482422,177.70042419433594
2022-06-09,194.27999877929688,179.39015197753906
2022-06-10,186.3300018310547,172.04945373535156
2022-06-13,181.25999450683594,167.36805725097656
2022-06-14,177.94000244140625,164.30247497558594
2022-06-15,179.00999450683594,165.29046630859375
2022-06-16,171.61000061035156,158.4575958251953
2022-06-17,172.47000122070312,159.25167846679688
2022-06-21,172.3800048828125,159.16859436035156
2022-06-22,173.60000610351562,160.2950897216797
2022-06-23,176.3300018310547,162.81588745117188
2022-06-24,182.83999633789062,168.82693481445312
2022-06-27,184.22000122070312,170.10116577148438
2022-06-28,174.72000122070312,161.32923889160156
2022-06-29,176.10000610351562,162.603515625
2022-06-30,174.6699981689453,161.2830810546875
2022-07-01,177.36000061035156,163.7669219970703
2022-07-05,179.8800048828125,166.09378051757812
2022-07-06,179.05999755859375,165.33663940429688
2022-07-07,181.57000732421875,167.65426635742188
2022-07-08,181.6300048828125,167.70968627929688
2022-07-11,180.11000061035156,166.30616760253906
2022-07-12,181.0,167.12794494628906
2022-07-13,182.3699951171875,168.39295959472656
2022-07-14,182.66000366210938,168.6607208251953
2022-07-15,185.0,170.8214111328125
2022-07-18,185.7899932861328,171.5508270263672
2022-07-19,188.77999877929688,175.3024139404297
2022-07-20,191.02999877929688,177.39178466796875
2022-07-21,193.55999755859375,179.74114990234375
2022-07-22,195.5800018310547,181.616943359375
2022-07-25,194.8000030517578,180.8926239013672
2022-07-26,188.60000610351562,175.13526916503906
2022-07-27,189.9199981689453,176.3610076904297
2022-07-28,190.8000030517578,177.17820739746094
2022-07-29,191.52999877929688,177.8560791015625
2022-08-01,194.08999633789062,180.23330688476562
2022-08-02,187.9499969482422,174.53164672851562
2022-08-03,195.4199981689453,181.46835327148438
2022-08-04,197.16000366210938,183.08412170410156
2022-08-05,199.0800018310547,184.86703491210938
2022-08-08,201.83999633789062,187.4300079345703
2022-08-09,195.1999969482422,181.26406860351562
2022-08-10,201.42999267578125,187.0492706298828
2022-08-11,202.17999267578125,187.74571228027344
2022-08-12,206.47000122070312,191.72947692871094
2022-08-15,208.0399932861328,193.18734741210938
2022-08-16,214.1199951171875,198.83328247070312
2022-08-17,215.3699951171875,199.99404907226562
2022-08-18,216.47000122070312,201.0155487060547
2022-08-19,211.36000061035156,196.27032470703125
2022-08-22,209.99000549316406,194.99815368652344
2022-08-23,207.47000122070312,192.65805053710938
2022-08-24,208.41000366210938,193.5309600830078
2022-08-25,210.9600067138672,195.89889526367188
2022-08-26,200.99000549316406,186.64068603515625
2022-08-29,201.07000732421875,186.71499633789062
2022-08-30,197.22000122070312,183.13983154296875
2022-08-31,194.13999938964844,180.27975463867188
2022-09-01,195.75999450683594,181.7840576171875
2022-09-02,195.50999450683594,181.55191040039062
2022-09-06,192.9600067138672,179.18399047851562
2022-09-07,201.3000030517578,186.92857360839844
2022-09-08,204.3800048828125,189.7886962890625
2022-09-09,205.64999389648438,190.968017578125
2022-09-12,206.39999389648438,191.66444396972656
2022-09-13,193.6300048828125,179.80616760253906
2022-09-14,192.38999938964844,178.65464782714844
2022-09-15,191.0399932861328,177.4010467529297
2022-09-16,191.80999755859375,178.1160888671875
2022-09-19,195.10000610351562,181.1712188720703
2022-09-20,190.41000366210938,176.8160400390625
2022-09-21,188.36000061035156,174.91241455078125
2022-09-22,188.1199951171875,174.68948364257812
2022-09-23,188.1300048828125,174.69883728027344
2022-09-26,186.02000427246094,172.73944091796875
2022-09-27,187.6699981689453,174.27162170410156
2022-09-28,194.52999877929688,180.6418914794922
2022-09-29,190.4600067138672,176.86244201660156
2022-09-30,187.80999755859375,174.40162658691406
2022-10-03,193.9199981689453,180.07540893554688
2022-10-04,197.4199981689453,183.32557678222656
2022-10-05,199.02999877929688,184.82064819335938
2022-10-06,199.97999572753906,185.70278930664062
2022-10-07,197.2100067138672,183.13055419921875
2022-10-10,194.89999389648438,180.98548889160156
2022-10-11,196.42999267578125,182.40625
2022-10-12,193.8699951171875,180.0290069580078
2022-10-13,193.16000366210938,179.36968994140625
2022-10-14,188.9600067138672,175.46954345703125
2022-10-17,194.08999633789062,180.23330688476562
2022-10-18,193.1999969482422,180.38267517089844
2022-10-19,183.94000244140625,171.73699951171875
2022-10-20,178.3000030517578,166.47120666503906
2022-10-21,182.3699951171875,170.2711639404297
2022-10-24,187.61000061035156,175.16355895996094
2022-10-25,193.85000610351562,180.9895782470703
2022-10-26,193.5500030517578,180.70945739746094
2022-10-27,193.66000366210938,180.81219482421875
2022-10-28,198.72999572753906,185.5458221435547
2022-10-31,194.9499969482422,182.0165557861328
2022-11-01,193.5500030517578,180.70945739746094
2022-11-02,185.7100067138672,173.3896026611328
2022-11-03,179.82000732421875,167.8903350830078
2022-11-04,182.14999389648438,170.0657501220703
2022-11-07,186.55999755859375,174.18319702148438
2022-11-08,188.36000061035156,175.8638153076172
2022-11-09,186.6300048828125,174.2485809326172
2022-11-10,204.32000732421875,190.76495361328125
2022-11-11,209.02000427246094,195.15313720703125
2022-11-14,204.66000366210938,191.08241271972656
2022-11-15,208.83999633789062,194.985107421875
2022-11-16,215.1300048828125,200.85780334472656
2022-11-17,208.39999389648438,194.5742645263672
2022-11-18,209.92999267578125,196.00277709960938
2022-11-21,210.27000427246094,196.3202362060547
2022-11-22,214.47000122070312,200.24160766601562
2022-11-23,211.02000427246094,197.0204620361328
2022-11-25,210.97000122070312,196.97378540039062
2022-11-28,209.0399932861328,195.17181396484375
2022-11-29,207.47000122070312,193.70596313476562
2022-11-30,212.5500030517578,198.44895935058594
2022-12-01,215.47999572753906,201.18458557128906
2022-12-02,214.83999633789062,200.5870361328125
2022-12-05,206.17999267578125,192.50155639648438
2022-12-06,201.91000366210938,188.51487731933594
2022-12-07,206.88999938964844,193.16445922851562
2022-12-08,203.55999755859375,190.05538940429688
2022-12-09,201.77000427246094,188.3841552734375
2022-12-12,205.0800018310547,191.47454833984375
2022-12-13,211.22000122070312,197.20721435546875
2022-12-14,212.11000061035156,198.0381622314453
2022-12-15,208.02000427246094,194.21949768066406
2022-12-16,206.13999938964844,192.46421813964844
2022-12-19,203.1699981689453,189.69125366210938
2022-12-20,200.86000061035156,187.53451538085938
2022-12-21,202.42999267578125,189.00035095214844
2022-12-22,199.14999389648438,185.9379425048828
2022-12-23,201.8800048828125,188.48683166503906
2022-12-27,201.7100067138672,188.328125
2022-12-28,200.05999755859375,186.78756713867188
2022-12-29,202.25999450683594,188.84161376953125
2022-12-30,199.24000549316406,186.0220184326172
2023-01-03,199.0399932861328,185.8352508544922
2023-01-04,201.38999938964844,188.02935791015625
2023-01-05,200.77000427246094,187.4504852294922
2023-01-06,200.97000122070312,187.63719177246094
2023-01-09,199.44000244140625,186.20872497558594
2023-01-10,201.39999389648438,188.0386962890625
2023-01-11,208.58999633789062,194.75169372558594
2023-01-12,210.25999450683594,196.31088256835938
2023-01-13,212.16000366210938,198.0848388671875
2023-01-17,209.52000427246094,195.62001037597656
2023-01-18,208.5,194.6676788330078
2023-01-19,202.1300048828125,188.72024536132812
2023-01-20,204.52999877929688,190.9610137939453
2023-01-23,205.11000061035156,191.5025634765625
2023-01-24,206.41000366210938,193.7079620361328
2023-01-25,206.11000061035156,193.4263916015625
2023-01-26,201.80999755859375,189.3909912109375
2023-01-27,202.49000549316406,190.02914428710938
2023-01-30,201.91000366210938,189.48486328125
2023-01-31,208.25,195.43470764160156
2023-02-01,213.55999755859375,200.41793823242188
2023-02-02,221.55999755859375,207.9256591796875
2023-02-03,215.97000122070312,202.6796112060547
2023-02-06,215.8699951171875,202.5857696533203
2023-02-07,214.72999572753906,201.5159454345703
2023-02-08,212.75999450683594,199.66717529296875
2023-02-09,208.63999938964844,195.80072021484375
2023-02-10,208.77999877929688,195.93209838867188
2023-02-13,214.13999938964844,200.96224975585938
2023-02-14,213.75999450683594,200.60562133789062
2023-02-15,215.02999877929688,201.7974853515625
2023-02-16,214.00999450683594,200.8402862548828
2023-02-17,212.75,199.6577911376953
2023-02-21,201.85000610351562,189.42855834960938
2023-02-22,202.6300048828125,190.1605682373047
2023-02-23,202.2100067138672,189.76638793945312
2023-02-24,201.5399932861328,189.1376190185547
2023-02-27,204.24000549316406,191.67149353027344
2023-02-28,205.75,193.08856201171875
2023-03-01,194.30999755859375,182.3525390625
2023-03-02,195.10000610351562,183.09393310546875
2023-03-03,199.72999572753906,187.4390106201172
2023-03-06,201.57000732421875,189.16578674316406
2023-03-07,197.41000366210938,185.2617950439453
2023-03-08,201.13999938964844,188.76222229003906
2023-03-09,199.0500030517578,186.80087280273438
2023-03-10,196.66000366210938,184.55792236328125
2023-03-13,197.5500030517578,185.39315795898438
2023-03-14,196.8300018310547,184.71746826171875
2023-03-15,198.58999633789062,186.36917114257812
2023-03-16,199.6699981689453,187.38270568847656
2023-03-17,197.36000061035156,185.21482849121094
2023-03-20,196.7899932861328,184.67994689941406
2023-03-21,196.7899932861328,184.67994689941406
2023-03-22,191.57000732421875,179.7811737060547
2023-03-23,189.69000244140625,178.01687622070312
2023-03-24,189.4600067138672,177.80101013183594
2023-03-27,190.52999877929688,178.80516052246094
2023-03-28,190.14999389648438,178.4485626220703
2023-03-29,191.94000244140625,180.12840270996094
2023-03-30,192.64999389648438,180.794677734375
2023-03-31,199.97000122070312,187.6642303466797
2023-04-03,203.99000549316406,191.43687438964844
2023-04-04,203.0,190.50778198242188
2023-04-05,199.42999267578125,187.157470703125
2023-04-06,198.57000732421875,186.3504180908203
2023-04-10,199.77999877929688,187.48593139648438
2023-04-11,201.33999633789062,188.94992065429688
2023-04-12,199.77000427246094,187.47653198242188
2023-04-13,201.47000122070312,189.07196044921875
2023-04-14,202.17999267578125,189.7382354736328
2023-04-17,205.0,192.38467407226562
2023-04-18,208.10000610351562,195.29393005371094
2023-04-19,208.8300018310547,195.97900390625
2023-04-20,209.75999450683594,196.851806640625
2023-04-21,211.0399932861328,198.0530242919922
2023-04-24,211.0399932861328,198.0530242919922
2023-04-25,205.8800048828125,194.17665100097656
2023-04-26,200.8000030517578,189.38543701171875
2023-04-27,204.52999877929688,192.9033966064453
2023-04-28,207.8300018310547,196.0158233642578
2023-05-01,208.22000122070312,196.38365173339844
2023-05-02,205.97000122070312,194.2615509033203
2023-05-03,205.30999755859375,193.6390380859375
2023-05-04,202.8000030517578,191.27174377441406
2023-05-05,205.80999755859375,194.1106414794922
2023-05-08,204.0500030517578,192.45069885253906
2023-05-09,207.1199951171875,195.34617614746094
2023-05-10,204.32000732421875,192.705322265625
2023-05-11,203.3000030517578,191.74331665039062
2023-05-12,203.25999450683594,191.70556640625
2023-05-15,201.5500030517578,190.09280395507812
2023-05-16,199.22000122070312,187.895263671875
2023-05-17,207.1999969482422,195.42160034179688
2023-05-18,209.16000366210938,197.27020263671875
2023-05-19,206.27000427246094,194.54449462890625
2023-05-22,203.14999389648438,191.60183715820312
2023-05-23,206.64999389648438,194.90289306640625
2023-05-24,203.6300048828125,192.05458068847656
2023-05-25,201.0399932861328,189.6117706298828
2023-05-26,206.52000427246094,194.78025817871094
2023-05-30,205.6999969482422,194.00686645507812
2023-05-31,201.1300048828125,189.69667053222656
2023-06-01,203.9199981689453,192.32806396484375
2023-06-02,209.80999755859375,197.8832550048828
2023-06-05,206.77999877929688,195.0254669189453
2023-06-06,207.16000366210938,195.3839111328125
2023-06-07,211.2100067138672,199.2036590576172
2023-06-08,210.4600067138672,198.4962921142578
2023-06-09,209.1199951171875,197.2324676513672
2023-06-12,213.36000061035156,201.23146057128906
2023-06-13,217.35000610351562,204.99464416503906
2023-06-14,214.86000061035156,202.6461944580078
2023-06-15,218.92999267578125,206.4847869873047
2023-06-16,217.0800018310547,204.74000549316406
2023-06-20,215.4600067138672,203.21209716796875
2023-06-21,214.25,202.0708465576172
2023-06-22,214.82000732421875,202.60845947265625
2023-06-23,215.22000122070312,202.98574829101562
2023-06-26,217.9600067138672,205.56997680664062
2023-06-27,223.55999755859375,210.8516082763672
2023-06-28,222.52000427246094,209.87078857421875
2023-06-29,222.82000732421875,210.15370178222656
2023-06-30,225.6999969482422,212.86996459960938
2023-07-03,224.58999633789062,211.82308959960938
2023-07-05,225.49000549316406,212.6719207763672
2023-07-06,221.4199981689453,208.83328247070312
2023-07-07,221.94000244140625,209.32373046875
2023-07-10,229.1199951171875,216.09555053710938
2023-07-11,229.42999267578125,216.387939453125
2023-07-12,232.11000061035156,218.91558837890625
2023-07-13,229.5399932861328,216.49168395996094
2023-07-14,228.74000549316406,215.73716735839844
2023-07-17,227.97000122070312,215.01095581054688
2023-07-18,229.91000366210938,216.84063720703125
2023-07-19,230.88999938964844,217.76495361328125
2023-07-20,230.99000549316406,217.85926818847656
2023-07-21,233.77999877929688,220.4906768798828
2023-07-24,234.0,220.69813537597656
2023-07-25,233.94000244140625,221.6836395263672
2023-07-26,234.07000732421875,221.8068389892578
2023-07-27,234.89999389648438,222.5933837890625
2023-07-28,235.08999633789062,222.77340698242188
2023-07-31,234.27000427246094,221.99636840820312
2023-08-01,232.35000610351562,220.17698669433594
2023-08-02,229.49000549316406,217.46681213378906
2023-08-03,226.72000122070312,214.8419647216797
2023-08-04,223.1199951171875,211.4305419921875
2023-08-07,223.3000030517578,211.6011199951172
2023-08-08,220.91000366210938,209.33633422851562
2023-08-09,219.63999938964844,208.13284301757812
2023-08-10,220.86000061035156,209.28892517089844
2023-08-11,223.69000244140625,211.97068786621094
2023-08-14,225.88999938964844,214.05543518066406
2023-08-15,223.83999633789062,212.11279296875
2023-08-16,222.14999389648438,210.5113525390625
2023-08-17,218.14999389648438,206.7209014892578
2023-08-18,219.35000610351562,207.85804748535156
2023-08-21,217.58999633789062,206.1902618408203
2023-08-22,225.74000549316406,213.91326904296875
2023-08-23,227.19000244140625,215.2873077392578
2023-08-24,222.97000122070312,211.28842163085938
2023-08-25,223.07000732421875,211.38314819335938
2023-08-28,222.72000122070312,211.051513671875
2023-08-29,226.41000366210938,214.54818725585938
2023-08-30,230.30999755859375,218.24383544921875
2023-08-31,230.47999572753906,218.4049530029297
2023-09-01,232.50999450683594,220.32859802246094
2023-09-05,230.42999267578125,218.3575439453125
2023-09-06,229.61000061035156,217.58053588867188
2023-09-07,233.61000061035156,221.37095642089844
2023-09-08,231.2899932861328,219.17247009277344
2023-09-11,231.91000366210938,219.760009765625
2023-09-12,230.44000244140625,218.3670196533203
2023-09-13,228.82000732421875,216.8319091796875
2023-09-14,230.8699951171875,218.77452087402344
2023-09-15,220.02000427246094,208.49295043945312
2023-09-18,217.72000122070312,206.31346130371094
2023-09-19,217.5,206.10498046875
2023-09-20,214.91000366210938,203.65069580078125
2023-09-21,210.61000061035156,199.57595825195312
2023-09-22,210.49000549316406,199.46226501464844
2023-09-25,212.5,201.36695861816406
2023-09-26,208.5399932861328,197.6143798828125
2023-09-27,206.9600067138672,196.11720275878906
2023-09-28,207.77999877929688,196.89422607421875
2023-09-29,207.83999633789062,196.95108032226562
2023-10-02,205.74000549316406,194.96107482910156
2023-10-03,200.16000366210938,189.67344665527344
2023-10-04,199.58999633789062,189.13330078125
2023-10-05,199.8000030517578,189.33230590820312
2023-10-06,199.5399932861328,189.08592224121094
2023-10-09,200.74000549316406,190.22305297851562
2023-10-10,202.75,192.1277313232422
2023-10-11,203.2899932861328,192.63946533203125
2023-10-12,196.89999389648438,186.58421325683594
2023-10-13,195.75,185.49449157714844
2023-10-16,198.25,187.86349487304688
2023-10-17,198.14999389648438,187.7687225341797
2023-10-18,193.4600067138672,183.324462890625
2023-10-19,190.4600067138672,180.4816436767578
2023-10-20,190.5,180.51951599121094
2023-10-23,188.3800048828125,178.51060485839844
2023-10-24,186.24000549316406,177.5193328857422
2023-10-25,186.08999633789062,177.3763427734375
2023-10-26,184.72999572753906,176.0800018310547
2023-10-27,183.6199951171875,175.02197265625
2023-10-30,187.72000122070312,178.92999267578125
2023-10-31,190.57000732421875,181.64657592773438
2023-11-01,191.2899932861328,182.33282470703125
2023-11-02,194.32000732421875,185.220947265625
2023-11-03,194.94000244140625,185.81192016601562
2023-11-06,194.22999572753906,185.13514709472656
2023-11-07,194.5800018310547,185.46878051757812
2023-11-08,194.67999267578125,185.56407165527344
2023-11-09,190.49000549316406,181.5703125
2023-11-10,194.60000610351562,185.48785400390625
2023-11-13,193.83999633789062,184.763427734375
2023-11-14,202.24000549316406,192.7700958251953
2023-11-15,204.85000610351562,195.2578887939453
2023-11-16,202.27999877929688,192.80824279785156
2023-11-17,203.6999969482422,194.1617431640625
2023-11-20,204.44000244140625,194.86709594726562
2023-11-21,198.05999755859375,188.78582763671875
2023-11-22,198.47999572753906,189.18617248535156
2023-11-24,199.07000732421875,189.74855041503906
2023-11-27,199.82000732421875,190.4634246826172
2023-11-28,200.0500030517578,190.68264770507812
2023-11-29,199.9199981689453,190.55873107910156
2023-11-30,198.8300018310547,189.51979064941406
2023-12-01,203.9199981689453,194.37142944335938
2023-12-04,207.5500030517578,197.8314666748047
2023-12-05,205.9199981689453,196.27780151367188
2023-12-06,208.6999969482422,198.9276123046875
2023-12-07,208.3000030517578,198.5463409423828
2023-12-08,207.8300018310547,198.09835815429688
2023-12-11,206.33999633789062,196.67811584472656
2023-12-12,208.6999969482422,198.9276123046875
2023-12-13,215.4499969482422,205.36155700683594
2023-12-14,225.5399932861328,214.97911071777344
2023-12-15,225.58999633789062,215.0267333984375
2023-12-18,224.05999755859375,213.56837463378906
2023-12-19,225.4199981689453,214.86471557617188
2023-12-20,222.00999450683594,211.6143798828125
2023-12-21,223.5500030517578,213.08229064941406
2023-12-22,223.0,212.55801391601562
2023-12-26,222.82000732421875,212.38644409179688
2023-12-27,222.88999938964844,212.45318603515625
2023-12-28,222.89999389648438,212.46270751953125
2023-12-29,222.5500030517578,212.12908935546875
2024-01-02,218.64999389648438,208.41171264648438
2024-01-03,212.27000427246094,202.33045959472656
2024-01-04,211.22000122070312,201.32962036132812
2024-01-05,212.50999450683594,202.55921936035156
2024-01-08,217.13999938964844,206.972412109375
2024-01-09,217.00999450683594,206.84849548339844
2024-01-10,220.2100067138672,209.898681640625
2024-01-11,220.16000366210938,209.8509979248047
2024-01-12,218.91000366210938,208.65951538085938
2024-01-16,220.42999267578125,210.10833740234375
2024-01-17,218.0500030517578,207.83981323242188
2024-01-18,218.22999572753906,208.0113525390625
2024-01-19,220.00999450683594,209.7080078125
2024-01-22,219.86000061035156,209.56503295898438
2024-01-23,214.47000122070312,205.4553680419922
2024-01-24,210.5500030517578,201.70013427734375
2024-01-25,212.0800018310547,203.1658172607422
2024-01-26,211.97999572753906,203.0700225830078
2024-01-29,211.83999633789062,202.93589782714844
2024-01-30,214.52000427246094,205.50328063964844
2024-01-31,212.83999633789062,203.89390563964844
2024-02-01,220.22999572753906,210.9732666015625
2024-02-02,219.49000549316406,210.2643585205078
2024-02-05,218.00999450683594,208.84654235839844
2024-02-06,218.1199951171875,208.9519500732422
2024-02-07,221.69000244140625,212.37188720703125
2024-02-08,220.38999938964844,211.12652587890625
2024-02-09,222.25999450683594,212.9179229736328
2024-02-12,229.86000061035156,220.198486328125
2024-02-13,225.42999267578125,215.95469665527344
2024-02-14,226.92999267578125,217.3916473388672
2024-02-15,228.3300018310547,218.73281860351562
2024-02-16,226.85000610351562,217.31504821777344
2024-02-20,225.50999450683594,216.03134155273438
2024-02-21,227.7899932861328,218.21551513671875
2024-02-22,230.50999450683594,220.8211669921875
2024-02-23,232.55999755859375,222.7849884033203
2024-02-26,231.32000732421875,221.59715270996094
2024-02-27,235.38999938964844,225.49606323242188
2024-02-28,238.8000030517578,228.76272583007812
2024-02-29,240.6699981689453,230.55413818359375
2024-03-01,244.69000244140625,234.40516662597656
2024-03-04,242.10000610351562,231.92401123046875
2024-03-05,240.82000732421875,230.69784545898438
2024-03-06,241.1199951171875,230.98521423339844
2024-03-07,241.72000122070312,231.5600128173828
2024-03-08,241.9499969482422,231.7803192138672
2024-03-11,240.9600067138672,230.83193969726562
2024-03-12,243.25999450683594,233.03524780273438
2024-03-13,247.41000366210938,237.0108184814453
2024-03-14,244.6300048828125,234.34768676757812
2024-03-15,244.72999572753906,234.44346618652344
2024-03-18,243.47999572753906,233.24598693847656
2024-03-19,248.02000427246094,237.59519958496094
2024-03-20,251.9600067138672,241.36961364746094
2024-03-21,261.0,250.0296173095703
2024-03-22,258.5,247.63467407226562
2024-03-25,254.0,243.3238067626953
2024-03-26,251.4199981689453,240.85226440429688
2024-03-27,253.3300018310547,242.68199157714844
2024-03-28,254.72999572753906,244.02316284179688
2024-04-01,249.27999877929688,238.80224609375
2024-04-02,244.4499969482422,234.17523193359375
2024-04-03,240.6999969482422,230.5828857421875
2024-04-04,238.00999450683594,228.0059051513672
2024-04-05,239.32000732421875,229.26087951660156
2024-04-08,242.58999633789062,232.39341735839844
2024-04-09,244.38999938964844,234.11776733398438
2024-04-10,237.16000366210938,227.19166564941406
2024-04-11,235.44000244140625,225.54396057128906
2024-04-12,232.0500030517578,222.2964630126953
2024-04-15,230.00999450683594,220.34219360351562
2024-04-16,228.35000610351562,218.751953125
2024-04-17,228.86000061035156,219.2405242919922
2024-04-18,228.7899932861328,219.1734619140625
2024-04-19,230.24000549316406,220.56251525878906
2024-04-22,231.22999572753906,221.5109100341797
2024-04-23,233.55999755859375,224.8124542236328
2024-04-24,230.2899932861328,221.66493225097656
2024-04-25,229.9600067138672,221.34725952148438
2024-04-26,229.8699951171875,221.26065063476562
2024-04-29,230.94000244140625,222.2905731201172
2024-04-30,227.99000549316406,219.4510498046875
2024-05-01,227.52000427246094,218.99867248535156
2024-05-02,229.5800018310547,220.9815216064453
2024-05-03,232.1300048828125,223.43600463867188
2024-05-06,231.6999969482422,223.02210998535156
2024-05-07,231.4600067138672,222.79110717773438
2024-05-08,232.07000732421875,223.37828063964844
2024-05-09,236.1300048828125,227.28619384765625
2024-05-10,235.02999877929688,226.22740173339844
2024-05-13,232.97999572753906,224.25416564941406
2024-05-14,231.5800018310547,222.90663146972656
2024-05-15,236.0800018310547,227.23806762695312
2024-05-16,232.25999450683594,223.56114196777344
2024-05-17,231.11000061035156,222.45420837402344
2024-05-20,229.1699981689453,220.58685302734375
2024-05-21,224.86000061035156,216.4382781982422
2024-05-22,221.1300048828125,212.84800720214844
2024-05-23,217.47999572753906,209.33470153808594
2024-05-24,215.2100067138672,207.14971923828125
2024-05-28,215.3699951171875,207.30372619628906
2024-05-29,214.27000427246094,206.24490356445312
2024-05-30,215.4600067138672,207.39036560058594
2024-05-31,221.2899932861328,213.00198364257812
2024-06-03,216.72999572753906,208.6127471923828
2024-06-04,216.52999877929688,208.4202880859375
2024-06-05,219.47000122070312,211.25018310546875
2024-06-06,218.4499969482422,210.26837158203125
2024-06-07,216.6699981689453,208.55502319335938
2024-06-10,218.10000610351562,209.93148803710938
2024-06-11,218.35000610351562,210.172119140625
2024-06-12,225.02000427246094,216.59231567382812
2024-06-13,226.86000061035156,218.3634033203125
2024-06-14,223.35000610351562,214.98483276367188
2024-06-17,226.77000427246094,218.27674865722656
2024-06-18,227.77000427246094,219.2393035888672
2024-06-20,227.52999877929688,219.00830078125
2024-06-21,228.58999633789062,220.02859497070312
2024-06-24,228.38999938964844,219.83609008789062
2024-06-25,217.25,209.11331176757812
2024-06-26,218.77999877929688,210.58599853515625
2024-06-27,219.8000030517578,211.5677947998047
2024-06-28,220.4600067138672,212.20309448242188
2024-07-01,213.55999755859375,205.56150817871094
2024-07-02,213.6999969482422,205.69625854492188
2024-07-03,213.3000030517578,205.31124877929688
2024-07-05,213.88999938964844,205.879150390625
2024-07-08,217.14999389648438,209.01705932617188
2024-07-09,216.3300018310547,208.2277374267578
2024-07-10,220.74000549316406,212.47259521484375
2024-07-11,229.75,221.1451416015625
2024-07-12,234.0800018310547,225.31297302246094
2024-07-15,232.1699981689453,223.47451782226562
2024-07-16,240.97000122070312,231.94488525390625
2024-07-17,243.0399932861328,233.9373779296875
2024-07-18,239.3699951171875,230.4048614501953
2024-07-19,238.52000427246094,229.58665466308594
2024-07-22,240.27000427246094,231.27113342285156
2024-07-23,238.30999755859375,229.38455200195312
2024-07-24,231.6699981689453,224.07452392578125
2024-07-25,234.77000427246094,227.0729217529297
2024-07-26,238.8699951171875,231.03848266601562
2024-07-29,239.8000030517578,231.93798828125
2024-07-30,241.39999389648438,233.48553466796875
2024-07-31,245.50999450683594,237.46078491210938
2024-08-01,241.36000061035156,233.44683837890625
2024-08-02,240.4199981689453,232.53765869140625
2024-08-05,237.02000427246094,229.2491455078125
2024-08-06,240.64999389648438,232.7601318359375
2024-08-07,231.58999633789062,223.9971466064453
2024-08-08,236.3300018310547,228.58175659179688
2024-08-09,235.8300018310547,228.09814453125
2024-08-12,231.07000732421875,223.49420166015625
2024-08-13,236.19000244140625,228.4463653564453
2024-08-14,237.63999938964844,229.8488311767578
2024-08-15,240.05999755859375,232.18948364257812
2024-08-16,241.14999389648438,233.2437286376953
2024-08-19,243.2100067138672,235.2362060546875
2024-08-20,240.3300018310547,232.4506072998047
2024-08-21,242.3699951171875,234.42373657226562
2024-08-22,240.30999755859375,232.43125915527344
2024-08-23,250.07000732421875,241.8712921142578
2024-08-26,250.5,242.28720092773438
2024-08-27,248.57000732421875,240.4204559326172
2024-08-28,248.94000244140625,240.77833557128906
2024-08-29,246.77000427246094,238.67945861816406
2024-08-30,248.5,240.3527374267578
2024-09-03,245.4600067138672,237.41244506835938
2024-09-04,245.4499969482422,237.40274047851562
2024-09-05,244.11000061035156,236.10667419433594
2024-09-06,243.80999755859375,235.81649780273438
2024-09-09,244.72999572753906,236.70635986328125
2024-09-10,247.3800048828125,239.2694854736328
2024-09-11,247.3800048828125,239.2694854736328
2024-09-12,252.0500030517578,243.786376953125
2024-09-13,255.41000366210938,247.03623962402344
2024-09-16,256.6400146484375,248.22589111328125
2024-09-17,256.7200012207031,248.30325317382812
2024-09-18,256.6300048828125,248.21620178222656
2024-09-19,261.0,252.44293212890625
2024-09-20,260.1400146484375,251.61117553710938
2024-09-23,262.2900085449219,253.69064331054688
2024-09-24,266.0400085449219,257.3177185058594
2024-09-25,264.9700012207031,256.2828063964844
2024-09-26,265.6099853515625,256.90179443359375
2024-09-27,267.1400146484375,258.3816223144531
2024-09-30,270.8500061035156,261.9700012207031
2024-10-01,272.6400146484375,263.7013244628906
2024-10-02,271.8599853515625,262.9468688964844
2024-10-03,270.2099914550781,261.3509521484375
2024-10-04,267.760009765625,258.9813232421875
2024-10-07,268.5400085449219,259.7357482910156
2024-10-08,273.2699890136719,264.3106689453125
2024-10-09,277.17999267578125,268.0924377441406
2024-10-10,273.2099914550781,264.25262451171875
2024-10-11,275.760009765625,266.718994140625
2024-10-14,280.7300109863281,271.52606201171875
2024-10-15,281.8299865722656,272.5899963378906
2024-10-16,284.04998779296875,274.7371826171875
2024-10-17,281.30999755859375,272.0870666503906
2024-10-18,281.6400146484375,272.40625
2024-10-21,276.8399963378906,267.76361083984375
2024-10-22,272.2200012207031,263.29510498046875
2024-10-23,270.1099853515625,262.362548828125
2024-10-24,271.3599853515625,263.5767517089844
2024-10-25,267.6400146484375,259.9635009765625
2024-10-28,267.9700012207031,260.2839660644531
2024-10-29,262.9700012207031,255.42738342285156
2024-10-30,261.3900146484375,253.89271545410156
2024-10-31,261.8299865722656,254.32009887695312
2024-11-01,261.94000244140625,254.4269561767578
2024-11-04,264.9800109863281,257.3797607421875
2024-11-05,269.17999267578125,261.4593200683594
2024-11-06,261.7300109863281,254.2229766845703
2024-11-07,266.29998779296875,258.6618957519531
2024-11-08,271.1000061035156,263.3242492675781
2024-11-11,274.510009765625,266.6364440917969
2024-11-12,269.8999938964844,262.1586608886719
2024-11-13,272.32000732421875,264.50921630859375
2024-11-14,270.3500061035156,262.59576416015625
2024-11-15,269.3999938964844,261.6730041503906
2024-11-18,271.7699890136719,263.9749755859375
2024-11-19,259.260009765625,251.82383728027344
2024-11-20,263.0299987792969,255.48568725585938
2024-11-21,265.2200012207031,257.61285400390625
2024-11-22,264.67999267578125,257.0883483886719
2024-11-25,275.32000732421875,267.4231872558594
2024-11-26,274.4700012207031,266.5975646972656
2024-11-27,273.19000244140625,265.3542785644531
2024-11-29,272.42999267578125,264.61602783203125
2024-12-02,272.04998779296875,264.2469787597656
2024-12-03,274.3900146484375,266.5198974609375
2024-12-04,272.2699890136719,264.4606628417969
2024-12-05,270.07000732421875,262.32373046875
2024-12-06,273.42999267578125,265.58740234375
2024-12-09,274.1499938964844,266.2867431640625
2024-12-10,270.1099853515625,262.362548828125
2024-12-11,267.8999938964844,260.21600341796875
2024-12-12,263.5,255.9422149658203
2024-12-13,262.3900146484375,254.86404418945312
2024-12-16,260.1000061035156,252.63973999023438
2024-12-17,257.75,250.35714721679688
2024-12-18,249.80999755859375,242.64486694335938
2024-12-19,244.52000427246094,237.50657653808594
2024-12-20,247.72000122070312,240.61480712890625
2024-12-23,247.3699951171875,240.27484130859375
2024-12-24,250.22000122070312,243.04310607910156
2024-12-26,249.42999267578125,242.27577209472656
2024-12-27,248.33999633789062,241.21702575683594
2024-12-30,246.72999572753906,239.65321350097656
2024-12-31,246.8000030517578,239.72120666503906
2025-01-02,246.97999572753906,239.8960418701172
2025-01-03,248.47999572753906,241.35301208496094
2025-01-06,249.74000549316406,242.57687377929688
2025-01-07,246.57000732421875,239.497802734375
2025-01-08,246.88999938964844,239.80862426757812
2025-01-10,247.89999389648438,240.7896270751953
2025-01-13,248.66000366210938,241.5278778076172
2025-01-14,251.19000244140625,243.98529052734375
2025-01-15,256.7200012207031,249.35667419433594
2025-01-16,258.7799987792969,251.35760498046875
2025-01-17,261.05999755859375,253.57220458984375
2025-01-21,264.3500061035156,256.76788330078125
2025-01-22,258.0,251.69493103027344
2025-01-23,261.32000732421875,254.93377685546875
2025-01-24,262.20001220703125,255.7922821044922
2025-01-27,268.4200134277344,261.8602600097656
2025-01-28,264.4100036621094,257.9482421875
2025-01-29,261.7300109863281,255.33375549316406
2025-01-30,264.0,257.5483093261719
2025-01-31,260.0400085449219,253.68504333496094
2025-02-03,256.5,250.23158264160156
2025-02-04,257.2300109863281,250.94374084472656
2025-02-05,258.4700012207031,252.15341186523438
2025-02-06,256.95001220703125,250.67059326171875
2025-02-07,251.94000244140625,245.78302001953125
2025-02-10,256.44000244140625,250.1730194091797
2025-02-11,257.0299987792969,250.7486114501953
2025-02-12,250.25999450683594,244.14405822753906
2025-02-13,252.66000366210938,246.48541259765625
2025-02-14,251.7899932861328,245.63668823242188
2025-02-18,250.7100067138672,244.5830535888672
2025-02-19,246.67999267578125,240.6515350341797
2025-02-20,246.4199981689453,240.39788818359375
2025-02-21,239.1699981689453,233.3250732421875
2025-02-24,237.0800018310547,231.28616333007812
2025-02-25,242.38999938964844,236.4663848876953
2025-02-26,247.07000732421875,241.0320281982422
2025-02-27,245.5,239.50038146972656
2025-02-28,248.63999938964844,242.5636749267578
2025-03-03,246.16000366210938,240.14425659179688
2025-03-04,239.85000610351562,233.9884796142578
2025-03-05,242.9600067138672,237.0224609375
2025-03-06,243.5,237.54928588867188
2025-03-07,242.66000366210938,236.72979736328125
2025-03-10,242.3800048828125,236.45664978027344
2025-03-11,232.6699981689453,226.98394775390625
2025-03-12,228.3300018310547,222.74998474121094
2025-03-13,222.66000366210938,217.2185516357422
2025-03-14,224.44000244140625,218.95506286621094
2025-03-17,225.85000610351562,220.3306121826172
2025-03-18,222.9499969482422,217.50146484375
2025-03-19,225.50999450683594,219.99891662597656
2025-03-20,226.25999450683594,220.73057556152344
2025-03-21,227.07000732421875,221.5207977294922
2025-03-24,232.88999938964844,227.19854736328125
2025-03-25,230.69000244140625,225.05230712890625
2025-03-26,232.0500030517578,226.3791046142578
2025-03-27,232.1699981689453,226.49615478515625
2025-03-28,228.4199981689453,222.83779907226562
2025-03-31,233.22999572753906,227.53024291992188
2025-04-01,234.00999450683594,228.2911834716797
2025-04-02,235.27999877929688,229.53013610839844
2025-04-03,222.52000427246094,217.08197021484375
2025-04-04,223.2899932861328,217.83316040039062
2025-04-07,216.94000244140625,211.63836669921875
2025-04-08,211.69000244140625,206.5166473388672
2025-04-09,223.1999969482422,217.745361328125
2025-04-10,221.1999969482422,215.79421997070312
2025-04-11,220.35000610351562,214.9650421142578
2025-04-14,224.13999938964844,218.66238403320312
2025-04-15,220.50999450683594,215.12109375
2025-04-16,214.41000366210938,209.17019653320312
2025-04-17,219.0,213.64801025390625
2025-04-21,212.77000427246094,207.5702667236328
2025-04-22,219.07000732421875,213.71630859375
2025-04-23,217.75999450683594,213.5593719482422
2025-04-24,222.0500030517578,217.76663208007812
2025-04-25,220.91000366210938,216.64862060546875
2025-04-28,221.14999389648438,216.88397216796875
2025-04-29,223.27000427246094,218.9630889892578
2025-04-30,223.55999755859375,219.24749755859375
2025-05-01,222.32000732421875,218.03143310546875
2025-05-02,227.19000244140625,222.80747985839844
2025-05-05,225.19000244140625,220.84605407714844
2025-05-06,223.00999450683594,218.70811462402344
2025-05-07,223.50999450683594,219.19845581054688
2025-05-08,224.47999572753906,220.1497344970703
2025-05-09,222.25999450683594,217.9725799560547
2025-05-12,232.77999877929688,228.28964233398438
2025-05-13,230.77000427246094,226.3184051513672
2025-05-14,228.50999450683594,224.1020050048828
2025-05-15,232.4499969482422,227.9659881591797
2025-05-16,234.22999572753906,229.711669921875
2025-05-19,234.42999267578125,229.9077911376953
2025-05-20,231.25,226.78915405273438
2025-05-21,227.3699951171875,222.98399353027344
2025-05-22,223.75,219.43382263183594
2025-05-23,221.07000732421875,216.80552673339844
2025-05-27,225.80999755859375,221.45408630371094
2025-05-28,224.52000427246094,220.18898010253906
2025-05-29,224.92999267578125,220.591064453125
2025-05-30,225.72999572753906,221.37564086914062
2025-06-02,225.52000427246094,221.169677734375
2025-06-03,228.8000030517578,224.38641357421875
2025-06-04,228.38999938964844,223.98431396484375
2025-06-05,227.58999633789062,223.1997528076172
2025-06-06,225.27000427246094,220.92449951171875
2025-06-09,223.61000061035156,219.29652404785156
2025-06-10,224.88999938964844,220.55181884765625
2025-06-11,221.60000610351562,217.3253173828125
2025-06-12,223.5,219.1886444091797
2025-06-13,217.27000427246094,213.07884216308594
2025-06-16,216.0800018310547,211.9117889404297
2025-06-17,211.9199981689453,207.83203125
2025-06-18,210.8300018310547,206.7630615234375
2025-06-20,212.75,208.64602661132812
2025-06-23,218.57000732421875,214.353759765625
2025-06-24,219.97999572753906,215.73654174804688
2025-06-25,220.6999969482422,216.44265747070312
2025-06-26,221.22999572753906,216.96243286132812
2025-06-27,223.6300048828125,219.316162109375
2025-06-30,221.8699951171875,217.590087890625
2025-07-01,228.63999938964844,224.2294921875
2025-07-02,226.94000244140625,222.5623016357422
2025-07-03,228.30999755859375,223.90585327148438
2025-07-07,224.99000549316406,220.64990234375
2025-07-08,223.6699981689453,219.35536193847656
2025-07-09,225.57000732421875,221.21873474121094
2025-07-10,227.91000366210938,223.51358032226562
2025-07-11,224.1300048828125,219.8065185546875
2025-07-14,222.39999389648438,218.10984802246094
2025-07-15,215.00999450683594,210.8624267578125
2025-07-16,216.60000610351562,212.4217529296875
2025-07-17,218.5800018310547,214.3635711669922
2025-07-18,219.16000366210938,214.932373046875
2025-07-21,220.91000366210938,216.64862060546875
2025-07-22,226.8300018310547,222.4543914794922
2025-07-23,228.61000061035156,225.39247131347656
2025-07-24,225.55999755859375,222.38540649414062
2025-07-25,226.8000030517578,223.6079559326172
2025-07-28,229.99000549316406,226.7530517578125
2025-07-29,230.0399932861328,226.80233764648438
2025-07-30,227.42999267578125,224.22909545898438
2025-07-31,223.57000732421875,220.4234161376953
2025-08-01,226.39999389648438,223.2135772705078
2025-08-04,233.80999755859375,230.519287109375
2025-08-05,237.4600067138672,234.11793518066406
2025-08-06,238.2899932861328,234.93624877929688
2025-08-07,238.55999755859375,235.2024383544922
2025-08-08,241.14999389648438,237.7559814453125
2025-08-11,239.85000610351562,236.4742889404297
2025-08-12,244.8699951171875,241.4236297607422
2025-08-13,256.3299865722656,252.7223358154297
2025-08-14,253.0500030517578,249.488525390625
2025-08-15,252.05999755859375,248.51243591308594
2025-08-18,250.88999938964844,247.35890197753906
2025-08-19,256.3599853515625,252.75189208984375
2025-08-20,257.1400146484375,253.5209503173828
2025-08-21,255.64999389648438,252.05191040039062
2025-08-22,263.7300109863281,260.0181884765625
2025-08-25,258.8699951171875,255.22659301757812
2025-08-26,258.3299865722656,254.69418334960938
2025-08-27,258.6700134277344,255.02943420410156
2025-08-28,257.5400085449219,253.91529846191406
2025-08-29,258.05999755859375,254.42799377441406
2025-09-02,258.739990234375,255.0984344482422
2025-09-03,260.67999267578125,257.0111083984375
2025-09-04,264.57000732421875,260.84637451171875
2025-09-05,269.9700012207031,266.1703796386719
2025-09-08,273.0199890136719,269.17742919921875
2025-09-09,269.0299987792969,265.24359130859375
2025-09-10,266.54998779296875,262.7984924316406
2025-09-11,272.3999938964844,268.566162109375
2025-09-12,271.8299865722656,268.004150390625
2025-09-15,272.0899963378906,268.2605285644531
2025-09-16,270.5199890136719,266.7126159667969
2025-09-17,267.95001220703125,264.1788330078125
2025-09-18,267.57000732421875,263.80413818359375
2025-09-19,265.20001220703125,261.4674987792969
2025-09-22,260.3900146484375,256.7251892089844
2025-09-23,259.80999755859375,256.15338134765625
2025-09-24,257.3299865722656,253.708251953125
2025-09-25,255.52999877929688,251.93359375
2025-09-26,257.1199951171875,253.501220703125
2025-09-29,253.32000732421875,249.7547149658203
2025-09-30,251.30999755859375,247.77297973632812
2025-10-01,247.99000549316406,244.49972534179688
2025-10-02,247.3300018310547,243.84901428222656
2025-10-03,246.35000610351562,242.88279724121094
2025-10-06,241.6699981689453,238.26866149902344
2025-10-07,239.88999938964844,236.5137176513672
2025-10-08,237.58999633789062,234.24609375
2025-10-09,234.6699981689453,231.3671875
2025-10-10,232.22000122070312,228.95167541503906
2025-10-13,234.47999572753906,231.17987060546875
2025-10-14,240.75,237.3616180419922
2025-10-15,241.52999877929688,238.13063049316406
2025-10-16,243.10000610351562,239.6785430908203
2025-10-17,244.6999969482422,241.2560272216797
2025-10-20,242.27000427246094,238.8602294921875
2025-10-21,245.27000427246094,241.8179931640625
2025-10-22,243.52999877929688,241.28298950195312
2025-10-23,243.8699951171875,241.61985778808594
2025-10-24,242.7100067138672,240.47056579589844
2025-10-27,243.64999389648438,241.40188598632812
2025-10-28,244.07000732421875,241.81800842285156
2025-10-29,238.49000549316406,236.28948974609375
2025-10-30,239.82000732421875,237.60723876953125
2025-10-31,238.1300048828125,235.9328155517578
2025-11-03,235.63999938964844,233.4657745361328
2025-11-04,237.75999450683594,235.56622314453125
2025-11-05,234.35000610351562,232.1876983642578
2025-11-06,231.35000610351562,229.21536254882812
2025-11-07,233.16000366210938,231.00868225097656
2025-11-10,233.02999877929688,230.87986755371094
2025-11-11,235.33999633789062,233.16854858398438
2025-11-12,234.6999969482422,232.5344696044922
2025-11-13,231.47000122070312,229.33425903320312
2025-11-14,227.85000610351562,225.74766540527344
2025-11-17,225.0,222.92396545410156
2025-11-18,219.57000732421875,217.54408264160156
2025-11-19,228.41000366210938,226.30250549316406
2025-11-20,228.42999267578125,226.3223114013672
2025-11-21,234.2899932861328,232.12823486328125
2025-11-24,228.75999450683594,226.64926147460938
2025-11-25,238.10000610351562,235.90309143066406
2025-11-26,241.61000061035156,239.38070678710938
2025-11-28,242.47999572753906,240.24267578125
2025-12-01,246.38999938964844,244.11660766601562
2025-12-02,243.1699981689453,240.9263153076172
2025-12-03,246.94000244140625,244.66152954101562
2025-12-04,246.1699981689453,243.8986358642578
2025-12-05,248.47000122070312,246.1774139404297
2025-12-08,244.82000732421875,242.56109619140625
2025-12-09,242.6699981689453,240.430908203125
2025-12-10,246.1999969482422,243.9283447265625
2025-12-11,248.0800018310547,245.791015625
2025-12-12,247.2899932861328,245.00828552246094
2025-12-15,248.77999877929688,246.4845428466797
2025-12-16,246.47000122070312,244.19586181640625
2025-12-17,247.9600067138672,245.672119140625
2025-12-18,247.7100067138672,245.42442321777344
2025-12-19,240.44000244140625,238.2215118408203
2025-12-22,242.07000732421875,239.83645629882812
2025-12-23,242.14999389648438,239.91571044921875
2025-12-24,243.0,240.75787353515625
2025-12-26,244.49000549316406,242.23414611816406
2025-12-29,243.8300018310547,241.58021545410156
2025-12-30,243.17999267578125,240.93621826171875
