date,close,adj_close
2015-07-06,36.709999084472656,36.514774322509766
2015-07-07,36.619998931884766,36.425254821777344
2015-07-08,34.70000076293945,34.515464782714844
2015-07-09,34.5,34.3165283203125
2015-07-10,34.689998626708984,34.505516052246094
2015-07-13,36.779998779296875,36.58440017700195
2015-07-14,36.93000030517578,36.73360824584961
2015-07-15,37.5099983215332,37.31052017211914
2015-07-16,38.630001068115234,38.42456817626953
2015-07-17,38.38999938964844,38.18584060668945
2015-07-20,40.470001220703125,40.25477981567383
2015-07-21,39.349998474121094,39.1407356262207
2015-07-22,38.38999938964844,38.18584060668945
2015-07-23,37.0099983215332,36.81317901611328
2015-07-24,37.0,36.8032341003418
2015-07-27,36.38999938964844,36.196475982666016
2015-07-28,37.599998474121094,37.40004348754883
2015-07-29,37.95000076293945,37.74818420410156
2015-07-30,38.45000076293945,38.24552536010742
2015-07-31,38.70000076293945,38.49419403076172
2015-08-03,39.38999938964844,39.18052291870117
2015-08-04,38.95000076293945,38.742862701416016
2015-08-05,39.27000045776367,39.061161041259766
2015-08-06,38.849998474121094,38.643394470214844
2015-08-07,39.130001068115234,38.92190933227539
2015-08-10,39.04999923706055,38.84233093261719
2015-08-11,38.849998474121094,38.643394470214844
2015-08-12,38.189998626708984,37.98690414428711
2015-08-13,37.619998931884766,37.41993713378906
2015-08-14,38.13999938964844,37.937171936035156
2015-08-17,38.72999954223633,38.52403259277344
2015-08-18,37.9900016784668,37.78797149658203
2015-08-19,37.189998626708984,36.992225646972656
2015-08-20,35.97999954223633,35.788658142089844
2015-08-21,34.25,34.0678596496582
2015-08-24,33.75,33.57051467895508
2015-08-25,32.70000076293945,32.526100158691406
2015-08-26,33.16999816894531,32.99359893798828
2015-08-27,34.619998931884766,34.43588638305664
2015-08-28,35.040000915527344,34.85365676879883
2015-08-31,35.0,34.81386947631836
2015-09-01,33.77000045776367,33.59041213989258
2015-09-02,35.06999969482422,34.88349533081055
2015-09-03,35.310001373291016,35.122222900390625
2015-09-04,34.290000915527344,34.10764694213867
2015-09-08,34.70000076293945,34.515464782714844
2015-09-09,34.369998931884766,34.18722152709961
2015-09-10,33.459999084472656,33.28205871582031
2015-09-11,33.54999923706055,33.371578216552734
2015-09-14,33.77000045776367,33.59041213989258
2015-09-15,33.79999923706055,33.6202507019043
2015-09-16,33.77000045776367,33.59041213989258
2015-09-17,33.31999969482422,33.14280319213867
2015-09-18,32.91999816894531,32.744930267333984
2015-09-21,34.25,34.0678596496582
2015-09-22,33.349998474121094,33.17264175415039
2015-09-23,34.15999984741211,33.97834014892578
2015-09-24,33.90999984741211,33.72966766357422
2015-09-25,33.77000045776367,33.59041213989258
2015-09-28,32.25,32.078495025634766
2015-09-29,30.6299991607666,30.46710968017578
2015-09-30,31.040000915527344,30.87493133544922
2015-10-01,31.479999542236328,31.312589645385742
2015-10-02,32.83000183105469,32.65541458129883
2015-10-05,32.66999816894531,32.49625778198242
2015-10-06,31.860000610351562,31.690568923950195
2015-10-07,32.380001068115234,32.20780563354492
2015-10-08,31.670000076293945,31.50157928466797
2015-10-09,32.060001373291016,31.88950538635254
2015-10-12,32.630001068115234,32.456478118896484
2015-10-13,33.220001220703125,33.043338775634766
2015-10-14,34.04999923706055,33.868919372558594
2015-10-15,34.619998931884766,34.43588638305664
2015-10-16,34.290000915527344,34.10764694213867
2015-10-19,34.84000015258789,34.654720306396484
2015-10-20,34.869998931884766,34.6845588684082
2015-10-21,33.83000183105469,33.65009307861328
2015-10-22,34.790000915527344,34.60498809814453
2015-10-23,34.9900016784668,34.803924560546875
2015-10-26,36.439998626708984,36.246212005615234
2015-10-27,35.939998626708984,35.74886703491211
2015-10-28,36.52000045776367,36.32578659057617
2015-10-29,35.90999984741211,35.71902847290039
2015-10-30,36.0099983215332,35.81849670410156
2015-11-02,36.9900016784668,36.79328536987305
2015-11-03,37.900001525878906,37.698448181152344
2015-11-04,37.599998474121094,37.40004348754883
2015-11-05,36.709999084472656,36.514774322509766
2015-11-06,36.2400016784668,36.047279357910156
2015-11-09,36.599998474121094,36.405357360839844
2015-11-10,37.0,36.8032341003418
2015-11-11,36.33000183105469,36.13679885864258
2015-11-12,35.56999969482422,35.380836486816406
2015-11-13,34.529998779296875,34.346370697021484
2015-11-16,35.61000061035156,35.42062759399414
2015-11-17,36.209999084472656,36.017433166503906
2015-11-18,36.220001220703125,36.027381896972656
2015-11-19,36.189998626708984,35.99753952026367
2015-11-20,36.36000061035156,36.1666374206543
2015-11-23,35.560001373291016,35.37089157104492
2015-11-24,35.119998931884766,34.933231353759766
2015-11-25,35.36000061035156,35.17195510864258
2015-11-27,35.18000030517578,34.99291229248047
2015-11-30,35.2599983215332,35.07248306274414
2015-12-01,35.16999816894531,34.98296356201172
2015-12-02,35.150001525878906,34.96307373046875
2015-12-03,34.22999954223633,34.0479621887207
2015-12-04,35.619998931884766,35.430572509765625
2015-12-07,35.15999984741211,34.973018646240234
2015-12-08,35.599998474121094,35.41067886352539
2015-12-09,35.06999969482422,34.88349533081055
2015-12-10,35.4900016784668,35.301265716552734
2015-12-11,34.689998626708984,34.505516052246094
2015-12-14,35.0099983215332,34.82381820678711
2015-12-15,36.31999969482422,36.12685012817383
2015-12-16,35.97999954223633,35.788658142089844
2015-12-17,35.540000915527344,35.35099792480469
2015-12-18,34.97999954223633,34.793975830078125
2015-12-21,36.08000183105469,35.88813018798828
2015-12-22,36.80500030517578,36.60926818847656
2015-12-23,37.11000061035156,36.91265106201172
2015-12-24,37.06999969482422,36.872859954833984
2015-12-28,36.61000061035156,36.415306091308594
2015-12-29,37.08000183105469,36.882808685302734
2015-12-30,36.47999954223633,36.2859992980957
2015-12-31,36.20000076293945,36.00748825073242
2016-01-04,34.75,34.56520080566406
2016-01-05,34.310001373291016,34.127540588378906
2016-01-06,33.97999954223633,33.799293518066406
2016-01-07,33.130001068115234,32.95381546020508
2016-01-08,32.689998626708984,32.516151428222656
2016-01-11,33.040000915527344,32.864295959472656
2016-01-12,33.08000183105469,32.904083251953125
2016-01-13,32.119998931884766,31.94918441772461
2016-01-14,32.869998931884766,32.695194244384766
2016-01-15,32.310001373291016,32.13817596435547
2016-01-19,32.20000076293945,32.02876281738281
2016-01-20,31.200000762939453,31.03407859802246
2016-01-21,31.200000762939453,31.03407859802246
2016-01-22,31.690000534057617,31.521472930908203
2016-01-25,31.469999313354492,31.302642822265625
2016-01-26,31.969999313354492,31.79998207092285
2016-01-27,31.59000015258789,31.42200469970703
2016-01-28,34.2400016784668,34.05791091918945
2016-01-29,36.13999938964844,35.94780349731445
2016-02-01,37.08000183105469,36.882808685302734
2016-02-02,36.83000183105469,36.63414001464844
2016-02-03,37.0099983215332,36.81317901611328
2016-02-04,37.16999816894531,36.972328186035156
2016-02-05,35.06999969482422,34.88349533081055
2016-02-08,33.61000061035156,33.4312629699707
2016-02-09,32.70000076293945,32.526100158691406
2016-02-10,32.900001525878906,32.72503662109375
2016-02-11,33.52000045776367,33.341739654541016
2016-02-12,34.29999923706055,34.117591857910156
2016-02-16,35.459999084472656,35.27142333984375
2016-02-17,36.36000061035156,36.1666374206543
2016-02-18,36.310001373291016,36.116905212402344
2016-02-19,35.7599983215332,35.56982421875
2016-02-22,36.0,35.80855178833008
2016-02-23,35.47999954223633,35.291316986083984
2016-02-24,36.470001220703125,36.27605438232422
2016-02-25,36.7400016784668,36.544620513916016
2016-02-26,37.4900016784668,37.29063034057617
2016-02-29,38.13999938964844,37.937171936035156
2016-03-01,39.25,39.04126739501953
2016-03-02,39.15999984741211,38.951744079589844
2016-03-03,39.02000045776367,38.81249237060547
2016-03-04,39.040000915527344,38.8323860168457
2016-03-07,38.97999954223633,38.772701263427734
2016-03-08,38.15999984741211,37.95706558227539
2016-03-09,38.56999969482422,38.36488342285156
2016-03-10,38.4900016784668,38.28531265258789
2016-03-11,39.4900016784668,39.27999496459961
2016-03-14,39.380001068115234,39.17057800292969
2016-03-15,39.27000045776367,39.061161041259766
2016-03-16,39.84000015258789,39.62812805175781
2016-03-17,39.93000030517578,39.7176513671875
2016-03-18,39.40999984741211,39.200416564941406
2016-03-21,41.13999938964844,40.92121505737305
2016-03-22,41.31999969482422,41.10026168823242
2016-03-23,40.52000045776367,40.30451583862305
2016-03-24,38.91999816894531,38.7130241394043
2016-03-28,38.7400016784668,38.53398132324219
2016-03-29,39.529998779296875,39.31977844238281
2016-03-30,39.040000915527344,38.8323860168457
2016-03-31,38.599998474121094,38.39472198486328
2016-04-01,39.400001525878906,39.19047164916992
2016-04-04,38.790000915527344,38.58371353149414
2016-04-05,38.54999923706055,38.34498977661133
2016-04-06,39.15999984741211,38.951744079589844
2016-04-07,38.279998779296875,38.0764274597168
2016-04-08,38.40999984741211,38.20573425292969
2016-04-11,38.060001373291016,37.857601165771484
2016-04-12,37.79999923706055,37.59897994995117
2016-04-13,38.790000915527344,38.58371353149414
2016-04-14,38.63999938964844,38.434513092041016
2016-04-15,38.58000183105469,38.37483215332031
2016-04-18,39.63999938964844,39.42919158935547
2016-04-19,39.2400016784668,39.03132247924805
2016-04-20,40.08000183105469,39.86685562133789
2016-04-21,40.099998474121094,39.88674545288086
2016-04-22,40.310001373291016,40.09563064575195
2016-04-25,39.81999969482422,39.60823440551758
2016-04-26,39.72999954223633,39.518714904785156
2016-04-27,40.0099983215332,39.79722595214844
2016-04-28,40.06999969482422,39.85690689086914
2016-04-29,39.18000030517578,38.97163772583008
2016-05-02,39.02000045776367,38.81249237060547
2016-05-03,38.36000061035156,38.156002044677734
2016-05-04,38.310001373291016,38.106266021728516
2016-05-05,38.95000076293945,38.742862701416016
2016-05-06,39.47999954223633,39.27004623413086
2016-05-09,39.619998931884766,39.409297943115234
2016-05-10,40.11000061035156,39.89669418334961
2016-05-11,39.709999084472656,39.49882125854492
2016-05-12,39.5099983215332,39.29988479614258
2016-05-13,39.47999954223633,39.27004623413086
2016-05-16,39.29999923706055,39.09100341796875
2016-05-17,39.064998626708984,38.85725021362305
2016-05-18,38.97999954223633,38.772701263427734
2016-05-19,37.650001525878906,37.44977569580078
2016-05-20,37.529998779296875,37.330413818359375
2016-05-23,38.06999969482422,37.86754608154297
2016-05-24,38.91999816894531,38.7130241394043
2016-05-25,38.7599983215332,38.553871154785156
2016-05-26,38.06999969482422,37.86754608154297
2016-05-27,38.09000015258789,37.88743591308594
2016-05-31,37.790000915527344,37.58903503417969
2016-06-01,38.310001373291016,38.106266021728516
2016-06-02,38.560001373291016,38.35493850708008
2016-06-03,38.33000183105469,38.126163482666016
2016-06-06,38.099998474121094,37.89738082885742
2016-06-07,37.56999969482422,37.37020492553711
2016-06-08,37.54999923706055,37.35030746459961
2016-06-09,37.130001068115234,36.93254470825195
2016-06-10,36.77000045776367,36.574459075927734
2016-06-13,36.540000915527344,36.34568405151367
2016-06-14,37.15999984741211,36.96238327026367
2016-06-15,36.84000015258789,36.64408493041992
2016-06-16,36.970001220703125,36.77339553833008
2016-06-17,36.970001220703125,36.77339553833008
2016-06-20,36.86000061035156,36.663978576660156
2016-06-21,36.15999984741211,35.96770095825195
2016-06-22,36.0,35.80855178833008
2016-06-23,36.65999984741211,36.46504211425781
2016-06-24,35.08000183105469,34.8934440612793
2016-06-27,34.20000076293945,34.018123626708984
2016-06-28,35.2400016784668,35.05259704589844
2016-06-29,35.77000045776367,35.579776763916016
2016-06-30,36.5099983215332,36.31583786010742
2016-07-01,36.349998474121094,36.15668869018555
2016-07-05,36.119998931884766,35.927913665771484
2016-07-06,35.93000030517578,35.738922119140625
2016-07-07,36.31999969482422,36.12685012817383
2016-07-08,37.36000061035156,37.161319732666016
2016-07-11,38.150001525878906,37.947120666503906
2016-07-12,38.790000915527344,38.58371353149414
2016-07-13,39.279998779296875,39.071109771728516
2016-07-14,39.959999084472656,39.747493743896484
2016-07-15,39.09000015258789,38.88212203979492
2016-07-18,38.91999816894531,38.7130241394043
2016-07-19,39.369998931884766,39.16062927246094
2016-07-20,40.04999923706055,39.837013244628906
2016-07-21,40.130001068115234,39.916587829589844
2016-07-22,37.41999816894531,37.22100067138672
2016-07-25,37.779998779296875,37.57908630371094
2016-07-26,37.689998626708984,37.48956298828125
2016-07-27,37.220001220703125,37.022064208984375
2016-07-28,37.220001220703125,37.022064208984375
2016-07-29,37.2400016784668,37.04195785522461
2016-08-01,37.060001373291016,36.8629150390625
2016-08-02,36.540000915527344,36.34568405151367
2016-08-03,36.58000183105469,36.385467529296875
2016-08-04,37.29999923706055,37.10163879394531
2016-08-05,38.099998474121094,37.89738082885742
2016-08-08,37.90999984741211,37.70839309692383
2016-08-09,38.099998474121094,37.89738082885742
2016-08-10,38.06999969482422,37.86754608154297
2016-08-11,38.459999084472656,38.255470275878906
2016-08-12,38.5099983215332,38.305198669433594
2016-08-15,38.459999084472656,38.255470275878906
2016-08-16,38.380001068115234,38.17589569091797
2016-08-17,38.13999938964844,37.937171936035156
2016-08-18,38.220001220703125,38.016746520996094
2016-08-19,38.09000015258789,37.88743591308594
2016-08-22,38.11000061035156,37.90732955932617
2016-08-23,37.86000061035156,37.658660888671875
2016-08-24,37.52000045776367,37.32046890258789
2016-08-25,37.5099983215332,37.31052017211914
2016-08-26,37.650001525878906,37.44977569580078
2016-08-29,37.290000915527344,37.09169387817383
2016-08-30,37.0,36.8032341003418
2016-08-31,37.150001525878906,36.95243835449219
2016-09-01,36.83000183105469,36.63414001464844
2016-09-02,37.06999969482422,36.872859954833984
2016-09-06,37.18000030517578,36.982276916503906
2016-09-07,38.560001373291016,38.35493850708008
2016-09-08,39.27000045776367,39.061161041259766
2016-09-09,38.0099983215332,37.807861328125
2016-09-12,38.77000045776367,38.563819885253906
2016-09-13,39.86000061035156,39.64802551269531
2016-09-14,39.959999084472656,39.747493743896484
2016-09-15,40.83000183105469,40.61286926269531
2016-09-16,40.70000076293945,40.48355484008789
2016-09-19,40.0099983215332,39.79722595214844
2016-09-20,39.689998626708984,39.47892761230469
2016-09-21,40.290000915527344,40.07573699951172
2016-09-22,40.4900016784668,40.27467346191406
2016-09-23,40.06999969482422,39.85690689086914
2016-09-26,40.34000015258789,40.12547302246094
2016-09-27,41.060001373291016,40.841644287109375
2016-09-28,40.970001220703125,40.75212097167969
2016-09-29,40.38999938964844,40.17520523071289
2016-09-30,40.970001220703125,40.75212097167969
2016-10-03,40.59000015258789,40.374141693115234
2016-10-04,40.779998779296875,40.56312942504883
2016-10-05,40.439998626708984,40.22494125366211
2016-10-06,40.18000030517578,39.96632385253906
2016-10-07,39.880001068115234,39.66791915893555
2016-10-10,39.86000061035156,39.64802551269531
2016-10-11,39.189998626708984,38.98158645629883
2016-10-12,39.529998779296875,39.31977844238281
2016-10-13,39.20000076293945,38.99153518676758
2016-10-14,39.2400016784668,39.03132247924805
2016-10-17,39.47999954223633,39.27004623413086
2016-10-18,39.83000183105469,39.61818313598633
2016-10-19,40.2400016784668,40.02600860595703
2016-10-20,40.09000015258789,39.876800537109375
2016-10-21,44.150001525878906,43.91521072387695
2016-10-24,43.869998931884766,43.63669967651367
2016-10-25,43.310001373291016,43.07967758178711
2016-10-26,42.33000183105469,42.10489273071289
2016-10-27,41.689998626708984,41.468292236328125
2016-10-28,41.7599983215332,41.53792190551758
2016-10-31,41.65999984741211,41.438453674316406
2016-11-01,41.540000915527344,41.319091796875
2016-11-02,41.349998474121094,41.130096435546875
2016-11-03,41.189998626708984,40.970951080322266
2016-11-04,40.900001525878906,40.6824951171875
2016-11-07,41.279998779296875,41.06047439575195
2016-11-08,41.58000183105469,41.35887908935547
2016-11-09,41.2599983215332,41.04057693481445
2016-11-10,40.45000076293945,40.23488998413086
2016-11-11,40.08000183105469,39.86685562133789
2016-11-14,38.810001373291016,38.60361099243164
2016-11-15,38.939998626708984,38.73291778564453
2016-11-16,39.06999969482422,38.86222457885742
2016-11-17,39.880001068115234,39.66791915893555
2016-11-18,40.08000183105469,39.86685562133789
2016-11-21,40.630001068115234,40.41393280029297
2016-11-22,40.33000183105469,40.11552810668945
2016-11-23,40.04999923706055,39.837013244628906
2016-11-25,40.2599983215332,40.045894622802734
2016-11-28,39.959999084472656,39.747493743896484
2016-11-29,39.88999938964844,39.67786407470703
2016-11-30,39.279998779296875,39.071109771728516
2016-12-01,38.34000015258789,38.1361083984375
2016-12-02,38.619998931884766,38.41461944580078
2016-12-05,38.9900016784668,38.782649993896484
2016-12-06,38.97999954223633,38.772701263427734
2016-12-07,39.45000076293945,39.240203857421875
2016-12-08,39.61000061035156,39.39935302734375
2016-12-09,39.650001525878906,39.43914031982422
2016-12-12,39.43000030517578,39.22031021118164
2016-12-13,39.43000030517578,39.22031021118164
2016-12-14,39.54999923706055,39.33967208862305
2016-12-15,39.540000915527344,39.32972717285156
2016-12-16,39.31999969482422,39.110897064208984
2016-12-19,39.439998626708984,39.230255126953125
2016-12-20,39.7400016784668,39.528663635253906
2016-12-21,40.09000015258789,39.876800537109375
2016-12-22,39.68000030517578,39.4689826965332
2016-12-23,39.58000183105469,39.3695182800293
2016-12-27,39.720001220703125,39.50876998901367
2016-12-28,39.56999969482422,39.35956954956055
2016-12-29,39.959999084472656,39.747493743896484
2016-12-30,39.470001220703125,39.260101318359375
2017-01-03,40.25,40.03594970703125
2017-01-04,41.0,40.78196334838867
2017-01-05,41.060001373291016,40.841644287109375
2017-01-06,41.45000076293945,41.22956848144531
2017-01-09,41.400001525878906,41.17983627319336
2017-01-10,41.08000183105469,40.86153793334961
2017-01-11,41.279998779296875,41.06047439575195
2017-01-12,41.560001373291016,41.338985443115234
2017-01-13,41.599998474121094,41.37876892089844
2017-01-17,41.27000045776367,41.0505256652832
2017-01-18,41.349998474121094,41.130096435546875
2017-01-19,41.27000045776367,41.0505256652832
2017-01-20,41.689998626708984,41.468292236328125
2017-01-23,41.619998931884766,41.39866256713867
2017-01-24,41.959999084472656,41.73685836791992
2017-01-25,41.709999084472656,41.48818588256836
2017-01-26,41.5,41.27930450439453
2017-01-27,40.27000045776367,40.055843353271484
2017-01-30,39.86000061035156,39.64802551269531
2017-01-31,39.779998779296875,39.568450927734375
2017-02-01,39.310001373291016,39.1009521484375
2017-02-02,39.58000183105469,39.3695182800293
2017-02-03,39.59000015258789,39.37946319580078
2017-02-06,39.7400016784668,39.528663635253906
2017-02-07,40.02000045776367,39.80717468261719
2017-02-08,40.880001068115234,40.662601470947266
2017-02-09,40.83000183105469,40.61286926269531
2017-02-10,40.58000183105469,40.36419677734375
2017-02-13,41.16999816894531,40.951053619384766
2017-02-14,41.619998931884766,41.39866256713867
2017-02-15,41.869998931884766,41.647335052490234
2017-02-16,42.150001525878906,41.92584991455078
2017-02-17,41.959999084472656,41.73685836791992
2017-02-21,42.43000030517578,42.2043571472168
2017-02-22,42.41999816894531,42.19440841674805
2017-02-23,42.529998779296875,42.30382537841797
2017-02-24,43.06999969482422,42.84095001220703
2017-02-27,42.63999938964844,42.413238525390625
2017-02-28,42.0,41.776641845703125
2017-03-01,42.43000030517578,42.2043571472168
2017-03-02,42.77000045776367,42.54254913330078
2017-03-03,43.029998779296875,42.80116653442383
2017-03-06,42.869998931884766,42.64201354980469
2017-03-07,42.88999938964844,42.66191101074219
2017-03-08,42.790000915527344,42.562442779541016
2017-03-09,42.91999816894531,42.691749572753906
2017-03-10,42.9900016784668,42.761383056640625
2017-03-13,42.59000015258789,42.36350631713867
2017-03-14,42.099998474121094,41.8761100769043
2017-03-15,42.38999938964844,42.16456985473633
2017-03-16,42.400001525878906,42.17451858520508
2017-03-17,43.08000183105469,42.85090255737305
2017-03-20,43.15999984741211,42.93047332763672
2017-03-21,42.63999938964844,42.413238525390625
2017-03-22,43.189998626708984,42.9603157043457
2017-03-23,43.13999938964844,42.910579681396484
2017-03-24,43.130001068115234,42.900634765625
2017-03-27,43.08000183105469,42.85090255737305
2017-03-28,43.150001525878906,42.920528411865234
2017-03-29,43.2400016784668,43.01005172729492
2017-03-30,43.540000915527344,43.30845260620117
2017-03-31,43.02000045776367,42.791221618652344
2017-04-03,42.630001068115234,42.403297424316406
2017-04-04,42.720001220703125,42.49281692504883
2017-04-05,42.88999938964844,42.66191101074219
2017-04-06,42.900001525878906,42.67185974121094
2017-04-07,43.040000915527344,42.81111526489258
2017-04-10,43.04999923706055,42.82106018066406
2017-04-11,42.689998626708984,42.46297073364258
2017-04-12,42.4900016784668,42.2640380859375
2017-04-13,42.54999923706055,42.3237190246582
2017-04-17,43.099998474121094,42.870792388916016
2017-04-18,43.09000015258789,42.86084747314453
2017-04-19,43.29999923706055,43.06972885131836
2017-04-20,43.689998626708984,43.45765686035156
2017-04-21,43.810001373291016,43.57701873779297
2017-04-24,44.27000045776367,44.03457260131836
2017-04-25,44.709999084472656,44.472232818603516
2017-04-26,44.40999984741211,44.173828125
2017-04-27,47.150001525878906,46.89925765991211
2017-04-28,47.720001220703125,47.466224670410156
2017-05-01,47.540000915527344,47.28718566894531
2017-05-02,49.04999923706055,48.78915023803711
2017-05-03,49.02000045776367,48.75931167602539
2017-05-04,48.90999984741211,48.649898529052734
2017-05-05,49.29999923706055,49.03782272338867
2017-05-08,49.16999816894531,48.908512115478516
2017-05-09,49.220001220703125,48.958248138427734
2017-05-10,49.790000915527344,49.52521514892578
2017-05-11,49.70000076293945,49.43569564819336
2017-05-12,49.369998931884766,49.10744857788086
2017-05-15,49.77000045776367,49.50532531738281
2017-05-16,50.34000015258789,50.07229232788086
2017-05-17,49.04999923706055,48.78915023803711
2017-05-18,49.11000061035156,48.84883499145508
2017-05-19,49.38999938964844,49.127342224121094
2017-05-22,49.77000045776367,49.50532531738281
2017-05-23,50.130001068115234,49.86341094970703
2017-05-24,51.04999923706055,50.77851486206055
2017-05-25,50.93000030517578,50.65915298461914
2017-05-26,51.189998626708984,50.91777038574219
2017-05-30,51.060001373291016,50.78846740722656
2017-05-31,52.209999084472656,51.93234634399414
2017-06-01,53.15999984741211,52.877296447753906
2017-06-02,53.52000045776367,53.23537826538086
2017-06-05,53.79999923706055,53.51388931274414
2017-06-06,53.400001525878906,53.11602020263672
2017-06-07,53.849998474121094,53.56362533569336
2017-06-08,54.38999938964844,54.10075378417969
2017-06-09,53.400001525878906,53.11602020263672
2017-06-12,52.15999984741211,51.88261413574219
2017-06-13,52.060001373291016,51.783145904541016
2017-06-14,51.900001525878906,51.62399673461914
2017-06-15,52.290000915527344,52.011924743652344
2017-06-16,51.84000015258789,51.56431579589844
2017-06-19,52.93000030517578,52.64851760864258
2017-06-20,52.52000045776367,52.240699768066406
2017-06-21,53.540000915527344,53.25527572631836
2017-06-22,53.869998931884766,53.583518981933594
2017-06-23,54.33000183105469,54.04107666015625
2017-06-26,53.7400016784668,53.4542121887207
2017-06-27,52.72999954223633,52.449581146240234
2017-06-28,54.38999938964844,54.10075378417969
2017-06-29,53.41999816894531,53.13591003417969
2017-06-30,53.66999816894531,53.38458251953125
2017-07-03,52.869998931884766,52.588836669921875
2017-07-05,54.61000061035156,54.319583892822266
2017-07-06,53.470001220703125,53.18564987182617
2017-07-07,53.970001220703125,53.682987213134766
2017-07-10,54.939998626708984,54.6478271484375
2017-07-11,54.7599983215332,54.468788146972656
2017-07-12,56.54999923706055,56.249263763427734
2017-07-13,57.900001525878906,57.59209060668945
2017-07-14,57.15999984741211,56.85602569580078
2017-07-17,57.58000183105469,57.2737922668457
2017-07-18,58.959999084472656,58.64645004272461
2017-07-19,58.349998474121094,58.03969192504883
2017-07-20,59.09000015258789,58.775760650634766
2017-07-21,58.66999816894531,58.357994079589844
2017-07-24,58.58000183105469,58.26847457885742
2017-07-25,58.2599983215332,57.95016860961914
2017-07-26,58.790000915527344,58.47735595703125
2017-07-27,60.150001525878906,59.83012390136719
2017-07-28,59.20000076293945,58.88517379760742
2017-07-31,58.54999923706055,58.23862838745117
2017-08-01,59.34000015258789,59.02442932128906
2017-08-02,59.119998931884766,58.80559539794922
2017-08-03,58.41999816894531,58.10932159423828
2017-08-04,58.86000061035156,58.5469856262207
2017-08-07,59.619998931884766,59.302940368652344
2017-08-08,59.47999954223633,59.1636848449707
2017-08-09,59.66999816894531,59.3526725769043
2017-08-10,58.02000045776367,57.71145248413086
2017-08-11,58.040000915527344,57.73134231567383
2017-08-14,59.060001373291016,58.74592208862305
2017-08-15,59.689998626708984,59.37256622314453
2017-08-16,60.290000915527344,59.96937942504883
2017-08-17,59.290000915527344,58.97469711303711
2017-08-18,59.439998626708984,59.123897552490234
2017-08-21,59.400001525878906,59.084110260009766
2017-08-22,60.84000015258789,60.516456604003906
2017-08-23,60.04999923706055,59.73065185546875
2017-08-24,60.0,59.6809196472168
2017-08-25,59.970001220703125,59.65108108520508
2017-08-28,60.529998779296875,60.208099365234375
2017-08-29,61.0099983215332,60.685546875
2017-08-30,61.77000045776367,61.441505432128906
2017-08-31,61.68000030517578,61.351985931396484
2017-09-01,61.459999084472656,61.133155822753906
2017-09-05,61.27000045776367,60.94416809082031
2017-09-06,61.2400016784668,60.914329528808594
2017-09-07,62.0,61.670284271240234
2017-09-08,61.130001068115234,60.80491256713867
2017-09-11,62.63999938964844,62.30687713623047
2017-09-12,62.560001373291016,62.22731018066406
2017-09-13,62.040000915527344,61.7100715637207
2017-09-14,62.2400016784668,61.90900802612305
2017-09-15,62.5,62.167625427246094
2017-09-18,62.91999816894531,62.58538818359375
2017-09-19,63.83000183105469,63.49055480957031
2017-09-20,64.73999786376953,64.39571380615234
2017-09-21,64.62999725341797,64.28629302978516
2017-09-22,65.08000183105469,64.7339096069336
2017-09-25,63.5,63.16230773925781
2017-09-26,62.939998626708984,62.60528564453125
2017-09-27,63.33000183105469,62.99321365356445
2017-09-28,63.93000030517578,63.59001922607422
2017-09-29,64.02999877929688,63.68948745727539
2017-10-02,64.18000030517578,63.83869171142578
2017-10-03,64.22000122070312,63.87847900390625
2017-10-04,64.01000213623047,63.66959762573242
2017-10-05,65.81999969482422,65.46996307373047
2017-10-06,66.05000305175781,65.6987533569336
2017-10-09,66.2300033569336,65.87779235839844
2017-10-10,66.04000091552734,65.68880462646484
2017-10-11,67.77999877929688,67.41954803466797
2017-10-12,68.86000061035156,68.4937973022461
2017-10-13,68.66000366210938,68.29486846923828
2017-10-16,67.30999755859375,66.95204162597656
2017-10-17,66.66999816894531,66.31544494628906
2017-10-18,67.26000213623047,66.90231323242188
2017-10-19,67.25,66.89236450195312
2017-10-20,70.97000122070312,70.59258270263672
2017-10-23,69.80000305175781,69.42880249023438
2017-10-24,70.20999908447266,69.83662414550781
2017-10-25,71.0199966430664,70.6423110961914
2017-10-26,71.33999633789062,70.96061706542969
2017-10-27,71.05999755859375,70.68209838867188
2017-10-30,71.1500015258789,70.7716293334961
2017-10-31,72.55999755859375,72.17412567138672
2017-11-01,72.37999725341797,71.99507904052734
2017-11-02,72.25,71.86576843261719
2017-11-03,73.38999938964844,72.99971008300781
2017-11-06,74.73999786376953,74.342529296875
2017-11-07,74.41000366210938,74.01429748535156
2017-11-08,74.7699966430664,74.37237548828125
2017-11-09,74.0999984741211,73.7059326171875
2017-11-10,73.98999786376953,73.59651184082031
2017-11-13,74.02999877929688,73.63630676269531
2017-11-14,74.48999786376953,74.09385681152344
2017-11-15,73.43000030517578,73.03950500488281
2017-11-16,77.69999694824219,77.28678894042969
2017-11-17,76.37999725341797,75.97380828857422
2017-11-20,76.01000213623047,75.60578155517578
2017-11-21,77.7699966430664,77.35641479492188
2017-11-22,77.56999969482422,77.15747833251953
2017-11-24,78.56999969482422,78.15216827392578
2017-11-27,77.83999633789062,77.4260482788086
2017-11-28,77.79000091552734,77.37631225585938
2017-11-29,73.25,72.86045837402344
2017-11-30,75.7300033569336,75.3272705078125
2017-12-01,75.30000305175781,74.89955139160156
2017-12-04,70.97000122070312,70.59258270263672
2017-12-05,71.19999694824219,70.82135772705078
2017-12-06,73.13999938964844,72.75103759765625
2017-12-07,73.69000244140625,73.2981185913086
2017-12-08,72.91000366210938,72.52227020263672
2017-12-11,73.29000091552734,72.9002456665039
2017-12-12,73.62000274658203,73.2284927368164
2017-12-13,74.08999633789062,73.69598388671875
2017-12-14,74.26000213623047,73.8650894165039
2017-12-15,75.6500015258789,75.24769592285156
2017-12-18,75.31999969482422,74.91944122314453
2017-12-19,74.5,74.10380554199219
2017-12-20,74.0,73.6064682006836
2017-12-21,74.0199966430664,73.62635803222656
2017-12-22,73.88999938964844,73.49705505371094
2017-12-26,74.2699966430664,73.87503051757812
2017-12-27,74.58999633789062,74.19332885742188
2017-12-28,74.16999816894531,73.77555847167969
2017-12-29,73.62000274658203,73.2284927368164
2018-01-02,73.83999633789062,73.44731903076172
2018-01-03,76.75,76.34184265136719
2018-01-04,76.7300033569336,76.32195281982422
2018-01-05,78.69999694824219,78.2814712524414
2018-01-08,79.05000305175781,78.6296157836914
2018-01-09,79.19000244140625,78.76886749267578
2018-01-10,79.37000274658203,78.94791412353516
2018-01-11,79.75,79.32588958740234
2018-01-12,80.54000091552734,80.11168670654297
2018-01-16,80.41999816894531,79.99232482910156
2018-01-17,82.47000122070312,82.03142547607422
2018-01-18,82.94000244140625,82.49893188476562
2018-01-19,83.83999633789062,83.39413452148438
2018-01-22,83.9800033569336,83.53339385986328
2018-01-23,84.20999908447266,83.76216888427734
2018-01-24,83.70999908447266,83.26483154296875
2018-01-25,84.33999633789062,83.8914794921875
2018-01-26,85.44999694824219,84.99557495117188
2018-01-29,84.30999755859375,83.86164093017578
2018-01-30,83.77999877929688,83.33445739746094
2018-01-31,85.31999969482422,84.86626434326172
2018-02-01,78.4000015258789,77.98307037353516
2018-02-02,76.56999969482422,76.16280364990234
2018-02-05,74.70500183105469,74.3077163696289
2018-02-06,75.68000030517578,75.27753448486328
2018-02-07,75.58999633789062,75.1880111694336
2018-02-08,72.31999969482422,71.9354019165039
2018-02-09,74.75,74.35247802734375
2018-02-12,75.27999877929688,74.8796615600586
2018-02-13,74.97000122070312,74.5713119506836
2018-02-14,77.2699966430664,76.85907745361328
2018-02-15,78.29499816894531,77.87862396240234
2018-02-16,78.37000274658203,77.95323181152344
2018-02-20,77.05999755859375,76.65019226074219
2018-02-21,76.51000213623047,76.1031265258789
2018-02-22,77.69999694824219,77.28678894042969
2018-02-23,79.69000244140625,79.26620483398438
2018-02-26,79.3499984741211,78.92801666259766
2018-02-27,79.45999908447266,79.03742980957031
2018-02-28,79.41000366210938,78.98770141601562
2018-03-01,78.63999938964844,78.22179412841797
2018-03-02,78.87000274658203,78.45056915283203
2018-03-05,79.06999969482422,78.64950561523438
2018-03-06,79.2300033569336,78.80865478515625
2018-03-07,79.5199966430664,79.09711456298828
2018-03-08,79.87000274658203,79.44525146484375
2018-03-09,80.70999908447266,80.2807846069336
2018-03-12,80.5999984741211,80.1713638305664
2018-03-13,80.19999694824219,79.77349090576172
2018-03-14,83.30999755859375,82.86695861816406
2018-03-15,82.56999969482422,82.13089752197266
2018-03-16,82.16000366210938,81.72307586669922
2018-03-19,80.30000305175781,79.87297058105469
2018-03-20,80.86000061035156,80.42999267578125
2018-03-21,81.04000091552734,80.6090316772461
2018-03-22,78.55999755859375,78.14221954345703
2018-03-23,76.44000244140625,76.03349304199219
2018-03-26,78.94999694824219,78.53014373779297
2018-03-27,76.30999755859375,75.90418243408203
2018-03-28,75.05999755859375,74.66082763671875
2018-03-29,75.87000274658203,75.46652221679688
2018-04-02,75.0,74.60115051269531
2018-04-03,74.55999755859375,74.16348266601562
2018-04-04,74.77999877929688,74.38232421875
2018-04-05,76.94999694824219,76.54077911376953
2018-04-06,73.86000061035156,73.46721649169922
2018-04-09,75.19000244140625,74.79014587402344
2018-04-10,76.79000091552734,76.38162994384766
2018-04-11,76.5,76.09317779541016
2018-04-12,77.45999908447266,77.04806518554688
2018-04-13,77.2699966430664,76.85907745361328
2018-04-16,77.80000305175781,77.38626861572266
2018-04-17,80.02999877929688,79.60440063476562
2018-04-18,80.33999633789062,79.91275024414062
2018-04-19,79.68000030517578,79.25625610351562
2018-04-20,78.7300033569336,78.31131744384766
2018-04-23,78.20999908447266,77.79408264160156
2018-04-24,75.27999877929688,74.8796615600586
2018-04-25,74.0,73.6064682006836
2018-04-26,76.02999877929688,75.62567138671875
2018-04-27,74.12999725341797,73.73577117919922
2018-04-30,74.61000061035156,74.21322631835938
2018-05-01,74.80999755859375,74.41216278076172
2018-05-02,71.7300033569336,71.34854888916016
2018-05-03,73.44999694824219,73.05939483642578
2018-05-04,73.98999786376953,73.59651184082031
2018-05-07,74.66999816894531,74.27290344238281
2018-05-08,75.72000122070312,75.31732177734375
2018-05-09,77.01000213623047,76.6004638671875
2018-05-10,79.19000244140625,78.76886749267578
2018-05-11,79.19999694824219,78.77880859375
2018-05-14,78.80999755859375,78.39088439941406
2018-05-15,77.79000091552734,77.37631225585938
2018-05-16,77.81999969482422,77.40615844726562
2018-05-17,79.19000244140625,78.76886749267578
2018-05-18,80.79000091552734,80.36035919189453
2018-05-21,81.25,80.81791687011719
2018-05-22,80.62000274658203,80.1912612915039
2018-05-23,81.08000183105469,80.64881896972656
2018-05-24,81.55000305175781,81.11631774902344
2018-05-25,80.95999908447266,80.52944946289062
2018-05-29,80.7300033569336,80.3006820678711
2018-05-30,81.5999984741211,81.16605377197266
2018-05-31,82.06999969482422,81.63355255126953
2018-06-01,83.25,82.8072738647461
2018-06-04,84.56999969482422,84.12025451660156
2018-06-05,85.05000305175781,84.59770965576172
2018-06-06,85.20999908447266,84.7568588256836
2018-06-07,83.2699966430664,82.82716369628906
2018-06-08,84.33999633789062,83.8914794921875
2018-06-11,83.88999938964844,83.44387817382812
2018-06-12,85.0199966430664,84.56786346435547
2018-06-13,85.2699966430664,84.8165283203125
2018-06-14,85.61000061035156,85.15473175048828
2018-06-15,85.30999755859375,84.85631561279297
2018-06-18,85.8499984741211,85.39344787597656
2018-06-19,84.5199966430664,84.07051849365234
2018-06-20,85.94999694824219,85.49291229248047
2018-06-21,85.97000122070312,85.5128173828125
2018-06-22,85.12000274658203,84.6673355102539
2018-06-25,82.19000244140625,81.75292205810547
2018-06-26,82.31999969482422,81.88221740722656
2018-06-27,80.66999816894531,80.24099731445312
2018-06-28,82.4800033569336,82.04137420654297
2018-06-29,83.2699966430664,82.82716369628906
2018-07-02,83.88999938964844,83.44387817382812
2018-07-03,83.2699966430664,82.82716369628906
2018-07-05,84.58999633789062,84.14014434814453
2018-07-06,85.94000244140625,85.48297119140625
2018-07-09,86.2300033569336,85.77143096923828
2018-07-10,86.16999816894531,85.71174621582031
2018-07-11,86.25,85.79132080078125
2018-07-12,89.12999725341797,88.656005859375
2018-07-13,87.98999786376953,87.52206420898438
2018-07-16,87.7699966430664,87.30323791503906
2018-07-17,88.58000183105469,88.10893249511719
2018-07-18,88.22000122070312,87.75084686279297
2018-07-19,87.37999725341797,86.91531372070312
2018-07-20,87.47000122070312,87.00482940673828
2018-07-23,89.23999786376953,88.76541900634766
2018-07-24,91.41000366210938,90.92388153076172
2018-07-25,91.37000274658203,90.88409423828125
2018-07-26,89.13999938964844,88.66595458984375
2018-07-27,85.45999908447266,85.00552368164062
2018-07-30,82.38999938964844,81.95185089111328
2018-07-31,82.13999938964844,81.70317840576172
2018-08-01,83.45999908447266,83.01615905761719
2018-08-02,85.52999877929688,85.07514953613281
2018-08-03,85.19000244140625,84.7369613647461
2018-08-06,85.7699966430664,85.31387329101562
2018-08-07,86.30000305175781,85.84105682373047
2018-08-08,86.73999786376953,86.27871704101562
2018-08-09,87.16999816894531,86.70642852783203
2018-08-10,87.01000213623047,86.54727935791016
2018-08-13,87.01000213623047,86.54727935791016
2018-08-14,87.7300033569336,87.26345825195312
2018-08-15,85.19000244140625,84.7369613647461
2018-08-16,85.31999969482422,84.86626434326172
2018-08-17,85.44999694824219,84.99557495117188
2018-08-20,85.75,85.29397583007812
2018-08-21,86.22000122070312,85.76148223876953
2018-08-22,86.94999694824219,86.48760223388672
2018-08-23,87.37999725341797,86.91531372070312
2018-08-24,90.0999984741211,89.62084197998047
2018-08-27,89.97000122070312,89.49154663085938
2018-08-28,90.61000061035156,90.12813568115234
2018-08-29,92.62000274658203,92.12745666503906
2018-08-30,92.08999633789062,91.60026550292969
2018-08-31,92.33000183105469,91.8389892578125
2018-09-04,93.06999969482422,92.57505798339844
2018-09-05,89.05000305175781,88.5764389038086
2018-09-06,89.0,88.52670288085938
2018-09-07,88.81999969482422,88.34765625
2018-09-10,89.80000305175781,89.32244873046875
2018-09-11,91.43000030517578,90.94377136230469
2018-09-12,92.4000015258789,91.90861511230469
2018-09-13,92.19000244140625,91.69973754882812
2018-09-14,90.77999877929688,90.29723358154297
2018-09-17,88.68000030517578,88.20840454101562
2018-09-18,89.72000122070312,89.24286651611328
2018-09-19,89.30999755859375,88.83504486083984
2018-09-20,90.5999984741211,90.1181869506836
2018-09-21,90.62000274658203,90.1380844116211
2018-09-24,89.62000274658203,89.14340209960938
2018-09-25,90.04000091552734,89.56116485595703
2018-09-26,89.8499984741211,89.37217712402344
2018-09-27,88.98999786376953,88.5167465209961
2018-09-28,87.83999633789062,87.37286376953125
2018-10-01,87.55000305175781,87.08441162109375
2018-10-02,86.68000030517578,86.21903228759766
2018-10-03,87.1500015258789,86.68653869628906
2018-10-04,84.33999633789062,83.8914794921875
2018-10-05,83.18000030517578,82.7376480102539
2018-10-08,80.55000305175781,80.12163543701172
2018-10-09,80.02999877929688,79.60440063476562
2018-10-10,75.44999694824219,75.04875183105469
2018-10-11,75.9000015258789,75.49636840820312
2018-10-12,79.02999877929688,78.6097183227539
2018-10-15,77.2300033569336,76.81929779052734
2018-10-16,80.61000061035156,80.18131256103516
2018-10-17,80.08999633789062,79.66407775878906
2018-10-18,77.4800033569336,77.06796264648438
2018-10-19,84.77999877929688,84.32913970947266
2018-10-22,85.43000030517578,84.9756851196289
2018-10-23,87.56999969482422,87.10430145263672
2018-10-24,83.08999633789062,82.64812469482422
2018-10-25,85.95999908447266,85.50286865234375
2018-10-26,83.37000274658203,82.92664337158203
2018-10-29,81.1500015258789,80.71844482421875
2018-10-30,80.9000015258789,80.46977996826172
2018-10-31,84.19000244140625,83.74227905273438
2018-11-01,85.04000091552734,84.58776092529297
2018-11-02,83.51000213623047,83.06590270996094
2018-11-05,84.05000305175781,83.60301971435547
2018-11-06,84.69000244140625,84.2396240234375
2018-11-07,88.2300033569336,87.76079559326172
2018-11-08,89.04000091552734,88.56649017333984
2018-11-09,86.76000213623047,86.29861450195312
2018-11-12,83.77999877929688,83.33445739746094
2018-11-13,83.77999877929688,83.33445739746094
2018-11-14,84.05000305175781,83.60301971435547
2018-11-15,86.73999786376953,86.27871704101562
2018-11-16,85.05999755859375,84.60765075683594
2018-11-19,80.12999725341797,79.70386505126953
2018-11-20,77.76000213623047,77.34647369384766
2018-11-21,79.12000274658203,78.6992416381836
2018-11-23,77.94999694824219,77.53545379638672
2018-11-26,80.86000061035156,80.42999267578125
2018-11-27,81.97000122070312,81.5340805053711
2018-11-28,85.9800033569336,85.52276611328125
2018-11-29,84.26000213623047,83.8119125366211
2018-11-30,85.80999755859375,85.3536605834961
2018-12-03,87.9800033569336,87.51212310791016
2018-12-04,84.19000244140625,83.74227905273438
2018-12-06,85.81999969482422,85.36360931396484
2018-12-07,82.7699966430664,82.32982635498047
2018-12-10,84.93000030517578,84.47834014892578
2018-12-11,85.51000213623047,85.05525970458984
2018-12-12,86.5,86.03999328613281
2018-12-13,87.55999755859375,87.09435272216797
2018-12-14,85.91999816894531,85.46307373046875
2018-12-17,84.0999984741211,83.65275573730469
2018-12-18,85.51000213623047,85.05525970458984
2018-12-19,84.02999877929688,83.58312225341797
2018-12-20,82.44000244140625,82.0015869140625
2018-12-21,78.13999938964844,77.72444915771484
2018-12-24,77.05999755859375,76.65019226074219
2018-12-26,82.80000305175781,82.35967254638672
2018-12-27,84.30999755859375,83.86164093017578
2018-12-28,83.26000213623047,82.81722259521484
2018-12-31,84.08999633789062,83.64280700683594
2019-01-02,85.75,85.29397583007812
2019-01-03,82.08999633789062,81.6534423828125
2019-01-04,86.2699966430664,85.81121063232422
2019-01-07,86.93000030517578,86.46771240234375
2019-01-08,88.69999694824219,88.2282943725586
2019-01-09,89.55000305175781,89.07377624511719
2019-01-10,90.69999694824219,90.2176513671875
2019-01-11,90.6500015258789,90.16792297363281
2019-01-14,90.43000030517578,89.9490966796875
2019-01-15,91.5999984741211,91.11286926269531
2019-01-16,90.55000305175781,90.0684585571289
2019-01-17,90.4000015258789,89.91925811767578
2019-01-18,91.12000274658203,90.63542938232422
2019-01-22,89.94000244140625,89.46170043945312
2019-01-23,90.5,90.01871490478516
2019-01-24,92.19999694824219,91.70967864990234
2019-01-25,94.27999877929688,93.77861785888672
2019-01-28,92.30000305175781,91.80915069580078
2019-01-29,91.12000274658203,90.63542938232422
2019-01-30,92.41999816894531,91.92851257324219
2019-01-31,88.76000213623047,88.28797149658203
2019-02-01,90.01000213623047,89.53133392333984
2019-02-04,91.66000366210938,91.17256164550781
2019-02-05,92.2699966430664,91.77930450439453
2019-02-06,92.25,91.75941467285156
2019-02-07,90.8499984741211,90.36685943603516
2019-02-08,91.87000274658203,91.38143920898438
2019-02-11,92.69000244140625,92.19707489013672
2019-02-12,94.37999725341797,93.87808227539062
2019-02-13,94.01000213623047,93.51005554199219
2019-02-14,94.41999816894531,93.9178695678711
2019-02-15,94.91000366210938,94.4052734375
2019-02-19,95.0199966430664,94.51467895507812
2019-02-20,94.7300033569336,94.22623443603516
2019-02-21,94.95999908447266,94.45500183105469
2019-02-22,95.9800033569336,95.4695816040039
2019-02-25,96.69999694824219,96.18574523925781
2019-02-26,96.58999633789062,96.07632446289062
2019-02-27,97.86000061035156,97.3395767211914
2019-02-28,98.06999969482422,97.5484619140625
2019-03-01,98.80000305175781,98.27458190917969
2019-03-04,96.56999969482422,96.05643463134766
2019-03-05,96.52999877929688,96.01665496826172
2019-03-06,96.45999908447266,95.94702911376953
2019-03-07,96.20999908447266,95.69834899902344
2019-03-08,95.69000244140625,95.18112182617188
2019-03-11,97.44999694824219,96.93175506591797
2019-03-12,97.5,96.98149108886719
2019-03-13,99.30999755859375,98.78186798095703
2019-03-14,99.02999877929688,98.50335693359375
2019-03-15,100.7300033569336,100.19432067871094
2019-03-18,100.2699966430664,99.73676300048828
2019-03-19,101.54000091552734,101.00001525878906
2019-03-20,102.30999755859375,101.76591491699219
2019-03-21,104.1500015258789,103.59613037109375
2019-03-22,101.2699966430664,100.7314453125
2019-03-25,101.55000305175781,101.00996398925781
2019-03-26,103.1500015258789,102.60144805908203
2019-03-27,103.06999969482422,102.5218734741211
2019-03-28,103.86000061035156,103.30767822265625
2019-03-29,103.83999633789062,103.28778076171875
2019-04-01,105.55000305175781,104.98869323730469
2019-04-02,105.2300033569336,104.6703872680664
2019-04-03,104.69000244140625,104.13326263427734
2019-04-04,104.45999908447266,103.90447998046875
2019-04-05,105.7300033569336,105.16773223876953
2019-04-08,106.56999969482422,106.00325775146484
2019-04-09,106.93000030517578,106.3613510131836
2019-04-10,107.51000213623047,106.93826293945312
2019-04-11,106.45999908447266,105.89384460449219
2019-04-12,108.4800033569336,107.90310668945312
2019-04-15,108.13999938964844,107.56491088867188
2019-04-16,108.19999694824219,107.62459564208984
2019-04-17,108.80999755859375,108.2313461303711
2019-04-18,107.36000061035156,106.7890625
2019-04-22,106.80999755859375,106.24198150634766
2019-04-23,106.9000015258789,106.33151245117188
2019-04-24,107.22000122070312,106.6498031616211
2019-04-25,110.22000122070312,109.63385009765625
2019-04-26,110.55999755859375,109.97203826904297
2019-04-29,112.44000244140625,111.84204864501953
2019-04-30,112.7699966430664,112.1702880859375
2019-05-01,110.94000244140625,110.35002136230469
2019-05-02,109.69999694824219,109.11660766601562
2019-05-03,111.95999908447266,111.36459350585938
2019-05-06,110.8499984741211,110.26050567626953
2019-05-07,108.94999694824219,108.37060546875
2019-05-08,109.06999969482422,108.4899673461914
2019-05-09,109.7300033569336,109.1464614868164
2019-05-10,110.41000366210938,109.82284545898438
2019-05-13,106.83000183105469,106.26187896728516
2019-05-14,109.08999633789062,108.50985717773438
2019-05-15,111.5,110.90704345703125
2019-05-16,113.87000274658203,113.26444244384766
2019-05-17,112.80000305175781,112.20013427734375
2019-05-20,112.1500015258789,111.5535888671875
2019-05-21,112.43000030517578,111.83209991455078
2019-05-22,112.47000122070312,111.87188720703125
2019-05-23,109.9000015258789,109.31555938720703
2019-05-24,109.8499984741211,109.26581573486328
2019-05-28,111.79000091552734,111.19549560546875
2019-05-29,110.08000183105469,109.49459075927734
2019-05-30,111.41000366210938,110.81752014160156
2019-05-31,109.75,109.16635131835938
2019-06-03,105.5199966430664,104.9588394165039
2019-06-04,108.7300033569336,108.15177154541016
2019-06-05,110.7699966430664,110.18092346191406
2019-06-06,111.77999877929688,111.185546875
2019-06-07,114.0199966430664,113.41363525390625
2019-06-10,115.62000274658203,115.00514221191406
2019-06-11,114.5999984741211,113.99055480957031
2019-06-12,114.5,113.8910903930664
2019-06-13,115.72000122070312,115.10459899902344
2019-06-14,116.16999816894531,115.55220794677734
2019-06-17,117.16000366210938,116.53694915771484
2019-06-18,115.9800033569336,115.36322784423828
2019-06-19,117.13999938964844,116.51705169677734
2019-06-20,118.79000091552734,118.15827178955078
2019-06-21,116.20999908447266,115.59199523925781
2019-06-24,116.5,115.88045501708984
2019-06-25,114.44000244140625,113.83140563964844
2019-06-26,114.1500015258789,113.54295349121094
2019-06-27,113.66999816894531,113.06549835205078
2019-06-28,114.45999908447266,113.85130310058594
2019-07-01,115.02999877929688,114.41827392578125
2019-07-02,116.16999816894531,115.55220794677734
2019-07-03,117.68000030517578,117.0541763305664
2019-07-05,117.16000366210938,116.53694915771484
2019-07-08,116.94999694824219,116.32805633544922
2019-07-09,118.37000274658203,117.74050903320312
2019-07-10,119.63999938964844,119.00375366210938
2019-07-11,120.6500015258789,120.00838470458984
2019-07-12,120.12000274658203,119.481201171875
2019-07-15,120.9000015258789,120.25704956054688
2019-07-16,119.70999908447266,119.07337951660156
2019-07-17,118.80999755859375,118.17816162109375
2019-07-18,119.87000274658203,119.23253631591797
2019-07-19,118.62999725341797,117.9991226196289
2019-07-22,118.69000244140625,118.05880737304688
2019-07-23,120.22000122070312,119.58067321777344
2019-07-24,121.30000305175781,120.6549301147461
2019-07-25,115.12000274658203,114.50779724121094
2019-07-26,115.48999786376953,114.87582397460938
2019-07-29,111.44999694824219,110.85730743408203
2019-07-30,112.04000091552734,111.44417572021484
2019-07-31,110.4000015258789,109.81289672851562
2019-08-01,110.80000305175781,110.21076965332031
2019-08-02,107.08999633789062,106.52049255371094
2019-08-05,103.5999984741211,103.0490493774414
2019-08-06,105.02999877929688,104.47145080566406
2019-08-07,106.62999725341797,106.06293487548828
2019-08-08,106.79000091552734,106.22209167480469
2019-08-09,104.81999969482422,104.26256561279297
2019-08-12,102.72000122070312,102.17373657226562
2019-08-13,106.04000091552734,105.47608184814453
2019-08-14,103.2699966430664,102.72080993652344
2019-08-15,104.94999694824219,104.3918685913086
2019-08-16,106.16000366210938,105.59544372558594
2019-08-19,107.66999816894531,107.097412109375
2019-08-20,107.37000274658203,106.79901123046875
2019-08-21,109.81999969482422,109.23597717285156
2019-08-22,108.7699966430664,108.19155883789062
2019-08-23,106.04000091552734,105.47608184814453
2019-08-26,107.66000366210938,107.08747100830078
2019-08-27,107.44999694824219,106.87857818603516
2019-08-28,107.47000122070312,106.89847564697266
2019-08-29,109.20999908447266,108.62921905517578
2019-08-30,109.05000305175781,108.47007751464844
2019-09-03,106.75,106.18230438232422
2019-09-04,108.7300033569336,108.15177154541016
2019-09-05,111.45999908447266,110.86725616455078
2019-09-06,110.05000305175781,109.46475219726562
2019-09-09,105.43000030517578,104.86932373046875
2019-09-10,103.05000305175781,102.50198364257812
2019-09-11,104.0199966430664,103.4668197631836
2019-09-12,107.0999984741211,106.53044128417969
2019-09-13,107.0,106.43096923828125
2019-09-16,106.5199966430664,105.95352935791016
2019-09-17,107.5,106.92831420898438
2019-09-18,105.5999984741211,105.03842163085938
2019-09-19,106.12000274658203,105.55565643310547
2019-09-20,104.63999938964844,104.08352661132812
2019-09-23,105.11000061035156,104.551025390625
2019-09-24,103.69000244140625,103.13858032226562
2019-09-25,104.13999938964844,103.586181640625
2019-09-26,104.55000305175781,103.99400329589844
2019-09-27,102.19999694824219,101.656494140625
2019-09-30,103.58999633789062,103.03910064697266
2019-10-01,102.52999877929688,101.98474884033203
2019-10-02,99.7300033569336,99.19963836669922
2019-10-03,101.02999877929688,100.49272155761719
2019-10-04,102.79000091552734,102.24336242675781
2019-10-07,101.62000274658203,101.07958984375
2019-10-08,99.33000183105469,98.80176544189453
2019-10-09,99.88999938964844,99.3587875366211
2019-10-10,100.54000091552734,100.00532531738281
2019-10-11,101.58000183105469,101.03980255126953
2019-10-14,101.75,101.20889282226562
2019-10-15,103.58999633789062,103.03910064697266
2019-10-16,103.08999633789062,102.54176330566406
2019-10-17,103.62999725341797,103.07889556884766
2019-10-18,101.22000122070312,100.68171691894531
2019-10-21,101.44000244140625,100.90054321289062
2019-10-22,97.36000061035156,96.84224700927734
2019-10-23,96.63999938964844,96.12606811523438
2019-10-24,104.91000366210938,104.35208892822266
2019-10-25,107.19000244140625,106.61996459960938
2019-10-28,106.5999984741211,106.03309631347656
2019-10-29,105.0,104.44161224365234
2019-10-30,106.5,105.93363952636719
2019-10-31,104.0999984741211,103.54639434814453
2019-11-01,104.9800033569336,104.42172241210938
2019-11-04,102.80999755859375,102.26325225830078
2019-11-05,100.98999786376953,100.45293426513672
2019-11-06,100.62999725341797,100.0948486328125
2019-11-07,100.47000122070312,99.93569946289062
2019-11-08,101.41999816894531,100.88064575195312
2019-11-11,102.66999816894531,102.12399291992188
2019-11-12,102.02999877929688,101.4874038696289
2019-11-13,102.12000274658203,101.57693481445312
2019-11-14,103.7300033569336,103.1783676147461
2019-11-15,104.19999694824219,103.64586639404297
2019-11-18,103.66000366210938,103.1087417602539
2019-11-19,104.94999694824219,104.3918685913086
2019-11-20,104.08999633789062,103.53644561767578
2019-11-21,102.55000305175781,102.00464630126953
2019-11-22,101.7699966430664,101.2287826538086
2019-11-25,104.44999694824219,103.89453125
2019-11-26,106.19999694824219,105.63522338867188
2019-11-27,107.75,107.17698669433594
2019-11-29,108.01000213623047,107.43560791015625
2019-12-02,106.20999908447266,105.64517211914062
2019-12-03,105.58999633789062,105.02847290039062
2019-12-04,105.0,104.44161224365234
2019-12-05,104.58999633789062,104.0337905883789
2019-12-06,104.33999633789062,103.78511810302734
2019-12-09,103.77999877929688,103.22809600830078
2019-12-10,103.62000274658203,103.0689468383789
2019-12-11,105.51000213623047,104.94889831542969
2019-12-12,105.66999816894531,105.10803985595703
2019-12-13,107.6500015258789,107.07752227783203
2019-12-16,109.56999969482422,108.9873046875
2019-12-17,108.45999908447266,107.88320922851562
2019-12-18,107.83000183105469,107.25656127929688
2019-12-19,108.87999725341797,108.30097198486328
2019-12-20,108.75,108.17166137695312
2019-12-23,108.61000061035156,108.03241729736328
2019-12-24,108.69000244140625,108.11199188232422
2019-12-26,109.75,109.16635131835938
2019-12-27,109.4000015258789,108.8182144165039
2019-12-30,107.97000122070312,107.39581298828125
2019-12-31,108.16999816894531,107.5947494506836
2020-01-02,110.75,110.1610336303711
2020-01-03,108.76000213623047,108.1816177368164
2020-01-06,110.16999816894531,109.58411407470703
2020-01-07,109.66999816894531,109.0867691040039
2020-01-08,111.81999969482422,111.225341796875
2020-01-09,112.56999969482422,111.97135925292969
2020-01-10,112.93000030517578,112.32943725585938
2020-01-13,115.27999877929688,114.66693878173828
2020-01-14,114.63999938964844,114.03034210205078
2020-01-15,114.8499984741211,114.23922729492188
2020-01-16,115.4000015258789,114.78630065917969
2020-01-17,116.04000091552734,115.42290496826172
2020-01-21,116.1500015258789,115.53231048583984
2020-01-22,115.5,114.88577270507812
2020-01-23,117.88999938964844,117.2630615234375
2020-01-24,116.9800033569336,116.35790252685547
2020-01-27,115.23999786376953,114.62715148925781
2020-01-28,116.5199966430664,115.90033721923828
2020-01-29,116.66000366210938,116.03960418701172
2020-01-30,117.12000274658203,116.49716186523438
2020-01-31,113.88999938964844,113.28433990478516
2020-02-03,116.51000213623047,115.89039611816406
2020-02-04,120.08000183105469,119.44141387939453
2020-02-05,119.72000122070312,119.08332824707031
2020-02-06,119.88999938964844,119.25242614746094
2020-02-07,118.87999725341797,118.24779510498047
2020-02-10,120.05999755859375,119.42151641845703
2020-02-11,118.83999633789062,118.2080078125
2020-02-12,118.55999755859375,117.92949676513672
2020-02-13,120.51000213623047,119.86912536621094
2020-02-14,122.98999786376953,122.3359375
2020-02-18,122.2699966430664,121.61976623535156
2020-02-19,123.91000366210938,123.25104522705078
2020-02-20,122.43000030517578,121.77891540527344
2020-02-21,119.48999786376953,118.85455322265625
2020-02-24,116.44000244140625,115.8207778930664
2020-02-25,109.66000366210938,109.07682800292969
2020-02-26,109.11000061035156,108.52975463867188
2020-02-27,107.83999633789062,107.2665023803711
2020-02-28,107.98999786376953,107.41570281982422
2020-03-02,112.86000061035156,112.25981140136719
2020-03-03,109.76000213623047,109.17630004882812
2020-03-04,115.30000305175781,114.68683624267578
2020-03-05,112.18000030517578,111.58342742919922
2020-03-06,110.88999938964844,110.30028533935547
2020-03-09,101.62999725341797,101.08953094482422
2020-03-10,109.73999786376953,109.15640258789062
2020-03-11,103.9000015258789,103.34746551513672
2020-03-12,96.95999908447266,96.44436645507812
2020-03-13,110.1500015258789,109.56422424316406
2020-03-16,92.72000122070312,92.22691345214844
2020-03-17,97.87000274658203,97.34952545166016
2020-03-18,91.45999908447266,90.9736099243164
2020-03-19,93.69000244140625,93.19175720214844
2020-03-20,86.68000030517578,86.21903228759766
2020-03-23,85.26000213623047,84.80659484863281
2020-03-24,97.29000091552734,96.77261352539062
2020-03-25,95.70999908447266,95.20101165771484
2020-03-26,100.62999725341797,100.0948486328125
2020-03-27,93.4800033569336,92.98287963867188
2020-03-30,97.02999877929688,96.51399230957031
2020-03-31,95.73999786376953,95.23085021972656
2020-04-01,91.37999725341797,90.89403533935547
2020-04-02,93.5199966430664,93.02265167236328
2020-04-03,92.38999938964844,91.89866638183594
2020-04-06,101.66999816894531,101.12931823730469
2020-04-07,100.27999877929688,99.74671173095703
2020-04-08,105.05999755859375,104.50128936767578
2020-04-09,105.83999633789062,105.27713775634766
2020-04-13,105.9800033569336,105.4164047241211
2020-04-14,109.78500366210938,109.20116424560547
2020-04-15,107.94999694824219,107.37591552734375
2020-04-16,108.30999755859375,107.73400115966797
2020-04-17,111.8499984741211,111.25518035888672
2020-04-20,112.16999816894531,111.57347106933594
2020-04-21,107.54000091552734,106.96810150146484
2020-04-22,115.19000244140625,114.57742309570312
2020-04-23,115.23999786376953,114.62715148925781
2020-04-24,120.18000030517578,119.54088592529297
2020-04-27,120.52999877929688,119.8890151977539
2020-04-28,116.13999938964844,115.5223617553711
2020-04-29,123.58000183105469,122.92280578613281
2020-04-30,123.0,122.34588623046875
2020-05-01,120.61000061035156,119.96859741210938
2020-05-04,123.66000366210938,123.00238037109375
2020-05-05,125.43000030517578,124.7629623413086
2020-05-06,128.30999755859375,127.62764739990234
2020-05-07,146.2899932861328,145.51202392578125
2020-05-08,144.9600067138672,144.18911743164062
2020-05-11,143.9600067138672,143.19442749023438
2020-05-12,141.02999877929688,140.27999877929688
2020-05-13,143.72999572753906,142.96563720703125
2020-05-14,144.41000366210938,143.64202880859375
2020-05-15,145.50999450683594,144.73617553710938
2020-05-18,146.24000549316406,145.46229553222656
2020-05-19,145.38999938964844,144.6168212890625
2020-05-20,150.94000244140625,150.13729858398438
2020-05-21,148.22000122070312,147.4317626953125
2020-05-22,150.86000061035156,150.05772399902344
2020-05-26,147.0,146.21826171875
2020-05-27,145.9600067138672,145.1837921142578
2020-05-28,148.7899932861328,147.9987335205078
2020-05-29,155.00999450683594,154.18565368652344
2020-06-01,154.52999877929688,153.7082061767578
2020-06-02,157.49000549316406,156.65248107910156
2020-06-03,156.77999877929688,155.9462432861328
2020-06-04,154.60000610351562,153.77784729003906
2020-06-05,156.0,155.17039489746094
2020-06-08,156.08999633789062,155.25991821289062
2020-06-09,156.86000061035156,156.02581787109375
2020-06-10,159.91000366210938,159.05960083007812
2020-06-11,153.0399932861328,152.22613525390625
2020-06-12,155.25999450683594,154.434326171875
2020-06-15,157.5500030517578,156.712158203125
2020-06-16,161.22000122070312,160.3626251220703
2020-06-17,163.8300018310547,162.95875549316406
2020-06-18,168.0500030517578,167.15631103515625
2020-06-19,164.36000061035156,163.48594665527344
2020-06-22,170.25999450683594,169.35455322265625
2020-06-23,172.7899932861328,171.87109375
2020-06-24,168.0,167.1065673828125
2020-06-25,172.5,171.5826416015625
2020-06-26,170.8699951171875,169.96131896972656
2020-06-29,168.35000610351562,167.45472717285156
2020-06-30,174.22999572753906,173.30345153808594
2020-07-01,177.42999267578125,176.48641967773438
2020-07-02,177.2100067138672,176.26759338378906
2020-07-06,176.17999267578125,175.24307250976562
2020-07-07,177.27999877929688,176.3372344970703
2020-07-08,181.57000732421875,180.6044158935547
2020-07-09,183.22999572753906,182.2555694580078
2020-07-10,178.39999389648438,177.45126342773438
2020-07-13,171.50999450683594,170.597900390625
2020-07-14,172.3000030517578,171.3837127685547
2020-07-15,172.05999755859375,171.14498901367188
2020-07-16,169.80999755859375,168.90695190429688
2020-07-17,173.9199981689453,172.99510192871094
2020-07-20,178.82000732421875,177.86904907226562
2020-07-21,175.5800018310547,174.64627075195312
2020-07-22,178.4199981689453,177.47116088867188
2020-07-23,173.86000061035156,172.9354248046875
2020-07-24,172.55999755859375,171.64231872558594
2020-07-27,177.97999572753906,177.0334930419922
2020-07-28,176.27000427246094,175.3325958251953
2020-07-29,184.60000610351562,183.61830139160156
2020-07-30,192.50999450683594,191.48623657226562
2020-07-31,196.07000732421875,195.02731323242188
2020-08-03,197.07000732421875,196.02198791503906
2020-08-04,197.3300018310547,196.2805938720703
2020-08-05,202.91000366210938,201.8309326171875
2020-08-06,204.08999633789062,203.004638671875
2020-08-07,198.6300048828125,197.57369995117188
2020-08-10,193.32000732421875,192.29193115234375
2020-08-11,189.02999877929688,188.02474975585938
2020-08-12,191.32000732421875,190.30258178710938
2020-08-13,193.07000732421875,192.0432586669922
2020-08-14,191.4600067138672,190.4418182373047
2020-08-17,196.2899932861328,195.24612426757812
2020-08-18,194.57000732421875,193.5352783203125
2020-08-19,192.44000244140625,191.41661071777344
2020-08-20,198.17999267578125,197.12608337402344
2020-08-21,196.7899932861328,195.74346923828125
2020-08-24,198.8800048828125,197.82235717773438
2020-08-25,201.6699981689453,200.59751892089844
2020-08-26,203.47999572753906,202.3979034423828
2020-08-27,204.33999633789062,203.25332641601562
2020-08-28,204.47999572753906,203.39256286621094
2020-08-31,204.13999938964844,203.05438232421875
2020-09-01,208.92999267578125,207.81890869140625
2020-09-02,210.82000732421875,209.69886779785156
2020-09-03,204.99000549316406,203.89987182617188
2020-09-04,191.83999633789062,190.81979370117188
2020-09-08,185.9499969482422,184.9611053466797
2020-09-09,194.60000610351562,193.56512451171875
2020-09-10,190.08999633789062,189.07908630371094
2020-09-11,184.0,183.021484375
2020-09-14,186.9600067138672,185.96575927734375
2020-09-15,186.02000427246094,185.03076171875
2020-09-16,180.91000366210938,179.9479217529297
2020-09-17,175.7899932861328,174.8551483154297
2020-09-18,176.07000732421875,175.1336669921875
2020-09-21,183.2100067138672,182.23568725585938
2020-09-22,187.77999877929688,186.78138732910156
2020-09-23,181.61000061035156,180.64419555664062
2020-09-24,182.19000244140625,181.22113037109375
2020-09-25,187.25,186.25421142578125
2020-09-28,192.02000427246094,190.99884033203125
2020-09-29,194.5,193.4656524658203
2020-09-30,197.02999877929688,195.98219299316406
2020-10-01,196.94000244140625,195.89266967773438
2020-10-02,191.91000366210938,190.88941955566406
2020-10-05,196.85000610351562,195.80316162109375
2020-10-06,191.66000366210938,190.6407470703125
2020-10-07,194.61000061035156,193.57505798339844
2020-10-08,193.05999755859375,192.03330993652344
2020-10-09,197.27000427246094,196.22091674804688
2020-10-12,201.50999450683594,200.4383544921875
2020-10-13,207.74000549316406,206.63525390625
2020-10-14,203.60000610351562,202.5172576904297
2020-10-15,203.13999938964844,202.05970764160156
2020-10-16,204.4499969482422,203.36273193359375
2020-10-19,200.05999755859375,198.99607849121094
2020-10-20,201.9600067138672,200.885986328125
2020-10-21,213.07000732421875,211.93690490722656
2020-10-22,203.92999267578125,202.8455047607422
2020-10-23,203.0399932861328,201.96022033691406
2020-10-26,197.22000122070312,196.1711883544922
2020-10-27,200.42999267578125,199.36412048339844
2020-10-28,192.30999755859375,191.28729248046875
2020-10-29,195.0399932861328,194.0027618408203
2020-10-30,186.1300048828125,185.14016723632812
2020-11-02,187.75999450683594,186.76148986816406
2020-11-03,179.80999755859375,178.853759765625
2020-11-04,194.2899932861328,193.2567596435547
2020-11-05,204.55999755859375,203.47213745117188
2020-11-06,202.72999572753906,201.65188598632812
2020-11-09,184.72000122070312,183.73765563964844
2020-11-10,183.36000061035156,182.38490295410156
2020-11-11,192.33999633789062,191.31712341308594
2020-11-12,189.10000610351562,188.09437561035156
2020-11-13,188.6199951171875,187.61691284179688
2020-11-16,191.94000244140625,190.9192657470703
2020-11-17,192.3000030517578,191.27734375
2020-11-18,190.1199951171875,189.1089324951172
2020-11-19,190.89999389648438,189.88478088378906
2020-11-20,192.6699981689453,191.64537048339844
2020-11-23,200.82000732421875,199.75205993652344
2020-11-24,206.0,204.9044952392578
2020-11-25,214.4600067138672,213.3195037841797
2020-11-27,211.38999938964844,210.2658233642578
2020-11-30,214.1199951171875,212.98130798339844
2020-12-01,216.5399932861328,215.388427734375
2020-12-02,212.55999755859375,211.42959594726562
2020-12-03,214.5399932861328,213.39907836914062
2020-12-04,217.77000427246094,216.61190795898438
2020-12-07,217.92999267578125,216.7710418701172
2020-12-08,216.94000244140625,215.78631591796875
2020-12-09,210.8000030517578,209.67897033691406
2020-12-10,215.33999633789062,214.19482421875
2020-12-11,214.05999755859375,212.92161560058594
2020-12-14,220.7899932861328,219.61582946777344
2020-12-15,221.60000610351562,220.42153930664062
2020-12-16,230.1999969482422,228.97579956054688
2020-12-17,235.50999450683594,234.25755310058594
2020-12-18,236.4499969482422,235.1925506591797
2020-12-21,237.72000122070312,236.455810546875
2020-12-22,243.49000549316406,242.19512939453125
2020-12-23,239.44000244140625,238.16665649414062
2020-12-24,238.63999938964844,237.37091064453125
2020-12-28,235.72999572753906,234.47637939453125
2020-12-29,231.02999877929688,229.80137634277344
2020-12-30,231.50999450683594,230.27882385253906
2020-12-31,234.1999969482422,232.9545135498047
2021-01-04,231.9199981689453,230.6866455078125
2021-01-05,234.91000366210938,233.66075134277344
2021-01-06,226.8300018310547,225.62371826171875
2021-01-07,235.0399932861328,233.79005432128906
2021-01-08,242.4600067138672,241.1706085205078
2021-01-11,237.5,236.23696899414062
2021-01-12,237.63999938964844,236.376220703125
2021-01-13,244.89999389648438,243.59762573242188
2021-01-14,242.05999755859375,240.77272033691406
2021-01-15,239.7899932861328,238.51478576660156
2021-01-19,247.25,245.9351348876953
2021-01-20,244.25999450683594,242.96102905273438
2021-01-21,248.63999938964844,247.31771850585938
2021-01-22,252.0,250.6598663330078
2021-01-25,247.75,246.43246459960938
2021-01-26,241.0,239.71835327148438
2021-01-27,229.94000244140625,228.71717834472656
2021-01-28,237.7899932861328,236.52542114257812
2021-01-29,234.30999755859375,233.06393432617188
2021-02-01,241.85000610351562,240.56385803222656
2021-02-02,249.10000610351562,247.77529907226562
2021-02-03,251.89999389648438,250.56039428710938
2021-02-04,270.42999267578125,268.9918518066406
2021-02-05,269.44000244140625,268.00714111328125
2021-02-08,282.1700134277344,280.66943359375
2021-02-09,284.20001220703125,282.6886291503906
2021-02-10,283.17999267578125,281.6740417480469
2021-02-11,285.0299987792969,283.51422119140625
2021-02-12,298.3699951171875,296.78326416015625
2021-02-16,304.7900085449219,303.16912841796875
2021-02-17,297.20001220703125,295.6195068359375
2021-02-18,290.80999755859375,289.26348876953125
2021-02-19,286.9200134277344,285.3941955566406
2021-02-22,273.8500061035156,272.3936462402344
2021-02-23,265.0,263.5907287597656
2021-02-24,266.07000732421875,264.655029296875
2021-02-25,253.94000244140625,252.58953857421875
2021-02-26,259.8500061035156,258.4681396484375
2021-03-01,273.6300048828125,272.1748352050781
2021-03-02,269.19000244140625,267.7584533691406
2021-03-03,255.05999755859375,253.70358276367188
2021-03-04,239.07000732421875,237.7986297607422
2021-03-05,239.0500030517578,237.7787322998047
2021-03-08,226.08999633789062,224.8876495361328
2021-03-09,241.75999450683594,240.47430419921875
2021-03-10,242.07000732421875,240.78268432617188
2021-03-11,253.8300018310547,252.48013305664062
2021-03-12,250.35000610351562,249.01864624023438
2021-03-15,249.97999572753906,248.65060424804688
2021-03-16,249.30999755859375,247.98416137695312
2021-03-17,251.47000122070312,250.1326904296875
2021-03-18,238.41000366210938,237.14215087890625
2021-03-19,241.27999877929688,239.9968719482422
2021-03-22,244.38499450683594,243.08535766601562
2021-03-23,243.77000427246094,242.47364807128906
2021-03-24,234.27000427246094,233.024169921875
2021-03-25,234.24000549316406,232.99432373046875
2021-03-26,241.02999877929688,239.74819946289062
2021-03-29,235.6699981689453,234.4167022705078
2021-03-30,236.5399932861328,235.28207397460938
2021-03-31,242.83999633789062,241.54856872558594
2021-04-01,247.5399932861328,246.2235870361328
2021-04-05,251.02000427246094,249.68508911132812
2021-04-06,253.19000244140625,251.84353637695312
2021-04-07,255.60000610351562,254.24072265625
2021-04-08,264.5,263.0933837890625
2021-04-09,266.7699890136719,265.351318359375
2021-04-12,269.0299987792969,267.59930419921875
2021-04-13,275.42999267578125,273.9652404785156
2021-04-14,267.2099914550781,265.7889709472656
2021-04-15,274.0,272.5428771972656
2021-04-16,269.8699951171875,268.434814453125
2021-04-19,267.9100036621094,266.4852600097656
2021-04-20,264.42999267578125,263.02374267578125
2021-04-21,264.8900146484375,263.4813537597656
2021-04-22,262.2699890136719,260.875244140625
2021-04-23,266.0299987792969,264.615234375
2021-04-26,271.7200012207031,270.2749938964844
2021-04-27,268.82000732421875,267.39044189453125
2021-04-28,271.0899963378906,269.6483459472656
2021-04-29,267.8500061035156,266.4255676269531
2021-04-30,262.2900085449219,260.8951416015625
2021-05-03,259.0899963378906,257.712158203125
2021-05-04,250.16000366210938,248.82965087890625
2021-05-05,247.39999389648438,246.08432006835938
2021-05-06,252.02000427246094,250.6797637939453
2021-05-07,253.36000061035156,252.01263427734375
2021-05-10,243.6300048828125,242.33438110351562
2021-05-11,248.60000610351562,247.2779541015625
2021-05-12,239.91000366210938,238.6341552734375
2021-05-13,240.8000030517578,239.51943969726562
2021-05-14,246.2899932861328,244.980224609375
2021-05-17,244.36000061035156,243.06048583984375
2021-05-18,243.2100067138672,241.91661071777344
2021-05-19,244.6300048828125,243.32907104492188
2021-05-20,251.5399932861328,250.20230102539062
2021-05-21,250.69000244140625,249.35684204101562
2021-05-24,257.1700134277344,255.80238342285156
2021-05-25,258.6499938964844,257.27447509765625
2021-05-26,261.3699951171875,259.98004150390625
2021-05-27,259.4700012207031,258.0901184082031
2021-05-28,260.0199890136719,258.63720703125
2021-06-01,259.2699890136719,257.89117431640625
2021-06-02,262.1700134277344,260.7757873535156
2021-06-03,257.7900085449219,256.4190673828125
2021-06-04,263.0400085449219,261.6411437988281
2021-06-07,260.6000061035156,259.2141418457031
2021-06-08,263.1499938964844,261.75054931640625
2021-06-09,263.6000061035156,262.19818115234375
2021-06-10,269.4700012207031,268.0369567871094
2021-06-11,271.45001220703125,270.0064392089844
2021-06-14,274.92999267578125,273.4679260253906
2021-06-15,271.8900146484375,270.4441223144531
2021-06-16,268.82000732421875,267.39044189453125
2021-06-17,278.1099853515625,276.6310119628906
2021-06-18,283.3800048828125,281.87298583984375
2021-06-21,283.1000061035156,281.594482421875
2021-06-22,286.75,285.2250671386719
2021-06-23,288.1199951171875,286.5877685546875
2021-06-24,293.2099914550781,291.65069580078125
2021-06-25,289.6000061035156,288.0599060058594
2021-06-28,293.6499938964844,292.0883483886719
2021-06-29,292.760009765625,291.2030944824219
2021-06-30,291.4800109863281,289.929931640625
2021-07-01,289.0,287.46307373046875
2021-07-02,290.239990234375,288.6965026855469
2021-07-06,292.6400146484375,291.083740234375
2021-07-07,297.1300048828125,295.54986572265625
2021-07-08,295.04998779296875,293.48089599609375
2021-07-09,300.2099914550781,298.61346435546875
2021-07-12,302.9700012207031,301.35882568359375
2021-07-13,301.19000244140625,299.5882568359375
2021-07-14,300.75,299.1506042480469
2021-07-15,296.510009765625,294.93316650390625
2021-07-16,294.6300048828125,293.06317138671875
2021-07-19,294.8500061035156,293.281982421875
2021-07-20,298.07000732421875,296.48486328125
2021-07-21,301.7699890136719,300.1651611328125
2021-07-22,303.69000244140625,302.0749816894531
2021-07-23,308.5299987792969,306.88922119140625
2021-07-26,306.79998779296875,305.1684265136719
2021-07-27,300.4800109863281,298.8820495605469
2021-07-28,301.9800109863281,300.37408447265625
2021-07-29,283.1700134277344,281.66412353515625
2021-07-30,275.5299987792969,274.0647277832031
2021-08-02,270.989990234375,269.54888916015625
2021-08-03,273.5,272.0455322265625
2021-08-04,275.5,274.034912109375
2021-08-05,280.6700134277344,279.1773986816406
2021-08-06,279.5400085449219,278.05340576171875
2021-08-09,278.1499938964844,276.6707763671875
2021-08-10,274.3699951171875,272.910888671875
2021-08-11,276.4100036621094,274.9400634765625
2021-08-12,274.5899963378906,273.1297302246094
2021-08-13,274.9100036621094,273.4480285644531
2021-08-16,278.2799987792969,276.80010986328125
2021-08-17,271.1000061035156,269.6582946777344
2021-08-18,268.8399963378906,267.4103088378906
2021-08-19,270.5799865722656,269.14105224609375
2021-08-20,272.9599914550781,271.5083923339844
2021-08-23,276.9800109863281,275.5070495605469
2021-08-24,279.510009765625,278.0235900878906
2021-08-25,277.69000244140625,276.2132263183594
2021-08-26,273.6199951171875,272.1648864746094
2021-08-27,278.3299865722656,276.8498229980469
2021-08-30,288.4700012207031,286.9359436035156
2021-08-31,288.6600036621094,287.1249084472656
2021-09-01,286.75,285.2250671386719
2021-09-02,285.5299987792969,284.0115661621094
2021-09-03,289.1300048828125,287.5924072265625
2021-09-07,293.260009765625,291.7004699707031
2021-09-08,285.2300109863281,283.713134765625
2021-09-09,286.8800048828125,285.3544006347656
2021-09-10,284.32000732421875,282.8079833984375
2021-09-13,280.489990234375,278.99835205078125
2021-09-14,282.239990234375,280.739013671875
2021-09-15,282.42999267578125,280.92803955078125
2021-09-16,282.9700012207031,281.46514892578125
2021-09-17,276.3399963378906,274.87042236328125
2021-09-20,269.9100036621094,268.474609375
2021-09-21,269.489990234375,268.0568542480469
2021-09-22,272.3399963378906,270.8916931152344
2021-09-23,279.1000061035156,277.6157531738281
2021-09-24,278.1099853515625,276.6310119628906
2021-09-27,273.3900146484375,271.9361267089844
2021-09-28,262.19000244140625,260.7956848144531
2021-09-29,259.0,257.6226501464844
2021-09-30,260.2099914550781,258.826171875
2021-10-01,264.6499938964844,263.2425842285156
2021-10-04,255.00999450683594,253.6538543701172
2021-10-05,260.1499938964844,258.7665100097656
2021-10-06,264.05999755859375,262.6557312011719
2021-10-07,263.5400085449219,262.1385192871094
2021-10-08,260.05999755859375,258.677001953125
2021-10-11,255.0500030517578,253.6936492919922
2021-10-12,255.85000610351562,254.48939514160156
2021-10-13,256.3599853515625,254.99667358398438
2021-10-14,266.45001220703125,265.0330505371094
2021-10-15,268.3500061035156,266.92291259765625
2021-10-18,270.3299865722656,268.8923645019531
2021-10-19,271.70001220703125,270.255126953125
2021-10-20,258.3599853515625,256.98602294921875
2021-10-21,243.2100067138672,241.91661071777344
2021-10-22,240.39999389648438,239.12155151367188
2021-10-25,246.8800048828125,245.56710815429688
2021-10-26,243.0,241.70773315429688
2021-10-27,234.94000244140625,233.69058227539062
2021-10-28,236.8300018310547,235.57054138183594
2021-10-29,232.58999633789062,231.3530731201172
2021-11-01,231.27999877929688,230.050048828125
2021-11-02,229.4600067138672,228.23974609375
2021-11-03,230.3800048828125,229.15484619140625
2021-11-04,228.22000122070312,227.00633239746094
2021-11-05,225.77999877929688,224.5792999267578
2021-11-08,229.4199981689453,228.199951171875
2021-11-09,205.4199981689453,204.32757568359375
2021-11-10,204.63999938964844,203.55172729492188
2021-11-11,202.02999877929688,200.9556121826172
2021-11-12,208.3000030517578,207.1922607421875
2021-11-15,212.5399932861328,211.40969848632812
2021-11-16,215.6699981689453,214.5230712890625
2021-11-17,206.27000427246094,205.17306518554688
2021-11-18,200.5,199.43374633789062
2021-11-19,193.61000061035156,192.58038330078125
2021-11-22,189.47999572753906,188.47235107421875
2021-11-23,188.0500030517578,187.04995727539062
2021-11-24,188.7100067138672,187.70645141601562
2021-11-26,187.7899932861328,186.79132080078125
2021-11-29,187.24000549316406,186.2442626953125
2021-11-30,184.88999938964844,183.90675354003906
2021-12-01,179.32000732421875,178.3663787841797
2021-12-02,187.14999389648438,186.1547393798828
2021-12-03,183.92999267578125,182.9518585205078
2021-12-06,184.86000061035156,183.87692260742188
2021-12-07,191.02000427246094,190.00416564941406
2021-12-08,197.35000610351562,196.3004913330078
2021-12-09,191.75,190.73028564453125
2021-12-10,188.50999450683594,187.5074920654297
2021-12-13,186.3800048828125,185.3888397216797
2021-12-14,186.8000030517578,185.80661010742188
2021-12-15,190.66000366210938,189.6460723876953
2021-12-16,188.75,187.74623107910156
2021-12-17,186.1999969482422,185.20977783203125
2021-12-20,182.67999267578125,181.70849609375
2021-12-21,189.13999938964844,188.1341552734375
2021-12-22,191.67999267578125,190.66064453125
2021-12-23,192.00999450683594,190.98887634277344
2021-12-27,192.00999450683594,190.98887634277344
2021-12-28,190.10000610351562,189.08905029296875
2021-12-29,189.97000122070312,188.95974731445312
2021-12-30,191.8800048828125,190.85958862304688
2021-12-31,188.5800018310547,187.57713317871094
2022-01-03,194.94000244140625,193.90330505371094
2022-01-04,191.13999938964844,190.12351989746094
2022-01-05,187.16000366210938,186.16468811035156
2022-01-06,192.27000427246094,191.2475128173828
2022-01-07,187.60000610351562,186.60235595703125
2022-01-10,182.9499969482422,181.97708129882812
2022-01-11,191.52000427246094,190.50149536132812
2022-01-12,187.1999969482422,186.2044677734375
2022-01-13,181.00999450683594,180.04737854003906
2022-01-14,178.4199981689453,177.47116088867188
2022-01-18,174.4600067138672,173.5322265625
2022-01-19,173.5500030517578,172.6270751953125
2022-01-20,173.27999877929688,172.35848999023438
2022-01-21,163.5399932861328,162.6702880859375
2022-01-24,162.1699981689453,161.30758666992188
2022-01-25,158.1999969482422,157.3586883544922
2022-01-26,156.97999572753906,156.14517211914062
2022-01-27,158.11000061035156,157.2691650390625
2022-01-28,163.52000427246094,162.65040588378906
2022-01-31,171.94000244140625,171.025634765625
2022-02-01,175.8000030517578,174.86509704589844
2022-02-02,132.57000732421875,131.86500549316406
2022-02-03,124.30000305175781,123.63897705078125
2022-02-04,126.08000183105469,125.40950775146484
2022-02-07,121.41000366210938,120.76434326171875
2022-02-08,120.26000213623047,119.6204605102539
2022-02-09,122.94000244140625,122.28620910644531
2022-02-10,119.0199966430664,118.38705444335938
2022-02-11,115.29000091552734,114.67688751220703
2022-02-14,114.12000274658203,113.51311492919922
2022-02-15,115.45999908447266,114.84598541259766
2022-02-16,110.54000091552734,109.9521484375
2022-02-17,105.19999694824219,104.64054870605469
2022-02-18,103.6500015258789,103.09879302978516
2022-02-22,103.16999816894531,102.621337890625
2022-02-23,100.72000122070312,100.18437194824219
2022-02-24,105.0199966430664,104.46150207519531
2022-02-25,110.94000244140625,110.35002136230469
2022-02-28,111.93000030517578,111.33475494384766
2022-03-01,106.51000213623047,105.94358825683594
2022-03-02,106.61000061035156,106.04304504394531
2022-03-03,101.33999633789062,100.80106353759766
2022-03-04,99.91000366210938,99.3786849975586
2022-03-07,93.61000061035156,93.1121826171875
2022-03-08,94.9000015258789,94.39532470703125
2022-03-09,100.22000122070312,99.6870346069336
2022-03-10,98.55000305175781,98.02591705322266
2022-03-11,96.56999969482422,96.05643463134766
2022-03-14,96.87000274658203,96.35485076904297
2022-03-15,100.45999908447266,99.92575073242188
2022-03-16,107.91999816894531,107.34607696533203
2022-03-17,112.16000366210938,111.56353759765625
2022-03-18,118.7699966430664,118.13837432861328
2022-03-21,114.6500015258789,114.04029846191406
2022-03-22,117.87000274658203,117.2431640625
2022-03-23,114.6500015258789,114.04029846191406
2022-03-24,116.05000305175781,115.43285369873047
2022-03-25,113.76000213623047,113.155029296875
2022-03-28,116.16999816894531,115.55220794677734
2022-03-29,121.18000030517578,120.53556823730469
2022-03-30,118.48999786376953,117.85987091064453
2022-03-31,115.6500015258789,115.03497314453125
2022-04-01,116.66999816894531,116.04954528808594
2022-04-04,121.86000061035156,121.21194458007812
2022-04-05,117.6500015258789,117.02433776855469
2022-04-06,112.48999786376953,111.89177703857422
2022-04-07,113.04000091552734,112.43885040283203
2022-04-08,111.20999908447266,110.61858367919922
2022-04-11,109.80999755859375,109.22602844238281
2022-04-12,108.25,107.67433166503906
2022-04-13,105.16999816894531,104.61071014404297
2022-04-14,102.30999755859375,101.76591491699219
2022-04-18,100.58000183105469,100.04511260986328
2022-04-19,103.66000366210938,103.1087417602539
2022-04-20,94.9000015258789,94.39532470703125
2022-04-21,89.4000015258789,88.92457580566406
2022-04-22,86.02999877929688,85.57249450683594
2022-04-25,87.77999877929688,87.31318664550781
2022-04-26,83.69999694824219,83.2548828125
2022-04-27,82.61000061035156,82.17068481445312
2022-04-28,92.08999633789062,91.60026550292969
2022-04-29,87.93000030517578,87.46238708496094
2022-05-02,91.52999877929688,91.04324340820312
2022-05-03,90.70999908447266,90.22760772705078
2022-05-04,92.72000122070312,92.22691345214844
2022-05-05,85.43000030517578,84.9756851196289
2022-05-06,81.68000030517578,81.2456283569336
2022-05-09,79.52999877929688,79.10706329345703
2022-05-10,78.75,78.33121490478516
2022-05-11,75.16999816894531,74.77024841308594
2022-05-12,74.29000091552734,73.89492797851562
2022-05-13,78.83000183105469,78.41078186035156
2022-05-16,77.6500015258789,77.237060546875
2022-05-17,79.75,79.32588958740234
2022-05-18,77.18000030517578,76.7695541381836
2022-05-19,81.27999877929688,80.8477554321289
2022-05-20,80.54000091552734,80.11168670654297
2022-05-23,81.18000030517578,80.74828338623047
2022-05-24,78.6500015258789,78.23174285888672
2022-05-25,80.12000274658203,79.69392395019531
2022-05-26,80.41999816894531,79.99232482910156
2022-05-27,85.20999908447266,84.7568588256836
2022-05-31,85.20999908447266,84.7568588256836
2022-06-01,82.4800033569336,82.04137420654297
2022-06-02,88.31999969482422,87.85031127929688
2022-06-03,86.52999877929688,86.06983947753906
2022-06-06,86.80999755859375,86.34834289550781
2022-06-07,88.58999633789062,88.1188735961914
2022-06-08,87.51000213623047,87.04462432861328
2022-06-09,84.11000061035156,83.66270446777344
2022-06-10,79.30000305175781,78.87828063964844
2022-06-13,73.72000122070312,73.32795715332031
2022-06-14,72.45999908447266,72.07465362548828
2022-06-15,75.83000183105469,75.4267349243164
2022-06-16,71.2300033569336,70.85120391845703
2022-06-17,72.9000015258789,72.51232147216797
2022-06-21,72.37000274658203,71.98513793945312
2022-06-22,72.97000122070312,72.58194732666016
2022-06-23,73.80999755859375,73.41748046875
2022-06-24,77.68000030517578,77.26689910888672
2022-06-27,75.94000244140625,75.5361557006836
2022-06-28,71.81999969482422,71.43805694580078
2022-06-29,71.47000122070312,71.08992004394531
2022-06-30,69.83999633789062,69.46858978271484
2022-07-01,71.4000015258789,71.02029418945312
2022-07-05,74.4000015258789,74.00434875488281
2022-07-06,73.23999786376953,72.85050964355469
2022-07-07,75.04000091552734,74.64093780517578
2022-07-08,73.43000030517578,73.03950500488281
2022-07-11,70.47000122070312,70.09524536132812
2022-07-12,71.43000030517578,71.05013275146484
2022-07-13,71.36000061035156,70.98051452636719
2022-07-14,69.55000305175781,69.18013763427734
2022-07-15,73.91000366210938,73.51695251464844
2022-07-18,74.12999725341797,73.73577117919922
2022-07-19,77.73999786376953,77.32657623291016
2022-07-20,80.23999786376953,79.81327819824219
2022-07-21,82.75,82.3099365234375
2022-07-22,81.05000305175781,80.61898040771484
2022-07-25,81.6500015258789,81.21578979492188
2022-07-26,77.04000091552734,76.63030242919922
2022-07-27,86.41999816894531,85.96041870117188
2022-07-28,85.86000061035156,85.40339660644531
2022-07-29,86.52999877929688,86.06983947753906
2022-08-01,88.56500244140625,88.09400939941406
2022-08-02,89.62999725341797,89.1533432006836
2022-08-03,97.91999816894531,97.39925384521484
2022-08-04,96.9800033569336,96.46426391601562
2022-08-05,95.31999969482422,94.8130874633789
2022-08-08,96.26000213623047,95.74809265136719
2022-08-09,94.4800033569336,93.97755432128906
2022-08-10,98.91000366210938,98.38400268554688
2022-08-11,99.11000061035156,98.58293914794922
2022-08-12,101.0999984741211,100.56234741210938
2022-08-15,101.51000213623047,100.97016906738281
2022-08-16,102.08000183105469,101.53713989257812
2022-08-17,99.41999816894531,98.89128112792969
2022-08-18,99.86000061035156,99.32894897460938
2022-08-19,96.55999755859375,96.0464859008789
2022-08-22,93.58000183105469,93.08234405517578
2022-08-23,93.19999694824219,92.70436096191406
2022-08-24,93.76000213623047,93.26139068603516
2022-08-25,96.72000122070312,96.20564270019531
2022-08-26,92.69999694824219,92.20701599121094
2022-08-29,92.66000366210938,92.167236328125
2022-08-30,91.80000305175781,91.31180572509766
2022-08-31,93.44000244140625,92.9430923461914
2022-09-01,92.66000366210938,92.167236328125
2022-09-02,91.12999725341797,90.64537048339844
2022-09-06,91.61499786376953,91.1277847290039
2022-09-07,94.97000122070312,94.46495056152344
2022-09-08,96.16999816894531,95.65856170654297
2022-09-09,96.2300033569336,95.71825408935547
2022-09-12,97.6500015258789,97.13069915771484
2022-09-13,95.01000213623047,94.5047378540039
2022-09-14,97.66000366210938,97.1406478881836
2022-09-15,96.4000015258789,95.88734436035156
2022-09-16,94.0,93.50010681152344
2022-09-19,95.02999877929688,94.52462768554688
2022-09-20,91.62999725341797,91.14270782470703
2022-09-21,91.18000030517578,90.69510650634766
2022-09-22,87.66000366210938,87.1938247680664
2022-09-23,86.97000122070312,86.50749969482422
2022-09-26,84.26000213623047,83.8119125366211
2022-09-27,85.75,85.29397583007812
2022-09-28,91.12000274658203,90.63542938232422
2022-09-29,88.69999694824219,88.2282943725586
2022-09-30,86.06999969482422,85.6122817993164
2022-10-03,87.18000030517578,86.71637725830078
2022-10-04,92.79000091552734,92.29653930664062
2022-10-05,93.83000183105469,93.33101654052734
2022-10-06,94.41999816894531,93.9178695678711
2022-10-07,90.16999816894531,89.69047546386719
2022-10-10,84.5199966430664,84.07051849365234
2022-10-11,83.08999633789062,82.64812469482422
2022-10-12,83.80999755859375,83.36429595947266
2022-10-13,84.04000091552734,83.59307098388672
2022-10-14,80.47000122070312,80.04206848144531
2022-10-17,84.66000366210938,84.20978546142578
2022-10-18,85.29000091552734,84.83642578125
2022-10-19,84.47000122070312,84.02079010009766
2022-10-20,84.77999877929688,84.32913970947266
2022-10-21,83.94000244140625,83.49361419677734
2022-10-24,83.31999969482422,82.87690734863281
2022-10-25,89.23999786376953,88.76541900634766
2022-10-26,88.55000305175781,88.07909393310547
2022-10-27,87.3499984741211,86.8854751586914
2022-10-28,86.25,85.79132080078125
2022-10-31,83.58000183105469,83.1355209350586
2022-11-01,83.11000061035156,82.66801452636719
2022-11-02,79.44999694824219,79.02748107910156
2022-11-03,76.55000305175781,76.14291381835938
2022-11-04,75.18000030517578,74.78019714355469
2022-11-07,77.66000366210938,77.24700927734375
2022-11-08,81.12999725341797,80.69854736328125
2022-11-09,78.68000030517578,78.26158142089844
2022-11-10,86.80000305175781,86.3384017944336
2022-11-11,91.02999877929688,90.5458984375
2022-11-14,89.51000213623047,89.03398895263672
2022-11-15,89.86000061035156,89.38212585449219
2022-11-16,87.04000091552734,86.57711791992188
2022-11-17,85.63999938964844,85.1845703125
2022-11-18,84.91999816894531,84.46839141845703
2022-11-21,80.62999725341797,80.20120239257812
2022-11-22,79.91000366210938,79.48504638671875
2022-11-23,80.75,80.32057189941406
2022-11-25,80.08000183105469,79.65413665771484
2022-11-28,79.93000030517578,79.50493621826172
2022-11-29,77.63999938964844,77.22711181640625
2022-11-30,78.41000366210938,77.9930191040039
2022-12-01,78.52999877929688,78.11237335205078
2022-12-02,74.66000366210938,74.2629623413086
2022-12-05,73.62000274658203,73.2284927368164
2022-12-06,72.2300033569336,71.84588623046875
2022-12-07,74.41999816894531,74.02423095703125
2022-12-08,74.22000122070312,73.82530212402344
2022-12-09,73.56999969482422,73.17874908447266
2022-12-12,73.80000305175781,73.40753173828125
2022-12-13,73.69999694824219,73.30805969238281
2022-12-14,72.62999725341797,72.2437515258789
2022-12-15,69.7699966430664,69.39895629882812
2022-12-16,69.26000213623047,68.89167785644531
2022-12-19,68.94999694824219,68.58332061767578
2022-12-20,68.76000213623047,68.39434051513672
2022-12-21,69.20999908447266,68.84193420410156
2022-12-22,68.56999969482422,68.2053451538086
2022-12-23,69.02999877929688,68.66289520263672
2022-12-27,68.33000183105469,67.96662902832031
2022-12-28,67.55000305175781,67.1907730102539
2022-12-29,70.55999755859375,70.18475341796875
2022-12-30,71.22000122070312,70.84125518798828
2023-01-03,74.58000183105469,74.18338775634766
2023-01-04,77.69000244140625,77.27684783935547
2023-01-05,76.2699966430664,75.86438751220703
2023-01-06,76.4800033569336,76.07328796386719
2023-01-09,77.08000183105469,76.67008972167969
2023-01-10,77.91999816894531,77.505615234375
2023-01-11,78.54000091552734,78.12232208251953
2023-01-12,79.77999877929688,79.35572814941406
2023-01-13,79.4800033569336,79.05732727050781
2023-01-17,80.18000030517578,79.75360107421875
2023-01-18,77.30999755859375,76.89886474609375
2023-01-19,76.75,76.34184265136719
2023-01-20,79.08999633789062,78.66939544677734
2023-01-23,79.5,79.07721710205078
2023-01-24,79.58000183105469,79.15679931640625
2023-01-25,79.0999984741211,78.6793441772461
2023-01-26,80.80999755859375,80.3802490234375
2023-01-27,81.83000183105469,81.39482879638672
2023-01-30,79.63999938964844,79.21646881103516
2023-01-31,81.48999786376953,81.05663299560547
2023-02-01,82.91000366210938,82.46908569335938
2023-02-02,86.95999908447266,86.49755096435547
2023-02-03,85.5199966430664,85.06520080566406
2023-02-06,82.33000183105469,81.89216613769531
2023-02-07,83.2300033569336,82.78738403320312
2023-02-08,79.72000122070312,79.29605102539062
2023-02-09,78.41999816894531,78.00296020507812
2023-02-10,80.80000305175781,80.37030792236328
2023-02-13,79.44999694824219,79.02748107910156
2023-02-14,77.26000213623047,76.84913635253906
2023-02-15,77.91000366210938,77.49567413330078
2023-02-16,76.7300033569336,76.32195281982422
2023-02-17,74.66000366210938,74.2629623413086
2023-02-21,75.23999786376953,74.83987426757812
2023-02-22,75.4800033569336,75.07859802246094
2023-02-23,75.19000244140625,74.79014587402344
2023-02-24,73.55000305175781,73.15885925292969
2023-02-27,73.7699966430664,73.377685546875
2023-02-28,73.5999984741211,73.20858764648438
2023-03-01,73.81999969482422,73.42742919921875
2023-03-02,74.0999984741211,73.7059326171875
2023-03-03,76.29000091552734,75.88429260253906
2023-03-06,76.77999877929688,76.3716812133789
2023-03-07,74.91000366210938,74.51162719726562
2023-03-08,75.83999633789062,75.43667602539062
2023-03-09,75.93000030517578,75.52620697021484
2023-03-10,73.43000030517578,73.03950500488281
2023-03-13,72.61000061035156,72.22386169433594
2023-03-14,73.23999786376953,72.85050964355469
2023-03-15,73.91000366210938,73.51695251464844
2023-03-16,74.3499984741211,73.95460510253906
2023-03-17,72.98999786376953,72.60183715820312
2023-03-20,73.20999908447266,72.82066345214844
2023-03-21,76.72000122070312,76.31200408935547
2023-03-22,74.33999633789062,73.94465637207031
2023-03-23,72.55999755859375,72.17412567138672
2023-03-24,73.87999725341797,73.48710632324219
2023-03-27,73.30000305175781,72.91019439697266
2023-03-28,72.69999694824219,72.3133773803711
2023-03-29,74.18000030517578,73.78550720214844
2023-03-30,74.38999938964844,73.99440002441406
2023-03-31,75.94000244140625,75.5361557006836
2023-04-03,75.29000091552734,74.88960266113281
2023-04-04,75.26000213623047,74.85977172851562
2023-04-05,73.61000061035156,73.21853637695312
2023-04-06,74.95999908447266,74.56136322021484
2023-04-10,74.5199966430664,74.12369537353516
2023-04-11,73.58000183105469,73.1886978149414
2023-04-12,73.5,73.109130859375
2023-04-13,75.5199966430664,75.1183853149414
2023-04-14,76.52999877929688,76.12301635742188
2023-04-17,77.33000183105469,76.91876220703125
2023-04-18,76.41999816894531,76.01359558105469
2023-04-19,75.31999969482422,74.91944122314453
2023-04-20,73.58000183105469,73.1886978149414
2023-04-21,74.18000030517578,73.78550720214844
2023-04-24,74.29000091552734,73.89492797851562
2023-04-25,71.77999877929688,71.39827728271484
2023-04-26,72.05999755859375,71.6767807006836
2023-04-27,74.2699966430664,73.87503051757812
2023-04-28,76.0,75.59583282470703
2023-05-01,75.11000061035156,74.71056365966797
2023-05-02,72.27999877929688,71.8956069946289
2023-05-03,71.43000030517578,71.05013275146484
2023-05-04,71.80999755859375,71.42811584472656
2023-05-05,74.97000122070312,74.5713119506836
2023-05-08,75.5199966430664,75.1183853149414
2023-05-09,65.90499877929688,65.55451965332031
2023-05-10,63.380001068115234,63.042945861816406
2023-05-11,64.18000030517578,63.83869171142578
2023-05-12,61.689998626708984,61.36193084716797
2023-05-15,62.25,61.91895294189453
2023-05-16,60.79999923706055,60.47666549682617
2023-05-17,61.459999084472656,61.133155822753906
2023-05-18,61.27000045776367,60.94416809082031
2023-05-19,60.91999816894531,60.59602355957031
2023-05-22,63.029998779296875,62.69480514526367
2023-05-23,62.0,61.670284271240234
2023-05-24,61.79999923706055,61.47134780883789
2023-05-25,59.369998931884766,59.05426788330078
2023-05-26,60.220001220703125,59.899749755859375
2023-05-30,62.04999923706055,61.72001647949219
2023-05-31,61.9900016784668,61.66033935546875
2023-06-01,63.04999923706055,62.714698791503906
2023-06-02,63.959999084472656,63.61985778808594
2023-06-05,64.51000213623047,64.16693878173828
2023-06-06,65.0199966430664,64.6742172241211
2023-06-07,64.04000091552734,63.69943618774414
2023-06-08,64.23999786376953,63.89836883544922
2023-06-09,63.4900016784668,63.15235900878906
2023-06-12,63.72999954223633,63.391082763671875
2023-06-13,63.560001373291016,63.221988677978516
2023-06-14,63.599998474121094,63.261775970458984
2023-06-15,65.8499984741211,65.49980926513672
2023-06-16,66.43000030517578,66.07672882080078
2023-06-20,68.88999938964844,68.52364349365234
2023-06-21,68.19000244140625,67.8273696899414
2023-06-22,68.56999969482422,68.2053451538086
2023-06-23,66.94000244140625,66.58401489257812
2023-06-26,66.44000244140625,66.08667755126953
2023-06-27,66.2300033569336,65.87779235839844
2023-06-28,66.02999877929688,65.6788558959961
2023-06-29,65.86000061035156,65.50975799560547
2023-06-30,66.7300033569336,66.37512969970703
2023-07-03,68.0999984741211,67.73783874511719
2023-07-05,68.8499984741211,68.48384857177734
2023-07-06,66.13999938964844,65.78826904296875
2023-07-07,66.79000091552734,66.434814453125
2023-07-10,69.27999877929688,68.91156768798828
2023-07-11,70.62000274658203,70.24444580078125
2023-07-12,70.58999633789062,70.214599609375
2023-07-13,72.38999938964844,72.0050277709961
2023-07-14,72.0999984741211,71.7165756225586
2023-07-17,73.48999786376953,73.09918212890625
2023-07-18,74.37000274658203,73.97450256347656
2023-07-19,74.22000122070312,73.82530212402344
2023-07-20,73.0199966430664,72.63167572021484
2023-07-21,72.98999786376953,72.60183715820312
2023-07-24,73.69000244140625,73.2981185913086
2023-07-25,72.95999908447266,72.5719985961914
2023-07-26,73.43000030517578,73.03950500488281
2023-07-27,72.02999877929688,71.64694213867188
2023-07-28,73.9800033569336,73.5865707397461
2023-07-31,75.81999969482422,75.41678619384766
2023-08-01,75.52999877929688,75.12833404541016
2023-08-02,73.19999694824219,72.81071472167969
2023-08-03,64.18000030517578,63.83869171142578
2023-08-04,62.75,62.416297912597656
2023-08-07,64.41999816894531,64.0774154663086
2023-08-08,63.189998626708984,62.85395431518555
2023-08-09,62.02000045776367,61.69017791748047
2023-08-10,62.790000915527344,62.456085205078125
2023-08-11,61.540000915527344,61.212730407714844
2023-08-14,63.27000045776367,62.933528900146484
2023-08-15,59.470001220703125,59.15373992919922
2023-08-16,59.68000030517578,59.36262130737305
2023-08-17,58.599998474121094,58.28836441040039
2023-08-18,59.41999816894531,59.10400390625
2023-08-21,59.5099983215332,59.19352722167969
2023-08-22,60.97999954223633,60.65570831298828
2023-08-23,61.7599983215332,61.431556701660156
2023-08-24,60.709999084472656,60.387142181396484
2023-08-25,61.189998626708984,60.86458969116211
2023-08-28,61.66999816894531,61.342037200927734
2023-08-29,62.5,62.167625427246094
2023-08-30,63.41999816894531,63.082733154296875
2023-08-31,62.5099983215332,62.17757034301758
2023-09-01,63.56999969482422,63.23193359375
2023-09-05,63.7400016784668,63.401031494140625
2023-09-06,62.79999923706055,62.46603012084961
2023-09-07,61.650001525878906,61.322147369384766
2023-09-08,60.97999954223633,60.65570831298828
2023-09-11,61.93000030517578,61.60065841674805
2023-09-12,62.810001373291016,62.475975036621094
2023-09-13,62.84000015258789,62.50581741333008
2023-09-14,64.44000244140625,64.09730529785156
2023-09-15,64.20999908447266,63.8685302734375
2023-09-18,62.939998626708984,62.60528564453125
2023-09-19,62.189998626708984,61.85927200317383
2023-09-20,60.86000061035156,60.536346435546875
2023-09-21,58.619998931884766,58.308258056640625
2023-09-22,57.880001068115234,57.57219314575195
2023-09-25,58.86000061035156,58.5469856262207
2023-09-26,58.93000030517578,58.616607666015625
2023-09-27,57.34000015258789,57.03506851196289
2023-09-28,58.18000030517578,57.870601654052734
2023-09-29,58.459999084472656,58.14910888671875
2023-10-02,58.560001373291016,58.24858093261719
2023-10-03,57.29999923706055,56.995277404785156
2023-10-04,58.56999969482422,58.25852584838867
2023-10-05,57.47999954223633,57.174320220947266
2023-10-06,57.77000045776367,57.4627799987793
2023-10-09,57.959999084472656,57.65176773071289
2023-10-10,57.720001220703125,57.413047790527344
2023-10-11,58.06999969482422,57.76118087768555
2023-10-12,56.35499954223633,56.055301666259766
2023-10-13,55.75,55.453521728515625
2023-10-16,57.0,56.69687271118164
2023-10-17,57.15999984741211,56.85602569580078
2023-10-18,55.79999923706055,55.50325393676758
2023-10-19,54.810001373291016,54.51852035522461
2023-10-20,53.38999938964844,53.10607147216797
2023-10-23,53.45000076293945,53.16575622558594
2023-10-24,54.2400016784668,53.95155334472656
2023-10-25,51.4900016784668,51.21617889404297
2023-10-26,51.75,51.47479248046875
2023-10-27,50.38999938964844,50.12202835083008
2023-10-30,51.04999923706055,50.77851486206055
2023-10-31,51.79999923706055,51.5245246887207
2023-11-01,51.65999984741211,51.38527297973633
2023-11-02,55.060001373291016,54.76719284057617
2023-11-03,56.099998474121094,55.801658630371094
2023-11-06,54.619998931884766,54.32952880859375
2023-11-07,54.630001068115234,54.3394775390625
2023-11-08,55.08000183105469,54.787086486816406
2023-11-09,54.279998779296875,53.991336822509766
2023-11-10,54.77000045776367,54.478736877441406
2023-11-13,54.38999938964844,54.10075378417969
2023-11-14,56.68000030517578,56.378578186035156
2023-11-15,58.25,57.94022750854492
2023-11-16,56.81999969482422,56.51782989501953
2023-11-17,56.540000915527344,56.23931884765625
2023-11-20,56.9900016784668,56.686927795410156
2023-11-21,55.400001525878906,55.105384826660156
2023-11-22,56.34000015258789,56.040382385253906
2023-11-24,55.7599983215332,55.46346664428711
2023-11-27,56.38999938964844,56.090118408203125
2023-11-28,58.470001220703125,58.1590576171875
2023-11-29,57.970001220703125,57.66171646118164
2023-11-30,57.61000061035156,57.30363082885742
2023-12-01,59.650001525878906,59.33278274536133
2023-12-04,59.849998474121094,59.531715393066406
2023-12-05,57.91999816894531,57.61198043823242
2023-12-06,59.529998779296875,59.21342086791992
2023-12-07,58.47999954223633,58.169002532958984
2023-12-08,58.939998626708984,58.626556396484375
2023-12-11,59.040000915527344,58.72602844238281
2023-12-12,58.88999938964844,58.57682418823242
2023-12-13,61.72999954223633,61.40171813964844
2023-12-14,61.869998931884766,61.54097366333008
2023-12-15,61.2599983215332,60.93421936035156
2023-12-18,61.470001220703125,61.143104553222656
2023-12-19,63.0099983215332,62.67491149902344
2023-12-20,61.7400016784668,61.41166687011719
2023-12-21,62.060001373291016,61.72996520996094
2023-12-22,61.84000015258789,61.51113510131836
2023-12-26,62.560001373291016,62.22731018066406
2023-12-27,62.68000030517578,62.3466682434082
2023-12-28,63.08000183105469,62.74454116821289
2023-12-29,61.40999984741211,61.08342361450195
2024-01-02,61.459999084472656,61.133155822753906
2024-01-03,58.630001068115234,58.318206787109375
2024-01-04,58.45000076293945,58.139163970947266
2024-01-05,60.119998931884766,59.8002815246582
2024-01-08,61.7400016784668,61.41166687011719
2024-01-09,61.04999923706055,60.725337982177734
2024-01-10,60.959999084472656,60.63581466674805
2024-01-11,61.349998474121094,61.023738861083984
2024-01-12,61.0,60.675601959228516
2024-01-16,58.45000076293945,58.139163970947266
2024-01-17,59.88999938964844,59.57150650024414
2024-01-18,62.09000015258789,61.75980758666992
2024-01-19,65.81999969482422,65.46996307373047
2024-01-22,63.7400016784668,63.401031494140625
2024-01-23,64.77999877929688,64.43550109863281
2024-01-24,63.02000045776367,62.68486022949219
2024-01-25,60.709999084472656,60.387142181396484
2024-01-26,61.779998779296875,61.45145034790039
2024-01-29,63.7599983215332,63.420921325683594
2024-01-30,63.68000030517578,63.341346740722656
2024-01-31,61.349998474121094,61.023738861083984
2024-02-01,62.02000045776367,61.69017791748047
2024-02-02,62.41999816894531,62.08804702758789
2024-02-05,61.540000915527344,61.212730407714844
2024-02-06,63.709999084472656,63.37118911743164
2024-02-07,63.2400016784668,62.90369415283203
2024-02-08,56.130001068115234,55.83150100708008
2024-02-09,58.90999984741211,58.59671401977539
2024-02-12,60.09000015258789,59.770442962646484
2024-02-13,58.2599983215332,57.95016860961914
2024-02-14,58.869998931884766,58.55693054199219
2024-02-15,59.70000076293945,59.38251876831055
2024-02-16,59.13999938964844,58.82549285888672
2024-02-20,58.630001068115234,58.318206787109375
2024-02-21,57.47999954223633,57.174320220947266
2024-02-22,58.349998474121094,58.03969192504883
2024-02-23,59.15999984741211,58.84538650512695
2024-02-26,59.33000183105469,59.014488220214844
2024-02-27,60.15999984741211,59.84006881713867
2024-02-28,60.25,59.929588317871094
2024-02-29,60.34000015258789,60.01911163330078
2024-03-01,60.540000915527344,60.218048095703125
2024-03-04,59.97999954223633,59.66102600097656
2024-03-05,58.27000045776367,57.96011734008789
2024-03-06,58.119998931884766,57.810916900634766
2024-03-07,58.5,58.18889617919922
2024-03-08,59.0099983215332,58.69618225097656
2024-03-11,60.08000183105469,59.760498046875
2024-03-12,60.029998779296875,59.710758209228516
2024-03-13,62.45000076293945,62.117889404296875
2024-03-14,63.0,62.66496658325195
2024-03-15,62.849998474121094,62.51576232910156
2024-03-18,64.2300033569336,63.888427734375
2024-03-19,63.0099983215332,62.67491149902344
2024-03-20,65.05000305175781,64.70406341552734
2024-03-21,66.13999938964844,65.78826904296875
2024-03-22,64.7699966430664,64.42555236816406
2024-03-25,66.0,65.64900970458984
2024-03-26,66.66999816894531,66.31544494628906
2024-03-27,66.56999969482422,66.21598052978516
2024-03-28,66.98999786376953,66.63375091552734
2024-04-01,65.02999877929688,64.68416595458984
2024-04-02,64.66000366210938,64.3161392211914
2024-04-03,65.33999633789062,64.99251556396484
2024-04-04,64.54000091552734,64.19677734375
2024-04-05,65.1500015258789,64.80353546142578
2024-04-08,66.33999633789062,65.98719787597656
2024-04-09,67.0,66.6436996459961
2024-04-10,65.87999725341797,65.52964782714844
2024-04-11,65.80000305175781,65.4500732421875
2024-04-12,64.58999633789062,64.24650573730469
2024-04-15,63.5099983215332,63.1722526550293
2024-04-16,63.43000030517578,63.092681884765625
2024-04-17,63.2599983215332,62.923580169677734
2024-04-18,62.099998474121094,61.769752502441406
2024-04-19,62.310001373291016,61.9786376953125
2024-04-22,63.189998626708984,62.85395431518555
2024-04-23,64.43000030517578,64.08736419677734
2024-04-24,64.83999633789062,64.49517822265625
2024-04-25,64.0999984741211,63.759117126464844
2024-04-26,65.95999908447266,65.60922241210938
2024-04-29,66.98999786376953,66.63375091552734
2024-04-30,67.91999816894531,67.55879974365234
2024-05-01,66.13999938964844,65.78826904296875
2024-05-02,66.9800033569336,66.62380981445312
2024-05-03,65.69999694824219,65.3506088256836
2024-05-06,65.61000061035156,65.2610855102539
2024-05-07,65.91999816894531,65.5694351196289
2024-05-08,63.810001373291016,63.47066116333008
2024-05-09,64.44999694824219,64.10724639892578
2024-05-10,62.93000030517578,62.595340728759766
2024-05-13,63.95000076293945,63.60991287231445
2024-05-14,64.58000183105469,64.23656463623047
2024-05-15,63.900001525878906,63.5601806640625
2024-05-16,64.0999984741211,63.759117126464844
2024-05-17,64.4800033569336,64.13709259033203
2024-05-20,64.7699966430664,64.42555236816406
2024-05-21,64.0999984741211,63.759117126464844
2024-05-22,62.189998626708984,61.85927200317383
2024-05-23,61.58000183105469,61.25251770019531
2024-05-24,61.63999938964844,61.312198638916016
2024-05-28,62.16999816894531,61.839378356933594
2024-05-29,61.04999923706055,60.725337982177734
2024-05-30,62.5099983215332,62.17757034301758
2024-05-31,62.9900016784668,62.65502166748047
2024-06-03,63.459999084472656,63.12251663208008
2024-06-04,63.33000183105469,62.99321365356445
2024-06-05,63.529998779296875,63.19214630126953
2024-06-06,67.0199966430664,66.66358947753906
2024-06-07,67.30000305175781,66.94210052490234
2024-06-10,67.08999633789062,66.73320770263672
2024-06-11,64.7699966430664,64.42555236816406
2024-06-12,63.43000030517578,63.092681884765625
2024-06-13,61.540000915527344,61.212730407714844
2024-06-14,60.6349983215332,60.31254196166992
2024-06-17,60.130001068115234,59.81023025512695
2024-06-18,59.119998931884766,58.80559539794922
2024-06-20,59.79999923706055,59.48198318481445
2024-06-21,60.61000061035156,60.28767776489258
2024-06-24,59.4900016784668,59.17363357543945
2024-06-25,59.33000183105469,59.014488220214844
2024-06-26,58.2599983215332,57.95016860961914
2024-06-27,58.369998931884766,58.05958938598633
2024-06-28,58.029998779296875,57.721397399902344
2024-07-01,57.810001373291016,57.50257110595703
2024-07-02,58.970001220703125,58.65639877319336
2024-07-03,59.63999938964844,59.32283401489258
2024-07-05,59.7599983215332,59.442195892333984
2024-07-08,59.09000015258789,58.775760650634766
2024-07-09,59.0,58.68623733520508
2024-07-10,58.900001525878906,58.58677291870117
2024-07-11,59.9900016784668,59.67097473144531
2024-07-12,60.27000045776367,59.949485778808594
2024-07-15,60.470001220703125,60.14842224121094
2024-07-16,61.810001373291016,61.48129653930664
2024-07-17,61.2400016784668,60.914329528808594
2024-07-18,60.0,59.6809196472168
2024-07-19,59.33000183105469,59.014488220214844
2024-07-22,60.77000045776367,60.44682693481445
2024-07-23,59.709999084472656,59.39246368408203
2024-07-24,58.06999969482422,57.76118087768555
2024-07-25,57.220001220703125,56.91570281982422
2024-07-26,58.290000915527344,57.98001480102539
2024-07-29,58.939998626708984,58.626556396484375
2024-07-30,64.0,63.65964889526367
2024-07-31,65.77999877929688,65.43017578125
2024-08-01,65.30999755859375,64.96267700195312
2024-08-02,61.97999954223633,61.650390625
2024-08-05,60.459999084472656,60.13847351074219
2024-08-06,62.75,62.416297912597656
2024-08-07,62.7400016784668,62.40635299682617
2024-08-08,64.27999877929688,63.93815994262695
2024-08-09,64.72000122070312,64.37582397460938
2024-08-12,63.459999084472656,63.12251663208008
2024-08-13,65.11000061035156,64.76374816894531
2024-08-14,66.13999938964844,65.78826904296875
2024-08-15,67.94000244140625,67.57869720458984
2024-08-16,67.95999908447266,67.59858703613281
2024-08-19,69.43000030517578,69.0607681274414
2024-08-20,71.88999938964844,71.50768280029297
2024-08-21,71.45999908447266,71.07997131347656
2024-08-22,71.5199966430664,71.1396484375
2024-08-23,71.69999694824219,71.31869506835938
2024-08-26,72.04000091552734,71.65689086914062
2024-08-27,71.58999633789062,71.20928192138672
2024-08-28,70.43000030517578,70.05545806884766
2024-08-29,73.16000366210938,72.77093505859375
2024-08-30,72.43000030517578,72.04481506347656
2024-09-03,72.0,71.61710357666016
2024-09-04,72.61000061035156,72.22386169433594
2024-09-05,72.02999877929688,71.64694213867188
2024-09-06,68.88999938964844,68.52364349365234
2024-09-09,69.3499984741211,68.98119354248047
2024-09-10,68.8499984741211,68.48384857177734
2024-09-11,69.3499984741211,68.98119354248047
2024-09-12,70.36000061035156,69.98582458496094
2024-09-13,70.0999984741211,69.72720336914062
2024-09-16,71.06999969482422,70.69204711914062
2024-09-17,71.7699966430664,71.3883285522461
2024-09-18,73.12000274658203,72.73114776611328
2024-09-19,77.56999969482422,77.15747833251953
2024-09-20,76.76000213623047,76.35179138183594
2024-09-23,77.66999816894531,77.25695037841797
2024-09-24,78.33999633789062,77.92337799072266
2024-09-25,77.36000061035156,76.94860076904297
2024-09-26,80.08000183105469,79.65413665771484
2024-09-27,77.87999725341797,77.46583557128906
2024-09-30,78.02999877929688,77.61503601074219
2024-10-01,77.47000122070312,77.05801391601562
2024-10-02,77.44000244140625,77.02818298339844
2024-10-03,77.30999755859375,76.89886474609375
2024-10-04,79.36000061035156,78.9379653930664
2024-10-07,80.26000213623047,79.83317565917969
2024-10-08,81.16000366210938,80.7283935546875
2024-10-09,81.6500015258789,81.21578979492188
2024-10-10,78.9800033569336,78.55998992919922
2024-10-11,80.51000213623047,80.08184814453125
2024-10-14,80.66999816894531,80.24099731445312
2024-10-15,79.55000305175781,79.12696075439453
2024-10-16,80.81999969482422,80.39019775390625
2024-10-17,79.81999969482422,79.39551544189453
2024-10-18,80.94000244140625,80.50955963134766
2024-10-21,80.55999755859375,80.13157653808594
2024-10-22,80.91000366210938,80.47972869873047
2024-10-23,80.83000183105469,80.400146484375
2024-10-24,81.38999938964844,80.95716094970703
2024-10-25,81.69999694824219,81.26551818847656
2024-10-28,83.58999633789062,83.14546203613281
2024-10-29,80.27999877929688,79.85307312011719
2024-10-30,78.22000122070312,77.80403137207031
2024-10-31,79.30000305175781,78.87828063964844
2024-11-01,77.25,76.83918762207031
2024-11-04,78.12999725341797,77.7145004272461
2024-11-05,79.25,78.82854461669922
2024-11-06,81.41000366210938,80.97706604003906
2024-11-07,81.3499984741211,80.9173812866211
2024-11-08,83.01000213623047,82.56855773925781
2024-11-11,86.94000244140625,86.4776611328125
2024-11-12,86.4000015258789,85.9405288696289
2024-11-13,87.30999755859375,86.84568786621094
2024-11-14,85.79000091552734,85.33377075195312
2024-11-15,85.83000183105469,85.3735580444336
2024-11-18,84.66999816894531,84.2197265625
2024-11-19,84.08999633789062,83.64280700683594
2024-11-20,84.73999786376953,84.28935241699219
2024-11-21,84.81999969482422,84.36892700195312
2024-11-22,86.7699966430664,86.30855560302734
2024-11-25,87.7699966430664,87.30323791503906
2024-11-26,86.94000244140625,86.4776611328125
2024-11-27,86.56999969482422,86.109619140625
2024-11-29,86.7699966430664,86.30855560302734
2024-12-02,86.52999877929688,86.06983947753906
2024-12-03,85.13999938964844,84.68722534179688
2024-12-04,89.33000183105469,88.85494232177734
2024-12-05,89.04499816894531,88.57145690917969
2024-12-06,89.87999725341797,89.40201568603516
2024-12-09,90.0,89.5213851928711
2024-12-10,88.76000213623047,88.28797149658203
2024-12-11,90.75,90.26739501953125
2024-12-12,89.4000015258789,88.92457580566406
2024-12-13,91.0199966430664,90.53594970703125
2024-12-16,91.30000305175781,90.8144760131836
2024-12-17,90.86000061035156,90.3768081665039
2024-12-18,85.44999694824219,84.99557495117188
2024-12-19,86.77999877929688,86.3185043334961
2024-12-20,87.12999725341797,86.66664123535156
2024-12-23,86.9000015258789,86.4378662109375
2024-12-24,88.25,87.78069305419922
2024-12-26,88.13999938964844,87.67127227783203
2024-12-27,86.86000061035156,86.39807891845703
2024-12-30,85.43000030517578,84.9756851196289
2024-12-31,85.3499984741211,84.89610290527344
2025-01-02,86.18000030517578,85.72169494628906
2025-01-03,87.5999984741211,87.13414001464844
2025-01-06,89.52999877929688,89.05387878417969
2025-01-07,87.97000122070312,87.5021743774414
2025-01-08,87.94000244140625,87.47233581542969
2025-01-10,83.36000061035156,82.91669464111328
2025-01-13,83.98999786376953,83.5433349609375
2025-01-14,87.18000030517578,86.71637725830078
2025-01-15,89.63999938964844,89.16329193115234
2025-01-16,88.91999816894531,88.4471206665039
2025-01-17,91.80999755859375,91.32174682617188
2025-01-21,89.7699966430664,89.2926025390625
2025-01-22,89.8499984741211,89.37217712402344
2025-01-23,89.7300033569336,89.25281524658203
2025-01-24,89.11000061035156,88.63611602783203
2025-01-27,90.23999786376953,89.76010131835938
2025-01-28,88.19000244140625,87.72100830078125
2025-01-29,88.76000213623047,88.28797149658203
2025-01-30,89.56999969482422,89.09367370605469
2025-01-31,88.58000183105469,88.10893249511719
2025-02-03,89.51000213623047,89.03398895263672
2025-02-04,77.7249984741211,77.31165313720703
2025-02-05,79.19999694824219,78.77880859375
2025-02-06,78.56999969482422,78.15216827392578
2025-02-07,77.30999755859375,76.89886474609375
2025-02-10,78.23999786376953,77.82392120361328
2025-02-11,76.20999908447266,75.8047103881836
2025-02-12,76.2699966430664,75.86438751220703
2025-02-13,76.58999633789062,76.18268585205078
2025-02-14,77.97000122070312,77.55535125732422
2025-02-18,78.62000274658203,78.201904296875
2025-02-19,78.36000061035156,77.94327545166016
2025-02-20,77.62999725341797,77.2171630859375
2025-02-21,74.94999694824219,74.5514144897461
2025-02-24,75.25,74.84982299804688
2025-02-25,74.06999969482422,73.67609405517578
2025-02-26,72.05000305175781,71.66683959960938
2025-02-27,70.7300033569336,70.3538589477539
2025-02-28,71.05000305175781,70.67215728759766
2025-03-03,69.75,69.37906646728516
2025-03-04,67.4800033569336,67.12113952636719
2025-03-05,69.5,69.13040161132812
2025-03-06,68.08000183105469,67.71794891357422
2025-03-07,70.4800033569336,70.10519409179688
2025-03-10,68.16000366210938,67.79753112792969
2025-03-11,67.9800033569336,67.61848449707031
2025-03-12,68.62000274658203,68.25508117675781
2025-03-13,66.91000366210938,66.5541763305664
2025-03-14,68.94999694824219,68.58332061767578
2025-03-17,69.6500015258789,69.27960205078125
2025-03-18,68.87999725341797,68.5136947631836
2025-03-19,70.0,69.62773895263672
2025-03-20,69.66999816894531,69.29949188232422
2025-03-21,70.19000244140625,69.81672668457031
2025-03-24,70.97000122070312,70.59258270263672
2025-03-25,70.86000061035156,70.48316955566406
2025-03-26,69.97000122070312,69.597900390625
2025-03-27,68.86000061035156,68.4937973022461
2025-03-28,65.1500015258789,64.80353546142578
2025-03-31,65.25,64.90299987792969
2025-04-01,66.0999984741211,65.74848175048828
2025-04-02,67.1500015258789,66.79289245605469
2025-04-03,61.709999084472656,61.38182830810547
2025-04-04,58.369998931884766,58.05958938598633
2025-04-07,58.529998779296875,58.21873474121094
2025-04-08,57.40999984741211,57.10469055175781
2025-04-09,63.95000076293945,63.60991287231445
2025-04-10,60.560001373291016,60.237945556640625
2025-04-11,62.59000015258789,62.257144927978516
2025-04-14,62.27000045776367,61.93885040283203
2025-04-15,62.0,61.670284271240234
2025-04-16,60.2400016784668,59.91964340209961
2025-04-17,61.0,60.675601959228516
2025-04-21,60.28499984741211,59.96440505981445
2025-04-22,61.41999816894531,61.09336853027344
2025-04-23,62.459999084472656,62.127838134765625
2025-04-24,64.7699966430664,64.42555236816406
2025-04-25,65.33999633789062,64.99251556396484
2025-04-28,64.93000030517578,64.58470153808594
2025-04-29,66.31999969482422,65.9673080444336
2025-04-30,65.83999633789062,65.48986053466797
2025-05-01,65.41000366210938,65.06214904785156
2025-05-02,67.23999786376953,66.88241577148438
2025-05-05,68.54000091552734,68.17550659179688
2025-05-06,68.05000305175781,67.6881103515625
2025-05-07,68.69000244140625,68.32471466064453
2025-05-08,70.4800033569336,70.10519409179688
2025-05-09,70.26000213623047,69.88636016845703
2025-05-12,72.30999755859375,71.92545318603516
2025-05-13,72.29000091552734,71.90556335449219
2025-05-14,72.68000030517578,72.29348754882812
2025-05-15,71.56999969482422,71.18939208984375
2025-05-16,72.18000030517578,71.79615020751953
2025-05-19,72.31999969482422,71.9354019165039
2025-05-20,72.61000061035156,72.22386169433594
2025-05-21,71.6500015258789,71.26896667480469
2025-05-22,71.44999694824219,71.07002258300781
2025-05-23,69.8499984741211,69.4785385131836
2025-05-27,71.4800033569336,71.09986877441406
2025-05-28,71.44000244140625,71.0600814819336
2025-05-29,70.93000030517578,70.55279541015625
2025-05-30,70.27999877929688,69.90625
2025-06-02,70.93000030517578,70.55279541015625
2025-06-03,71.33000183105469,70.95066833496094
2025-06-04,72.80000305175781,72.41284942626953
2025-06-05,72.47000122070312,72.08460235595703
2025-06-06,73.43000030517578,73.03950500488281
2025-06-09,73.55000305175781,73.15885925292969
2025-06-10,74.76000213623047,74.36243438720703
2025-06-11,74.61000061035156,74.21322631835938
2025-06-12,74.80999755859375,74.41216278076172
2025-06-13,70.83000183105469,70.45333099365234
2025-06-16,72.26000213623047,71.87571716308594
2025-06-17,70.66999816894531,70.29417419433594
2025-06-18,68.56999969482422,68.2053451538086
2025-06-20,70.05000305175781,69.67748260498047
2025-06-23,72.01000213623047,71.6270523071289
2025-06-24,73.58000183105469,73.1886978149414
2025-06-25,73.06999969482422,72.6814193725586
2025-06-26,73.16999816894531,72.78087615966797
2025-06-27,73.63999938964844,73.24838256835938
2025-06-30,74.31999969482422,73.92476654052734
2025-07-01,75.29000091552734,74.88960266113281
2025-07-02,76.30999755859375,75.90418243408203
2025-07-03,76.58999633789062,76.18268585205078
2025-07-07,76.18000030517578,75.77487182617188
2025-07-08,75.02999877929688,74.63098907470703
2025-07-09,74.83000183105469,74.43206024169922
2025-07-10,75.69999694824219,75.29742431640625
2025-07-11,71.36000061035156,70.98051452636719
2025-07-14,73.88999938964844,73.49705505371094
2025-07-15,72.95999908447266,72.5719985961914
2025-07-16,72.97000122070312,72.58194732666016
2025-07-17,73.86000061035156,73.46721649169922
2025-07-18,74.16999816894531,73.77555847167969
2025-07-21,74.81999969482422,74.42211151123047
2025-07-22,76.0,75.59583282470703
2025-07-23,76.66000366210938,76.25232696533203
2025-07-24,77.81999969482422,77.40615844726562
2025-07-25,77.9800033569336,77.56529998779297
2025-07-28,78.22000122070312,77.80403137207031
2025-07-29,71.44999694824219,71.07002258300781
2025-07-30,69.70999908447266,69.33927917480469
2025-07-31,68.76000213623047,68.39434051513672
2025-08-01,67.11000061035156,66.75310516357422
2025-08-04,68.01000213623047,67.64832305908203
2025-08-05,67.83000183105469,67.46928405761719
2025-08-06,69.41999816894531,69.05081939697266
2025-08-07,68.22000122070312,67.85720825195312
2025-08-08,67.6500015258789,67.29023742675781
2025-08-11,67.08000183105469,66.7232666015625
2025-08-12,67.97000122070312,67.60853576660156
2025-08-13,70.62999725341797,70.25438690185547
2025-08-14,69.37999725341797,69.01103210449219
2025-08-15,69.2300033569336,68.86183166503906
2025-08-18,69.52999877929688,69.16024017333984
2025-08-19,69.05000305175781,68.68279266357422
2025-08-20,68.08000183105469,67.71794891357422
2025-08-21,67.55000305175781,67.1907730102539
2025-08-22,69.9000015258789,69.52827453613281
2025-08-25,69.4800033569336,69.11051177978516
2025-08-26,70.18000030517578,69.80677795410156
2025-08-27,69.6500015258789,69.27960205078125
2025-08-28,70.05999755859375,69.68742370605469
2025-08-29,70.19000244140625,69.81672668457031
2025-09-02,69.25,68.88172912597656
2025-09-03,69.63999938964844,69.26966094970703
2025-09-04,68.45999908447266,68.0959243774414
2025-09-05,68.26000213623047,67.8969955444336
2025-09-08,68.4000015258789,68.03624725341797
2025-09-09,67.68000030517578,67.32007598876953
2025-09-10,65.63999938964844,65.29093170166016
2025-09-11,67.2699966430664,66.9122543334961
2025-09-12,66.88999938964844,66.5342788696289
2025-09-15,67.11000061035156,66.75310516357422
2025-09-16,66.8499984741211,66.49449157714844
2025-09-17,68.62000274658203,68.25508117675781
2025-09-18,68.5199966430664,68.15560913085938
2025-09-19,68.22000122070312,67.85720825195312
2025-09-22,67.68000030517578,67.32007598876953
2025-09-23,67.30999755859375,66.95204162597656
2025-09-24,67.86000061035156,67.4991226196289
2025-09-25,66.73999786376953,66.38507080078125
2025-09-26,67.30000305175781,66.94210052490234
2025-09-29,69.68000030517578,69.30944061279297
2025-09-30,67.05999755859375,66.703369140625
2025-10-01,66.66000366210938,66.30550384521484
2025-10-02,68.93000030517578,68.56343078613281
2025-10-03,69.25,68.88172912597656
2025-10-06,71.29000091552734,70.91088104248047
2025-10-07,74.61000061035156,74.21322631835938
2025-10-08,76.12999725341797,75.72514343261719
2025-10-09,75.75,75.34716033935547
2025-10-10,69.83999633789062,69.46858978271484
2025-10-13,68.86000061035156,68.4937973022461
2025-10-14,69.1500015258789,68.78226470947266
2025-10-15,67.9800033569336,67.61848449707031
2025-10-16,66.05000305175781,65.6987533569336
2025-10-17,67.41000366210938,67.05152130126953
2025-10-20,69.19999694824219,68.83199310302734
2025-10-21,70.05000305175781,69.67748260498047
2025-10-22,68.06999969482422,67.70800018310547
2025-10-23,69.66000366210938,69.28955078125
2025-10-24,69.7699966430664,69.39895629882812
2025-10-27,70.25,69.87641143798828
2025-10-28,73.0199966430664,72.63167572021484
2025-10-29,69.68000030517578,69.30944061279297
2025-10-30,67.93000030517578,67.5687484741211
2025-10-31,69.2699966430664,68.90161895751953
2025-11-03,68.33999633789062,67.9765625
2025-11-04,66.08000183105469,65.72859191894531
2025-11-05,68.05999755859375,67.69805145263672
2025-11-06,66.26000213623047,65.90763092041016
2025-11-07,66.22000122070312,65.86784362792969
2025-11-10,66.25,65.8976821899414
2025-11-11,67.4000015258789,67.04157257080078
2025-11-12,67.19999694824219,66.8426284790039
2025-11-13,65.33000183105469,64.98257446289062
2025-11-14,62.810001373291016,62.475975036621094
2025-11-17,61.88999938964844,61.56087112426758
2025-11-18,60.70000076293945,60.377197265625
2025-11-19,60.11000061035156,59.92855453491211
2025-11-20,58.10499954223633,57.92960739135742
2025-11-21,60.56999969482422,60.38716506958008
2025-11-24,60.560001373291016,60.377197265625
2025-11-25,61.220001220703125,61.03520584106445
2025-11-26,61.83000183105469,61.64336395263672
2025-11-28,62.689998626708984,62.50076675415039
2025-12-01,62.58000183105469,62.3911018371582
2025-12-02,62.900001525878906,62.71013259887695
2025-12-03,61.2400016784668,61.055145263671875
2025-12-04,61.72999954223633,61.543663024902344
2025-12-05,62.279998779296875,62.092002868652344
2025-12-08,61.119998931884766,60.93550491333008
2025-12-09,60.779998779296875,60.59653091430664
2025-12-10,61.15999984741211,60.97538375854492
2025-12-11,61.689998626708984,61.5037841796875
2025-12-12,61.65999984741211,61.473876953125
2025-12-15,60.7400016784668,60.55665588378906
2025-12-16,61.33000183105469,61.144874572753906
2025-12-17,60.18000030517578,59.99834442138672
2025-12-18,59.439998626708984,59.26057434082031
2025-12-19,59.810001373291016,59.62946319580078
2025-12-22,59.86000061035156,59.6793098449707
2025-12-23,59.40999984741211,59.23066711425781
2025-12-24,60.040000915527344,59.858768463134766
2025-12-26,59.970001220703125,59.788978576660156
2025-12-29,59.4900016784668,59.310428619384766
2025-12-30,59.099998474121094,58.921600341796875
