date,close,adj_close
2009-06-01,29.059999465942383,20.795116424560547
2009-06-02,28.440000534057617,20.351444244384766
2009-06-03,26.829999923706055,19.1993465423584
2009-06-04,28.165000915527344,20.154659271240234
2009-06-05,28.579999923706055,20.451631546020508
2009-06-08,28.239999771118164,20.208328247070312
2009-06-09,29.479999542236328,21.095672607421875
2009-06-10,29.94499969482422,21.42841148376465
2009-06-11,30.209999084472656,21.61804962158203
2009-06-12,29.2549991607666,20.934654235839844
2009-06-15,27.56999969482422,19.728879928588867
2009-06-16,26.19499969482422,18.744943618774414
2009-06-17,25.239999771118164,18.061553955078125
2009-06-18,25.25,18.06870460510254
2009-06-19,25.46500015258789,18.222562789916992
2009-06-22,22.59000015258789,16.165233612060547
2009-06-23,23.59000015258789,16.88082504272461
2009-06-24,24.399999618530273,17.460453033447266
2009-06-25,25.375,18.158151626586914
2009-06-26,25.274999618530273,18.08659553527832
2009-06-29,25.165000915527344,18.00788116455078
2009-06-30,25.05500030517578,17.92916488647461
2009-07-01,25.28499984741211,18.093753814697266
2009-07-02,24.860000610351562,17.789623260498047
2009-07-06,22.969999313354492,16.43715476989746
2009-07-07,22.5,16.100828170776367
2009-07-08,22.549999237060547,16.136611938476562
2009-07-09,23.344999313354492,16.70550537109375
2009-07-10,23.31999969482422,16.687612533569336
2009-07-13,23.954999923706055,17.142017364501953
2009-07-14,24.09000015258789,17.23862648010254
2009-07-15,25.454999923706055,18.21540641784668
2009-07-16,26.90999984741211,19.256595611572266
2009-07-17,27.75,19.85769271850586
2009-07-20,28.5,20.39438247680664
2009-07-21,29.084999084472656,20.813003540039062
2009-07-22,29.389999389648438,21.03126335144043
2009-07-23,29.875,21.378320693969727
2009-07-24,29.90999984741211,21.40336799621582
2009-07-27,29.975000381469727,21.449893951416016
2009-07-28,29.28499984741211,20.95612335205078
2009-07-29,27.7549991607666,19.861265182495117
2009-07-30,29.204999923706055,20.898874282836914
2009-07-31,30.149999618530273,21.575109481811523
2009-08-03,32.56999969482422,23.30685043334961
2009-08-04,31.549999237060547,22.576940536499023
2009-08-05,32.22999954223633,23.06354331970215
2009-08-06,31.9950008392334,22.8953800201416
2009-08-07,31.704999923706055,22.6878604888916
2009-08-10,31.190000534057617,22.3193302154541
2009-08-11,30.940000534057617,22.140426635742188
2009-08-12,31.489999771118164,22.534008026123047
2009-08-13,33.03499984741211,23.63959312438965
2009-08-14,31.825000762939453,22.773725509643555
2009-08-17,29.68000030517578,21.238779067993164
2009-08-18,30.235000610351562,21.63593292236328
2009-08-19,31.045000076293945,22.2155704498291
2009-08-20,31.114999771118164,22.26565933227539
2009-08-21,32.529998779296875,23.278223037719727
2009-08-24,32.720001220703125,23.4141845703125
2009-08-25,32.05500030517578,22.938316345214844
2009-08-26,31.565000534057617,22.587671279907227
2009-08-27,32.130001068115234,22.991985321044922
2009-08-28,32.7400016784668,23.428499221801758
2009-08-31,31.489999771118164,22.534008026123047
2009-09-01,30.30500030517578,21.686025619506836
2009-09-02,30.899999618530273,22.111801147460938
2009-09-03,32.2400016784668,23.07069206237793
2009-09-04,33.0,23.61454963684082
2009-09-08,34.0,24.33014488220215
2009-09-09,33.84000015258789,24.21563720703125
2009-09-10,34.630001068115234,24.78097152709961
2009-09-11,35.185001373291016,25.178123474121094
2009-09-14,35.310001373291016,25.267562866210938
2009-09-15,35.65999984741211,25.518020629882812
2009-09-16,36.07500076293945,25.814992904663086
2009-09-17,35.73500061035156,25.571691513061523
2009-09-18,35.06999969482422,25.0958251953125
2009-09-21,35.040000915527344,25.074352264404297
2009-09-22,36.57500076293945,26.172794342041016
2009-09-23,35.54499816894531,25.435728073120117
2009-09-24,34.04999923706055,24.36591911315918
2009-09-25,33.345001220703125,23.86142349243164
2009-09-28,34.47999954223633,24.67363166809082
2009-09-29,34.15999984741211,24.44463539123535
2009-09-30,34.30500030517578,24.54839515686035
2009-10-01,32.70000076293945,23.399873733520508
2009-10-02,32.93000030517578,23.564456939697266
2009-10-05,33.654998779296875,24.0832576751709
2009-10-06,34.80500030517578,24.906200408935547
2009-10-07,36.38999938964844,26.040403366088867
2009-10-08,37.4900016784668,26.827564239501953
2009-10-09,37.16999816894531,26.598569869995117
2009-10-12,37.2400016784668,26.648662567138672
2009-10-13,37.42499923706055,26.781042098999023
2009-10-14,38.1150016784668,27.274805068969727
2009-10-15,37.96500015258789,27.167461395263672
2009-10-16,37.8650016784668,27.095903396606445
2009-10-19,39.5,28.26590919494629
2009-10-20,39.314998626708984,28.13352394104004
2009-10-21,39.86000061035156,28.52351188659668
2009-10-22,41.4900016784668,29.689929962158203
2009-10-23,40.67499923706055,29.106712341308594
2009-10-26,39.7400016784668,28.437633514404297
2009-10-27,38.724998474121094,27.711320877075195
2009-10-28,36.724998474121094,26.280128479003906
2009-10-29,39.084999084472656,27.968929290771484
2009-10-30,36.68000030517578,26.24793815612793
2009-11-02,37.30500030517578,26.69517707824707
2009-11-03,38.38999938964844,27.471588134765625
2009-11-04,38.849998474121094,27.800758361816406
2009-11-05,39.75,28.444787979125977
2009-11-06,39.779998779296875,28.46626853942871
2009-11-09,41.599998474121094,29.768640518188477
2009-11-10,41.28499984741211,29.543241500854492
2009-11-11,41.470001220703125,29.675626754760742
2009-11-12,40.58000183105469,29.038745880126953
2009-11-13,40.78499984741211,29.185426712036133
2009-11-16,42.2400016784668,30.226613998413086
2009-11-17,42.68000030517578,30.541484832763672
2009-11-18,42.345001220703125,30.301748275756836
2009-11-19,42.36000061035156,30.312484741210938
2009-11-20,42.28499984741211,30.25882911682129
2009-11-23,42.665000915527344,30.530742645263672
2009-11-24,42.79499816894531,30.623767852783203
2009-11-25,43.65999984741211,31.242767333984375
2009-11-27,42.06999969482422,30.104978561401367
2009-11-30,41.400001525878906,29.625518798828125
2009-12-01,41.95500183105469,30.02268409729004
2009-12-02,42.59000015258789,30.477081298828125
2009-12-03,41.900001525878906,29.983335494995117
2009-12-04,39.935001373291016,28.577178955078125
2009-12-07,39.345001220703125,28.154985427856445
2009-12-08,38.1349983215332,27.289113998413086
2009-12-09,39.185001373291016,28.040498733520508
2009-12-10,38.869998931884766,27.815065383911133
2009-12-11,38.404998779296875,27.48232650756836
2009-12-14,39.41999816894531,28.208656311035156
2009-12-15,39.04499816894531,27.9403076171875
2009-12-16,39.724998474121094,28.42690658569336
2009-12-17,37.97999954223633,27.178186416625977
2009-12-18,38.27000045776367,27.385719299316406
2009-12-21,38.97999954223633,27.893787384033203
2009-12-22,39.224998474121094,28.06909942626953
2009-12-23,40.46500015258789,28.95645523071289
2009-12-24,40.904998779296875,29.271305084228516
2009-12-28,40.900001525878906,29.26773452758789
2009-12-29,40.54499816894531,29.013696670532227
2009-12-30,40.439998626708984,28.938554763793945
2009-12-31,40.14500045776367,28.727458953857422
2010-01-04,41.72999954223633,29.861665725708008
2010-01-05,41.97999954223633,30.040559768676758
2010-01-06,43.654998779296875,31.23918342590332
2010-01-07,42.81999969482422,30.64168357849121
2010-01-08,44.04999923706055,31.521848678588867
2010-01-11,44.04499816894531,31.51825714111328
2010-01-12,42.3849983215332,30.330385208129883
2010-01-13,43.07500076293945,30.878780364990234
2010-01-14,42.540000915527344,30.49524688720703
2010-01-15,42.150001525878906,30.2156925201416
2010-01-19,42.29999923706055,30.32321548461914
2010-01-20,41.7599983215332,29.93610191345215
2010-01-21,38.13999938964844,27.34107208251953
2010-01-22,37.1150016784668,26.606306076049805
2010-01-25,37.29999923706055,26.738910675048828
2010-01-26,35.994998931884766,25.803409576416016
2010-01-27,35.625,25.538164138793945
2010-01-28,34.40999984741211,24.667184829711914
2010-01-29,33.345001220703125,23.903724670410156
2010-02-01,35.79499816894531,25.660037994384766
2010-02-02,36.255001068115234,25.989789962768555
2010-02-03,35.22999954223633,25.255008697509766
2010-02-04,33.369998931884766,23.921648025512695
2010-02-05,35.1150016784668,25.172555923461914
2010-02-08,34.599998474121094,24.80338478088379
2010-02-09,35.790000915527344,25.656442642211914
2010-02-10,35.51499938964844,25.459312438964844
2010-02-11,37.084999084472656,26.584774017333984
2010-02-12,36.84000015258789,26.40915298461914
2010-02-16,37.970001220703125,27.219209671020508
2010-02-17,37.560001373291016,26.925291061401367
2010-02-18,38.29999923706055,27.455774307250977
2010-02-19,38.58000183105469,27.656496047973633
2010-02-22,38.119998931884766,27.326745986938477
2010-02-23,36.81999969482422,26.39482307434082
2010-02-24,36.34000015258789,26.050724029541016
2010-02-25,37.03499984741211,26.5489444732666
2010-02-26,37.58000183105469,26.93963050842285
2010-03-01,38.224998474121094,27.402000427246094
2010-03-02,38.9900016784668,27.950403213500977
2010-03-03,39.619998931884766,28.40203285217285
2010-03-04,39.41999816894531,28.25865936279297
2010-03-05,40.35499954223633,28.928922653198242
2010-03-08,40.310001373291016,28.89667320251465
2010-03-09,39.880001068115234,28.588409423828125
2010-03-10,40.040000915527344,28.703107833862305
2010-03-11,40.25,28.853662490844727
2010-03-12,40.26499938964844,28.86440086364746
2010-03-15,40.33000183105469,28.910993576049805
2010-03-16,41.095001220703125,29.45939826965332
2010-03-17,40.6150016784668,29.115314483642578
2010-03-18,40.1349983215332,28.771207809448242
2010-03-19,39.255001068115234,28.140377044677734
2010-03-22,39.900001525878906,28.602754592895508
2010-03-23,40.54499816894531,29.065122604370117
2010-03-24,39.89500045776367,28.599157333374023
2010-03-25,38.95500183105469,27.925308227539062
2010-03-26,39.584999084472656,28.376934051513672
2010-03-29,41.439998626708984,29.706716537475586
2010-03-30,41.83000183105469,29.986295700073242
2010-03-31,41.77000045776367,29.943275451660156
2010-04-01,43.13999938964844,30.925363540649414
2010-04-05,43.665000915527344,31.301725387573242
2010-04-06,43.665000915527344,31.301725387573242
2010-04-07,42.96500015258789,30.7999267578125
2010-04-08,43.025001525878906,30.842945098876953
2010-04-09,42.834999084472656,30.706729888916016
2010-04-12,42.20000076293945,30.251527786254883
2010-04-13,42.3849983215332,30.438251495361328
2010-04-14,42.68000030517578,30.650083541870117
2010-04-15,42.11000061035156,30.24075698852539
2010-04-16,40.59000015258789,29.149187088012695
2010-04-19,40.400001525878906,29.012744903564453
2010-04-20,40.400001525878906,29.012744903564453
2010-04-21,39.20500183105469,28.154571533203125
2010-04-22,40.25,28.90501594543457
2010-04-23,39.779998779296875,28.5674991607666
2010-04-26,40.20000076293945,28.869104385375977
2010-04-27,38.07500076293945,27.343069076538086
2010-04-28,38.244998931884766,27.465167999267578
2010-04-29,38.86000061035156,27.90680694580078
2010-04-30,37.76499938964844,27.120454788208008
2010-05-03,36.869998931884766,26.47772216796875
2010-05-04,35.244998931884766,25.31073570251465
2010-05-05,35.220001220703125,25.29277992248535
2010-05-06,34.51499938964844,24.7864990234375
2010-05-07,33.79499816894531,24.269445419311523
2010-05-10,36.25,26.032474517822266
2010-05-11,35.119998931884766,25.220977783203125
2010-05-12,36.5,26.211999893188477
2010-05-13,35.85499954223633,25.748804092407227
2010-05-14,34.86000061035156,25.03426742553711
2010-05-17,33.98500061035156,24.405885696411133
2010-05-18,33.67499923706055,24.18327522277832
2010-05-19,33.845001220703125,24.30534553527832
2010-05-20,31.809999465942383,22.84394073486328
2010-05-21,33.505001068115234,24.061185836791992
2010-05-24,32.779998779296875,23.540542602539062
2010-05-25,33.810001373291016,24.28021812438965
2010-05-26,33.29499816894531,23.910375595092773
2010-05-27,35.53499984741211,25.51900291442871
2010-05-28,35.025001525878906,25.152753829956055
2010-06-01,33.244998931884766,23.874467849731445
2010-06-02,34.5099983215332,24.78291130065918
2010-06-03,33.084999084472656,23.75956916809082
2010-06-04,31.405000686645508,22.553098678588867
2010-06-07,29.329999923706055,21.062963485717773
2010-06-08,30.739999771118164,22.075529098510742
2010-06-09,30.375,21.813411712646484
2010-06-10,32.18000030517578,23.10964584350586
2010-06-11,32.46500015258789,23.314321517944336
2010-06-14,32.630001068115234,23.43281364440918
2010-06-15,33.525001525878906,24.075550079345703
2010-06-16,33.51499938964844,24.06836700439453
2010-06-17,32.904998779296875,23.63030242919922
2010-06-18,32.95000076293945,23.662626266479492
2010-06-21,34.040000915527344,24.445384979248047
2010-06-22,32.595001220703125,23.407678604125977
2010-06-23,32.529998779296875,23.360998153686523
2010-06-24,31.719999313354492,22.779308319091797
2010-06-25,33.28499984741211,23.9031982421875
2010-06-28,32.33000183105469,23.21737289428711
2010-06-29,30.53499984741211,21.928314208984375
2010-06-30,29.565000534057617,21.231725692749023
2010-07-01,29.09000015258789,20.890605926513672
2010-07-02,29.270000457763672,21.019878387451172
2010-07-06,29.594999313354492,21.25326919555664
2010-07-07,31.479999542236328,22.60695457458496
2010-07-08,31.579999923706055,22.678770065307617
2010-07-09,32.9900016784668,23.691341400146484
2010-07-12,31.610000610351562,22.700315475463867
2010-07-13,32.060001373291016,23.133256912231445
2010-07-14,31.829999923706055,22.967296600341797
2010-07-15,31.584999084472656,22.790502548217773
2010-07-16,30.040000915527344,21.67569923400879
2010-07-19,30.43000030517578,21.957107543945312
2010-07-20,32.15999984741211,23.205406188964844
2010-07-21,33.029998779296875,23.833160400390625
2010-07-22,34.38999938964844,24.814491271972656
2010-07-23,35.540000915527344,25.644287109375
2010-07-26,35.619998931884766,25.702007293701172
2010-07-27,34.915000915527344,25.193309783935547
2010-07-28,35.189998626708984,25.391733169555664
2010-07-29,35.369998931884766,25.52161979675293
2010-07-30,35.77000045776367,25.81024169921875
2010-08-02,37.400001525878906,26.98638916015625
2010-08-03,37.01499938964844,26.708589553833008
2010-08-04,37.5,27.058542251586914
2010-08-05,37.03499984741211,26.723024368286133
2010-08-06,37.30500030517578,26.9178466796875
2010-08-09,37.3650016784668,26.961137771606445
2010-08-10,36.60499954223633,26.412744522094727
2010-08-11,35.02000045776367,25.26907730102539
2010-08-12,35.19499969482422,25.39535140991211
2010-08-13,35.03499984741211,25.279895782470703
2010-08-16,35.314998626708984,25.48194122314453
2010-08-17,36.415000915527344,26.275650024414062
2010-08-18,36.61000061035156,26.416358947753906
2010-08-19,36.04499816894531,26.008665084838867
2010-08-20,35.685001373291016,25.74892234802246
2010-08-23,35.18000030517578,25.384525299072266
2010-08-24,33.525001525878906,24.19034194946289
2010-08-25,33.33000183105469,24.04963493347168
2010-08-26,33.55500030517578,24.21198844909668
2010-08-27,35.599998474121094,25.68757438659668
2010-08-30,35.18000030517578,25.384525299072266
2010-08-31,35.994998931884766,25.972593307495117
2010-09-01,38.095001220703125,27.48787498474121
2010-09-02,38.47999954223633,27.765674591064453
2010-09-03,39.275001525878906,28.339319229125977
2010-09-07,38.93000030517578,28.09038543701172
2010-09-08,39.56999969482422,28.55217742919922
2010-09-09,39.08000183105469,28.198610305786133
2010-09-10,39.654998779296875,28.613515853881836
2010-09-13,40.88999938964844,29.504642486572266
2010-09-14,40.720001220703125,29.381959915161133
2010-09-15,40.70000076293945,29.367536544799805
2010-09-16,40.8650016784668,29.486595153808594
2010-09-17,40.86000061035156,29.482994079589844
2010-09-20,41.67499923706055,30.071060180664062
2010-09-21,41.494998931884766,29.941179275512695
2010-09-22,42.255001068115234,30.489578247070312
2010-09-23,42.1150016784668,30.3885555267334
2010-09-24,43.30500030517578,31.247209548950195
2010-09-27,43.279998779296875,31.229175567626953
2010-09-28,43.51499938964844,31.398733139038086
2010-09-29,43.099998474121094,31.099288940429688
2010-09-30,42.69499969482422,30.807058334350586
2010-10-01,44.564998626708984,32.1563720703125
2010-10-04,43.6150016784668,31.47089385986328
2010-10-05,45.59000015258789,32.895973205566406
2010-10-06,46.810001373291016,33.77628707885742
2010-10-07,45.70000076293945,32.975337982177734
2010-10-08,47.755001068115234,34.458168029785156
2010-10-11,47.689998626708984,34.41126251220703
2010-10-12,47.71500015258789,34.429290771484375
2010-10-13,49.540000915527344,35.858856201171875
2010-10-14,49.494998931884766,35.826297760009766
2010-10-15,49.025001525878906,35.48610305786133
2010-10-18,48.150001525878906,34.85272216796875
2010-10-19,46.36000061035156,33.55707550048828
2010-10-20,47.67499923706055,34.508914947509766
2010-10-21,48.21500015258789,34.89979934692383
2010-10-22,47.025001525878906,34.03843307495117
2010-10-25,48.03499984741211,34.76948547363281
2010-10-26,49.13999938964844,35.56934356689453
2010-10-27,47.75,34.56320571899414
2010-10-28,47.744998931884766,34.55958557128906
2010-10-29,47.39500045776367,34.30625534057617
2010-11-01,48.119998931884766,34.831024169921875
2010-11-02,48.83000183105469,35.344940185546875
2010-11-03,48.54499816894531,35.138648986816406
2010-11-04,51.94499969482422,37.59970474243164
2010-11-05,52.41999816894531,37.94352722167969
2010-11-08,52.63999938964844,38.102760314941406
2010-11-09,51.32500076293945,37.15092086791992
2010-11-10,52.165000915527344,37.75895309448242
2010-11-11,54.005001068115234,39.09080123901367
2010-11-12,51.959999084472656,37.61056137084961
2010-11-15,51.0,36.915672302246094
2010-11-16,48.80500030517578,35.32685089111328
2010-11-17,48.41999816894531,35.048187255859375
2010-11-18,49.92499923706055,36.13754653930664
2010-11-19,50.900001525878906,36.843292236328125
2010-11-22,51.005001068115234,36.9193000793457
2010-11-23,49.349998474121094,35.72134780883789
2010-11-24,50.36000061035156,36.45240783691406
2010-11-26,48.959999084472656,35.43904495239258
2010-11-29,50.650001525878906,36.66234588623047
2010-11-30,50.65999984741211,36.66957092285156
2010-12-01,52.744998931884766,38.17876052856445
2010-12-02,53.81999969482422,38.95689010620117
2010-12-03,54.474998474121094,39.43100357055664
2010-12-06,54.95000076293945,39.77482223510742
2010-12-07,55.314998626708984,40.039031982421875
2010-12-08,54.29999923706055,39.30434036254883
2010-12-09,55.33000183105469,40.049888610839844
2010-12-10,56.435001373291016,40.84972381591797
2010-12-13,57.76499938964844,41.81242752075195
2010-12-14,57.40999984741211,41.55546569824219
2010-12-15,56.025001525878906,40.55294418334961
2010-12-16,55.720001220703125,40.69535827636719
2010-12-17,56.85499954223633,41.524330139160156
2010-12-20,57.02000045776367,41.64483642578125
2010-12-21,58.099998474121094,42.433616638183594
2010-12-22,58.19499969482422,42.50300598144531
2010-12-23,59.084999084472656,43.153018951416016
2010-12-27,59.30500030517578,43.31370162963867
2010-12-28,59.13999938964844,43.19319152832031
2010-12-29,59.57500076293945,43.510894775390625
2010-12-30,59.474998474121094,43.4378547668457
2010-12-31,60.04499816894531,43.854156494140625
2011-01-03,59.790000915527344,43.66792678833008
2011-01-04,59.375,43.36482238769531
2011-01-05,59.17499923706055,43.21875
2011-01-06,58.040000915527344,42.38979721069336
2011-01-07,58.73500061035156,42.897403717041016
2011-01-10,59.47999954223633,43.44151306152344
2011-01-11,60.900001525878906,44.478607177734375
2011-01-12,60.91999816894531,44.676605224609375
2011-01-13,59.03499984741211,43.29420852661133
2011-01-14,59.17499923706055,43.39689636230469
2011-01-18,59.29999923706055,43.48855972290039
2011-01-19,57.58000183105469,42.227176666259766
2011-01-20,55.45000076293945,40.665103912353516
2011-01-21,54.20000076293945,39.74839401245117
2011-01-24,54.23500061035156,39.77408218383789
2011-01-25,53.21500015258789,39.02603530883789
2011-01-26,55.15999984741211,40.45243835449219
2011-01-27,53.83000183105469,39.477054595947266
2011-01-28,53.084999084472656,38.930694580078125
2011-01-31,54.375,39.876747131347656
2011-02-01,57.03499984741211,41.82750701904297
2011-02-02,56.2599983215332,41.25912857055664
2011-02-03,56.88999938964844,41.72114562988281
2011-02-04,56.7599983215332,41.625823974609375
2011-02-07,55.619998931884766,40.78977584838867
2011-02-08,55.63999938964844,40.804443359375
2011-02-09,53.88999938964844,39.521053314208984
2011-02-10,53.619998931884766,39.32304763793945
2011-02-11,53.52000045776367,39.249717712402344
2011-02-14,56.13999938964844,41.17113494873047
2011-02-15,54.650001525878906,40.07842254638672
2011-02-16,55.43000030517578,40.65043258666992
2011-02-17,55.2400016784668,40.51109313964844
2011-02-18,52.95000076293945,38.831695556640625
2011-02-22,50.380001068115234,36.946956634521484
2011-02-23,51.0099983215332,37.408958435058594
2011-02-24,51.86000061035156,38.03232192993164
2011-02-25,52.45000076293945,38.46501922607422
2011-02-28,52.95000076293945,38.831695556640625
2011-03-01,51.619998931884766,37.8563117980957
2011-03-02,51.97999954223633,38.12032699584961
2011-03-03,52.400001525878906,38.428340911865234
2011-03-04,51.709999084472656,37.92232894897461
2011-03-07,50.13999938964844,36.770957946777344
2011-03-08,50.11000061035156,36.74894714355469
2011-03-09,48.45000076293945,35.53155517578125
2011-03-10,47.790000915527344,35.04752731323242
2011-03-11,49.47999954223633,36.28690719604492
2011-03-14,48.93000030517578,35.8835563659668
2011-03-15,51.43000030517578,37.71697235107422
2011-03-16,50.290000915527344,36.880943298339844
2011-03-17,52.0,38.1349983215332
2011-03-18,51.779998779296875,37.97364807128906
2011-03-21,52.43000030517578,38.45035171508789
2011-03-22,52.279998779296875,38.34033966064453
2011-03-23,54.880001068115234,40.2470817565918
2011-03-24,54.34000015258789,39.851051330566406
2011-03-25,54.54999923706055,40.00507736206055
2011-03-28,54.08000183105469,39.6604118347168
2011-03-29,54.29999923706055,39.821746826171875
2011-03-30,55.2400016784668,40.51109313964844
2011-03-31,55.54999923706055,40.73844528198242
2011-04-01,55.08000183105469,40.39376449584961
2011-04-04,55.77000045776367,40.899784088134766
2011-04-05,56.61000061035156,41.51581954956055
2011-04-06,56.25,41.251800537109375
2011-04-07,57.439998626708984,42.12450408935547
2011-04-08,57.22999954223633,41.970489501953125
2011-04-11,55.439998626708984,40.65778350830078
2011-04-12,53.70000076293945,39.38172149658203
2011-04-13,52.310001373291016,38.541778564453125
2011-04-14,51.93000030517578,38.26178741455078
2011-04-15,51.16999816894531,37.70181655883789
2011-04-18,50.61000061035156,37.289215087890625
2011-04-19,51.720001220703125,38.10707092285156
2011-04-20,53.29999923706055,39.27119827270508
2011-04-21,54.84000015258789,40.405853271484375
2011-04-25,54.790000915527344,40.36902618408203
2011-04-26,55.88999938964844,41.179508209228516
2011-04-27,56.16999816894531,41.385807037353516
2011-04-28,54.91999816894531,40.464805603027344
2011-04-29,55.02000045776367,40.53847885131836
2011-05-02,54.34000015258789,40.03744888305664
2011-05-03,53.20000076293945,39.19751739501953
2011-05-04,51.13999938964844,37.67972946166992
2011-05-05,49.849998474121094,36.72925567626953
2011-05-06,50.16999816894531,36.965023040771484
2011-05-09,51.880001068115234,38.224952697753906
2011-05-10,51.61000061035156,38.026023864746094
2011-05-11,48.27000045776367,35.91304016113281
2011-05-12,48.720001220703125,36.247840881347656
2011-05-13,48.27000045776367,35.91304016113281
2011-05-16,47.349998474121094,35.22855758666992
2011-05-17,46.83000183105469,34.8416862487793
2011-05-18,48.619998931884766,36.17344665527344
2011-05-19,47.970001220703125,35.689849853515625
2011-05-20,48.380001068115234,35.99489212036133
2011-05-23,47.41999816894531,35.280635833740234
2011-05-24,48.81999969482422,36.32223892211914
2011-05-25,49.97999954223633,37.18529510498047
2011-05-26,50.38999938964844,37.49032974243164
2011-05-27,51.72999954223633,38.4873046875
2011-05-31,51.63999938964844,38.42033004760742
2011-06-01,49.380001068115234,36.738887786865234
2011-06-02,49.779998779296875,37.036495208740234
2011-06-03,49.93000030517578,37.14809799194336
2011-06-06,49.790000915527344,37.04393005371094
2011-06-07,49.7599983215332,37.02161407470703
2011-06-08,48.81999969482422,36.32223892211914
2011-06-09,49.849998474121094,37.08857345581055
2011-06-10,48.93000030517578,36.40407943725586
2011-06-13,48.33000183105469,35.957679748535156
2011-06-14,49.880001068115234,37.11089324951172
2011-06-15,48.529998779296875,36.10647201538086
2011-06-16,47.849998474121094,35.60056686401367
2011-06-17,47.93000030517578,35.66008758544922
2011-06-20,47.40999984741211,35.273197174072266
2011-06-21,49.2400016784668,36.63471221923828
2011-06-22,48.86000061035156,36.35199737548828
2011-06-23,48.939998626708984,36.411521911621094
2011-06-24,48.43000030517578,36.03208541870117
2011-06-27,48.689998626708984,36.225521087646484
2011-06-28,50.439998626708984,37.52752685546875
2011-06-29,51.619998931884766,38.405460357666016
2011-06-30,52.900001525878906,39.357791900634766
2011-07-01,53.5,39.80418014526367
2011-07-05,53.619998931884766,39.893455505371094
2011-07-06,53.52000045776367,39.81906509399414
2011-07-07,55.4900016784668,41.28475570678711
2011-07-08,55.119998931884766,41.00947570800781
2011-07-11,53.29999923706055,39.6553840637207
2011-07-12,54.08000183105469,40.2357063293457
2011-07-13,54.88999938964844,41.02800369262695
2011-07-14,54.25,40.54963302612305
2011-07-15,55.34000015258789,41.3643684387207
2011-07-18,55.04999923706055,41.14760208129883
2011-07-19,56.29999923706055,42.0819206237793
2011-07-20,55.91999816894531,41.797882080078125
2011-07-21,55.34000015258789,41.3643684387207
2011-07-22,55.66999816894531,41.611026763916016
2011-07-25,55.459999084472656,41.45405197143555
2011-07-26,56.08000183105469,41.91748809814453
2011-07-27,54.45000076293945,40.69912338256836
2011-07-28,54.040000915527344,40.39266586303711
2011-07-29,52.959999084472656,39.58540725708008
2011-08-01,53.16999816894531,39.74238204956055
2011-08-02,51.439998626708984,38.449275970458984
2011-08-03,50.650001525878906,37.85879898071289
2011-08-04,46.79999923706055,34.9810676574707
2011-08-05,45.9900016784668,34.37562561035156
2011-08-08,41.88999938964844,31.31105613708496
2011-08-09,45.04999923706055,33.67301940917969
2011-08-10,43.54999923706055,32.551815032958984
2011-08-11,45.81999969482422,34.248558044433594
2011-08-12,45.400001525878906,33.93461990356445
2011-08-15,46.68000030517578,34.8913688659668
2011-08-16,46.0099983215332,34.39057159423828
2011-08-17,46.61000061035156,34.83906173706055
2011-08-18,42.849998474121094,32.028602600097656
2011-08-19,41.939998626708984,31.348424911499023
2011-08-22,41.599998474121094,31.09427833557129
2011-08-23,42.88999938964844,32.05851364135742
2011-08-24,43.470001220703125,32.49203109741211
2011-08-25,43.5,32.51445388793945
2011-08-26,44.529998779296875,33.284332275390625
2011-08-29,45.810001373291016,34.24108123779297
2011-08-30,46.61000061035156,34.83906173706055
2011-08-31,47.11000061035156,35.21277618408203
2011-09-01,46.459999084472656,34.726932525634766
2011-09-02,44.939998626708984,33.590797424316406
2011-09-06,44.36000061035156,33.157257080078125
2011-09-07,45.16999816894531,33.76270294189453
2011-09-08,44.27000045776367,33.089988708496094
2011-09-09,41.9900016784668,31.38580322265625
2011-09-12,41.310001373291016,30.87752342224121
2011-09-13,42.0,31.393268585205078
2011-09-14,41.709999084472656,31.17650604248047
2011-09-15,42.540000915527344,31.796892166137695
2011-09-16,41.59000015258789,31.086803436279297
2011-09-19,40.220001220703125,30.06279182434082
2011-09-20,38.54999923706055,28.814529418945312
2011-09-21,35.59000015258789,26.602060317993164
2011-09-22,32.13999938964844,24.0233211517334
2011-09-23,32.369998931884766,24.195241928100586
2011-09-26,33.77000045776367,25.24167823791504
2011-09-27,34.81999969482422,26.026512145996094
2011-09-28,32.29999923706055,24.14291763305664
2011-09-29,31.34000015258789,23.425357818603516
2011-09-30,30.450000762939453,22.760116577148438
2011-10-03,29.8700008392334,22.32659149169922
2011-10-04,32.130001068115234,24.015850067138672
2011-10-05,34.41999816894531,25.727529525756836
2011-10-06,34.880001068115234,26.07135581970215
2011-10-07,34.0099983215332,25.421066284179688
2011-10-10,36.029998779296875,26.930944442749023
2011-10-11,35.45000076293945,26.49741554260254
2011-10-12,35.88999938964844,27.016828536987305
2011-10-13,35.2400016784668,26.52751350402832
2011-10-14,36.77000045776367,27.679262161254883
2011-10-17,35.11000061035156,26.42966651916504
2011-10-18,35.380001068115234,26.632911682128906
2011-10-19,34.380001068115234,25.88014793395996
2011-10-20,34.790000915527344,26.188777923583984
2011-10-21,36.58000183105469,27.53623390197754
2011-10-24,39.5,29.73431968688965
2011-10-25,38.209999084472656,28.763248443603516
2011-10-26,39.29999923706055,29.583763122558594
2011-10-27,42.75,32.18080520629883
2011-10-28,42.79999923706055,32.21843719482422
2011-10-31,40.2599983215332,30.306415557861328
2011-11-01,38.7599983215332,29.177263259887695
2011-11-02,39.779998779296875,29.94508934020996
2011-11-03,40.11000061035156,30.193498611450195
2011-11-04,40.31999969482422,30.351581573486328
2011-11-07,41.2599983215332,31.059175491333008
2011-11-08,41.88999938964844,31.533437728881836
2011-11-09,38.79999923706055,29.207378387451172
2011-11-10,39.20000076293945,29.50848960876465
2011-11-11,39.86000061035156,30.00530433654785
2011-11-14,39.689998626708984,29.877342224121094
2011-11-15,39.59000015258789,29.80206871032715
2011-11-16,38.220001220703125,28.77077293395996
2011-11-17,36.83000183105469,27.72442626953125
2011-11-18,36.939998626708984,27.807231903076172
2011-11-21,36.13999938964844,27.20501708984375
2011-11-22,35.63999938964844,26.82862663269043
2011-11-23,34.380001068115234,25.88014793395996
2011-11-25,33.81999969482422,25.45859718322754
2011-11-28,35.939998626708984,27.05445098876953
2011-11-29,36.47999954223633,27.460948944091797
2011-11-30,39.599998474121094,29.80958366394043
2011-12-01,39.279998779296875,29.568696975708008
2011-12-02,39.29999923706055,29.583763122558594
2011-12-05,40.22999954223633,30.2838191986084
2011-12-06,40.540000915527344,30.51719856262207
2011-12-07,40.41999816894531,30.426851272583008
2011-12-08,38.34000015258789,28.861106872558594
2011-12-09,39.72999954223633,29.907451629638672
2011-12-12,38.540000915527344,29.011655807495117
2011-12-13,37.779998779296875,28.43954849243164
2011-12-14,37.439998626708984,28.183616638183594
2011-12-15,36.869998931884766,27.754535675048828
2011-12-16,36.9900016784668,27.844863891601562
2011-12-19,35.7400016784668,26.903911590576172
2011-12-20,37.58000183105469,28.28900146484375
2011-12-21,37.75,28.416969299316406
2011-12-22,38.400001525878906,28.906265258789062
2011-12-23,38.31999969482422,28.846044540405273
2011-12-27,37.86000061035156,28.499778747558594
2011-12-28,36.310001373291016,27.332977294921875
2011-12-29,36.540000915527344,27.506114959716797
2011-12-30,36.790000915527344,27.694320678710938
2012-01-03,39.5,29.73431968688965
2012-01-04,39.83000183105469,29.98272705078125
2012-01-05,39.29999923706055,29.583763122558594
2012-01-06,38.869998931884766,29.260066986083984
2012-01-09,39.040000915527344,29.38803482055664
2012-01-10,40.599998474121094,30.562349319458008
2012-01-11,41.650001525878906,31.54703140258789
2012-01-12,42.45000076293945,32.15297317504883
2012-01-13,42.0,31.812124252319336
2012-01-17,43.06999969482422,32.622562408447266
2012-01-18,44.470001220703125,33.682979583740234
2012-01-19,44.369998931884766,33.60722732543945
2012-01-20,43.099998474121094,32.645294189453125
2012-01-23,43.880001068115234,33.2360954284668
2012-01-24,43.970001220703125,33.304264068603516
2012-01-25,46.08000183105469,34.902442932128906
2012-01-26,46.5,35.220558166503906
2012-01-27,46.130001068115234,34.94031524658203
2012-01-30,46.099998474121094,34.9175910949707
2012-01-31,46.209999084472656,35.00090026855469
2012-02-01,46.15999984741211,34.963035583496094
2012-02-02,45.5099983215332,34.470706939697266
2012-02-03,46.47999954223633,35.205406188964844
2012-02-06,46.72999954223633,35.39476776123047
2012-02-07,45.75,34.65249252319336
2012-02-08,46.529998779296875,35.243282318115234
2012-02-09,46.41999816894531,35.15995788574219
2012-02-10,44.939998626708984,34.038963317871094
2012-02-13,44.65999984741211,33.8268928527832
2012-02-14,42.959999084472656,32.539249420166016
2012-02-15,42.400001525878906,32.11510467529297
2012-02-16,43.84000015258789,33.20580291748047
2012-02-17,43.040000915527344,32.59984588623047
2012-02-21,43.970001220703125,33.304264068603516
2012-02-22,44.119998931884766,33.41786575317383
2012-02-23,43.779998779296875,33.160343170166016
2012-02-24,43.90999984741211,33.25881576538086
2012-02-27,43.310001373291016,32.80435562133789
2012-02-28,43.65999984741211,33.06946563720703
2012-02-29,42.560001373291016,32.23627853393555
2012-03-01,42.90999984741211,32.50137710571289
2012-03-02,42.029998779296875,31.834835052490234
2012-03-05,40.45000076293945,30.638099670410156
2012-03-06,39.439998626708984,29.87308692932129
2012-03-07,38.9900016784668,29.532243728637695
2012-03-08,39.5,29.91853904724121
2012-03-09,38.779998779296875,29.37319564819336
2012-03-12,38.2599983215332,28.97931671142578
2012-03-13,39.09000015258789,29.607986450195312
2012-03-14,38.119998931884766,28.8732852935791
2012-03-15,38.349998474121094,29.047494888305664
2012-03-16,38.560001373291016,29.20654296875
2012-03-19,39.13999938964844,29.645864486694336
2012-03-20,39.150001525878906,29.6534423828125
2012-03-21,39.79999923706055,30.145763397216797
2012-03-22,38.33000183105469,29.032339096069336
2012-03-23,38.47999954223633,29.145963668823242
2012-03-26,38.880001068115234,29.448930740356445
2012-03-27,38.75,29.350461959838867
2012-03-28,37.36000061035156,28.29763412475586
2012-03-29,37.61000061035156,28.487003326416016
2012-03-30,38.040000915527344,28.812686920166016
2012-04-02,39.11000061035156,29.623153686523438
2012-04-03,38.58000183105469,29.221712112426758
2012-04-04,38.029998779296875,28.805112838745117
2012-04-05,37.79999923706055,28.630903244018555
2012-04-09,37.5099983215332,28.411245346069336
2012-04-10,36.630001068115234,27.744709014892578
2012-04-11,35.779998779296875,27.3344669342041
2012-04-12,37.88999938964844,28.94642448425293
2012-04-13,36.939998626708984,28.220653533935547
2012-04-16,36.91999816894531,28.20537567138672
2012-04-17,37.7599983215332,28.84709358215332
2012-04-18,38.290000915527344,29.252012252807617
2012-04-19,38.029998779296875,29.053363800048828
2012-04-20,37.56999969482422,28.701953887939453
2012-04-23,37.15999984741211,28.38872718811035
2012-04-24,36.9900016784668,28.25886344909668
2012-04-25,37.31999969482422,28.51095962524414
2012-04-26,37.75,28.83946418762207
2012-04-27,38.130001068115234,29.129779815673828
2012-04-30,38.29999923706055,29.259647369384766
2012-05-01,38.459999084472656,29.381872177124023
2012-05-02,38.119998931884766,29.12212371826172
2012-05-03,36.869998931884766,28.167177200317383
2012-05-04,36.400001525878906,27.808124542236328
2012-05-07,36.400001525878906,27.808124542236328
2012-05-08,35.619998931884766,27.212242126464844
2012-05-09,35.529998779296875,27.14348030090332
2012-05-10,35.310001373291016,26.97540283203125
2012-05-11,34.7400016784668,26.539945602416992
2012-05-14,34.29999923706055,26.20380210876465
2012-05-15,32.650001525878906,24.943281173706055
2012-05-16,32.56999969482422,24.882156372070312
2012-05-17,32.16999816894531,24.576568603515625
2012-05-18,31.809999465942383,24.301546096801758
2012-05-21,32.560001373291016,24.8745174407959
2012-05-22,32.130001068115234,24.5460147857666
2012-05-23,32.72999954223633,25.004384994506836
2012-05-24,32.56999969482422,24.882156372070312
2012-05-25,32.40999984741211,24.759920120239258
2012-05-29,33.22999954223633,25.38636589050293
2012-05-30,32.40999984741211,24.759920120239258
2012-05-31,32.040000915527344,24.477256774902344
2012-06-01,32.06999969482422,24.50017547607422
2012-06-04,32.33000183105469,24.698802947998047
2012-06-05,32.59000015258789,24.897432327270508
2012-06-06,33.65999984741211,25.71487808227539
2012-06-07,33.599998474121094,25.66903305053711
2012-06-08,33.83000183105469,25.84474754333496
2012-06-11,32.95000076293945,25.172449111938477
2012-06-12,33.560001373291016,25.638479232788086
2012-06-13,33.349998474121094,25.478044509887695
2012-06-14,33.900001525878906,25.898218154907227
2012-06-15,34.34000015258789,26.2343692779541
2012-06-18,34.2599983215332,26.173250198364258
2012-06-19,35.45000076293945,27.082361221313477
2012-06-20,35.310001373291016,26.97540283203125
2012-06-21,32.9900016784668,25.203022003173828
2012-06-22,32.29999923706055,24.675886154174805
2012-06-25,31.600000381469727,24.141111373901367
2012-06-26,31.610000610351562,24.14875602722168
2012-06-27,32.13999938964844,24.553647994995117
2012-06-28,32.2599983215332,24.64533042907715
2012-06-29,34.06999969482422,26.028095245361328
2012-07-02,33.880001068115234,25.882949829101562
2012-07-03,35.209999084472656,26.89900779724121
2012-07-05,35.470001220703125,27.097640991210938
2012-07-06,35.0099983215332,26.746212005615234
2012-07-09,34.529998779296875,26.379518508911133
2012-07-10,33.09000015258789,25.279420852661133
2012-07-11,32.36000061035156,24.95779800415039
2012-07-12,32.36000061035156,24.95779800415039
2012-07-13,33.22999954223633,25.628786087036133
2012-07-16,32.77000045776367,25.274015426635742
2012-07-17,32.900001525878906,25.374277114868164
2012-07-18,33.02000045776367,25.466829299926758
2012-07-19,34.41999816894531,26.546585083007812
2012-07-20,33.77000045776367,26.045276641845703
2012-07-23,32.619998931884766,25.1583309173584
2012-07-24,31.68000030517578,24.433347702026367
2012-07-25,31.43000030517578,24.240535736083984
2012-07-26,32.310001373291016,24.91924285888672
2012-07-27,33.470001220703125,25.813892364501953
2012-07-30,33.9900016784668,26.214954376220703
2012-07-31,33.66999816894531,25.96814727783203
2012-08-01,33.4900016784668,25.82932472229004
2012-08-02,32.689998626708984,25.21232032775879
2012-08-03,33.5,25.8370304107666
2012-08-06,34.34000015258789,26.484891891479492
2012-08-07,35.27000045776367,27.202146530151367
2012-08-08,35.619998931884766,27.472089767456055
2012-08-09,36.0,27.765167236328125
2012-08-10,36.310001373291016,28.004255294799805
2012-08-13,35.47999954223633,27.36412239074707
2012-08-14,35.0099983215332,27.00162124633789
2012-08-15,34.7599983215332,26.808809280395508
2012-08-16,35.310001373291016,27.233003616333008
2012-08-17,35.34000015258789,27.256135940551758
2012-08-20,35.36000061035156,27.271568298339844
2012-08-21,36.4900016784668,28.143085479736328
2012-08-22,37.0,28.536418914794922
2012-08-23,36.77000045776367,28.35903549194336
2012-08-24,36.130001068115234,27.865442276000977
2012-08-27,35.650001525878906,27.4952392578125
2012-08-28,35.66999816894531,27.510658264160156
2012-08-29,35.58000183105469,27.441238403320312
2012-08-30,34.689998626708984,26.75482940673828
2012-08-31,36.11000061035156,27.850004196166992
2012-09-04,35.619998931884766,27.472089767456055
2012-09-05,35.25,27.186731338500977
2012-09-06,36.34000015258789,28.02739906311035
2012-09-07,39.43000030517578,30.41056251525879
2012-09-10,39.709999084472656,30.626514434814453
2012-09-11,39.93000030517578,30.796205520629883
2012-09-12,40.099998474121094,30.927310943603516
2012-09-13,41.790000915527344,32.230735778808594
2012-09-14,42.63999938964844,32.886295318603516
2012-09-17,41.40999984741211,31.937658309936523
2012-09-18,41.47999954223633,31.991649627685547
2012-09-19,41.540000915527344,32.03791809082031
2012-09-20,40.93000030517578,31.567459106445312
2012-09-21,40.650001525878906,31.351505279541016
2012-09-24,40.279998779296875,31.066131591796875
2012-09-25,39.310001373291016,30.31801986694336
2012-09-26,39.279998779296875,30.294883728027344
2012-09-27,40.11000061035156,30.935026168823242
2012-09-28,39.58000183105469,30.52625846862793
2012-10-01,39.849998474121094,30.734498977661133
2012-10-02,39.68000030517578,30.60338592529297
2012-10-03,39.40999984741211,30.39514923095703
2012-10-04,40.45000076293945,31.197248458862305
2012-10-05,40.5099983215332,31.2435245513916
2012-10-08,40.75,31.428638458251953
2012-10-09,40.66999816894531,31.366933822631836
2012-10-10,40.220001220703125,31.01987075805664
2012-10-11,40.75,31.67514419555664
2012-10-12,40.13999938964844,31.200973510742188
2012-10-15,40.290000915527344,31.317581176757812
2012-10-16,41.470001220703125,32.23479461669922
2012-10-17,42.310001373291016,32.88771438598633
2012-10-18,42.43000030517578,32.98099899291992
2012-10-19,41.18000030517578,32.009376525878906
2012-10-22,40.58000183105469,31.54298973083496
2012-10-23,38.97999954223633,30.299304962158203
2012-10-24,38.790000915527344,30.151611328125
2012-10-25,39.189998626708984,30.46253776550293
2012-10-26,39.06999969482422,30.369258880615234
2012-10-31,38.880001068115234,30.221569061279297
2012-11-01,40.5,31.48080062866211
2012-11-02,39.2599983215332,30.516958236694336
2012-11-05,39.459999084472656,30.672395706176758
2012-11-06,40.349998474121094,31.364206314086914
2012-11-07,39.290000915527344,30.540273666381836
2012-11-08,38.66999816894531,30.058345794677734
2012-11-09,38.349998474121094,29.809608459472656
2012-11-12,38.63999938964844,30.03502082824707
2012-11-13,38.369998931884766,29.825153350830078
2012-11-14,37.40999984741211,29.07893943786621
2012-11-15,37.279998779296875,28.97788429260254
2012-11-16,36.790000915527344,28.597013473510742
2012-11-19,38.279998779296875,29.755189895629883
2012-11-20,38.2599983215332,29.73963165283203
2012-11-21,38.27000045776367,29.74742317199707
2012-11-23,38.880001068115234,30.221569061279297
2012-11-26,38.84000015258789,30.190481185913086
2012-11-27,38.4900016784668,29.918426513671875
2012-11-28,38.560001373291016,29.97283172607422
2012-11-29,39.2599983215332,30.516958236694336
2012-11-30,39.0099983215332,30.32262420654297
2012-12-03,38.400001525878906,29.84847068786621
2012-12-04,38.279998779296875,29.755189895629883
2012-12-05,32.15999984741211,24.998085021972656
2012-12-06,30.809999465942383,23.9487361907959
2012-12-07,31.700000762939453,24.640531539916992
2012-12-10,32.040000915527344,24.904815673828125
2012-12-11,31.989999771118164,24.865951538085938
2012-12-12,32.52000045776367,25.277923583984375
2012-12-13,32.47999954223633,25.246828079223633
2012-12-14,33.779998779296875,26.257328033447266
2012-12-17,33.63999938964844,26.14850425720215
2012-12-18,33.9900016784668,26.420564651489258
2012-12-19,33.95000076293945,26.389476776123047
2012-12-20,33.97999954223633,26.412778854370117
2012-12-21,33.58000183105469,26.101865768432617
2012-12-24,33.5,26.0396728515625
2012-12-26,33.91999816894531,26.366146087646484
2012-12-27,33.68000030517578,26.17958641052246
2012-12-28,33.13999938964844,25.759845733642578
2012-12-31,34.20000076293945,26.58378791809082
2013-01-02,35.16999816894531,27.33778190612793
2013-01-03,34.849998474121094,27.089035034179688
2013-01-04,35.4900016784668,27.586517333984375
2013-01-07,35.36000061035156,27.48546600341797
2013-01-08,34.970001220703125,27.18231964111328
2013-01-09,35.220001220703125,27.37664031982422
2013-01-10,35.599998474121094,27.672019958496094
2013-01-11,35.0,27.446949005126953
2013-01-14,34.720001220703125,27.22737693786621
2013-01-15,34.61000061035156,27.141117095947266
2013-01-16,34.25,26.85880470275879
2013-01-17,34.08000183105469,26.72548484802246
2013-01-18,33.63999938964844,26.380441665649414
2013-01-22,35.189998626708984,27.595951080322266
2013-01-23,35.02000045776367,27.462635040283203
2013-01-24,34.650001525878906,27.172475814819336
2013-01-25,34.869998931884766,27.345014572143555
2013-01-28,34.56999969482422,27.10974884033203
2013-01-29,35.0099983215332,27.454790115356445
2013-01-30,35.15999984741211,27.572418212890625
2013-01-31,35.25,27.64300537109375
2013-02-01,35.72999954223633,28.019420623779297
2013-02-04,35.34000015258789,27.71357536315918
2013-02-05,35.70000076293945,27.995895385742188
2013-02-06,36.09000015258789,28.301729202270508
2013-02-07,35.689998626708984,27.988040924072266
2013-02-08,35.63999938964844,27.948843002319336
2013-02-11,35.33000183105469,27.70574378967285
2013-02-12,35.66999816894531,27.972368240356445
2013-02-13,35.63999938964844,27.948843002319336
2013-02-14,35.529998779296875,27.86258316040039
2013-02-15,35.040000915527344,27.478317260742188
2013-02-19,34.2599983215332,26.866641998291016
2013-02-20,32.220001220703125,25.266876220703125
2013-02-21,32.34000015258789,25.360984802246094
2013-02-22,32.45000076293945,25.447246551513672
2013-02-25,31.510000228881836,24.710098266601562
2013-02-26,31.93000030517578,25.039461135864258
2013-02-27,32.27000045776367,25.30609130859375
2013-02-28,31.920000076293945,25.0316219329834
2013-03-01,31.489999771118164,24.694414138793945
2013-03-04,31.399999618530273,24.62383460998535
2013-03-05,31.540000915527344,24.733625411987305
2013-03-06,32.84000015258789,25.75308609008789
2013-03-07,33.08000183105469,25.94129180908203
2013-03-08,33.279998779296875,26.09813117980957
2013-03-11,33.29999923706055,26.113815307617188
2013-03-12,33.439998626708984,26.223596572875977
2013-03-13,33.08000183105469,25.94129180908203
2013-03-14,33.15999984741211,26.004030227661133
2013-03-15,33.79999923706055,26.50591468811035
2013-03-18,33.529998779296875,26.2941837310791
2013-03-19,32.97999954223633,25.86287498474121
2013-03-20,33.2400016784668,26.066768646240234
2013-03-21,32.9900016784668,25.870718002319336
2013-03-22,33.0,25.878559112548828
2013-03-25,32.59000015258789,25.55703353881836
2013-03-26,32.79999923706055,25.721717834472656
2013-03-27,33.36000061035156,26.160871505737305
2013-03-28,33.099998474121094,25.956974029541016
2013-04-01,32.380001068115234,25.392351150512695
2013-04-02,31.920000076293945,25.0316219329834
2013-04-03,31.549999237060547,24.741466522216797
2013-04-04,31.700000762939453,24.859098434448242
2013-04-05,32.099998474121094,25.172779083251953
2013-04-08,32.41999816894531,25.423723220825195
2013-04-09,33.7599983215332,26.474550247192383
2013-04-10,33.689998626708984,26.419652938842773
2013-04-11,32.790000915527344,25.955015182495117
2013-04-12,31.920000076293945,25.266359329223633
2013-04-15,29.270000457763672,23.16874885559082
2013-04-16,29.25,23.152915954589844
2013-04-17,28.0,22.163475036621094
2013-04-18,28.049999237060547,22.203048706054688
2013-04-19,28.239999771118164,22.35344886779785
2013-04-22,28.559999465942383,22.60674285888672
2013-04-23,28.520000457763672,22.57508087158203
2013-04-24,29.780000686645508,23.57243537902832
2013-04-25,29.860000610351562,23.635759353637695
2013-04-26,29.420000076293945,23.2874813079834
2013-04-29,29.899999618530273,23.667430877685547
2013-04-30,30.43000030517578,24.086942672729492
2013-05-01,30.360000610351562,24.03154182434082
2013-05-02,30.34000015258789,24.01570701599121
2013-05-03,31.1299991607666,24.64103889465332
2013-05-06,31.43000030517578,24.878494262695312
2013-05-07,31.549999237060547,24.973485946655273
2013-05-08,32.38999938964844,25.638383865356445
2013-05-09,32.619998931884766,25.820446014404297
2013-05-10,32.54999923706055,25.765039443969727
2013-05-13,31.959999084472656,25.29802131652832
2013-05-14,31.56999969482422,24.989316940307617
2013-05-15,31.760000228881836,25.139707565307617
2013-05-16,32.040000915527344,25.36134910583496
2013-05-17,32.68000030517578,25.867937088012695
2013-05-20,32.880001068115234,26.02625274658203
2013-05-21,31.979999542236328,25.3138484954834
2013-05-22,31.65999984741211,25.06055450439453
2013-05-23,30.93000030517578,24.482725143432617
2013-05-24,30.399999618530273,24.06319808959961
2013-05-28,30.889999389648438,24.451065063476562
2013-05-29,31.059999465942383,24.585622787475586
2013-05-30,31.850000381469727,25.210954666137695
2013-05-31,31.049999237060547,24.577714920043945
2013-06-03,31.469999313354492,24.9101619720459
2013-06-04,30.850000381469727,24.419397354125977
2013-06-05,30.31999969482422,23.99987030029297
2013-06-06,31.030000686645508,24.56187629699707
2013-06-07,30.920000076293945,24.474807739257812
2013-06-10,30.8799991607666,24.443143844604492
2013-06-11,30.31999969482422,23.99987030029297
2013-06-12,29.59000015258789,24.482234954833984
2013-06-13,29.709999084472656,24.581525802612305
2013-06-14,29.56999969482422,24.465688705444336
2013-06-17,29.65999984741211,24.5401554107666
2013-06-18,29.520000457763672,24.424327850341797
2013-06-19,29.190000534057617,24.15128517150879
2013-06-20,27.719999313354492,22.93503189086914
2013-06-21,28.15999984741211,23.299083709716797
2013-06-24,26.81999969482422,22.190385818481445
2013-06-25,27.260000228881836,22.55443572998047
2013-06-26,26.850000381469727,22.215219497680664
2013-06-27,27.299999237060547,22.58753776550293
2013-06-28,27.610000610351562,22.844022750854492
2013-07-01,28.270000457763672,23.39009666442871
2013-07-02,27.739999771118164,22.951581954956055
2013-07-03,27.68000030517578,22.90194320678711
2013-07-05,27.34000015258789,22.62063217163086
2013-07-08,27.459999084472656,22.719919204711914
2013-07-09,27.639999389648438,22.868844985961914
2013-07-10,27.600000381469727,22.835752487182617
2013-07-11,28.530000686645508,23.875986099243164
2013-07-12,28.049999237060547,23.474281311035156
2013-07-15,28.1299991607666,23.541234970092773
2013-07-16,28.260000228881836,23.6500301361084
2013-07-17,28.110000610351562,23.524499893188477
2013-07-18,28.170000076293945,23.574710845947266
2013-07-19,28.559999465942383,23.90108871459961
2013-07-22,29.149999618530273,24.39484405517578
2013-07-23,29.989999771118164,25.097816467285156
2013-07-24,28.8799991607666,24.16889190673828
2013-07-25,28.84000015258789,24.135417938232422
2013-07-26,28.93000030517578,24.210729598999023
2013-07-29,28.559999465942383,23.90108871459961
2013-07-30,28.209999084472656,23.608184814453125
2013-07-31,28.280000686645508,23.666759490966797
2013-08-01,29.100000381469727,24.352998733520508
2013-08-02,29.200000762939453,24.43668556213379
2013-08-05,29.020000457763672,24.286043167114258
2013-08-06,29.15999984741211,24.40320587158203
2013-08-07,29.43000030517578,24.62916374206543
2013-08-08,30.799999237060547,25.775676727294922
2013-08-09,31.610000610351562,26.45354652404785
2013-08-12,31.850000381469727,26.654399871826172
2013-08-13,31.15999984741211,26.076955795288086
2013-08-14,31.59000015258789,26.436813354492188
2013-08-15,31.920000076293945,26.712982177734375
2013-08-16,31.540000915527344,26.394973754882812
2013-08-19,30.93000030517578,25.884477615356445
2013-08-20,30.979999542236328,25.926319122314453
2013-08-21,30.360000610351562,25.407461166381836
2013-08-22,31.350000381469727,26.235965728759766
2013-08-23,31.790000915527344,26.604188919067383
2013-08-26,31.510000228881836,26.36986541748047
2013-08-27,30.600000381469727,25.608308792114258
2013-08-28,30.479999542236328,25.507888793945312
2013-08-29,30.420000076293945,25.457670211791992
2013-08-30,30.219999313354492,25.290298461914062
2013-09-03,31.1200008392334,26.043485641479492
2013-09-04,31.100000381469727,26.026744842529297
2013-09-05,30.760000228881836,25.74220848083496
2013-09-06,31.18000030517578,26.09369659423828
2013-09-09,31.84000015258789,26.646034240722656
2013-09-10,31.93000030517578,26.721349716186523
2013-09-11,32.83000183105469,27.474529266357422
2013-09-12,33.150001525878906,27.742332458496094
2013-09-13,33.040000915527344,27.650279998779297
2013-09-16,33.25,27.826025009155273
2013-09-17,33.529998779296875,28.060348510742188
2013-09-18,34.54999923706055,28.913963317871094
2013-09-19,34.599998474121094,28.955795288085938
2013-09-20,33.869998931884766,28.344881057739258
2013-09-23,33.7599983215332,28.252826690673828
2013-09-24,33.7400016784668,28.236082077026367
2013-09-25,33.83000183105469,28.311405181884766
2013-09-26,33.869998931884766,28.344881057739258
2013-09-27,33.41999816894531,27.96828842163086
2013-09-30,33.08000183105469,27.68375587463379
2013-10-01,32.91999816894531,27.54985237121582
2013-10-02,33.5099983215332,28.043609619140625
2013-10-03,33.0099983215332,27.62517738342285
2013-10-04,33.779998779296875,28.26956558227539
2013-10-07,33.45000076293945,27.99340057373047
2013-10-08,32.900001525878906,27.533119201660156
2013-10-09,32.880001068115234,27.516380310058594
2013-10-10,33.22999954223633,28.076557159423828
2013-10-11,33.439998626708984,28.253990173339844
2013-10-14,33.869998931884766,28.617300033569336
2013-10-15,34.040000915527344,28.76093864440918
2013-10-16,34.130001068115234,28.83698081970215
2013-10-17,34.709999084472656,29.327011108398438
2013-10-18,34.88999938964844,29.47911262512207
2013-10-21,35.040000915527344,29.60584831237793
2013-10-22,36.36000061035156,30.72113037109375
2013-10-23,36.630001068115234,30.949268341064453
2013-10-24,37.40999984741211,31.60831069946289
2013-10-25,37.439998626708984,31.63365936279297
2013-10-28,37.27000045776367,31.490013122558594
2013-10-29,37.68000030517578,31.836435317993164
2013-10-30,37.279998779296875,31.498464584350586
2013-10-31,36.7599983215332,31.05910873413086
2013-11-01,36.779998779296875,31.076004028320312
2013-11-04,37.400001525878906,31.59986114501953
2013-11-05,37.189998626708984,31.42243194580078
2013-11-06,37.08000183105469,31.32948875427246
2013-11-07,35.93000030517578,30.357826232910156
2013-11-08,36.58000183105469,30.907028198242188
2013-11-11,36.459999084472656,30.80563735961914
2013-11-12,35.900001525878906,30.332481384277344
2013-11-13,36.33000183105469,30.695802688598633
2013-11-14,36.34000015258789,30.704248428344727
2013-11-15,36.83000183105469,31.118253707885742
2013-11-18,36.4900016784668,30.83098030090332
2013-11-19,36.400001525878906,30.754941940307617
2013-11-20,36.18000030517578,30.56906509399414
2013-11-21,36.16999816894531,30.560604095458984
2013-11-22,36.099998474121094,30.501468658447266
2013-11-25,35.790000915527344,30.239538192749023
2013-11-26,35.31999969482422,29.842435836791992
2013-11-27,34.68000030517578,29.301677703857422
2013-11-29,34.689998626708984,29.310134887695312
2013-12-02,34.2599983215332,28.94681739807129
2013-12-03,34.220001220703125,28.913028717041016
2013-12-04,34.540000915527344,29.18340301513672
2013-12-05,34.279998779296875,28.96372413635254
2013-12-06,34.25,28.938369750976562
2013-12-09,34.630001068115234,29.259445190429688
2013-12-10,34.88999938964844,29.47911262512207
2013-12-11,34.45000076293945,29.10736083984375
2013-12-12,34.290000915527344,28.972171783447266
2013-12-13,34.34000015258789,29.014421463012695
2013-12-16,34.599998474121094,29.234088897705078
2013-12-17,34.900001525878906,29.487564086914062
2013-12-18,35.18000030517578,29.724145889282227
2013-12-19,35.189998626708984,29.732595443725586
2013-12-20,35.689998626708984,30.155046463012695
2013-12-23,35.72999954223633,30.1888484954834
2013-12-24,36.29999923706055,30.670446395874023
2013-12-26,36.959999084472656,31.228103637695312
2013-12-27,37.5,31.684343338012695
2013-12-30,37.66999816894531,31.82798957824707
2013-12-31,37.7400016784668,31.887126922607422
2014-01-02,37.630001068115234,31.79418182373047
2014-01-03,37.31999969482422,31.532262802124023
2014-01-06,37.02000045776367,31.278783798217773
2014-01-07,36.65999984741211,30.974613189697266
2014-01-08,36.20000076293945,30.585960388183594
2014-01-09,35.709999084472656,30.17194938659668
2014-01-10,36.16999816894531,30.560604095458984
2014-01-13,35.630001068115234,30.367143630981445
2014-01-14,36.119998931884766,30.784767150878906
2014-01-15,36.61000061035156,31.202383041381836
2014-01-16,36.90999984741211,31.458070755004883
2014-01-17,36.189998626708984,30.84441375732422
2014-01-21,35.2599983215332,30.051786422729492
2014-01-22,34.52000045776367,29.421098709106445
2014-01-23,33.68000030517578,28.70517349243164
2014-01-24,32.77000045776367,27.929584503173828
2014-01-27,32.38999938964844,27.605714797973633
2014-01-28,32.560001373291016,27.750606536865234
2014-01-29,32.34000015258789,27.5631046295166
2014-01-30,32.40999984741211,27.622758865356445
2014-01-31,32.40999984741211,27.622758865356445
2014-02-03,31.079999923706055,26.489213943481445
2014-02-04,30.940000534057617,26.369895935058594
2014-02-05,31.09000015258789,26.497743606567383
2014-02-06,31.540000915527344,26.881271362304688
2014-02-07,32.349998474121094,27.571622848510742
2014-02-10,32.22999954223633,27.469350814819336
2014-02-11,33.189998626708984,28.287551879882812
2014-02-12,32.779998779296875,27.9381046295166
2014-02-13,33.15999984741211,28.261981964111328
2014-02-14,33.75,28.764829635620117
2014-02-18,33.7400016784668,28.756315231323242
2014-02-19,33.16999816894531,28.270498275756836
2014-02-20,33.75,28.764829635620117
2014-02-21,33.36000061035156,28.432445526123047
2014-02-24,33.209999084472656,28.304594039916992
2014-02-25,32.77000045776367,27.929584503173828
2014-02-26,33.40999984741211,28.475051879882812
2014-02-27,33.470001220703125,28.526195526123047
2014-02-28,32.619998931884766,27.80175018310547
2014-03-03,32.83000183105469,27.980724334716797
2014-03-04,33.529998779296875,28.577327728271484
2014-03-05,33.90999984741211,28.901195526123047
2014-03-06,33.83000183105469,28.833011627197266
2014-03-07,32.189998626708984,27.43525505065918
2014-03-10,31.3799991607666,26.74489974975586
2014-03-11,30.709999084472656,26.17386817932129
2014-03-12,30.770000457763672,26.225006103515625
2014-03-13,30.639999389648438,26.11420440673828
2014-03-14,31.059999465942383,26.472171783447266
2014-03-17,31.5,26.847177505493164
2014-03-18,31.6299991607666,26.957977294921875
2014-03-19,31.06999969482422,26.480695724487305
2014-03-20,30.899999618530273,26.335803985595703
2014-03-21,32.310001373291016,27.537532806396484
2014-03-24,31.6200008392334,26.94945526123047
2014-03-25,32.08000183105469,27.34150505065918
2014-03-26,31.690000534057617,27.009111404418945
2014-03-27,32.40999984741211,27.622758865356445
2014-03-28,32.86000061035156,28.00629425048828
2014-03-31,33.06999969482422,28.185272216796875
2014-04-01,32.91999816894531,28.05742835998535
2014-04-02,33.31999969482422,28.398345947265625
2014-04-03,33.40999984741211,28.475051879882812
2014-04-04,33.31999969482422,28.398345947265625
2014-04-07,33.08000183105469,28.193805694580078
2014-04-08,33.619998931884766,28.654037475585938
2014-04-09,33.97999954223633,28.960847854614258
2014-04-10,33.189998626708984,28.287551879882812
2014-04-11,32.560001373291016,28.014801025390625
2014-04-14,33.29999923706055,28.651506423950195
2014-04-15,33.0099983215332,28.401979446411133
2014-04-16,33.0099983215332,28.401979446411133
2014-04-17,33.0099983215332,28.401979446411133
2014-04-21,32.97999954223633,28.37616729736328
2014-04-22,33.29999923706055,28.651506423950195
2014-04-23,33.5,28.823583602905273
2014-04-24,33.93000030517578,29.193557739257812
2014-04-25,34.0099983215332,29.262378692626953
2014-04-28,33.88999938964844,29.15914535522461
2014-04-29,34.439998626708984,29.632354736328125
2014-04-30,34.369998931884766,29.57213020324707
2014-05-01,34.16999816894531,29.40005111694336
2014-05-02,34.68000030517578,29.83885383605957
2014-05-05,34.06999969482422,29.314014434814453
2014-05-06,33.84000015258789,29.116119384765625
2014-05-07,33.9900016784668,29.245180130004883
2014-05-08,33.84000015258789,29.116119384765625
2014-05-09,33.90999984741211,29.176345825195312
2014-05-12,34.88999938964844,30.0195369720459
2014-05-13,35.560001373291016,30.596027374267578
2014-05-14,35.5,30.54439353942871
2014-05-15,35.209999084472656,30.294883728027344
2014-05-16,34.9900016784668,30.105587005615234
2014-05-19,35.04999923706055,30.15721321105957
2014-05-20,34.439998626708984,29.632354736328125
2014-05-21,34.2599983215332,29.477487564086914
2014-05-22,34.29999923706055,29.51190948486328
2014-05-23,34.43000030517578,29.623760223388672
2014-05-27,33.959999084472656,29.21937370300293
2014-05-28,33.83000183105469,29.107511520385742
2014-05-29,34.27000045776367,29.48609161376953
2014-05-30,34.04999923706055,29.296796798706055
2014-06-02,34.119998931884766,29.357038497924805
2014-06-03,34.06999969482422,29.314014434814453
2014-06-04,34.5099983215332,29.692598342895508
2014-06-05,34.77000045776367,29.916290283203125
2014-06-06,34.93000030517578,30.053956985473633
2014-06-09,34.65999984741211,29.82164764404297
2014-06-10,34.36000061035156,29.563526153564453
2014-06-11,34.08000183105469,29.32262420654297
2014-06-12,33.66999816894531,28.969846725463867
2014-06-13,33.970001220703125,29.227977752685547
2014-06-16,34.0,29.253782272338867
2014-06-17,34.04999923706055,29.296796798706055
2014-06-18,34.790000915527344,29.933502197265625
2014-06-19,34.61000061035156,29.77863121032715
2014-06-20,34.86000061035156,29.99373435974121
2014-06-23,36.040000915527344,31.009010314941406
2014-06-24,35.65999984741211,30.682056427001953
2014-06-25,35.77000045776367,30.776697158813477
2014-06-26,35.70000076293945,30.716472625732422
2014-06-27,36.06999969482422,31.034826278686523
2014-06-30,36.5,31.404802322387695
2014-07-01,36.849998474121094,31.7059383392334
2014-07-02,37.83000183105469,32.549137115478516
2014-07-03,38.5099983215332,33.134212493896484
2014-07-07,38.66999816894531,33.271873474121094
2014-07-08,38.7400016784668,33.33210372924805
2014-07-09,39.040000915527344,33.59022521972656
2014-07-10,38.86000061035156,33.43535614013672
2014-07-11,38.709999084472656,33.57672882080078
2014-07-14,38.70000076293945,33.56806945800781
2014-07-15,38.290000915527344,33.212425231933594
2014-07-16,38.83000183105469,33.680824279785156
2014-07-17,38.5,33.39457702636719
2014-07-18,38.349998474121094,33.264469146728516
2014-07-21,38.66999816894531,33.54203796386719
2014-07-22,38.720001220703125,33.585411071777344
2014-07-23,38.54999923706055,33.43794631958008
2014-07-24,37.529998779296875,32.55321502685547
2014-07-25,37.9900016784668,32.95222473144531
2014-07-28,38.060001373291016,33.01293182373047
2014-07-29,37.90999984741211,32.882816314697266
2014-07-30,37.880001068115234,32.85680389404297
2014-07-31,37.220001220703125,32.28432846069336
2014-08-01,36.779998779296875,31.902677536010742
2014-08-04,37.2400016784668,32.301666259765625
2014-08-05,36.93000030517578,32.03277587890625
2014-08-06,36.70000076293945,31.833282470703125
2014-08-07,36.150001525878906,31.356216430664062
2014-08-08,36.4900016784668,31.65113639831543
2014-08-11,36.900001525878906,32.00677490234375
2014-08-12,36.880001068115234,31.989412307739258
2014-08-13,36.38999938964844,31.564395904541016
2014-08-14,36.04999923706055,31.26947593688965
2014-08-15,36.099998474121094,31.31284523010254
2014-08-18,36.369998931884766,31.54704475402832
2014-08-19,36.290000915527344,31.477651596069336
2014-08-20,36.97999954223633,32.07614517211914
2014-08-21,36.68000030517578,31.815933227539062
2014-08-22,36.439998626708984,31.60776138305664
2014-08-25,36.470001220703125,31.633777618408203
2014-08-26,36.38999938964844,31.564395904541016
2014-08-27,36.439998626708984,31.60776138305664
2014-08-28,36.15999984741211,31.36488914489746
2014-08-29,36.369998931884766,31.54704475402832
2014-09-02,35.4900016784668,30.783729553222656
2014-09-03,35.29999923706055,30.618946075439453
2014-09-04,35.220001220703125,30.549535751342773
2014-09-05,35.02000045776367,30.376068115234375
2014-09-08,34.90999984741211,30.280654907226562
2014-09-09,34.439998626708984,29.872968673706055
2014-09-10,34.560001373291016,29.977062225341797
2014-09-11,34.560001373291016,29.977062225341797
2014-09-12,34.2400016784668,29.699493408203125
2014-09-15,34.31999969482422,29.768890380859375
2014-09-16,34.88999938964844,30.26329231262207
2014-09-17,34.5099983215332,29.933700561523438
2014-09-18,34.310001373291016,29.760217666625977
2014-09-19,34.060001373291016,29.54336929321289
2014-09-22,33.16999816894531,28.77138328552246
2014-09-23,32.959999084472656,28.589229583740234
2014-09-24,33.25,28.840782165527344
2014-09-25,32.66999816894531,28.337688446044922
2014-09-26,32.869998931884766,28.511167526245117
2014-09-29,32.400001525878906,28.103496551513672
2014-09-30,32.650001525878906,28.320341110229492
2014-10-01,31.8799991607666,27.652450561523438
2014-10-02,32.06999969482422,27.817256927490234
2014-10-03,32.31999969482422,28.03410530090332
2014-10-06,32.4900016784668,28.181562423706055
2014-10-07,31.600000381469727,27.40958595275879
2014-10-08,32.29999923706055,28.016756057739258
2014-10-09,31.139999389648438,27.010581970214844
2014-10-10,30.65999984741211,26.8642578125
2014-10-13,30.719999313354492,26.91683006286621
2014-10-14,30.790000915527344,26.978168487548828
2014-10-15,30.030000686645508,26.312252044677734
2014-10-16,30.239999771118164,26.496252059936523
2014-10-17,30.34000015258789,26.583871841430664
2014-10-20,30.760000228881836,26.95186996459961
2014-10-21,31.5,27.60025978088379
2014-10-22,30.889999389648438,27.065784454345703
2014-10-23,30.959999084472656,27.127113342285156
2014-10-24,30.799999237060547,26.98692512512207
2014-10-27,30.290000915527344,26.540061950683594
2014-10-28,29.030000686645508,25.436052322387695
2014-10-29,28.989999771118164,25.401004791259766
2014-10-30,28.079999923706055,24.603660583496094
2014-10-31,28.5,24.971670150756836
2014-11-03,27.790000915527344,24.349567413330078
2014-11-04,27.790000915527344,24.349567413330078
2014-11-05,27.1299991607666,23.77127456665039
2014-11-06,27.56999969482422,24.15680503845215
2014-11-07,28.34000015258789,24.831480026245117
2014-11-10,28.020000457763672,24.551090240478516
2014-11-11,28.43000030517578,24.910337448120117
2014-11-12,28.559999465942383,25.024242401123047
2014-11-13,27.899999618530273,24.445947647094727
2014-11-14,28.299999237060547,24.796422958374023
2014-11-17,28.420000076293945,24.901575088500977
2014-11-18,28.190000534057617,24.700040817260742
2014-11-19,28.079999923706055,24.603660583496094
2014-11-20,28.56999969482422,25.03299903869629
2014-11-21,29.59000015258789,25.926727294921875
2014-11-24,29.110000610351562,25.506155014038086
2014-11-25,29.280000686645508,25.655101776123047
2014-11-26,29.34000015258789,25.707674026489258
2014-11-28,26.850000381469727,23.525941848754883
2014-12-01,26.200000762939453,22.95640754699707
2014-12-02,25.8700008392334,22.667266845703125
2014-12-03,26.700000762939453,23.39451026916504
2014-12-04,26.43000030517578,23.157934188842773
2014-12-05,26.010000228881836,22.789932250976562
2014-12-08,25.1299991607666,22.018878936767578
2014-12-09,25.1299991607666,22.018878936767578
2014-12-10,23.959999084472656,20.993724822998047
2014-12-11,22.979999542236328,20.135051727294922
2014-12-12,21.780000686645508,19.08360481262207
2014-12-15,21.030000686645508,18.42646598815918
2014-12-16,21.190000534057617,18.566650390625
2014-12-17,22.1299991607666,19.390275955200195
2014-12-18,22.81999969482422,19.994853973388672
2014-12-19,23.399999618530273,20.503049850463867
2014-12-22,22.549999237060547,19.758285522460938
2014-12-23,22.84000015258789,20.01238250732422
2014-12-24,22.90999984741211,20.073715209960938
2014-12-26,23.510000228881836,20.59943389892578
2014-12-29,23.260000228881836,20.380386352539062
2014-12-30,23.579999923706055,20.660764694213867
2014-12-31,23.360000610351562,20.46800422668457
2015-01-02,23.549999237060547,20.634483337402344
2015-01-05,22.149999618530273,19.407804489135742
2015-01-06,22.530000686645508,19.74076271057129
2015-01-07,22.860000610351562,20.029909133911133
2015-01-08,23.3700008392334,20.476768493652344
2015-01-09,23.450000762939453,20.546859741210938
2015-01-12,23.06999969482422,20.21390724182129
2015-01-13,21.040000915527344,18.68878173828125
2015-01-14,18.739999771118164,16.64580726623535
2015-01-15,18.329999923706055,16.281620025634766
2015-01-16,19.239999771118164,17.089933395385742
2015-01-20,19.270000457763672,17.116580963134766
2015-01-21,19.850000381469727,17.631763458251953
2015-01-22,20.020000457763672,17.782764434814453
2015-01-23,19.239999771118164,17.089933395385742
2015-01-26,19.559999465942383,17.374174118041992
2015-01-27,18.3799991607666,16.32603645324707
2015-01-28,17.420000076293945,15.47331428527832
2015-01-29,16.829999923706055,14.949249267578125
2015-01-30,16.809999465942383,14.931483268737793
2015-02-02,17.450000762939453,15.499959945678711
2015-02-03,18.979999542236328,16.858983993530273
2015-02-04,18.290000915527344,16.246095657348633
2015-02-05,19.59000015258789,17.40081787109375
2015-02-06,18.850000381469727,16.74351692199707
2015-02-09,19.510000228881836,17.32975959777832
2015-02-10,18.709999084472656,16.619155883789062
2015-02-11,18.600000381469727,16.521451950073242
2015-02-12,19.469999313354492,17.294225692749023
2015-02-13,20.290000915527344,18.02259635925293
2015-02-17,20.950000762939453,18.608840942382812
2015-02-18,21.290000915527344,18.910846710205078
2015-02-19,21.110000610351562,18.75096321105957
2015-02-20,21.280000686645508,18.901958465576172
2015-02-23,20.59000015258789,18.28907012939453
2015-02-24,21.219999313354492,18.848665237426758
2015-02-25,21.5,19.097375869750977
2015-02-26,21.110000610351562,18.75096321105957
2015-02-27,21.6299991607666,19.212848663330078
2015-03-02,21.1299991607666,18.768726348876953
2015-03-03,20.989999771118164,18.64437484741211
2015-03-04,20.8700008392334,18.537778854370117
2015-03-05,20.190000534057617,17.93377113342285
2015-03-06,19.440000534057617,17.267580032348633
2015-03-09,19.6200008392334,17.427465438842773
2015-03-10,18.84000015258789,16.734630584716797
2015-03-11,18.809999465942383,16.707983016967773
2015-03-12,18.889999389648438,16.77904510498047
2015-03-13,18.139999389648438,16.112852096557617
2015-03-16,17.969999313354492,15.961854934692383
2015-03-17,17.420000076293945,15.47331428527832
2015-03-18,18.229999542236328,16.19280242919922
2015-03-19,17.260000228881836,15.331194877624512
2015-03-20,18.40999984741211,16.352685928344727
2015-03-23,19.329999923706055,17.169878005981445
2015-03-24,19.18000030517578,17.036638259887695
2015-03-25,19.09000015258789,16.956693649291992
2015-03-26,19.5,17.320878982543945
2015-03-27,18.799999237060547,16.699100494384766
2015-03-30,19.3799991607666,17.214284896850586
2015-03-31,18.950000762939453,16.83234405517578
2015-04-01,18.969999313354492,16.850107192993164
2015-04-02,19.0,16.87675666809082
2015-04-06,19.149999618530273,17.00998878479004
2015-04-07,18.979999542236328,16.858983993530273
2015-04-08,18.81999969482422,16.716867446899414
2015-04-09,18.780000686645508,16.68133544921875
2015-04-10,18.299999237060547,16.25497817993164
2015-04-13,18.260000228881836,16.263887405395508
2015-04-14,18.950000762939453,16.87845802307129
2015-04-15,20.670000076293945,18.410432815551758
2015-04-16,20.829999923706055,18.552940368652344
2015-04-17,20.670000076293945,18.410432815551758
2015-04-20,20.65999984741211,18.401527404785156
2015-04-21,20.229999542236328,18.018524169921875
2015-04-22,20.56999969482422,18.321361541748047
2015-04-23,20.06999969482422,17.87602424621582
2015-04-24,20.81999969482422,18.544038772583008
2015-04-27,21.81999969482422,19.43471336364746
2015-04-28,22.68000030517578,20.200708389282227
2015-04-29,22.889999389648438,20.387744903564453
2015-04-30,23.270000457763672,20.72620391845703
2015-05-01,23.65999984741211,21.07357406616211
2015-05-04,23.389999389648438,20.833087921142578
2015-05-05,23.350000381469727,20.797466278076172
2015-05-06,23.260000228881836,20.717300415039062
2015-05-07,22.90999984741211,20.405563354492188
2015-05-08,23.290000915527344,20.744028091430664
2015-05-11,22.969999313354492,20.459001541137695
2015-05-12,22.729999542236328,20.2452392578125
2015-05-13,22.610000610351562,20.138357162475586
2015-05-14,22.799999237060547,20.30759048461914
2015-05-15,22.829999923706055,20.33430290222168
2015-05-18,22.1299991607666,19.710832595825195
2015-05-19,21.290000915527344,18.962656021118164
2015-05-20,21.079999923706055,18.775611877441406
2015-05-21,21.350000381469727,19.016098022460938
2015-05-22,20.989999771118164,18.695451736450195
2015-05-26,20.079999923706055,17.88492774963379
2015-05-27,20.149999618530273,17.947280883789062
2015-05-28,20.15999984741211,17.95618438720703
2015-05-29,19.649999618530273,17.501930236816406
2015-06-01,19.350000381469727,17.234731674194336
2015-06-02,20.459999084472656,18.2233829498291
2015-06-03,19.8700008392334,17.697879791259766
2015-06-04,19.520000457763672,17.386146545410156
2015-06-05,19.649999618530273,17.501930236816406
2015-06-08,19.399999618530273,17.279264450073242
2015-06-09,20.020000457763672,17.83148765563965
2015-06-10,20.559999465942383,18.312458038330078
2015-06-11,19.93000030517578,17.75132179260254
2015-06-12,19.809999465942383,17.644445419311523
2015-06-15,19.59000015258789,17.44849395751953
2015-06-16,19.799999237060547,17.635540008544922
2015-06-17,20.020000457763672,17.83148765563965
2015-06-18,20.1299991607666,17.92946434020996
2015-06-19,19.770000457763672,17.60881805419922
2015-06-22,19.399999618530273,17.279264450073242
2015-06-23,20.110000610351562,17.91164779663086
2015-06-24,20.559999465942383,18.312458038330078
2015-06-25,19.739999771118164,17.58209228515625
2015-06-26,19.940000534057617,17.760229110717773
2015-06-29,19.3799991607666,17.26144790649414
2015-06-30,18.6200008392334,16.58452796936035
2015-07-01,18.399999618530273,16.38857650756836
2015-07-02,18.399999618530273,16.38857650756836
2015-07-06,17.84000015258789,15.88979721069336
2015-07-07,17.25,15.36429500579834
2015-07-08,16.5,14.696283340454102
2015-07-09,16.780000686645508,14.945672035217285
2015-07-10,16.739999771118164,14.910039901733398
2015-07-13,16.920000076293945,15.216714859008789
2015-07-14,17.110000610351562,15.387596130371094
2015-07-15,16.40999984741211,14.75805377960205
2015-07-16,16.299999237060547,14.659128189086914
2015-07-17,15.880000114440918,14.281410217285156
2015-07-20,15.050000190734863,13.53496265411377
2015-07-21,15.720000267028809,14.137519836425781
2015-07-22,15.0600004196167,13.543957710266113
2015-07-23,13.640000343322754,12.266904830932617
2015-07-24,12.289999961853027,11.052801132202148
2015-07-27,11.369999885559082,10.225419998168945
2015-07-28,12.329999923706055,11.088776588439941
2015-07-29,12.5,11.241663932800293
2015-07-30,11.84000015258789,10.648104667663574
2015-07-31,11.75,10.56716537475586
2015-08-03,11.199999809265137,10.072528839111328
2015-08-04,11.039999961853027,9.928638458251953
2015-08-05,10.930000305175781,9.829710960388184
2015-08-06,11.210000038146973,10.081522941589355
2015-08-07,10.529999732971191,9.469978332519531
2015-08-10,11.649999618530273,10.477231979370117
2015-08-11,10.220000267028809,9.191183090209961
2015-08-12,10.25,9.218164443969727
2015-08-13,10.069999694824219,9.056286811828613
2015-08-14,10.029999732971191,9.020310401916504
2015-08-17,10.239999771118164,9.2091703414917
2015-08-18,9.920000076293945,8.921380996704102
2015-08-19,9.729999542236328,8.75051212310791
2015-08-20,9.710000038146973,8.732526779174805
2015-08-21,9.579999923706055,8.615612030029297
2015-08-24,8.680000305175781,7.806211471557617
2015-08-25,8.239999771118164,7.41050386428833
2015-08-26,7.920000076293945,7.122717380523682
2015-08-27,10.1899995803833,9.164204597473145
2015-08-28,10.5,9.442996978759766
2015-08-31,10.640000343322754,9.568904876708984
2015-09-01,9.770000457763672,8.78648567199707
2015-09-02,9.899999618530273,8.903400421142578
2015-09-03,10.130000114440918,9.110245704650879
2015-09-04,9.710000038146973,8.732526779174805
2015-09-08,10.399999618530273,9.353063583374023
2015-09-09,10.729999542236328,9.6498441696167
2015-09-10,11.270000457763672,10.135483741760254
2015-09-11,11.399999618530273,10.252400398254395
2015-09-14,11.15999984741211,10.036559104919434
2015-09-15,11.289999961853027,10.153467178344727
2015-09-16,11.84000015258789,10.648104667663574
2015-09-17,12.050000190734863,10.83696460723877
2015-09-18,10.880000114440918,9.784747123718262
2015-09-21,10.529999732971191,9.469978332519531
2015-09-22,10.59000015258789,9.523937225341797
2015-09-23,10.0,8.993332862854004
2015-09-24,9.989999771118164,8.984335899353027
2015-09-25,9.800000190734863,8.813465118408203
2015-09-28,8.90999984741211,8.013056755065918
2015-09-29,9.109999656677246,8.192926406860352
2015-09-30,9.6899995803833,8.714537620544434
2015-10-01,9.819999694824219,8.831449508666992
2015-10-02,10.619999885559082,9.550915718078613
2015-10-05,11.180000305175781,10.054543495178223
2015-10-06,11.829999923706055,10.639110565185547
2015-10-07,13.010000228881836,11.700324058532715
2015-10-08,13.460000038146973,12.105024337768555
2015-10-09,13.489999771118164,12.132006645202637
2015-10-12,12.9399995803833,11.637370109558105
2015-10-13,12.729999542236328,11.492918968200684
2015-10-14,13.0600004196167,11.790849685668945
2015-10-15,13.0,11.73668098449707
2015-10-16,12.4399995803833,11.231101036071777
2015-10-19,12.029999732971191,10.860943794250488
2015-10-20,12.239999771118164,11.050539016723633
2015-10-21,11.949999809265137,10.788717269897461
2015-10-22,12.020000457763672,10.851917266845703
2015-10-23,12.130000114440918,10.951226234436035
2015-10-26,12.020000457763672,10.851917266845703
2015-10-27,11.609999656677246,10.481758117675781
2015-10-28,11.779999732971191,10.635239601135254
2015-10-29,11.630000114440918,10.499814987182617
2015-10-30,11.770000457763672,10.626211166381836
2015-11-02,11.819999694824219,10.67135238647461
2015-11-03,12.40999984741211,11.20401668548584
2015-11-04,12.020000457763672,10.851917266845703
2015-11-05,11.479999542236328,10.36439037322998
2015-11-06,10.75,9.705329895019531
2015-11-09,10.489999771118164,9.470598220825195
2015-11-10,9.829999923706055,8.874738693237305
2015-11-11,9.3100004196167,8.405268669128418
2015-11-12,8.770000457763672,7.917745113372803
2015-11-13,8.680000305175781,7.836492538452148
2015-11-16,8.859999656677246,7.998999118804932
2015-11-17,8.390000343322754,7.574674129486084
2015-11-18,8.770000457763672,7.917745113372803
2015-11-19,8.40999984741211,7.592729568481445
2015-11-20,8.25,7.448280334472656
2015-11-23,8.0,7.2225728034973145
2015-11-24,8.300000190734863,7.493420124053955
2015-11-25,8.100000381469727,7.312855243682861
2015-11-27,8.100000381469727,7.312855243682861
2015-11-30,8.180000305175781,7.385080337524414
2015-12-01,8.329999923706055,7.520504951477051
2015-12-02,7.829999923706055,7.069093704223633
2015-12-03,7.679999828338623,6.933670520782471
2015-12-04,7.849999904632568,7.087149620056152
2015-12-07,7.230000019073486,6.527398586273193
2015-12-08,6.739999771118164,6.085017681121826
2015-12-09,6.989999771118164,6.310722351074219
2015-12-10,7.360000133514404,6.6447672843933105
2015-12-11,6.900000095367432,6.229467868804932
2015-12-14,6.460000038146973,5.832228660583496
2015-12-15,6.519999980926514,5.886397361755371
2015-12-16,6.690000057220459,6.039876937866211
2015-12-17,6.119999885559082,5.525269508361816
2015-12-18,6.210000038146973,5.606523036956787
2015-12-21,6.239999771118164,5.633605480194092
2015-12-22,6.420000076293945,5.796114444732666
2015-12-23,7.449999809265137,6.726021766662598
2015-12-24,7.570000171661377,6.834360599517822
2015-12-28,6.849999904632568,6.184328079223633
2015-12-29,6.96999979019165,6.292666912078857
2015-12-30,6.769999980926514,6.11210298538208
2015-12-31,6.769999980926514,6.11210298538208
2016-01-04,6.550000190734863,5.913482189178467
2016-01-05,6.710000038146973,6.057933807373047
2016-01-06,6.170000076293945,5.570410251617432
2016-01-07,5.610000133514404,5.064830303192139
2016-01-08,5.409999847412109,4.884263515472412
2016-01-11,4.309999942779541,3.8911616802215576
2016-01-12,4.110000133514404,3.710596799850464
2016-01-13,3.740000009536743,3.3765525817871094
2016-01-14,4.199999809265137,3.7918498516082764
2016-01-15,4.349999904632568,3.927273988723755
2016-01-19,3.9600000381469727,3.5751729011535645
2016-01-20,4.070000171661377,3.6744844913482666
2016-01-21,4.329999923706055,3.909217357635498
2016-01-22,3.940000057220459,3.557117223739624
2016-01-25,3.940000057220459,3.557117223739624
2016-01-26,4.199999809265137,3.7918498516082764
2016-01-27,4.650000095367432,4.198121547698975
2016-01-28,4.420000076293945,3.9904723167419434
2016-01-29,4.599999904632568,4.152978897094727
2016-02-01,4.739999771118164,4.279375076293945
2016-02-02,4.349999904632568,3.927273988723755
2016-02-03,4.849999904632568,4.378684997558594
2016-02-04,5.71999979019165,5.1641411781311035
2016-02-05,5.679999828338623,5.128026008605957
2016-02-08,5.269999980926514,4.757870197296143
2016-02-09,5.0,4.514109134674072
2016-02-10,4.980000019073486,4.496052265167236
2016-02-11,4.889999866485596,4.414798736572266
2016-02-12,5.53000020980835,4.992603302001953
2016-02-16,6.369999885559082,5.750975131988525
2016-02-17,7.159999847412109,6.464203357696533
2016-02-18,7.150000095367432,6.455174922943115
2016-02-19,6.920000076293945,6.247524738311768
2016-02-22,7.929999828338623,7.1593756675720215
2016-02-23,7.239999771118164,6.536427021026611
2016-02-24,7.199999809265137,6.500315189361572
2016-02-25,7.119999885559082,6.4280900955200195
2016-02-26,7.429999828338623,6.707965850830078
2016-02-29,7.630000114440918,6.888528823852539
2016-03-01,7.760000228881836,7.00589656829834
2016-03-02,8.970000267028809,8.098311424255371
2016-03-03,9.109999656677246,8.224705696105957
2016-03-04,9.739999771118164,8.793484687805176
2016-03-07,9.859999656677246,8.901820182800293
2016-03-08,8.65999984741211,7.818434715270996
2016-03-09,9.149999618530273,8.26081657409668
2016-03-10,9.600000381469727,8.667086601257324
2016-03-11,9.550000190734863,8.621946334838867
2016-03-14,9.970000267028809,9.00113296508789
2016-03-15,9.270000457763672,8.369157791137695
2016-03-16,10.220000267028809,9.226835250854492
2016-03-17,10.899999618530273,9.840755462646484
2016-03-18,10.760000228881836,9.714361190795898
2016-03-21,10.800000190734863,9.75047492980957
2016-03-22,10.989999771118164,9.92201042175293
2016-03-23,9.75,8.802510261535645
2016-03-24,10.109999656677246,9.127528190612793
2016-03-28,10.140000343322754,9.15461254119873
2016-03-29,10.140000343322754,9.15461254119873
2016-03-30,10.289999961853027,9.290033340454102
2016-03-31,10.34000015258789,9.335176467895508
2016-04-01,9.890000343322754,8.928908348083496
2016-04-04,9.420000076293945,8.5045804977417
2016-04-05,9.34000015258789,8.432355880737305
2016-04-06,9.609999656677246,8.676115036010742
2016-04-07,8.850000381469727,7.98997163772583
2016-04-08,9.329999923706055,8.42332649230957
2016-04-11,9.760000228881836,8.811540603637695
2016-04-12,10.430000305175781,9.416428565979004
2016-04-13,10.819999694824219,9.768527030944824
2016-04-14,10.729999542236328,9.687276840209961
2016-04-15,10.859999656677246,9.804643630981445
2016-04-18,11.020000457763672,9.949094772338867
2016-04-19,12.010000228881836,10.842889785766602
2016-04-20,12.359999656677246,11.158872604370117
2016-04-21,11.520000457763672,10.400505065917969
2016-04-22,11.670000076293945,10.535929679870605
2016-04-25,11.350000381469727,10.247025489807129
2016-04-26,11.479999542236328,10.36439037322998
2016-04-27,12.649999618530273,11.420693397521973
2016-04-28,12.65999984741211,11.429719924926758
2016-04-29,14.0,12.639503479003906
2016-05-02,13.550000190734863,12.233232498168945
2016-05-03,12.010000228881836,10.842889785766602
2016-05-04,11.800000190734863,10.65329647064209
2016-05-05,11.289999961853027,10.192852020263672
2016-05-06,11.789999961853027,10.644264221191406
2016-05-09,10.520000457763672,9.4976806640625
2016-05-10,10.859999656677246,9.804643630981445
2016-05-11,11.609999656677246,10.481758117675781
2016-05-12,11.029999732971191,9.958124160766602
2016-05-13,10.40999984741211,9.39837646484375
2016-05-16,11.039999961853027,9.967151641845703
2016-05-17,11.510000228881836,10.391477584838867
2016-05-18,10.539999961853027,9.515740394592285
2016-05-19,10.979999542236328,9.912981986999512
2016-05-20,11.079999923706055,10.003265380859375
2016-05-23,11.380000114440918,10.274109840393066
2016-05-24,11.109999656677246,10.030346870422363
2016-05-25,11.649999618530273,10.51787281036377
2016-05-26,11.34000015258789,10.237998962402344
2016-05-27,11.140000343322754,10.05743408203125
2016-05-31,11.079999923706055,10.003265380859375
2016-06-01,10.600000381469727,9.569910049438477
2016-06-02,10.65999984741211,9.624079704284668
2016-06-03,11.109999656677246,10.030346870422363
2016-06-06,11.649999618530273,10.51787281036377
2016-06-07,11.239999771118164,10.147713661193848
2016-06-08,11.579999923706055,10.45467758178711
2016-06-09,10.899999618530273,9.840755462646484
2016-06-10,10.359999656677246,9.353231430053711
2016-06-13,10.399999618530273,9.38934326171875
2016-06-14,10.210000038146973,9.21780776977539
2016-06-15,11.0,9.931036949157715
2016-06-16,10.779999732971191,9.732416152954102
2016-06-17,11.140000343322754,10.05743408203125
2016-06-20,11.550000190734863,10.427589416503906
2016-06-21,11.609999656677246,10.481758117675781
2016-06-22,11.5,10.382448196411133
2016-06-23,11.770000457763672,10.626211166381836
2016-06-24,10.579999923706055,9.55185317993164
2016-06-27,10.130000114440918,9.145584106445312
2016-06-28,10.6899995803833,9.651163101196289
2016-06-29,10.770000457763672,9.723390579223633
2016-06-30,11.140000343322754,10.05743408203125
2016-07-01,11.350000381469727,10.247025489807129
2016-07-05,10.5,9.47962760925293
2016-07-06,10.890000343322754,9.83172607421875
2016-07-07,10.670000076293945,9.633106231689453
2016-07-08,11.199999809265137,10.111599922180176
2016-07-11,11.649999618530273,10.51787281036377
2016-07-12,12.899999618530273,11.646397590637207
2016-07-13,12.960000038146973,11.700569152832031
2016-07-14,12.949999809265137,11.69153881072998
2016-07-15,13.109999656677246,11.835991859436035
2016-07-18,13.140000343322754,11.863079071044922
2016-07-19,12.449999809265137,11.240130424499512
2016-07-20,12.300000190734863,11.104707717895508
2016-07-21,12.869999885559082,11.619317054748535
2016-07-22,12.670000076293945,11.438751220703125
2016-07-25,12.380000114440918,11.176933288574219
2016-07-26,12.680000305175781,11.447778701782227
2016-07-27,13.0600004196167,11.790849685668945
2016-07-28,12.9399995803833,11.682512283325195
2016-07-29,12.960000038146973,11.700569152832031
2016-08-01,12.479999542236328,11.267210960388184
2016-08-02,12.399999618530273,11.194987297058105
2016-08-03,12.390000343322754,11.18596076965332
2016-08-04,12.319999694824219,11.122761726379395
2016-08-05,12.229999542236328,11.041510581970215
2016-08-08,12.289999961853027,11.09567642211914
2016-08-09,12.09000015258789,10.915111541748047
2016-08-10,12.020000457763672,10.851917266845703
2016-08-11,12.109999656677246,10.9331693649292
2016-08-12,11.819999694824219,10.67135238647461
2016-08-15,12.170000076293945,10.987342834472656
2016-08-16,12.079999923706055,10.906084060668945
2016-08-17,12.0,10.833858489990234
2016-08-18,12.229999542236328,11.041510581970215
2016-08-19,11.970000267028809,10.80677604675293
2016-08-22,11.829999923706055,10.680379867553711
2016-08-23,11.979999542236328,10.815802574157715
2016-08-24,11.079999923706055,10.003265380859375
2016-08-25,11.09000015258789,10.01229190826416
2016-08-26,10.890000343322754,9.83172607421875
2016-08-29,10.979999542236328,9.912981986999512
2016-08-30,10.5600004196167,9.533794403076172
2016-08-31,10.289999961853027,9.290033340454102
2016-09-01,10.350000381469727,9.344205856323242
2016-09-02,10.479999542236328,9.461570739746094
2016-09-06,10.720000267028809,9.678244590759277
2016-09-07,10.600000381469727,9.569910049438477
2016-09-08,10.619999885559082,9.587964057922363
2016-09-09,10.270000457763672,9.271977424621582
2016-09-12,11.079999923706055,10.003265380859375
2016-09-13,10.149999618530273,9.1636381149292
2016-09-14,9.800000190734863,8.847652435302734
2016-09-15,9.779999732971191,8.829597473144531
2016-09-16,9.9399995803833,8.974048614501953
2016-09-19,10.010000228881836,9.037243843078613
2016-09-20,9.949999809265137,8.983074188232422
2016-09-21,10.539999961853027,9.515740394592285
2016-09-22,10.979999542236328,9.912981986999512
2016-09-23,10.630000114440918,9.596993446350098
2016-09-26,10.510000228881836,9.488656997680664
2016-09-27,10.210000038146973,9.21780776977539
2016-09-28,10.90999984741211,9.84978199005127
2016-09-29,10.6899995803833,9.651163101196289
2016-09-30,10.859999656677246,9.804643630981445
2016-10-03,10.6899995803833,9.651163101196289
2016-10-04,10.390000343322754,9.380316734313965
2016-10-05,10.670000076293945,9.633106231689453
2016-10-06,10.300000190734863,9.299063682556152
2016-10-07,10.130000114440918,9.145584106445312
2016-10-10,10.1899995803833,9.199752807617188
2016-10-11,9.869999885559082,8.910849571228027
2016-10-12,10.050000190734863,9.073358535766602
2016-10-13,9.640000343322754,8.703200340270996
2016-10-14,9.65999984741211,8.721256256103516
2016-10-17,9.520000457763672,8.594862937927246
2016-10-18,9.720000267028809,8.775426864624023
2016-10-19,10.020000457763672,9.046272277832031
2016-10-20,10.210000038146973,9.21780776977539
2016-10-21,10.039999961853027,9.064329147338867
2016-10-24,10.180000305175781,9.190725326538086
2016-10-25,10.550000190734863,9.524768829345703
2016-10-26,10.579999923706055,9.55185317993164
2016-10-27,10.6899995803833,9.651163101196289
2016-10-28,10.930000305175781,9.867839813232422
2016-10-31,11.180000305175781,10.093546867370605
2016-11-01,11.149999618530273,10.066462516784668
2016-11-02,10.619999885559082,9.587964057922363
2016-11-03,10.729999542236328,9.687276840209961
2016-11-04,11.050000190734863,9.976178169250488
2016-11-07,11.289999961853027,10.192852020263672
2016-11-08,12.09000015258789,10.915111541748047
2016-11-09,13.069999694824219,11.799880981445312
2016-11-10,13.800000190734863,12.458935737609863
2016-11-11,13.9399995803833,12.585333824157715
2016-11-14,13.920000076293945,12.567275047302246
2016-11-15,13.989999771118164,12.630474090576172
2016-11-16,13.800000190734863,12.458935737609863
2016-11-17,13.800000190734863,12.458935737609863
2016-11-18,13.729999542236328,12.39573860168457
2016-11-21,14.510000228881836,13.099944114685059
2016-11-22,15.119999885559082,13.650663375854492
2016-11-23,16.209999084472656,14.63473892211914
2016-11-25,16.0,14.445145606994629
2016-11-28,15.779999732971191,14.246524810791016
2016-11-29,14.970000267028809,13.515238761901855
2016-11-30,15.350000381469727,13.85831356048584
2016-12-01,15.029999732971191,13.569409370422363
2016-12-02,15.420000076293945,13.921509742736816
2016-12-05,15.869999885559082,14.327777862548828
2016-12-06,15.890000343322754,14.345837593078613
2016-12-07,15.430000305175781,13.930538177490234
2016-12-08,15.600000381469727,14.084016799926758
2016-12-09,15.75,14.219441413879395
2016-12-12,15.359999656677246,13.867341041564941
2016-12-13,15.039999961853027,13.578436851501465
2016-12-14,14.649999618530273,13.226336479187012
2016-12-15,14.609999656677246,13.190221786499023
2016-12-16,13.829999923706055,12.486021995544434
2016-12-19,13.550000190734863,12.233232498168945
2016-12-20,14.15999984741211,12.783952713012695
2016-12-21,14.050000190734863,12.684642791748047
2016-12-22,13.800000190734863,12.458935737609863
2016-12-23,13.8100004196167,12.467966079711914
2016-12-27,13.760000228881836,12.422823905944824
2016-12-28,13.569999694824219,12.251288414001465
2016-12-29,13.479999542236328,12.170035362243652
2016-12-30,13.1899995803833,11.908215522766113
2017-01-03,13.779999732971191,12.44088363647461
2017-01-04,14.829999923706055,13.38884449005127
2017-01-05,14.619999885559082,13.19925594329834
2017-01-06,14.899999618530273,13.452043533325195
2017-01-09,14.680000305175781,13.253423690795898
2017-01-10,15.550000190734863,14.0388765335083
2017-01-11,15.869999885559082,14.327777862548828
2017-01-12,15.270000457763672,13.78608512878418
2017-01-13,15.1899995803833,13.713859558105469
2017-01-17,15.0600004196167,13.5964937210083
2017-01-18,15.239999771118164,13.758999824523926
2017-01-19,15.260000228881836,13.777057647705078
2017-01-20,15.510000228881836,14.002763748168945
2017-01-23,15.720000267028809,14.19235897064209
2017-01-24,17.020000457763672,15.366023063659668
2017-01-25,16.5,14.896560668945312
2017-01-26,15.84000015258789,14.300691604614258
2017-01-27,16.3700008392334,14.779191017150879
2017-01-30,16.25,14.670849800109863
2017-01-31,16.649999618530273,15.031981468200684
2017-02-01,16.84000015258789,15.203516006469727
2017-02-02,16.809999465942383,15.176432609558105
2017-02-03,15.829999923706055,14.291666984558105
2017-02-06,16.0,14.445145606994629
2017-02-07,15.520000457763672,14.01179313659668
2017-02-08,15.529999732971191,14.020821571350098
2017-02-09,15.390000343322754,13.894423484802246
2017-02-10,15.800000190734863,14.264581680297852
2017-02-13,15.960000038146973,14.40903377532959
2017-02-14,15.899999618530273,14.354862213134766
2017-02-15,15.369999885559082,13.876367568969727
2017-02-16,15.069999694824219,13.605522155761719
2017-02-17,14.90999984741211,13.46107006072998
2017-02-21,14.130000114440918,12.756867408752441
2017-02-22,13.729999542236328,12.39573860168457
2017-02-23,13.479999542236328,12.170035362243652
2017-02-24,13.25,11.962386131286621
2017-02-27,13.270000457763672,11.980440139770508
2017-02-28,13.399999618530273,12.097811698913574
2017-03-01,13.989999771118164,12.630474090576172
2017-03-02,13.3100004196167,12.016555786132812
2017-03-03,13.199999809265137,11.917245864868164
2017-03-06,12.899999618530273,11.646397590637207
2017-03-07,12.6899995803833,11.456805229187012
2017-03-08,12.4399995803833,11.231101036071777
2017-03-09,12.399999618530273,11.194987297058105
2017-03-10,12.369999885559082,11.167902946472168
2017-03-13,12.5600004196167,11.33944034576416
2017-03-14,12.270000457763672,11.077620506286621
2017-03-15,12.890000343322754,11.637368202209473
2017-03-16,12.819999694824219,11.57417106628418
2017-03-17,12.760000228881836,11.520003318786621
2017-03-20,12.729999542236328,11.492918968200684
2017-03-21,12.569999694824219,11.348467826843262
2017-03-22,12.859999656677246,11.610284805297852
2017-03-23,12.829999923706055,11.583200454711914
2017-03-24,12.8100004196167,11.565149307250977
2017-03-27,12.210000038146973,11.023452758789062
2017-03-28,12.569999694824219,11.348467826843262
2017-03-29,12.720000267028809,11.483892440795898
2017-03-30,13.3100004196167,12.016555786132812
2017-03-31,13.359999656677246,12.061695098876953
2017-04-03,13.239999771118164,11.953360557556152
2017-04-04,13.539999961853027,12.22420597076416
2017-04-05,13.4399995803833,12.133922576904297
2017-04-06,13.5600004196167,12.242260932922363
2017-04-07,13.369999885559082,12.07072639465332
2017-04-10,13.520000457763672,12.206148147583008
2017-04-11,13.619999885559082,12.296429634094238
2017-04-12,12.880000114440918,11.62834644317627
2017-04-13,12.720000267028809,11.483892440795898
2017-04-17,12.75,11.510976791381836
2017-04-18,12.470000267028809,11.258188247680664
2017-04-19,12.350000381469727,11.149847030639648
2017-04-20,12.510000228881836,11.294299125671387
2017-04-21,12.229999542236328,11.041510581970215
2017-04-24,12.229999542236328,11.041510581970215
2017-04-25,13.100000381469727,11.826964378356934
2017-04-26,13.5,12.188091278076172
2017-04-27,13.010000228881836,11.745709419250488
2017-04-28,12.75,11.510976791381836
2017-05-01,12.539999961853027,11.321382522583008
2017-05-02,12.720000267028809,11.483892440795898
2017-05-03,12.020000457763672,10.851917266845703
2017-05-04,11.680000305175781,10.544954299926758
2017-05-05,11.800000190734863,10.65329647064209
2017-05-08,11.670000076293945,10.535929679870605
2017-05-09,11.630000114440918,10.499814987182617
2017-05-10,11.720000267028809,10.581070899963379
2017-05-11,11.680000305175781,10.544954299926758
2017-05-12,11.510000228881836,10.391477584838867
2017-05-15,11.75,10.608153343200684
2017-05-16,11.770000457763672,10.626211166381836
2017-05-17,11.430000305175781,10.319252014160156
2017-05-18,11.289999961853027,10.192852020263672
2017-05-19,11.729999542236328,10.59009838104248
2017-05-22,11.829999923706055,10.680379867553711
2017-05-23,11.880000114440918,10.7255220413208
2017-05-24,11.899999618530273,10.743579864501953
2017-05-25,11.699999809265137,10.563013076782227
2017-05-26,11.670000076293945,10.535929679870605
2017-05-30,11.670000076293945,10.535929679870605
2017-05-31,11.489999771118164,10.373417854309082
2017-06-01,11.449999809265137,10.33730697631836
2017-06-02,11.289999961853027,10.192852020263672
2017-06-05,11.420000076293945,10.310220718383789
2017-06-06,11.850000381469727,10.698437690734863
2017-06-07,11.720000267028809,10.581070899963379
2017-06-08,12.0600004196167,10.888030052185059
2017-06-09,12.359999656677246,11.158872604370117
2017-06-12,12.34000015258789,11.140820503234863
2017-06-13,12.359999656677246,11.158872604370117
2017-06-14,12.09000015258789,10.915111541748047
2017-06-15,11.5,10.382448196411133
2017-06-16,11.420000076293945,10.310220718383789
2017-06-19,11.59000015258789,10.463702201843262
2017-06-20,11.239999771118164,10.147713661193848
2017-06-21,11.210000038146973,10.12062931060791
2017-06-22,11.449999809265137,10.33730697631836
2017-06-23,11.760000228881836,10.617181777954102
2017-06-26,11.819999694824219,10.67135238647461
2017-06-27,11.720000267028809,10.581070899963379
2017-06-28,11.989999771118164,10.824830055236816
2017-06-29,12.079999923706055,10.906084060668945
2017-06-30,12.010000228881836,10.842889785766602
2017-07-03,12.199999809265137,11.014422416687012
2017-07-05,12.170000076293945,10.987342834472656
2017-07-06,11.890000343322754,10.734548568725586
2017-07-07,11.899999618530273,10.743579864501953
2017-07-10,12.520000457763672,11.303326606750488
2017-07-11,12.579999923706055,11.357495307922363
2017-07-12,12.270000457763672,11.077620506286621
2017-07-13,12.479999542236328,11.267210960388184
2017-07-14,12.600000381469727,11.375553131103516
2017-07-17,13.0,11.73668098449707
2017-07-18,13.0,11.73668098449707
2017-07-19,13.109999656677246,11.835991859436035
2017-07-20,13.039999961853027,11.772794723510742
2017-07-21,13.010000228881836,11.745709419250488
2017-07-24,12.960000038146973,11.700569152832031
2017-07-25,14.869999885559082,13.424958229064941
2017-07-26,15.0600004196167,13.5964937210083
2017-07-27,14.5,13.090912818908691
2017-07-28,14.600000381469727,13.181194305419922
2017-07-31,14.619999885559082,13.19925594329834
2017-08-01,14.489999771118164,13.081884384155273
2017-08-02,14.369999885559082,12.973546028137207
2017-08-03,14.369999885559082,12.973546028137207
2017-08-04,14.40999984741211,13.009658813476562
2017-08-07,14.699999809265137,13.271477699279785
2017-08-08,14.470000267028809,13.063830375671387
2017-08-09,14.59000015258789,13.172165870666504
2017-08-10,14.149999618530273,12.77492618560791
2017-08-11,13.960000038146973,12.603387832641602
2017-08-14,14.149999618530273,12.77492618560791
2017-08-15,13.970000267028809,12.612421035766602
2017-08-16,14.770000457763672,13.334676742553711
2017-08-17,14.199999809265137,12.82006549835205
2017-08-18,14.149999618530273,12.77492618560791
2017-08-21,14.729999542236328,13.298562049865723
2017-08-22,15.069999694824219,13.605522155761719
2017-08-23,15.289999961853027,13.804142951965332
2017-08-24,15.489999771118164,13.984704971313477
2017-08-25,15.289999961853027,13.804142951965332
2017-08-28,15.529999732971191,14.020821571350098
2017-08-29,15.210000038146973,13.731915473937988
2017-08-30,14.5600004196167,13.145084381103516
2017-08-31,14.779999732971191,13.343701362609863
2017-09-01,15.069999694824219,13.605522155761719
2017-09-05,14.789999961853027,13.352731704711914
2017-09-06,15.0600004196167,13.5964937210083
2017-09-07,15.210000038146973,13.731915473937988
2017-09-08,14.239999771118164,12.856180191040039
2017-09-11,14.390000343322754,12.991602897644043
2017-09-12,14.300000190734863,12.91034984588623
2017-09-13,13.9399995803833,12.585333824157715
2017-09-14,13.859999656677246,12.513107299804688
2017-09-15,13.880000114440918,12.531163215637207
2017-09-18,14.130000114440918,12.756867408752441
2017-09-19,14.479999542236328,13.072854042053223
2017-09-20,14.180000305175781,12.802009582519531
2017-09-21,13.979999542236328,12.621444702148438
2017-09-22,14.0600004196167,12.693674087524414
2017-09-25,13.890000343322754,12.540193557739258
2017-09-26,13.989999771118164,12.630474090576172
2017-09-27,14.0,12.639503479003906
2017-09-28,14.420000076293945,13.018686294555664
2017-09-29,14.039999961853027,12.675616264343262
2017-10-02,14.34000015258789,12.946460723876953
2017-10-03,14.640000343322754,13.217307090759277
2017-10-04,14.529999732971191,13.117996215820312
2017-10-05,14.75,13.316617965698242
2017-10-06,14.329999923706055,12.937435150146484
2017-10-09,14.319999694824219,12.928406715393066
2017-10-10,14.40999984741211,13.009658813476562
2017-10-11,14.430000305175781,13.027715682983398
2017-10-12,14.510000228881836,13.099944114685059
2017-10-13,14.75,13.316617965698242
2017-10-16,15.270000457763672,13.78608512878418
2017-10-17,14.930000305175781,13.479129791259766
2017-10-18,14.829999923706055,13.38884449005127
2017-10-19,14.8100004196167,13.370787620544434
2017-10-20,14.829999923706055,13.38884449005127
2017-10-23,14.8100004196167,13.370787620544434
2017-10-24,15.229999542236328,13.74997329711914
2017-10-25,14.699999809265137,13.271477699279785
2017-10-26,14.6899995803833,13.262449264526367
2017-10-27,14.130000114440918,12.756867408752441
2017-10-30,13.9399995803833,12.585333824157715
2017-10-31,13.979999542236328,12.621444702148438
2017-11-01,14.380000114440918,12.982576370239258
2017-11-02,14.229999542236328,12.847152709960938
2017-11-03,14.149999618530273,12.77492618560791
2017-11-06,14.640000343322754,13.217307090759277
2017-11-07,14.550000190734863,13.136054992675781
2017-11-08,14.859999656677246,13.415931701660156
2017-11-09,14.720000267028809,13.289534568786621
2017-11-10,14.40999984741211,13.009658813476562
2017-11-13,14.430000305175781,13.027715682983398
2017-11-14,13.800000190734863,12.458935737609863
2017-11-15,13.630000114440918,12.305458068847656
2017-11-16,13.619999885559082,12.296429634094238
2017-11-17,13.859999656677246,12.513107299804688
2017-11-20,13.949999809265137,12.59436321258545
2017-11-21,14.149999618530273,12.77492618560791
2017-11-22,14.239999771118164,12.856180191040039
2017-11-24,14.350000381469727,12.955491065979004
2017-11-27,14.09000015258789,12.720757484436035
2017-11-28,14.210000038146973,12.829095840454102
2017-11-29,14.010000228881836,12.648530006408691
2017-11-30,13.920000076293945,12.567275047302246
2017-12-01,14.109999656677246,12.738812446594238
2017-12-04,14.300000190734863,12.91034984588623
2017-12-05,14.109999656677246,12.738812446594238
2017-12-06,14.350000381469727,12.955491065979004
2017-12-07,14.84000015258789,13.397875785827637
2017-12-08,14.970000267028809,13.515238761901855
2017-12-11,15.020000457763672,13.560382843017578
2017-12-12,15.710000038146973,14.183330535888672
2017-12-13,16.31999969482422,14.734050750732422
2017-12-14,16.190000534057617,14.616678237915039
2017-12-15,16.979999542236328,15.329912185668945
2017-12-18,17.350000381469727,15.663956642150879
2017-12-19,17.329999923706055,15.64590072631836
2017-12-20,17.65999984741211,15.943831443786621
2017-12-21,18.18000030517578,16.41329574584961
2017-12-22,18.100000381469727,16.341073989868164
2017-12-26,18.670000076293945,16.85568618774414
2017-12-27,18.690000534057617,16.873733520507812
2017-12-28,19.270000457763672,17.39737319946289
2017-12-29,18.959999084472656,17.11750030517578
2018-01-02,19.770000457763672,17.848785400390625
2018-01-03,19.469999313354492,17.57793426513672
2018-01-04,19.739999771118164,17.821699142456055
2018-01-05,19.899999618530273,17.966148376464844
2018-01-08,19.809999465942383,17.88489532470703
2018-01-09,18.920000076293945,17.081384658813477
2018-01-10,19.510000228881836,17.614051818847656
2018-01-11,19.8799991607666,17.948097229003906
2018-01-12,19.75,17.830732345581055
2018-01-16,19.31999969482422,17.44251251220703
2018-01-17,19.770000457763672,17.848785400390625
2018-01-18,19.399999618530273,17.514739990234375
2018-01-19,19.959999084472656,18.02031898498535
2018-01-22,19.989999771118164,18.047407150268555
2018-01-23,19.549999237060547,17.650163650512695
2018-01-24,19.600000381469727,17.69530487060547
2018-01-25,19.81999969482422,17.893922805786133
2018-01-26,19.540000915527344,17.64113426208496
2018-01-29,19.6299991607666,17.722387313842773
2018-01-30,19.1299991607666,17.270973205566406
2018-01-31,19.5,17.60502052307129
2018-02-01,19.450000762939453,17.55988121032715
2018-02-02,17.969999313354492,16.22370719909668
2018-02-05,17.649999618530273,15.93480110168457
2018-02-06,18.739999771118164,16.91887855529785
2018-02-07,17.860000610351562,16.124391555786133
2018-02-08,17.15999984741211,15.492416381835938
2018-02-09,17.56999969482422,15.86257553100586
2018-02-12,17.56999969482422,15.86257553100586
2018-02-13,17.799999237060547,16.070222854614258
2018-02-14,19.1200008392334,17.261947631835938
2018-02-15,19.1200008392334,17.261947631835938
2018-02-16,18.729999542236328,16.90984344482422
2018-02-20,18.43000030517578,16.639001846313477
2018-02-21,18.729999542236328,16.90984344482422
2018-02-22,19.15999984741211,17.298063278198242
2018-02-23,19.549999237060547,17.650163650512695
2018-02-26,19.530000686645508,17.632112503051758
2018-02-27,19.09000015258789,17.23486328125
2018-02-28,18.600000381469727,16.7924861907959
2018-03-01,18.540000915527344,16.73831558227539
2018-03-02,18.31999969482422,16.539697647094727
2018-03-05,18.190000534057617,16.422325134277344
2018-03-06,18.700000762939453,16.882761001586914
2018-03-07,18.1200008392334,16.359127044677734
2018-03-08,17.8700008392334,16.133424758911133
2018-03-09,18.43000030517578,16.639001846313477
2018-03-12,18.559999465942383,16.75636863708496
2018-03-13,18.479999542236328,16.684139251708984
2018-03-14,18.65999984741211,16.84665298461914
2018-03-15,18.40999984741211,16.620952606201172
2018-03-16,18.360000610351562,16.575801849365234
2018-03-19,18.049999237060547,16.295930862426758
2018-03-20,18.489999771118164,16.69317054748535
2018-03-21,19.18000030517578,17.316118240356445
2018-03-22,18.049999237060547,16.295930862426758
2018-03-23,17.520000457763672,15.817432403564453
2018-03-26,17.75,16.025083541870117
2018-03-27,17.239999771118164,15.56464672088623
2018-03-28,16.75,15.122262954711914
2018-03-29,17.56999969482422,15.86257553100586
2018-04-02,17.139999389648438,15.47436237335205
2018-04-03,17.3799991607666,15.69103717803955
2018-04-04,17.34000015258789,15.654928207397461
2018-04-05,18.110000610351562,16.3501033782959
2018-04-06,17.329999923706055,15.64590072631836
2018-04-09,17.43000030517578,15.73618221282959
2018-04-10,18.200000762939453,16.43135643005371
2018-04-11,17.979999542236328,16.23273277282715
2018-04-12,17.860000610351562,16.16935920715332
2018-04-13,17.8700008392334,16.178415298461914
2018-04-16,18.15999984741211,16.440956115722656
2018-04-17,18.299999237060547,16.567710876464844
2018-04-18,19.18000030517578,17.364402770996094
2018-04-19,19.56999969482422,17.71749496459961
2018-04-20,19.360000610351562,17.527366638183594
2018-04-23,18.809999465942383,17.02943229675293
2018-04-24,16.079999923706055,14.557854652404785
2018-04-25,15.369999885559082,13.91506290435791
2018-04-26,15.630000114440918,14.150452613830566
2018-04-27,15.319999694824219,13.869795799255371
2018-04-30,15.210000038146973,13.770211219787598
2018-05-01,14.949999809265137,13.534822463989258
2018-05-02,15.109999656677246,13.679675102233887
2018-05-03,15.210000038146973,13.770211219787598
2018-05-04,15.420000076293945,13.960330963134766
2018-05-07,15.260000228881836,13.815478324890137
2018-05-08,15.300000190734863,13.851690292358398
2018-05-09,15.680000305175781,14.195718765258789
2018-05-10,16.219999313354492,14.684601783752441
2018-05-11,16.270000457763672,14.729870796203613
2018-05-14,16.200000762939453,14.666496276855469
2018-05-15,15.960000038146973,14.44921588897705
2018-05-16,16.639999389648438,15.06484603881836
2018-05-17,16.780000686645508,15.191594123840332
2018-05-18,16.8700008392334,15.27307415008545
2018-05-21,16.690000534057617,15.110114097595215
2018-05-22,17.170000076293945,15.544672012329102
2018-05-23,17.350000381469727,15.707635879516602
2018-05-24,17.3799991607666,15.734796524047852
2018-05-25,17.079999923706055,15.463191032409668
2018-05-29,16.649999618530273,15.073901176452637
2018-05-30,17.1200008392334,15.499408721923828
2018-05-31,16.899999618530273,15.300232887268066
2018-06-01,17.1200008392334,15.499408721923828
2018-06-04,17.209999084472656,15.580891609191895
2018-06-05,17.649999618530273,15.979239463806152
2018-06-06,18.200000762939453,16.477176666259766
2018-06-07,17.93000030517578,16.23273468017578
2018-06-08,18.030000686645508,16.323266983032227
2018-06-11,18.190000534057617,16.468114852905273
2018-06-12,17.860000610351562,16.16935920715332
2018-06-13,17.809999465942383,16.12409210205078
2018-06-14,17.579999923706055,15.915865898132324
2018-06-15,16.889999389648438,15.291178703308105
2018-06-18,16.799999237060547,15.209698677062988
2018-06-19,16.260000228881836,14.720815658569336
2018-06-20,16.299999237060547,14.757028579711914
2018-06-21,16.360000610351562,14.811347961425781
2018-06-22,16.440000534057617,14.883777618408203
2018-06-25,15.739999771118164,14.250039100646973
2018-06-26,16.25,14.711760520935059
2018-06-27,16.899999618530273,15.300232887268066
2018-06-28,16.790000915527344,15.200648307800293
2018-06-29,17.260000228881836,15.626153945922852
2018-07-02,17.15999984741211,15.53562068939209
2018-07-03,17.06999969482422,15.454141616821289
2018-07-05,16.969999313354492,15.363609313964844
2018-07-06,17.510000228881836,15.852493286132812
2018-07-09,18.110000610351562,16.39569854736328
2018-07-10,18.110000610351562,16.39569854736328
2018-07-11,17.40999984741211,15.76195240020752
2018-07-12,17.290000915527344,15.69839859008789
2018-07-13,16.799999237060547,15.253506660461426
2018-07-16,16.770000457763672,15.22626781463623
2018-07-17,16.770000457763672,15.22626781463623
2018-07-18,17.079999923706055,15.507729530334473
2018-07-19,15.800000190734863,14.345559120178223
2018-07-20,15.75,14.300163269042969
2018-07-23,15.829999923706055,14.372797966003418
2018-07-24,16.06999969482422,14.590703964233398
2018-07-25,15.859999656677246,14.400035858154297
2018-07-26,15.970000267028809,14.499909400939941
2018-07-27,15.989999771118164,14.51806926727295
2018-07-30,16.079999923706055,14.599784851074219
2018-07-31,16.5,14.981121063232422
2018-08-01,15.579999923706055,14.145812034606934
2018-08-02,15.430000305175781,14.009618759155273
2018-08-03,15.710000038146973,14.263846397399902
2018-08-06,15.399999618530273,13.982377052307129
2018-08-07,15.359999656677246,13.946063041687012
2018-08-08,15.390000343322754,13.973302841186523
2018-08-09,15.3100004196167,13.900667190551758
2018-08-10,15.109999656677246,13.719077110290527
2018-08-13,14.920000076293945,13.5465669631958
2018-08-14,14.800000190734863,13.437612533569336
2018-08-15,13.65999984741211,12.402551651000977
2018-08-16,13.770000457763672,12.502427101135254
2018-08-17,13.970000267028809,12.684016227722168
2018-08-20,14.119999885559082,12.820210456848145
2018-08-21,14.319999694824219,13.001798629760742
2018-08-22,14.529999732971191,13.192466735839844
2018-08-23,14.180000305175781,12.874686241149902
2018-08-24,14.470000267028809,13.137990951538086
2018-08-27,14.729999542236328,13.374055862426758
2018-08-28,14.65999984741211,13.31049919128418
2018-08-29,14.670000076293945,13.319579124450684
2018-08-30,14.149999618530273,12.84744644165039
2018-08-31,14.050000190734863,12.75665283203125
2018-09-04,13.479999542236328,12.23912239074707
2018-09-05,13.670000076293945,12.41163444519043
2018-09-06,13.569999694824219,12.320839881896973
2018-09-07,13.180000305175781,11.966739654541016
2018-09-10,13.199999809265137,11.984899520874023
2018-09-11,13.039999961853027,11.83962631225586
2018-09-12,13.630000114440918,12.375314712524414
2018-09-13,13.579999923706055,12.329917907714844
2018-09-14,13.6899995803833,12.429790496826172
2018-09-17,13.720000267028809,12.45703125
2018-09-18,14.010000228881836,12.7203369140625
2018-09-19,14.300000190734863,12.98363971710205
2018-09-20,14.390000343322754,13.065354347229004
2018-09-21,14.609999656677246,13.265101432800293
2018-09-24,14.239999771118164,12.92916202545166
2018-09-25,14.489999771118164,13.156147003173828
2018-09-26,14.0,12.71125316619873
2018-09-27,13.869999885559082,12.593220710754395
2018-09-28,13.920000076293945,12.638618469238281
2018-10-01,13.699999809265137,12.438873291015625
2018-10-02,13.890000343322754,12.611380577087402
2018-10-03,13.949999809265137,12.665857315063477
2018-10-04,13.630000114440918,12.375314712524414
2018-10-05,13.270000457763672,12.048454284667969
2018-10-08,13.289999961853027,12.06661319732666
2018-10-09,13.180000305175781,11.966739654541016
2018-10-10,12.770000457763672,11.59447956085205
2018-10-11,13.229999542236328,12.012136459350586
2018-10-12,12.739999771118164,11.611123085021973
2018-10-15,12.829999923706055,11.693148612976074
2018-10-16,12.680000305175781,11.556440353393555
2018-10-17,12.399999618530273,11.301250457763672
2018-10-18,12.140000343322754,11.064290046691895
2018-10-19,12.020000457763672,10.954924583435059
2018-10-22,12.0,10.936695098876953
2018-10-23,11.609999656677246,10.581252098083496
2018-10-24,10.699999809265137,9.751883506774902
2018-10-25,11.25,10.253152847290039
2018-10-26,11.5,10.480998992919922
2018-10-29,11.09000015258789,10.107329368591309
2018-10-30,11.40999984741211,10.398971557617188
2018-10-31,11.649999618530273,10.617706298828125
2018-11-01,12.279999732971191,11.19188404083252
2018-11-02,12.239999771118164,11.155426979064941
2018-11-05,12.220000267028809,11.137200355529785
2018-11-06,12.199999809265137,11.118972778320312
2018-11-07,12.329999923706055,11.23745346069336
2018-11-08,11.930000305175781,10.872897148132324
2018-11-09,11.350000381469727,10.344292640686035
2018-11-12,11.15999984741211,10.171125411987305
2018-11-13,11.25,10.253152847290039
2018-11-14,11.539999961853027,10.5174560546875
2018-11-15,11.960000038146973,10.900238037109375
2018-11-16,11.960000038146973,10.900238037109375
2018-11-19,11.510000228881836,10.490114212036133
2018-11-20,10.880000114440918,9.915934562683105
2018-11-21,11.40999984741211,10.398971557617188
2018-11-23,10.770000457763672,9.815683364868164
2018-11-26,11.09000015258789,10.107329368591309
2018-11-27,11.239999771118164,10.244037628173828
2018-11-28,11.970000267028809,10.90935230255127
2018-11-29,11.819999694824219,10.772645950317383
2018-11-30,11.9399995803833,10.882010459899902
2018-12-03,12.09000015258789,11.018720626831055
2018-12-04,11.5,10.480998992919922
2018-12-06,11.149999618530273,10.162013053894043
2018-12-07,10.920000076293945,9.952392578125
2018-12-10,10.6899995803833,9.742770195007324
2018-12-11,10.760000228881836,9.80656909942627
2018-12-12,11.069999694824219,10.089101791381836
2018-12-13,10.920000076293945,9.952392578125
2018-12-14,10.569999694824219,9.633403778076172
2018-12-17,10.59000015258789,9.651631355285645
2018-12-18,10.600000381469727,9.660747528076172
2018-12-19,10.180000305175781,9.277961730957031
2018-12-20,10.239999771118164,9.3326416015625
2018-12-21,10.050000190734863,9.159481048583984
2018-12-24,9.779999732971191,8.913405418395996
2018-12-26,10.399999618530273,9.47846508026123
2018-12-27,10.670000076293945,9.724543571472168
2018-12-28,10.470000267028809,9.542265892028809
2018-12-31,10.3100004196167,9.396445274353027
2019-01-02,10.359999656677246,9.442014694213867
2019-01-03,10.069999694824219,9.177709579467773
2019-01-04,10.819999694824219,9.861252784729004
2019-01-07,11.0,10.025304794311523
2019-01-08,11.199999809265137,10.207581520080566
2019-01-09,11.510000228881836,10.490114212036133
2019-01-10,11.510000228881836,10.490114212036133
2019-01-11,11.600000381469727,10.572139739990234
2019-01-14,11.550000190734863,10.572137832641602
2019-01-15,11.569999694824219,10.59044361114502
2019-01-16,11.890000343322754,10.883354187011719
2019-01-17,12.130000114440918,11.103032112121582
2019-01-18,12.5600004196167,11.496625900268555
2019-01-22,12.380000114440918,11.331866264343262
2019-01-23,12.3100004196167,11.267793655395508
2019-01-24,10.699999809265137,9.794100761413574
2019-01-25,11.239999771118164,10.288382530212402
2019-01-28,10.279999732971191,9.409660339355469
2019-01-29,10.449999809265137,9.565267562866211
2019-01-30,11.270000457763672,10.31584358215332
2019-01-31,11.640000343322754,10.654518127441406
2019-02-01,11.510000228881836,10.53552532196045
2019-02-04,11.859999656677246,10.855892181396484
2019-02-05,11.869999885559082,10.865047454833984
2019-02-06,11.90999984741211,10.901659965515137
2019-02-07,11.859999656677246,10.855892181396484
2019-02-08,11.609999656677246,10.627058029174805
2019-02-11,11.529999732971191,10.553832054138184
2019-02-12,11.489999771118164,10.517218589782715
2019-02-13,12.289999961853027,11.249486923217773
2019-02-14,12.15999984741211,11.130495071411133
2019-02-15,12.279999732971191,11.240331649780273
2019-02-19,13.09000015258789,11.981757164001465
2019-02-20,13.350000381469727,12.219745635986328
2019-02-21,13.020000457763672,11.917683601379395
2019-02-22,13.220000267028809,12.100751876831055
2019-02-25,13.260000228881836,12.137365341186523
2019-02-26,13.180000305175781,12.064138412475586
2019-02-27,13.15999984741211,12.045830726623535
2019-02-28,12.899999618530273,11.807840347290039
2019-03-01,12.869999885559082,11.780381202697754
2019-03-04,12.779999732971191,11.698002815246582
2019-03-05,12.84000015258789,11.752923965454102
2019-03-06,12.539999961853027,11.478321075439453
2019-03-07,12.3100004196167,11.267793655395508
2019-03-08,12.09000015258789,11.06641960144043
2019-03-11,12.359999656677246,11.31356143951416
2019-03-12,12.649999618530273,11.579009056091309
2019-03-13,12.65999984741211,11.588160514831543
2019-03-14,12.319999694824219,11.276947975158691
2019-03-15,12.350000381469727,11.304407119750977
2019-03-18,12.619999885559082,11.55155086517334
2019-03-19,12.680000305175781,11.606467247009277
2019-03-20,12.819999694824219,11.73461627960205
2019-03-21,12.920000076293945,11.826150894165039
2019-03-22,12.180000305175781,11.148802757263184
2019-03-25,12.380000114440918,11.331866264343262
2019-03-26,12.699999809265137,11.624775886535645
2019-03-27,12.710000038146973,11.633927345275879
2019-03-28,12.729999542236328,11.652237892150879
2019-03-29,12.890000343322754,11.798689842224121
2019-04-01,13.100000381469727,11.990910530090332
2019-04-02,13.119999885559082,12.00921630859375
2019-04-03,13.15999984741211,12.045830726623535
2019-04-04,13.5600004196167,12.411964416503906
2019-04-05,13.329999923706055,12.201438903808594
2019-04-08,13.739999771118164,12.576725006103516
2019-04-09,13.380000114440918,12.247204780578613
2019-04-10,13.489999771118164,12.347890853881836
2019-04-11,13.40999984741211,12.274664878845215
2019-04-12,13.699999809265137,12.587043762207031
2019-04-15,13.6899995803833,12.57785701751709
2019-04-16,14.15999984741211,13.009675979614258
2019-04-17,14.199999809265137,13.04642391204834
2019-04-18,14.0,12.8626708984375
2019-04-22,13.649999618530273,12.541106224060059
2019-04-23,13.460000038146973,12.366540908813477
2019-04-24,13.579999923706055,12.476795196533203
2019-04-25,12.210000038146973,11.218087196350098
2019-04-26,12.5,11.484529495239258
2019-04-29,12.430000305175781,11.42021656036377
2019-04-30,12.3100004196167,11.309964179992676
2019-05-01,11.710000038146973,10.758705139160156
2019-05-02,11.510000228881836,10.574952125549316
2019-05-03,11.949999809265137,10.979208946228027
2019-05-06,11.720000267028809,10.767897605895996
2019-05-07,11.4399995803833,10.510636329650879
2019-05-08,11.369999885559082,10.446328163146973
2019-05-09,11.279999732971191,10.363638877868652
2019-05-10,11.369999885559082,10.446328163146973
2019-05-13,10.710000038146973,9.83994197845459
2019-05-14,10.859999656677246,9.977757453918457
2019-05-15,10.850000381469727,9.9685697555542
2019-05-16,10.65999984741211,9.79400634765625
2019-05-17,10.369999885559082,9.527565956115723
2019-05-20,10.199999809265137,9.371376037597656
2019-05-21,10.350000381469727,9.509190559387207
2019-05-22,10.0600004196167,9.24275016784668
2019-05-23,9.949999809265137,9.141683578491211
2019-05-24,10.079999923706055,9.261126518249512
2019-05-28,10.029999732971191,9.215188026428223
2019-05-29,9.989999771118164,9.178436279296875
2019-05-30,9.819999694824219,9.022246360778809
2019-05-31,9.710000038146973,8.921182632446289
2019-06-03,9.920000076293945,9.114120483398438
2019-06-04,10.319999694824219,9.4816255569458
2019-06-05,10.100000381469727,9.279499053955078
2019-06-06,10.1899995803833,9.362186431884766
2019-06-07,10.350000381469727,9.509190559387207
2019-06-10,10.609999656677246,9.748068809509277
2019-06-11,10.619999885559082,9.757256507873535
2019-06-12,10.59000015258789,9.729693412780762
2019-06-13,10.829999923706055,9.950196266174316
2019-06-14,10.649999618530273,9.78481674194336
2019-06-17,10.739999771118164,9.867504119873047
2019-06-18,11.130000114440918,10.225823402404785
2019-06-19,11.1899995803833,10.280951499938965
2019-06-20,11.380000114440918,10.455514907836914
2019-06-21,11.34000015258789,10.418766021728516
2019-06-24,11.34000015258789,10.418766021728516
2019-06-25,11.34000015258789,10.418766021728516
2019-06-26,11.489999771118164,10.556580543518066
2019-06-27,11.5600004196167,10.620892524719238
2019-06-28,11.609999656677246,10.666831016540527
2019-07-01,11.449999809265137,10.519828796386719
2019-07-02,11.449999809265137,10.519828796386719
2019-07-03,11.3100004196167,10.39120101928711
2019-07-05,11.289999961853027,10.37282657623291
2019-07-08,11.220000267028809,10.308512687683105
2019-07-09,10.869999885559082,9.986947059631348
2019-07-10,10.949999809265137,10.060447692871094
2019-07-11,11.100000381469727,10.198263168334961
2019-07-12,11.020000457763672,10.170573234558105
2019-07-15,11.140000343322754,10.28132438659668
2019-07-16,11.119999885559082,10.26286506652832
2019-07-17,11.0600004196167,10.207489967346191
2019-07-18,11.149999618530273,10.290555000305176
2019-07-19,11.489999771118164,10.604347229003906
2019-07-22,11.489999771118164,10.604347229003906
2019-07-23,11.649999618530273,10.752013206481934
2019-07-24,11.9399995803833,11.019659042358398
2019-07-25,11.420000076293945,10.539742469787598
2019-07-26,11.5600004196167,10.668950080871582
2019-07-29,11.609999656677246,10.715097427368164
2019-07-30,11.470000267028809,10.585887908935547
2019-07-31,11.0600004196167,10.207489967346191
2019-08-01,10.699999809265137,9.875239372253418
2019-08-02,10.300000190734863,9.506071090698242
2019-08-05,10.069999694824219,9.293802261352539
2019-08-06,10.140000343322754,9.358406066894531
2019-08-07,10.079999923706055,9.303030967712402
2019-08-08,10.119999885559082,9.339945793151855
2019-08-09,9.75,8.998467445373535
2019-08-12,9.520000457763672,8.78619384765625
2019-08-13,9.890000343322754,9.127678871154785
2019-08-14,9.359999656677246,8.638528823852539
2019-08-15,8.989999771118164,8.297045707702637
2019-08-16,9.100000381469727,8.398568153381348
2019-08-19,9.25,8.537007331848145
2019-08-20,9.1899995803833,8.481630325317383
2019-08-21,9.140000343322754,8.43548583984375
2019-08-22,9.130000114440918,8.426254272460938
2019-08-23,8.829999923706055,8.14937973022461
2019-08-26,8.84000015258789,8.158608436584473
2019-08-27,8.710000038146973,8.038628578186035
2019-08-28,8.949999809265137,8.2601318359375
2019-08-29,9.119999885559082,8.417028427124023
2019-08-30,9.1899995803833,8.481630325317383
2019-09-03,9.069999694824219,8.370881080627441
2019-09-04,9.289999961853027,8.57392406463623
2019-09-05,9.529999732971191,8.79542350769043
2019-09-06,9.420000076293945,8.693902969360352
2019-09-09,9.699999809265137,8.952320098876953
2019-09-10,10.119999885559082,9.339945793151855
2019-09-11,10.079999923706055,9.303030967712402
2019-09-12,10.369999885559082,9.570677757263184
2019-09-13,10.760000228881836,9.93061637878418
2019-09-16,10.470000267028809,9.662968635559082
2019-09-17,10.40999984741211,9.60759449005127
2019-09-18,10.359999656677246,9.561446189880371
2019-09-19,10.449999809265137,9.644509315490723
2019-09-20,10.470000267028809,9.662968635559082
2019-09-23,10.329999923706055,9.533761978149414
2019-09-24,10.010000228881836,9.238424301147461
2019-09-25,10.069999694824219,9.293802261352539
2019-09-26,9.800000190734863,9.0446138381958
2019-09-27,9.649999618530273,8.90617561340332
2019-09-30,9.569999694824219,8.832340240478516
2019-10-01,9.170000076293945,8.463173866271973
2019-10-02,8.869999885559082,8.186297416687012
2019-10-03,8.859999656677246,8.177069664001465
2019-10-04,8.829999923706055,8.14937973022461
2019-10-07,8.760000228881836,8.0847749710083
2019-10-08,8.510000228881836,7.85404634475708
2019-10-09,8.550000190734863,7.890962600708008
2019-10-10,8.960000038146973,8.26935863494873
2019-10-11,9.550000190734863,8.86334228515625
2019-10-14,9.5,8.816938400268555
2019-10-15,9.520000457763672,8.835500717163086
2019-10-16,9.5,8.816938400268555
2019-10-17,9.4399995803833,8.761253356933594
2019-10-18,9.579999923706055,8.891185760498047
2019-10-21,9.819999694824219,9.11392879486084
2019-10-22,9.930000305175781,9.216020584106445
2019-10-23,10.130000114440918,9.401639938354492
2019-10-24,9.59000015258789,8.900467872619629
2019-10-25,10.140000343322754,9.410921096801758
2019-10-28,10.239999771118164,9.503730773925781
2019-10-29,10.229999542236328,9.494450569152832
2019-10-30,10.130000114440918,9.401639938354492
2019-10-31,9.819999694824219,9.11392879486084
2019-11-01,10.520000457763672,9.76360034942627
2019-11-04,10.800000190734863,10.023468971252441
2019-11-05,10.90999984741211,10.125556945800781
2019-11-06,10.640000343322754,9.874971389770508
2019-11-07,11.270000457763672,10.459671974182129
2019-11-08,11.520000457763672,10.691697120666504
2019-11-11,11.09000015258789,10.292612075805664
2019-11-12,11.039999961853027,10.246209144592285
2019-11-13,10.84000015258789,10.060590744018555
2019-11-14,10.8100004196167,10.032748222351074
2019-11-15,11.15999984741211,10.357582092285156
2019-11-18,11.010000228881836,10.218367576599121
2019-11-19,11.279999732971191,10.468953132629395
2019-11-20,11.029999732971191,10.236927032470703
2019-11-21,11.010000228881836,10.218367576599121
2019-11-22,11.350000381469727,10.533921241760254
2019-11-25,11.65999984741211,10.821630477905273
2019-11-26,11.710000038146973,10.868034362792969
2019-11-27,11.609999656677246,10.775227546691895
2019-11-29,11.380000114440918,10.561762809753418
2019-12-02,11.449999809265137,10.626730918884277
2019-12-03,10.920000076293945,10.134835243225098
2019-12-04,11.109999656677246,10.311178207397461
2019-12-05,11.329999923706055,10.515358924865723
2019-12-06,11.640000343322754,10.803069114685059
2019-12-09,12.100000381469727,11.229995727539062
2019-12-10,12.279999732971191,11.397051811218262
2019-12-11,12.84000015258789,11.916789054870605
2019-12-12,13.0600004196167,12.12096881866455
2019-12-13,12.869999885559082,11.94462776184082
2019-12-16,12.949999809265137,12.018877029418945
2019-12-17,12.960000038146973,12.028162002563477
2019-12-18,12.979999542236328,12.046722412109375
2019-12-19,13.0,12.065286636352539
2019-12-20,12.710000038146973,11.796133995056152
2019-12-23,12.850000381469727,11.926070213317871
2019-12-24,12.989999771118164,12.05600357055664
2019-12-26,13.170000076293945,12.223061561584473
2019-12-27,13.029999732971191,12.093127250671387
2019-12-30,13.010000228881836,12.074563980102539
2019-12-31,13.119999885559082,12.176655769348145
2020-01-02,13.199999809265137,12.250904083251953
2020-01-03,12.800000190734863,11.879663467407227
2020-01-06,12.850000381469727,11.926070213317871
2020-01-07,13.050000190734863,12.111689567565918
2020-01-08,13.180000305175781,12.232340812683105
2020-01-09,12.960000038146973,12.028162002563477
2020-01-10,12.899999618530273,11.97247314453125
2020-01-13,13.529999732971191,12.557174682617188
2020-01-14,13.210000038146973,12.305658340454102
2020-01-15,12.979999542236328,12.091404914855957
2020-01-16,12.850000381469727,11.970306396484375
2020-01-17,12.869999885559082,11.988934516906738
2020-01-21,12.270000457763672,11.430011749267578
2020-01-22,12.319999694824219,11.476590156555176
2020-01-23,11.970000267028809,11.150547981262207
2020-01-24,11.84000015258789,11.029447555541992
2020-01-27,10.899999618530273,10.153800010681152
2020-01-28,11.300000190734863,10.526415824890137
2020-01-29,11.289999961853027,10.517101287841797
2020-01-30,11.319999694824219,10.54504680633545
2020-01-31,11.100000381469727,10.340107917785645
2020-02-03,11.4399995803833,10.656829833984375
2020-02-04,12.039999961853027,11.2157564163208
2020-02-05,12.40999984741211,11.560426712036133
2020-02-06,12.319999694824219,11.476590156555176
2020-02-07,11.800000190734863,10.992188453674316
2020-02-10,12.170000076293945,11.3368558883667
2020-02-11,12.399999618530273,11.551111221313477
2020-02-12,12.670000076293945,11.802628517150879
2020-02-13,12.609999656677246,11.746735572814941
2020-02-14,12.239999771118164,11.40206527709961
2020-02-18,12.020000457763672,11.197125434875488
2020-02-19,12.100000381469727,11.271649360656738
2020-02-20,12.079999923706055,11.253018379211426
2020-02-21,11.9399995803833,11.122601509094238
2020-02-24,11.239999771118164,10.470521926879883
2020-02-25,10.729999542236328,9.995437622070312
2020-02-26,10.460000038146973,9.743921279907227
2020-02-27,9.800000190734863,9.129104614257812
2020-02-28,9.960000038146973,9.278152465820312
2020-03-02,10.5,9.781182289123535
2020-03-03,10.069999694824219,9.380621910095215
2020-03-04,10.449999809265137,9.734606742858887
2020-03-05,9.989999771118164,9.306097030639648
2020-03-06,9.430000305175781,8.784432411193848
2020-03-09,8.229999542236328,7.66658353805542
2020-03-10,9.0,8.383870124816895
2020-03-11,8.119999885559082,7.564113616943359
2020-03-12,7.170000076293945,6.679152011871338
2020-03-13,7.53000020980835,7.014504909515381
2020-03-16,6.239999771118164,5.812816619873047
2020-03-17,6.480000019073486,6.036386966705322
2020-03-18,5.309999942779541,4.946484088897705
2020-03-19,5.739999771118164,5.3470458984375
2020-03-20,5.519999980926514,5.14210844039917
2020-03-23,5.389999866485596,5.021008014678955
2020-03-24,6.989999771118164,6.511473178863525
2020-03-25,7.25,6.753674030303955
2020-03-26,6.989999771118164,6.511473178863525
2020-03-27,6.199999809265137,5.775555610656738
2020-03-30,6.239999771118164,5.812816619873047
2020-03-31,6.75,6.287904739379883
2020-04-01,6.309999942779541,5.878025054931641
2020-04-02,6.389999866485596,5.952548980712891
2020-04-03,6.320000171661377,5.887341499328613
2020-04-06,7.190000057220459,6.697781562805176
2020-04-07,7.590000152587891,7.070398330688477
2020-04-08,8.029999732971191,7.480275630950928
2020-04-09,8.1899995803833,7.629322052001953
2020-04-13,8.300000190734863,7.73179292678833
2020-04-14,8.319999694824219,7.750424385070801
2020-04-15,7.670000076293945,7.144920825958252
2020-04-16,7.579999923706055,7.06108283996582
2020-04-17,8.34000015258789,7.7690534591674805
2020-04-20,8.020000457763672,7.470961570739746
2020-04-21,7.409999847412109,6.9027204513549805
2020-04-22,7.639999866485596,7.1169753074646
2020-04-23,7.809999942779541,7.2753376960754395
2020-04-24,8.479999542236328,7.899467945098877
2020-04-27,8.850000381469727,8.244140625
2020-04-28,8.920000076293945,8.309348106384277
2020-04-29,9.260000228881836,8.626070976257324
2020-04-30,8.829999923706055,8.225508689880371
2020-05-01,8.460000038146973,7.880838871002197
2020-05-04,8.699999809265137,8.10440731048584
2020-05-05,8.800000190734863,8.197561264038086
2020-05-06,8.59000015258789,8.001941680908203
2020-05-07,8.970000267028809,8.355926513671875
2020-05-08,9.210000038146973,8.579497337341309
2020-05-11,8.979999542236328,8.365238189697266
2020-05-12,8.670000076293945,8.076461791992188
2020-05-13,8.399999618530273,7.824948310852051
2020-05-14,8.289999961853027,7.722477912902832
2020-05-15,8.479999542236328,7.899467945098877
2020-05-18,9.180000305175781,8.551546096801758
2020-05-19,9.140000343322754,8.514287948608398
2020-05-20,9.119999885559082,8.49565601348877
2020-05-21,8.899999618530273,8.290715217590332
2020-05-22,8.739999771118164,8.141669273376465
2020-05-26,9.260000228881836,8.626070976257324
2020-05-27,9.289999961853027,8.654020309448242
2020-05-28,9.09000015258789,8.467711448669434
2020-05-29,9.069999694824219,8.449080467224121
2020-06-01,9.34000015258789,8.70059585571289
2020-06-02,9.75,9.082527160644531
2020-06-03,10.140000343322754,9.44582748413086
2020-06-04,10.199999809265137,9.50171947479248
2020-06-05,10.859999656677246,10.11653995513916
2020-06-08,11.25,10.479838371276855
2020-06-09,11.270000457763672,10.498468399047852
2020-06-10,11.470000267028809,10.684775352478027
2020-06-11,9.90999984741211,9.231574058532715
2020-06-12,10.489999771118164,9.771868705749512
2020-06-15,10.470000267028809,9.75323486328125
2020-06-16,10.779999732971191,10.04201602935791
2020-06-17,10.699999809265137,9.967491149902344
2020-06-18,10.5600004196167,9.837075233459473
2020-06-19,10.5,9.781182289123535
2020-06-22,10.789999961853027,10.051332473754883
2020-06-23,11.079999923706055,10.321477890014648
2020-06-24,10.569999694824219,9.846391677856445
2020-06-25,11.079999923706055,10.321477890014648
2020-06-26,10.789999961853027,10.051332473754883
2020-06-29,11.039999961853027,10.28421688079834
2020-06-30,11.569999694824219,10.777933120727539
2020-07-01,11.489999771118164,10.703408241271973
2020-07-02,11.5,10.712725639343262
2020-07-06,12.75,11.87714958190918
2020-07-07,12.729999542236328,11.858519554138184
2020-07-08,12.819999694824219,11.942360877990723
2020-07-09,12.890000343322754,12.00756549835205
2020-07-10,12.970000267028809,12.0820894241333
2020-07-13,13.020000457763672,12.128669738769531
2020-07-14,13.5,12.575809478759766
2020-07-15,13.529999732971191,12.603753089904785
2020-07-16,13.470000267028809,12.547861099243164
2020-07-17,13.579999923706055,12.650331497192383
2020-07-20,13.430000305175781,12.510600090026855
2020-07-21,13.380000114440918,12.464021682739258
2020-07-22,13.619999885559082,12.687591552734375
2020-07-23,13.319999694824219,12.40813159942627
2020-07-24,13.119999885559082,12.221822738647461
2020-07-27,13.5600004196167,12.631699562072754
2020-07-28,13.229999542236328,12.32429027557373
2020-07-29,13.300000190734863,12.389498710632324
2020-07-30,12.9399995803833,12.054143905639648
2020-07-31,12.920000076293945,12.035512924194336
2020-08-03,13.100000381469727,12.203189849853516
2020-08-04,12.949999809265137,12.063460350036621
2020-08-05,13.970000267028809,13.013632774353027
2020-08-06,14.5600004196167,13.563241958618164
2020-08-07,13.960000038146973,13.004317283630371
2020-08-10,14.380000114440918,13.395563125610352
2020-08-11,13.960000038146973,13.004317283630371
2020-08-12,13.970000267028809,13.013632774353027
2020-08-13,13.789999961853027,12.845953941345215
2020-08-14,13.779999732971191,12.836638450622559
2020-08-17,14.100000381469727,13.13473129272461
2020-08-18,14.40999984741211,13.423508644104004
2020-08-19,14.9399995803833,13.917223930358887
2020-08-20,14.699999809265137,13.693655014038086
2020-08-21,14.359999656677246,13.376932144165039
2020-08-24,14.5600004196167,13.563241958618164
2020-08-25,14.460000038146973,13.470085144042969
2020-08-26,15.010000228881836,13.98243522644043
2020-08-27,14.899999618530273,13.879964828491211
2020-08-28,15.649999618530273,14.578620910644531
2020-08-31,15.609999656677246,14.541359901428223
2020-09-01,16.18000030517578,15.072336196899414
2020-09-02,16.270000457763672,15.156176567077637
2020-09-03,15.5600004196167,14.494782447814941
2020-09-04,16.020000457763672,14.923290252685547
2020-09-08,15.720000267028809,14.643828392028809
2020-09-09,16.139999389648438,15.035073280334473
2020-09-10,15.770000457763672,14.690406799316406
2020-09-11,16.270000457763672,15.156176567077637
2020-09-14,16.360000610351562,15.240015983581543
2020-09-15,16.40999984741211,15.286592483520508
2020-09-16,16.780000686645508,15.631265640258789
2020-09-17,17.030000686645508,15.864150047302246
2020-09-18,17.0,15.836201667785645
2020-09-21,15.649999618530273,14.578620910644531
2020-09-22,15.680000305175781,14.606565475463867
2020-09-23,14.770000457763672,13.758864402770996
2020-09-24,15.380000114440918,14.327104568481445
2020-09-25,15.300000190734863,14.252581596374512
2020-09-28,15.899999618530273,14.811507225036621
2020-09-29,15.319999694824219,14.271210670471191
2020-09-30,15.640000343322754,14.569304466247559
2020-10-01,15.550000190734863,14.485469818115234
2020-10-02,15.9399995803833,14.848764419555664
2020-10-05,16.31999969482422,15.202754020690918
2020-10-06,15.720000267028809,14.643828392028809
2020-10-07,16.8799991607666,15.724416732788086
2020-10-08,16.799999237060547,15.649896621704102
2020-10-09,17.229999542236328,16.050457000732422
2020-10-12,16.809999465942383,15.659207344055176
2020-10-13,16.81999969482422,15.668527603149414
2020-10-14,16.940000534057617,15.78031063079834
2020-10-15,17.209999084472656,16.031824111938477
2020-10-16,17.149999618530273,15.975933074951172
2020-10-19,17.139999389648438,15.966621398925781
2020-10-20,17.610000610351562,16.40443992614746
2020-10-21,17.719999313354492,16.506912231445312
2020-10-22,18.350000381469727,17.093782424926758
2020-10-23,18.360000610351562,17.103092193603516
2020-10-26,17.360000610351562,16.17155647277832
2020-10-27,17.719999313354492,16.506912231445312
2020-10-28,16.8700008392334,15.715099334716797
2020-10-29,17.479999542236328,16.28333854675293
2020-10-30,17.34000015258789,16.152923583984375
2020-11-02,18.239999771118164,16.99131202697754
2020-11-03,18.770000457763672,17.48503303527832
2020-11-04,18.0,16.76774024963379
2020-11-05,18.81999969482422,17.531606674194336
2020-11-06,19.1200008392334,17.81106948852539
2020-11-09,19.790000915527344,18.435199737548828
2020-11-10,19.81999969482422,18.46314811706543
2020-11-11,19.530000686645508,18.193002700805664
2020-11-12,19.520000457763672,18.183687210083008
2020-11-13,20.139999389648438,18.76124382019043
2020-11-16,21.0,19.56236457824707
2020-11-17,21.030000686645508,19.590314865112305
2020-11-18,20.709999084472656,19.292217254638672
2020-11-19,21.110000610351562,19.664833068847656
2020-11-20,21.25,19.795251846313477
2020-11-23,21.90999984741211,20.41006851196289
2020-11-24,23.110000610351562,21.527921676635742
2020-11-25,23.540000915527344,21.928478240966797
2020-11-27,23.520000457763672,21.90985107421875
2020-11-30,23.389999389648438,21.78875160217285
2020-12-01,23.639999389648438,22.021638870239258
2020-12-02,24.079999923706055,22.4315128326416
2020-12-03,24.389999389648438,22.720291137695312
2020-12-04,25.059999465942383,23.344425201416016
2020-12-07,24.579999923706055,22.89728355407715
2020-12-08,24.469999313354492,22.794816970825195
2020-12-09,24.459999084472656,22.785499572753906
2020-12-10,24.860000610351562,23.158119201660156
2020-12-11,24.610000610351562,22.925228118896484
2020-12-14,23.799999237060547,22.17068099975586
2020-12-15,24.299999237060547,22.636451721191406
2020-12-16,24.389999389648438,22.720291137695312
2020-12-17,24.719999313354492,23.027700424194336
2020-12-18,24.6299991607666,22.943862915039062
2020-12-21,24.860000610351562,23.158119201660156
2020-12-22,24.25,22.589876174926758
2020-12-23,24.860000610351562,23.158119201660156
2020-12-24,24.790000915527344,23.092910766601562
2020-12-28,24.6299991607666,22.943862915039062
2020-12-29,24.739999771118164,23.04633331298828
2020-12-30,26.530000686645508,24.713788986206055
2020-12-31,26.020000457763672,24.23870277404785
2021-01-04,27.139999389648438,25.282032012939453
2021-01-05,28.3700008392334,26.42782211303711
2021-01-06,30.15999984741211,28.095287322998047
2021-01-07,31.170000076293945,29.036142349243164
2021-01-08,31.149999618530273,29.01751136779785
2021-01-11,30.31999969482422,28.24433135986328
2021-01-12,30.989999771118164,28.868465423583984
2021-01-13,30.559999465942383,28.4679012298584
2021-01-14,31.989999771118164,29.800006866455078
2021-01-15,30.350000381469727,28.272279739379883
2021-01-19,31.709999084472656,29.53917121887207
2021-01-20,30.969999313354492,28.849836349487305
2021-01-21,30.040000915527344,27.98349952697754
2021-01-22,30.489999771118164,28.402694702148438
2021-01-25,28.979999542236328,26.996063232421875
2021-01-26,27.010000228881836,25.16092872619629
2021-01-27,25.790000915527344,24.024450302124023
2021-01-28,27.790000915527344,25.887529373168945
2021-01-29,26.90999984741211,25.067773818969727
2021-02-01,28.229999542236328,26.297405242919922
2021-02-02,28.139999389648438,26.213573455810547
2021-02-03,29.200000762939453,27.201000213623047
2021-02-04,29.799999237060547,27.759929656982422
2021-02-05,31.729999542236328,29.557804107666016
2021-02-08,32.119998931884766,29.92110252380371
2021-02-09,32.02000045776367,29.827953338623047
2021-02-10,31.239999771118164,29.101350784301758
2021-02-11,30.989999771118164,28.868465423583984
2021-02-12,31.229999542236328,29.092029571533203
2021-02-16,32.900001525878906,30.6477108001709
2021-02-17,34.150001525878906,31.81214141845703
2021-02-18,34.13999938964844,31.802825927734375
2021-02-19,37.4900016784668,34.92347717285156
2021-02-22,38.08000183105469,35.47309112548828
2021-02-23,37.849998474121094,35.25883102416992
2021-02-24,37.88999938964844,35.296104431152344
2021-02-25,35.68000030517578,33.23739242553711
2021-02-26,33.90999984741211,31.588563919067383
2021-03-01,34.900001525878906,32.51079177856445
2021-03-02,35.18000030517578,32.7716178894043
2021-03-03,35.0,32.60395050048828
2021-03-04,32.70000076293945,30.461397171020508
2021-03-05,35.02000045776367,32.622581481933594
2021-03-08,34.43000030517578,32.07297134399414
2021-03-09,33.86000061035156,31.5419864654541
2021-03-10,34.459999084472656,32.100914001464844
2021-03-11,37.470001220703125,34.90485763549805
2021-03-12,37.41999816894531,34.858272552490234
2021-03-15,36.959999084472656,34.42975997924805
2021-03-16,34.9900016784668,32.59462356567383
2021-03-17,36.11000061035156,33.63795471191406
2021-03-18,35.41999816894531,32.99518585205078
2021-03-19,34.9900016784668,32.59462356567383
2021-03-22,35.0099983215332,32.613250732421875
2021-03-23,32.20000076293945,29.995628356933594
2021-03-24,31.610000610351562,29.446022033691406
2021-03-25,31.110000610351562,28.98025131225586
2021-03-26,32.959999084472656,30.70359992980957
2021-03-29,32.099998474121094,29.90247344970703
2021-03-30,32.68000030517578,30.442768096923828
2021-03-31,32.93000030517578,30.67565155029297
2021-04-01,33.7599983215332,31.448833465576172
2021-04-05,35.36000061035156,32.939292907714844
2021-04-06,35.0099983215332,32.613250732421875
2021-04-07,33.97999954223633,31.653779983520508
2021-04-08,34.369998931884766,32.017066955566406
2021-04-09,34.040000915527344,31.709665298461914
2021-04-12,33.66999816894531,31.36499786376953
2021-04-13,33.72999954223633,31.420888900756836
2021-04-14,36.310001373291016,33.89965057373047
2021-04-15,37.83000183105469,35.31874465942383
2021-04-16,38.13999938964844,35.608158111572266
2021-04-19,37.33000183105469,34.851932525634766
2021-04-20,35.880001068115234,33.498191833496094
2021-04-21,35.900001525878906,33.51686096191406
2021-04-22,34.7400016784668,32.433860778808594
2021-04-23,36.540000915527344,34.114376068115234
2021-04-26,39.04999923706055,36.45774459838867
2021-04-27,38.689998626708984,36.121646881103516
2021-04-28,39.349998474121094,36.73783874511719
2021-04-29,38.400001525878906,35.85090255737305
2021-04-30,37.709999084472656,35.206703186035156
2021-05-03,38.709999084472656,36.14031219482422
2021-05-04,39.220001220703125,36.6164665222168
2021-05-05,41.540000915527344,38.7824592590332
2021-05-06,42.06999969482422,39.277278900146484
2021-05-07,43.970001220703125,41.0511474609375
2021-05-10,42.7400016784668,39.90280532836914
2021-05-11,44.79999923706055,41.82604217529297
2021-05-12,42.75,39.91213607788086
2021-05-13,41.970001220703125,39.18391799926758
2021-05-14,42.290000915527344,39.48268127441406
2021-05-17,44.18000030517578,41.247215270996094
2021-05-18,43.630001068115234,40.73371505737305
2021-05-19,40.720001220703125,38.01689910888672
2021-05-20,41.220001220703125,38.483707427978516
2021-05-21,40.869998931884766,38.156925201416016
2021-05-24,41.56999969482422,38.81047439575195
2021-05-25,40.68000030517578,37.979549407958984
2021-05-26,41.31999969482422,38.57706832885742
2021-05-27,42.59000015258789,39.76275634765625
2021-05-28,42.720001220703125,39.884124755859375
2021-06-01,44.209999084472656,41.27521514892578
2021-06-02,43.34000015258789,40.46297073364258
2021-06-03,41.869998931884766,39.09054946899414
2021-06-04,41.72999954223633,38.95984649658203
2021-06-07,41.2599983215332,38.52104949951172
2021-06-08,41.380001068115234,38.633087158203125
2021-06-09,40.70000076293945,37.99821090698242
2021-06-10,40.13999938964844,37.475399017333984
2021-06-11,40.849998474121094,38.13826370239258
2021-06-14,39.47999954223633,36.85920715332031
2021-06-15,37.599998474121094,35.10401153564453
2021-06-16,37.060001373291016,34.5998649597168
2021-06-17,35.150001525878906,32.8166389465332
2021-06-18,34.959999084472656,32.63924789428711
2021-06-21,35.779998779296875,33.404823303222656
2021-06-22,36.4900016784668,34.06769561767578
2021-06-23,37.18000030517578,34.71188735961914
2021-06-24,37.52000045776367,35.0293083190918
2021-06-25,37.2400016784668,34.76790237426758
2021-06-28,36.7400016784668,34.30109405517578
2021-06-29,37.27000045776367,34.7959098815918
2021-06-30,37.11000061035156,34.64653396606445
2021-07-01,37.09000015258789,34.62787628173828
2021-07-02,37.13999938964844,34.67454147338867
2021-07-06,36.0,33.6102180480957
2021-07-07,36.209999084472656,33.80628204345703
2021-07-08,34.689998626708984,32.387176513671875
2021-07-09,36.5,34.077030181884766
2021-07-12,36.529998779296875,34.10503387451172
2021-07-13,35.72999954223633,33.3581428527832
2021-07-14,34.52000045776367,32.2962532043457
2021-07-15,34.38999938964844,32.174644470214844
2021-07-16,33.20000076293945,31.061298370361328
2021-07-19,32.400001525878906,30.31282615661621
2021-07-20,32.95000076293945,30.8273983001709
2021-07-21,34.650001525878906,32.417884826660156
2021-07-22,34.79999923706055,32.55821228027344
2021-07-23,35.189998626708984,32.923099517822266
2021-07-26,36.650001525878906,34.2890510559082
2021-07-27,36.349998474121094,34.00836944580078
2021-07-28,36.68000030517578,34.317108154296875
2021-07-29,38.470001220703125,35.99180603027344
2021-07-30,38.099998474121094,35.645633697509766
2021-08-02,36.619998931884766,34.26097869873047
2021-08-03,36.63999938964844,34.27968978881836
2021-08-04,35.650001525878906,33.35347366333008
2021-08-05,35.849998474121094,33.54057312011719
2021-08-06,36.86000061035156,34.48551940917969
2021-08-09,36.459999084472656,34.11129379272461
2021-08-10,38.220001220703125,35.757904052734375
2021-08-11,38.72999954223633,36.23505401611328
2021-08-12,38.38999938964844,35.91695785522461
2021-08-13,38.099998474121094,35.645633697509766
2021-08-16,36.84000015258789,34.4668083190918
2021-08-17,34.709999084472656,32.4740104675293
2021-08-18,33.880001068115234,31.69748878479004
2021-08-19,32.41999816894531,30.33153533935547
2021-08-20,32.79999923706055,30.68705940246582
2021-08-23,34.20000076293945,31.996875762939453
2021-08-24,35.209999084472656,32.941810607910156
2021-08-25,35.11000061035156,32.8482551574707
2021-08-26,34.540000915527344,32.31497573852539
2021-08-27,36.56999969482422,34.21419143676758
2021-08-30,36.63999938964844,34.27968978881836
2021-08-31,36.38999938964844,34.04579162597656
2021-09-01,35.88999938964844,33.578006744384766
2021-09-02,36.27000045776367,33.93352127075195
2021-09-03,36.13999938964844,33.8119010925293
2021-09-07,36.36000061035156,34.01773452758789
2021-09-08,34.369998931884766,32.155921936035156
2021-09-09,34.810001373291016,32.56758499145508
2021-09-10,35.47999954223633,33.19441604614258
2021-09-13,35.290000915527344,33.01666259765625
2021-09-14,34.790000915527344,32.54887008666992
2021-09-15,36.7400016784668,34.37324523925781
2021-09-16,34.29999923706055,32.09042739868164
2021-09-17,33.04999923706055,30.920949935913086
2021-09-20,31.170000076293945,29.162059783935547
2021-09-21,30.479999542236328,28.516510009765625
2021-09-22,31.559999465942383,29.526939392089844
2021-09-23,32.11000061035156,30.041507720947266
2021-09-24,32.2400016784668,30.163135528564453
2021-09-27,33.90999984741211,31.725553512573242
2021-09-28,33.56999969482422,31.407453536987305
2021-09-29,33.11000061035156,30.977092742919922
2021-09-30,32.529998779296875,30.434450149536133
2021-10-01,32.84000015258789,30.72447967529297
2021-10-04,32.709999084472656,30.60285758972168
2021-10-05,32.20000076293945,30.125709533691406
2021-10-06,31.709999084472656,29.667274475097656
2021-10-07,34.31999969482422,32.10913848876953
2021-10-08,34.130001068115234,31.931381225585938
2021-10-11,35.22999954223633,32.96052551269531
2021-10-12,34.61000061035156,32.38045883178711
2021-10-13,35.81999969482422,33.512516021728516
2021-10-14,37.130001068115234,34.81101608276367
2021-10-15,38.63999938964844,36.226707458496094
2021-10-18,38.540000915527344,36.13294982910156
2021-10-19,38.849998474121094,36.42359161376953
2021-10-20,38.93000030517578,36.49859619140625
2021-10-21,38.41999816894531,36.02044677734375
2021-10-22,37.66999816894531,35.317291259765625
2021-10-25,39.34000015258789,36.88298797607422
2021-10-26,38.849998474121094,36.42359161376953
2021-10-27,37.0,34.68913269042969
2021-10-28,38.099998474121094,35.72043228149414
2021-10-29,37.720001220703125,35.36416244506836
2021-11-01,38.33000183105469,35.93606185913086
2021-11-02,38.54999923706055,36.14232635498047
2021-11-03,38.22999954223633,35.842308044433594
2021-11-04,37.0,34.68913269042969
2021-11-05,37.040000915527344,34.72663497924805
2021-11-08,39.43000030517578,36.96736526489258
2021-11-09,39.20000076293945,36.751731872558594
2021-11-10,37.52000045776367,35.176658630371094
2021-11-11,40.900001525878906,38.345558166503906
2021-11-12,41.22999954223633,38.654945373535156
2021-11-15,40.86000061035156,38.30806350708008
2021-11-16,39.599998474121094,37.126747131347656
2021-11-17,38.869998931884766,36.44233703613281
2021-11-18,38.790000915527344,36.36733627319336
2021-11-19,38.279998779296875,35.889190673828125
2021-11-22,37.7400016784668,35.38291931152344
2021-11-23,38.68000030517578,36.26420593261719
2021-11-24,38.650001525878906,36.23606872558594
2021-11-26,37.2400016784668,34.91414260864258
2021-11-29,37.97999954223633,35.60791778564453
2021-11-30,37.08000183105469,34.764137268066406
2021-12-01,36.22999954223633,33.967220306396484
2021-12-02,37.099998474121094,34.78288269042969
2021-12-03,36.560001373291016,34.276615142822266
2021-12-06,37.369998931884766,35.03602600097656
2021-12-07,38.77000045776367,36.34859085083008
2021-12-08,38.720001220703125,36.30170822143555
2021-12-09,38.470001220703125,36.06731414794922
2021-12-10,38.369998931884766,35.97356414794922
2021-12-13,37.630001068115234,35.279788970947266
2021-12-14,37.959999084472656,35.58917236328125
2021-12-15,37.25,34.92351531982422
2021-12-16,38.279998779296875,35.889190673828125
2021-12-17,38.0,35.626678466796875
2021-12-20,37.41999816894531,35.0828971862793
2021-12-21,39.18000030517578,36.73297882080078
2021-12-22,40.13999938964844,37.63301467895508
2021-12-23,41.130001068115234,38.56119155883789
2021-12-27,41.9900016784668,39.36747741699219
2021-12-28,41.9900016784668,39.36747741699219
2021-12-29,41.97999954223633,39.35809326171875
2021-12-30,41.619998931884766,39.02058410644531
2021-12-31,41.72999954223633,39.12371063232422
2022-01-03,41.47999954223633,38.88932800292969
2022-01-04,42.150001525878906,39.51748275756836
2022-01-05,41.68000030517578,39.07684326171875
2022-01-06,40.529998779296875,37.998661041259766
2022-01-07,41.880001068115234,39.26435089111328
2022-01-10,41.619998931884766,39.02058410644531
2022-01-11,42.9900016784668,40.305023193359375
2022-01-12,45.150001525878906,42.33012390136719
2022-01-13,44.33000183105469,41.699867248535156
2022-01-14,44.08000183105469,41.46470642089844
2022-01-18,44.290000915527344,41.6622428894043
2022-01-19,44.08000183105469,41.46470642089844
2022-01-20,43.189998626708984,40.62750244140625
2022-01-21,40.9900016784668,38.55802536010742
2022-01-24,39.959999084472656,37.589141845703125
2022-01-25,39.630001068115234,37.27872085571289
2022-01-26,38.43000030517578,36.14991760253906
2022-01-27,37.099998474121094,34.89883041381836
2022-01-28,36.040000915527344,33.90171813964844
2022-01-31,37.220001220703125,35.011714935302734
2022-02-01,39.02000045776367,36.70491409301758
2022-02-02,39.38999938964844,37.0529670715332
2022-02-03,38.20000076293945,35.933563232421875
2022-02-04,38.41999816894531,36.1405143737793
2022-02-07,38.900001525878906,36.592041015625
2022-02-08,40.630001068115234,38.21939468383789
2022-02-09,43.560001373291016,40.97555160522461
2022-02-10,43.90999984741211,41.304786682128906
2022-02-11,42.79999923706055,40.26063919067383
2022-02-14,42.45000076293945,39.93141174316406
2022-02-15,43.66999816894531,41.07902908325195
2022-02-16,44.25,41.62461471557617
2022-02-17,43.209999084472656,40.64632034301758
2022-02-18,43.02000045776367,40.467594146728516
2022-02-22,42.36000061035156,39.84674835205078
2022-02-23,42.459999084472656,39.94082260131836
2022-02-24,43.720001220703125,41.12606430053711
2022-02-25,46.34000015258789,43.590614318847656
2022-02-28,46.95000076293945,44.164424896240234
2022-03-01,47.90999984741211,45.06745529174805
2022-03-02,48.15999984741211,45.302635192871094
2022-03-03,49.09000015258789,46.177459716796875
2022-03-04,50.11000061035156,47.13694381713867
2022-03-07,47.150001525878906,44.35255813598633
2022-03-08,46.66999816894531,43.901039123535156
2022-03-09,46.9900016784668,44.20205307006836
2022-03-10,47.709999084472656,44.87932205200195
2022-03-11,46.93000030517578,44.14561080932617
2022-03-14,44.52000045776367,41.87859344482422
2022-03-15,44.279998779296875,41.652828216552734
2022-03-16,46.41999816894531,43.66586685180664
2022-03-17,48.59000015258789,45.70711898803711
2022-03-18,48.08000183105469,45.22737121582031
2022-03-21,49.5099983215332,46.572540283203125
2022-03-22,49.86000061035156,46.90177917480469
2022-03-23,49.810001373291016,46.854740142822266
2022-03-24,51.45000076293945,48.397430419921875
2022-03-25,51.93000030517578,48.84895324707031
2022-03-28,50.27000045776367,47.287445068359375
2022-03-29,50.09000015258789,47.11811828613281
2022-03-30,50.779998779296875,47.76717758178711
2022-03-31,49.7400016784668,46.78889083862305
2022-04-01,50.959999084472656,47.936500549316406
2022-04-04,50.900001525878906,47.88006591796875
2022-04-05,49.09000015258789,46.177459716796875
2022-04-06,48.060001373291016,45.20856857299805
2022-04-07,48.47999954223633,45.60365295410156
2022-04-08,48.970001220703125,46.064571380615234
2022-04-11,47.720001220703125,44.888736724853516
2022-04-12,48.0,45.15212631225586
2022-04-13,49.43000030517578,46.643035888671875
2022-04-14,49.189998626708984,46.41656494140625
2022-04-18,50.77000045776367,47.90748977661133
2022-04-19,50.63999938964844,47.784820556640625
2022-04-20,49.900001525878906,47.086551666259766
2022-04-21,44.95000076293945,42.41563415527344
2022-04-22,41.90999984741211,39.54703140258789
2022-04-25,41.650001525878906,39.30169677734375
2022-04-26,40.18000030517578,37.91456985473633
2022-04-27,41.689998626708984,39.33943176269531
2022-04-28,41.84000015258789,39.480979919433594
2022-04-29,40.54999923706055,38.263710021972656
2022-05-02,40.18000030517578,37.91456985473633
2022-05-03,40.150001525878906,37.88627243041992
2022-05-04,41.29999923706055,38.97142028808594
2022-05-05,39.63999938964844,37.4050178527832
2022-05-06,37.880001068115234,35.74425506591797
2022-05-09,35.52000045776367,33.51731872558594
2022-05-10,36.06999969482422,34.03630447387695
2022-05-11,35.90999984741211,33.88532257080078
2022-05-12,34.34000015258789,32.40384292602539
2022-05-13,35.040000915527344,33.06437301635742
2022-05-16,35.150001525878906,33.168174743652344
2022-05-17,37.63999938964844,35.51778793334961
2022-05-18,35.34000015258789,33.34745788574219
2022-05-19,36.720001220703125,34.6496467590332
2022-05-20,36.310001373291016,34.26277160644531
2022-05-23,38.349998474121094,36.187747955322266
2022-05-24,37.47999954223633,35.366798400878906
2022-05-25,37.83000183105469,35.69707489013672
2022-05-26,38.4900016784668,36.319854736328125
2022-05-27,39.650001525878906,37.414451599121094
2022-05-31,39.08000183105469,36.876590728759766
2022-06-01,39.63999938964844,37.4050178527832
2022-06-02,41.720001220703125,39.367740631103516
2022-06-03,41.33000183105469,38.999732971191406
2022-06-06,42.779998779296875,40.36797332763672
2022-06-07,43.38999938964844,40.94358825683594
2022-06-08,42.20000076293945,39.8206787109375
2022-06-09,40.52000045776367,38.23539733886719
2022-06-10,40.209999084472656,37.942874908447266
2022-06-13,37.16999816894531,35.074283599853516
2022-06-14,36.81999969482422,34.744014739990234
2022-06-15,36.900001525878906,34.81950759887695
2022-06-16,34.869998931884766,32.903961181640625
2022-06-17,33.81999969482422,31.913162231445312
2022-06-21,34.029998779296875,32.111324310302734
2022-06-22,31.31999969482422,29.55411720275879
2022-06-23,29.56999969482422,27.902788162231445
2022-06-24,30.989999771118164,29.24272346496582
2022-06-27,31.020000457763672,29.27103614807129
2022-06-28,30.780000686645508,29.04456329345703
2022-06-29,30.290000915527344,28.582191467285156
2022-06-30,29.260000228881836,27.61026382446289
2022-07-01,29.200000762939453,27.55364990234375
2022-07-05,27.260000228881836,25.723024368286133
2022-07-06,27.3799991607666,25.836261749267578
2022-07-07,29.219999313354492,27.57251739501953
2022-07-08,28.0,26.421306610107422
2022-07-11,26.90999984741211,25.392763137817383
2022-07-12,26.299999237060547,24.81715202331543
2022-07-13,26.440000534057617,24.949264526367188
2022-07-14,25.09000015258789,23.810457229614258
2022-07-15,25.81999969482422,24.503231048583984
2022-07-18,27.420000076293945,26.02163314819336
2022-07-19,28.5,27.04655647277832
2022-07-20,28.56999969482422,27.112985610961914
2022-07-21,28.90999984741211,27.43564224243164
2022-07-22,27.760000228881836,26.34429359436035
2022-07-25,28.290000915527344,26.847265243530273
2022-07-26,27.93000030517578,26.505626678466797
2022-07-27,29.290000915527344,27.7962646484375
2022-07-28,29.829999923706055,28.308725357055664
2022-07-29,31.549999237060547,29.941011428833008
2022-08-01,29.979999542236328,28.451078414916992
2022-08-02,29.329999923706055,27.834228515625
2022-08-03,28.690000534057617,27.226865768432617
2022-08-04,28.760000228881836,27.293298721313477
2022-08-05,30.270000457763672,28.726289749145508
2022-08-08,30.6200008392334,29.058441162109375
2022-08-09,30.049999237060547,28.51750946044922
2022-08-10,31.399999618530273,29.79865837097168
2022-08-11,31.670000076293945,30.054889678955078
2022-08-12,31.6200008392334,30.007444381713867
2022-08-15,30.5,28.94455337524414
2022-08-16,31.389999389648438,29.789169311523438
2022-08-17,30.25,28.707311630249023
2022-08-18,31.229999542236328,29.6373291015625
2022-08-19,30.450000762939453,28.89710807800293
2022-08-22,29.860000610351562,28.337196350097656
2022-08-23,31.790000915527344,30.168773651123047
2022-08-24,31.31999969482422,29.72273826599121
2022-08-25,33.22999954223633,31.53533363342285
2022-08-26,32.189998626708984,30.54837417602539
2022-08-29,31.5,29.893564224243164
2022-08-30,29.760000228881836,28.242298126220703
2022-08-31,29.600000381469727,28.0904598236084
2022-09-01,28.09000015258789,26.657466888427734
2022-09-02,28.299999237060547,26.856754302978516
2022-09-06,28.1200008392334,26.685935974121094
2022-09-07,28.3799991607666,26.932676315307617
2022-09-08,30.6200008392334,29.058441162109375
2022-09-09,32.16999816894531,30.529388427734375
2022-09-12,32.16999816894531,30.529388427734375
2022-09-13,31.049999237060547,29.46651268005371
2022-09-14,30.030000686645508,28.4985294342041
2022-09-15,29.780000686645508,28.261280059814453
2022-09-16,29.329999923706055,27.834228515625
2022-09-19,30.489999771118164,28.935073852539062
2022-09-20,29.719999313354492,28.204341888427734
2022-09-21,28.100000381469727,26.666955947875977
2022-09-22,28.350000381469727,26.904205322265625
2022-09-23,26.68000030517578,25.319372177124023
2022-09-26,26.5,25.14855194091797
2022-09-27,26.8700008392334,25.499677658081055
2022-09-28,27.860000610351562,26.43919563293457
2022-09-29,28.170000076293945,26.733386993408203
2022-09-30,27.329999923706055,25.936222076416016
2022-10-03,29.34000015258789,27.84371566772461
2022-10-04,30.780000686645508,29.21027946472168
2022-10-05,30.510000228881836,28.95404815673828
2022-10-06,29.81999969482422,28.299236297607422
2022-10-07,28.950000762939453,27.473609924316406
2022-10-10,29.260000228881836,27.767797470092773
2022-10-11,29.18000030517578,27.691875457763672
2022-10-12,28.84000015258789,27.369218826293945
2022-10-13,29.360000610351562,28.008373260498047
2022-10-14,27.639999389648438,26.367551803588867
2022-10-17,28.81999969482422,27.49323272705078
2022-10-18,28.489999771118164,27.178421020507812
2022-10-19,28.360000610351562,27.05440902709961
2022-10-20,29.1200008392334,27.779420852661133
2022-10-21,32.029998779296875,30.555456161499023
2022-10-24,31.049999237060547,29.62057113647461
2022-10-25,31.670000076293945,30.212026596069336
2022-10-26,33.34000015258789,31.80514907836914
2022-10-27,32.7400016784668,31.232772827148438
2022-10-28,32.20000076293945,30.717628479003906
2022-10-31,31.690000534057617,30.23110580444336
2022-11-01,32.900001525878906,31.38539695739746
2022-11-02,31.010000228881836,29.58241081237793
2022-11-03,31.559999465942383,30.107091903686523
2022-11-04,35.189998626708984,33.56997299194336
2022-11-07,34.45000076293945,32.86404037475586
2022-11-08,35.459999084472656,33.82754898071289
2022-11-09,34.029998779296875,32.46338653564453
2022-11-10,36.75,35.05815887451172
2022-11-11,38.040000915527344,36.28877639770508
2022-11-14,37.88999938964844,36.14568328857422
2022-11-15,38.09000015258789,36.33647918701172
2022-11-16,37.380001068115234,35.65916442871094
2022-11-17,36.36000061035156,34.68611145019531
2022-11-18,36.34000015258789,34.66703796386719
2022-11-21,36.130001068115234,34.46671676635742
2022-11-22,37.86000061035156,36.117069244384766
2022-11-23,38.040000915527344,36.28877639770508
2022-11-25,37.150001525878906,35.43975067138672
2022-11-28,36.189998626708984,34.52394485473633
2022-11-29,37.5099983215332,35.78317642211914
2022-11-30,39.79999923706055,37.967750549316406
2022-12-01,39.56999969482422,37.74834442138672
2022-12-02,40.220001220703125,38.368412017822266
2022-12-05,38.86000061035156,37.07102584838867
2022-12-06,38.459999084472656,36.68943405151367
2022-12-07,38.54999923706055,36.77529525756836
2022-12-08,39.86000061035156,38.02499008178711
2022-12-09,38.59000015258789,36.813453674316406
2022-12-12,38.880001068115234,37.090110778808594
2022-12-13,39.2599983215332,37.45261764526367
2022-12-14,39.43000030517578,37.61478042602539
2022-12-15,38.150001525878906,36.393714904785156
2022-12-16,38.36000061035156,36.59404754638672
2022-12-19,37.36000061035156,35.640079498291016
2022-12-20,37.79999923706055,36.05982208251953
2022-12-21,38.45000076293945,36.67990493774414
2022-12-22,37.66999816894531,35.93581771850586
2022-12-23,38.099998474121094,36.346004486083984
2022-12-27,38.880001068115234,37.090110778808594
2022-12-28,37.880001068115234,36.136146545410156
2022-12-29,38.310001373291016,36.54634475708008
2022-12-30,38.0,36.25062561035156
2023-01-03,37.91999816894531,36.17429733276367
2023-01-04,39.0,37.20458221435547
2023-01-05,39.84000015258789,38.00591278076172
2023-01-06,42.279998779296875,40.33357620239258
2023-01-09,42.83000183105469,40.8582649230957
2023-01-10,44.709999084472656,42.651710510253906
2023-01-11,45.31999969482422,43.23362350463867
2023-01-12,45.099998474121094,43.166629791259766
2023-01-13,45.04999923706055,43.1187744140625
2023-01-17,44.150001525878906,42.257354736328125
2023-01-18,43.91999816894531,42.03721618652344
2023-01-19,44.13999938964844,42.24778366088867
2023-01-20,45.40999984741211,43.46334457397461
2023-01-23,44.95000076293945,43.0230598449707
2023-01-24,44.59000015258789,42.67849349975586
2023-01-25,46.63999938964844,44.64061737060547
2023-01-26,45.45000076293945,43.50163269042969
2023-01-27,44.81999969482422,42.89863204956055
2023-01-30,43.97999954223633,42.09463882446289
2023-01-31,44.619998931884766,42.70720291137695
2023-02-01,44.810001373291016,42.88906478881836
2023-02-02,43.709999084472656,41.83621597290039
2023-02-03,43.15999984741211,41.30979537963867
2023-02-06,42.95000076293945,41.10879898071289
2023-02-07,43.689998626708984,41.81707763671875
2023-02-08,43.02000045776367,41.17580032348633
2023-02-09,42.939998626708984,41.099220275878906
2023-02-10,42.36000061035156,40.54408645629883
2023-02-13,42.11000061035156,40.3048095703125
2023-02-14,42.97999954223633,41.13751220703125
2023-02-15,42.310001373291016,40.496238708496094
2023-02-16,42.7599983215332,40.92694091796875
2023-02-17,41.7400016784668,39.9506721496582
2023-02-21,42.65999984741211,40.83123016357422
2023-02-22,41.790000915527344,39.99852752685547
2023-02-23,40.59000015258789,38.8499641418457
2023-02-24,39.88999938964844,38.17997360229492
2023-02-27,40.11000061035156,38.39055252075195
2023-02-28,40.970001220703125,39.21367645263672
2023-03-01,43.0,41.15666198730469
2023-03-02,42.81999969482422,40.98436737060547
2023-03-03,43.72999954223633,41.8553581237793
2023-03-06,42.72999954223633,40.89822769165039
2023-03-07,40.13999938964844,38.41926193237305
2023-03-08,40.540000915527344,38.80211639404297
2023-03-09,39.16999816894531,37.490848541259766
2023-03-10,37.880001068115234,36.25614929199219
2023-03-13,37.61000061035156,35.99772262573242
2023-03-14,38.040000915527344,36.40928268432617
2023-03-15,35.5099983215332,33.987735748291016
2023-03-16,36.099998474121094,34.55244445800781
2023-03-17,36.22999954223633,34.67687225341797
2023-03-20,37.45000076293945,35.844573974609375
2023-03-21,38.2599983215332,36.619842529296875
2023-03-22,37.84000015258789,36.21785354614258
2023-03-23,37.790000915527344,36.17000198364258
2023-03-24,38.0099983215332,36.38056564331055
2023-03-27,37.97999954223633,36.35185241699219
2023-03-28,38.369998931884766,36.725135803222656
2023-03-29,39.439998626708984,37.749263763427734
2023-03-30,40.20000076293945,38.476688385009766
2023-03-31,40.90999984741211,39.15625
2023-04-03,41.20000076293945,39.4338264465332
2023-04-04,40.2599983215332,38.534114837646484
2023-04-05,40.31999969482422,38.5915412902832
2023-04-06,40.290000915527344,38.56282424926758
2023-04-10,40.130001068115234,38.40968322753906
2023-04-11,41.130001068115234,39.366825103759766
2023-04-12,41.119998931884766,39.35725021362305
2023-04-13,42.95000076293945,41.25931167602539
2023-04-14,43.15999984741211,41.461036682128906
2023-04-17,42.119998931884766,40.46198272705078
2023-04-18,42.959999084472656,41.2689094543457
2023-04-19,41.88999938964844,40.24103546142578
2023-04-20,41.36000061035156,39.73189926147461
2023-04-21,39.65999984741211,38.098819732666016
2023-04-24,39.529998779296875,37.97393035888672
2023-04-25,37.75,36.263999938964844
2023-04-26,37.279998779296875,35.812503814697266
2023-04-27,37.470001220703125,35.995025634765625
2023-04-28,37.90999984741211,36.41770553588867
2023-05-01,37.630001068115234,36.14872741699219
2023-05-02,36.599998474121094,35.15926742553711
2023-05-03,36.33000183105469,34.89990234375
2023-05-04,35.220001220703125,33.833587646484375
2023-05-05,36.470001220703125,35.034393310546875
2023-05-08,36.560001373291016,35.120845794677734
2023-05-09,36.65999984741211,35.21690368652344
2023-05-10,36.2400016784668,34.813438415527344
2023-05-11,34.540000915527344,33.180362701416016
2023-05-12,34.9900016784668,33.61265182495117
2023-05-15,36.130001068115234,34.7077751159668
2023-05-16,35.25,33.86240768432617
2023-05-17,35.81999969482422,34.40997314453125
2023-05-18,35.68000030517578,34.27548599243164
2023-05-19,35.72999954223633,34.323509216308594
2023-05-22,35.619998931884766,34.21784591674805
2023-05-23,34.68000030517578,33.314842224121094
2023-05-24,33.209999084472656,31.902713775634766
2023-05-25,33.630001068115234,32.306182861328125
2023-05-26,34.77000045776367,33.40130615234375
2023-05-30,34.22999954223633,32.882564544677734
2023-05-31,34.34000015258789,32.98823165893555
2023-06-01,35.470001220703125,34.073753356933594
2023-06-02,37.189998626708984,35.726043701171875
2023-06-05,37.040000915527344,35.581947326660156
2023-06-06,37.7400016784668,36.25439453125
2023-06-07,37.56999969482422,36.091087341308594
2023-06-08,37.84000015258789,36.35045623779297
2023-06-09,37.88999938964844,36.39848709106445
2023-06-12,37.81999969482422,36.33124923706055
2023-06-13,39.81999969482422,38.25251770019531
2023-06-14,40.060001373291016,38.48307418823242
2023-06-15,40.08000183105469,38.502281188964844
2023-06-16,39.88999938964844,38.31975555419922
2023-06-20,39.400001525878906,37.84905242919922
2023-06-21,39.77000045776367,38.20448303222656
2023-06-22,39.720001220703125,38.156455993652344
2023-06-23,38.369998931884766,36.85959243774414
2023-06-26,39.27000045776367,37.72416687011719
2023-06-27,40.40999984741211,38.81929397583008
2023-06-28,39.220001220703125,37.67613983154297
2023-06-29,39.349998474121094,37.801021575927734
2023-06-30,40.0,38.42543029785156
2023-07-03,40.7599983215332,39.155517578125
2023-07-05,39.18000030517578,37.637718200683594
2023-07-06,37.90999984741211,36.41770553588867
2023-07-07,38.63999938964844,37.11896896362305
2023-07-10,38.97999954223633,37.445579528808594
2023-07-11,39.709999084472656,38.14684295654297
2023-07-12,40.720001220703125,39.11709213256836
2023-07-13,42.08000183105469,40.57301330566406
2023-07-14,41.08000183105469,39.60882568359375
2023-07-17,40.459999084472656,39.011024475097656
2023-07-18,40.40999984741211,38.96282196044922
2023-07-19,40.66999816894531,39.213504791259766
2023-07-20,41.88999938964844,40.38982009887695
2023-07-21,40.61000061035156,39.15565490722656
2023-07-24,42.099998474121094,40.59229278564453
2023-07-25,43.689998626708984,42.12535858154297
2023-07-26,43.40999984741211,41.85538101196289
2023-07-27,43.290000915527344,41.73967742919922
2023-07-28,43.630001068115234,42.067508697509766
2023-07-31,44.650001525878906,43.05097579956055
2023-08-01,43.75,42.18320846557617
2023-08-02,42.56999969482422,41.045467376708984
2023-08-03,43.04999923706055,41.50827407836914
2023-08-04,42.5099983215332,40.98760986328125
2023-08-07,42.290000915527344,40.77549362182617
2023-08-08,42.689998626708984,41.161163330078125
2023-08-09,42.43000030517578,40.91048049926758
2023-08-10,42.380001068115234,40.86227035522461
2023-08-11,41.41999816894531,39.9366455078125
2023-08-14,41.209999084472656,39.734169006347656
2023-08-15,39.849998474121094,38.42286682128906
2023-08-16,39.0099983215332,37.612953186035156
2023-08-17,39.619998931884766,38.201107025146484
2023-08-18,38.84000015258789,37.44904708862305
2023-08-21,38.72999954223633,37.342987060546875
2023-08-22,38.88999938964844,37.497249603271484
2023-08-23,39.2599983215332,37.854007720947266
2023-08-24,38.400001525878906,37.02480697631836
2023-08-25,38.33000183105469,36.957313537597656
2023-08-28,38.959999084472656,37.56475067138672
2023-08-29,40.189998626708984,38.75069046020508
2023-08-30,40.189998626708984,38.75069046020508
2023-08-31,39.90999984741211,38.48072052001953
2023-09-01,41.4900016784668,40.004146575927734
2023-09-05,40.79999923706055,39.33884811401367
2023-09-06,40.40999984741211,38.96282196044922
2023-09-07,39.7599983215332,38.336097717285156
2023-09-08,39.290000915527344,37.882930755615234
2023-09-11,40.11000061035156,38.67356491088867
2023-09-12,40.060001373291016,38.625362396240234
2023-09-13,39.7400016784668,38.31681442260742
2023-09-14,40.68000030517578,39.2231559753418
2023-09-15,40.369998931884766,38.92424774169922
2023-09-18,40.189998626708984,38.75069046020508
2023-09-19,38.81999969482422,37.42975616455078
2023-09-20,38.689998626708984,37.304420471191406
2023-09-21,37.22999954223633,35.896697998046875
2023-09-22,37.150001525878906,35.8195686340332
2023-09-25,37.20000076293945,35.867774963378906
2023-09-26,36.56999969482422,35.26033020019531
2023-09-27,36.54999923706055,35.24106216430664
2023-09-28,37.33000183105469,35.99311447143555
2023-09-29,37.290000915527344,35.95455551147461
2023-10-02,36.63999938964844,35.327823638916016
2023-10-03,36.34000015258789,35.03856658935547
2023-10-04,35.86000061035156,34.57577133178711
2023-10-05,35.369998931884766,34.10331344604492
2023-10-06,36.66999816894531,35.35675811767578
2023-10-09,36.83000183105469,35.51102828979492
2023-10-10,37.290000915527344,35.95455551147461
2023-10-11,37.150001525878906,35.8195686340332
2023-10-12,36.06999969482422,34.91923904418945
2023-10-13,35.45000076293945,34.319026947021484
2023-10-16,35.849998474121094,34.70624923706055
2023-10-17,36.47999954223633,35.31615447998047
2023-10-18,35.61000061035156,34.473907470703125
2023-10-19,35.22999954223633,34.106040954589844
2023-10-20,33.880001068115234,32.799110412597656
2023-10-23,33.5099983215332,32.44091033935547
2023-10-24,34.41999816894531,33.321876525878906
2023-10-25,33.84000015258789,32.7603874206543
2023-10-26,33.709999084472656,32.63452911376953
2023-10-27,33.66999816894531,32.59579849243164
2023-10-30,34.040000915527344,32.954002380371094
2023-10-31,33.779998779296875,32.70229721069336
2023-11-01,33.709999084472656,32.63452911376953
2023-11-02,35.0099983215332,33.8930549621582
2023-11-03,35.150001525878906,34.02859115600586
2023-11-06,35.369998931884766,34.2415657043457
2023-11-07,34.060001373291016,32.97336196899414
2023-11-08,33.61000061035156,32.537723541259766
2023-11-09,33.2400016784668,32.17953109741211
2023-11-10,33.68000030517578,32.60548782348633
2023-11-13,33.43000030517578,32.36346435546875
2023-11-14,35.16999816894531,34.04794692993164
2023-11-15,36.0,34.85146713256836
2023-11-16,35.540000915527344,34.40614318847656
2023-11-17,36.0,34.85146713256836
2023-11-20,36.650001525878906,35.48073959350586
2023-11-21,37.0,35.81957244873047
2023-11-22,36.88999938964844,35.71307373046875
2023-11-24,36.84000015258789,35.6646728515625
2023-11-27,36.59000015258789,35.422645568847656
2023-11-28,37.220001220703125,36.03255081176758
2023-11-29,37.16999816894531,35.9841423034668
2023-11-30,37.31999969482422,36.129364013671875
2023-12-01,39.2400016784668,37.98810958862305
2023-12-04,37.61000061035156,36.41011047363281
2023-12-05,36.56999969482422,35.403282165527344
2023-12-06,36.25,35.09349822998047
2023-12-07,36.369998931884766,35.20966720581055
2023-12-08,38.150001525878906,36.932884216308594
2023-12-11,37.869998931884766,36.66180419921875
2023-12-12,37.41999816894531,36.22616195678711
2023-12-13,39.189998626708984,37.939693450927734
2023-12-14,41.970001220703125,40.63100814819336
2023-12-15,41.5,40.17599868774414
2023-12-18,41.349998474121094,40.030792236328125
2023-12-19,42.18000030517578,40.83430862426758
2023-12-20,41.34000015258789,40.0211067199707
2023-12-21,42.22999954223633,40.88270568847656
2023-12-22,42.380001068115234,41.027923583984375
2023-12-26,42.83000183105469,41.46356964111328
2023-12-27,43.20000076293945,41.82176208496094
2023-12-28,43.02000045776367,41.64751052856445
2023-12-29,42.56999969482422,41.21186447143555
2024-01-02,42.09000015258789,40.7471809387207
2024-01-03,41.369998931884766,40.050148010253906
2024-01-04,41.54999923706055,40.22440719604492
2024-01-05,41.40999984741211,40.088871002197266
2024-01-08,42.20000076293945,40.853668212890625
2024-01-09,41.70000076293945,40.36962127685547
2024-01-10,41.29999923706055,39.98237991333008
2024-01-11,41.029998779296875,39.86578369140625
2024-01-12,40.939998626708984,39.77833557128906
2024-01-16,38.900001525878906,37.796226501464844
2024-01-17,38.2400016784668,37.15495300292969
2024-01-18,38.209999084472656,37.12580871582031
2024-01-19,38.77000045776367,37.66991424560547
2024-01-22,37.47999954223633,36.41651153564453
2024-01-23,38.16999816894531,37.08693313598633
2024-01-24,39.720001220703125,38.59295654296875
2024-01-25,39.439998626708984,38.32090377807617
2024-01-26,39.59000015258789,38.46664810180664
2024-01-29,40.22999954223633,39.0884895324707
2024-01-30,39.970001220703125,38.83586502075195
2024-01-31,39.689998626708984,38.563804626464844
2024-02-01,40.18000030517578,39.0399055480957
2024-02-02,40.099998474121094,38.96217346191406
2024-02-05,38.68000030517578,37.58246612548828
2024-02-06,40.16999816894531,39.030189514160156
2024-02-07,39.20000076293945,38.08771514892578
2024-02-08,38.119998931884766,37.03835678100586
2024-02-09,37.36000061035156,36.2999153137207
2024-02-12,37.689998626708984,36.62055587768555
2024-02-13,36.65999984741211,35.619781494140625
2024-02-14,37.20000076293945,36.14445877075195
2024-02-15,38.25,37.16466522216797
2024-02-16,38.83000183105469,37.72821044921875
2024-02-20,38.13999938964844,37.05778884887695
2024-02-21,38.86000061035156,37.75735855102539
2024-02-22,38.66999816894531,37.572750091552734
2024-02-23,38.959999084472656,37.854522705078125
2024-02-26,38.029998779296875,36.95091247558594
2024-02-27,38.15999984741211,37.07722473144531
2024-02-28,37.40999984741211,36.34850311279297
2024-02-29,37.810001373291016,36.73714828491211
2024-03-01,37.93000030517578,36.85374450683594
2024-03-04,38.31999969482422,37.23268127441406
2024-03-05,37.119998931884766,36.06673049926758
2024-03-06,38.13999938964844,37.05778884887695
2024-03-07,39.810001373291016,38.68040084838867
2024-03-08,39.849998474121094,38.719268798828125
2024-03-11,40.41999816894531,39.27309036254883
2024-03-12,40.36000061035156,39.21480178833008
2024-03-13,43.40999984741211,42.17824935913086
2024-03-14,43.31999969482422,42.0908088684082
2024-03-15,44.61000061035156,43.344207763671875
2024-03-18,44.47999954223633,43.217891693115234
2024-03-19,44.33000183105469,43.0721549987793
2024-03-20,46.0099983215332,44.70448303222656
2024-03-21,46.2400016784668,44.927955627441406
2024-03-22,45.099998474121094,43.82029342651367
2024-03-25,45.349998474121094,44.06320571899414
2024-03-26,44.72999954223633,43.46080017089844
2024-03-27,45.880001068115234,44.57817077636719
2024-03-28,47.02000045776367,45.68581771850586
2024-04-01,47.33000183105469,45.987030029296875
2024-04-02,48.380001068115234,47.007232666015625
2024-04-03,49.61000061035156,48.20233154296875
2024-04-04,49.18000030517578,47.78453826904297
2024-04-05,49.470001220703125,48.066307067871094
2024-04-08,50.0,48.581268310546875
2024-04-09,51.29999923706055,49.84437561035156
2024-04-10,50.91999816894531,49.475162506103516
2024-04-11,50.7400016784668,49.30026626586914
2024-04-12,49.470001220703125,48.20882797241211
2024-04-15,50.02000045776367,48.74480438232422
2024-04-16,49.40999984741211,48.15035629272461
2024-04-17,49.81999969482422,48.549896240234375
2024-04-18,50.15999984741211,48.88123321533203
2024-04-19,49.61000061035156,48.34525680541992
2024-04-22,48.95000076293945,47.70207595825195
2024-04-23,47.9900016784668,46.76655578613281
2024-04-24,48.2400016784668,47.01018142700195
2024-04-25,49.400001525878906,48.14060592651367
2024-04-26,50.5,49.212562561035156
2024-04-29,52.40999984741211,51.07387161254883
2024-04-30,49.939998626708984,48.66683578491211
2024-05-01,49.90999984741211,48.63760757446289
2024-05-02,48.779998779296875,47.536415100097656
2024-05-03,50.45000076293945,49.163841247558594
2024-05-06,50.9900016784668,49.6900749206543
2024-05-07,51.38999938964844,50.07987594604492
2024-05-08,49.959999084472656,48.68632888793945
2024-05-09,51.08000183105469,49.77777862548828
2024-05-10,51.59000015258789,50.2747802734375
2024-05-13,52.040000915527344,50.71330642700195
2024-05-14,53.47999954223633,52.11659622192383
2024-05-15,53.61000061035156,52.2432746887207
2024-05-16,52.040000915527344,50.71330642700195
2024-05-17,54.22999954223633,52.847469329833984
2024-05-20,54.86000061035156,53.4614143371582
2024-05-21,54.31999969482422,52.935176849365234
2024-05-22,51.22999954223633,49.923954010009766
2024-05-23,51.20000076293945,49.894718170166016
2024-05-24,51.529998779296875,50.21630096435547
2024-05-28,53.630001068115234,52.26276779174805
2024-05-29,52.77000045776367,51.42469787597656
2024-05-30,52.310001373291016,50.97642135620117
2024-05-31,52.72999954223633,51.385711669921875
2024-06-03,52.040000915527344,50.71330642700195
2024-06-04,49.70000076293945,48.432960510253906
2024-06-05,50.4900016784668,49.202816009521484
2024-06-06,51.25,49.94344711303711
2024-06-07,49.27000045776367,48.013919830322266
2024-06-10,50.0,48.725303649902344
2024-06-11,49.34000015258789,48.08213424682617
2024-06-12,49.20000076293945,47.945709228515625
2024-06-13,47.9900016784668,46.76655578613281
2024-06-14,48.11000061035156,46.88349151611328
2024-06-17,47.2599983215332,46.05516052246094
2024-06-18,47.689998626708984,46.47419357299805
2024-06-20,49.36000061035156,48.101627349853516
2024-06-21,49.560001373291016,48.296531677246094
2024-06-24,50.380001068115234,49.09563064575195
2024-06-25,49.880001068115234,48.60837173461914
2024-06-26,49.470001220703125,48.20882797241211
2024-06-27,48.31999969482422,47.088134765625
2024-06-28,48.599998474121094,47.36099624633789
2024-07-01,48.40999984741211,47.17584228515625
2024-07-02,48.709999084472656,47.468196868896484
2024-07-03,50.650001525878906,49.358741760253906
2024-07-05,51.52000045776367,50.20656204223633
2024-07-08,51.130001068115234,49.826507568359375
2024-07-09,50.79999923706055,49.50491714477539
2024-07-10,51.59000015258789,50.2747802734375
2024-07-11,51.5099983215332,50.196815490722656
2024-07-12,51.279998779296875,49.972679138183594
2024-07-15,50.41999816894531,49.27874755859375
2024-07-16,50.06999969482422,48.936668395996094
2024-07-17,48.5,47.4022102355957
2024-07-18,45.91999816894531,44.8806037902832
2024-07-19,45.900001525878906,44.861061096191406
2024-07-22,46.0099983215332,44.96856689453125
2024-07-23,45.27000045776367,44.24531936645508
2024-07-24,44.18000030517578,43.17999267578125
2024-07-25,44.529998779296875,43.522064208984375
2024-07-26,45.0,43.98142623901367
2024-07-29,44.380001068115234,43.375465393066406
2024-07-30,43.849998474121094,42.85745620727539
2024-07-31,45.40999984741211,44.38215255737305
2024-08-01,43.630001068115234,42.64244079589844
2024-08-02,41.970001220703125,41.02001953125
2024-08-05,40.869998931884766,39.944908142089844
2024-08-06,41.040000915527344,40.111061096191406
2024-08-07,39.52000045776367,38.62546920776367
2024-08-08,41.040000915527344,40.111061096191406
2024-08-09,41.04999923706055,40.12084197998047
2024-08-12,41.560001373291016,40.61929702758789
2024-08-13,41.88999938964844,40.94182586669922
2024-08-14,41.90999984741211,40.96137237548828
2024-08-15,43.58000183105469,42.59356689453125
2024-08-16,43.439998626708984,42.45673370361328
2024-08-19,44.25,43.24840545654297
2024-08-20,43.529998779296875,42.544700622558594
2024-08-21,43.88999938964844,42.89655303955078
2024-08-22,43.29999923706055,42.31991195678711
2024-08-23,44.65999984741211,43.64912033081055
2024-08-26,45.189998626708984,44.1671257019043
2024-08-27,45.22999954223633,44.20622253417969
2024-08-28,43.869998931884766,42.87700653076172
2024-08-29,43.83000183105469,42.837913513183594
2024-08-30,44.279998779296875,43.2777214050293
2024-09-03,41.36000061035156,40.42382049560547
2024-09-04,41.61000061035156,40.66816711425781
2024-09-05,41.400001525878906,40.462913513183594
2024-09-06,40.0,39.094600677490234
2024-09-09,40.400001525878906,39.48555374145508
2024-09-10,40.40999984741211,39.495323181152344
2024-09-11,41.29999923706055,40.365177154541016
2024-09-12,41.810001373291016,40.8636360168457
2024-09-13,42.65999984741211,41.69439697265625
2024-09-16,42.88999938964844,41.919193267822266
2024-09-17,43.130001068115234,42.15375900268555
2024-09-18,43.91999816894531,42.925872802734375
2024-09-19,45.13999938964844,44.118263244628906
2024-09-20,44.529998779296875,43.522064208984375
2024-09-23,45.13999938964844,44.118263244628906
2024-09-24,48.720001220703125,47.61723327636719
2024-09-25,48.310001373291016,47.216514587402344
2024-09-26,51.90999984741211,50.735015869140625
2024-09-27,51.34000015258789,50.177921295166016
2024-09-30,49.91999816894531,48.790061950683594
2024-10-01,50.380001068115234,49.23965072631836
2024-10-02,50.81999969482422,49.66969299316406
2024-10-03,49.77000045776367,48.643463134765625
2024-10-04,50.54999923706055,49.40580368041992
2024-10-07,50.790000915527344,49.64037322998047
2024-10-08,48.59000015258789,47.490169525146484
2024-10-09,48.869998931884766,47.76382827758789
2024-10-10,49.540000915527344,48.418663024902344
2024-10-11,50.029998779296875,48.89757537841797
2024-10-14,48.86000061035156,47.75406265258789
2024-10-15,47.279998779296875,46.35212326049805
2024-10-16,47.970001220703125,47.02858352661133
2024-10-17,47.95000076293945,47.008975982666016
2024-10-18,48.18000030517578,47.23446273803711
2024-10-21,47.939998626708984,46.99916076660156
2024-10-22,48.529998779296875,47.57759094238281
2024-10-23,47.91999816894531,46.97956085205078
2024-10-24,46.84000015258789,45.92075729370117
2024-10-25,46.599998474121094,45.68546676635742
2024-10-28,46.72999954223633,45.81291580200195
2024-10-29,46.56999969482422,45.65605926513672
2024-10-30,45.970001220703125,45.067832946777344
2024-10-31,45.02000045776367,44.136474609375
2024-11-01,45.59000015258789,44.69528579711914
2024-11-04,46.27000045776367,45.3619384765625
2024-11-05,46.9900016784668,46.06781768798828
2024-11-06,46.869998931884766,45.95016860961914
2024-11-07,48.58000183105469,47.62661361694336
2024-11-08,46.36000061035156,45.45017623901367
2024-11-11,44.900001525878906,44.018836975097656
2024-11-12,43.599998474121094,42.74434280395508
2024-11-13,43.119998931884766,42.27376174926758
2024-11-14,43.27000045776367,42.42081832885742
2024-11-15,42.70000076293945,41.86201095581055
2024-11-18,43.54999923706055,42.69532775878906
2024-11-19,44.119998931884766,43.25413513183594
2024-11-20,43.70000076293945,42.84238052368164
2024-11-21,43.7599983215332,42.901206970214844
2024-11-22,43.720001220703125,42.86198806762695
2024-11-25,44.380001068115234,43.509037017822266
2024-11-26,43.47999954223633,42.6266975402832
2024-11-27,43.7599983215332,42.901206970214844
2024-11-29,44.20000076293945,43.33256530761719
2024-12-02,43.63999938964844,42.78356170654297
2024-12-03,43.83000183105469,42.96982955932617
2024-12-04,43.040000915527344,42.195335388183594
2024-12-05,42.790000915527344,41.95024108886719
2024-12-06,42.06999969482422,41.24436950683594
2024-12-09,43.72999954223633,42.87179183959961
2024-12-10,42.66999816894531,41.83259582519531
2024-12-11,43.0,42.15612030029297
2024-12-12,42.08000183105469,41.25417709350586
2024-12-13,41.59000015258789,40.77378845214844
2024-12-16,40.7400016784668,39.94047546386719
2024-12-17,40.619998931884766,39.82282638549805
2024-12-18,38.709999084472656,37.950313568115234
2024-12-19,38.2400016784668,37.489532470703125
2024-12-20,38.86000061035156,38.09736633300781
2024-12-23,39.25,38.47970962524414
2024-12-24,39.220001220703125,38.45030212402344
2024-12-26,39.189998626708984,38.42089080810547
2024-12-27,38.86000061035156,38.09736633300781
2024-12-30,38.15999984741211,37.41110610961914
2024-12-31,38.08000183105469,37.33267593383789
2025-01-02,37.880001068115234,37.136600494384766
2025-01-03,37.709999084472656,36.969940185546875
2025-01-06,38.56999969482422,37.81305694580078
2025-01-07,38.7400016784668,37.9797248840332
2025-01-08,39.7400016784668,38.96009826660156
2025-01-10,38.97999954223633,38.21501541137695
2025-01-13,39.40999984741211,38.63657760620117
2025-01-14,39.5,38.72481155395508
2025-01-15,40.029998779296875,39.39399719238281
2025-01-16,40.029998779296875,39.39399719238281
2025-01-17,40.220001220703125,39.58098220825195
2025-01-21,40.29999923706055,39.65971374511719
2025-01-22,39.09000015258789,38.468936920166016
2025-01-23,38.5,37.888309478759766
2025-01-24,37.810001373291016,37.20927429199219
2025-01-27,36.66999816894531,36.08738327026367
2025-01-28,35.84000015258789,35.27057647705078
2025-01-29,36.279998779296875,35.703582763671875
2025-01-30,36.63999938964844,36.057861328125
2025-01-31,35.849998474121094,35.28041458129883
2025-02-03,35.86000061035156,35.290252685546875
2025-02-04,36.47999954223633,35.90040588378906
2025-02-05,36.68000030517578,36.09722900390625
2025-02-06,37.150001525878906,36.55976104736328
2025-02-07,38.220001220703125,37.61276626586914
2025-02-10,38.459999084472656,37.84894561767578
2025-02-11,37.59000015258789,36.99277114868164
2025-02-12,37.959999084472656,37.35689163208008
2025-02-13,40.220001220703125,39.58098220825195
2025-02-14,39.470001220703125,38.8428955078125
2025-02-18,39.29999923706055,38.67559814453125
2025-02-19,38.56999969482422,37.95719909667969
2025-02-20,38.959999084472656,38.340999603271484
2025-02-21,36.97999954223633,36.39246368408203
2025-02-24,37.11000061035156,36.5203971862793
2025-02-25,36.7599983215332,36.17595291137695
2025-02-26,37.95000076293945,37.347049713134766
2025-02-27,37.41999816894531,36.825469970703125
2025-02-28,36.90999984741211,36.32357406616211
2025-03-03,35.529998779296875,34.96549606323242
2025-03-04,34.900001525878906,34.34550857543945
2025-03-05,38.15999984741211,37.5537109375
2025-03-06,37.68000030517578,37.08134078979492
2025-03-07,36.939998626708984,36.35309600830078
2025-03-10,34.5,33.95186233520508
2025-03-11,35.880001068115234,35.3099365234375
2025-03-12,36.779998779296875,36.19563674926758
2025-03-13,37.58000183105469,36.98292922973633
2025-03-14,38.849998474121094,38.23275375366211
2025-03-17,39.5099983215332,38.88226318359375
2025-03-18,39.84000015258789,39.2070198059082
2025-03-19,40.41999816894531,39.77780532836914
2025-03-20,40.70000076293945,40.05335998535156
2025-03-21,40.25,39.61050796508789
2025-03-24,41.61000061035156,40.94890213012695
2025-03-25,43.0099983215332,42.32665252685547
2025-03-26,41.4900016784668,40.830806732177734
2025-03-27,39.97999954223633,39.34479522705078
2025-03-28,38.41999816894531,37.8095817565918
2025-03-31,37.86000061035156,37.258480072021484
2025-04-01,38.130001068115234,37.524192810058594
2025-04-02,38.20000076293945,37.593082427978516
2025-04-03,33.5099983215332,32.97759246826172
2025-04-04,29.149999618530273,28.686864852905273
2025-04-07,30.3700008392334,29.887481689453125
2025-04-08,29.209999084472656,28.745908737182617
2025-04-09,33.7400016784668,33.20393753051758
2025-04-10,31.350000381469727,30.851909637451172
2025-04-11,33.349998474121094,32.820133209228516
2025-04-14,33.75,33.21377944946289
2025-04-15,33.369998931884766,32.986419677734375
2025-04-16,33.31999969482422,32.9370002746582
2025-04-17,32.900001525878906,32.52182388305664
2025-04-21,32.95000076293945,32.571250915527344
2025-04-22,34.060001373291016,33.668495178222656
2025-04-23,35.189998626708984,34.78550338745117
2025-04-24,37.630001068115234,37.19745635986328
2025-04-25,37.349998474121094,36.92067337036133
2025-04-28,37.2400016784668,36.81193923950195
2025-04-29,37.16999816894531,36.742740631103516
2025-04-30,36.029998779296875,35.6158447265625
2025-05-01,36.40999984741211,35.991477966308594
2025-05-02,37.599998474121094,37.16779708862305
2025-05-05,37.349998474121094,36.92067337036133
2025-05-06,37.91999816894531,37.4841194152832
2025-05-07,37.02000045776367,36.59446334838867
2025-05-08,37.47999954223633,37.04917907714844
2025-05-09,37.86000061035156,37.42481231689453
2025-05-12,39.11000061035156,38.66044235229492
2025-05-13,39.470001220703125,39.01630401611328
2025-05-14,39.060001373291016,38.61101531982422
2025-05-15,38.470001220703125,38.027801513671875
2025-05-16,38.02000045776367,37.582969665527344
2025-05-19,38.79999923706055,38.35401153564453
2025-05-20,38.400001525878906,37.95860290527344
2025-05-21,38.0099983215332,37.57308578491211
2025-05-22,37.70000076293945,37.26664733886719
2025-05-23,39.02000045776367,38.57147979736328
2025-05-27,39.63999938964844,39.184349060058594
2025-05-28,38.88999938964844,38.44296646118164
2025-05-29,39.029998779296875,38.58135986328125
2025-05-30,38.47999954223633,38.037681579589844
2025-06-02,40.150001525878906,39.6884880065918
2025-06-03,40.2400016784668,39.77745819091797
2025-06-04,40.86000061035156,40.39033126831055
2025-06-05,41.689998626708984,41.210784912109375
2025-06-06,41.47999954223633,41.003196716308594
2025-06-09,42.34000015258789,41.85331726074219
2025-06-10,42.189998626708984,41.705039978027344
2025-06-11,41.0099983215332,40.53860092163086
2025-06-12,41.18000030517578,40.70664978027344
2025-06-13,40.939998626708984,40.46940994262695
2025-06-16,41.90999984741211,41.42825698852539
2025-06-17,41.369998931884766,40.89446258544922
2025-06-18,41.18000030517578,40.70664978027344
2025-06-20,40.220001220703125,39.75768280029297
2025-06-23,40.939998626708984,40.46940994262695
2025-06-24,42.0099983215332,41.527103424072266
2025-06-25,41.61000061035156,41.13170623779297
2025-06-26,44.459999084472656,43.94894790649414
2025-06-27,43.869998931884766,43.36573028564453
2025-06-30,43.349998474121094,42.85170364379883
2025-07-01,44.04999923706055,43.54365921020508
2025-07-02,45.77000045776367,45.243892669677734
2025-07-03,45.79999923706055,45.27354049682617
2025-07-07,45.130001068115234,44.611244201660156
2025-07-08,46.27000045776367,45.73814010620117
2025-07-09,45.59000015258789,45.065956115722656
2025-07-10,47.209999084472656,46.66733169555664
2025-07-11,46.36000061035156,45.82710647583008
2025-07-14,45.630001068115234,45.105499267578125
2025-07-15,44.119998931884766,43.75669479370117
2025-07-16,43.97999954223633,43.61785125732422
2025-07-17,44.459999084472656,44.093894958496094
2025-07-18,44.79999923706055,44.431095123291016
2025-07-21,45.189998626708984,44.8178825378418
2025-07-22,45.79999923706055,45.42285919189453
2025-07-23,44.84000015258789,44.470767974853516
2025-07-24,44.58000183105469,44.21290969848633
2025-07-25,44.88999938964844,44.520355224609375
2025-07-28,43.790000915527344,43.42941665649414
2025-07-29,43.22999954223633,42.874027252197266
2025-07-30,39.13999938964844,38.81770324707031
2025-07-31,40.2400016784668,39.90864944458008
2025-08-01,40.029998779296875,39.70037078857422
2025-08-04,40.41999816894531,40.087162017822266
2025-08-05,40.029998779296875,39.70037078857422
2025-08-06,39.86000061035156,39.53178024291992
2025-08-07,40.79999923706055,40.46403503417969
2025-08-08,41.869998931884766,41.52522277832031
2025-08-11,41.459999084472656,41.11860275268555
2025-08-12,42.150001525878906,41.802921295166016
2025-08-13,42.7400016784668,42.3880615234375
2025-08-14,42.279998779296875,41.93184280395508
2025-08-15,42.36000061035156,42.01118850708008
2025-08-18,41.75,41.406211853027344
2025-08-19,41.459999084472656,41.11860275268555
2025-08-20,41.310001373291016,40.9698371887207
2025-08-21,41.720001220703125,41.376461029052734
2025-08-22,43.279998779296875,42.92361068725586
2025-08-25,43.689998626708984,43.33023452758789
2025-08-26,44.349998474121094,43.984798431396484
2025-08-27,43.869998931884766,43.50875473022461
2025-08-28,44.369998931884766,44.004634857177734
2025-08-29,44.400001525878906,44.034393310546875
2025-09-02,44.939998626708984,44.569942474365234
2025-09-03,46.209999084472656,45.82948684692383
2025-09-04,46.06999969482422,45.69063949584961
2025-09-05,46.34000015258789,45.95841598510742
2025-09-08,46.65999984741211,46.27578353881836
2025-09-09,43.88999938964844,43.52859115600586
2025-09-10,44.880001068115234,44.51043701171875
2025-09-11,45.91999816894531,45.541873931884766
2025-09-12,44.720001220703125,44.35175704956055
2025-09-15,45.63999938964844,45.26417922973633
2025-09-16,45.29999923706055,44.926979064941406
2025-09-17,45.09000015258789,44.718711853027344
2025-09-18,44.93000030517578,44.560028076171875
2025-09-19,44.939998626708984,44.569942474365234
2025-09-22,45.15999984741211,44.78813552856445
2025-09-23,45.36000061035156,44.986488342285156
2025-09-24,37.66999816894531,37.359806060791016
2025-09-25,35.34000015258789,35.04899215698242
2025-09-26,35.75,35.45561981201172
2025-09-29,37.119998931884766,36.814334869384766
2025-09-30,39.220001220703125,38.89704513549805
2025-10-01,39.09000015258789,38.76811599731445
2025-10-02,38.869998931884766,38.5499267578125
2025-10-03,39.66999816894531,39.34334182739258
2025-10-06,40.31999969482422,39.98798751831055
2025-10-07,40.689998626708984,40.354942321777344
2025-10-08,42.849998474121094,42.49715042114258
2025-10-09,43.310001373291016,42.953369140625
2025-10-10,40.880001068115234,40.54337692260742
2025-10-13,42.779998779296875,42.427730560302734
2025-10-14,41.970001220703125,41.62440490722656
2025-10-15,41.709999084472656,41.51491165161133
2025-10-16,41.70000076293945,41.50496292114258
2025-10-17,41.18000030517578,40.987396240234375
2025-10-20,42.189998626708984,41.99266815185547
2025-10-21,41.310001373291016,41.11678695678711
2025-10-22,40.779998779296875,40.58926010131836
2025-10-23,41.22999954223633,41.03715896606445
2025-10-24,41.369998931884766,41.1765022277832
2025-10-27,41.099998474121094,40.90776824951172
2025-10-28,41.16999816894531,40.97743606567383
2025-10-29,42.189998626708984,41.99266815185547
2025-10-30,41.72999954223633,41.534820556640625
2025-10-31,41.70000076293945,41.50496292114258
2025-11-03,41.18000030517578,40.987396240234375
2025-11-04,39.41999816894531,39.23562240600586
2025-11-05,40.209999084472656,40.02193069458008
2025-11-06,38.650001525878906,38.4692268371582
2025-11-07,39.810001373291016,39.623802185058594
2025-11-10,40.95000076293945,40.75847244262695
2025-11-11,41.06999969482422,40.877906799316406
2025-11-12,41.810001373291016,41.61444854736328
2025-11-13,40.540000915527344,40.35038757324219
2025-11-14,40.15999984741211,39.972164154052734
2025-11-17,39.0,38.817588806152344
2025-11-18,40.0,39.81291580200195
2025-11-19,41.25,41.057064056396484
2025-11-20,39.630001068115234,39.444644927978516
2025-11-21,39.869998931884766,39.68351745605469
2025-11-24,40.790000915527344,40.599220275878906
2025-11-25,41.06999969482422,40.877906799316406
2025-11-26,42.150001525878906,41.952857971191406
2025-11-28,42.97999954223633,42.77897262573242
2025-12-01,43.06999969482422,42.868553161621094
2025-12-02,42.970001220703125,42.769020080566406
2025-12-03,44.529998779296875,44.32172393798828
2025-12-04,44.61000061035156,44.40135192871094
2025-12-05,45.20000076293945,44.988590240478516
2025-12-08,45.0,44.789527893066406
2025-12-09,44.79999923706055,44.59046173095703
2025-12-10,46.45000076293945,46.23274612426758
2025-12-11,48.11000061035156,47.884979248046875
2025-12-12,47.380001068115234,47.15839385986328
2025-12-15,47.52000045776367,47.2977409362793
2025-12-16,47.540000915527344,47.317649841308594
2025-12-17,47.81999969482422,47.596336364746094
2025-12-18,47.91999816894531,47.695865631103516
2025-12-19,49.150001525878906,48.92011642456055
2025-12-22,50.63999938964844,50.40314483642578
2025-12-23,51.900001525878906,51.657257080078125
2025-12-24,51.91999816894531,51.67715835571289
2025-12-26,53.040000915527344,52.79192352294922
2025-12-29,51.47999954223633,51.239219665527344
2025-12-30,51.40999984741211,51.1695442199707
