date,close,adj_close
2009-06-01,34.900001525878906,23.11699867248535
2009-06-02,35.83000183105469,23.73301124572754
2009-06-03,35.189998626708984,23.309080123901367
2009-06-04,34.119998931884766,22.600343704223633
2009-06-05,33.95000076293945,22.487735748291016
2009-06-08,33.720001220703125,22.335399627685547
2009-06-09,34.08000183105469,22.573850631713867
2009-06-10,33.650001525878906,22.28902816772461
2009-06-11,33.7400016784668,22.34864044189453
2009-06-12,33.619998931884766,22.269153594970703
2009-06-15,32.16999816894531,21.3087100982666
2009-06-16,32.38999938964844,21.45443344116211
2009-06-17,32.93000030517578,21.812122344970703
2009-06-18,33.349998474121094,22.090309143066406
2009-06-19,33.959999084472656,22.494365692138672
2009-06-22,33.189998626708984,21.98433494567871
2009-06-23,33.369998931884766,22.103557586669922
2009-06-24,33.61000061035156,22.262535095214844
2009-06-25,34.720001220703125,22.99776840209961
2009-06-26,34.970001220703125,23.16336441040039
2009-06-29,34.790000915527344,23.044143676757812
2009-06-30,34.88999938964844,23.110374450683594
2009-07-01,34.709999084472656,22.991146087646484
2009-07-02,34.2599983215332,22.693078994750977
2009-07-06,33.959999084472656,22.494365692138672
2009-07-07,33.349998474121094,22.090309143066406
2009-07-08,32.81999969482422,21.873703002929688
2009-07-09,32.72999954223633,21.813724517822266
2009-07-10,32.79999923706055,21.86037826538086
2009-07-13,33.439998626708984,22.286928176879883
2009-07-14,33.75,22.4935302734375
2009-07-15,34.540000915527344,23.020050048828125
2009-07-16,34.63999938964844,23.086694717407227
2009-07-17,34.66999816894531,23.106693267822266
2009-07-20,34.75,23.159997940063477
2009-07-21,35.0099983215332,23.333288192749023
2009-07-22,34.09000015258789,22.720129013061523
2009-07-23,34.380001068115234,22.913408279418945
2009-07-24,35.04999923706055,23.35994529724121
2009-07-27,34.810001373291016,23.200002670288086
2009-07-28,34.81999969482422,23.206661224365234
2009-07-29,34.97999954223633,23.313289642333984
2009-07-30,35.36000061035156,23.56655502319336
2009-07-31,35.41999816894531,23.606548309326172
2009-08-03,35.91999816894531,23.939783096313477
2009-08-04,36.20000076293945,24.126399993896484
2009-08-05,36.02000045776367,24.006423950195312
2009-08-06,35.58000183105469,23.713184356689453
2009-08-07,35.72999954223633,23.81315040588379
2009-08-10,36.630001068115234,24.412975311279297
2009-08-11,36.54999923706055,24.35965347290039
2009-08-12,36.939998626708984,24.619585037231445
2009-08-13,36.540000915527344,24.352994918823242
2009-08-14,37.0099983215332,24.666236877441406
2009-08-17,37.02000045776367,24.67290496826172
2009-08-18,36.560001373291016,24.366321563720703
2009-08-19,37.040000915527344,24.68622589111328
2009-08-20,37.630001068115234,25.079448699951172
2009-08-21,37.79999923706055,25.19276237487793
2009-08-24,38.0,25.326047897338867
2009-08-25,37.86000061035156,25.232738494873047
2009-08-26,38.16999816894531,25.439348220825195
2009-08-27,38.97999954223633,25.97920036315918
2009-08-28,38.66999816894531,25.772584915161133
2009-08-31,38.29999923706055,25.525989532470703
2009-09-01,37.849998474121094,25.226072311401367
2009-09-02,38.13999938964844,25.419357299804688
2009-09-03,38.06999969482422,25.37270164489746
2009-09-04,38.709999084472656,25.799243927001953
2009-09-08,38.52000045776367,25.67262077331543
2009-09-09,39.060001373291016,26.03251075744629
2009-09-10,39.0099983215332,25.99918556213379
2009-09-11,37.900001525878906,25.259408950805664
2009-09-14,38.63999938964844,25.752593994140625
2009-09-15,38.15999984741211,25.432680130004883
2009-09-16,37.849998474121094,25.226072311401367
2009-09-17,37.869998931884766,25.239402770996094
2009-09-18,37.459999084472656,24.96615219116211
2009-09-21,37.47999954223633,24.979488372802734
2009-09-22,37.349998474121094,24.89284324645996
2009-09-23,36.86000061035156,24.566272735595703
2009-09-24,36.81999969482422,24.53960418701172
2009-09-25,36.790000915527344,24.519617080688477
2009-09-28,37.47999954223633,24.979488372802734
2009-09-29,37.13999938964844,24.752891540527344
2009-09-30,36.79999923706055,24.526281356811523
2009-10-01,36.720001220703125,24.47296714782715
2009-10-02,36.459999084472656,24.299671173095703
2009-10-05,36.45000076293945,24.29301643371582
2009-10-06,36.189998626708984,24.119728088378906
2009-10-07,36.84000015258789,24.692806243896484
2009-10-08,36.90999984741211,24.739730834960938
2009-10-09,37.20000076293945,24.934110641479492
2009-10-12,36.93000030517578,24.753141403198242
2009-10-13,37.0,24.800048828125
2009-10-14,36.970001220703125,24.779939651489258
2009-10-15,37.040000915527344,24.82685661315918
2009-10-16,37.41999816894531,25.081565856933594
2009-10-19,37.9900016784668,25.463621139526367
2009-10-20,36.650001525878906,24.56545066833496
2009-10-21,36.599998474121094,24.531949996948242
2009-10-22,37.22999954223633,24.95421028137207
2009-10-23,36.369998931884766,24.377779006958008
2009-10-26,36.27000045776367,24.310760498046875
2009-10-27,36.36000061035156,24.371074676513672
2009-10-28,36.029998779296875,24.149892807006836
2009-10-29,36.27000045776367,24.310760498046875
2009-10-30,35.70000076293945,23.92870330810547
2009-11-02,36.119998931884766,24.210216522216797
2009-11-03,35.9900016784668,24.123083114624023
2009-11-04,36.54999923706055,24.498428344726562
2009-11-05,38.41999816894531,25.751842498779297
2009-11-06,37.970001220703125,25.450210571289062
2009-11-09,39.279998779296875,26.328275680541992
2009-11-10,39.54999923706055,26.509252548217773
2009-11-11,40.099998474121094,26.87789535522461
2009-11-12,39.83000183105469,26.696928024291992
2009-11-13,39.459999084472656,26.448911666870117
2009-11-16,40.08000183105469,26.86448860168457
2009-11-17,40.20000076293945,26.94492530822754
2009-11-18,39.709999084472656,26.616498947143555
2009-11-19,39.61000061035156,26.549470901489258
2009-11-20,39.619998931884766,26.556163787841797
2009-11-23,40.310001373291016,27.01865577697754
2009-11-24,43.25,28.989242553710938
2009-11-25,43.18000030517578,28.94234275817871
2009-11-27,42.9900016784668,28.814985275268555
2009-11-30,42.439998626708984,28.446331024169922
2009-12-01,42.689998626708984,28.61391258239746
2009-12-02,43.619998931884766,29.237253189086914
2009-12-03,43.119998931884766,28.902103424072266
2009-12-04,43.060001373291016,28.861900329589844
2009-12-07,43.060001373291016,28.861900329589844
2009-12-08,42.790000915527344,28.680931091308594
2009-12-09,42.84000015258789,28.71442985534668
2009-12-10,43.31999969482422,29.03617286682129
2009-12-11,43.47999954223633,29.14341163635254
2009-12-14,43.869998931884766,29.404823303222656
2009-12-15,43.869998931884766,29.404823303222656
2009-12-16,43.599998474121094,29.22384262084961
2009-12-17,42.869998931884766,28.73454475402832
2009-12-18,43.220001220703125,28.969141006469727
2009-12-21,43.560001373291016,29.1970272064209
2009-12-22,43.54999923706055,29.19032859802246
2009-12-23,44.400001525878906,29.76006507873535
2009-12-24,44.119998931884766,29.572383880615234
2009-12-28,44.400001525878906,29.76006507873535
2009-12-29,44.900001525878906,30.095211029052734
2009-12-30,44.5,29.82709312438965
2009-12-31,43.97999954223633,29.47854995727539
2010-01-04,43.900001525878906,29.424930572509766
2010-01-05,44.79999923706055,30.028165817260742
2010-01-06,45.33000183105469,30.523090362548828
2010-01-07,45.75,30.805892944335938
2010-01-08,45.9900016784668,30.967504501342773
2010-01-11,45.810001373291016,30.84630584716797
2010-01-12,45.31999969482422,30.516342163085938
2010-01-13,45.58000183105469,30.691434860229492
2010-01-14,45.97999954223633,30.96076011657715
2010-01-15,45.61000061035156,30.711639404296875
2010-01-19,46.029998779296875,30.99443244934082
2010-01-20,45.61000061035156,30.711639404296875
2010-01-21,44.09000015258789,29.68813705444336
2010-01-22,43.29999923706055,29.156185150146484
2010-01-25,44.04999923706055,29.661197662353516
2010-01-26,43.7599983215332,29.465923309326172
2010-01-27,43.59000015258789,29.351449966430664
2010-01-28,43.16999816894531,29.06864356994629
2010-01-29,42.88999938964844,28.88010025024414
2010-02-01,43.150001525878906,29.055171966552734
2010-02-02,44.27000045776367,29.80933952331543
2010-02-03,44.0,29.627525329589844
2010-02-04,42.2599983215332,28.455896377563477
2010-02-05,41.66999816894531,28.05862045288086
2010-02-08,41.790000915527344,28.139427185058594
2010-02-09,42.36000061035156,28.523223876953125
2010-02-10,42.150001525878906,28.381837844848633
2010-02-11,42.29999923706055,28.48282814025879
2010-02-12,42.439998626708984,28.57709312438965
2010-02-16,42.970001220703125,28.933982849121094
2010-02-17,43.470001220703125,29.270648956298828
2010-02-18,43.810001373291016,29.499603271484375
2010-02-19,43.70000076293945,29.425535202026367
2010-02-22,43.65999984741211,29.398590087890625
2010-02-23,42.869998931884766,28.866636276245117
2010-02-24,43.59000015258789,29.351449966430664
2010-02-25,43.439998626708984,29.250452041625977
2010-02-26,43.400001525878906,29.223535537719727
2010-03-01,43.91999816894531,29.573659896850586
2010-03-02,44.75,30.132543563842773
2010-03-03,44.66999816894531,30.078678131103516
2010-03-04,44.81999969482422,30.179664611816406
2010-03-05,45.5,30.637554168701172
2010-03-08,44.810001373291016,30.172954559326172
2010-03-09,44.7400016784668,30.125795364379883
2010-03-10,44.630001068115234,30.05174446105957
2010-03-11,44.34000015258789,29.856464385986328
2010-03-12,43.939998626708984,29.587129592895508
2010-03-15,45.810001373291016,30.84630584716797
2010-03-16,45.119998931884766,30.38167953491211
2010-03-17,44.95000076293945,30.267213821411133
2010-03-18,45.16999816894531,30.415353775024414
2010-03-19,44.790000915527344,30.15947723388672
2010-03-22,45.79999923706055,30.839569091796875
2010-03-23,45.720001220703125,30.785686492919922
2010-03-24,45.310001373291016,30.50960350036621
2010-03-25,44.97999954223633,30.287412643432617
2010-03-26,44.4900016784668,29.957469940185547
2010-03-29,45.06999969482422,30.348011016845703
2010-03-30,45.04999923706055,30.334548950195312
2010-03-31,45.029998779296875,30.32108497619629
2010-04-01,45.66999816894531,30.752023696899414
2010-04-05,45.7400016784668,30.79916000366211
2010-04-06,45.439998626708984,30.597152709960938
2010-04-07,44.779998779296875,30.289386749267578
2010-04-08,44.880001068115234,30.357036590576172
2010-04-09,45.43000030517578,30.729053497314453
2010-04-12,45.43000030517578,30.729053497314453
2010-04-13,45.45000076293945,30.742572784423828
2010-04-14,45.709999084472656,30.91844367980957
2010-04-15,45.790000915527344,30.97256851196289
2010-04-16,44.900001525878906,30.370559692382812
2010-04-19,44.83000183105469,30.323205947875977
2010-04-20,45.16999816894531,30.553203582763672
2010-04-21,44.66999816894531,30.21498680114746
2010-04-22,44.150001525878906,29.863264083862305
2010-04-23,44.209999084472656,29.903833389282227
2010-04-26,44.060001373291016,29.802379608154297
2010-04-27,43.41999816894531,29.369483947753906
2010-04-28,43.34000015258789,29.315366744995117
2010-04-29,43.84000015258789,29.653566360473633
2010-04-30,43.689998626708984,29.552114486694336
2010-05-03,44.130001068115234,29.849720001220703
2010-05-04,43.38999938964844,29.349191665649414
2010-05-05,43.0,29.085391998291016
2010-05-06,41.86000061035156,28.31429100036621
2010-05-07,41.25,27.901674270629883
2010-05-10,42.72999954223633,28.902761459350586
2010-05-11,42.66999816894531,28.8621883392334
2010-05-12,43.29999923706055,29.28831672668457
2010-05-13,43.09000015258789,29.146268844604492
2010-05-14,42.38999938964844,28.67278480529785
2010-05-17,42.529998779296875,28.767478942871094
2010-05-18,42.349998474121094,28.64573097229004
2010-05-19,41.7599983215332,28.24664878845215
2010-05-20,40.31999969482422,27.272634506225586
2010-05-21,40.33000183105469,27.27939796447754
2010-05-24,40.63999938964844,27.489070892333984
2010-05-25,39.95000076293945,27.022357940673828
2010-05-26,39.13999938964844,26.474468231201172
2010-05-27,39.40999984741211,26.6571044921875
2010-05-28,39.18000030517578,26.501529693603516
2010-06-01,38.29999923706055,25.906286239624023
2010-06-02,39.08000183105469,26.43389129638672
2010-06-03,39.22999954223633,26.535343170166016
2010-06-04,38.0,25.703371047973633
2010-06-07,37.709999084472656,25.50720977783203
2010-06-08,37.63999938964844,25.459871292114258
2010-06-09,37.52000045776367,25.378694534301758
2010-06-10,38.16999816894531,25.818359375
2010-06-11,38.130001068115234,25.79129981994629
2010-06-14,38.81999969482422,26.25801658630371
2010-06-15,38.79999923706055,26.244497299194336
2010-06-16,39.119998931884766,26.46094512939453
2010-06-17,38.970001220703125,26.359477996826172
2010-06-18,38.869998931884766,26.291845321655273
2010-06-21,38.68000030517578,26.163330078125
2010-06-22,38.08000183105469,25.75748062133789
2010-06-23,37.5099983215332,25.371936798095703
2010-06-24,36.849998474121094,24.925500869750977
2010-06-25,36.86000061035156,24.932268142700195
2010-06-28,36.869998931884766,24.93903350830078
2010-06-29,36.209999084472656,24.49260902404785
2010-06-30,36.27000045776367,24.533193588256836
2010-07-01,36.040000915527344,24.37761878967285
2010-07-02,36.029998779296875,24.3708553314209
2010-07-06,36.20000076293945,24.485849380493164
2010-07-07,37.04999923706055,25.217529296875
2010-07-08,36.9900016784668,25.176685333251953
2010-07-09,37.22999954223633,25.34003257751465
2010-07-12,37.68000030517578,25.646326065063477
2010-07-13,37.959999084472656,25.836910247802734
2010-07-14,38.060001373291016,25.90496826171875
2010-07-15,38.0099983215332,25.870929718017578
2010-07-16,37.27000045776367,25.367258071899414
2010-07-19,37.09000015258789,25.244752883911133
2010-07-20,37.41999816894531,25.46935272216797
2010-07-21,36.220001220703125,24.652597427368164
2010-07-22,36.77000045776367,25.026948928833008
2010-07-23,36.58000183105469,24.897626876831055
2010-07-26,36.97999954223633,25.16988182067871
2010-07-27,37.38999938964844,25.448945999145508
2010-07-28,36.45000076293945,24.809144973754883
2010-07-29,36.099998474121094,24.570913314819336
2010-07-30,36.970001220703125,25.163070678710938
2010-08-02,37.529998779296875,25.544225692749023
2010-08-03,37.59000015258789,25.585063934326172
2010-08-04,37.900001525878906,25.796066284179688
2010-08-05,37.83000183105469,25.74842071533203
2010-08-06,37.810001373291016,25.734813690185547
2010-08-09,37.43000030517578,25.476167678833008
2010-08-10,37.25,25.353647232055664
2010-08-11,36.279998779296875,24.693435668945312
2010-08-12,35.9900016784668,24.49605369567871
2010-08-13,35.56999969482422,24.21018409729004
2010-08-16,35.18000030517578,23.94474220275879
2010-08-17,35.84000015258789,24.393959045410156
2010-08-18,36.41999816894531,24.788726806640625
2010-08-19,35.47999954223633,24.148923873901367
2010-08-20,34.77000045776367,23.665681838989258
2010-08-23,34.9900016784668,23.815418243408203
2010-08-24,31.209999084472656,21.24262046813965
2010-08-25,31.8700008392334,21.69184112548828
2010-08-26,32.279998779296875,21.970890045166016
2010-08-27,32.52000045776367,22.134248733520508
2010-08-30,31.950000762939453,21.746292114257812
2010-08-31,31.450000762939453,21.40597152709961
2010-09-01,32.20000076293945,21.916439056396484
2010-09-02,32.380001068115234,22.038965225219727
2010-09-03,32.97999954223633,22.44733238220215
2010-09-07,32.45000076293945,22.08660125732422
2010-09-08,32.43000030517578,22.072994232177734
2010-09-09,32.709999084472656,22.263568878173828
2010-09-10,33.34000015258789,22.692373275756836
2010-09-13,33.529998779296875,22.821685791015625
2010-09-14,33.290000915527344,22.65833854675293
2010-09-15,33.59000015258789,22.862520217895508
2010-09-16,33.61000061035156,22.876144409179688
2010-09-17,33.29999923706055,22.665142059326172
2010-09-20,33.5,22.801271438598633
2010-09-21,33.310001373291016,22.671947479248047
2010-09-22,33.56999969482422,22.84891128540039
2010-09-23,33.25,22.631113052368164
2010-09-24,33.84000015258789,23.032682418823242
2010-09-27,33.400001525878906,22.733205795288086
2010-09-28,33.470001220703125,22.78084945678711
2010-09-29,33.290000915527344,22.65833854675293
2010-09-30,33.58000183105469,22.85572052001953
2010-10-01,33.630001068115234,22.889755249023438
2010-10-04,33.209999084472656,22.6038818359375
2010-10-05,33.880001068115234,23.05990982055664
2010-10-06,33.650001525878906,23.056488037109375
2010-10-07,33.380001068115234,22.871488571166992
2010-10-08,33.45000076293945,22.91944694519043
2010-10-11,33.369998931884766,22.86463165283203
2010-10-12,33.40999984741211,22.892045974731445
2010-10-13,33.54999923706055,22.987960815429688
2010-10-14,33.27000045776367,22.796106338500977
2010-10-15,33.290000915527344,22.80982208251953
2010-10-18,34.0,23.296295166015625
2010-10-19,33.369998931884766,22.86463165283203
2010-10-20,34.70000076293945,23.77593421936035
2010-10-21,35.47999954223633,24.310375213623047
2010-10-22,35.75,24.49537467956543
2010-10-25,36.220001220703125,24.81740951538086
2010-10-26,36.16999816894531,24.783143997192383
2010-10-27,36.15999984741211,24.77629280090332
2010-10-28,36.13999938964844,24.76259422302246
2010-10-29,35.22999954223633,24.139080047607422
2010-11-01,35.15999984741211,24.091102600097656
2010-11-02,35.400001525878906,24.255556106567383
2010-11-03,35.40999984741211,24.26241111755371
2010-11-04,35.56999969482422,24.372039794921875
2010-11-05,35.349998474121094,24.221303939819336
2010-11-08,35.34000015258789,24.214447021484375
2010-11-09,35.52000045776367,24.337787628173828
2010-11-10,35.5,24.32408332824707
2010-11-11,35.4900016784668,24.317235946655273
2010-11-12,34.630001068115234,23.727968215942383
2010-11-15,34.65999984741211,23.748519897460938
2010-11-16,34.16999816894531,23.41278648376465
2010-11-17,34.279998779296875,23.488155364990234
2010-11-18,34.599998474121094,23.707408905029297
2010-11-19,34.599998474121094,23.707408905029297
2010-11-22,34.70000076293945,23.77593421936035
2010-11-23,34.18000030517578,23.419631958007812
2010-11-24,34.18000030517578,23.419631958007812
2010-11-26,33.84000015258789,23.18667221069336
2010-11-29,33.900001525878906,23.2277889251709
2010-11-30,33.529998779296875,22.97426414489746
2010-12-01,33.90999984741211,23.234636306762695
2010-12-02,33.86000061035156,23.200368881225586
2010-12-03,34.209999084472656,23.4401912689209
2010-12-06,33.939998626708984,23.255186080932617
2010-12-07,34.209999084472656,23.4401912689209
2010-12-08,34.709999084472656,23.782785415649414
2010-12-09,35.209999084472656,24.125368118286133
2010-12-10,35.939998626708984,24.625568389892578
2010-12-13,36.11000061035156,24.742042541503906
2010-12-14,36.13999938964844,24.76259422302246
2010-12-15,35.9900016784668,24.659818649291992
2010-12-16,36.18000030517578,24.790006637573242
2010-12-17,37.400001525878906,25.625932693481445
2010-12-20,37.619998931884766,25.77666664123535
2010-12-21,36.91999816894531,25.29703712463379
2010-12-22,36.810001373291016,25.221662521362305
2010-12-23,36.959999084472656,25.32444953918457
2010-12-27,36.90999984741211,25.29018783569336
2010-12-28,37.06999969482422,25.399818420410156
2010-12-29,37.2599983215332,25.53000259399414
2010-12-30,37.189998626708984,25.48204231262207
2010-12-31,37.09000015258789,25.41352653503418
2011-01-03,37.40999984741211,25.63279151916504
2011-01-04,37.099998474121094,25.420377731323242
2011-01-05,36.4900016784668,25.154972076416016
2011-01-06,36.5099983215332,25.16874885559082
2011-01-07,36.40999984741211,25.09981346130371
2011-01-10,36.5,25.161867141723633
2011-01-11,36.52000045776367,25.175647735595703
2011-01-12,36.70000076293945,25.299732208251953
2011-01-13,37.27000045776367,25.692672729492188
2011-01-14,37.20000076293945,25.64441680908203
2011-01-18,37.709999084472656,25.995996475219727
2011-01-19,37.38999938964844,25.7753963470459
2011-01-20,38.09000015258789,26.257957458496094
2011-01-21,38.5099983215332,26.54747772216797
2011-01-24,37.58000183105469,25.906381607055664
2011-01-25,38.13999938964844,26.292423248291016
2011-01-26,37.880001068115234,26.113176345825195
2011-01-27,37.9900016784668,26.18901252746582
2011-01-28,38.04999923706055,26.230375289916992
2011-01-31,38.31999969482422,26.416505813598633
2011-02-01,38.56999969482422,26.588848114013672
2011-02-02,38.310001373291016,26.409616470336914
2011-02-03,38.66999816894531,26.657785415649414
2011-02-04,39.2400016784668,27.050724029541016
2011-02-07,39.540000915527344,27.257537841796875
2011-02-08,39.810001373291016,27.44366455078125
2011-02-09,39.650001525878906,27.333362579345703
2011-02-10,39.2599983215332,27.06451416015625
2011-02-11,39.689998626708984,27.360946655273438
2011-02-14,39.4900016784668,27.223072052001953
2011-02-15,39.599998474121094,27.298904418945312
2011-02-16,40.20000076293945,27.712512969970703
2011-02-17,40.27000045776367,27.760772705078125
2011-02-18,41.27000045776367,28.450143814086914
2011-02-22,40.209999084472656,27.719404220581055
2011-02-23,39.29999923706055,27.09209442138672
2011-02-24,39.5,27.22996711730957
2011-02-25,39.880001068115234,27.491912841796875
2011-02-28,39.91999816894531,27.519493103027344
2011-03-01,39.41999816894531,27.1748104095459
2011-03-02,38.529998779296875,26.561288833618164
2011-03-03,39.52000045776367,27.24374771118164
2011-03-04,39.2599983215332,27.06451416015625
2011-03-07,38.9900016784668,26.878389358520508
2011-03-08,39.63999938964844,27.326475143432617
2011-03-09,39.79999923706055,27.436765670776367
2011-03-10,38.630001068115234,26.630218505859375
2011-03-11,38.08000183105469,26.251060485839844
2011-03-14,37.83000183105469,26.078725814819336
2011-03-15,37.310001373291016,25.720245361328125
2011-03-16,36.66999816894531,25.279062271118164
2011-03-17,37.060001373291016,25.547908782958984
2011-03-18,37.5099983215332,25.858123779296875
2011-03-21,37.970001220703125,26.17522621154785
2011-03-22,37.59000015258789,25.913267135620117
2011-03-23,37.68000030517578,25.97530746459961
2011-03-24,38.220001220703125,26.347570419311523
2011-03-25,38.36000061035156,26.444076538085938
2011-03-28,38.849998474121094,26.781877517700195
2011-03-29,39.2400016784668,27.050724029541016
2011-03-30,39.369998931884766,27.140344619750977
2011-03-31,39.349998474121094,27.126558303833008
2011-04-01,39.5,27.22996711730957
2011-04-04,39.43000030517578,27.181692123413086
2011-04-05,39.25,27.05763053894043
2011-04-06,39.45000076293945,27.352293014526367
2011-04-07,39.869998931884766,27.643482208251953
2011-04-08,39.66999816894531,27.504819869995117
2011-04-11,40.2400016784668,27.900039672851562
2011-04-12,40.27000045776367,27.920827865600586
2011-04-13,40.09000015258789,27.796031951904297
2011-04-14,40.720001220703125,28.232833862304688
2011-04-15,41.04999923706055,28.461626052856445
2011-04-18,40.2599983215332,27.91388511657715
2011-04-19,40.790000915527344,28.2813720703125
2011-04-20,40.68000030517578,28.205097198486328
2011-04-21,40.84000015258789,28.316024780273438
2011-04-25,40.58000183105469,28.135772705078125
2011-04-26,41.2400016784668,28.593360900878906
2011-04-27,41.86000061035156,29.023237228393555
2011-04-28,41.86000061035156,29.023237228393555
2011-04-29,41.75,28.94697380065918
2011-05-02,42.369998931884766,29.376850128173828
2011-05-03,42.2599983215332,29.300567626953125
2011-05-04,42.310001373291016,29.33523941040039
2011-05-05,42.2400016784668,29.286710739135742
2011-05-06,42.689998626708984,29.598695755004883
2011-05-09,42.2400016784668,29.286710739135742
2011-05-10,42.650001525878906,29.570985794067383
2011-05-11,42.04999923706055,29.15497398376465
2011-05-12,42.31999969482422,29.342187881469727
2011-05-13,42.029998779296875,29.141109466552734
2011-05-16,42.25,29.29364585876465
2011-05-17,42.65999984741211,29.57790184020996
2011-05-18,43.20000076293945,29.952312469482422
2011-05-19,42.81999969482422,29.688846588134766
2011-05-20,42.209999084472656,29.265907287597656
2011-05-23,41.2599983215332,28.60723114013672
2011-05-24,40.880001068115234,28.343761444091797
2011-05-25,40.22999954223633,27.893089294433594
2011-05-26,40.40999984741211,28.01788902282715
2011-05-27,40.310001373291016,27.948566436767578
2011-05-31,40.70000076293945,28.218976974487305
2011-06-01,39.970001220703125,27.71283721923828
2011-06-02,39.189998626708984,27.172016143798828
2011-06-03,39.27000045776367,27.22749137878418
2011-06-06,38.77000045776367,26.880817413330078
2011-06-07,38.79999923706055,26.901620864868164
2011-06-08,38.81999969482422,26.915485382080078
2011-06-09,38.869998931884766,26.95015525817871
2011-06-10,38.02000045776367,26.360807418823242
2011-06-13,38.13999938964844,26.44400978088379
2011-06-14,38.400001525878906,26.624286651611328
2011-06-15,37.91999816894531,26.29147720336914
2011-06-16,38.45000076293945,26.658952713012695
2011-06-17,38.189998626708984,26.478683471679688
2011-06-20,38.68000030517578,26.81842613220215
2011-06-21,38.779998779296875,26.887752532958984
2011-06-22,38.540000915527344,26.72134780883789
2011-06-23,38.34000015258789,26.582687377929688
2011-06-24,38.400001525878906,26.624286651611328
2011-06-27,38.58000183105469,26.749088287353516
2011-06-28,39.0099983215332,27.04722023010254
2011-06-29,38.09000015258789,26.40935516357422
2011-06-30,38.529998779296875,26.714418411254883
2011-07-01,39.119998931884766,27.123483657836914
2011-07-05,37.959999084472656,26.31920623779297
2011-07-06,38.08000183105469,26.57251739501953
2011-07-07,38.20000076293945,26.6562557220459
2011-07-08,38.0,26.51668357849121
2011-07-11,37.130001068115234,25.909595489501953
2011-07-12,37.560001373291016,26.20965576171875
2011-07-13,37.560001373291016,26.20965576171875
2011-07-14,37.70000076293945,26.307348251342773
2011-07-15,37.119998931884766,25.902620315551758
2011-07-18,36.47999954223633,25.456026077270508
2011-07-19,36.9900016784668,25.811912536621094
2011-07-20,36.720001220703125,25.623498916625977
2011-07-21,37.36000061035156,26.070096969604492
2011-07-22,37.06999969482422,25.867725372314453
2011-07-25,36.459999084472656,25.442062377929688
2011-07-26,36.34000015258789,25.358327865600586
2011-07-27,35.880001068115234,25.037342071533203
2011-07-28,35.97999954223633,25.107120513916016
2011-07-29,36.04999923706055,25.15596580505371
2011-08-01,34.880001068115234,24.339529037475586
2011-08-02,33.970001220703125,23.704524993896484
2011-08-03,34.310001373291016,23.94178581237793
2011-08-04,32.84000015258789,22.916004180908203
2011-08-05,33.310001373291016,23.243972778320312
2011-08-08,31.06999969482422,21.68088150024414
2011-08-09,31.780000686645508,22.176328659057617
2011-08-10,30.40999984741211,21.220327377319336
2011-08-11,31.18000030517578,21.757646560668945
2011-08-12,31.540000915527344,22.00885772705078
2011-08-15,32.029998779296875,22.35077476501465
2011-08-16,32.279998779296875,22.525226593017578
2011-08-17,32.619998931884766,22.76249122619629
2011-08-18,31.25,21.806489944458008
2011-08-19,31.290000915527344,21.834407806396484
2011-08-22,31.18000030517578,21.757646560668945
2011-08-23,33.099998474121094,23.09743309020996
2011-08-24,34.209999084472656,23.87200164794922
2011-08-25,33.86000061035156,23.627771377563477
2011-08-26,34.04999923706055,23.760345458984375
2011-08-29,34.790000915527344,24.276729583740234
2011-08-30,34.58000183105469,24.130191802978516
2011-08-31,35.06999969482422,24.472110748291016
2011-09-01,34.84000015258789,24.311620712280273
2011-09-02,34.209999084472656,23.87200164794922
2011-09-06,34.279998779296875,23.920846939086914
2011-09-07,35.41999816894531,24.716341018676758
2011-09-08,34.630001068115234,24.165081024169922
2011-09-09,33.380001068115234,23.29281997680664
2011-09-12,33.58000183105469,23.432382583618164
2011-09-13,33.88999938964844,23.648710250854492
2011-09-14,34.290000915527344,23.92782974243164
2011-09-15,34.52000045776367,24.08832359313965
2011-09-16,35.02000045776367,24.437223434448242
2011-09-19,34.06999969482422,23.774309158325195
2011-09-20,34.81999969482422,24.297666549682617
2011-09-21,33.869998931884766,23.63474464416504
2011-09-22,32.90999984741211,22.964853286743164
2011-09-23,33.060001373291016,23.06951904296875
2011-09-26,33.7599983215332,23.557985305786133
2011-09-27,34.470001220703125,24.05342674255371
2011-09-28,33.7400016784668,23.54403305053711
2011-09-29,33.959999084472656,23.697546005249023
2011-09-30,33.2400016784668,23.195127487182617
2011-10-03,31.790000915527344,22.18330955505371
2011-10-04,32.13999938964844,22.427534103393555
2011-10-05,32.2599983215332,22.682771682739258
2011-10-06,32.7400016784668,23.020275115966797
2011-10-07,32.83000183105469,23.083559036254883
2011-10-10,33.58000183105469,23.610897064208984
2011-10-11,33.22999954223633,23.364791870117188
2011-10-12,32.88999938964844,23.125741958618164
2011-10-13,32.65999984741211,22.964021682739258
2011-10-14,33.099998474121094,23.27339744567871
2011-10-17,32.45000076293945,22.816370010375977
2011-10-18,32.88999938964844,23.125741958618164
2011-10-19,33.63999938964844,23.653085708618164
2011-10-20,33.369998931884766,23.463239669799805
2011-10-21,34.290000915527344,24.110118865966797
2011-10-24,34.70000076293945,24.398399353027344
2011-10-25,33.72999954223633,23.71635627746582
2011-10-26,33.95000076293945,23.87105369567871
2011-10-27,35.02000045776367,24.623394012451172
2011-10-28,35.47999954223633,24.946826934814453
2011-10-31,34.7400016784668,24.4265193939209
2011-11-01,33.16999816894531,23.322620391845703
2011-11-02,33.970001220703125,23.885114669799805
2011-11-03,34.869998931884766,24.517927169799805
2011-11-04,34.380001068115234,24.17339324951172
2011-11-07,35.04999923706055,24.644493103027344
2011-11-08,35.11000061035156,24.686676025390625
2011-11-09,34.099998474121094,23.976516723632812
2011-11-10,34.529998779296875,24.27886390686035
2011-11-11,35.099998474121094,24.679641723632812
2011-11-14,34.68000030517578,24.384328842163086
2011-11-15,34.9900016784668,24.60230255126953
2011-11-16,34.2599983215332,24.089021682739258
2011-11-17,33.86000061035156,23.80777359008789
2011-11-18,33.939998626708984,23.864025115966797
2011-11-21,33.27000045776367,23.392919540405273
2011-11-22,34.75,24.43354606628418
2011-11-23,33.95000076293945,23.87105369567871
2011-11-25,33.68000030517578,23.68120574951172
2011-11-28,34.7599983215332,24.44057273864746
2011-11-29,34.90999984741211,24.546051025390625
2011-11-30,36.43000030517578,25.614803314208984
2011-12-01,36.79999923706055,25.874956130981445
2011-12-02,34.61000061035156,24.33511734008789
2011-12-05,35.97999954223633,25.29838752746582
2011-12-06,35.91999816894531,25.256202697753906
2011-12-07,36.38999938964844,25.5866756439209
2011-12-08,35.2599983215332,24.792139053344727
2011-12-09,35.91999816894531,25.256202697753906
2011-12-12,35.45000076293945,24.925737380981445
2011-12-13,35.52000045776367,24.974958419799805
2011-12-14,35.36000061035156,24.86245346069336
2011-12-15,35.38999938964844,24.883554458618164
2011-12-16,35.29999923706055,24.820266723632812
2011-12-19,35.099998474121094,24.679641723632812
2011-12-20,36.16999816894531,25.431983947753906
2011-12-21,36.869998931884766,25.924182891845703
2011-12-22,37.59000015258789,26.430418014526367
2011-12-23,37.84000015258789,26.606210708618164
2011-12-27,37.75,26.54291343688965
2011-12-28,37.43000030517578,26.31791877746582
2011-12-29,38.34000015258789,26.9577693939209
2011-12-30,38.25,26.89447593688965
2012-01-03,38.689998626708984,27.203857421875
2012-01-04,38.310001373291016,27.106918334960938
2012-01-05,38.4900016784668,27.234285354614258
2012-01-06,39.029998779296875,27.616369247436523
2012-01-09,39.29999923706055,27.807403564453125
2012-01-10,39.099998474121094,27.665897369384766
2012-01-11,39.189998626708984,27.72957992553711
2012-01-12,38.849998474121094,27.489013671875
2012-01-13,38.650001525878906,27.347497940063477
2012-01-17,39.029998779296875,27.616369247436523
2012-01-18,39.119998931884766,27.680038452148438
2012-01-19,39.13999938964844,27.694202423095703
2012-01-20,39.939998626708984,28.260250091552734
2012-01-23,39.540000915527344,27.977231979370117
2012-01-24,39.33000183105469,27.82864761352539
2012-01-25,39.959999084472656,28.27440643310547
2012-01-26,39.43000030517578,27.899391174316406
2012-01-27,39.279998779296875,27.793262481689453
2012-01-30,38.849998474121094,27.489013671875
2012-01-31,38.56999969482422,27.290889739990234
2012-02-01,39.619998931884766,28.033830642700195
2012-02-02,39.79999923706055,28.161203384399414
2012-02-03,40.20000076293945,28.444231033325195
2012-02-06,40.560001373291016,28.698951721191406
2012-02-07,40.650001525878906,28.762630462646484
2012-02-08,40.4900016784668,28.649423599243164
2012-02-09,39.93000030517578,28.253177642822266
2012-02-10,39.72999954223633,28.111669540405273
2012-02-13,40.47999954223633,28.642345428466797
2012-02-14,39.529998779296875,27.97014808654785
2012-02-15,39.290000915527344,27.800338745117188
2012-02-16,39.58000183105469,28.00554847717285
2012-02-17,39.939998626708984,28.260250091552734
2012-02-21,38.9900016784668,27.58807373046875
2012-02-22,38.209999084472656,27.03616714477539
2012-02-23,37.880001068115234,26.80265998840332
2012-02-24,38.119998931884766,26.972482681274414
2012-02-27,38.349998474121094,27.13521957397461
2012-02-28,38.599998474121094,27.312124252319336
2012-02-29,38.119998931884766,26.972482681274414
2012-03-01,38.0,26.8875789642334
2012-03-02,37.90999984741211,26.823896408081055
2012-03-05,37.7599983215332,26.717761993408203
2012-03-06,37.5099983215332,26.540868759155273
2012-03-07,37.52000045776367,26.547948837280273
2012-03-08,38.130001068115234,26.97955894470215
2012-03-09,37.66999816894531,26.65407943725586
2012-03-12,37.599998474121094,26.60454559326172
2012-03-13,38.65999984741211,27.354562759399414
2012-03-14,38.619998931884766,27.32627296447754
2012-03-15,39.369998931884766,27.856950759887695
2012-03-16,39.68000030517578,28.0762882232666
2012-03-19,39.47999954223633,27.934772491455078
2012-03-20,39.52000045776367,27.963071823120117
2012-03-21,38.939998626708984,27.552690505981445
2012-03-22,38.86000061035156,27.496082305908203
2012-03-23,38.70000076293945,27.382869720458984
2012-03-26,40.0,28.302711486816406
2012-03-27,39.56999969482422,27.998462677001953
2012-03-28,39.439998626708984,27.90646743774414
2012-03-29,39.209999084472656,27.74373435974121
2012-03-30,39.189998626708984,27.72957992553711
2012-04-02,39.540000915527344,27.977231979370117
2012-04-03,39.099998474121094,27.83696937561035
2012-04-04,38.2599983215332,27.23894500732422
2012-04-05,38.20000076293945,27.196229934692383
2012-04-09,37.75,26.875850677490234
2012-04-10,37.369998931884766,26.605310440063477
2012-04-11,37.720001220703125,26.8544979095459
2012-04-12,38.2400016784668,27.224712371826172
2012-04-13,37.5099983215332,26.70498275756836
2012-04-16,37.54999923706055,26.73346710205078
2012-04-17,38.02000045776367,27.068071365356445
2012-04-18,38.02000045776367,27.068071365356445
2012-04-19,37.91999816894531,26.996889114379883
2012-04-20,37.61000061035156,26.776174545288086
2012-04-23,37.16999816894531,26.462926864624023
2012-04-24,37.119998931884766,26.427335739135742
2012-04-25,37.20000076293945,26.484281539916992
2012-04-26,37.099998474121094,26.4130859375
2012-04-27,37.689998626708984,26.83313751220703
2012-04-30,38.20000076293945,27.196229934692383
2012-05-01,38.47999954223633,27.39557456970215
2012-05-02,38.380001068115234,27.32436752319336
2012-05-03,38.540000915527344,27.438289642333984
2012-05-04,38.150001525878906,27.160633087158203
2012-05-07,38.08000183105469,27.11079978942871
2012-05-08,38.220001220703125,27.210466384887695
2012-05-09,38.029998779296875,27.0751953125
2012-05-10,38.41999816894531,27.352853775024414
2012-05-11,38.029998779296875,27.0751953125
2012-05-14,38.09000015258789,27.117916107177734
2012-05-15,38.150001525878906,27.160633087158203
2012-05-16,38.220001220703125,27.210466384887695
2012-05-17,37.06999969482422,26.39173126220703
2012-05-18,36.959999084472656,26.313419342041016
2012-05-21,37.70000076293945,26.840255737304688
2012-05-22,36.959999084472656,26.313419342041016
2012-05-23,36.790000915527344,26.192380905151367
2012-05-24,37.06999969482422,26.39173126220703
2012-05-25,36.880001068115234,26.25646209716797
2012-05-29,37.279998779296875,26.541242599487305
2012-05-30,36.650001525878906,26.09271812438965
2012-05-31,36.84000015258789,26.227977752685547
2012-06-01,36.11000061035156,25.7082576751709
2012-06-04,35.88999938964844,25.55164909362793
2012-06-05,36.18000030517578,25.758108139038086
2012-06-06,36.81999969482422,26.213747024536133
2012-06-07,37.04999923706055,26.377492904663086
2012-06-08,37.33000183105469,26.57683753967285
2012-06-11,37.029998779296875,26.36325454711914
2012-06-12,37.66999816894531,26.818893432617188
2012-06-13,37.150001525878906,26.448684692382812
2012-06-14,37.4900016784668,26.69074058532715
2012-06-15,37.77000045776367,26.890098571777344
2012-06-18,37.959999084472656,27.025358200073242
2012-06-19,38.40999984741211,27.34572982788086
2012-06-20,38.400001525878906,27.338621139526367
2012-06-21,37.79999923706055,26.911447525024414
2012-06-22,38.15999984741211,27.167741775512695
2012-06-25,37.279998779296875,26.541242599487305
2012-06-26,37.310001373291016,26.56259536743164
2012-06-27,37.90999984741211,26.98976707458496
2012-06-28,37.84000015258789,26.939926147460938
2012-06-29,38.72999954223633,27.573558807373047
2012-07-02,39.16999816894531,27.886817932128906
2012-07-03,39.04999923706055,27.987154006958008
2012-07-05,38.40999984741211,27.528461456298828
2012-07-06,37.959999084472656,27.205942153930664
2012-07-09,38.2599983215332,27.420955657958984
2012-07-10,38.0,27.23461151123047
2012-07-11,38.02000045776367,27.248947143554688
2012-07-12,37.65999984741211,26.990930557250977
2012-07-13,37.560001373291016,26.91927146911621
2012-07-16,37.849998474121094,27.12711524963379
2012-07-17,38.86000061035156,27.850969314575195
2012-07-18,38.97999954223633,27.936988830566406
2012-07-19,38.959999084472656,27.922651290893555
2012-07-20,38.220001220703125,27.392290115356445
2012-07-23,37.709999084472656,27.026771545410156
2012-07-24,37.349998474121094,26.76875877380371
2012-07-25,37.52000045776367,26.890602111816406
2012-07-26,37.560001373291016,26.91927146911621
2012-07-27,39.029998779296875,27.972814559936523
2012-07-30,38.810001373291016,27.815143585205078
2012-07-31,39.41999816894531,28.252336502075195
2012-08-01,39.27000045776367,28.144826889038086
2012-08-02,38.900001525878906,27.879653930664062
2012-08-03,39.810001373291016,28.531850814819336
2012-08-06,39.7400016784668,28.48167610168457
2012-08-07,40.2400016784668,28.84002685546875
2012-08-08,40.400001525878906,28.9547061920166
2012-08-09,40.0,28.668018341064453
2012-08-10,40.2599983215332,28.854360580444336
2012-08-13,40.2599983215332,28.854360580444336
2012-08-14,40.16999816894531,28.78986930847168
2012-08-15,40.33000183105469,28.904523849487305
2012-08-16,40.470001220703125,29.004871368408203
2012-08-17,40.84000015258789,29.270048141479492
2012-08-20,41.45000076293945,29.707229614257812
2012-08-21,41.13999938964844,29.48506736755371
2012-08-22,40.68000030517578,29.15536880493164
2012-08-23,40.369998931884766,28.933191299438477
2012-08-24,40.58000183105469,29.083707809448242
2012-08-27,40.459999084472656,28.997684478759766
2012-08-28,40.439998626708984,28.983366012573242
2012-08-29,40.810001373291016,29.248546600341797
2012-08-30,40.47999954223633,29.01202964782715
2012-08-31,40.65999984741211,29.14103889465332
2012-09-04,41.209999084472656,29.53521728515625
2012-09-05,40.849998474121094,29.27720069885254
2012-09-06,41.58000183105469,29.800411224365234
2012-09-07,41.61000061035156,29.821908950805664
2012-09-10,41.459999084472656,29.714391708374023
2012-09-11,41.68000030517578,29.87207794189453
2012-09-12,41.650001525878906,29.850574493408203
2012-09-13,42.29999923706055,30.316434860229492
2012-09-14,43.04999923706055,30.853946685791016
2012-09-17,42.869998931884766,30.724943161010742
2012-09-18,42.959999084472656,30.78945541381836
2012-09-19,42.83000183105469,30.69627571105957
2012-09-20,43.16999816894531,30.939966201782227
2012-09-21,43.349998474121094,31.068971633911133
2012-09-24,43.709999084472656,31.326982498168945
2012-09-25,43.310001373291016,31.040292739868164
2012-09-26,43.06999969482422,30.868284225463867
2012-09-27,43.47999954223633,31.162124633789062
2012-09-28,43.119998931884766,30.90411949157715
2012-10-01,43.27000045776367,31.011621475219727
2012-10-02,43.709999084472656,31.326982498168945
2012-10-03,43.540000915527344,31.39187240600586
2012-10-04,44.02000045776367,31.737947463989258
2012-10-05,44.66999816894531,32.20657730102539
2012-10-08,44.209999084472656,31.874923706054688
2012-10-09,43.209999084472656,31.153934478759766
2012-10-10,42.54999923706055,30.678077697753906
2012-10-11,42.81999969482422,30.872732162475586
2012-10-12,43.04999923706055,31.038578033447266
2012-10-15,43.13999938964844,31.103458404541016
2012-10-16,43.79999923706055,31.579317092895508
2012-10-17,43.290000915527344,31.211610794067383
2012-10-18,43.18000030517578,31.132314682006836
2012-10-19,42.0,30.281543731689453
2012-10-22,42.4900016784668,30.634830474853516
2012-10-23,41.54999923706055,29.95708656311035
2012-10-24,41.689998626708984,30.058029174804688
2012-10-25,41.880001068115234,30.195022583007812
2012-10-26,41.599998474121094,29.99313735961914
2012-10-31,41.58000183105469,29.978731155395508
2012-11-01,42.25,30.46177864074707
2012-11-02,42.0,30.281543731689453
2012-11-05,42.20000076293945,30.425739288330078
2012-11-06,42.810001373291016,30.86553955078125
2012-11-07,41.5099983215332,29.928253173828125
2012-11-08,41.060001373291016,29.60381507873535
2012-11-09,41.15999984741211,29.675899505615234
2012-11-12,41.4900016784668,29.913835525512695
2012-11-13,41.29999923706055,29.776857376098633
2012-11-14,40.77000045776367,29.39472198486328
2012-11-15,40.869998931884766,29.466825485229492
2012-11-16,41.099998474121094,29.632648468017578
2012-11-19,41.810001373291016,30.144554138183594
2012-11-20,42.65999984741211,30.757389068603516
2012-11-21,42.75,30.82227325439453
2012-11-23,43.27000045776367,31.197189331054688
2012-11-26,42.79999923706055,30.85833740234375
2012-11-27,42.40999984741211,30.577150344848633
2012-11-28,42.59000015258789,30.706926345825195
2012-11-29,42.2400016784668,30.454572677612305
2012-11-30,42.11000061035156,30.360836029052734
2012-12-03,41.869998931884766,30.18780517578125
2012-12-04,41.86000061035156,30.180593490600586
2012-12-05,42.029998779296875,30.303165435791016
2012-12-06,42.5,30.642038345336914
2012-12-07,42.560001373291016,30.685304641723633
2012-12-10,42.599998474121094,30.714134216308594
2012-12-11,42.560001373291016,30.685304641723633
2012-12-12,42.630001068115234,30.735769271850586
2012-12-13,42.189998626708984,30.605192184448242
2012-12-14,41.86000061035156,30.36579704284668
2012-12-17,42.2400016784668,30.641468048095703
2012-12-18,42.79999923706055,31.047679901123047
2012-12-19,42.439998626708984,30.786542892456055
2012-12-20,42.68000030517578,30.960634231567383
2012-12-21,42.02000045776367,30.481874465942383
2012-12-24,41.70000076293945,30.249732971191406
2012-12-26,41.130001068115234,29.836252212524414
2012-12-27,41.34000015258789,29.988590240478516
2012-12-28,40.75,29.560596466064453
2012-12-31,41.02000045776367,29.75646209716797
2013-01-02,41.880001068115234,30.38031578063965
2013-01-03,42.470001220703125,30.808305740356445
2013-01-04,42.65999984741211,30.946136474609375
2013-01-07,43.15999984741211,31.308839797973633
2013-01-08,43.11000061035156,31.27257537841797
2013-01-09,43.380001068115234,31.46843147277832
2013-01-10,43.849998474121094,31.80937385559082
2013-01-11,44.06999969482422,31.968971252441406
2013-01-14,44.220001220703125,32.07777786254883
2013-01-15,44.130001068115234,32.01250457763672
2013-01-16,43.939998626708984,31.87466049194336
2013-01-17,45.16999816894531,32.76691436767578
2013-01-18,45.66999816894531,33.12962341308594
2013-01-22,46.20000076293945,33.51410675048828
2013-01-23,45.900001525878906,33.29646682739258
2013-01-24,46.45000076293945,33.6954460144043
2013-01-25,46.41999816894531,33.67369079589844
2013-01-28,46.4900016784668,33.72446823120117
2013-01-29,46.63999938964844,33.83329391479492
2013-01-30,46.65999984741211,33.84779739379883
2013-01-31,46.599998474121094,33.80426788330078
2013-02-01,46.91999816894531,34.03638458251953
2013-02-04,46.25,33.55037307739258
2013-02-05,46.77000045776367,33.92759323120117
2013-02-06,46.95000076293945,34.058162689208984
2013-02-07,46.7599983215332,33.920326232910156
2013-02-08,47.099998474121094,34.166969299316406
2013-02-11,47.220001220703125,34.254024505615234
2013-02-12,47.11000061035156,34.17422866821289
2013-02-13,46.9900016784668,34.08718490600586
2013-02-14,47.16999816894531,34.21773910522461
2013-02-15,47.119998931884766,34.181480407714844
2013-02-19,45.79999923706055,33.22392654418945
2013-02-20,44.7599983215332,32.46951675415039
2013-02-21,44.72999954223633,32.44773483276367
2013-02-22,44.720001220703125,32.44048309326172
2013-02-25,43.880001068115234,31.831140518188477
2013-02-26,44.119998931884766,32.00524139404297
2013-02-27,44.540000915527344,32.30992126464844
2013-02-28,44.959999084472656,32.61457443237305
2013-03-01,45.22999954223633,32.81044387817383
2013-03-04,45.2599983215332,32.83222579956055
2013-03-05,45.779998779296875,33.20941925048828
2013-03-06,46.029998779296875,33.39076232910156
2013-03-07,45.72999954223633,33.17314147949219
2013-03-08,45.599998474121094,33.07884216308594
2013-03-11,46.209999084472656,33.52134323120117
2013-03-12,46.0,33.36901092529297
2013-03-13,45.869998931884766,33.27471160888672
2013-03-14,45.95000076293945,33.33274841308594
2013-03-15,45.41999816894531,32.948272705078125
2013-03-18,45.11000061035156,32.72339630126953
2013-03-19,45.119998931884766,32.73064422607422
2013-03-20,45.540000915527344,33.03534698486328
2013-03-21,45.81999969482422,33.23844528198242
2013-03-22,45.9900016784668,33.36175537109375
2013-03-25,45.72999954223633,33.17314147949219
2013-03-26,46.650001525878906,33.84053421020508
2013-03-27,46.52000045776367,33.74623489379883
2013-03-28,46.959999084472656,34.065425872802734
2013-04-01,46.79999923706055,33.94934844970703
2013-04-02,47.33000183105469,34.33381652832031
2013-04-03,47.02000045776367,34.297340393066406
2013-04-04,47.119998931884766,34.37029266357422
2013-04-05,46.279998779296875,33.75757598876953
2013-04-08,46.380001068115234,33.830509185791016
2013-04-09,46.7599983215332,34.10768508911133
2013-04-10,47.2400016784668,34.457828521728516
2013-04-11,47.720001220703125,34.80793762207031
2013-04-12,47.20000076293945,34.42864227294922
2013-04-15,46.22999954223633,33.72110366821289
2013-04-16,46.650001525878906,34.0274543762207
2013-04-17,46.349998474121094,33.80862808227539
2013-04-18,45.61000061035156,33.26886749267578
2013-04-19,46.029998779296875,33.57521057128906
2013-04-22,46.060001373291016,33.59709930419922
2013-04-23,46.59000015258789,33.98370361328125
2013-04-24,46.38999938964844,33.83782196044922
2013-04-25,47.029998779296875,34.30463409423828
2013-04-26,46.36000061035156,33.815921783447266
2013-04-29,46.84000015258789,34.16604995727539
2013-04-30,46.68000030517578,34.04935073852539
2013-05-01,46.650001525878906,34.0274543762207
2013-05-02,47.439998626708984,34.603702545166016
2013-05-03,47.720001220703125,34.80793762207031
2013-05-06,47.70000076293945,34.79335403442383
2013-05-07,48.099998474121094,35.08511734008789
2013-05-08,48.810001373291016,35.60301208496094
2013-05-09,48.869998931884766,35.64676284790039
2013-05-10,49.16999816894531,35.86558532714844
2013-05-13,49.349998474121094,35.99686813354492
2013-05-14,49.91999816894531,36.41267013549805
2013-05-15,50.0099983215332,36.47831344604492
2013-05-16,49.63999938964844,36.208431243896484
2013-05-17,49.84000015258789,36.35431671142578
2013-05-20,49.88999938964844,36.39077377319336
2013-05-21,52.349998474121094,38.18516159057617
2013-05-22,51.529998779296875,37.587039947509766
2013-05-23,51.459999084472656,37.53596878051758
2013-05-24,51.33000183105469,37.44114303588867
2013-05-28,51.97999954223633,37.9152717590332
2013-05-29,51.77000045776367,37.7620849609375
2013-05-30,52.0,37.92985153198242
2013-05-31,51.0099983215332,37.207725524902344
2013-06-03,52.060001373291016,37.97361755371094
2013-06-04,51.41999816894531,37.506778717041016
2013-06-05,50.959999084472656,37.17125701904297
2013-06-06,51.47999954223633,37.55056381225586
2013-06-07,52.08000183105469,37.98822021484375
2013-06-10,52.029998779296875,37.95173645019531
2013-06-11,52.06999969482422,37.98091506958008
2013-06-12,51.61000061035156,37.645381927490234
2013-06-13,52.779998779296875,38.498809814453125
2013-06-14,52.91999816894531,38.60091781616211
2013-06-17,53.5099983215332,39.03128433227539
2013-06-18,52.91999816894531,38.60091781616211
2013-06-19,52.04999923706055,37.96632766723633
2013-06-20,51.189998626708984,37.339027404785156
2013-06-21,52.4900016784668,38.287288665771484
2013-06-24,51.58000183105469,37.623504638671875
2013-06-25,51.83000183105469,37.80586242675781
2013-06-26,52.0,37.92985153198242
2013-06-27,51.93000030517578,37.878807067871094
2013-06-28,51.470001220703125,37.54326248168945
2013-07-01,52.04999923706055,37.96632766723633
2013-07-02,51.810001373291016,37.99565505981445
2013-07-03,51.529998779296875,37.79033279418945
2013-07-05,52.40999984741211,38.43568420410156
2013-07-08,52.790000915527344,38.714359283447266
2013-07-09,52.880001068115234,38.78036880493164
2013-07-10,53.0,38.868370056152344
2013-07-11,53.7400016784668,39.41106414794922
2013-07-12,53.439998626708984,39.19104766845703
2013-07-15,53.689998626708984,39.3743782043457
2013-07-16,53.52000045776367,39.249725341796875
2013-07-17,54.400001525878906,39.89509201049805
2013-07-18,54.70000076293945,40.11508560180664
2013-07-19,55.02000045776367,40.349761962890625
2013-07-22,55.47999954223633,40.68711471557617
2013-07-23,55.47999954223633,40.68711471557617
2013-07-24,55.09000015258789,40.401092529296875
2013-07-25,55.380001068115234,40.61378860473633
2013-07-26,55.599998474121094,40.775123596191406
2013-07-29,55.31999969482422,40.569786071777344
2013-07-30,55.06999969482422,40.386436462402344
2013-07-31,55.2400016784668,40.51108932495117
2013-08-01,55.4900016784668,40.694454193115234
2013-08-02,54.939998626708984,40.291080474853516
2013-08-05,55.36000061035156,40.59910583496094
2013-08-06,55.130001068115234,40.43043899536133
2013-08-07,55.18000030517578,40.46711349487305
2013-08-08,55.880001068115234,40.98046875
2013-08-09,55.369998931884766,40.60645294189453
2013-08-12,55.220001220703125,40.4964485168457
2013-08-13,54.84000015258789,40.21775817871094
2013-08-14,55.20000076293945,40.481788635253906
2013-08-15,54.33000183105469,39.84373474121094
2013-08-16,53.90999984741211,39.535728454589844
2013-08-19,54.099998474121094,39.67509460449219
2013-08-20,52.83000183105469,38.74369812011719
2013-08-21,52.68000030517578,38.63369369506836
2013-08-22,53.36000061035156,39.132389068603516
2013-08-23,52.7400016784668,38.67769241333008
2013-08-26,52.369998931884766,38.406349182128906
2013-08-27,51.5099983215332,37.77566146850586
2013-08-28,51.560001373291016,37.812313079833984
2013-08-29,51.83000183105469,38.01033020019531
2013-08-30,51.75,37.951656341552734
2013-09-03,52.09000015258789,38.20100784301758
2013-09-04,53.20000076293945,39.01504898071289
2013-09-05,53.65999984741211,39.352394104003906
2013-09-06,53.459999084472656,39.205718994140625
2013-09-09,53.91999816894531,39.543060302734375
2013-09-10,53.959999084472656,39.5723876953125
2013-09-11,54.09000015258789,39.6677360534668
2013-09-12,53.58000183105469,39.293724060058594
2013-09-13,53.58000183105469,39.293724060058594
2013-09-16,54.060001373291016,39.64573669433594
2013-09-17,53.939998626708984,39.55773162841797
2013-09-18,54.08000183105469,39.66040802001953
2013-09-19,54.0,39.60172653198242
2013-09-20,53.709999084472656,39.389068603515625
2013-09-23,53.7599983215332,39.42570877075195
2013-09-24,53.43000030517578,39.1837158203125
2013-09-25,52.810001373291016,38.72903823852539
2013-09-26,52.939998626708984,38.824371337890625
2013-09-27,53.0,38.868370056152344
2013-09-30,53.25,39.05170822143555
2013-10-01,53.52000045776367,39.249725341796875
2013-10-02,53.52000045776367,39.45614242553711
2013-10-03,53.040000915527344,39.102272033691406
2013-10-04,53.349998474121094,39.33081817626953
2013-10-07,52.720001220703125,38.866371154785156
2013-10-08,52.459999084472656,38.674686431884766
2013-10-09,53.060001373291016,39.11703109741211
2013-10-10,54.27000045776367,40.009056091308594
2013-10-11,54.9900016784668,40.539859771728516
2013-10-14,55.189998626708984,40.68729782104492
2013-10-15,54.58000183105469,40.23759460449219
2013-10-16,55.47999954223633,40.90109634399414
2013-10-17,56.31999969482422,41.52037048339844
2013-10-18,56.59000015258789,41.71940612792969
2013-10-21,56.4900016784668,41.64569091796875
2013-10-22,56.72999954223633,41.822628021240234
2013-10-23,57.650001525878906,42.50087356567383
2013-10-24,57.5,42.39026641845703
2013-10-25,57.36000061035156,42.287078857421875
2013-10-28,57.650001525878906,42.50087356567383
2013-10-29,58.5,43.127498626708984
2013-10-30,57.939998626708984,42.71466827392578
2013-10-31,57.400001525878906,42.31657028198242
2013-11-01,57.2599983215332,42.21334457397461
2013-11-04,57.27000045776367,42.22071075439453
2013-11-05,57.099998474121094,42.095394134521484
2013-11-06,57.470001220703125,42.368167877197266
2013-11-07,57.29999923706055,42.242835998535156
2013-11-08,58.029998779296875,42.78101348876953
2013-11-11,58.09000015258789,42.82524108886719
2013-11-12,57.88999938964844,42.677799224853516
2013-11-13,58.189998626708984,42.89897155761719
2013-11-14,58.84000015258789,43.37816619873047
2013-11-15,58.54999923706055,43.16436767578125
2013-11-18,58.310001373291016,42.98743438720703
2013-11-19,57.939998626708984,42.71466827392578
2013-11-20,56.88999938964844,41.94057846069336
2013-11-21,57.099998474121094,42.095394134521484
2013-11-22,57.599998474121094,42.46400833129883
2013-11-25,57.279998779296875,42.228092193603516
2013-11-26,57.36000061035156,42.287078857421875
2013-11-27,57.45000076293945,42.35342025756836
2013-11-29,57.31999969482422,42.25758743286133
2013-12-02,57.529998779296875,42.41240310668945
2013-12-03,57.63999938964844,42.493507385253906
2013-12-04,56.93000030517578,41.970069885253906
2013-12-05,56.90999984741211,41.955326080322266
2013-12-06,58.13999938964844,42.862098693847656
2013-12-09,57.869998931884766,42.66305923461914
2013-12-10,57.380001068115234,42.301815032958984
2013-12-11,56.2599983215332,41.47612762451172
2013-12-12,55.650001525878906,41.026424407958984
2013-12-13,55.88999938964844,41.203365325927734
2013-12-16,56.34000015258789,41.53510665893555
2013-12-17,56.59000015258789,41.71940612792969
2013-12-18,57.7599983215332,42.581966400146484
2013-12-19,57.16999816894531,42.14701461791992
2013-12-20,56.88999938964844,41.94057846069336
2013-12-23,57.400001525878906,42.31657028198242
2013-12-24,57.369998931884766,42.29445266723633
2013-12-26,57.470001220703125,42.368167877197266
2013-12-27,57.400001525878906,42.31657028198242
2013-12-30,57.369998931884766,42.29445266723633
2013-12-31,57.38999938964844,42.51668167114258
2014-01-02,57.2400016784668,42.405574798583984
2014-01-03,58.34000015258789,43.220497131347656
2014-01-06,59.220001220703125,43.8724365234375
2014-01-07,59.84000015258789,44.33175277709961
2014-01-08,60.84000015258789,45.07258605957031
2014-01-09,59.36000061035156,43.97614288330078
2014-01-10,59.95000076293945,44.41324996948242
2014-01-13,59.25,43.89466094970703
2014-01-14,59.40999984741211,44.01318359375
2014-01-15,59.33000183105469,43.95393371582031
2014-01-16,59.11000061035156,43.79094696044922
2014-01-17,59.5099983215332,44.0872688293457
2014-01-21,59.369998931884766,43.98356246948242
2014-01-22,59.150001525878906,43.8205680847168
2014-01-23,58.709999084472656,43.494598388671875
2014-01-24,57.15999984741211,42.34629821777344
2014-01-27,56.959999084472656,42.1981315612793
2014-01-28,57.09000015258789,42.29445266723633
2014-01-29,56.36000061035156,41.75363540649414
2014-01-30,57.0099983215332,42.23519515991211
2014-01-31,56.560001373291016,41.90180206298828
2014-02-03,54.709999084472656,40.53125762939453
2014-02-04,53.599998474121094,39.708919525146484
2014-02-05,54.72999954223633,40.54606246948242
2014-02-06,54.75,40.560874938964844
2014-02-07,55.59000015258789,41.183189392089844
2014-02-10,55.810001373291016,41.34618377685547
2014-02-11,56.470001220703125,41.83511734008789
2014-02-12,56.43000030517578,41.80549240112305
2014-02-13,56.599998474121094,41.93143844604492
2014-02-14,56.880001068115234,42.13886260986328
2014-02-18,56.189998626708984,41.627685546875
2014-02-19,56.20000076293945,41.63510513305664
2014-02-20,57.0,42.22776794433594
2014-02-21,57.119998931884766,42.31667709350586
2014-02-24,57.599998474121094,42.67226791381836
2014-02-25,57.45000076293945,42.561153411865234
2014-02-26,57.810001373291016,42.82786178588867
2014-02-27,58.29999923706055,43.190860748291016
2014-02-28,59.2599983215332,43.90208053588867
2014-03-03,59.040000915527344,43.73909378051758
2014-03-04,59.650001525878906,44.19099426269531
2014-03-05,59.63999938964844,44.18357849121094
2014-03-06,59.77000045776367,44.27989959716797
2014-03-07,59.90999984741211,44.383609771728516
2014-03-10,60.06999969482422,44.50215148925781
2014-03-11,60.2599983215332,44.64290237426758
2014-03-12,59.83000183105469,44.324344635009766
2014-03-13,59.029998779296875,43.731666564941406
2014-03-14,58.86000061035156,43.60572814941406
2014-03-17,59.220001220703125,43.8724365234375
2014-03-18,59.849998474121094,44.339168548583984
2014-03-19,59.849998474121094,44.339168548583984
2014-03-20,59.58000183105469,44.13913345336914
2014-03-21,58.83000183105469,43.583499908447266
2014-03-24,58.150001525878906,43.07973098754883
2014-03-25,59.0,43.709434509277344
2014-03-26,59.290000915527344,43.92428970336914
2014-03-27,59.16999816894531,43.83538818359375
2014-03-28,60.40999984741211,44.7540397644043
2014-03-31,61.540000915527344,45.59117889404297
2014-04-01,61.61000061035156,45.643035888671875
2014-04-02,61.86000061035156,46.03746795654297
2014-04-03,62.310001373291016,46.37236404418945
2014-04-04,61.56999969482422,45.821651458740234
2014-04-07,61.619998931884766,45.85885238647461
2014-04-08,61.0,45.39744567871094
2014-04-09,61.400001525878906,45.695133209228516
2014-04-10,60.099998474121094,44.72763442993164
2014-04-11,59.20000076293945,44.0578498840332
2014-04-14,58.08000183105469,43.22432327270508
2014-04-15,58.04999923706055,43.20199203491211
2014-04-16,58.4900016784668,43.52944564819336
2014-04-17,58.54999923706055,43.57411193847656
2014-04-21,58.939998626708984,43.86436080932617
2014-04-22,58.29999923706055,43.38804244995117
2014-04-23,58.380001068115234,43.44757080078125
2014-04-24,58.34000015258789,43.417808532714844
2014-04-25,58.209999084472656,43.32106399536133
2014-04-28,58.72999954223633,43.70805740356445
2014-04-29,58.79999923706055,43.760162353515625
2014-04-30,58.81999969482422,43.77503967285156
2014-05-01,59.209999084472656,44.0652961730957
2014-05-02,58.77000045776367,43.73784637451172
2014-05-05,59.04999923706055,43.946224212646484
2014-05-06,59.20000076293945,44.0578498840332
2014-05-07,59.31999969482422,44.14714813232422
2014-05-08,59.43000030517578,44.22901916503906
2014-05-09,60.16999816894531,44.77973175048828
2014-05-12,60.9900016784668,45.39000701904297
2014-05-13,60.83000183105469,45.270912170410156
2014-05-14,60.650001525878906,45.136962890625
2014-05-15,59.90999984741211,44.58624267578125
2014-05-16,60.38999938964844,44.94346618652344
2014-05-19,60.34000015258789,44.90624237060547
2014-05-20,59.40999984741211,44.214134216308594
2014-05-21,59.7599983215332,44.474609375
2014-05-22,59.779998779296875,44.48949432373047
2014-05-23,59.93000030517578,44.60111999511719
2014-05-27,60.41999816894531,44.965789794921875
2014-05-28,60.15999984741211,44.77230453491211
2014-05-29,60.619998931884766,45.11464309692383
2014-05-30,61.029998779296875,45.41976547241211
2014-06-02,61.02000045776367,45.41233444213867
2014-06-03,61.0099983215332,45.404884338378906
2014-06-04,63.220001220703125,47.04960632324219
2014-06-05,62.040000915527344,46.17143630981445
2014-06-06,62.470001220703125,46.4914436340332
2014-06-09,62.2400016784668,46.32026672363281
2014-06-10,61.86000061035156,46.03746795654297
2014-06-11,61.16999816894531,45.52397155761719
2014-06-12,60.790000915527344,45.24115753173828
2014-06-13,60.70000076293945,45.17417907714844
2014-06-16,60.029998779296875,44.6755485534668
2014-06-17,61.58000183105469,45.8290901184082
2014-06-18,63.77000045776367,47.45891571044922
2014-06-19,64.66999816894531,48.12873458862305
2014-06-20,63.86000061035156,47.52589797973633
2014-06-23,64.13999938964844,47.73430633544922
2014-06-24,64.06999969482422,47.68220901489258
2014-06-25,64.19999694824219,47.7789306640625
2014-06-26,64.66000366210938,48.12130355834961
2014-06-27,64.12000274658203,47.71940612792969
2014-06-30,63.7599983215332,47.45148468017578
2014-07-01,63.90999984741211,47.791744232177734
2014-07-02,63.90999984741211,47.791744232177734
2014-07-03,64.55000305175781,48.27033615112305
2014-07-07,63.61000061035156,47.56740188598633
2014-07-08,63.619998931884766,47.57487487792969
2014-07-09,63.599998474121094,47.55991744995117
2014-07-10,63.470001220703125,47.462711334228516
2014-07-11,63.790000915527344,47.702003479003906
2014-07-14,64.04000091552734,47.88895797729492
2014-07-15,63.560001373291016,47.53001022338867
2014-07-16,62.93000030517578,47.05889892578125
2014-07-17,61.52000045776367,46.004512786865234
2014-07-18,62.36000061035156,46.632652282714844
2014-07-21,62.40999984741211,46.67005157470703
2014-07-22,62.709999084472656,46.894386291503906
2014-07-23,63.369998931884766,47.38792037963867
2014-07-24,63.279998779296875,47.32061767578125
2014-07-25,62.900001525878906,47.03645324707031
2014-07-28,62.7599983215332,46.931766510009766
2014-07-29,62.650001525878906,46.84952163696289
2014-07-30,62.58000183105469,46.79718017578125
2014-07-31,61.7400016784668,46.16901397705078
2014-08-01,61.47999954223633,45.9745979309082
2014-08-04,62.470001220703125,46.714908599853516
2014-08-05,61.9900016784668,46.3559684753418
2014-08-06,61.29999923706055,45.84000015258789
2014-08-07,61.0,45.615657806396484
2014-08-08,62.150001525878906,46.475616455078125
2014-08-11,62.06999969482422,46.41578674316406
2014-08-12,62.209999084472656,46.52048873901367
2014-08-13,63.470001220703125,47.462711334228516
2014-08-14,63.72999954223633,47.657135009765625
2014-08-15,63.25,47.29819107055664
2014-08-18,63.470001220703125,47.462711334228516
2014-08-19,64.01000213623047,47.86651611328125
2014-08-20,64.1500015258789,47.97121047973633
2014-08-21,64.0999984741211,47.933815002441406
2014-08-22,63.59000015258789,47.55244827270508
2014-08-25,63.630001068115234,47.58235549926758
2014-08-26,63.52000045776367,47.50010681152344
2014-08-27,63.36000061035156,47.38045120239258
2014-08-28,63.119998931884766,47.20098114013672
2014-08-29,63.849998474121094,47.74686813354492
2014-09-02,63.90999984741211,47.791744232177734
2014-09-03,64.30999755859375,48.090858459472656
2014-09-04,64.01000213623047,47.86651611328125
2014-09-05,64.30999755859375,48.090858459472656
2014-09-08,64.7699966430664,48.434837341308594
2014-09-09,65.54000091552734,49.01065444946289
2014-09-10,65.97000122070312,49.33221435546875
2014-09-11,65.73999786376953,49.160194396972656
2014-09-12,65.19000244140625,48.74892044067383
2014-09-15,64.94999694824219,48.5694465637207
2014-09-16,66.19000244140625,49.49671173095703
2014-09-17,65.9800033569336,49.33967971801758
2014-09-18,66.52999877929688,49.750953674316406
2014-09-19,66.22000122070312,49.5191535949707
2014-09-22,65.9800033569336,49.33967971801758
2014-09-23,64.08000183105469,47.91886520385742
2014-09-24,63.77000045776367,47.68703079223633
2014-09-25,62.75,46.92428970336914
2014-09-26,63.34000015258789,47.36549758911133
2014-09-29,62.540000915527344,46.76726531982422
2014-09-30,61.95000076293945,46.32606506347656
2014-10-01,62.470001220703125,46.946041107177734
2014-10-02,62.79999923706055,47.194026947021484
2014-10-03,65.0199966430664,48.86236572265625
2014-10-06,64.9000015258789,48.77219009399414
2014-10-07,63.939998626708984,48.050743103027344
2014-10-08,65.7300033569336,49.39592742919922
2014-10-09,63.650001525878906,47.83281707763672
2014-10-10,64.11000061035156,48.178497314453125
2014-10-13,63.060001373291016,47.38941955566406
2014-10-14,63.5099983215332,47.72761154174805
2014-10-15,62.25,46.78071212768555
2014-10-16,61.810001373291016,46.4500617980957
2014-10-17,61.9900016784668,46.585323333740234
2014-10-20,63.84000015258789,47.975589752197266
2014-10-21,64.9800033569336,48.83229064941406
2014-10-22,64.66000366210938,48.591835021972656
2014-10-23,65.61000061035156,49.305747985839844
2014-10-24,66.55999755859375,50.01966857910156
2014-10-27,66.26000213623047,49.794219970703125
2014-10-28,66.51000213623047,49.98210144042969
2014-10-29,67.04000091552734,50.380374908447266
2014-10-30,67.43000030517578,50.67347717285156
2014-10-31,68.16000366210938,51.222068786621094
2014-11-03,68.1500015258789,51.21454620361328
2014-11-04,67.93000030517578,51.04921340942383
2014-11-05,68.69999694824219,51.627872467041016
2014-11-06,68.73999786376953,51.65792465209961
2014-11-07,68.0999984741211,51.176963806152344
2014-11-10,68.70999908447266,51.63538360595703
2014-11-11,68.98999786376953,51.84580993652344
2014-11-12,68.5,51.47756576538086
2014-11-13,69.37999725341797,52.138877868652344
2014-11-14,68.94999694824219,51.81575012207031
2014-11-17,69.19000244140625,51.99610900878906
2014-11-18,72.47000122070312,54.46100997924805
2014-11-19,71.76000213623047,53.927459716796875
2014-11-20,72.08000183105469,54.167938232421875
2014-11-21,72.48999786376953,54.476051330566406
2014-11-24,72.93000030517578,54.80670928955078
2014-11-25,72.79000091552734,54.70148849487305
2014-11-26,73.4800033569336,55.220027923583984
2014-11-28,73.87000274658203,55.513118743896484
2014-12-01,73.87000274658203,55.513118743896484
2014-12-02,74.33000183105469,55.85879135131836
2014-12-03,74.83999633789062,56.242088317871094
2014-12-04,73.94000244140625,55.565711975097656
2014-12-05,75.04000091552734,56.39235305786133
2014-12-08,74.79000091552734,56.204490661621094
2014-12-09,74.72000122070312,56.15188217163086
2014-12-10,73.2300033569336,55.03215408325195
2014-12-11,73.7699966430664,55.437965393066406
2014-12-12,72.5199966430664,54.49857711791992
2014-12-15,71.98999786376953,54.10028839111328
2014-12-16,71.33999633789062,53.611820220947266
2014-12-17,72.66999816894531,54.611305236816406
2014-12-18,74.62999725341797,56.084232330322266
2014-12-19,74.62000274658203,56.07674026489258
2014-12-22,75.56999969482422,56.79067611694336
2014-12-23,73.7699966430664,55.437965393066406
2014-12-24,74.08000183105469,55.67093276977539
2014-12-26,73.61000061035156,55.31772994995117
2014-12-29,73.69000244140625,55.377845764160156
2014-12-30,73.06999969482422,55.14013671875
2014-12-31,72.19999694824219,54.48361587524414
2015-01-02,71.87999725341797,54.24214172363281
2015-01-05,71.58000183105469,54.01575469970703
2015-01-06,71.22000122070312,53.74409103393555
2015-01-07,73.0,55.08731460571289
2015-01-08,74.75,56.40790939331055
2015-01-09,74.4000015258789,56.14377212524414
2015-01-12,74.47000122070312,56.19660186767578
2015-01-13,72.79000091552734,54.928836822509766
2015-01-14,71.7699966430664,54.15913391113281
2015-01-15,71.9000015258789,54.25722885131836
2015-01-16,72.76000213623047,54.90621566772461
2015-01-20,72.19999694824219,54.48361587524414
2015-01-21,73.05999755859375,55.132606506347656
2015-01-22,75.4800033569336,56.958763122558594
2015-01-23,76.94999694824219,58.068058013916016
2015-01-26,75.58999633789062,57.04175567626953
2015-01-27,75.26000213623047,56.79275131225586
2015-01-28,73.41000366210938,55.39668655395508
2015-01-29,73.01000213623047,55.09486389160156
2015-01-30,71.4000015258789,53.87992477416992
2015-02-02,72.76000213623047,54.90621566772461
2015-02-03,74.79000091552734,56.438087463378906
2015-02-04,74.12999725341797,55.94004440307617
2015-02-05,75.31999969482422,56.83803176879883
2015-02-06,74.47000122070312,56.19660186767578
2015-02-09,73.62000274658203,55.55517578125
2015-02-10,74.87000274658203,56.498451232910156
2015-02-11,74.38999938964844,56.13623046875
2015-02-12,74.93000030517578,56.543731689453125
2015-02-13,75.26000213623047,56.79275131225586
2015-02-17,78.06999969482422,58.913246154785156
2015-02-18,78.5,59.237735748291016
2015-02-19,78.12999725341797,58.958499908447266
2015-02-20,78.79000091552734,59.456581115722656
2015-02-23,79.25,59.80369186401367
2015-02-24,79.0199966430664,59.630126953125
2015-02-25,78.62999725341797,59.33583068847656
2015-02-26,78.80999755859375,59.4716682434082
2015-02-27,77.58999633789062,58.551025390625
2015-03-02,78.83000183105469,59.486759185791016
2015-03-03,78.02999877929688,58.8830451965332
2015-03-04,78.19000244140625,59.00381088256836
2015-03-05,78.5,59.237735748291016
2015-03-06,76.4800033569336,57.7133903503418
2015-03-09,76.9000015258789,58.03032684326172
2015-03-10,75.87000274658203,57.25306701660156
2015-03-11,76.05000305175781,57.38890838623047
2015-03-12,76.76000213623047,57.92467498779297
2015-03-13,76.47000122070312,57.70583724975586
2015-03-16,77.66999816894531,58.611385345458984
2015-03-17,76.72000122070312,57.894508361816406
2015-03-18,77.61000061035156,58.56610870361328
2015-03-19,77.66000366210938,58.603843688964844
2015-03-20,78.0199966430664,58.875511169433594
2015-03-23,78.66999816894531,59.36602783203125
2015-03-24,78.72000122070312,59.403751373291016
2015-03-25,77.5999984741211,58.55857467651367
2015-03-26,76.61000061035156,58.03962707519531
2015-03-27,77.37999725341797,58.62297439575195
2015-03-30,78.41999816894531,59.410858154296875
2015-03-31,77.98999786376953,59.085086822509766
2015-04-01,76.13999938964844,57.68354034423828
2015-04-02,76.87000274658203,58.236602783203125
2015-04-06,77.36000061035156,58.60780334472656
2015-04-07,77.18000030517578,58.4714469909668
2015-04-08,76.38999938964844,57.87294006347656
2015-04-09,77.12999725341797,58.43356704711914
2015-04-10,77.93000030517578,59.039634704589844
2015-04-13,78.08000183105469,59.1533203125
2015-04-14,77.88999938964844,59.009334564208984
2015-04-15,77.91000366210938,59.024478912353516
2015-04-16,77.0199966430664,58.3502197265625
2015-04-17,76.48999786376953,57.94868850708008
2015-04-20,77.13999938964844,58.44114303588867
2015-04-21,77.08000183105469,58.39567947387695
2015-04-22,78.01000213623047,59.10026168823242
2015-04-23,78.5,59.47148132324219
2015-04-24,77.61000061035156,58.797203063964844
2015-04-27,76.20999908447266,57.73659133911133
2015-04-28,76.5199966430664,57.97142791748047
2015-04-29,75.69000244140625,57.3426399230957
2015-04-30,74.44999694824219,56.40319061279297
2015-05-01,75.5999984741211,57.27443313598633
2015-05-04,75.9000015258789,57.501739501953125
2015-05-05,74.91000366210938,56.751686096191406
2015-05-06,74.31999969482422,56.3046989440918
2015-05-07,74.5999984741211,56.51683807373047
2015-05-08,76.20999908447266,57.73659133911133
2015-05-11,76.0199966430664,57.592628479003906
2015-05-12,75.19999694824219,56.97138977050781
2015-05-13,74.86000061035156,56.71382522583008
2015-05-14,76.26000213623047,57.77445983886719
2015-05-15,76.41999816894531,57.895668029785156
2015-05-18,77.47000122070312,58.6911506652832
2015-05-19,78.44000244140625,59.4260139465332
2015-05-20,78.79000091552734,59.69118881225586
2015-05-21,78.41000366210938,59.403297424316406
2015-05-22,77.81999969482422,58.95630645751953
2015-05-26,76.56999969482422,58.00931167602539
2015-05-27,77.31999969482422,58.5775032043457
2015-05-28,77.20999908447266,58.49419021606445
2015-05-29,76.31999969482422,57.81991958618164
2015-06-01,76.69999694824219,58.107791900634766
2015-06-02,76.87999725341797,58.244171142578125
2015-06-03,76.83000183105469,58.206298828125
2015-06-04,76.04000091552734,57.607791900634766
2015-06-05,75.45999908447266,57.16835403442383
2015-06-08,75.13999938964844,56.925941467285156
2015-06-09,74.91999816894531,56.75926208496094
2015-06-10,76.16000366210938,57.69868850708008
2015-06-11,76.22000122070312,57.744140625
2015-06-12,75.5199966430664,57.21381759643555
2015-06-15,75.41999816894531,57.1380729675293
2015-06-16,75.5999984741211,57.27443313598633
2015-06-17,75.70999908447266,57.35779571533203
2015-06-18,76.72000122070312,58.12295150756836
2015-06-19,76.70999908447266,58.115360260009766
2015-06-22,77.20999908447266,58.49419021606445
2015-06-23,76.61000061035156,58.03962707519531
2015-06-24,75.2699966430664,57.0244255065918
2015-06-25,75.4800033569336,57.473670959472656
2015-06-26,75.16000366210938,57.230018615722656
2015-06-29,73.30000305175781,55.81372833251953
2015-06-30,74.0999984741211,56.42289352416992
2015-07-01,74.08000183105469,56.40766906738281
2015-07-02,73.80999755859375,56.20206069946289
2015-07-06,73.52999877929688,55.988868713378906
2015-07-07,73.45999908447266,55.93556213378906
2015-07-08,72.8499984741211,55.4710807800293
2015-07-09,73.08999633789062,55.65382385253906
2015-07-10,74.37000274658203,56.62849044799805
2015-07-13,75.16999816894531,57.237632751464844
2015-07-14,75.88999938964844,57.78588104248047
2015-07-15,75.94999694824219,57.831546783447266
2015-07-16,76.80000305175781,58.47878646850586
2015-07-17,76.91000366210938,58.56253433227539
2015-07-20,77.0,58.63106155395508
2015-07-21,76.54000091552734,58.28081512451172
2015-07-22,76.81999969482422,58.49401092529297
2015-07-23,76.80000305175781,58.47878646850586
2015-07-24,76.01000213623047,57.87723159790039
2015-07-27,75.66000366210938,57.610740661621094
2015-07-28,77.47000122070312,58.988956451416016
2015-07-29,77.87999725341797,59.301124572753906
2015-07-30,78.27999877929688,59.605735778808594
2015-07-31,78.38999938964844,59.68947982788086
2015-08-03,78.0,59.39252853393555
2015-08-04,77.7699966430664,59.2174072265625
2015-08-05,78.66999816894531,59.90267562866211
2015-08-06,77.41000366210938,58.94328689575195
2015-08-07,77.4800033569336,58.996578216552734
2015-08-10,77.62000274658203,59.10317611694336
2015-08-11,77.38999938964844,58.928043365478516
2015-08-12,77.38999938964844,58.928043365478516
2015-08-13,77.4800033569336,58.996578216552734
2015-08-14,77.58000183105469,59.07271194458008
2015-08-17,78.73999786376953,59.95600128173828
2015-08-18,78.08999633789062,59.46104431152344
2015-08-19,77.47000122070312,58.988956451416016
2015-08-20,76.48999786376953,58.24274444580078
2015-08-21,74.2699966430664,56.55233383178711
2015-08-24,70.91000366210938,53.99388885498047
2015-08-25,69.87999725341797,53.2096061706543
2015-08-26,72.23999786376953,55.0066032409668
2015-08-27,73.5199966430664,55.981239318847656
2015-08-28,73.55999755859375,56.01171112060547
2015-08-31,72.29000091552734,55.0446891784668
2015-09-01,69.52999877929688,52.9431037902832
2015-09-02,71.55000305175781,54.48122787475586
2015-09-03,69.9800033569336,53.285743713378906
2015-09-04,68.9800033569336,52.5243034362793
2015-09-08,70.80000305175781,53.910133361816406
2015-09-09,69.58999633789062,52.98878860473633
2015-09-10,70.01000213623047,53.30858612060547
2015-09-11,69.9000015258789,53.224830627441406
2015-09-14,68.7300033569336,52.333953857421875
2015-09-15,69.93000030517578,53.2476806640625
2015-09-16,70.12000274658203,53.39234924316406
2015-09-17,70.80999755859375,53.91771697998047
2015-09-18,70.33000183105469,53.5522575378418
2015-09-21,70.23999786376953,53.48371887207031
2015-09-22,70.13999938964844,53.407596588134766
2015-09-23,69.29000091552734,53.047752380371094
2015-09-24,68.37999725341797,52.351070404052734
2015-09-25,66.52999877929688,50.93471908569336
2015-09-28,64.5199966430664,49.3958854675293
2015-09-29,66.37000274658203,50.81223678588867
2015-09-30,66.94000244140625,51.24862289428711
2015-10-01,68.4000015258789,52.366355895996094
2015-10-02,71.12999725341797,54.45643997192383
2015-10-05,70.87000274658203,54.257389068603516
2015-10-06,69.91999816894531,53.53007888793945
2015-10-07,70.94000244140625,54.310977935791016
2015-10-08,72.05000305175781,55.160797119140625
2015-10-09,72.5999984741211,55.581844329833984
2015-10-12,73.01000213623047,55.89573287963867
2015-10-13,72.79000091552734,55.72733688354492
2015-10-14,72.19999694824219,55.27561569213867
2015-10-15,73.43000030517578,56.2172966003418
2015-10-16,74.11000061035156,56.73789978027344
2015-10-19,74.23999786376953,56.837432861328125
2015-10-20,73.63999938964844,56.378082275390625
2015-10-21,73.41999816894531,56.20964050292969
2015-10-22,73.06999969482422,55.941680908203125
2015-10-23,73.69000244140625,56.416343688964844
2015-10-26,72.76000213623047,55.70435333251953
2015-10-27,72.68000030517578,55.64310073852539
2015-10-28,73.54000091552734,56.30152130126953
2015-10-29,73.76000213623047,56.46993637084961
2015-10-30,73.91999816894531,56.59242630004883
2015-11-02,75.75,57.99345779418945
2015-11-03,76.30000305175781,58.414554595947266
2015-11-04,76.16000366210938,58.3073616027832
2015-11-05,76.16999816894531,58.31501770019531
2015-11-06,76.05999755859375,58.23080825805664
2015-11-09,75.87000274658203,58.08533477783203
2015-11-10,76.4000015258789,58.49110412597656
2015-11-11,76.05999755859375,58.23080825805664
2015-11-12,74.20999908447266,56.8144645690918
2015-11-13,74.45999908447266,57.00584030151367
2015-11-16,76.23999786376953,58.36860275268555
2015-11-17,76.58000183105469,58.628910064697266
2015-11-18,77.55999755859375,59.37919616699219
2015-11-19,75.75,57.99345779418945
2015-11-20,76.08999633789062,58.25375747680664
2015-11-23,76.55999755859375,58.61359405517578
2015-11-24,76.55999755859375,58.61359405517578
2015-11-25,76.55999755859375,58.61359405517578
2015-11-27,76.45999908447266,58.53703689575195
2015-11-30,75.33999633789062,57.6795654296875
2015-12-01,76.51000213623047,58.57533645629883
2015-12-02,76.11000061035156,58.269081115722656
2015-12-03,76.66999816894531,58.697818756103516
2015-12-04,78.13999938964844,59.82321548461914
2015-12-07,77.94999694824219,59.67775344848633
2015-12-08,78.08000183105469,59.77729415893555
2015-12-09,77.55999755859375,59.37919616699219
2015-12-10,77.44000244140625,59.28731155395508
2015-12-11,76.6500015258789,58.6824951171875
2015-12-14,76.6500015258789,58.6824951171875
2015-12-15,77.0999984741211,59.02700424194336
2015-12-16,78.56999969482422,60.152435302734375
2015-12-17,77.9000015258789,59.639488220214844
2015-12-18,76.30999755859375,58.42219161987305
2015-12-21,76.68000030517578,58.70546340942383
2015-12-22,77.31999969482422,59.49026870727539
2015-12-23,77.6500015258789,59.744144439697266
2015-12-24,77.62999725341797,59.72877502441406
2015-12-28,77.18000030517578,59.382537841796875
2015-12-29,77.8499984741211,59.898033142089844
2015-12-30,77.52999877929688,59.65182113647461
2015-12-31,76.91999816894531,59.182491302490234
2016-01-04,75.7699966430664,58.297672271728516
2016-01-05,75.98999786376953,58.46693801879883
2016-01-06,76.19999694824219,58.628509521484375
2016-01-07,74.41000366210938,57.25128173828125
2016-01-08,73.77999877929688,56.76657485961914
2016-01-11,73.0,56.16644287109375
2016-01-12,76.44000244140625,58.81317138671875
2016-01-13,74.6500015258789,57.43594741821289
2016-01-14,74.79000091552734,57.543670654296875
2016-01-15,73.91999816894531,56.8742790222168
2016-01-19,74.58000183105469,57.38209533691406
2016-01-20,74.56999969482422,57.3743896484375
2016-01-21,74.5999984741211,57.3974723815918
2016-01-22,75.91999816894531,58.4130744934082
2016-01-25,75.69999694824219,58.243831634521484
2016-01-26,75.58999633789062,58.1591796875
2016-01-27,75.48999786376953,58.082237243652344
2016-01-28,73.91000366210938,56.866607666015625
2016-01-29,75.91999816894531,58.4130744934082
2016-02-01,76.8499984741211,59.128658294677734
2016-02-02,76.51000213623047,58.86703872680664
2016-02-03,76.1500015258789,58.59004592895508
2016-02-04,76.19999694824219,58.628509521484375
2016-02-05,74.45999908447266,57.28976058959961
2016-02-08,72.62999725341797,55.881752014160156
2016-02-09,73.08000183105469,56.22800064086914
2016-02-10,74.16000366210938,57.058929443359375
2016-02-11,72.62000274658203,55.87407302856445
2016-02-12,73.4000015258789,56.47418975830078
2016-02-16,74.73999786376953,57.50517654418945
2016-02-17,75.5999984741211,58.16688537597656
2016-02-18,74.97000122070312,57.682151794433594
2016-02-19,75.37999725341797,57.99761199951172
2016-02-22,76.68000030517578,58.997840881347656
2016-02-23,75.80000305175781,58.32075500488281
2016-02-24,76.43000030517578,58.80549240112305
2016-02-25,77.66000366210938,59.751869201660156
2016-02-26,77.29000091552734,59.46718215942383
2016-02-29,77.38999938964844,59.54412078857422
2016-03-01,74.18000030517578,57.07432174682617
2016-03-02,74.58999633789062,57.38976287841797
2016-03-03,74.91999816894531,57.64369583129883
2016-03-04,75.61000061035156,58.17456817626953
2016-03-07,76.01000213623047,58.48233413696289
2016-03-08,75.44000244140625,58.04377746582031
2016-03-09,75.55000305175781,58.1284294128418
2016-03-10,76.2699966430664,58.682373046875
2016-03-11,77.3499984741211,59.51332473754883
2016-03-14,77.52999877929688,59.65182113647461
2016-03-15,76.8499984741211,59.128658294677734
2016-03-16,76.6500015258789,58.97476577758789
2016-03-17,75.5,58.08993148803711
2016-03-18,76.26000213623047,58.674705505371094
2016-03-21,75.20999908447266,57.86680221557617
2016-03-22,74.94000244140625,57.951881408691406
2016-03-23,74.5,57.61160659790039
2016-03-24,73.97000122070312,57.201778411865234
2016-03-28,73.9800033569336,57.20949935913086
2016-03-29,75.4800033569336,58.36948776245117
2016-03-30,75.41999816894531,58.32307052612305
2016-03-31,75.0,57.99824905395508
2016-04-01,75.37000274658203,58.284420013427734
2016-04-04,76.30000305175781,59.00360870361328
2016-04-05,75.48999786376953,58.37718963623047
2016-04-06,77.30999755859375,59.78461837768555
2016-04-07,76.13999938964844,58.87985610961914
2016-04-08,76.37000274658203,59.057708740234375
2016-04-11,75.66000366210938,58.508663177490234
2016-04-12,76.62000274658203,59.251041412353516
2016-04-13,77.33999633789062,59.807823181152344
2016-04-14,77.37000274658203,59.831031799316406
2016-04-15,77.0999984741211,59.622230529785156
2016-04-18,77.62999725341797,60.03207778930664
2016-04-19,78.11000061035156,60.403282165527344
2016-04-20,78.68000030517578,60.84407424926758
2016-04-21,78.5199966430664,60.72031784057617
2016-04-22,78.98999786376953,61.08378982543945
2016-04-25,79.38999938964844,61.39311218261719
2016-04-26,78.72000122070312,60.874996185302734
2016-04-27,79.44999694824219,61.43951416015625
2016-04-28,79.77999877929688,61.6947135925293
2016-04-29,79.1500015258789,61.20751190185547
2016-05-02,79.3499984741211,61.362159729003906
2016-05-03,79.44000244140625,61.43178176879883
2016-05-04,78.81999969482422,60.95232009887695
2016-05-05,79.5,61.478172302246094
2016-05-06,79.73999786376953,61.663761138916016
2016-05-09,80.33000183105469,62.12001037597656
2016-05-10,81.2300033569336,62.81599044799805
2016-05-11,81.11000061035156,62.72318649291992
2016-05-12,81.33999633789062,62.90107345581055
2016-05-13,80.70999908447266,62.41388702392578
2016-05-16,81.88999938964844,63.32638168334961
2016-05-17,80.80999755859375,62.49121856689453
2016-05-18,80.5999984741211,62.328792572021484
2016-05-19,80.0,61.864810943603516
2016-05-20,80.5199966430664,62.266963958740234
2016-05-23,80.30000305175781,62.096832275390625
2016-05-24,80.94000244140625,62.59174346923828
2016-05-25,81.08000183105469,62.69999313354492
2016-05-26,81.18000030517578,62.77732849121094
2016-05-27,81.69000244140625,63.171714782714844
2016-05-31,80.4800033569336,62.23601150512695
2016-06-01,80.5199966430664,62.266963958740234
2016-06-02,82.98999786376953,64.17701721191406
2016-06-03,82.94000244140625,64.13835906982422
2016-06-06,83.31999969482422,64.43222045898438
2016-06-07,83.72000122070312,64.74154663085938
2016-06-08,84.79000091552734,65.56898498535156
2016-06-09,85.77999877929688,66.33454132080078
2016-06-10,85.69999694824219,66.27267456054688
2016-06-13,85.69999694824219,66.27267456054688
2016-06-14,85.48999786376953,66.11029815673828
2016-06-15,84.2300033569336,65.13593292236328
2016-06-16,84.58999633789062,65.41429901123047
2016-06-17,84.13999938964844,65.06632232666016
2016-06-20,84.47000122070312,65.321533203125
2016-06-21,84.58999633789062,65.41429901123047
2016-06-22,84.26000213623047,65.15912628173828
2016-06-23,85.7699966430664,66.32681274414062
2016-06-24,83.26000213623047,64.38582611083984
2016-06-27,82.37999725341797,63.705322265625
2016-06-28,84.13999938964844,65.06632232666016
2016-06-29,85.44999694824219,66.0793685913086
2016-06-30,86.7699966430664,67.10015106201172
2016-07-01,87.02999877929688,67.30120849609375
2016-07-05,87.05000305175781,67.31666564941406
2016-07-06,87.44999694824219,67.96172332763672
2016-07-07,87.48999786376953,67.99276733398438
2016-07-08,88.36000061035156,68.66891479492188
2016-07-11,88.51000213623047,68.78549194335938
2016-07-12,88.91999816894531,69.10408020019531
2016-07-13,88.75,68.97198486328125
2016-07-14,88.83000183105469,69.0341567993164
2016-07-15,88.36000061035156,68.66891479492188
2016-07-18,88.19000244140625,68.53679656982422
2016-07-19,88.37999725341797,68.6844482421875
2016-07-20,88.75,68.97198486328125
2016-07-21,87.94000244140625,68.34252166748047
2016-07-22,87.0999984741211,67.68970489501953
2016-07-25,86.91999816894531,67.5498275756836
2016-07-26,88.25,68.58341217041016
2016-07-27,87.4800033569336,67.98503112792969
2016-07-28,87.41999816894531,67.9383773803711
2016-07-29,87.62999725341797,68.10159301757812
2016-08-01,88.05999755859375,68.43574523925781
2016-08-02,87.63999938964844,68.10934448242188
2016-08-03,86.66999816894531,67.35552215576172
2016-08-04,86.76000213623047,67.42547607421875
2016-08-05,87.08999633789062,67.68191528320312
2016-08-08,86.95999908447266,67.58090209960938
2016-08-09,87.73999786376953,68.18706512451172
2016-08-10,87.29000091552734,67.83734893798828
2016-08-11,87.80000305175781,68.23370361328125
2016-08-12,87.54000091552734,68.03165435791016
2016-08-15,87.91000366210938,68.31918334960938
2016-08-16,87.2699966430664,67.82180786132812
2016-08-17,87.12999725341797,67.7130126953125
2016-08-18,87.08000183105469,67.67417907714844
2016-08-19,87.04000091552734,67.64308166503906
2016-08-22,87.31999969482422,67.86067962646484
2016-08-23,87.80000305175781,68.23370361328125
2016-08-24,86.6500015258789,67.3399658203125
2016-08-25,85.38999938964844,66.3607406616211
2016-08-26,86.5999984741211,67.30113220214844
2016-08-29,87.45999908447266,67.9694595336914
2016-08-30,86.8499984741211,67.49540710449219
2016-08-31,87.02999877929688,67.63530731201172
2016-09-01,86.9800033569336,67.59645080566406
2016-09-02,87.31999969482422,67.86067962646484
2016-09-06,87.16999816894531,67.74407196044922
2016-09-07,86.1500015258789,66.95140075683594
2016-09-08,86.26000213623047,67.03689575195312
2016-09-09,84.87000274658203,65.95664978027344
2016-09-12,86.19999694824219,66.99024963378906
2016-09-13,84.83999633789062,65.933349609375
2016-09-14,84.68000030517578,65.80899810791016
2016-09-15,85.66000366210938,66.57061767578125
2016-09-16,86.01000213623047,66.84261322021484
2016-09-19,85.98999786376953,66.82704162597656
2016-09-20,86.36000061035156,67.11460876464844
2016-09-21,87.13999938964844,67.72077941894531
2016-09-22,87.81999969482422,68.2492446899414
2016-09-23,87.70999908447266,68.16374969482422
2016-09-26,86.55999755859375,67.27005767822266
2016-09-27,86.66999816894531,67.6917953491211
2016-09-28,86.73999786376953,67.74646759033203
2016-09-29,85.4000015258789,66.69988250732422
2016-09-30,86.4000015258789,67.48089599609375
2016-10-03,86.38999938964844,67.47310638427734
2016-10-04,86.11000061035156,67.25440216064453
2016-10-05,86.30000305175781,67.40281677246094
2016-10-06,85.94999694824219,67.12944030761719
2016-10-07,85.95999908447266,67.13726806640625
2016-10-10,86.16999816894531,67.30126953125
2016-10-11,83.19999694824219,64.98162078857422
2016-10-12,83.68000030517578,65.35651397705078
2016-10-13,83.30999755859375,65.0675277709961
2016-10-14,82.70999908447266,64.59891510009766
2016-10-17,82.56999969482422,64.48954772949219
2016-10-18,83.55000305175781,65.25496673583984
2016-10-19,83.66999816894531,65.34869384765625
2016-10-20,84.0199966430664,65.6220703125
2016-10-21,83.91000366210938,65.53617095947266
2016-10-24,83.30000305175781,65.05973052978516
2016-10-25,82.47000122070312,64.4114761352539
2016-10-26,81.12000274658203,63.35707092285156
2016-10-27,81.12999725341797,63.36488723754883
2016-10-28,81.93000030517578,63.98970413208008
2016-10-31,82.0199966430664,64.05999755859375
2016-11-01,80.91999816894531,63.20085144042969
2016-11-02,81.08999633789062,63.333641052246094
2016-11-03,81.5999984741211,63.73196792602539
2016-11-04,82.13999938964844,64.15371704101562
2016-11-07,83.94999694824219,65.56739807128906
2016-11-08,84.33999633789062,65.87200164794922
2016-11-09,82.86000061035156,64.71605682373047
2016-11-10,82.72000122070312,64.60672760009766
2016-11-11,82.06999969482422,64.09904479980469
2016-11-14,78.75,61.506038665771484
2016-11-15,80.2699966430664,62.693206787109375
2016-11-16,80.88999938964844,63.177459716796875
2016-11-17,81.80000305175781,63.88819122314453
2016-11-18,80.93000030517578,63.208683013916016
2016-11-21,80.58000183105469,62.935340881347656
2016-11-22,73.5999984741211,57.483741760253906
2016-11-23,75.77999877929688,59.18638610839844
2016-11-25,75.5199966430664,58.983333587646484
2016-11-28,73.98999786376953,57.7883415222168
2016-11-29,73.41999816894531,57.343143463134766
2016-11-30,73.01000213623047,57.022926330566406
2016-12-01,71.87999725341797,56.1403694152832
2016-12-02,72.01000213623047,56.241912841796875
2016-12-05,71.66999816894531,55.976348876953125
2016-12-06,72.11000061035156,56.320003509521484
2016-12-07,72.22000122070312,56.405921936035156
2016-12-08,72.06999969482422,56.28876876831055
2016-12-09,73.3499984741211,57.28848648071289
2016-12-12,73.70999908447266,57.569644927978516
2016-12-13,73.37000274658203,57.304107666015625
2016-12-14,73.30000305175781,57.24943161010742
2016-12-15,73.44000244140625,57.35875701904297
2016-12-16,73.45999908447266,57.37439727783203
2016-12-19,73.0999984741211,57.09321594238281
2016-12-20,72.44000244140625,56.57775115966797
2016-12-21,71.58000183105469,56.23991012573242
2016-12-22,71.73999786376953,56.36562728881836
2016-12-23,71.94999694824219,56.530616760253906
2016-12-27,71.7699966430664,56.38917922973633
2016-12-28,71.80999755859375,56.420623779296875
2016-12-29,71.54000091552734,56.20847702026367
2016-12-30,71.2300033569336,55.96492385864258
2017-01-03,70.61000061035156,55.477779388427734
2017-01-04,71.2699966430664,55.9963264465332
2017-01-05,70.83000183105469,55.650638580322266
2017-01-06,72.87000274658203,57.253440856933594
2017-01-09,73.81999969482422,57.99985122680664
2017-01-10,74.9000015258789,58.84840393066406
2017-01-11,74.44000244140625,58.486976623535156
2017-01-12,75.11000061035156,59.013389587402344
2017-01-13,75.08999633789062,58.9976692199707
2017-01-17,75.81999969482422,59.571224212646484
2017-01-18,75.66999816894531,59.45337677001953
2017-01-19,75.30000305175781,59.162696838378906
2017-01-20,74.98999786376953,58.91910934448242
2017-01-23,74.7699966430664,58.74625015258789
2017-01-24,73.83000183105469,58.007720947265625
2017-01-25,74.48999786376953,58.52627182006836
2017-01-26,74.04000091552734,58.17271041870117
2017-01-27,74.94999694824219,58.88768005371094
2017-01-30,74.66999816894531,58.6677131652832
2017-01-31,76.0199966430664,59.728370666503906
2017-02-01,76.0,59.71266174316406
2017-02-02,75.91999816894531,59.64979553222656
2017-02-03,76.33999633789062,59.979801177978516
2017-02-06,75.9800033569336,59.69696044921875
2017-02-07,76.12000274658203,59.80693817138672
2017-02-08,75.5999984741211,59.398372650146484
2017-02-09,75.70999908447266,59.484825134277344
2017-02-10,76.1500015258789,59.83051300048828
2017-02-13,76.91999816894531,60.435508728027344
2017-02-14,77.05000305175781,60.53764724731445
2017-02-15,77.69999694824219,61.04833984375
2017-02-16,77.98999786376953,61.27619171142578
2017-02-17,78.87999725341797,61.97544860839844
2017-02-21,80.55999755859375,63.29544448852539
2017-02-22,79.62000274658203,62.55687713623047
2017-02-23,80.73999786376953,63.43684387207031
2017-02-24,81.02999877929688,63.66469192504883
2017-02-27,80.75,63.44469451904297
2017-02-28,80.91000366210938,63.57041931152344
2017-03-01,82.06999969482422,64.48179626464844
2017-03-02,81.98999786376953,64.41895294189453
2017-03-03,81.86000061035156,64.31682586669922
2017-03-06,81.54000091552734,64.06539154052734
2017-03-07,81.4000015258789,63.955406188964844
2017-03-08,82.22000122070312,64.59967041015625
2017-03-09,82.79000091552734,65.04753875732422
2017-03-10,83.04000091552734,65.24394989013672
2017-03-13,82.88999938964844,65.12609100341797
2017-03-14,82.5199966430664,64.83538055419922
2017-03-15,83.30000305175781,65.44822692871094
2017-03-16,81.83000183105469,64.2932357788086
2017-03-17,82.2300033569336,64.60752868652344
2017-03-20,81.41999816894531,63.97111511230469
2017-03-21,81.12000274658203,63.73540496826172
2017-03-22,81.0,63.98028564453125
2017-03-23,80.86000061035156,63.86970138549805
2017-03-24,81.0,63.98028564453125
2017-03-27,81.02999877929688,64.00396728515625
2017-03-28,80.73999786376953,63.774898529052734
2017-03-29,81.13999938964844,64.09085083007812
2017-03-30,80.98999786376953,63.97236251831055
2017-03-31,80.55999755859375,63.63273239135742
2017-04-03,81.02999877929688,64.00396728515625
2017-04-04,80.62000274658203,63.680110931396484
2017-04-05,80.23999786376953,63.379966735839844
2017-04-06,80.22000122070312,63.36415100097656
2017-04-07,80.37000274658203,63.482662200927734
2017-04-10,80.30000305175781,63.42736053466797
2017-04-11,80.1500015258789,63.30887985229492
2017-04-12,80.0999984741211,63.26935958862305
2017-04-13,80.01000213623047,63.19829559326172
2017-04-17,80.36000061035156,63.4747314453125
2017-04-18,80.33000183105469,63.451045989990234
2017-04-19,80.31999969482422,63.4431266784668
2017-04-20,81.0199966430664,63.99605941772461
2017-04-21,80.4800033569336,63.56952667236328
2017-04-24,80.6500015258789,63.70381546020508
2017-04-25,81.76000213623047,64.58056640625
2017-04-26,82.13999938964844,64.88074493408203
2017-04-27,83.12999725341797,65.66270446777344
2017-04-28,83.08999633789062,65.63109588623047
2017-05-01,83.73999786376953,66.14453887939453
2017-05-02,84.75,66.94231414794922
2017-05-03,84.08999633789062,66.42098236083984
2017-05-04,83.91000366210938,66.2788314819336
2017-05-05,84.0,66.34990692138672
2017-05-08,83.30000305175781,65.79701232910156
2017-05-09,83.33999633789062,65.82860565185547
2017-05-10,82.88999938964844,65.47315979003906
2017-05-11,83.01000213623047,65.56794738769531
2017-05-12,83.41999816894531,65.89178466796875
2017-05-15,84.13999938964844,66.4604721069336
2017-05-16,83.94000244140625,66.30250549316406
2017-05-17,82.66000366210938,65.29147338867188
2017-05-18,82.4000015258789,65.08610534667969
2017-05-19,83.2300033569336,65.74169921875
2017-05-22,83.98999786376953,66.34202575683594
2017-05-23,84.61000061035156,66.83173370361328
2017-05-24,84.69999694824219,66.90281677246094
2017-05-25,85.58000183105469,67.59791564941406
2017-05-26,85.08999633789062,67.21088409423828
2017-05-30,84.86000061035156,67.02921295166016
2017-05-31,84.27999877929688,66.57108306884766
2017-06-01,86.08000183105469,67.99286651611328
2017-06-02,85.81999969482422,67.78748321533203
2017-06-05,85.94999694824219,67.89018249511719
2017-06-06,86.0,67.92967224121094
2017-06-07,85.9800033569336,67.91388702392578
2017-06-08,85.94000244140625,67.88227844238281
2017-06-09,86.51000213623047,68.33250427246094
2017-06-12,87.62999725341797,69.21717834472656
2017-06-13,87.19999694824219,68.87751770019531
2017-06-14,87.6500015258789,69.23296356201172
2017-06-15,87.66000366210938,69.2408676147461
2017-06-16,88.08000183105469,69.5726089477539
2017-06-19,88.98999786376953,70.2914047241211
2017-06-20,88.81999969482422,70.15715026855469
2017-06-21,88.79000091552734,70.13343811035156
2017-06-22,89.08999633789062,70.37040710449219
2017-06-23,89.19999694824219,70.45729064941406
2017-06-26,89.1500015258789,70.41780090332031
2017-06-27,88.79000091552734,70.13343811035156
2017-06-28,89.30000305175781,70.53627014160156
2017-06-29,88.70999908447266,70.07024383544922
2017-06-30,88.75,70.10186004638672
2017-07-03,88.80999755859375,70.14924621582031
2017-07-05,88.9000015258789,70.58592987060547
2017-07-06,87.26000213623047,69.28378295898438
2017-07-07,87.95999908447266,69.83956909179688
2017-07-10,87.19999694824219,69.23614501953125
2017-07-11,87.26000213623047,69.28378295898438
2017-07-12,87.80999755859375,69.72047424316406
2017-07-13,87.80999755859375,69.72047424316406
2017-07-14,88.56999969482422,70.32392120361328
2017-07-17,86.05999755859375,68.33099365234375
2017-07-18,85.8499984741211,68.16424560546875
2017-07-19,85.6500015258789,68.00543975830078
2017-07-20,85.66999816894531,68.0213394165039
2017-07-21,85.16999816894531,67.62433624267578
2017-07-24,85.08999633789062,67.56082153320312
2017-07-25,85.93000030517578,68.2277603149414
2017-07-26,85.73999786376953,68.076904296875
2017-07-27,84.68000030517578,67.23527526855469
2017-07-28,84.29000091552734,66.9256362915039
2017-07-31,83.97000122070312,66.67154693603516
2017-08-01,83.5199966430664,66.31424713134766
2017-08-02,83.19999694824219,66.0601577758789
2017-08-03,83.29000091552734,66.13164520263672
2017-08-04,83.68000030517578,66.44127655029297
2017-08-07,84.37000274658203,66.98914337158203
2017-08-08,83.83000183105469,66.56037902832031
2017-08-09,83.94999694824219,66.6556625366211
2017-08-10,83.04000091552734,65.93315124511719
2017-08-11,83.70999908447266,66.46511840820312
2017-08-14,84.47000122070312,67.06853485107422
2017-08-15,84.58999633789062,67.163818359375
2017-08-16,84.5999984741211,67.17178344726562
2017-08-17,83.66999816894531,66.433349609375
2017-08-18,83.41000366210938,66.22694396972656
2017-08-21,83.5199966430664,66.31424713134766
2017-08-22,81.76000213623047,64.91682434082031
2017-08-23,79.75,63.32089614868164
2017-08-24,79.23999786376953,62.915950775146484
2017-08-25,79.05999755859375,62.773048400878906
2017-08-28,79.58999633789062,63.19384002685547
2017-08-29,79.72000122070312,63.29707336425781
2017-08-30,79.86000061035156,63.40822982788086
2017-08-31,80.62000274658203,64.01165771484375
2017-09-01,80.05000305175781,63.559078216552734
2017-09-05,79.81999969482422,63.37646484375
2017-09-06,79.87000274658203,63.41619110107422
2017-09-07,79.94999694824219,63.47969436645508
2017-09-08,82.02999877929688,65.13119506835938
2017-09-11,81.55999755859375,64.75801849365234
2017-09-12,82.30000305175781,65.34558868408203
2017-09-13,81.93000030517578,65.05178833007812
2017-09-14,81.80000305175781,64.94859313964844
2017-09-15,82.12000274658203,65.20263671875
2017-09-18,82.4000015258789,65.42498016357422
2017-09-19,81.19000244140625,64.46424865722656
2017-09-20,80.16000366210938,63.646427154541016
2017-09-21,79.52999877929688,63.14620590209961
2017-09-22,79.69999694824219,63.28119659423828
2017-09-25,78.2699966430664,62.14576721191406
2017-09-26,78.37000274658203,62.22518539428711
2017-09-27,77.83999633789062,61.80436325073242
2017-09-28,77.70999908447266,62.067928314208984
2017-09-29,77.7699966430664,62.11585998535156
2017-10-02,78.05000305175781,62.33951187133789
2017-10-03,78.11000061035156,62.387420654296875
2017-10-04,78.62999725341797,62.80276107788086
2017-10-05,79.51000213623047,63.505638122558594
2017-10-06,79.80999755859375,63.745262145996094
2017-10-09,76.93000030517578,61.4449462890625
2017-10-10,77.29000091552734,61.73249816894531
2017-10-11,78.23999786376953,62.491268157958984
2017-10-12,77.91999816894531,62.23567199707031
2017-10-13,78.06999969482422,62.355506896972656
2017-10-16,77.7300033569336,62.083919525146484
2017-10-17,78.0,62.29957962036133
2017-10-18,78.58999633789062,62.77082824707031
2017-10-19,78.4800033569336,62.68294906616211
2017-10-20,78.33999633789062,62.571144104003906
2017-10-23,79.0199966430664,63.1142463684082
2017-10-24,78.66000366210938,62.82673645019531
2017-10-25,79.19999694824219,63.25804138183594
2017-10-26,80.44000244140625,64.2484359741211
2017-10-27,81.30000305175781,64.93533325195312
2017-10-30,80.52999877929688,64.3203125
2017-10-31,80.5199966430664,64.31231689453125
2017-11-01,80.30999755859375,64.14459228515625
2017-11-02,77.87000274658203,62.19574737548828
2017-11-03,78.43000030517578,62.643009185791016
2017-11-06,77.69000244140625,62.051979064941406
2017-11-07,78.01000213623047,62.30755615234375
2017-11-08,77.80999755859375,62.1478157043457
2017-11-09,80.80999755859375,64.5439682006836
2017-11-10,79.33000183105469,63.36186599731445
2017-11-13,79.19999694824219,63.25804138183594
2017-11-14,79.16000366210938,63.2260627746582
2017-11-15,78.68000030517578,62.842708587646484
2017-11-16,79.26000213623047,63.30595016479492
2017-11-17,79.48999786376953,63.48966598510742
2017-11-20,78.9000015258789,63.0184211730957
2017-11-21,82.66000366210938,66.02159118652344
2017-11-22,82.33999633789062,65.7659912109375
2017-11-24,83.25,66.49281311035156
2017-11-27,81.41000366210938,65.02317810058594
2017-11-28,82.45999908447266,65.86183166503906
2017-11-29,82.11000061035156,65.582275390625
2017-11-30,82.12999725341797,65.59822845458984
2017-12-01,81.2699966430664,64.911376953125
2017-12-04,79.87000274658203,63.79316329956055
2017-12-05,80.91999816894531,64.63182067871094
2017-12-06,81.5,65.0950927734375
2017-12-07,80.56999969482422,64.35224914550781
2017-12-08,81.06999969482422,64.75161743164062
2017-12-11,81.2699966430664,64.911376953125
2017-12-12,82.0,65.49442291259766
2017-12-13,81.91999816894531,65.4305419921875
2017-12-14,81.83000183105469,65.35863494873047
2017-12-15,83.5,66.6924819946289
2017-12-18,83.43000030517578,66.63658142089844
2017-12-19,82.04000091552734,65.5263900756836
2017-12-20,81.37999725341797,64.99920654296875
2017-12-21,81.4800033569336,65.07908630371094
2017-12-22,81.54000091552734,65.12702178955078
2017-12-26,81.47000122070312,65.07111358642578
2017-12-27,81.76000213623047,65.30274200439453
2017-12-28,81.33999633789062,65.33485412597656
2017-12-29,80.75,64.86094665527344
2018-01-02,82.20999908447266,66.03365325927734
2018-01-03,83.91999816894531,67.40719604492188
2018-01-04,84.12000274658203,67.56782531738281
2018-01-05,85.54000091552734,68.70845794677734
2018-01-08,85.51000213623047,68.68434143066406
2018-01-09,85.87999725341797,68.98153686523438
2018-01-10,85.48999786376953,68.66828155517578
2018-01-11,85.7300033569336,68.86103057861328
2018-01-12,85.44999694824219,68.6361312866211
2018-01-16,85.31999969482422,68.5317153930664
2018-01-17,86.11000061035156,69.16627502441406
2018-01-18,87.26000213623047,70.08998107910156
2018-01-19,86.68000030517578,69.62411499023438
2018-01-22,86.05000305175781,69.11808013916016
2018-01-23,85.2300033569336,68.45942687988281
2018-01-24,85.76000213623047,68.88514709472656
2018-01-25,86.81999969482422,69.73656463623047
2018-01-26,87.12000274658203,69.97754669189453
2018-01-29,86.72000122070312,69.65623474121094
2018-01-30,85.95999908447266,69.04579162597656
2018-01-31,85.88999938964844,68.98956298828125
2018-02-01,84.9800033569336,68.25860595703125
2018-02-02,84.44999694824219,67.83290100097656
2018-02-05,81.41999816894531,65.39912414550781
2018-02-06,81.66999816894531,65.59992980957031
2018-02-07,81.3499984741211,65.34290313720703
2018-02-08,78.37999725341797,62.957298278808594
2018-02-09,79.4800033569336,63.840858459472656
2018-02-12,80.23999786376953,64.45132446289062
2018-02-13,80.22000122070312,64.43523406982422
2018-02-14,81.86000061035156,65.75252532958984
2018-02-15,82.94000244140625,66.62004089355469
2018-02-16,83.30999755859375,66.91720581054688
2018-02-20,81.61000061035156,65.55172729492188
2018-02-21,80.72000122070312,64.83686065673828
2018-02-22,80.41000366210938,64.58785247802734
2018-02-23,80.38999938964844,64.57178497314453
2018-02-26,82.41999816894531,66.20232391357422
2018-02-27,81.23999786376953,65.2545394897461
2018-02-28,79.88999938964844,64.17015838623047
2018-03-01,78.30000305175781,62.89303970336914
2018-03-02,78.33000183105469,62.91714096069336
2018-03-05,79.73999786376953,64.0496826171875
2018-03-06,80.41000366210938,64.58785247802734
2018-03-07,81.12999725341797,65.16618347167969
2018-03-08,82.20999908447266,66.03365325927734
2018-03-09,83.1500015258789,66.7887191772461
2018-03-12,83.30000305175781,66.9092025756836
2018-03-13,83.47000122070312,67.0457534790039
2018-03-14,82.30000305175781,66.10595703125
2018-03-15,82.02999877929688,65.88910675048828
2018-03-16,81.29000091552734,65.29471588134766
2018-03-19,80.12999725341797,64.36294555664062
2018-03-20,79.9000015258789,64.17820739746094
2018-03-21,80.04000091552734,64.29065704345703
2018-03-22,78.13999938964844,63.127323150634766
2018-03-23,76.55000305175781,61.842803955078125
2018-03-26,78.45999908447266,63.38583755493164
2018-03-27,78.16000366210938,63.14347457885742
2018-03-28,78.45999908447266,63.38583755493164
2018-03-29,80.22000122070312,64.80769348144531
2018-04-02,77.4800033569336,62.594139099121094
2018-04-03,78.3499984741211,63.29695129394531
2018-04-04,78.72000122070312,63.59589385986328
2018-04-05,79.69999694824219,64.38761138916016
2018-04-06,77.63999938964844,62.72338104248047
2018-04-09,78.45999908447266,63.38583755493164
2018-04-10,79.29000091552734,64.05636596679688
2018-04-11,78.58999633789062,63.49087905883789
2018-04-12,79.83999633789062,64.50069427490234
2018-04-13,79.56999969482422,64.2825927734375
2018-04-16,80.5999984741211,65.11469268798828
2018-04-17,80.62999725341797,65.1389389038086
2018-04-18,80.19000244140625,64.78347778320312
2018-04-19,80.0,64.62996673583984
2018-04-20,79.9000015258789,64.54917907714844
2018-04-23,80.0199966430664,64.64611053466797
2018-04-24,79.37000274658203,64.12100219726562
2018-04-25,79.45999908447266,64.19371795654297
2018-04-26,80.58999633789062,65.10662078857422
2018-04-27,81.29000091552734,65.67213439941406
2018-04-30,80.12999725341797,64.73497772216797
2018-05-01,81.01000213623047,65.4459228515625
2018-05-02,79.91999816894531,64.56533813476562
2018-05-03,79.58000183105469,64.29066467285156
2018-05-04,81.08000183105469,65.50247192382812
2018-05-07,84.81999969482422,68.52391052246094
2018-05-08,83.19999694824219,67.21517181396484
2018-05-09,84.05999755859375,67.9099349975586
2018-05-10,85.68000030517578,69.21870422363281
2018-05-11,85.55999755859375,69.12174987792969
2018-05-14,86.18000030517578,69.62265014648438
2018-05-15,84.37000274658203,68.16036224365234
2018-05-16,85.55000305175781,69.11370086669922
2018-05-17,85.11000061035156,68.75820922851562
2018-05-18,84.63999938964844,68.3785171508789
2018-05-21,85.31999969482422,68.9278564453125
2018-05-22,84.97000122070312,68.64512634277344
2018-05-23,85.26000213623047,68.87938690185547
2018-05-24,86.98999786376953,70.27700805664062
2018-05-25,86.30000305175781,69.7195816040039
2018-05-29,85.38999938964844,68.98441314697266
2018-05-30,85.88999938964844,69.38835144042969
2018-05-31,86.31999969482422,69.73573303222656
2018-06-01,87.83000183105469,70.95563507080078
2018-06-04,87.5199966430664,70.7051773071289
2018-06-05,86.66000366210938,70.0103988647461
2018-06-06,87.23999786376953,70.47900390625
2018-06-07,86.62999725341797,69.98616790771484
2018-06-08,87.18000030517578,70.43050384521484
2018-06-11,86.58999633789062,69.953857421875
2018-06-12,86.69000244140625,70.03463745117188
2018-06-13,85.83999633789062,69.34793853759766
2018-06-14,86.56999969482422,69.93769836425781
2018-06-15,86.77999877929688,70.10736083984375
2018-06-18,86.25,69.67918395996094
2018-06-19,86.61000061035156,69.97001647949219
2018-06-20,86.12999725341797,69.58222961425781
2018-06-21,86.30000305175781,69.7195816040039
2018-06-22,86.80999755859375,70.131591796875
2018-06-25,86.73999786376953,70.07506561279297
2018-06-26,86.86000061035156,70.17198944091797
2018-06-27,85.48999786376953,69.0652084350586
2018-06-28,86.33000183105469,69.74382781982422
2018-06-29,85.61000061035156,69.1621322631836
2018-07-02,86.02999877929688,69.50145721435547
2018-07-03,85.9800033569336,69.46107482910156
2018-07-05,85.91000366210938,69.81046295166016
2018-07-06,86.62999725341797,70.39553833007812
2018-07-09,87.12999725341797,70.80184936523438
2018-07-10,87.38999938964844,71.01311492919922
2018-07-11,87.26000213623047,70.90748596191406
2018-07-12,87.87000274658203,71.40318298339844
2018-07-13,88.36000061035156,71.80135345458984
2018-07-16,87.7300033569336,71.28941345214844
2018-07-17,88.29000091552734,71.74445343017578
2018-07-18,88.01000213623047,71.51692199707031
2018-07-19,88.41999816894531,71.85009765625
2018-07-20,88.0199966430664,71.52506256103516
2018-07-23,88.62999725341797,72.02076721191406
2018-07-24,88.91000366210938,72.24827575683594
2018-07-25,89.7300033569336,72.91459655761719
2018-07-26,89.26000213623047,72.53269958496094
2018-07-27,88.66000366210938,72.04512786865234
2018-07-30,89.08000183105469,72.38639831542969
2018-07-31,90.2300033569336,73.32090759277344
2018-08-01,90.23999786376953,73.32903289794922
2018-08-02,89.88999938964844,73.04463958740234
2018-08-03,90.4800033569336,73.5240707397461
2018-08-06,90.58999633789062,73.61343383789062
2018-08-07,90.8499984741211,73.8247299194336
2018-08-08,90.80999755859375,73.79222869873047
2018-08-09,91.22000122070312,74.1253890991211
2018-08-10,90.5999984741211,73.62158203125
2018-08-13,90.73999786376953,73.7353515625
2018-08-14,91.05000305175781,73.98725891113281
2018-08-15,90.98999786376953,73.93848419189453
2018-08-16,91.0999984741211,74.02786254882812
2018-08-17,90.5999984741211,73.62158203125
2018-08-20,90.02999877929688,73.15839385986328
2018-08-21,95.16999816894531,77.33514404296875
2018-08-22,95.58000183105469,77.66832733154297
2018-08-23,95.61000061035156,77.69268035888672
2018-08-24,95.55000305175781,77.64392852783203
2018-08-27,95.44000244140625,77.5545654296875
2018-08-28,95.7699966430664,77.82270050048828
2018-08-29,96.58999633789062,78.48902893066406
2018-08-30,96.80999755859375,78.66781616210938
2018-08-31,96.41000366210938,78.3427505493164
2018-09-04,95.55999755859375,77.65205383300781
2018-09-05,96.04000091552734,78.0421142578125
2018-09-06,96.48999786376953,78.40779113769531
2018-09-07,96.31999969482422,78.26964569091797
2018-09-10,96.37000274658203,78.31026458740234
2018-09-11,96.08000183105469,78.07461547851562
2018-09-12,96.25,78.21276092529297
2018-09-13,96.94999694824219,78.7815933227539
2018-09-14,97.01000213623047,78.83032989501953
2018-09-17,96.02999877929688,78.03399658203125
2018-09-18,96.87999725341797,78.72470092773438
2018-09-19,96.45999908447266,78.38340759277344
2018-09-20,97.4800033569336,79.21227264404297
2018-09-21,97.8499984741211,79.5129165649414
2018-09-24,98.86000061035156,80.33364868164062
2018-09-25,99.0,80.4474105834961
2018-09-26,99.16999816894531,80.5855484008789
2018-09-27,97.69999694824219,79.39103698730469
2018-09-28,98.37000274658203,79.93548583984375
2018-10-01,99.48999786376953,80.8456039428711
2018-10-02,99.0199966430664,80.46366882324219
2018-10-03,97.47000122070312,79.20413970947266
2018-10-04,96.9800033569336,78.80595397949219
2018-10-05,97.16999816894531,78.96034240722656
2018-10-08,95.97000122070312,77.9852523803711
2018-10-09,96.19000244140625,78.16400146484375
2018-10-10,95.06999969482422,77.25389099121094
2018-10-11,93.11000061035156,75.66120147705078
2018-10-12,94.69000244140625,76.94509887695312
2018-10-15,93.81999969482422,76.2381362915039
2018-10-16,96.55000305175781,78.45654296875
2018-10-17,97.29000091552734,79.05786895751953
2018-10-18,95.91999816894531,77.94461822509766
2018-10-19,93.94000244140625,76.33566284179688
2018-10-22,93.62000274658203,76.07563018798828
2018-10-23,93.08999633789062,75.64495849609375
2018-10-24,91.47000122070312,74.32852935791016
2018-10-25,91.76000213623047,74.5641860961914
2018-10-26,89.75,72.93085479736328
2018-10-29,89.44999694824219,72.68708038330078
2018-10-30,90.2699966430664,73.35342407226562
2018-10-31,89.81999969482422,72.98775482177734
2018-11-01,91.55000305175781,74.3935546875
2018-11-02,91.41999816894531,74.28790283203125
2018-11-05,91.61000061035156,74.44229888916016
2018-11-06,92.51000213623047,75.17364501953125
2018-11-07,94.12000274658203,76.48194122314453
2018-11-08,94.73999786376953,76.98572540283203
2018-11-09,94.36000061035156,76.67694854736328
2018-11-12,92.63999938964844,75.27928161621094
2018-11-13,92.06999969482422,74.81611633300781
2018-11-14,92.11000061035156,74.84859466552734
2018-11-15,92.7699966430664,75.38492584228516
2018-11-16,93.69999694824219,76.14063262939453
2018-11-19,90.37000274658203,73.43468475341797
2018-11-20,92.16000366210938,74.88922119140625
2018-11-21,92.97000122070312,75.54743194580078
2018-11-23,92.01000213623047,74.76734924316406
2018-11-26,92.05999755859375,74.80795288085938
2018-11-27,93.12999725341797,75.67742156982422
2018-11-28,95.37000274658203,77.49765014648438
2018-11-29,96.5999984741211,78.49718475341797
2018-11-30,97.52999877929688,79.25289916992188
2018-12-03,98.75,80.24427032470703
2018-12-04,96.48999786376953,78.40779113769531
2018-12-06,96.23999786376953,78.20462799072266
2018-12-07,94.23999786376953,76.57943725585938
2018-12-10,95.4800033569336,77.58706665039062
2018-12-11,95.47000122070312,77.57894897460938
2018-12-12,95.70999908447266,77.77397918701172
2018-12-13,95.5,77.60328674316406
2018-12-14,93.72000122070312,76.1568832397461
2018-12-17,91.8499984741211,74.63731384277344
2018-12-18,92.0,74.75921630859375
2018-12-19,91.26000213623047,74.15789031982422
2018-12-20,89.9000015258789,73.05276489257812
2018-12-21,88.5999984741211,71.99638366699219
2018-12-24,85.80000305175781,69.72110748291016
2018-12-26,88.66000366210938,72.04512786865234
2018-12-27,89.6500015258789,73.26277923583984
2018-12-28,89.26000213623047,72.9440689086914
2018-12-31,90.95999908447266,74.33332061767578
2019-01-02,87.91999816894531,71.84898376464844
2019-01-03,85.44999694824219,69.83049011230469
2019-01-04,88.12999725341797,72.02062225341797
2019-01-07,82.44999694824219,67.37883758544922
2019-01-08,83.02999877929688,67.85284423828125
2019-01-09,84.30000305175781,68.89070129394531
2019-01-10,84.83999633789062,69.33199310302734
2019-01-11,84.83999633789062,69.33199310302734
2019-01-14,84.75,69.25843811035156
2019-01-15,86.02999877929688,70.30447387695312
2019-01-16,86.98999786376953,71.0889892578125
2019-01-17,87.5999984741211,71.58749389648438
2019-01-18,87.30000305175781,71.34233856201172
2019-01-22,87.0,71.09716033935547
2019-01-23,87.16000366210938,71.22792053222656
2019-01-24,87.2300033569336,71.28512573242188
2019-01-25,87.0199966430664,71.11351013183594
2019-01-28,86.41999816894531,70.62317657470703
2019-01-29,86.47000122070312,70.6640396118164
2019-01-30,87.83000183105469,71.77545166015625
2019-01-31,88.38999938964844,72.2330551147461
2019-02-01,88.30999755859375,72.16769409179688
2019-02-04,87.80999755859375,71.75910186767578
2019-02-05,88.02999877929688,71.93889617919922
2019-02-06,88.86000061035156,72.61717224121094
2019-02-07,88.9000015258789,72.64986419677734
2019-02-08,89.01000213623047,72.73976135253906
2019-02-11,89.5999984741211,73.22191619873047
2019-02-12,90.25,73.75309753417969
2019-02-13,90.66999816894531,74.0963134765625
2019-02-14,91.2300033569336,74.55397033691406
2019-02-15,92.2699966430664,75.4038314819336
2019-02-19,92.33000183105469,75.45288848876953
2019-02-20,92.80000305175781,75.83699035644531
2019-02-21,92.61000061035156,75.68169403076172
2019-02-22,93.7699966430664,76.62965393066406
2019-02-25,92.22000122070312,75.36297607421875
2019-02-26,91.29000091552734,74.60301208496094
2019-02-27,90.88999938964844,74.27610778808594
2019-02-28,90.5,73.95738983154297
2019-03-01,92.08999633789062,75.25677490234375
2019-03-04,92.29000091552734,75.42018127441406
2019-03-05,92.72000122070312,75.77159881591797
2019-03-06,92.08000183105469,75.24861145019531
2019-03-07,91.08000183105469,74.43138122558594
2019-03-08,90.5199966430664,73.97372436523438
2019-03-11,92.0,75.18321228027344
2019-03-12,92.44000244140625,75.54279327392578
2019-03-13,93.0199966430664,76.0167465209961
2019-03-14,93.33000183105469,76.27009582519531
2019-03-15,93.79000091552734,76.64598846435547
2019-03-18,91.88999938964844,75.09332275390625
2019-03-19,92.66000366210938,75.72257995605469
2019-03-20,91.72000122070312,74.95438385009766
2019-03-21,92.0999984741211,75.67745971679688
2019-03-22,90.38999938964844,74.27239227294922
2019-03-25,90.62000274658203,74.46138763427734
2019-03-26,91.06999969482422,74.83113098144531
2019-03-27,90.26000213623047,74.16558837890625
2019-03-28,89.95999908447266,73.91905975341797
2019-03-29,91.08000183105469,74.83935546875
2019-04-01,90.69000244140625,74.5188980102539
2019-04-02,90.4000015258789,74.28059387207031
2019-04-03,88.44999694824219,72.67829132080078
2019-04-04,89.2300033569336,73.3192367553711
2019-04-05,88.93000030517578,73.0727310180664
2019-04-08,88.98999786376953,73.12203216552734
2019-04-09,88.72000122070312,72.9001693725586
2019-04-10,88.62999725341797,72.82621765136719
2019-04-11,87.5999984741211,71.97988891601562
2019-04-12,86.75,71.28145599365234
2019-04-15,86.87000274658203,71.38005065917969
2019-04-16,86.1500015258789,70.78844451904297
2019-04-17,84.7300033569336,69.62162780761719
2019-04-18,84.22000122070312,69.20258331298828
2019-04-22,84.1500015258789,69.14506530761719
2019-04-23,85.0999984741211,69.9256591796875
2019-04-24,85.63999938964844,70.3693618774414
2019-04-25,86.86000061035156,71.37181091308594
2019-04-26,87.3499984741211,71.77444458007812
2019-04-29,87.44000244140625,71.84840393066406
2019-04-30,88.80999755859375,72.97413635253906
2019-05-01,88.30999755859375,72.56327056884766
2019-05-02,89.13999938964844,73.2452621459961
2019-05-03,89.58000183105469,73.60681915283203
2019-05-06,90.1500015258789,74.07518768310547
2019-05-07,89.2699966430664,73.35210418701172
2019-05-08,89.0,73.13025665283203
2019-05-09,88.13999938964844,72.423583984375
2019-05-10,88.33000183105469,72.57970428466797
2019-05-13,87.33000183105469,71.75802612304688
2019-05-14,87.66000366210938,72.0291748046875
2019-05-15,88.2699966430664,72.5303955078125
2019-05-16,88.11000061035156,72.3989486694336
2019-05-17,87.7300033569336,72.0866928100586
2019-05-20,87.56999969482422,71.95523071289062
2019-05-21,87.7699966430664,72.11955261230469
2019-05-22,88.76000213623047,72.93302917480469
2019-05-23,91.63999938964844,75.29951477050781
2019-05-24,93.02999877929688,76.441650390625
2019-05-28,91.30999755859375,75.02832794189453
2019-05-29,91.5199966430664,75.20088958740234
2019-05-30,92.58000183105469,76.07188415527344
2019-05-31,92.58000183105469,76.07188415527344
2019-06-03,93.33000183105469,76.68814849853516
2019-06-04,94.41000366210938,77.57559204101562
2019-06-05,96.55000305175781,79.333984375
2019-06-06,96.5,79.29290008544922
2019-06-07,97.11000061035156,79.79414367675781
2019-06-10,97.75,80.32003021240234
2019-06-11,97.55999755859375,80.16388702392578
2019-06-12,97.52999877929688,80.13923645019531
2019-06-13,97.5,80.1146011352539
2019-06-14,97.5,80.1146011352539
2019-06-17,97.31999969482422,79.96666717529297
2019-06-18,97.95999908447266,80.4925765991211
2019-06-19,98.75,81.14170837402344
2019-06-20,99.26000213623047,81.56075286865234
2019-06-21,99.37999725341797,81.65937042236328
2019-06-24,99.16000366210938,81.47859954833984
2019-06-25,98.9000015258789,81.26496124267578
2019-06-26,97.22000122070312,79.88450622558594
2019-06-27,97.4800033569336,80.0981674194336
2019-06-28,97.38999938964844,80.02420806884766
2019-07-01,98.0999984741211,80.60759735107422
2019-07-02,98.05000305175781,80.56652069091797
2019-07-03,98.80999755859375,81.19100189208984
2019-07-05,98.11000061035156,81.05882263183594
2019-07-08,98.0199966430664,80.98445892333984
2019-07-09,98.44000244140625,81.33146667480469
2019-07-10,98.8499984741211,81.67020416259766
2019-07-11,100.0,82.62034606933594
2019-07-12,99.25,82.00069427490234
2019-07-15,99.81999969482422,82.47159576416016
2019-07-16,99.87000274658203,82.51293182373047
2019-07-17,100.91999816894531,83.38043975830078
2019-07-18,101.33999633789062,83.72740936279297
2019-07-19,100.80000305175781,83.28129577636719
2019-07-22,101.23999786376953,83.64482879638672
2019-07-23,101.61000061035156,83.95050811767578
2019-07-24,102.33000183105469,84.54537963867188
2019-07-25,102.08999633789062,84.34709167480469
2019-07-26,102.55000305175781,84.7271728515625
2019-07-29,103.26000213623047,85.31375885009766
2019-07-30,103.75,85.7186050415039
2019-07-31,101.94000244140625,84.22317504882812
2019-08-01,102.37000274658203,84.57844543457031
2019-08-02,102.33000183105469,84.54537963867188
2019-08-05,99.51000213623047,82.2154769897461
2019-08-06,101.23999786376953,83.64482879638672
2019-08-07,101.38999938964844,83.76875305175781
2019-08-08,102.27999877929688,84.50406646728516
2019-08-09,101.66999816894531,84.0000991821289
2019-08-12,101.0,83.44652557373047
2019-08-13,102.4000015258789,84.60322570800781
2019-08-14,100.93000030517578,83.38871002197266
2019-08-15,101.75,84.06617736816406
2019-08-16,102.76000213623047,84.9006576538086
2019-08-19,104.18000030517578,86.07386779785156
2019-08-20,106.91000366210938,88.32939910888672
2019-08-21,107.79000091552734,89.05645751953125
2019-08-22,107.83000183105469,89.08950805664062
2019-08-23,106.05000305175781,87.61886596679688
2019-08-26,106.88999938964844,88.3128662109375
2019-08-27,107.54000091552734,88.84991455078125
2019-08-28,108.0,89.22996520996094
2019-08-29,107.80000305175781,89.06473541259766
2019-08-30,107.88999938964844,89.13906860351562
2019-09-03,107.47000122070312,88.7920913696289
2019-09-04,107.66000366210938,88.94903564453125
2019-09-05,107.72000122070312,88.9986343383789
2019-09-06,108.69000244140625,89.80004119873047
2019-09-09,107.93000030517578,89.17212677001953
2019-09-10,107.4800033569336,88.8003158569336
2019-09-11,108.62999725341797,89.7504653930664
2019-09-12,110.37999725341797,91.19631958007812
2019-09-13,109.66999816894531,90.60972595214844
2019-09-16,109.05000305175781,90.09748077392578
2019-09-17,109.33999633789062,90.33706665039062
2019-09-18,110.0,90.88236236572266
2019-09-19,111.01000213623047,91.71684265136719
2019-09-20,111.18000030517578,91.85728454589844
2019-09-23,110.83999633789062,91.57638549804688
2019-09-24,109.76000213623047,90.68408203125
2019-09-25,107.62000274658203,88.91600036621094
2019-09-26,107.4000015258789,89.18173217773438
2019-09-27,107.31999969482422,89.11530303955078
2019-09-30,108.62000274658203,90.19477081298828
2019-10-01,108.22000122070312,89.86262512207031
2019-10-02,105.94000244140625,87.96939849853516
2019-10-03,106.93000030517578,88.79145050048828
2019-10-04,108.55999755859375,90.14496612548828
2019-10-07,107.26000213623047,89.0654525756836
2019-10-08,105.01000213623047,87.19713592529297
2019-10-09,106.75,88.64198303222656
2019-10-10,107.41999816894531,89.19831085205078
2019-10-11,107.58000183105469,89.33119201660156
2019-10-14,107.56999969482422,89.32289123535156
2019-10-15,108.19000244140625,89.83773040771484
2019-10-16,108.5,90.09513854980469
2019-10-17,108.51000213623047,90.10345458984375
2019-10-18,108.12000274658203,89.77958679199219
2019-10-21,106.62000274658203,88.5340347290039
2019-10-22,104.48999786376953,86.76533508300781
2019-10-23,105.22000122070312,87.37151336669922
2019-10-24,105.29000091552734,87.42963409423828
2019-10-25,105.44000244140625,87.55420684814453
2019-10-28,106.22000122070312,88.2018814086914
2019-10-29,107.55000305175781,89.30628204345703
2019-10-30,108.55000305175781,90.13665008544922
2019-10-31,108.9000015258789,90.4272689819336
2019-11-01,108.56999969482422,90.15326690673828
2019-11-04,107.1500015258789,88.97412872314453
2019-11-05,105.52999877929688,87.6289291381836
2019-11-06,106.87000274658203,88.74162292480469
2019-11-07,106.80000305175781,88.68350219726562
2019-11-08,107.02999877929688,88.87448120117188
2019-11-11,107.95999908447266,89.646728515625
2019-11-12,108.62999725341797,90.20307159423828
2019-11-13,109.01000213623047,90.51863098144531
2019-11-14,109.20999908447266,90.68470001220703
2019-11-15,112.05999755859375,93.0512466430664
2019-11-18,111.25,92.37863159179688
2019-11-19,111.06999969482422,92.22917938232422
2019-11-20,111.79000091552734,92.82704162597656
2019-11-21,110.48999786376953,91.74754333496094
2019-11-22,110.81999969482422,92.02159118652344
2019-11-25,111.77999877929688,92.81874084472656
2019-11-26,111.33000183105469,92.44507598876953
2019-11-27,112.47000122070312,93.39169311523438
2019-11-29,111.38999938964844,92.49490356445312
2019-12-02,110.91000366210938,92.09632110595703
2019-12-03,110.98999786376953,92.1627426147461
2019-12-04,111.94000244140625,92.95159912109375
2019-12-05,112.19999694824219,93.1675033569336
2019-12-06,113.08999633789062,93.90650177001953
2019-12-09,111.12999725341797,92.27899169921875
2019-12-10,111.04000091552734,92.20425415039062
2019-12-11,111.72000122070312,92.7689437866211
2019-12-12,112.37999725341797,93.31696319580078
2019-12-13,113.5199966430664,94.26358032226562
2019-12-16,114.54000091552734,95.11054992675781
2019-12-17,114.3499984741211,94.95277404785156
2019-12-18,113.80000305175781,94.49610137939453
2019-12-19,113.48999786376953,94.23865509033203
2019-12-20,113.73999786376953,94.4462661743164
2019-12-23,113.88999938964844,94.57083129882812
2019-12-24,113.7699966430664,94.47118377685547
2019-12-26,112.58000183105469,93.92887115478516
2019-12-27,113.3499984741211,94.57129669189453
2019-12-30,112.93000030517578,94.22088623046875
2019-12-31,113.44999694824219,94.65471649169922
2020-01-02,114.55999755859375,95.58084106445312
2020-01-03,113.87999725341797,95.01348876953125
2020-01-06,114.88999938964844,95.85614776611328
2020-01-07,114.48999786376953,95.5224380493164
2020-01-08,116.5,97.1994400024414
2020-01-09,118.38999938964844,98.77631378173828
2020-01-10,118.63999938964844,98.98490142822266
2020-01-13,118.01000213623047,98.45927429199219
2020-01-14,117.04000091552734,97.64997863769531
2020-01-15,117.33000183105469,97.89193725585938
2020-01-16,118.86000061035156,99.16846466064453
2020-01-17,119.02999877929688,99.31028747558594
2020-01-21,120.31999969482422,100.38658142089844
2020-01-22,121.08999633789062,101.02900695800781
2020-01-23,120.97000122070312,100.9289321899414
2020-01-24,119.26000213623047,99.50218200683594
2020-01-27,119.2300033569336,99.47716522216797
2020-01-28,119.18000030517578,99.43545532226562
2020-01-29,118.37000274658203,98.75963592529297
2020-01-30,118.1500015258789,98.57608795166016
2020-01-31,115.44000244140625,96.31504821777344
2020-02-03,117.98999786376953,98.4426040649414
2020-02-04,119.98999786376953,100.11125183105469
2020-02-05,120.62000274658203,100.63685607910156
2020-02-06,121.30000305175781,101.2042236328125
2020-02-07,118.94999694824219,99.24353790283203
2020-02-10,119.37999725341797,99.6023178100586
2020-02-11,118.94999694824219,99.24353790283203
2020-02-12,116.48999786376953,97.19110870361328
2020-02-13,116.83000183105469,97.47476959228516
2020-02-14,117.33000183105469,97.89193725585938
2020-02-18,112.66000366210938,93.99562072753906
2020-02-19,113.7699966430664,94.92172241210938
2020-02-20,113.86000061035156,94.99681854248047
2020-02-21,113.27999877929688,94.51290130615234
2020-02-24,111.3499984741211,92.90264129638672
2020-02-25,108.52999877929688,90.5498046875
2020-02-26,106.1500015258789,88.56411743164062
2020-02-27,100.9800033569336,84.25061798095703
2020-02-28,100.66999816894531,83.99198913574219
2020-03-02,102.62000274658203,85.61893463134766
2020-03-03,100.4000015258789,83.76673126220703
2020-03-04,103.58999633789062,86.42823791503906
2020-03-05,100.18000030517578,83.58318328857422
2020-03-06,99.05999755859375,82.64872741699219
2020-03-09,92.4000015258789,77.09207916259766
2020-03-10,96.36000061035156,80.39604949951172
2020-03-11,92.44000244140625,77.12548065185547
2020-03-12,84.4000015258789,70.41744232177734
2020-03-13,88.81999969482422,74.10517883300781
2020-03-16,77.43000030517578,64.6021728515625
2020-03-17,80.20999908447266,66.92158508300781
2020-03-18,74.54000091552734,62.19095230102539
2020-03-19,79.22000122070312,66.09563446044922
2020-03-20,77.45999908447266,64.6272201538086
2020-03-23,72.91999816894531,60.83932876586914
2020-03-24,80.3499984741211,67.03842163085938
2020-03-25,86.81999969482422,72.43653106689453
2020-03-26,91.94000244140625,77.18838500976562
2020-03-27,89.88999938964844,75.46730041503906
2020-03-30,92.05000305175781,77.28071594238281
2020-03-31,90.18000030517578,75.71076202392578
2020-04-01,84.11000061035156,70.61470794677734
2020-04-02,86.1500015258789,72.32738494873047
2020-04-03,86.2699966430664,72.4281234741211
2020-04-06,94.08999633789062,78.993408203125
2020-04-07,94.45999908447266,79.30406188964844
2020-04-08,99.27999877929688,83.3507080078125
2020-04-09,101.02999877929688,84.81990814208984
2020-04-13,99.5199966430664,83.55217742919922
2020-04-14,101.19999694824219,84.96261596679688
2020-04-15,97.31999969482422,81.70518493652344
2020-04-16,95.69999694824219,80.34510040283203
2020-04-17,103.33000183105469,86.75090026855469
2020-04-20,101.54000091552734,85.24808502197266
2020-04-21,97.61000061035156,81.94863891601562
2020-04-22,96.08000183105469,80.66413116455078
2020-04-23,95.83000183105469,80.4542465209961
2020-04-24,99.30000305175781,83.36746978759766
2020-04-27,100.76000213623047,84.59324645996094
2020-04-28,98.04000091552734,82.30963897705078
2020-04-29,99.13999938964844,83.23314666748047
2020-04-30,97.62999725341797,81.9654312133789
2020-05-01,95.13999938964844,79.87494659423828
2020-05-04,95.26000213623047,79.97569274902344
2020-05-05,97.9000015258789,82.19212341308594
2020-05-06,96.76000213623047,81.23503875732422
2020-05-07,98.94000244140625,83.06525421142578
2020-05-08,99.02999877929688,83.14080047607422
2020-05-11,98.73999786376953,82.89733123779297
2020-05-12,95.19999694824219,79.92532348632812
2020-05-13,93.27999877929688,78.3133773803711
2020-05-14,93.81999969482422,78.76673889160156
2020-05-15,93.88999938964844,78.82549285888672
2020-05-18,98.9000015258789,83.03165435791016
2020-05-19,97.02999877929688,81.46170043945312
2020-05-20,98.08000183105469,82.34322357177734
2020-05-21,95.41000366210938,80.10162353515625
2020-05-22,94.72000122070312,79.52232360839844
2020-05-26,97.1500015258789,81.56244659423828
2020-05-27,96.0,80.59695434570312
2020-05-28,98.13999938964844,82.39359283447266
2020-05-29,98.58000183105469,82.76302337646484
2020-06-01,97.11000061035156,81.52886962890625
2020-06-02,97.25,81.64641571044922
2020-06-03,97.0999984741211,81.52045440673828
2020-06-04,96.98999786376953,81.42813110351562
2020-06-05,102.04000091552734,85.66786193847656
2020-06-08,101.33000183105469,85.07179260253906
2020-06-09,99.11000061035156,83.2079849243164
2020-06-10,97.55000305175781,81.89827728271484
2020-06-11,90.87000274658203,76.29008483886719
2020-06-12,93.20999908447266,78.2546157836914
2020-06-15,93.62000274658203,78.59882354736328
2020-06-16,95.55000305175781,80.21916961669922
2020-06-17,95.4800033569336,80.16039276123047
2020-06-18,94.43000030517578,79.27886199951172
2020-06-19,93.91000366210938,78.84229278564453
2020-06-22,93.33000183105469,78.35535430908203
2020-06-23,93.38999938964844,78.40574645996094
2020-06-24,88.93000030517578,74.66132354736328
2020-06-25,88.86000061035156,75.0923080444336
2020-06-26,88.7699966430664,75.0162582397461
2020-06-29,90.26000213623047,76.27540588378906
2020-06-30,91.69999694824219,77.4922866821289
2020-07-01,92.31999969482422,78.01622009277344
2020-07-02,93.16000366210938,78.72611236572266
2020-07-06,93.20999908447266,78.76834106445312
2020-07-07,91.66999816894531,77.4669418334961
2020-07-08,91.61000061035156,77.4162368774414
2020-07-09,90.12999725341797,76.1655502319336
2020-07-10,90.80999755859375,76.74019622802734
2020-07-13,92.7699966430664,78.39649963378906
2020-07-14,94.6500015258789,79.98523712158203
2020-07-15,97.16000366210938,82.10633850097656
2020-07-16,95.75,80.91480255126953
2020-07-17,98.58000183105469,83.30635070800781
2020-07-20,95.7300033569336,80.89789581298828
2020-07-21,96.80999755859375,81.81056213378906
2020-07-22,97.48999786376953,82.38520050048828
2020-07-23,96.56999969482422,81.6077651977539
2020-07-24,96.3499984741211,81.42185974121094
2020-07-27,96.43000030517578,81.48945617675781
2020-07-28,96.3499984741211,81.42185974121094
2020-07-29,98.72000122070312,83.42464447021484
2020-07-30,96.47000122070312,81.52323913574219
2020-07-31,96.4800033569336,81.5317153930664
2020-08-03,97.33000183105469,82.25000762939453
2020-08-04,96.29000091552734,81.37114715576172
2020-08-05,97.0199966430664,81.98802185058594
2020-08-06,96.7300033569336,81.74295043945312
2020-08-07,100.05000305175781,84.54859161376953
2020-08-10,100.37999725341797,84.82743835449219
2020-08-11,100.72000122070312,85.1147689819336
2020-08-12,102.08999633789062,86.27251434326172
2020-08-13,101.29000091552734,85.5964584350586
2020-08-14,100.70999908447266,85.10630798339844
2020-08-17,101.86000061035156,86.0781478881836
2020-08-18,101.55999755859375,85.82463073730469
2020-08-19,100.81999969482422,85.19926452636719
2020-08-20,100.27999877929688,84.7429428100586
2020-08-21,98.7300033569336,83.4330825805664
2020-08-24,100.12999725341797,84.61618041992188
2020-08-25,102.58999633789062,86.6950454711914
2020-08-26,104.08000183105469,87.95417022705078
2020-08-27,106.86000061035156,90.30347442626953
2020-08-28,107.86000061035156,91.14851379394531
2020-08-31,107.47000122070312,90.81893920898438
2020-09-01,107.5199966430664,90.86119842529297
2020-09-02,108.77999877929688,91.92598724365234
2020-09-03,106.1500015258789,89.7034683227539
2020-09-04,105.73999786376953,89.35698699951172
2020-09-08,104.58000183105469,88.37672424316406
2020-09-09,106.66000366210938,90.13444519042969
2020-09-10,104.77999877929688,88.54571533203125
2020-09-11,104.7699966430664,88.53728485107422
2020-09-14,106.97000122070312,90.39641571044922
2020-09-15,107.56999969482422,90.90345764160156
2020-09-16,107.48999786376953,90.8358383178711
2020-09-17,107.80999755859375,91.10628509521484
2020-09-18,107.5999984741211,90.92879486083984
2020-09-21,104.80000305175781,88.5626220703125
2020-09-22,104.3499984741211,88.1823501586914
2020-09-23,102.9800033569336,87.02461242675781
2020-09-24,101.2699966430664,86.06427001953125
2020-09-25,103.16000366210938,87.67050170898438
2020-09-28,103.62999725341797,88.06993103027344
2020-09-29,102.69000244140625,87.27106475830078
2020-09-30,103.91999816894531,88.3163833618164
2020-10-01,102.30000305175781,86.93963623046875
2020-10-02,101.95999908447266,86.65067291259766
2020-10-05,103.70999908447266,88.1379165649414
2020-10-06,103.37999725341797,87.85746002197266
2020-10-07,105.66000366210938,89.79511260986328
2020-10-08,107.80000305175781,91.61380004882812
2020-10-09,108.68000030517578,92.36166381835938
2020-10-12,109.05999755859375,92.68460845947266
2020-10-13,106.94000244140625,90.88291931152344
2020-10-14,107.55999755859375,91.40983581542969
2020-10-15,107.5199966430664,91.37584686279297
2020-10-16,110.12999725341797,93.59394073486328
2020-10-19,108.4800033569336,92.19170379638672
2020-10-20,109.1500015258789,92.76110076904297
2020-10-21,109.2300033569336,92.8291015625
2020-10-22,111.83999633789062,95.04718780517578
2020-10-23,111.41999816894531,94.69024658203125
2020-10-26,107.93000030517578,91.72428131103516
2020-10-27,105.20999908447266,89.4126968383789
2020-10-28,102.58999633789062,87.18609619140625
2020-10-29,101.37000274658203,86.14925384521484
2020-10-30,100.56999969482422,85.46939849853516
2020-11-02,102.43000030517578,87.05010223388672
2020-11-03,103.12999725341797,87.64500427246094
2020-11-04,102.45999908447266,87.07559967041016
2020-11-05,104.01000213623047,88.39286804199219
2020-11-06,103.55999755859375,88.01044464111328
2020-11-09,113.22000122070312,96.2199935913086
2020-11-10,114.55999755859375,97.35877227783203
2020-11-11,110.23999786376953,93.68743896484375
2020-11-12,109.5999984741211,93.1435317993164
2020-11-13,112.5,95.60810089111328
2020-11-16,111.62000274658203,94.8602294921875
2020-11-17,110.13999938964844,93.60245513916016
2020-11-18,109.47000122070312,93.0330581665039
2020-11-19,111.0,94.33332824707031
2020-11-20,110.16000366210938,93.61943817138672
2020-11-23,110.97000122070312,94.30783081054688
2020-11-24,114.05999755859375,96.93387603759766
2020-11-25,113.30999755859375,96.29647064208984
2020-11-27,114.58999633789062,97.38426971435547
2020-11-30,113.69999694824219,96.6279067993164
2020-12-01,112.13999938964844,95.30215454101562
2020-12-02,113.5999984741211,96.54291534423828
2020-12-03,112.47000122070312,95.58259582519531
2020-12-04,113.8499984741211,96.75538635253906
2020-12-07,112.61000061035156,95.70156860351562
2020-12-08,111.18000030517578,94.48628997802734
2020-12-09,112.94999694824219,95.99051666259766
2020-12-10,112.68000030517578,95.76107025146484
2020-12-11,112.37999725341797,95.50611877441406
2020-12-14,111.97000122070312,95.15766906738281
2020-12-15,114.88999938964844,97.63923645019531
2020-12-16,114.97000122070312,97.70721435546875
2020-12-17,115.33999633789062,98.02168273925781
2020-12-18,116.70999908447266,99.18595123291016
2020-12-21,114.44999694824219,97.7510757446289
2020-12-22,114.62999725341797,97.90481567382812
2020-12-23,113.94000244140625,97.31550598144531
2020-12-24,114.02999877929688,97.39237213134766
2020-12-28,115.12999725341797,98.33187103271484
2020-12-29,115.56999969482422,98.70767974853516
2020-12-30,115.63999938964844,98.76744842529297
2020-12-31,117.13999938964844,100.04861450195312
2021-01-04,116.0199966430664,99.09200286865234
2021-01-05,116.94999694824219,99.88630676269531
2021-01-06,118.86000061035156,101.51763916015625
2021-01-07,118.69999694824219,101.38097381591797
2021-01-08,119.70999908447266,102.24362182617188
2021-01-11,118.5,101.21016693115234
2021-01-12,117.29000091552734,100.17671966552734
2021-01-13,118.72000122070312,101.39805603027344
2021-01-14,117.7699966430664,100.586669921875
2021-01-15,116.80999755859375,99.76673889160156
2021-01-19,118.30999755859375,101.04788208007812
2021-01-20,119.29000091552734,101.88490295410156
2021-01-21,117.91000366210938,100.70626068115234
2021-01-22,116.58000183105469,99.57030487060547
2021-01-25,116.9000015258789,99.8436050415039
2021-01-26,116.75,99.71549224853516
2021-01-27,111.5,95.23151397705078
2021-01-28,114.7699966430664,98.02439880371094
2021-01-29,111.33000183105469,95.08629608154297
2021-02-01,111.18000030517578,94.95818328857422
2021-02-02,113.94999694824219,97.32404327392578
2021-02-03,112.62999725341797,96.19662475585938
2021-02-04,117.0,99.92902374267578
2021-02-05,118.4000015258789,101.12476348876953
2021-02-08,118.06999969482422,100.84291076660156
2021-02-09,117.87999725341797,100.68061828613281
2021-02-10,117.44000244140625,100.3048324584961
2021-02-11,118.72000122070312,101.39805603027344
2021-02-12,119.73999786376953,102.26922607421875
2021-02-16,119.68000030517578,102.21800231933594
2021-02-17,118.16000366210938,100.9197769165039
2021-02-18,115.38999938964844,98.55394744873047
2021-02-19,113.33000183105469,96.79450225830078
2021-02-22,115.75,98.86140441894531
2021-02-23,118.0,100.78311157226562
2021-02-24,118.73999786376953,101.41515350341797
2021-02-25,117.87999725341797,100.68061828613281
2021-02-26,116.97000122070312,99.9034194946289
2021-03-01,117.86000061035156,100.66355895996094
2021-03-02,117.87000274658203,100.67208862304688
2021-03-03,117.94999694824219,100.74040222167969
2021-03-04,115.2699966430664,98.45144653320312
2021-03-05,118.26000213623047,101.00518035888672
2021-03-08,116.66999816894531,99.64718627929688
2021-03-09,117.05000305175781,99.97171783447266
2021-03-10,118.66000366210938,101.34683227539062
2021-03-11,118.0999984741211,100.8685073852539
2021-03-12,118.80999755859375,101.47492980957031
2021-03-15,119.1500015258789,101.76531982421875
2021-03-16,118.94000244140625,101.58595275878906
2021-03-17,118.55999755859375,101.26141357421875
2021-03-18,118.83000183105469,101.49200439453125
2021-03-19,116.62000274658203,99.60448455810547
2021-03-22,116.83999633789062,99.79236602783203
2021-03-23,115.02999877929688,98.24646759033203
2021-03-24,115.95999908447266,99.04077911376953
2021-03-25,116.58000183105469,100.07083892822266
2021-03-26,118.55999755859375,101.77045440673828
2021-03-29,119.16000366210938,102.28547668457031
2021-03-30,118.83000183105469,102.00218200683594
2021-03-31,118.12999725341797,101.4013442993164
2021-04-01,118.19000244140625,101.45285034179688
2021-04-05,120.25,103.22112274169922
2021-04-06,121.1500015258789,103.99366760253906
2021-04-07,120.62999725341797,103.54730987548828
2021-04-08,120.6500015258789,103.5644760131836
2021-04-09,122.0,104.72329711914062
2021-04-12,121.79000091552734,104.54302978515625
2021-04-13,123.62999725341797,106.1224594116211
2021-04-14,123.9000015258789,106.35421752929688
2021-04-15,125.8499984741211,108.02808380126953
2021-04-16,125.91000366210938,108.07958984375
2021-04-19,126.12999725341797,108.26844024658203
2021-04-20,128.27999877929688,110.11397552490234
2021-04-21,130.25,111.80499267578125
2021-04-22,129.85000610351562,111.4616470336914
2021-04-23,131.1999969482422,112.62046813964844
2021-04-26,130.1199951171875,111.69339752197266
2021-04-27,129.97000122070312,111.56464385986328
2021-04-28,131.1999969482422,112.62046813964844
2021-04-29,131.5,112.87796783447266
2021-04-30,130.9199981689453,112.38011169433594
2021-05-03,131.1999969482422,112.62046813964844
2021-05-04,128.5,110.30281829833984
2021-05-05,127.0,109.01522827148438
2021-05-06,127.30000305175781,109.27275085449219
2021-05-07,126.69999694824219,108.75772094726562
2021-05-10,126.9000015258789,108.92938995361328
2021-05-11,125.22000122070312,107.48731231689453
2021-05-12,123.12000274658203,105.68470764160156
2021-05-13,124.19000244140625,106.60315704345703
2021-05-14,125.2699966430664,107.53023529052734
2021-05-17,125.52999877929688,107.75341033935547
2021-05-18,125.8499984741211,108.02808380126953
2021-05-19,125.66999816894531,107.87357330322266
2021-05-20,126.69999694824219,108.75772094726562
2021-05-21,127.29000091552734,109.26417541503906
2021-05-24,128.10000610351562,109.95945739746094
2021-05-25,128.39999389648438,110.21696472167969
2021-05-26,126.2699966430664,108.38861846923828
2021-05-27,125.1500015258789,107.42720794677734
2021-05-28,126.58999633789062,108.66328430175781
2021-06-01,124.79000091552734,107.11820983886719
2021-06-02,123.80000305175781,106.26839447021484
2021-06-03,123.06999969482422,105.64177703857422
2021-06-04,123.8499984741211,106.3113021850586
2021-06-07,123.95999908447266,106.40573120117188
2021-06-08,121.80000305175781,104.5516128540039
2021-06-09,123.11000061035156,105.67611694335938
2021-06-10,124.73999786376953,107.07526397705078
2021-06-11,123.77999877929688,106.25122833251953
2021-06-14,124.1500015258789,106.5688247680664
2021-06-15,125.16999816894531,107.44438934326172
2021-06-16,125.0199966430664,107.31562805175781
2021-06-17,125.20999908447266,107.47871398925781
2021-06-18,123.2300033569336,105.77910614013672
2021-06-21,125.54000091552734,107.76199340820312
2021-06-22,126.7300033569336,108.78346252441406
2021-06-23,125.48999786376953,107.71905517578125
2021-06-24,125.08999633789062,107.91748809814453
2021-06-25,124.93000030517578,107.77945709228516
2021-06-28,123.73999786376953,106.75281524658203
2021-06-29,124.54000091552734,107.44298553466797
2021-06-30,124.12999725341797,107.08927917480469
2021-07-01,126.12999725341797,108.81470489501953
2021-07-02,126.83000183105469,109.41860961914062
2021-07-06,126.97000122070312,109.53941345214844
2021-07-07,127.73999786376953,110.20369720458984
2021-07-08,127.44000244140625,109.94489288330078
2021-07-09,128.1699981689453,110.57466125488281
2021-07-12,128.1999969482422,110.60054016113281
2021-07-13,127.4000015258789,109.91038513183594
2021-07-14,127.73999786376953,110.20369720458984
2021-07-15,125.36000061035156,108.15042114257812
2021-07-16,125.80000305175781,108.53002166748047
2021-07-19,122.75,105.89874267578125
2021-07-20,125.51000213623047,108.27983856201172
2021-07-21,127.05000305175781,109.6084213256836
2021-07-22,127.11000061035156,109.66016387939453
2021-07-23,128.5399932861328,110.89385986328125
2021-07-26,128.07000732421875,110.48839569091797
2021-07-27,130.22000122070312,112.3432388305664
2021-07-28,130.52000427246094,112.6020736694336
2021-07-29,130.67999267578125,112.7400894165039
2021-07-30,131.30999755859375,113.28362274169922
2021-08-02,131.25999450683594,113.2404556274414
2021-08-03,131.4600067138672,113.41301727294922
2021-08-04,128.3800048828125,110.75585174560547
2021-08-05,128.02000427246094,110.44526672363281
2021-08-06,128.63999938964844,110.98014831542969
2021-08-09,126.91999816894531,109.49626922607422
2021-08-10,125.30000305175781,108.0986557006836
2021-08-11,126.04000091552734,108.73706817626953
2021-08-12,127.5199966430664,110.01390075683594
2021-08-13,128.33999633789062,110.72132110595703
2021-08-16,129.58999633789062,111.79972076416016
2021-08-17,130.75999450683594,112.80911254882812
2021-08-18,129.3300018310547,111.5754165649414
2021-08-19,128.92999267578125,111.23031616210938
2021-08-20,129.89999389648438,112.06716918945312
2021-08-23,128.47999572753906,110.84212493896484
2021-08-24,132.57000732421875,114.37063598632812
2021-08-25,134.5500030517578,116.07881927490234
2021-08-26,133.3699951171875,115.060791015625
2021-08-27,133.80999755859375,115.4404067993164
2021-08-30,133.83999633789062,115.4662857055664
2021-08-31,133.47999572753906,115.15567779541016
2021-09-01,134.1699981689453,115.75096893310547
2021-09-02,134.72999572753906,116.23408508300781
2021-09-03,134.6300048828125,116.1478271484375
2021-09-07,134.57000732421875,116.09608459472656
2021-09-08,135.1699981689453,116.61369323730469
2021-09-09,133.42999267578125,115.11253356933594
2021-09-10,131.13999938964844,113.13692474365234
2021-09-13,130.0399932861328,112.18791198730469
2021-09-14,130.5800018310547,112.65382385253906
2021-09-15,131.64999389648438,113.5769271850586
2021-09-16,130.9199981689453,112.94712829589844
2021-09-17,129.6999969482422,111.8946304321289
2021-09-20,128.72999572753906,111.05777740478516
2021-09-21,127.83999633789062,110.28997039794922
2021-09-22,128.91000366210938,111.21308135986328
2021-09-23,130.63999938964844,113.25909423828125
2021-09-24,130.02000427246094,112.72157287597656
2021-09-27,128.75,111.62054443359375
2021-09-28,126.0,109.23641204833984
2021-09-29,126.58000183105469,109.73924255371094
2021-09-30,125.3499984741211,108.67289733886719
2021-10-01,127.30999755859375,110.37213134765625
2021-10-04,125.05000305175781,108.41281127929688
2021-10-05,125.80000305175781,109.06302642822266
2021-10-06,126.08999633789062,109.31446075439453
2021-10-07,126.83000183105469,109.95597839355469
2021-10-08,125.2699966430664,108.6035385131836
2021-10-11,123.54000091552734,107.10371398925781
2021-10-12,122.93000030517578,106.57488250732422
2021-10-13,122.56999969482422,106.26274871826172
2021-10-14,124.80000305175781,108.19607543945312
2021-10-15,127.75,110.75359344482422
2021-10-18,120.72000122070312,104.65888977050781
2021-10-19,122.19999694824219,105.94197082519531
2021-10-20,121.79000091552734,105.5865478515625
2021-10-21,121.6500015258789,105.46515655517578
2021-10-22,123.08999633789062,106.71356964111328
2021-10-25,123.55999755859375,107.12104797363281
2021-10-26,124.05000305175781,107.54585266113281
2021-10-27,122.5,106.20207214355469
2021-10-28,121.2699966430664,105.13570404052734
2021-10-29,119.86000061035156,103.9133071899414
2021-11-01,120.2300033569336,104.23407745361328
2021-11-02,121.30000305175781,105.16172790527344
2021-11-03,121.18000030517578,105.05770111083984
2021-11-04,120.69000244140625,104.63287353515625
2021-11-05,122.9800033569336,106.61821746826172
2021-11-08,123.0199966430664,106.65289306640625
2021-11-09,122.29000091552734,106.02001190185547
2021-11-10,122.41000366210938,106.12405395507812
2021-11-11,119.58000183105469,103.67054748535156
2021-11-12,119.30999755859375,103.43649291992188
2021-11-15,117.58000183105469,101.93663787841797
2021-11-16,117.98999786376953,102.2920913696289
2021-11-17,117.83000183105469,102.15340423583984
2021-11-18,117.66999816894531,102.0146713256836
2021-11-19,117.22000122070312,101.62455749511719
2021-11-22,116.88999938964844,101.33844757080078
2021-11-23,113.37999725341797,98.29544067382812
2021-11-24,114.44000244140625,99.21439361572266
2021-11-26,111.05000305175781,96.2754135131836
2021-11-29,110.27999877929688,95.60787200927734
2021-11-30,106.69999694824219,92.5041732788086
2021-12-01,105.47000122070312,91.43782043457031
2021-12-02,107.27999877929688,93.00701141357422
2021-12-03,106.87000274658203,92.65156555175781
2021-12-06,110.23999786376953,95.57319641113281
2021-12-07,112.2699966430664,97.33311462402344
2021-12-08,112.41999816894531,97.46315002441406
2021-12-09,112.80999755859375,97.80126190185547
2021-12-10,112.43000030517578,97.4718246459961
2021-12-13,112.86000061035156,97.8446044921875
2021-12-14,111.69000244140625,96.83027648925781
2021-12-15,104.94000244140625,90.97832489013672
2021-12-16,102.20999908447266,88.6115493774414
2021-12-17,100.62999725341797,87.24174499511719
2021-12-20,99.52999877929688,86.28810119628906
2021-12-21,101.6500015258789,88.6874008178711
2021-12-22,101.33999633789062,88.41696166992188
2021-12-23,102.9000015258789,89.77801513671875
2021-12-27,104.43000030517578,91.11290740966797
2021-12-28,104.52999877929688,91.20016479492188
2021-12-29,103.94999694824219,90.69412231445312
2021-12-30,104.47000122070312,91.14779663085938
2021-12-31,103.44999694824219,90.25786590576172
2022-01-03,106.0999984741211,92.5699462890625
2022-01-04,106.38999938964844,92.82296752929688
2022-01-05,106.01000213623047,92.4914321899414
2022-01-06,104.97000122070312,91.58404541015625
2022-01-07,105.16000366210938,91.74981689453125
2022-01-10,105.62000274658203,92.15116119384766
2022-01-11,107.88999938964844,94.1316909790039
2022-01-12,108.94999694824219,95.0564956665039
2022-01-13,108.77999877929688,94.90818786621094
2022-01-14,108.55000305175781,94.7074966430664
2022-01-18,107.48999786376953,93.7826919555664
2022-01-19,107.76000213623047,94.01825714111328
2022-01-20,106.11000061035156,92.57866668701172
2022-01-21,105.5999984741211,92.1336898803711
2022-01-24,104.20999908447266,90.92096710205078
2022-01-25,104.16999816894531,90.88606262207031
2022-01-26,104.08999633789062,90.81626892089844
2022-01-27,103.18000030517578,90.0223159790039
2022-01-28,103.12999725341797,89.97866821289062
2022-01-31,103.48999786376953,90.29277801513672
2022-02-01,103.58999633789062,90.38002014160156
2022-02-02,103.37000274658203,90.1880874633789
2022-02-03,102.16999816894531,89.14111328125
2022-02-04,102.7300033569336,89.62972259521484
2022-02-07,101.98999786376953,88.98406982421875
2022-02-08,104.20999908447266,90.92096710205078
2022-02-09,106.08999633789062,92.56121826171875
2022-02-10,104.87999725341797,91.5055160522461
2022-02-11,102.98999786376953,89.85653686523438
2022-02-14,102.30999755859375,89.26324462890625
2022-02-15,103.91000366210938,90.65923309326172
2022-02-16,103.1500015258789,89.99613952636719
2022-02-17,101.69999694824219,88.73103332519531
2022-02-18,100.58000183105469,87.75387573242188
2022-02-22,103.72000122070312,90.49344635009766
2022-02-23,103.02999877929688,89.89141845703125
2022-02-24,103.33000183105469,90.15316772460938
2022-02-25,105.83999633789062,92.34310150146484
2022-02-28,104.98999786376953,91.60148620605469
2022-03-01,103.66000366210938,90.44110107421875
2022-03-02,106.37999725341797,92.81423950195312
2022-03-03,107.6500015258789,93.92227172851562
2022-03-04,108.30999755859375,94.49813079833984
2022-03-07,106.63999938964844,93.04108428955078
2022-03-08,104.08999633789062,90.81626892089844
2022-03-09,103.58000183105469,90.37130737304688
2022-03-10,104.45999908447266,91.13907623291016
2022-03-11,103.81999969482422,90.58070373535156
2022-03-14,103.22000122070312,90.05720520019531
2022-03-15,105.4000015258789,91.9592056274414
2022-03-16,107.30000305175781,93.61691284179688
2022-03-17,109.73999786376953,95.74575805664062
2022-03-18,110.18000030517578,96.12964630126953
2022-03-21,108.75,94.88201141357422
2022-03-22,108.97000122070312,95.0739517211914
2022-03-23,106.16000366210938,92.62229919433594
2022-03-24,106.3499984741211,93.34200286865234
2022-03-25,108.45999908447266,95.19390106201172
2022-03-28,109.93000030517578,96.48411560058594
2022-03-29,112.37999725341797,98.63446807861328
2022-03-30,111.55999755859375,97.91474151611328
2022-03-31,110.94999694824219,97.37935638427734
2022-04-01,112.5199966430664,98.75733184814453
2022-04-04,110.87999725341797,97.31790161132812
2022-04-05,110.5,96.9843978881836
2022-04-06,111.72000122070312,98.05517578125
2022-04-07,112.33000183105469,98.59056854248047
2022-04-08,112.47000122070312,98.71343231201172
2022-04-11,111.5199966430664,97.87962341308594
2022-04-12,110.58000183105469,97.05459594726562
2022-04-13,110.45999908447266,96.94928741455078
2022-04-14,109.0199966430664,95.6854248046875
2022-04-18,108.08000183105469,94.86040496826172
2022-04-19,110.22000122070312,96.7386474609375
2022-04-20,113.0,99.17860412597656
2022-04-21,113.08999633789062,99.25759887695312
2022-04-22,107.80000305175781,94.61463165283203
2022-04-25,109.4800033569336,96.08915710449219
2022-04-26,106.77999877929688,93.71939849853516
2022-04-27,106.62999725341797,93.5877456665039
2022-04-28,107.1500015258789,94.04415893554688
2022-04-29,104.36000061035156,91.59539031982422
2022-05-02,103.13999938964844,90.52462005615234
2022-05-03,103.11000061035156,90.49827575683594
2022-05-04,105.83000183105469,92.8855972290039
2022-05-05,104.55000305175781,91.76215362548828
2022-05-06,103.44999694824219,90.79669189453125
2022-05-09,99.58000183105469,87.40006256103516
2022-05-10,100.30999755859375,88.040771484375
2022-05-11,100.6500015258789,88.33919525146484
2022-05-12,101.11000061035156,88.74291229248047
2022-05-13,102.66999816894531,90.11211395263672
2022-05-16,103.80999755859375,91.1126708984375
2022-05-17,106.26000213623047,93.26301574707031
2022-05-18,103.56999969482422,90.90202331542969
2022-05-19,102.75,90.18232727050781
2022-05-20,102.52999877929688,89.9892349243164
2022-05-23,104.26000213623047,91.50763702392578
2022-05-24,105.58999633789062,92.6749496459961
2022-05-25,105.54000091552734,92.63105773925781
2022-05-26,99.44000244140625,87.27716064453125
2022-05-27,99.08000183105469,86.96121978759766
2022-05-31,100.1500015258789,87.90032958984375
2022-06-01,97.77999877929688,85.8202133178711
2022-06-02,98.5,86.45215606689453
2022-06-03,95.4800033569336,83.80154418945312
2022-06-06,95.48999786376953,83.81031036376953
2022-06-07,96.47000122070312,84.67044067382812
2022-06-08,96.04000091552734,84.29306030273438
2022-06-09,93.19999694824219,81.8003921508789
2022-06-10,92.73999786376953,81.39666748046875
2022-06-13,90.16999816894531,79.14102172851562
2022-06-14,88.4800033569336,77.65774536132812
2022-06-15,89.3499984741211,78.42131042480469
2022-06-16,87.4000015258789,76.7098159790039
2022-06-17,88.22000122070312,77.4295425415039
2022-06-21,88.70999908447266,77.85958862304688
2022-06-22,89.25,78.33355712890625
2022-06-23,88.66999816894531,78.42198944091797
2022-06-24,90.22000122070312,79.79286193847656
2022-06-27,90.47000122070312,80.01395416259766
2022-06-28,89.19999694824219,78.89071655273438
2022-06-29,90.41999816894531,79.9697494506836
2022-06-30,89.75,79.37718200683594
2022-07-01,91.37999725341797,80.81879425048828
2022-07-05,90.48999786376953,80.03164672851562
2022-07-06,89.62000274658203,79.2621841430664
2022-07-07,89.5,79.15605926513672
2022-07-08,89.4800033569336,79.13838958740234
2022-07-11,88.94999694824219,78.66963195800781
2022-07-12,88.69000244140625,78.43968200683594
2022-07-13,87.91000366210938,77.74983215332031
2022-07-14,87.51000213623047,77.39606475830078
2022-07-15,89.12000274658203,78.81998443603516
2022-07-18,87.9000015258789,77.74098205566406
2022-07-19,90.33000183105469,79.89013671875
2022-07-20,89.2300033569336,78.91728210449219
2022-07-21,90.26000213623047,79.82821655273438
2022-07-22,90.72000122070312,80.23506927490234
2022-07-25,90.75,80.26161193847656
2022-07-26,91.9000015258789,81.2786865234375
2022-07-27,93.22000122070312,82.44612121582031
2022-07-28,93.47000122070312,82.66722869873047
2022-07-29,92.5199966430664,81.82701873779297
2022-08-01,93.08000183105469,82.32231140136719
2022-08-02,93.20999908447266,82.43727111816406
2022-08-03,93.7699966430664,82.93254852294922
2022-08-04,93.20999908447266,82.43727111816406
2022-08-05,93.27999877929688,82.49919891357422
2022-08-08,93.58000183105469,82.76451873779297
2022-08-09,93.0999984741211,82.33999633789062
2022-08-10,94.16999816894531,83.28634643554688
2022-08-11,94.04000091552734,83.17135620117188
2022-08-12,94.81999969482422,83.86121368408203
2022-08-15,95.19999694824219,84.19727325439453
2022-08-16,95.30999755859375,84.29457092285156
2022-08-17,94.91000366210938,83.9408187866211
2022-08-18,95.23999786376953,84.232666015625
2022-08-19,95.0,84.0204086303711
2022-08-22,93.08999633789062,82.33114624023438
2022-08-23,90.22000122070312,79.79286193847656
2022-08-24,89.27999877929688,78.96149444580078
2022-08-25,92.13999938964844,81.4909439086914
2022-08-26,89.43000030517578,79.09415435791016
2022-08-29,88.91000366210938,78.6342544555664
2022-08-30,87.25,77.16610717773438
2022-08-31,87.91999816894531,77.7586669921875
2022-09-01,88.52999877929688,78.29816436767578
2022-09-02,87.19999694824219,77.12187194824219
2022-09-06,86.19999694824219,76.23744201660156
2022-09-07,87.11000061035156,77.04229736328125
2022-09-08,87.88999938964844,77.73214721679688
2022-09-09,89.7300033569336,79.35948944091797
2022-09-12,92.05999755859375,81.42020416259766
2022-09-13,90.31999969482422,79.88127899169922
2022-09-14,90.62000274658203,80.14661407470703
2022-09-15,90.62000274658203,80.14661407470703
2022-09-16,90.25,79.81937408447266
2022-09-19,89.68000030517578,79.31525421142578
2022-09-20,88.45999908447266,78.23624420166016
2022-09-21,85.7300033569336,75.82177734375
2022-09-22,83.55999755859375,74.49346160888672
2022-09-23,82.66000366210938,73.69110870361328
2022-09-26,81.33000183105469,72.50540924072266
2022-09-27,80.88999938964844,72.1131591796875
2022-09-28,82.58999633789062,73.62870788574219
2022-09-29,82.2699966430664,73.34342193603516
2022-09-30,80.75,71.98834228515625
2022-10-03,82.69999694824219,73.72676086425781
2022-10-04,84.5,75.33145141601562
2022-10-05,85.05000305175781,75.82178497314453
2022-10-06,84.41999816894531,75.26013946533203
2022-10-07,82.41999816894531,73.47713470458984
2022-10-10,81.83999633789062,72.9600830078125
2022-10-11,81.88999938964844,73.00464630126953
2022-10-12,80.30999755859375,71.5960693359375
2022-10-13,83.5,74.4399642944336
2022-10-14,81.61000061035156,72.75503540039062
2022-10-17,82.76000213623047,73.78025817871094
2022-10-18,84.0999984741211,74.97486114501953
2022-10-19,83.66000366210938,74.58260345458984
2022-10-20,82.44999694824219,73.5038833618164
2022-10-21,83.26000213623047,74.22600555419922
2022-10-24,83.87999725341797,74.77873992919922
2022-10-25,84.5,75.33145141601562
2022-10-26,85.37000274658203,76.10706329345703
2022-10-27,85.56999969482422,76.28536224365234
2022-10-28,86.81999969482422,77.39973449707031
2022-10-31,87.33999633789062,77.86331939697266
2022-11-01,87.73999786376953,78.21988677978516
2022-11-02,85.77999877929688,76.47257995605469
2022-11-03,84.0199966430664,74.90354919433594
2022-11-04,84.6500015258789,75.46517944335938
2022-11-07,85.54000091552734,76.25862884521484
2022-11-08,80.19000244140625,71.48910522460938
2022-11-09,79.29000091552734,70.68675231933594
2022-11-10,81.83999633789062,72.9600830078125
2022-11-11,83.55000305175781,74.48454284667969
2022-11-14,82.9000015258789,73.90505981445312
2022-11-15,83.4000015258789,74.3508071899414
2022-11-16,81.77999877929688,72.90658569335938
2022-11-17,79.94000244140625,71.2662353515625
2022-11-18,81.30000305175781,72.4786605834961
2022-11-21,82.29000091552734,73.36125183105469
2022-11-22,77.93000030517578,69.47433471679688
2022-11-23,79.0199966430664,70.44605255126953
2022-11-25,79.12000274658203,70.53520965576172
2022-11-28,76.12999725341797,67.86963653564453
2022-11-29,76.4800033569336,68.18165588378906
2022-11-30,79.04000091552734,70.4638900756836
2022-12-01,79.25,70.65109252929688
2022-12-02,79.62000274658203,70.98095703125
2022-12-05,78.79000091552734,70.24100494384766
2022-12-06,77.08000183105469,68.71656036376953
2022-12-07,76.91000366210938,68.56501007080078
2022-12-08,77.79000091552734,69.3495101928711
2022-12-09,78.58999633789062,70.0627212524414
2022-12-12,79.70999908447266,71.06118774414062
2022-12-13,80.13999938964844,71.44452667236328
2022-12-14,78.79000091552734,70.24100494384766
2022-12-15,77.72000122070312,69.28710174560547
2022-12-16,76.72000122070312,68.39561462402344
2022-12-19,77.12000274658203,68.75220489501953
2022-12-20,76.69999694824219,68.98606872558594
2022-12-21,77.16000366210938,69.39981079101562
2022-12-22,77.13999938964844,69.38182067871094
2022-12-23,77.5,69.70559692382812
2022-12-27,77.63999938964844,69.83152770996094
2022-12-28,76.30000305175781,68.62629699707031
2022-12-29,77.80999755859375,69.98443603515625
2022-12-30,77.72000122070312,69.90347290039062
2023-01-03,78.26000213623047,70.38917541503906
2023-01-04,80.97000122070312,72.82661437988281
2023-01-05,80.02999877929688,71.98114776611328
2023-01-06,80.86000061035156,72.72766876220703
2023-01-09,77.54000091552734,69.74159240722656
2023-01-10,78.88999938964844,70.955810546875
2023-01-11,80.31999969482422,72.24198913574219
2023-01-12,79.8499984741211,71.8192367553711
2023-01-13,80.58999633789062,72.48483276367188
2023-01-17,80.3499984741211,72.26897430419922
2023-01-18,78.7300033569336,70.81190490722656
2023-01-19,79.5199966430664,71.52244567871094
2023-01-20,80.91000366210938,72.77265167236328
2023-01-23,82.37000274658203,74.08580780029297
2023-01-24,80.80000305175781,72.67372131347656
2023-01-25,81.19999694824219,73.03348541259766
2023-01-26,81.83999633789062,73.60912322998047
2023-01-27,82.58000183105469,74.27470397949219
2023-01-30,82.58000183105469,74.27470397949219
2023-01-31,83.69000244140625,75.2730712890625
2023-02-01,85.7699966430664,77.14386749267578
2023-02-02,87.58000183105469,78.77183532714844
2023-02-03,87.0999984741211,78.34009552001953
2023-02-06,85.23999786376953,76.66717529296875
2023-02-07,86.58000183105469,77.8724136352539
2023-02-08,86.16000366210938,77.49465942382812
2023-02-09,83.61000061035156,75.20111083984375
2023-02-10,83.69000244140625,75.2730712890625
2023-02-13,84.38999938964844,75.90265655517578
2023-02-14,83.4000015258789,75.0122299194336
2023-02-15,84.48999786376953,75.99260711669922
2023-02-16,84.19999694824219,75.73176574707031
2023-02-17,84.80000305175781,76.27141571044922
2023-02-21,85.48999786376953,76.89202880859375
2023-02-22,85.0999984741211,76.541259765625
2023-02-23,83.98999786376953,75.54288482666016
2023-02-24,83.48999786376953,75.0931625366211
2023-02-27,83.38999938964844,75.00321960449219
2023-02-28,82.80000305175781,74.47257232666016
2023-03-01,82.08000183105469,73.82498168945312
2023-03-02,82.26000213623047,73.98688507080078
2023-03-03,83.41000366210938,75.02123260498047
2023-03-06,81.93000030517578,73.69007873535156
2023-03-07,79.73999786376953,71.72032165527344
2023-03-08,78.4000015258789,70.51509857177734
2023-03-09,78.0,70.15531158447266
2023-03-10,76.72000122070312,69.00405883789062
2023-03-13,77.9800033569336,70.13734436035156
2023-03-14,77.86000061035156,70.02938842773438
2023-03-15,78.41000366210938,70.52409362792969
2023-03-16,79.2699966430664,71.2975845336914
2023-03-17,78.29000091552734,70.41617584228516
2023-03-20,79.61000061035156,71.60340118408203
2023-03-21,81.2300033569336,73.06046295166016
2023-03-22,79.94000244140625,71.90020751953125
2023-03-23,77.56999969482422,70.36712646484375
2023-03-24,79.37000274658203,72.00000762939453
2023-03-27,79.63999938964844,72.24491882324219
2023-03-28,79.51000213623047,72.12700653076172
2023-03-29,79.06999969482422,71.72784423828125
2023-03-30,79.18000030517578,71.82762908935547
2023-03-31,80.62000274658203,73.13392639160156
2023-04-03,79.66999816894531,72.27214050292969
2023-04-04,79.47000122070312,72.0907211303711
2023-04-05,80.2699966430664,72.81642150878906
2023-04-06,80.30000305175781,72.84364318847656
2023-04-10,80.23999786376953,72.78919982910156
2023-04-11,81.0,73.4786376953125
2023-04-12,80.80999755859375,73.30628204345703
2023-04-13,81.58999633789062,74.01383972167969
2023-04-14,80.70999908447266,73.2155532836914
2023-04-17,82.12000274658203,74.49463653564453
2023-04-18,81.6500015258789,74.06828308105469
2023-04-19,84.87000274658203,76.98928833007812
2023-04-20,83.48999786376953,75.7374267578125
2023-04-21,85.7300033569336,77.7694320678711
2023-04-24,89.69000244140625,81.3617172241211
2023-04-25,89.69000244140625,81.3617172241211
2023-04-26,89.97000122070312,81.61571502685547
2023-04-27,91.37999725341797,82.89479064941406
2023-04-28,90.94999694824219,82.50471496582031
2023-05-01,90.68000030517578,82.25979614257812
2023-05-02,90.2300033569336,81.85157012939453
2023-05-03,90.69000244140625,82.26885986328125
2023-05-04,89.2699966430664,80.980712890625
2023-05-05,90.05999755859375,81.69734191894531
2023-05-08,90.19000244140625,81.81529235839844
2023-05-09,89.5999984741211,81.28005981445312
2023-05-10,89.41000366210938,81.10772705078125
2023-05-11,89.0199966430664,80.7539291381836
2023-05-12,88.87999725341797,80.62692260742188
2023-05-15,89.30999755859375,81.0169906616211
2023-05-16,88.9000015258789,80.64508056640625
2023-05-17,88.58000183105469,80.35478973388672
2023-05-18,89.0199966430664,80.7539291381836
2023-05-19,89.33000183105469,81.03514099121094
2023-05-22,89.5,81.18936157226562
2023-05-23,87.12999725341797,79.03942108154297
2023-05-24,87.48999786376953,79.36598205566406
2023-05-25,83.54000091552734,75.78278350830078
2023-05-26,81.45999908447266,73.89591979980469
2023-05-30,82.5,74.83935546875
2023-05-31,82.76000213623047,75.0752182006836
2023-06-01,82.75,75.06615447998047
2023-06-02,83.76000213623047,75.98234558105469
2023-06-05,83.7300033569336,75.95513916015625
2023-06-06,83.5999984741211,75.83719635009766
2023-06-07,82.88999938964844,75.19315338134766
2023-06-08,83.0999984741211,75.38365173339844
2023-06-09,83.7300033569336,75.95513916015625
2023-06-12,84.27999877929688,76.4540786743164
2023-06-13,85.75,77.78755950927734
2023-06-14,87.91000366210938,79.74701690673828
2023-06-15,88.25,80.05542755126953
2023-06-16,89.1500015258789,80.87186431884766
2023-06-20,88.94000244140625,80.68135833740234
2023-06-21,88.31999969482422,80.11891174316406
2023-06-22,87.41000366210938,79.91778564453125
2023-06-23,87.4800033569336,79.98179626464844
2023-06-26,87.0,79.54292297363281
2023-06-27,87.1500015258789,79.68006134033203
2023-06-28,86.36000061035156,78.95777893066406
2023-06-29,86.7699966430664,79.33263397216797
2023-06-30,88.0999984741211,80.54864501953125
2023-07-03,87.13999938964844,79.6709213256836
2023-07-05,86.87000274658203,79.42406463623047
2023-07-06,86.06999969482422,78.69263458251953
2023-07-07,85.88999938964844,78.52806854248047
2023-07-10,86.44999694824219,79.04006958007812
2023-07-11,87.29000091552734,79.8080825805664
2023-07-12,87.56999969482422,80.06407928466797
2023-07-13,88.05000305175781,80.50293731689453
2023-07-14,87.6500015258789,80.13721466064453
2023-07-17,86.70999908447266,79.27777862548828
2023-07-18,86.5999984741211,79.17721557617188
2023-07-19,86.12000274658203,78.73835754394531
2023-07-20,89.3499984741211,81.69149780273438
2023-07-21,88.95999908447266,81.33493041992188
2023-07-24,88.76000213623047,81.15206909179688
2023-07-25,88.95999908447266,81.33493041992188
2023-07-26,90.4000015258789,82.6515121459961
2023-07-27,88.51000213623047,80.92350006103516
2023-07-28,88.25,80.68577575683594
2023-07-31,87.76000213623047,80.23779296875
2023-08-01,87.68000030517578,80.16463470458984
2023-08-02,85.45999908447266,78.13492584228516
2023-08-03,84.48999786376953,77.2480697631836
2023-08-04,84.04000091552734,76.83663940429688
2023-08-07,84.72000122070312,77.45834350585938
2023-08-08,82.23999786376953,75.19091033935547
2023-08-09,82.94000244140625,75.8309326171875
2023-08-10,83.12000274658203,75.9955062866211
2023-08-11,83.44999694824219,76.29720306396484
2023-08-14,83.16000366210938,76.03207397460938
2023-08-15,82.83999633789062,75.73949432373047
2023-08-16,81.56999969482422,74.5783462524414
2023-08-17,81.55999755859375,74.5692138671875
2023-08-18,81.5199966430664,74.53263092041016
2023-08-21,81.61000061035156,74.61491394042969
2023-08-22,83.72000122070312,76.54407501220703
2023-08-23,83.68000030517578,76.50748443603516
2023-08-24,81.05999755859375,74.112060546875
2023-08-25,82.19000244140625,75.14521026611328
2023-08-28,81.38999938964844,74.41376495361328
2023-08-29,82.08000183105469,75.04463195800781
2023-08-30,82.30999755859375,75.25492858886719
2023-08-31,81.5,74.51435852050781
2023-09-01,82.12999725341797,75.09034729003906
2023-09-05,80.19999694824219,73.3257827758789
2023-09-06,80.70999908447266,73.79206848144531
2023-09-07,79.93000030517578,73.07891845703125
2023-09-08,79.95999908447266,73.1063461303711
2023-09-11,81.4000015258789,74.42292022705078
2023-09-12,80.9800033569336,74.03893280029297
2023-09-13,81.31999969482422,74.34977722167969
2023-09-14,81.95999908447266,74.93490600585938
2023-09-15,81.7699966430664,74.76119995117188
2023-09-18,82.80000305175781,75.70292663574219
2023-09-19,82.62999725341797,75.5474853515625
2023-09-20,81.4800033569336,74.4960708618164
2023-09-21,80.45999908447266,74.1917724609375
2023-09-22,80.2699966430664,74.01658630371094
2023-09-25,79.97000122070312,73.73995208740234
2023-09-26,78.94999694824219,72.79940032958984
2023-09-27,78.22000122070312,72.12628936767578
2023-09-28,78.69000244140625,72.55966186523438
2023-09-29,78.36000061035156,72.25537109375
2023-10-02,77.7699966430664,71.71133422851562
2023-10-03,76.54000091552734,70.57717895507812
2023-10-04,76.2699966430664,70.32818603515625
2023-10-05,76.1500015258789,70.2175521850586
2023-10-06,76.12000274658203,70.18988037109375
2023-10-09,75.12999725341797,69.27699279785156
2023-10-10,76.18000030517578,70.24520111083984
2023-10-11,72.88999938964844,67.21150970458984
2023-10-12,71.29000091552734,65.73616790771484
2023-10-13,71.95999908447266,66.35396575927734
2023-10-16,71.75,66.16033172607422
2023-10-17,72.80999755859375,67.13776397705078
2023-10-18,72.69999694824219,67.03631591796875
2023-10-19,72.3499984741211,66.71357727050781
2023-10-20,72.69999694824219,67.03631591796875
2023-10-23,72.38999938964844,66.7504653930664
2023-10-24,71.95999908447266,66.35396575927734
2023-10-25,71.4000015258789,65.83758544921875
2023-10-26,70.37000274658203,64.88784790039062
2023-10-27,69.43000030517578,64.02107238769531
2023-10-30,69.97000122070312,64.51898956298828
2023-10-31,70.55999755859375,65.06301879882812
2023-11-01,70.8499984741211,65.3304443359375
2023-11-02,72.08999633789062,66.47382354736328
2023-11-03,72.55999755859375,66.90721893310547
2023-11-06,73.41999816894531,67.70023345947266
2023-11-07,72.4800033569336,66.83345794677734
2023-11-08,71.70999908447266,66.1234359741211
2023-11-09,70.08999633789062,64.62964630126953
2023-11-10,70.68000030517578,65.17369079589844
2023-11-13,72.08000183105469,66.46460723876953
2023-11-14,72.58999633789062,66.93488311767578
2023-11-15,74.0199966430664,68.25347900390625
2023-11-16,74.87999725341797,69.04647827148438
2023-11-17,74.76000213623047,68.93582916259766
2023-11-20,75.16000366210938,69.30467224121094
2023-11-21,78.62000274658203,72.4951171875
2023-11-22,78.37000274658203,72.26459503173828
2023-11-24,78.97000122070312,72.8178482055664
2023-11-27,79.0,72.84552764892578
2023-11-28,78.62999725341797,72.50433349609375
2023-11-29,78.86000061035156,72.7164077758789
2023-11-30,79.2699966430664,73.09447479248047
2023-12-01,79.98999786376953,73.7583999633789
2023-12-04,79.76000213623047,73.54630279541016
2023-12-05,78.81999969482422,72.67953491210938
2023-12-06,79.04000091552734,72.88240051269531
2023-12-07,79.55000305175781,73.3526611328125
2023-12-08,79.3499984741211,73.16825866699219
2023-12-11,79.72000122070312,73.5094223022461
2023-12-12,80.08000183105469,73.84137725830078
2023-12-13,81.9000015258789,75.51959228515625
2023-12-14,83.43000030517578,76.93040466308594
2023-12-15,82.61000061035156,76.17427825927734
2023-12-18,83.05999755859375,76.5892105102539
2023-12-19,82.06999969482422,76.3102798461914
2023-12-20,80.61000061035156,74.9527359008789
2023-12-21,81.95999908447266,76.20797729492188
2023-12-22,81.91999816894531,76.1707992553711
2023-12-26,82.30000305175781,76.52413940429688
2023-12-27,82.41999816894531,76.63571166992188
2023-12-28,82.7300033569336,76.92395782470703
2023-12-29,82.37999725341797,76.59851837158203
2024-01-02,82.83999633789062,77.0262222290039
2024-01-03,83.19999694824219,77.36096954345703
2024-01-04,83.93000030517578,78.03974914550781
2024-01-05,84.56999969482422,78.63481903076172
2024-01-08,86.56999969482422,80.49444580078125
2024-01-09,86.66000366210938,80.57814025878906
2024-01-10,87.08000183105469,80.96867370605469
2024-01-11,87.08999633789062,80.97796630859375
2024-01-12,87.41999816894531,81.2848129272461
2024-01-16,86.54000091552734,80.46656799316406
2024-01-17,86.05000305175781,80.01095581054688
2024-01-18,86.29000091552734,80.2341079711914
2024-01-19,86.48999786376953,80.42008209228516
2024-01-22,86.47000122070312,80.4014892578125
2024-01-23,86.33999633789062,80.28060150146484
2024-01-24,84.72000122070312,78.7742919921875
2024-01-25,85.79000091552734,79.76920318603516
2024-01-26,86.54000091552734,80.46656799316406
2024-01-29,87.44000244140625,81.30341339111328
2024-01-30,86.97000122070312,80.86640167236328
2024-01-31,87.54000091552734,81.3963851928711
2024-02-01,88.08999633789062,81.90778350830078
2024-02-02,87.62999725341797,81.48007202148438
2024-02-05,86.75,80.66182708740234
2024-02-06,87.73999786376953,81.58234405517578
2024-02-07,87.16000366210938,81.0430679321289
2024-02-08,86.18000030517578,80.13182067871094
2024-02-09,84.98999786376953,79.02534484863281
2024-02-12,85.06999969482422,79.09972381591797
2024-02-13,83.58999633789062,77.72360229492188
2024-02-14,83.68000030517578,77.80728149414062
2024-02-15,84.72000122070312,78.7742919921875
2024-02-16,84.41999816894531,78.49534606933594
2024-02-20,85.8499984741211,79.82498931884766
2024-02-21,85.9000015258789,79.87149047851562
2024-02-22,85.05999755859375,79.0904312133789
2024-02-23,85.66999816894531,79.6576156616211
2024-02-26,83.66999816894531,77.79798889160156
2024-02-27,83.83999633789062,77.9560546875
2024-02-28,83.36000061035156,77.5097427368164
2024-02-29,83.36000061035156,77.5097427368164
2024-03-01,83.5999984741211,77.7328872680664
2024-03-04,85.05999755859375,79.0904312133789
2024-03-05,84.5999984741211,78.6627197265625
2024-03-06,85.55000305175781,79.54605102539062
2024-03-07,85.1500015258789,79.17411804199219
2024-03-08,85.12999725341797,79.155517578125
2024-03-11,85.5,79.49954986572266
2024-03-12,85.73999786376953,79.72269439697266
2024-03-13,85.08000183105469,79.1090316772461
2024-03-14,84.38999938964844,78.46745300292969
2024-03-15,83.56999969482422,77.70500946044922
2024-03-18,83.66000366210938,77.78870391845703
2024-03-19,84.11000061035156,78.20709991455078
2024-03-20,84.04000091552734,78.14202117919922
2024-03-21,83.41000366210938,78.19827270507812
2024-03-22,83.08000183105469,77.88888549804688
2024-03-25,83.23999786376953,78.03889465332031
2024-03-26,83.69999694824219,78.47014617919922
2024-03-27,86.91999816894531,81.48894500732422
2024-03-28,87.1500015258789,81.70458984375
2024-04-01,87.0199966430664,81.58269500732422
2024-04-02,85.19999694824219,79.87641143798828
2024-04-03,85.0,79.68891906738281
2024-04-04,83.91999816894531,78.67639923095703
2024-04-05,84.55999755859375,79.27640533447266
2024-04-08,82.91000366210938,77.72950744628906
2024-04-09,83.80000305175781,78.56389617919922
2024-04-10,82.33000183105469,77.18575286865234
2024-04-11,82.16999816894531,77.0357437133789
2024-04-12,80.12999725341797,75.12321472167969
2024-04-15,80.2300033569336,75.21696472167969
2024-04-16,79.25,74.29818725585938
2024-04-17,79.08000183105469,74.13882446289062
2024-04-18,79.19000244140625,74.24195098876953
2024-04-19,79.4800033569336,74.51382446289062
2024-04-22,80.56999969482422,75.53572082519531
2024-04-23,81.29000091552734,76.21073150634766
2024-04-24,80.37999725341797,75.35758972167969
2024-04-25,79.25,74.29818725585938
2024-04-26,79.73999786376953,74.75758361816406
2024-04-29,80.86000061035156,75.8075942993164
2024-04-30,80.23999786376953,75.2263412475586
2024-05-01,80.88999938964844,75.83573150634766
2024-05-02,80.91999816894531,75.86385345458984
2024-05-03,81.69000244140625,76.58573913574219
2024-05-06,81.76000213623047,76.6513671875
2024-05-07,81.9000015258789,76.7826156616211
2024-05-08,81.55000305175781,76.45448303222656
2024-05-09,82.76000213623047,77.58889770507812
2024-05-10,82.83999633789062,77.66387176513672
2024-05-13,83.5199966430664,78.30139923095703
2024-05-14,84.30000305175781,79.03265380859375
2024-05-15,84.72000122070312,79.42640686035156
2024-05-16,85.63999938964844,80.28893280029297
2024-05-17,85.91999816894531,80.55142974853516
2024-05-20,84.51000213623047,79.22953796386719
2024-05-21,85.16999816894531,79.84829711914062
2024-05-22,85.76000213623047,80.40143585205078
2024-05-23,81.37999725341797,76.29512023925781
2024-05-24,82.29000091552734,77.14823913574219
2024-05-28,82.0,76.87637329101562
2024-05-29,81.48999786376953,76.39824676513672
2024-05-30,80.5999984741211,75.56385040283203
2024-05-31,81.37000274658203,76.28575134277344
2024-06-03,82.12000274658203,76.98887634277344
2024-06-04,83.2699966430664,78.06700134277344
2024-06-05,82.30999755859375,77.1669921875
2024-06-06,82.33999633789062,77.19512176513672
2024-06-07,84.06999969482422,78.81703186035156
2024-06-10,83.13999938964844,77.94513702392578
2024-06-11,81.94999694824219,76.8294906616211
2024-06-12,82.2300033569336,77.09200286865234
2024-06-13,81.66000366210938,76.55760955810547
2024-06-14,81.04000091552734,75.97634887695312
2024-06-17,79.94999694824219,74.95445251464844
2024-06-18,79.75,74.76696014404297
2024-06-20,80.16999816894531,75.16071319580078
2024-06-21,81.63999938964844,76.53885650634766
2024-06-24,81.04000091552734,75.97634887695312
2024-06-25,80.41000366210938,75.38572692871094
2024-06-26,80.05000305175781,75.0482177734375
2024-06-27,79.33000183105469,74.37319946289062
2024-06-28,78.70999908447266,74.4488754272461
2024-07-01,77.12000274658203,72.94495391845703
2024-07-02,77.37000274658203,73.18141174316406
2024-07-03,77.16999816894531,72.99223327636719
2024-07-05,77.61000061035156,73.40841674804688
2024-07-08,76.83999633789062,72.68010711669922
2024-07-09,76.87999725341797,72.71794128417969
2024-07-10,77.05999755859375,72.88818359375
2024-07-11,78.06999969482422,73.84351348876953
2024-07-12,77.94999694824219,73.7300033569336
2024-07-15,77.08000183105469,72.90711975097656
2024-07-16,78.0999984741211,73.87189483642578
2024-07-17,81.26000213623047,76.86082458496094
2024-07-18,81.20999908447266,76.81351470947266
2024-07-19,79.4800033569336,75.17717742919922
2024-07-22,79.30000305175781,75.0069351196289
2024-07-23,79.4000015258789,75.10150909423828
2024-07-24,79.97000122070312,75.64065551757812
2024-07-25,78.45999908447266,74.21239471435547
2024-07-26,78.69999694824219,74.43939208984375
2024-07-29,80.0,75.66903686523438
2024-07-30,80.80999755859375,76.43517303466797
2024-07-31,80.31999969482422,75.97171020507812
2024-08-01,80.48999786376953,76.13249969482422
2024-08-02,81.51000213623047,77.09728240966797
2024-08-05,80.33000183105469,75.98117065429688
2024-08-06,80.77999877929688,76.40680694580078
2024-08-07,81.08999633789062,76.70001220703125
2024-08-08,82.20999908447266,77.75939178466797
2024-08-09,82.04000091552734,77.59858703613281
2024-08-12,81.19000244140625,76.79460906982422
2024-08-13,82.2699966430664,77.81612396240234
2024-08-14,81.73999786376953,77.31483459472656
2024-08-15,83.6500015258789,79.12142944335938
2024-08-16,84.5999984741211,80.0199966430664
2024-08-19,84.81999969482422,80.22807312011719
2024-08-20,85.37999725341797,80.75778198242188
2024-08-21,87.54000091552734,82.80083465576172
2024-08-22,87.83000183105469,83.07514953613281
2024-08-23,88.3499984741211,83.56697845458984
2024-08-26,89.33999633789062,84.50338745117188
2024-08-27,88.80000305175781,83.99262237548828
2024-08-28,88.33000183105469,83.5480728149414
2024-08-29,88.19000244140625,83.41565704345703
2024-08-30,88.58000183105469,83.78453063964844
2024-09-03,88.95999908447266,84.14395141601562
2024-09-04,91.02999877929688,86.10189819335938
2024-09-05,89.38999938964844,84.5506820678711
2024-09-06,89.88999938964844,85.02361297607422
2024-09-09,90.62000274658203,85.71410369873047
2024-09-10,90.98999786376953,86.0640640258789
2024-09-11,90.3499984741211,85.45870208740234
2024-09-12,90.0,85.12765502929688
2024-09-13,90.0,85.12765502929688
2024-09-16,90.11000061035156,85.23170471191406
2024-09-17,88.62999725341797,83.83181762695312
2024-09-18,88.12999725341797,83.35888671875
2024-09-19,89.47000122070312,84.62635803222656
2024-09-20,89.33999633789062,84.50338745117188
2024-09-23,89.86000061035156,84.99523162841797
2024-09-24,89.76000213623047,84.90065002441406
2024-09-25,89.38999938964844,84.5506820678711
2024-09-26,89.44999694824219,84.60743713378906
2024-09-27,89.31999969482422,85.15082550048828
2024-09-30,90.02999877929688,85.82769775390625
2024-10-01,90.0,85.79908752441406
2024-10-02,89.12000274658203,84.96015930175781
2024-10-03,87.7699966430664,83.67317962646484
2024-10-04,88.26000213623047,84.14030456542969
2024-10-07,87.04000091552734,82.97725677490234
2024-10-08,88.13999938964844,84.0259017944336
2024-10-09,88.3499984741211,84.2260971069336
2024-10-10,88.8499984741211,84.70276641845703
2024-10-11,89.36000061035156,85.18895721435547
2024-10-14,90.01000213623047,85.8086166381836
2024-10-15,89.83999633789062,85.64656066894531
2024-10-16,89.98999786376953,85.78955078125
2024-10-17,89.79000091552734,85.59889221191406
2024-10-18,92.23999786376953,87.93452453613281
2024-10-21,91.02999877929688,86.78102111816406
2024-10-22,91.12000274658203,86.8668212890625
2024-10-23,92.2699966430664,87.96311950683594
2024-10-24,90.98999786376953,86.74287414550781
2024-10-25,90.58999633789062,86.3615493774414
2024-10-28,90.5999984741211,86.37107849121094
2024-10-29,90.31999969482422,86.1041488647461
2024-10-30,90.5,86.27574920654297
2024-10-31,89.25,85.08409881591797
2024-11-01,90.06999969482422,85.8658218383789
2024-11-04,89.30999755859375,85.14129638671875
2024-11-05,89.68000030517578,85.49402618408203
2024-11-06,90.11000061035156,85.9039535522461
2024-11-07,88.12000274658203,84.0068359375
2024-11-08,87.72000122070312,83.6255111694336
2024-11-11,88.2699966430664,84.14984130859375
2024-11-12,88.30000305175781,84.17845153808594
2024-11-13,87.97000122070312,83.86384582519531
2024-11-14,86.0,81.98578643798828
2024-11-15,87.52999877929688,83.44438171386719
2024-11-18,87.58999633789062,83.50157928466797
2024-11-19,85.0,81.03247833251953
2024-11-20,84.11000061035156,80.18401336669922
2024-11-21,84.73999786376953,80.78460693359375
2024-11-22,86.20999908447266,82.18598937988281
2024-11-25,85.75,81.74746704101562
2024-11-26,85.68000030517578,81.68073272705078
2024-11-27,86.2699966430664,82.24319458007812
2024-11-29,86.54000091552734,82.5005874633789
2024-12-02,86.54000091552734,82.5005874633789
2024-12-03,85.70999908447266,81.70933532714844
2024-12-04,85.31999969482422,81.33753204345703
2024-12-05,84.13999938964844,80.21260833740234
2024-12-06,84.01000213623047,80.08869171142578
2024-12-09,83.95999908447266,80.041015625
2024-12-10,83.58000183105469,79.67875671386719
2024-12-11,82.91999816894531,79.049560546875
2024-12-12,82.7300033569336,78.86842346191406
2024-12-13,82.4800033569336,78.63009643554688
2024-12-16,81.3499984741211,77.55284118652344
2024-12-17,81.37000274658203,77.57190704345703
2024-12-18,80.02999877929688,76.29444122314453
2024-12-19,79.98999786376953,76.25631713867188
2024-12-20,81.02999877929688,77.2477798461914
2024-12-23,81.4000015258789,77.60051727294922
2024-12-24,81.54000091552734,77.73397064208984
2024-12-26,81.5999984741211,77.79117584228516
2024-12-27,80.73999786376953,77.63731384277344
2024-12-30,79.61000061035156,76.55074310302734
2024-12-31,79.87999725341797,76.81036376953125
2025-01-02,80.22000122070312,77.1373062133789
2025-01-03,80.94999694824219,77.8392562866211
2025-01-06,79.83999633789062,76.77190399169922
2025-01-07,79.87000274658203,76.80075073242188
2025-01-08,82.68000030517578,79.50277709960938
2025-01-10,80.66000366210938,77.56040954589844
2025-01-13,81.79000091552734,78.64697265625
2025-01-14,85.25,81.97400665283203
2025-01-15,85.4000015258789,82.11824798583984
2025-01-16,87.16000366210938,83.81061553955078
2025-01-17,88.08000183105469,84.69525909423828
2025-01-21,88.37999725341797,84.98373413085938
2025-01-22,87.83999633789062,84.4644775390625
2025-01-23,89.25,85.82029724121094
2025-01-24,90.19000244140625,86.72418212890625
2025-01-27,92.45999908447266,88.90695190429688
2025-01-28,91.9800033569336,88.44538879394531
2025-01-29,91.41000366210938,87.89729309082031
2025-01-30,91.98999786376953,88.45500946044922
2025-01-31,90.81999969482422,87.32996368408203
2025-02-03,90.52999877929688,87.05110931396484
2025-02-04,90.97000122070312,87.47420501708984
2025-02-05,91.69000244140625,88.16653442382812
2025-02-06,90.81999969482422,87.32996368408203
2025-02-07,90.01000213623047,86.55110168457031
2025-02-10,90.83999633789062,87.34918975830078
2025-02-11,91.19999694824219,87.69535064697266
2025-02-12,91.3499984741211,87.839599609375
2025-02-13,92.19999694824219,88.65692901611328
2025-02-14,92.80999755859375,89.24349212646484
2025-02-18,86.06999969482422,82.76249694824219
2025-02-19,87.0,83.65677642822266
2025-02-20,87.94000244140625,84.5606460571289
2025-02-21,89.94000244140625,86.4837875366211
2025-02-24,90.16999816894531,86.70494842529297
2025-02-25,90.4800033569336,87.00304412841797
2025-02-26,90.58000183105469,87.09919738769531
2025-02-27,90.73999786376953,87.25303649902344
2025-02-28,92.0199966430664,88.48384857177734
2025-03-03,94.30000305175781,90.67623901367188
2025-03-04,93.02999877929688,89.45503997802734
2025-03-05,94.05999755859375,90.4454574584961
2025-03-06,93.12999725341797,89.55120086669922
2025-03-07,94.5,90.8685531616211
2025-03-10,93.80000305175781,90.1954574584961
2025-03-11,93.27999877929688,89.6954345703125
2025-03-12,91.51000213623047,87.99345397949219
2025-03-13,92.33000183105469,88.78194427490234
2025-03-14,93.06999969482422,89.49351501464844
2025-03-17,93.3499984741211,89.76274871826172
2025-03-18,92.20999908447266,88.66654968261719
2025-03-19,91.87000274658203,88.3396224975586
2025-03-20,91.22000122070312,87.71459197998047
2025-03-21,90.33000183105469,86.85879516601562
2025-03-24,90.12999725341797,86.6664810180664
2025-03-25,88.58999633789062,85.18565368652344
2025-03-26,88.2300033569336,84.8395004272461
2025-03-27,88.9800033569336,85.56067657470703
2025-03-28,87.62999725341797,84.9306869506836
2025-03-31,89.86000061035156,87.09199523925781
2025-04-01,88.48999786376953,85.76420593261719
2025-04-02,88.86000061035156,86.122802734375
2025-04-03,87.88999938964844,85.18268585205078
2025-04-04,82.87999725341797,80.32701110839844
2025-04-07,83.1500015258789,80.58869934082031
2025-04-08,81.87999725341797,79.3578109741211
2025-04-09,85.27999877929688,82.65308380126953
2025-04-10,82.54000091552734,79.99748992919922
2025-04-11,82.9000015258789,80.34638977050781
2025-04-14,84.22000122070312,81.625732421875
2025-04-15,82.37000274658203,79.83271789550781
2025-04-16,82.69999694824219,80.15254974365234
2025-04-17,82.5999984741211,80.05563354492188
2025-04-21,81.80000305175781,79.28028869628906
2025-04-22,83.37000274658203,80.80191040039062
2025-04-23,83.75,81.17020416259766
2025-04-24,84.30000305175781,81.70327758789062
2025-04-25,84.16000366210938,81.56758117675781
2025-04-28,84.04000091552734,81.45127868652344
2025-04-29,84.5999984741211,81.99402618408203
2025-04-30,84.76000213623047,82.14910125732422
2025-05-01,83.55999755859375,80.9860610961914
2025-05-02,84.8499984741211,82.236328125
2025-05-05,83.44999694824219,80.87945556640625
2025-05-06,82.31999969482422,79.78425598144531
2025-05-07,83.16000366210938,80.598388671875
2025-05-08,83.62000274658203,81.04421997070312
2025-05-09,83.4800033569336,80.90853118896484
2025-05-12,85.80999755859375,83.16675567626953
2025-05-13,85.11000061035156,82.48831176757812
2025-05-14,84.25,81.6548080444336
2025-05-15,86.11000061035156,83.45751953125
2025-05-16,86.44000244140625,83.77735900878906
2025-05-19,86.97000122070312,84.29103088378906
2025-05-20,86.37000274658203,83.70951080322266
2025-05-21,84.41000366210938,81.80988311767578
2025-05-22,80.91000366210938,78.4177017211914
2025-05-23,80.68000030517578,78.19477844238281
2025-05-27,81.18000030517578,78.67937469482422
2025-05-28,81.23999786376953,78.7375259399414
2025-05-29,82.41000366210938,79.87149047851562
2025-05-30,82.9800033569336,80.42394256591797
2025-06-02,83.73999786376953,81.1605224609375
2025-06-03,85.54000091552734,82.90507507324219
2025-06-04,85.5999984741211,82.96321868896484
2025-06-05,87.0,84.32011413574219
2025-06-06,87.44000244140625,84.74655151367188
2025-06-09,87.44999694824219,84.75623321533203
2025-06-10,87.95999908447266,85.25053405761719
2025-06-11,88.05999755859375,85.34744262695312
2025-06-12,88.48999786376953,85.76420593261719
2025-06-13,87.2699966430664,84.58177185058594
2025-06-16,87.91999816894531,85.21175384521484
2025-06-17,86.16999816894531,83.51567077636719
2025-06-18,85.7300033569336,83.0892333984375
2025-06-20,86.33999633789062,83.68042755126953
2025-06-23,85.95999908447266,83.3121337890625
2025-06-24,86.08000183105469,83.4284439086914
2025-06-25,85.97000122070312,83.32183837890625
2025-06-26,86.18000030517578,83.52535247802734
2025-06-27,86.0199966430664,84.06283569335938
2025-06-30,87.16999816894531,85.1866683959961
2025-07-01,88.75,86.73072814941406
2025-07-02,88.27999877929688,86.27142333984375
2025-07-03,88.38999938964844,86.37892150878906
2025-07-07,87.66999816894531,85.67530059814453
2025-07-08,88.58000183105469,86.5645980834961
2025-07-09,89.0,86.97504425048828
2025-07-10,89.4000015258789,87.3659439086914
2025-07-11,89.91999816894531,87.87410736083984
2025-07-14,89.7300033569336,87.68843078613281
2025-07-15,89.22000122070312,87.1900405883789
2025-07-16,89.77999877929688,87.73729705810547
2025-07-17,89.52999877929688,87.49298095703125
2025-07-18,89.61000061035156,87.5711669921875
2025-07-21,89.69999694824219,87.65911865234375
2025-07-22,91.6500015258789,89.56475067138672
2025-07-23,92.01000213623047,89.91655731201172
2025-07-24,92.31999969482422,90.2195053100586
2025-07-25,92.94000244140625,90.82540130615234
2025-07-28,91.97000122070312,89.87747955322266
2025-07-29,92.44000244140625,90.33677673339844
2025-07-30,91.63999938964844,89.55496978759766
2025-07-31,90.23999786376953,88.18682861328125
2025-08-01,89.33999633789062,87.30730438232422
2025-08-04,89.63999938964844,87.60047912597656
2025-08-05,89.66999816894531,87.62979888916016
2025-08-06,89.36000061035156,87.32685089111328
2025-08-07,91.23999786376953,89.16407775878906
2025-08-08,92.87999725341797,90.76676940917969
2025-08-11,92.73999786376953,90.62994384765625
2025-08-12,92.08000183105469,89.98497009277344
2025-08-13,92.91000366210938,90.79608154296875
2025-08-14,91.9800033569336,89.88724517822266
2025-08-15,93.0199966430664,90.90357208251953
2025-08-18,92.80999755859375,90.69835662841797
2025-08-19,89.9000015258789,87.85456085205078
2025-08-20,93.22000122070312,91.09902954101562
2025-08-21,91.0999984741211,89.02725982666016
2025-08-22,92.70999908447266,90.60063171386719
2025-08-25,92.04000091552734,89.94587707519531
2025-08-26,92.18000030517578,90.08268737792969
2025-08-27,92.05000305175781,89.95565032958984
2025-08-28,91.95999908447266,89.86769104003906
2025-08-29,92.80999755859375,90.69835662841797
2025-09-02,93.33000183105469,91.20652770996094
2025-09-03,92.25,90.1511001586914
2025-09-04,92.8499984741211,90.7374496459961
2025-09-05,92.9000015258789,90.78631591796875
2025-09-08,92.98999786376953,90.87425994873047
2025-09-09,94.06999969482422,91.9296875
2025-09-10,92.31999969482422,90.2195053100586
2025-09-11,94.25,92.10559844970703
2025-09-12,94.02999877929688,91.89059448242188
2025-09-15,93.43000030517578,91.30424499511719
2025-09-16,94.19000244140625,92.04696655273438
2025-09-17,94.58000183105469,92.42808532714844
2025-09-18,95.58999633789062,93.41510009765625
2025-09-19,95.08000183105469,92.91670227050781
2025-09-22,94.62000274658203,92.46717834472656
2025-09-23,94.95999908447266,92.7994384765625
2025-09-24,95.73999786376953,93.56169128417969
2025-09-25,94.30000305175781,92.15445709228516
2025-09-26,94.22000122070312,92.77478790283203
2025-09-29,93.97000122070312,92.52862548828125
2025-09-30,95.23999786376953,93.77913665771484
2025-10-01,94.80999755859375,93.3557357788086
2025-10-02,95.4800033569336,94.01547241210938
2025-10-03,97.69999694824219,96.20140838623047
2025-10-06,98.43000030517578,96.92021179199219
2025-10-07,98.33000183105469,96.82174682617188
2025-10-08,97.87000274658203,96.36880493164062
2025-10-09,96.5,95.01982116699219
2025-10-10,95.44999694824219,93.98592376708984
2025-10-13,95.58000183105469,94.11393737792969
2025-10-14,96.54000091552734,95.05921173095703
2025-10-15,95.33999633789062,93.87760162353516
2025-10-16,95.04000091552734,93.58221435546875
2025-10-17,95.77999877929688,94.31085968017578
2025-10-20,95.91999816894531,94.44871520996094
2025-10-21,95.83000183105469,94.36009216308594
2025-10-22,95.9000015258789,94.42902374267578
2025-10-23,94.20999908447266,92.76494598388672
2025-10-24,93.66999816894531,92.23322296142578
2025-10-27,94.12999725341797,92.68617248535156
2025-10-28,93.2300033569336,91.79998016357422
2025-10-29,91.7300033569336,90.32298278808594
2025-10-30,90.97000122070312,89.57463836669922
2025-10-31,90.69999694824219,89.30878448486328
2025-11-03,90.19999694824219,88.81644439697266
2025-11-04,90.41999816894531,89.03307342529297
2025-11-05,90.4000015258789,89.01338195800781
2025-11-06,90.05999755859375,88.67859649658203
2025-11-07,92.19999694824219,90.7857666015625
2025-11-10,92.66000366210938,91.23872375488281
2025-11-11,95.4000015258789,93.93669128417969
2025-11-12,95.80999755859375,94.34039306640625
2025-11-13,96.13999938964844,94.66533660888672
2025-11-14,95.87000274658203,94.39948272705078
2025-11-17,96.27999877929688,94.80319213867188
2025-11-18,100.80000305175781,99.25386810302734
2025-11-19,100.33999633789062,98.80091857910156
2025-11-20,99.3499984741211,97.82610321044922
2025-11-21,101.19999694824219,99.64772033691406
2025-11-24,103.19999694824219,101.6170425415039
2025-11-25,105.3499984741211,103.73406982421875
2025-11-26,105.0199966430664,103.40912628173828
2025-11-28,105.33000183105469,103.7143783569336
2025-12-01,103.33999633789062,101.75489807128906
2025-12-02,102.02999877929688,100.46499633789062
2025-12-03,101.97000122070312,100.40592193603516
2025-12-04,101.98999786376953,100.42560577392578
2025-12-05,101.36000061035156,99.8052749633789
2025-12-08,101.26000213623047,99.70680236816406
2025-12-09,99.62000274658203,98.09196472167969
2025-12-10,100.7699966430664,99.22431182861328
2025-12-11,99.75,98.21996307373047
2025-12-12,99.87000274658203,98.338134765625
2025-12-15,98.56999969482422,97.05806732177734
2025-12-16,97.72000122070312,96.22110748291016
2025-12-17,98.30000305175781,96.79220581054688
2025-12-18,98.4800033569336,96.96945190429688
2025-12-19,98.62999725341797,97.11714172363281
2025-12-22,97.70999908447266,96.21125793457031
2025-12-23,97.47000122070312,95.97493743896484
2025-12-24,97.2699966430664,95.77800750732422
2025-12-26,96.5199966430664,95.73832702636719
2025-12-29,96.1500015258789,95.37133026123047
2025-12-30,96.66000366210938,95.877197265625
